0.01
400.01799995999914
800.0259999199983
1200.0339998799975
1600.0419998399966
2000.0499997999957
2400.0579997599953
2800.065999719994
3200.0739996799934
3600.081999639993
4000.0899995999916
4400.097999559991
4800.10599951999
5200.11399947999
5600.121999439988
6000.129999399987
6400.137999359987
6800.145999319986
7200.153999279985
7600.161999239984
8000.169999199983
8400.177999159983
8800.185999119982
9200.19399907998
9600.20199903998
10000.209998999979
10400.217998959979
10800.225998919977
11200.233998879976
11600.241998839976
12000.249998799974
12400.257998759975
12800.265998719973
13200.273998679972
13600.281998639972
14000.28999859997
14400.29799855997
14800.305998519969
15200.313998479967
15600.321998439968
16000.329998399966
16400.337998359963
16800.345998319965
17200.353998279963
17600.36199823996
18000.36999819996
18400.37799815996
18800.38599811996
19200.39399807996
19600.401998039957
20000.409997999956
20400.417997959954
20800.425997919956
21200.433997879954
21600.441997839953
22000.44999779995
22400.45799775995
22800.46599771995
23200.47399767995
23600.48199763995
24000.489997599947
24400.497997559945
24800.505997519947
25200.513997479946
25600.521997439944
26000.529997399943
26400.53799735994
26800.545997319943
27200.55399727994
27600.56199723994
28000.56999719994
28400.577997159937
28800.58599711994
29200.593997079937
29600.601997039936
30000.609996999934
30400.617996959932
30800.625996919935
31200.633996879933
31600.64199683993
32000.64999679993
32400.65799675993
32800.66599671993
33200.67399667993
33600.681996639934
34000.68999659993
34400.69799655993
34800.70599651993
35200.71399647993
35600.72199643993
36000.729996399925
36400.73799635992
36800.74599631992
37200.75399627992
37600.761996239926
38000.769996199924
38400.77799615992
38800.78599611992
39200.79399607992
39600.80199603992
40000.809995999916
40400.817995959915
40800.82599591991
41200.83399587991
41600.84199583992
42000.849995799916
42400.857995759914
42800.86599571991
43200.87399567991
43600.88199563991
44000.88999559991
44400.897995559906
44800.905995519905
45200.9139954799
45600.92199543991
46000.92999539991
46400.937995359905
46800.945995319904
47200.9539952799
47600.9619952399
48000.9699951999
48400.9779951599
48800.985995119896
49200.993995079894
49601.0019950399
50001.0099949999
50401.0179949599
50801.025994919895
51201.033994879894
51601.04199483989
52001.04999479989
52401.05799475989
52801.06599471989
53201.07399467989
53601.08199463989
54001.08999459989
54401.09799455989
54801.10599451989
55201.113994479885
55601.12199443988
56001.12999439988
56401.13799435988
56801.14599431988
57201.153994279885
57601.16199423988
58001.16999419988
58401.17799415988
58801.18599411988
59201.19399407988
59601.201994039875
60001.20999399987
60401.21799395987
60801.22599391987
61201.233993879876
61601.241993839874
62001.24999379987
62401.25799375987
62801.26599371987
63201.27399367987
63601.28199363987
64001.289993599865
64401.29799355986
64801.30599351986
65201.31399347987
65601.32199343985
66001.32999339985
66401.33799335985
66801.34599331985
67201.35399327986
67601.36199323986
68001.36999319986
68401.37799315985
68801.38599311985
69201.39399307985
69601.40199303985
70001.40999299985
70401.41799295985
70801.42599291985
71201.43399287984
71601.44199283984
72001.44999279984
72401.45799275984
72801.46599271984
73201.47399267984
73601.48199263983
74001.48999259983
74401.49799255983
74801.50599251983
75201.51399247984
75601.52199243984
76001.52999239984
76401.53799235984
76801.54599231984
77201.55399227983
77601.56199223983
78001.56999219983
78401.57799215983
78801.58599211983
79201.59399207983
79601.60199203982
80001.60999199982
80401.61799195982
80801.62599191982
81201.63399187982
81601.64199183982
82001.64999179982
82401.65799175981
82801.66599171983
83201.67399167983
83601.68199163982
84001.68999159982
84401.69799155982
84801.70599151982
85201.71399147982
85601.72199143982
86001.72999139981
86401.73799135981
86801.74599131981
87201.75399127981
87601.76199123981
88001.7699911998
88401.7779911598
88801.7859911198
89201.7939910798
89601.8019910398
90001.8099909998
90401.8179909598
90801.82599091981
91201.83399087981
91601.8419908398
92001.8499907998
92401.8579907598
92801.8659907198
93201.8739906798
93601.8819906398
94001.8899905998
94401.8979905598
94801.9059905198
95201.91399047979
95601.92199043979
96001.92999039979
96401.93799035979
96801.94599031979
97201.95399027978
97601.96199023978
98001.96999019978
98401.97799015978
98801.98599011979
99201.99399007979
99602.00199003979
100002.00998999979
100402.01798995979
100802.02598991978
101202.03398987978
101602.04198983978
102002.04998979978
102402.05798975978
102802.06598971978
103202.07398967977
103602.08198963977
104002.08998959977
104402.09798955977
104802.10598951977
105202.11398947977
105602.12198943977
106002.12998939976
106402.13798935978
106802.14598931978
107202.15398927977
107602.16198923977
108002.16998919977
108402.17798915977
108802.18598911977
109202.19398907977
109602.20198903976
110002.20998899976
110402.21798895976
110802.22598891976
111202.23398887976
111602.24198883976
112002.24998879975
112402.25798875975
112802.26598871975
113202.27398867975
113602.28198863975
114002.28998859975
114402.29798855976
114802.30598851976
115202.31398847976
115602.32198843975
116002.32998839975
116402.33798835975
116802.34598831975
117202.35398827975
117602.36198823975
118002.36998819975
118402.37798815974
118802.38598811974
119202.39398807974
119602.40198803974
120002.40998799974
120402.41798795974
120802.42598791973
121202.43398787973
121602.44198783973
122002.44998779973
122402.45798775974
122802.46598771974
123202.47398767974
123602.48198763974
124002.48998759974
124402.49798755973
124802.50598751973
125202.51398747973
125602.52198743973
126002.52998739973
126402.53798735973
126802.54598731973
127202.55398727972
127602.56198723972
128002.56998719972
128402.57798715972
128802.58598711972
129202.59398707972
129602.60198703971
130002.60998699973
130402.61798695973
130802.62598691972
131202.63398687972
131602.64198683974
132002.64998679972
132402.65798675973
132802.66598671972
133202.67398667973
133602.6819866397
134002.68998659973
134402.69798655974
134802.70598651972
135202.71398647974
135602.72198643972
136002.72998639973
136402.73798635972
136802.74598631973
137202.7539862797
137602.76198623973
138002.7699861997
138402.77798615972
138802.7859861197
139202.79398607972
139602.8019860397
140002.80998599972
140402.8179859597
140802.8259859197
141202.8339858797
141602.8419858397
142002.84998579972
142402.8579857597
142802.86598571972
143202.8739856797
143602.88198563972
144002.8899855997
144402.8979855597
144802.9059855197
145202.9139854797
145602.9219854397
146002.9299853997
146402.9379853597
146802.9459853197
147202.9539852797
147602.9619852397
148002.96998519968
148402.9779851597
148802.98598511968
149202.9939850797
149603.00198503968
150003.0099849997
150403.0179849597
150803.0259849197
151203.0339848797
151603.04198483969
152003.0499847997
152403.05798475968
152803.0659847197
153203.07398467968
153603.0819846397
154003.08998459968
154403.0979845597
154803.10598451967
155203.11398447969
155603.12198443967
156003.12998439968
156403.13798435967
156803.14598431968
157203.15398427966
157603.16198423968
158003.1699841997
158403.17798415967
158803.1859841197
159203.19398407967
159603.20198403968
160003.20998399967
160403.21798395968
160803.22598391966
161203.23398387968
161603.24198383966
162003.24998379967
162403.25798375966
162803.26598371967
163203.27398367965
163603.28198363967
164003.28998359965
164403.29798355966
164803.30598351965
165203.31398347966
165603.32198343967
166003.32998339966
166403.33798335967
166803.34598331965
167203.35398327967
167603.36198323965
168003.36998319966
168403.37798315965
168803.38598311966
169203.39398307964
169603.40198303966
170003.40998299964
170403.41798295965
170803.42598291964
171203.43398287965
171603.44198283963
172003.44998279965
172403.45798275963
172803.46598271964
173203.47398267963
173603.48198263964
174003.48998259965
174403.49798255964
174803.50598251965
175203.51398247964
175603.52198243965
176003.52998239963
176403.53798235964
176803.54598231963
177203.55398227964
177603.56198223963
178003.56998219964
178403.57798215962
178803.58598211964
179203.59398207962
179603.60198203963
180003.60998199962
180403.61798195963
180803.6259819196
181203.63398187963
181603.64198183964
182003.64998179962
182403.65798175964
182803.66598171962
183203.67398167963
183603.68198163962
184003.68998159963
184403.6979815596
184803.70598151963
185203.7139814796
185603.72198143962
186003.7299813996
186403.73798135962
186803.7459813196
187203.75398127962
187603.7619812396
188003.7699811996
188403.7779811596
188803.7859811196
189203.79398107962
189603.8019810396
190003.80998099962
190403.8179809596
190803.82598091962
191203.8339808796
191603.8419808396
192003.8499807996
192403.8579807596
192803.8659807196
193203.8739806796
193603.8819806396
194003.8899805996
194403.8979805596
194803.9059805196
195203.91398047959
195603.9219804396
196003.92998039958
196403.9379803596
196803.94598031958
197203.9539802796
197603.9619802396
198003.9699801996
198403.9779801596
198803.98598011959
199203.9939800796
199604.00198003958
200004.0099799996
200404.01797995958
200804.0259799196
201204.03397987958
201604.0419798396
202004.04997979957
202404.0579797596
202804.06597971957
203204.07397967958
203604.08197963957
204004.08997959958
204404.09797955956
204804.10597951958
205204.1139794796
205604.12197943957
206004.1299793996
206404.13797935957
206804.14597931958
207204.15397927957
207604.16197923958
208004.16997919956
208404.17797915958
208804.18597911956
209204.19397907957
209604.20197903956
210004.20997899957
210404.21797895955
210804.22597891957
211204.23397887955
211604.24197883956
212004.24997879955
212404.25797875956
212804.26597871957
213204.27397867956
213604.28197863957
214004.28997859955
214404.29797855957
214804.30597851955
215204.31397847956
215604.32197843955
216004.32997839956
216404.33797835954
216804.34597831956
217204.35397827954
217604.36197823955
218004.36997819954
218404.37797815955
218804.38597811954
219204.39397807955
219604.40197803953
220004.40997799954
220404.41797795953
220804.42597791954
221204.43397787955
221604.44197783954
222004.44997779955
222404.45797775954
222804.46597771955
223204.47397767953
223604.48197763955
224004.48997759953
224404.49797755954
224804.50597751953
225204.51397747954
225604.52197743952
226004.52997739954
226404.53797735952
226804.54597731953
227204.55397727952
227604.56197723953
228004.5699771995
228404.57797715953
228804.58597711954
229204.59397707952
229604.60197703954
230004.60997699952
230404.61797695953
230804.62597691952
231204.63397687953
231604.6419768395
232004.64997679953
232404.6579767595
232804.66597671952
233204.6739766795
233604.68197663952
234004.6899765995
234404.69797655952
234804.7059765195
235204.7139764795
235604.7219764395
236004.7299763995
236404.73797635952
236804.7459763195
237204.75397627952
237604.7619762395
238004.76997619952
238404.7779761595
238804.7859761195
239204.7939760795
239604.8019760395
240004.8099759995
240404.8179759595
240804.8259759195
241204.8339758795
241604.8419758395
242004.8499757995
242404.85797575949
242804.8659757195
243204.87397567948
243604.8819756395
244004.88997559948
244404.8979755595
244804.9059755195
245204.9139754795
245604.9219754395
246004.9299753995
246404.9379753595
246804.94597531948
247204.9539752795
247604.96197523948
248004.9699751995
248404.97797515948
248804.9859751195
249204.99397507947
249605.0019750395
250005.00997499947
250405.01797495948
250805.02597491947
251205.03397487948
251605.04197483946
252005.04997479948
252405.0579747595
252805.06597471947
253205.0739746795
253605.08197463947
254005.08997459948
254405.09797455947
254805.10597451948
255205.11397447946
255605.12197443948
256005.12997439946
256405.13797435947
256805.14597431946
257205.15397427947
257605.16197423945
258005.16997419947
258405.17797415945
258805.18597411946
259205.19397407945
259605.20197403946
260005.20997399947
260405.21797395946
260805.22597391947
261205.23397387945
261605.24197383947
262005.24997379945
262405.25797375944
262805.2659737195
263205.27397367946
263605.28197363944
264005.2899735994
264405.29797355947
264805.30597351945
265205.31397347944
265605.3219734394
266005.32997339946
266405.33797335945
266805.34597331943
267205.3539732794
267605.36197323946
268005.36997319944
268405.3779731594
268805.38597311947
269205.39397307945
269605.40197303944
270005.4099729994
270405.41797295946
270805.42597291945
271205.43397287943
271605.4419728394
272005.44997279946
272405.45797275944
272805.4659727194
273205.4739726794
273605.48197263945
274005.48997259943
274405.4979725594
274805.5059725194
275205.51397247944
275605.5219724394
276005.5299723994
276405.53797235945
276805.54597231944
277205.5539722794
277605.5619722394
278005.56997219945
278405.57797215943
278805.5859721194
279205.5939720794
279605.60197203944
280005.6099719994
280405.6179719594
280805.6259719194
281205.63397187943
281605.6419718394
282005.6499717994
282405.6579717594
282805.6659717194
283205.6739716794
283605.6819716394
284005.68997159944
284405.6979715594
284805.7059715194
285205.7139714794
285605.72197143943
286005.7299713994
286405.7379713594
286805.7459713194
287205.7539712794
287605.7619712394
288005.7699711994
288405.7779711594
288805.7859711194
289205.7939710794
289605.8019710394
290005.80997099937
290405.8179709594
290805.8259709194
291205.8339708794
291605.8419708394
292005.8499707994
292405.8579707594
292805.8659707194
293205.8739706794
293605.8819706394
294005.8899705994
294405.89797055937
294805.9059705194
295205.9139704794
295605.9219704394
296005.92997039936
296405.9379703594
296805.9459703194
297205.95397027937
297605.96197023935
298005.9699701994
298405.9779701594
298805.98597011936
299205.99397007935
299606.0019700394
300006.0099699994
300406.01796995936
300806.0259699194
301206.0339698794
301606.04196983937
302006.04996979935
302406.0579697594
302806.0659697194
303206.07396967936
303606.08196963934
304006.0899695994
304406.09796955937
304806.10596951935
305206.11396947934
305606.1219694394
306006.12996939936
306406.13796935935
306806.14596931933
307206.1539692794
307606.16196923936
308006.16996919934
308406.1779691594
308806.18596911937
309206.19396907935
309606.20196903934
310006.2099689994
310406.21796895936
310806.22596891935
311206.2339688793
311606.2419688394
312006.24996879935
312406.25796875934
312806.2659687193
313206.27396867936
313606.28196863935
314006.28996859933
314406.2979685593
314806.30596851936
315206.31396847934
315606.3219684393
316006.32996839937
316406.33796835935
316806.34596831934
317206.3539682793
317606.36196823936
318006.36996819935
318406.37796815933
318806.3859681193
319206.39396807936
319606.40196803934
320006.4099679993
320406.4179679593
320806.42596791935
321206.43396787933
321606.4419678393
322006.4499677993
322406.45796775934
322806.4659677193
323206.4739676793
323606.48196763935
324006.48996759934
324406.4979675593
324806.5059675193
325206.51396747935
325606.52196743933
326006.5299673993
326406.5379673593
326806.54596731934
327206.5539672793
327606.5619672393
328006.5699671993
328406.57796715933
328806.5859671193
329206.5939670793
329606.6019670393
330006.6099669993
330406.6179669593
330806.6259669193
331206.63396687934
331606.6419668393
332006.6499667993
332406.6579667593
332806.66596671933
333206.6739666793
333606.6819666393
334006.6899665993
334406.6979665593
334806.7059665193
335206.7139664793
335606.7219664393
336006.7299663993
336406.7379663593
336806.7459663193
337206.75396627927
337606.7619662393
338006.7699661993
338406.7779661593
338806.7859661193
339206.7939660793
339606.8019660393
340006.8099659993
340406.8179659593
340806.8259659193
341206.8339658793
341606.84196583927
342006.8499657993
342406.8579657593
342806.8659657193
343206.87396567926
343606.8819656393
344006.8899655993
344406.89796555927
344806.90596551925
345206.9139654793
345606.9219654393
346006.92996539926
346406.93796535925
346806.9459653193
347206.9539652793
347606.96196523926
348006.9699651993
348406.9779651593
348806.98596511927
349206.99396507925
349607.0019650393
350007.0099649993
350407.01796495926
350807.02596491924
351207.0339648793
351607.04196483927
352007.04996479925
352407.05796475924
352807.0659647193
353207.07396467926
353607.08196463925
354007.08996459923
354407.0979645593
354807.10596451926
355207.11396447924
355607.1219644393
356007.12996439927
356407.13796435925
356807.14596431924
357207.1539642793
357607.16196423926
358007.16996419925
358407.17796415923
358807.1859641193
359207.19396407926
359607.20196403924
360007.2099639992
360407.21796395927
360807.22596391925
361207.23396387923
361607.2419638392
362007.24996379926
362407.25796375924
362807.2659637192
363207.27396367927
363607.28196363925
364007.28996359924
364407.2979635592
364807.30596351926
365207.31396347925
365607.32196343923
366007.3299633992
366407.33796335926
366807.34596331924
367207.3539632792
367607.3619632392
368007.36996319925
368407.37796315923
368807.3859631192
369207.3939630792
369607.40196303924
370007.4099629992
370407.4179629592
370807.42596291925
371207.43396287924
371607.4419628392
372007.4499627992
372407.45796275925
372807.46596271923
373207.4739626792
373607.4819626392
374007.48996259924
374407.4979625592
374807.5059625192
375207.5139624792
375607.52196243923
376007.5299623992
376407.5379623592
376807.5459623192
377207.5539622792
377607.5619622392
378007.5699621992
378407.57796215924
378807.5859621192
379207.5939620792
379607.6019620392
380007.60996199923
380407.6179619592
380807.6259619192
381207.6339618792
381607.6419618392
382007.6499617992
382407.6579617592
382807.6659617192
383207.6739616792
383607.6819616392
384007.6899615992
384407.69796155917
384807.7059615192
385207.7139614792
385607.7219614392
386007.7299613992
386407.7379613592
386807.7459613192
387207.7539612792
387607.7619612392
388007.7699611992
388407.7779611592
388807.78596111917
389207.7939610792
389607.8019610392
390007.8099609992
390407.81796095916
390807.8259609192
391207.8339608792
391607.84196083917
392007.84996079915
392407.8579607592
392807.8659607192
393207.87396067916
393607.88196063915
394007.8899605992
394407.8979605592
394807.90596051916
395207.9139604792
395607.9219604392
396007.92996039917
396407.93796035915
396807.9459603192
397207.9539602792
397607.96196023916
398007.96996019915
398407.9779601592
398807.9859601192
399207.99396007915
399608.00196003914
400008.0099599992
400408.01795995916
400808.02595991915
401208.03395987913
401608.0419598392
402008.04995979916
402408.05795975914
402808.0659597192
403208.07395967917
403608.08195963915
404008.08995959914
404408.0979595592
404808.10595951916
405208.11395947915
405608.12195943913
406008.1299593992
406408.13795935916
406808.14595931914
407208.1539592791
407608.16195923917
408008.16995919915
408408.17795915913
408808.1859591191
409208.19395907916
409608.20195903914
410008.2099589991
410408.21795895917
410808.22595891915
411208.23395887914
411608.2419588391
412008.24995879916
412408.25795875915
412808.26595871913
413208.2739586791
413608.28195863916
414008.28995859914
414408.2979585591
414808.3059585191
415208.31395847915
415608.32195843913
416008.3299583991
416408.3379583591
416808.34595831914
417208.3539582791
417608.3619582391
418008.36995819915
418408.37795815914
418808.3859581191
419208.3939580791
419608.40195803915
420008.40995799913
420408.4179579591
420808.4259579191
421208.43395787914
421608.4419578391
422008.4499577991
422408.4579577591
422808.46595771913
423208.4739576791
423608.4819576391
424008.4899575991
424408.4979575591
424808.5059575191
425208.5139574791
425608.52195743914
426008.5299573991
426408.5379573591
426808.5459573191
427208.55395727913
427608.5619572391
428008.5699571991
428408.5779571591
428808.5859571191
429208.5939570791
429608.6019570391
430008.6099569991
430408.6179569591
430808.6259569191
431208.6339568791
431608.64195683907
432008.6499567991
432408.6579567591
432808.6659567191
433208.67395667906
433608.6819566391
434008.6899565991
434408.6979565591
434808.7059565191
435208.7139564791
435608.7219564391
436008.72995639907
436408.7379563591
436808.7459563191
437208.7539562791
437608.76195623906
438008.7699561991
438408.7779561591
438808.78595611907
439208.79395607905
439608.8019560391
440008.8099559991
440408.81795595906
440808.82595591905
441208.8339558791
441608.8419558391
442008.84995579906
442408.8579557591
442808.8659557191
443208.87395567907
443608.88195563905
444008.8899555991
444408.8979555591
444808.90595551906
445208.91395547905
445608.9219554391
446008.9299553991
446408.93795535906
446808.94595531904
447208.9539552791
447608.96195523906
448008.96995519905
448408.97795515903
448808.9859551191
449208.99395507906
449609.00195503904
450009.0099549991
450409.01795495907
450809.02595491905
451209.03395487904
451609.0419548391
452009.04995479906
452409.05795475905
452809.06595471903
453209.0739546791
453609.08195463906
454009.08995459904
454409.097954559
454809.10595451907
455209.11395447905
455609.12195443903
456009.129954399
456409.13795435906
456809.14595431904
457209.153954279
457609.16195423907
458009.16995419905
458409.17795415904
458809.185954119
459209.19395407906
459609.20195403905
460009.20995399903
460409.217953959
460809.22595391906
461209.23395387904
461609.241953839
462009.249953799
462409.25795375905
462809.26595371903
463209.273953679
463609.281953639
464009.28995359904
464409.297953559
464809.305953519
465209.31395347905
465609.32195343904
466009.329953399
466409.337953359
466809.34595331905
467209.35395327903
467609.361953239
468009.369953199
468409.37795315904
468809.385953119
469209.393953079
469609.401953039
470009.40995299903
470409.417952959
470809.425952919
471209.433952879
471609.441952839
472009.449952799
472409.457952759
472809.46595271904
473209.473952679
473609.481952639
474009.489952599
474409.49795255903
474809.505952519
475209.513952479
475609.521952439
476009.529952399
476409.537952359
476809.545952319
477209.553952279
477609.561952239
478009.569952199
478409.577952159
478809.58595211897
479209.593952079
479609.601952039
480009.609951999
480409.61795195896
480809.625951919
481209.633951879
481609.641951839
482009.649951799
482409.657951759
482809.665951719
483209.67395167897
483609.681951639
484009.689951599
484409.697951559
484809.70595151896
485209.713951479
485609.721951439
486009.729951399
486409.73795135895
486809.745951319
487209.753951279
487609.76195123896
488009.76995119895
488409.777951159
488809.785951119
489209.79395107896
489609.801951039
490009.809950999
490409.81795095897
490809.82595091895
491209.833950879
491609.841950839
492009.84995079896
492409.85795075895
492809.865950719
493209.873950679
493609.88195063896
494009.88995059894
494409.897950559
494809.90595051897
495209.91395047895
495609.92195043893
496009.929950399
496409.93795035896
496809.94595031894
497209.953950279
497609.96195023897
498009.96995019895
498409.97795015894
498809.985950119
499209.99395007896
499610.00195003895
500010.00994999893
500410.017949959
500810.02594991896
501210.03394987894
501610.0419498389
502010.04994979897
502410.05794975895
502810.06594971893
503210.0739496789
503610.08194963896
504010.08994959894
504410.0979495589
504810.10594951897
505210.11394947895
505610.12194943894
506010.1299493989
506410.13794935896
506810.14594931895
507210.15394927893
507610.1619492389
508010.16994919896
508410.17794915894
508810.1859491189
509210.1939490789
509610.20194903895
510010.20994899893
510410.2179489589
510810.2259489189
511210.23394887894
511610.2419488389
512010.2499487989
512410.25794875895
512810.26594871894
513210.2739486789
513610.2819486389
514010.28994859895
514410.29794855893
514810.3059485189
515210.3139484789
515610.32194843894
516010.3299483989
516410.3379483589
516810.3459483189
517210.35394827893
517610.3619482389
518010.3699481989
518410.3779481589
518810.3859481189
519210.3939480789
519610.4019480389
520010.40994799894
520410.4179479589
520810.4259479189
521210.4339478789
521610.44194783893
522010.4499477989
522410.4579477589
522810.4659477189
523210.4739476789
523610.4819476389
524010.4899475989
524410.4979475589
524810.5059475189
525210.5139474788
525610.521947439
526010.5299473989
526410.5379473589
526810.5459473189
527210.5539472789
527610.5619472389
528010.5699471988
528410.577947159
528810.5859471189
529210.5939470789
529610.6019470389
530010.6099469989
530410.6179469589
530810.6259469189
531210.6339468788
531610.6419468389
532010.6499467989
532410.6579467589
532810.6659467189
533210.6739466789
533610.6819466389
534010.6899465988
534410.6979465588
534810.7059465189
535210.7139464789
535610.7219464389
536010.7299463989
536410.7379463589
536810.7459463188
537210.7539462788
537610.7619462389
538010.7699461989
538410.7779461589
538810.7859461189
539210.7939460789
539610.8019460388
540010.8099459988
540410.8179459588
540810.8259459189
541210.8339458789
541610.8419458389
542010.8499457989
542410.8579457588
542810.8659457188
543210.8739456788
543610.8819456389
544010.8899455989
544410.8979455589
544810.9059455189
545210.9139454789
545610.9219454388
546010.9299453988
546410.9379453588
546810.9459453189
547210.9539452789
547610.9619452389
548010.9699451989
548410.9779451588
548810.9859451188
549210.9939450788
549611.0019450388
550011.0099449989
550411.0179449589
550811.0259449189
551211.0339448788
551611.0419448388
552011.0499447988
552411.0579447588
552811.0659447189
553211.0739446789
553611.0819446389
554011.0899445988
554411.0979445588
554811.1059445188
555211.1139444788
555611.1219444388
556011.1299443989
556411.1379443589
556811.1459443189
557211.1539442788
557611.1619442388
558011.1699441988
558411.1779441588
558811.1859441188
559211.1939440789
559611.2019440389
560011.2099439988
560411.2179439588
560811.2259439188
561211.2339438788
561611.2419438388
562011.2499437989
562411.2579437589
562811.2659437188
563211.2739436788
563611.2819436388
564011.2899435988
564411.2979435588
564811.3059435188
565211.3139434789
565611.3219434388
566011.3299433988
566411.3379433588
566811.3459433188
567211.3539432788
567611.3619432388
568011.3699431989
568411.3779431588
568811.3859431188
569211.3939430788
569611.4019430388
570011.4099429988
570411.4179429588
570811.4259429188
571211.4339428789
571611.4419428388
572011.4499427988
572411.4579427588
572811.4659427188
573211.4739426788
573611.4819426388
574011.4899425987
574411.4979425588
574811.5059425188
575211.5139424788
575611.5219424388
576011.5299423988
576411.5379423588
576811.5459423187
577211.5539422788
577611.5619422388
578011.5699421988
578411.5779421588
578811.5859421188
579211.5939420788
579611.6019420387
580011.6099419987
580411.6179419588
580811.6259419188
581211.6339418788
581611.6419418388
582011.6499417988
582411.6579417587
582811.6659417187
583211.6739416788
583611.6819416388
584011.6899415988
584411.6979415588
584811.7059415188
585211.7139414788
585611.7219414387
586011.7299413987
586411.7379413588
586811.7459413188
587211.7539412788
587611.7619412388
588011.7699411988
588411.7779411587
588811.7859411187
589211.7939410787
589611.8019410388
590011.8099409988
590411.8179409588
590811.8259409188
591211.8339408787
591611.8419408387
592011.8499407987
592411.8579407588
592811.8659407188
593211.8739406788
593611.8819406388
594011.8899405987
594411.8979405587
594811.9059405187
595211.9139404787
595611.9219404388
596011.9299403988
596411.9379403588
596811.9459403188
597211.9539402787
597611.9619402387
598011.9699401987
598411.9779401587
598811.9859401188
599211.9939400788
599612.0019400388
600012.0099399987
600412.0179399587
600812.0259399187
601212.0339398787
601612.0419398388
602012.0499397988
602412.0579397588
602812.0659397187
603212.0739396787
603612.0819396387
604012.0899395987
604412.0979395587
604812.1059395188
605212.1139394788
605612.1219394387
606012.1299393987
606412.1379393587
606812.1459393187
607212.1539392787
607612.1619392388
608012.1699391988
608412.1779391587
608812.1859391187
609212.1939390787
609612.2019390387
610012.2099389987
610412.2179389587
610812.2259389188
611212.2339388788
611612.2419388387
612012.2499387987
612412.2579387587
612812.2659387187
613212.2739386787
613612.2819386387
614012.2899385988
614412.2979385587
614812.3059385187
615212.3139384787
615612.3219384387
616012.3299383987
616412.3379383587
616812.3459383188
617212.3539382787
617612.3619382387
618012.3699381987
618412.3779381587
618812.3859381187
619212.3939380787
619612.4019380386
620012.4099379987
620412.4179379587
620812.4259379187
621212.4339378787
621612.4419378387
622012.4499377987
622412.4579377586
622812.4659377187
623212.4739376787
623612.4819376387
624012.4899375987
624412.4979375587
624812.5059375187
625212.5139374787
625612.5219374386
626012.5299373987
626412.5379373587
626812.5459373187
627212.5539372787
627612.5619372387
628012.5699371987
628412.5779371586
628812.5859371186
629212.5939370787
629612.6019370387
630012.6099369987
630412.6179369587
630812.6259369187
631212.6339368786
631612.6419368386
632012.6499367987
632412.6579367587
632812.6659367187
633212.6739366787
633612.6819366387
634012.6899365986
634412.6979365586
634812.7059365186
635212.7139364787
635612.7219364387
636012.7299363987
636412.7379363587
636812.7459363186
637212.7539362786
637612.7619362386
638012.7699361986
638412.7779361587
638812.7859361187
639212.7939360787
639612.8019360387
640012.8099359986
640412.8179359586
640812.8259359186
641212.8339358787
641612.8419358387
642012.8499357987
642412.8579357587
642812.8659357186
643212.8739356786
643612.8819356386
644012.8899355986
644412.8979355587
644812.9059355187
645212.9139354787
645612.9219354386
646012.9299353986
646412.9379353586
646812.9459353186
647212.9539352787
647612.9619352387
648012.9699351987
648412.9779351586
648812.9859351186
649212.9939350786
649613.0019350386
650013.0099349986
650413.0179349587
650813.0259349187
651213.0339348787
651613.0419348386
652013.0499347986
652413.0579347586
652813.0659347186
653213.0739346786
653613.0819346387
654013.0899345987
654413.0979345586
654813.1059345186
655213.1139344786
655613.1219344386
656013.1299343986
656413.1379343587
656813.1459343187
657213.1539342786
657613.1619342386
658013.1699341986
658413.1779341586
658813.1859341186
659213.1939340786
659613.2019340387
660013.2099339986
660413.2179339586
660813.2259339186
661213.2339338786
661613.2419338386
662013.2499337986
662413.2579337587
662813.2659337186
663213.2739336786
663613.2819336386
664013.2899335986
664413.2979335586
664813.3059335186
665213.3139334786
665613.3219334387
666013.3299333986
666413.3379333586
666813.3459333186
667213.3539332786
667613.3619332386
668013.3699331986
668413.3779331585
668813.3859331186
669213.3939330786
669613.4019330386
670013.4099329986
670413.4179329586
670813.4259329186
671213.4339328785
671613.4419328386
672013.4499327986
672413.4579327586
672813.4659327186
673213.4739326786
673613.4819326386
674013.4899325985
674413.4979325585
674813.5059325186
675213.5139324786
675613.5219324386
676013.5299323986
676413.5379323586
676813.5459323185
677213.5539322785
677613.5619322386
678013.5699321986
678413.5779321586
678813.5859321186
679213.5939320786
679613.6019320386
680013.6099319985
680413.6179319585
680813.6259319186
681213.6339318786
681613.6419318386
682013.6499317986
682413.6579317586
682813.6659317185
683213.6739316785
683613.6819316385
684013.6899315986
684413.6979315586
684813.7059315186
685213.7139314786
685613.7219314385
686013.7299313985
686413.7379313585
686813.7459313186
687213.7539312786
687613.7619312386
688013.7699311986
688413.7779311585
688813.7859311185
689213.7939310785
689613.8019310385
690013.8099309986
690413.8179309586
690813.8259309186
691213.8339308786
691613.8419308385
692013.8499307985
692413.8579307585
692813.8659307185
693213.8739306786
693613.8819306386
694013.8899305986
694413.8979305585
694813.9059305185
695213.9139304785
695613.9219304385
696013.9299303986
696413.9379303586
696813.9459303186
697213.9539302785
697613.9619302385
698013.9699301985
698413.9779301585
698813.9859301185
699213.9939300786
699614.0019300386
700014.0099299985
700414.0179299585
700814.0259299185
701214.0339298785
701614.0419298385
702014.0499297986
702414.0579297586
702814.0659297185
703214.0739296785
703614.0819296385
704014.0899295985
704414.0979295585
704814.1059295185
705214.1139294786
705614.1219294386
706014.1299293985
706414.1379293585
706814.1459293185
707214.1539292785
707614.1619292385
708014.1699291985
708414.1779291586
708814.1859291185
709214.1939290785
709614.2019290385
710014.2099289985
710414.2179289585
710814.2259289185
711214.2339288786
711614.2419288385
712014.2499287985
712414.2579287585
712814.2659287185
713214.2739286785
713614.2819286385
714014.2899285984
714414.2979285585
714814.3059285185
715214.3139284785
715614.3219284385
716014.3299283985
716414.3379283585
716814.3459283184
717214.3539282785
717614.3619282385
718014.3699281985
718414.3779281585
718814.3859281185
719214.3939280785
719614.4019280385
720014.4099279984
720414.4179279585
720814.4259279185
721214.4339278785
721614.4419278385
722014.4499277985
722414.4579277585
722814.4659277184
723214.4739276784
723614.4819276385
724014.4899275985
724414.4979275585
724814.5059275185
725214.5139274785
725614.5219274384
726014.5299273984
726414.5379273585
726814.5459273185
727214.5539272785
727614.5619272385
728014.5699271985
728414.5779271584
728814.5859271184
729214.5939270784
729614.6019270385
730014.6099269985
730414.6179269585
730814.6259269185
731214.6339268785
731614.6419268384
732014.6499267984
732414.6579267584
732814.6659267185
733214.6739266785
733614.6819266385
734014.6899265985
734414.6979265584
734814.7059265184
735214.7139264784
735614.7219264385
736014.7299263985
736414.7379263585
736814.7459263185
737214.7539262784
737614.7619262384
738014.7699261984
738414.7779261584
738814.7859261185
739214.7939260785
739614.8019260385
740014.8099259984
740414.8179259584
740814.8259259184
741214.8339258784
741614.8419258385
742014.8499257985
742414.8579257585
742814.8659257184
743214.8739256784
743614.8819256384
744014.8899255984
744414.8979255584
744814.9059255185
745214.9139254785
745614.9219254385
746014.9299253984
746414.9379253584
746814.9459253184
747214.9539252784
747614.9619252384
748014.9699251985
748414.9779251585
748814.9859251184
749214.9939250784
749615.0019250384
750015.0099249984
750415.0179249584
750815.0259249185
751215.0339248785
751615.0419248384
752015.0499247984
752415.0579247584
752815.0659247184
753215.0739246784
753615.0819246384
754015.0899245985
754415.0979245584
754815.1059245184
755215.1139244784
755615.1219244384
756015.1299243984
756415.1379243584
756815.1459243185
757215.1539242784
757615.1619242384
758015.1699241984
758415.1779241584
758815.1859241184
759215.1939240784
759615.2019240384
760015.2099239985
760415.2179239584
760815.2259239184
761215.2339238784
761615.2419238384
762015.2499237984
762415.2579237584
762815.2659237183
763215.2739236784
763615.2819236384
764015.2899235984
764415.2979235584
764815.3059235184
765215.3139234784
765615.3219234383
766015.3299233984
766415.3379233584
766815.3459233184
767215.3539232784
767615.3619232384
768015.3699231984
768415.3779231583
768815.3859231183
769215.3939230784
769615.4019230384
770015.4099229984
770415.4179229584
770815.4259229184
771215.4339228784
771615.4419228383
772015.4499227984
772415.4579227584
772815.4659227184
773215.4739226784
773615.4819226384
774015.4899225984
774415.4979225583
774815.5059225183
775215.5139224784
775615.5219224384
776015.5299223984
776415.5379223584
776815.5459223184
777215.5539222783
777615.5619222383
778015.5699221983
778415.5779221584
778815.5859221184
779215.5939220784
779615.6019220384
780015.6099219983
780415.6179219583
780815.6259219183
781215.6339218784
781615.6419218384
782015.6499217984
782415.6579217584
782815.6659217183
783215.6739216783
783615.6819216383
784015.6899215983
784415.6979215584
784815.7059215184
785215.7139214784
785615.7219214384
786015.7299213983
786415.7379213583
786815.7459213183
787215.7539212783
787615.7619212384
788015.7699211984
788415.7779211584
788815.7859211183
789215.7939210783
789615.8019210383
790015.8099209983
790415.8179209584
790815.8259209184
791215.8339208784
791615.8419208383
792015.8499207983
792415.8579207583
792815.8659207183
793215.8739206783
793615.8819206384
794015.8899205984
794415.8979205583
794815.9059205183
795215.9139204783
795615.9219204383
796015.9299203983
796415.9379203584
796815.9459203184
797215.9539202783
797615.9619202383
798015.9699201983
798415.9779201583
798815.9859201183
799215.9939200783
799616.0019200384
800016.0099199984
800416.0179199583
800816.0259199183
801216.0339198783
801616.0419198383
802016.0499197983
802416.0579197583
802816.0659197184
803216.0739196783
803616.0819196383
804016.0899195983
804416.0979195583
804816.1059195183
805216.1139194783
805616.1219194384
806016.1299193983
806416.1379193583
806816.1459193183
807216.1539192783
807616.1619192383
808016.1699191983
808416.1779191582
808816.1859191183
809216.1939190783
809616.2019190383
810016.2099189983
810416.2179189583
810816.2259189183
811216.2339188782
811616.2419188384
812016.2499187983
812416.2579187583
812816.2659187183
813216.2739186783
813616.2819186383
814016.2899185983
814416.2979185582
814816.3059185183
815216.3139184783
815616.3219184383
816016.3299183983
816416.3379183583
816816.3459183183
817216.3539182782
817616.3619182382
818016.3699181983
818416.3779181583
818816.3859181183
819216.3939180783
819616.4019180383
820016.4099179982
820416.4179179582
820816.4259179183
821216.4339178783
821616.4419178383
822016.4499177983
822416.4579177583
822816.4659177182
823216.4739176782
823616.4819176382
824016.4899175983
824416.4979175583
824816.5059175183
825216.5139174783
825616.5219174383
826016.5299173982
826416.5379173582
826816.5459173182
827216.5539172783
827616.5619172383
828016.5699171983
828416.5779171583
828816.5859171182
829216.5939170782
829616.6019170382
830016.6099169983
830416.6179169583
830816.6259169183
831216.6339168783
831616.6419168382
832016.6499167982
832416.6579167582
832816.6659167182
833216.6739166783
833616.6819166383
834016.6899165983
834416.6979165582
834816.7059165182
835216.7139164782
835616.7219164382
836016.7299163983
836416.7379163583
836816.7459163183
837216.7539162782
837616.7619162382
838016.7699161982
838416.7779161582
838816.7859161182
839216.7939160783
839616.8019160383
840016.8099159983
840416.8179159582
840816.8259159182
841216.8339158782
841616.8419158382
842016.8499157982
842416.8579157583
842816.8659157183
843216.8739156782
843616.8819156382
844016.8899155982
844416.8979155582
844816.9059155182
845216.9139154783
845616.9219154383
846016.9299153982
846416.9379153582
846816.9459153182
847216.9539152782
847616.9619152382
848016.9699151982
848416.9779151583
848816.9859151182
849216.9939150782
849617.0019150382
850017.0099149982
850417.0179149582
850817.0259149182
851217.0339148783
851617.0419148382
852017.0499147982
852417.0579147582
852817.0659147182
853217.0739146782
853617.0819146382
854017.0899145982
854417.0979145583
854817.1059145182
855217.1139144782
855617.1219144382
856017.1299143982
856417.1379143582
856817.1459143182
857217.1539142781
857617.1619142382
858017.1699141982
858417.1779141582
858817.1859141182
859217.1939140782
859617.2019140382
860017.2099139981
860417.2179139582
860817.2259139182
861217.2339138782
861617.2419138382
862017.2499137982
862417.2579137582
862817.2659137181
863217.2739136781
863617.2819136382
864017.2899135982
864417.2979135582
864817.3059135182
865217.3139134782
865617.3219134382
866017.3299133981
866417.3379133581
866817.3459133182
867217.3539132782
867617.3619132382
868017.3699131982
868417.3779131582
868817.3859131181
869217.3939130781
869617.4019130382
870017.4099129982
870417.4179129582
870817.4259129182
871217.4339128782
871617.4419128381
872017.4499127981
872417.4579127581
872817.4659127182
873217.4739126782
873617.4819126382
874017.4899125982
874417.4979125581
874817.5059125181
875217.5139124781
875617.5219124382
876017.5299123982
876417.5379123582
876817.5459123182
877217.5539122781
877617.5619122381
878017.5699121981
878417.5779121581
878817.5859121182
879217.5939120782
879617.6019120382
880017.6099119982
880417.6179119581
880817.6259119181
881217.6339118781
881617.6419118381
882017.6499117982
882417.6579117582
882817.6659117182
883217.6739116781
883617.6819116381
884017.6899115981
884417.6979115581
884817.7059115182
885217.7139114782
885617.7219114382
886017.7299113981
886417.7379113581
886817.7459113181
887217.7539112781
887617.7619112381
888017.7699111982
888417.7779111582
888817.7859111181
889217.7939110781
889617.8019110381
890017.8099109981
890417.8179109581
890817.8259109182
891217.8339108782
891617.8419108381
892017.8499107981
892417.8579107581
892817.8659107181
893217.8739106781
893617.8819106381
894017.8899105982
894417.8979105582
894817.9059105181
895217.9139104781
895617.9219104381
896017.9299103981
896417.9379103581
896817.945910318
897217.9539102782
897617.9619102381
898017.9699101981
898417.9779101581
898817.9859101181
899217.9939100781
899618.0019100381
900018.0099099982
900418.0179099581
900818.0259099181
901218.0339098781
901618.0419098381
902018.0499097981
902418.0579097581
902818.065909718
903218.0739096781
903618.0819096381
904018.0899095981
904418.0979095581
904818.1059095181
905218.1139094781
905618.121909438
906018.1299093982
906418.1379093581
906818.1459093181
907218.1539092781
907618.1619092381
908018.1699091981
908418.177909158
908818.185909118
909218.1939090781
909618.2019090381
910018.2099089981
910418.2179089581
910818.2259089181
911218.233908878
911618.241908838
912018.249908798
912418.2579087581
912818.2659087181
913218.2739086781
913618.2819086381
914018.2899085981
914418.297908558
914818.305908518
915218.3139084781
915618.3219084381
916018.3299083981
916418.3379083581
916818.3459083181
917218.353908278
917618.361908238
918018.369908198
918418.3779081581
918818.3859081181
919218.3939080781
919618.4019080381
920018.409907998
920418.417907958
920818.425907918
921218.433907878
921618.4419078381
922018.4499077981
922418.4579077581
922818.465907718
923218.473907678
923618.481907638
924018.489907598
924418.4979075581
924818.5059075181
925218.5139074781
925618.5219074381
926018.529907398
926418.537907358
926818.545907318
927218.553907278
927618.5619072381
928018.5699071981
928418.5779071581
928818.585907118
929218.593907078
929618.601907038
930018.609906998
930418.6179069581
930818.6259069181
931218.6339068781
931618.641906838
932018.649906798
932418.657906758
932818.665906718
933218.673906678
933618.6819066381
934018.6899065981
934418.697906558
934818.705906518
935218.713906478
935618.721906438
936018.729906398
936418.737906358
936818.7459063181
937218.753906278
937618.761906238
938018.769906198
938418.777906158
938818.785906118
939218.793906078
939618.8019060381
940018.8099059981
940418.817905958
940818.825905918
941218.833905878
941618.841905838
942018.849905798
942418.857905758
942818.8659057181
943218.873905678
943618.881905638
944018.889905598
944418.897905558
944818.905905518
945218.913905478
945618.9219054381
946018.929905398
946418.937905358
946818.945905318
947218.953905278
947618.961905238
948018.969905198
948418.977905158
948818.985905118
949218.993905078
949619.001905038
950019.009904998
950419.017904958
950819.025904918
951219.033904878
951619.0419048379
952019.049904798
952419.057904758
952819.065904718
953219.073904678
953619.081904638
954019.089904598
954419.097904558
954819.105904518
955219.113904478
955619.121904438
956019.129904398
956419.137904358
956819.145904318
957219.153904278
957619.1619042379
958019.169904198
958419.177904158
958819.185904118
959219.193904078
959619.201904038
960019.209903998
960419.2179039579
960819.2259039179
961219.233903878
961619.241903838
962019.249903798
962419.257903758
962819.265903718
963219.2739036779
963619.2819036379
964019.289903598
964419.297903558
964819.305903518
965219.313903478
965619.321903438
966019.329903398
966419.3379033579
966819.3459033179
967219.353903278
967619.361903238
968019.369903198
968419.377903158
968819.385903118
969219.3939030779
969619.4019030379
970019.409902998
970419.417902958
970819.425902918
971219.433902878
971619.441902838
972019.4499027979
972419.4579027579
972819.4659027179
973219.473902678
973619.481902638
974019.489902598
974419.497902558
974819.5059025179
975219.5139024779
975619.5219024379
976019.5299023979
976419.537902358
976819.545902318
977219.553902278
977619.5619022379
978019.5699021979
978419.5779021579
978819.5859021179
979219.593902078
979619.601902038
980019.609901998
980419.617901958
980819.6259019179
981219.6339018779
981619.6419018379
982019.6499017979
982419.657901758
982819.665901718
983219.673901678
983619.6819016379
984019.6899015979
984419.6979015579
984819.7059015179
985219.713901478
985619.721901438
986019.729901398
986419.7379013579
986819.7459013179
987219.7539012779
987619.7619012379
988019.7699011979
988419.777901158
988819.785901118
989219.7939010779
989619.8019010379
990019.8099009979
990419.8179009579
990819.8259009179
991219.8339008779
991619.841900838
992019.8499007979
992419.8579007579
992819.8659007179
993219.8739006779
993619.8819006379
994019.8899005979
994419.897900558
994819.905900518
995219.9139004779
995619.9219004379
996019.9299003979
996419.9379003579
996819.9459003179
997219.9539002778
997619.961900238
998019.9699001979
998419.9779001579
998819.9859001179
999219.9939000779
999620.0019000379
1000020.0098999979
1000420.017899958
1000820.0258999179
1001220.0338998779
1001620.0418998379
1002020.0498997979
1002420.0578997579
1002820.0658997179
1003220.0738996778
1003620.0818996379
1004020.0898995979
1004420.0978995579
1004820.1058995179
1005220.1138994779
1005620.1218994379
1006020.1298993978
1006420.1378993578
1006820.1458993179
1007220.1538992779
1007620.1618992379
1008020.1698991979
1008420.1778991579
1008820.1858991178
1009220.1938990778
1009620.2018990379
1010020.2098989979
1010420.2178989579
1010820.2258989179
1011220.2338988779
1011620.2418988378
1012020.2498987978
1012420.2578987578
1012820.2658987179
1013220.2738986779
1013620.2818986379
1014020.2898985979
1014420.2978985579
1014820.3058985178
1015220.3138984778
1015620.3218984378
1016020.3298983979
1016420.3378983579
1016820.3458983179
1017220.3538982779
1017620.3618982378
1018020.3698981978
1018420.3778981578
1018820.3858981179
1019220.3938980779
1019620.4018980379
1020020.4098979979
1020420.4178979578
1020820.4258979178
1021220.4338978778
1021620.4418978378
1022020.4498977979
1022420.4578977579
1022820.4658977179
1023220.4738976778
1023620.4818976378
1024020.4898975978
1024420.4978975578
1024820.5058975179
1025220.5138974779
1025620.5218974379
1026020.5298973978
1026420.5378973578
1026820.5458973178
1027220.5538972778
1027620.5618972378
1028020.5698971979
1028420.5778971579
1028820.5858971179
1029220.5938970778
1029620.6018970378
1030020.6098969978
1030420.6178969578
1030820.6258969178
1031220.6338968779
1031620.6418968379
1032020.6498967978
1032420.6578967578
1032820.6658967178
1033220.6738966778
1033620.6818966378
1034020.6898965979
1034420.6978965579
1034820.7058965178
1035220.7138964778
1035620.7218964378
1036020.7298963978
1036420.7378963578
1036820.7458963178
1037220.7538962779
1037620.7618962378
1038020.7698961978
1038420.7778961578
1038820.7858961178
1039220.7938960778
1039620.8018960378
1040020.8098959979
1040420.8178959579
1040820.8258959178
1041220.8338958778
1041620.8418958378
1042020.8498957978
1042420.8578957578
1042820.8658957178
1043220.8738956779
1043620.8818956378
1044020.8898955978
1044420.8978955578
1044820.9058955178
1045220.9138954778
1045620.9218954378
1046020.9298953977
1046420.9378953578
1046820.9458953178
1047220.9538952778
1047620.9618952378
1048020.9698951978
1048420.9778951578
1048820.9858951177
1049220.9938950778
1049621.0018950377
1050021.0098949978
1050421.0178949577
1050821.0258949178
1051221.0338948779
1051621.0418948377
1052021.0498947978
1052421.0578947577
1052821.0658947178
1053221.0738946777
1053621.0818946378
1054021.089894598
1054421.0978945578
1054821.1058945179
1055221.1138944777
1055621.1218944378
1056021.1298943977
1056421.1378943578
1056821.145894318
1057221.1538942778
1057621.1618942379
1058021.1698941977
1058421.1778941578
1058821.1858941177
1059221.1938940778
1059621.2018940377
1060021.2098939978
1060421.2178939579
1060821.2258939177
1061221.2338938778
1061621.2418938377
1062021.2498937978
1062421.2578937577
1062821.2658937178
1063221.2738936779
1063621.2818936377
1064021.2898935978
1064421.2978935577
1064821.3058935178
1065221.3138934777
1065621.3218934378
1066021.3298933979
1066421.3378933577
1066821.3458933178
1067221.3538932777
1067621.3618932378
1068021.3698931977
1068421.3778931578
1068821.3858931176
1069221.3938930777
1069621.4018930378
1070021.4098929977
1070421.4178929578
1070821.4258929177
1071221.4338928778
1071621.4418928376
1072021.4498927977
1072421.4578927578
1072821.4658927177
1073221.4738926778
1073621.4818926377
1074021.4898925978
1074421.4978925576
1074821.5058925177
1075221.5138924778
1075621.5218924377
1076021.5298923978
1076421.5378923577
1076821.5458923178
1077221.5538922776
1077621.5618922377
1078021.5698921976
1078421.5778921577
1078821.5858921178
1079221.5938920777
1079621.6018920378
1080021.6098919977
1080421.6178919578
1080821.6258919176
1081221.6338918777
1081621.6418918378
1082021.6498917977
1082421.6578917578
1082821.6658917177
1083221.6738916778
1083621.6818916376
1084021.6898915977
1084421.6978915578
1084821.7058915177
1085221.7138914778
1085621.7218914377
1086021.7298913978
1086421.7378913576
1086821.7458913177
1087221.7538912778
1087621.7618912377
1088021.7698911978
1088421.7778911577
1088821.7858911178
1089221.7938910776
1089621.8018910377
1090021.8098909976
1090421.8178909577
1090821.8258909178
1091221.8338908777
1091621.8418908378
1092021.8498907976
1092421.8578907577
1092821.8658907176
1093221.8738906777
1093621.8818906378
1094021.8898905977
1094421.8978905578
1094821.9058905176
1095221.9138904777
1095621.9218904376
1096021.9298903977
1096421.9378903578
1096821.9458903177
1097221.9538902778
1097621.9618902376
1098021.9698901977
1098421.9778901576
1098821.9858901177
1099221.9938900776
1099622.0018900377
1100022.0098899978
1100422.0178899576
1100822.0258899177
1101222.0338898776
1101622.0418898377
1102022.0498897976
1102422.0578897577
1102822.0658897178
1103222.0738896776
1103622.0818896377
1104022.0898895976
1104422.0978895577
1104822.1058895176
1105222.1138894777
1105622.1218894378
1106022.1298893976
1106422.1378893577
1106822.1458893176
1107222.1538892777
1107622.1618892376
1108022.1698891977
1108422.1778891576
1108822.1858891177
1109222.1938890778
1109622.2018890376
1110022.2098889977
1110422.2178889576
1110822.2258889177
1111222.2338888776
1111622.2418888377
1112022.2498887978
1112422.2578887576
1112822.2658887177
1113222.2738886776
1113622.2818886377
1114022.2898885976
1114422.2978885577
1114822.3058885178
1115222.3138884776
1115622.3218884377
1116022.3298883976
1116422.3378883577
1116822.3458883176
1117222.3538882777
1117622.3618882375
1118022.3698881976
1118422.3778881577
1118822.3858881176
1119222.3938880777
1119622.4018880376
1120022.4098879977
1120422.4178879575
1120822.4258879176
1121222.4338878777
1121622.4418878376
1122022.4498877977
1122422.4578877576
1122822.4658877177
1123222.4738876775
1123622.4818876376
1124022.4898875977
1124422.4978875576
1124822.5058875177
1125222.5138874776
1125622.5218874377
1126022.5298873975
1126422.5378873576
1126822.5458873177
1127222.5538872776
1127622.5618872377
1128022.5698871976
1128422.5778871577
1128822.5858871175
1129222.5938870776
1129622.6018870375
1130022.6098869976
1130422.6178869577
1130822.6258869176
1131222.6338868777
1131622.6418868375
1132022.6498867976
1132422.6578867575
1132822.6658867176
1133222.6738866777
1133622.6818866376
1134022.6898865977
1134422.6978865576
1134822.7058865177
1135222.7138864775
1135622.7218864376
1136022.7298863977
1136422.7378863576
1136822.7458863177
1137222.7538862776
1137622.7618862377
1138022.7698861975
1138422.7778861576
1138822.7858861175
1139222.7938860776
1139622.8018860377
1140022.8098859976
1140422.8178859577
1140822.8258859175
1141222.8338858776
1141622.8418858375
1142022.8498857976
1142422.8578857577
1142822.8658857176
1143222.8738856777
1143622.8818856375
1144022.8898855976
1144422.8978855575
1144822.9058855176
1145222.9138854777
1145622.9218854376
1146022.9298853977
1146422.9378853575
1146822.9458853176
1147222.9538852775
1147622.9618852376
1148022.9698851975
1148422.9778851576
1148822.9858851177
1149222.9938850775
1149623.0018850376
1150023.0098849975
1150423.0178849576
1150823.0258849175
1151223.0338848776
1151623.0418848377
1152023.0498847975
1152423.0578847576
1152823.0658847175
1153223.0738846776
1153623.0818846375
1154023.0898845976
1154423.0978845577
1154823.1058845175
1155223.1138844776
1155623.1218844375
1156023.1298843976
1156423.1378843575
1156823.1458843176
1157223.1538842774
1157623.1618842375
1158023.1698841976
1158423.1778841575
1158823.1858841176
1159223.1938840775
1159623.2018840376
1160023.2098839974
1160423.2178839575
1160823.2258839177
1161223.2338838775
1161623.2418838376
1162023.2498837975
1162423.2578837576
1162823.2658837175
1163223.2738836776
1163623.2818836377
1164023.2898835975
1164423.2978835576
1164823.3058835175
1165223.3138834776
1165623.3218834375
1166023.3298833976
1166423.3378833577
1166823.3458833175
1167223.3538832776
1167623.3618832375
1168023.3698831976
1168423.3778831575
1168823.3858831176
1169223.3938830774
1169623.4018830375
1170023.4098829976
1170423.4178829575
1170823.4258829176
1171223.4338828775
1171623.4418828376
1172023.4498827974
1172423.4578827575
1172823.4658827176
1173223.4738826775
1173623.4818826376
1174023.4898825975
1174423.4978825576
1174823.5058825174
1175223.5138824775
1175623.5218824376
1176023.5298823975
1176423.5378823576
1176823.5458823175
1177223.5538822776
1177623.5618822374
1178023.5698821975
1178423.5778821574
1178823.5858821175
1179223.5938820776
1179623.6018820375
1180023.6098819976
1180423.6178819574
1180823.6258819175
1181223.6338818774
1181623.6418818375
1182023.6498817976
1182423.6578817575
1182823.6658817176
1183223.6738816774
1183623.6818816375
1184023.6898815974
1184423.6978815575
1184823.7058815176
1185223.7138814775
1185623.7218814376
1186023.7298813974
1186423.7378813575
1186823.7458813174
1187223.7538812775
1187623.7618812374
1188023.7698811975
1188423.7778811576
1188823.7858811175
1189223.7938810776
1189623.8018810374
1190023.8098809975
1190423.8178809574
1190823.8258809175
1191223.8338808776
1191623.8418808375
1192023.8498807976
1192423.8578807574
1192823.8658807175
1193223.8738806774
1193623.8818806375
1194023.8898805976
1194423.8978805575
1194823.9058805176
1195223.9138804774
1195623.9218804375
1196023.9298803974
1196423.9378803575
1196823.9458803174
1197223.9538802775
1197623.9618802376
1198023.9698801974
1198423.9778801575
1198823.9858801174
1199223.9938800775
1199624.0018800374
1200024.0098799975
1200424.0178799576
1200824.0258799174
1201224.0338798775
1201624.0418798374
1202024.0498797975
1202424.0578797574
1202824.0658797175
1203224.0738796776
1203624.0818796374
1204024.0898795975
1204424.0978795574
1204824.1058795175
1205224.1138794774
1205624.1218794375
1206024.1298793976
1206424.1378793574
1206824.1458793175
1207224.1538792774
1207624.1618792375
1208024.1698791974
1208424.1778791575
1208824.1858791173
1209224.1938790774
1209624.2018790375
1210024.2098789974
1210424.2178789575
1210824.2258789174
1211224.2338788775
1211624.2418788373
1212024.2498787974
1212424.2578787575
1212824.2658787174
1213224.2738786775
1213624.2818786374
1214024.2898785975
1214424.2978785574
1214824.3058785175
1215224.3138784776
1215624.3218784374
1216024.3298783975
1216424.3378783574
1216824.3458783175
1217224.3538782774
1217624.3618782375
1218024.3698781973
1218424.3778781574
1218824.3858781175
1219224.3938780774
1219624.4018780375
1220024.4098779974
1220424.4178779575
1220824.4258779173
1221224.4338778774
1221624.4418778375
1222024.4498777974
1222424.4578777575
1222824.4658777174
1223224.4738776775
1223624.4818776373
1224024.4898775974
1224424.4978775575
1224824.5058775174
1225224.5138774775
1225624.5218774374
1226024.5298773975
1226424.5378773573
1226824.5458773174
1227224.5538772773
1227624.5618772374
1228024.5698771975
1228424.5778771574
1228824.5858771175
1229224.5938770773
1229624.6018770374
1230024.6098769973
1230424.6178769574
1230824.6258769175
1231224.6338768774
1231624.6418768375
1232024.6498767973
1232424.6578767574
1232824.6658767173
1233224.6738766774
1233624.6818766375
1234024.6898765974
1234424.6978765575
1234824.7058765173
1235224.7138764774
1235624.7218764373
1236024.7298763974
1236424.7378763573
1236824.7458763174
1237224.7538762775
1237624.7618762373
1238024.7698761974
1238424.7778761573
1238824.7858761174
1239224.7938760773
1239624.8018760374
1240024.8098759975
1240424.8178759573
1240824.8258759174
1241224.8338758773
1241624.8418758374
1242024.8498757973
1242424.8578757574
1242824.8658757175
1243224.8738756774
1243624.8818756375
1244024.8898755973
1244424.8978755574
1244824.9058755173
1245224.9138754774
1245624.9218754375
1246024.9298753974
1246424.9378753575
1246824.9458753173
1247224.9538752774
1247624.9618752373
1248024.9698751974
1248424.9778751573
1248824.9858751174
1249224.9938750775
1249625.0018750373
1250025.0098749974
1250425.0178749573
1250825.0258749174
1251225.0338748773
1251625.0418748374
1252025.0498747975
1252425.0578747573
1252825.0658747174
1253225.0738746773
1253625.0818746374
1254025.0898745973
1254425.0978745574
1254825.1058745175
1255225.1138744773
1255625.1218744374
1256025.1298743973
1256425.1378743574
1256825.1458743173
1257225.1538742774
1257625.1618742372
1258025.1698741973
1258425.1778741574
1258825.1858741173
1259225.1938740774
1259625.2018740373
1260025.2098739974
1260425.2178739572
1260825.2258739173
1261225.2338738774
1261625.2418738373
1262025.2498737974
1262425.2578737573
1262825.2658737174
1263225.2738736772
1263625.2818736373
1264025.2898735974
1264425.2978735573
1264825.3058735174
1265225.3138734773
1265625.3218734374
1266025.3298733972
1266425.3378733573
1266825.3458733172
1267225.3538732773
1267625.3618732374
1268025.3698731973
1268425.3778731574
1268825.3858731173
1269225.3938730774
1269625.4018730372
1270025.4098729973
1270425.4178729574
1270825.4258729173
1271225.4338728774
1271625.4418728373
1272025.4498727974
1272425.4578727572
1272825.4658727173
1273225.4738726774
1273625.4818726373
1274025.4898725974
1274425.4978725573
1274825.5058725174
1275225.5138724772
1275625.5218724373
1276025.5298723972
1276425.5378723573
1276825.5458723174
1277225.5538722773
1277625.5618722374
1278025.5698721972
1278425.5778721573
1278825.5858721172
1279225.5938720773
1279625.6018720374
1280025.6098719973
1280425.6178719574
1280825.6258719172
1281225.6338718773
1281625.6418718372
1282025.6498717973
1282425.6578717574
1282825.6658717173
1283225.6738716774
1283625.6818716372
1284025.6898715973
1284425.6978715572
1284825.7058715173
1285225.7138714774
1285625.7218714373
1286025.7298713974
1286425.7378713572
1286825.7458713173
1287225.7538712772
1287625.7618712373
1288025.7698711972
1288425.7778711573
1288825.7858711174
1289225.7938710772
1289625.8018710373
1290025.8098709972
1290425.8178709573
1290825.8258709172
1291225.8338708773
1291625.8418708374
1292025.8498707972
1292425.8578707573
1292825.8658707172
1293225.8738706773
1293625.8818706372
1294025.8898705973
1294425.8978705574
1294825.9058705173
1295225.9138704774
1295625.9218704372
1296025.9298703973
1296425.9378703572
1296825.9458703173
1297225.9538702772
1297625.9618702373
1298025.9698701974
1298425.9778701572
1298825.9858701173
1299225.9938700772
1299626.0018700373
1300026.0098699972
1300426.0178699573
1300826.0258699174
1301226.0338698772
1301626.0418698373
1302026.0498697972
1302426.0578697573
1302826.0658697172
1303226.0738696773
1303626.0818696374
1304026.0898695972
1304426.0978695573
1304826.1058695172
1305226.1138694773
1305626.1218694372
1306026.1298693973
1306426.1378693571
1306826.1458693172
1307226.1538692773
1307626.1618692372
1308026.1698691973
1308426.1778691572
1308826.1858691173
1309226.1938690771
1309626.2018690372
1310026.2098689973
1310426.2178689572
1310826.2258689173
1311226.2338688772
1311626.2418688373
1312026.2498687971
1312426.2578687572
1312826.2658687173
1313226.2738686772
1313626.2818686373
1314026.2898685972
1314426.2978685573
1314826.3058685171
1315226.3138684772
1315626.3218684373
1316026.3298683972
1316426.3378683573
1316826.3458683172
1317226.3538682773
1317626.3618682371
1318026.3698681972
1318426.377868157
1318826.3858681172
1319226.3938680773
1319626.4018680372
1320026.4098679973
1320426.4178679571
1320826.4258679172
1321226.4338678771
1321626.4418678372
1322026.4498677973
1322426.4578677572
1322826.4658677173
1323226.4738676772
1323626.4818676373
1324026.4898675971
1324426.4978675572
1324826.5058675173
1325226.5138674772
1325626.5218674373
1326026.5298673972
1326426.5378673573
1326826.5458673171
1327226.5538672772
1327626.561867237
1328026.5698671972
1328426.5778671573
1328826.5858671172
1329226.5938670773
1329626.6018670371
1330026.6098669972
1330426.617866957
1330826.6258669172
1331226.6338668773
1331626.6418668372
1332026.6498667973
1332426.6578667571
1332826.6658667172
1333226.673866677
1333626.6818666372
1334026.6898665973
1334426.6978665572
1334826.7058665173
1335226.7138664771
1335626.7218664372
1336026.729866397
1336426.7378663572
1336826.745866317
1337226.7538662772
1337626.7618662373
1338026.7698661971
1338426.7778661572
1338826.785866117
1339226.7938660772
1339626.801866037
1340026.8098659972
1340426.8178659573
1340826.8258659171
1341226.8338658772
1341626.841865837
1342026.8498657972
1342426.857865757
1342826.8658657172
1343226.8738656773
1343626.8818656371
1344026.8898655972
1344426.897865557
1344826.9058655172
1345226.913865477
1345626.9218654372
1346426.937865356
1346542.9456750054
1346658.9634798588
1346774.9912807802
1346891.0290786251
1347007.0768742578
1347123.1346685397
1347239.2024623351
1347355.2802564998
1347471.3680518984
1347587.4658493926
1347703.5736498442
1347819.6914541174
1347935.8192630692
1348051.957077564
1348168.104898464
1348284.262726634
1348400.4305629309
1348516.6084082196
1348632.7962633627
1348748.9941292224
1348865.202006664
1348981.4198965444
1349097.6477997294
1349213.8857170816
1349330.1336494666
1349446.3915977417
1349562.6595627726
1349678.9375454225
1349795.2255465544
1349911.5235670344
1350027.83160772
1350144.1496694775
1350260.47775317
1350376.8158596642
1350493.163989818
1350609.5221444976
1350725.8903245667
1350842.2685308894
1350958.6567643322
1351075.0550257533
1351191.4633160196
1351307.8816359953
1351424.309986547
1351540.748368534
1351657.1967828227
1351773.655230278
1351890.1237117639
1352006.602228148
1352123.0907802894
1352239.5893690553
1352356.0979953106
1352472.6166599202
1352589.1453637516
1352705.6841076645
1352822.2328925263
1352938.7917192027
1353055.360588561
1353171.9395014616
1353288.528458772
1353405.1274613582
1353521.7365100852
1353638.3556058218
1353754.9847494278
1353871.6239417717
1353988.2731837193
1354104.9324761394
1354221.6018198922
1354338.2812158468
1354454.970664869
1354571.670167825
1354688.379725584
1354805.0993390067
1354921.829008962
1355038.5687363169
1355155.3185219401
1355272.078366693
1355388.8482714454
1355505.6282370633
1355622.4182644142
1355739.2183543674
1355856.0285077847
1355972.8487255354
1356089.6790084874
1356206.51935751
1356323.3697734652
1356440.2302572231
1356557.1008096512
1356673.981431617
1356790.872123991
1356907.772887635
1357024.6837234197
1357141.604632213
1357258.5356148854
1357375.4766722992
1357492.4278053257
1357609.3890148324
1357726.3603016878
1357843.3416667632
1357960.3331109209
1358077.3346350323
1358194.346239966
1358311.3679265932
1358428.3996957769
1358545.4415483887
1358662.4934852973
1358779.555507372
1358896.6276154837
1359013.7098104965
1359130.8020932819
1359247.9044647093
1359365.0169256509
1359482.1394769698
1359599.2721195389
1359716.414854227
1359833.5676819042
1359950.7306034425
1360067.9036197064
1360185.086731568
1360302.2799398971
1360419.483245567
1360536.6966494415
1360653.9201523939
1360771.153755294
1360888.3974590122
1361005.6512644214
1361122.9151723864
1361240.1891837807
1361357.4732994747
1361474.7675203413
1361592.0718472463
1361709.3862810628
1361826.7108226616
1361944.045472914
1362061.3902326932
1362178.745102865
1362296.110084303
1362413.4851778788
1362530.870384466
1362648.2657049305
1362765.671140147
1362883.086690986
1363000.5123583202
1363117.948143023
1363235.394045961
1363352.850068009
1363470.3162100385
1363587.7924729215
1363705.278857533
1363822.7753647391
1363940.2819954152
1364057.7987504334
1364175.3256306686
1364292.8626369876
1364410.409770266
1364527.967031376
1364645.5344211904
1364763.1119405846
1364880.699590426
1364998.2973715898
1365115.905284949
1365233.5233313798
1365351.1515117493
1365468.7898269335
1365586.4382778057
1365704.096865239
1365821.7655901099
1365939.444453286
1366057.1334556434
1366174.8325980562
1366292.5418814004
1366410.2613065445
1366527.990874365
1366645.7305857355
1366763.4804415305
1366881.2404426262
1366999.0105898918
1367116.7908842037
1367234.5813264365
1367352.3819174673
1367470.192658165
1367588.0135494065
1367705.844592067
1367823.6857870205
1367941.537135145
1368059.3986373094
1368177.2702943916
1368295.1521072662
1368413.0440768113
1368530.9462038965
1368648.8584893995
1368766.7809341955
1368884.7135391603
1369002.6563051715
1369120.6092330995
1369238.5723238222
1369356.5455782155
1369474.5289971577
1369592.522581519
1369710.5263321784
1369828.5402500115
1369946.5643358943
1370064.598590706
1370182.6430153167
1370300.6976106055
1370418.762377449
1370536.837316726
1370654.9224293078
1370773.0177160734
1370891.1231778997
1371009.238815663
1371127.364630243
1371245.500622511
1371363.6467933466
1371481.803143627
1371599.9696742317
1371718.1463860327
1371836.3332799096
1371954.5303567399
1372072.737617401
1372190.9550627728
1372309.1826937275
1372427.4205111456
1372545.6685159046
1372663.926708885
1372782.195090959
1372900.4736630074
1373018.7624259081
1373137.061380539
1373255.3705277813
1373373.6898685077
1373492.0194035987
1373610.359133933
1373728.709060389
1373847.069183848
1373965.4395051831
1374083.8200252757
1374202.2107450042
1374320.6116652505
1374439.0227868876
1374557.4441107977
1374675.8756378596
1374794.3173689523
1374912.7693049577
1375031.2314467498
1375149.7037952105
1375268.1863512192
1375386.6791156582
1375505.1820894016
1375623.6952733316
1375742.218668328
1375860.7522752706
1375979.296095042
1376097.8501285168
1376216.4143765774
1376334.9888401043
1376453.57351998
1376572.1684170796
1376690.7735322858
1376809.3888664793
1376928.0144205403
1377046.6501953525
1377165.2961917906
1377283.9524107382
1377402.6188530761
1377521.2955196882
1377639.982411449
1377758.6795292431
1377877.3868739514
1377996.104446455
1378114.8322476377
1378233.5702783754
1378352.3185395524
1378471.07703205
1378589.8457567524
1378708.6247145357
1378827.4139062846
1378946.2133328805
1379065.0229952054
1379183.8428941441
1379302.673030573
1379421.5134053768
1379540.3640194377
1379659.2248736406
1379778.0959688625
1379896.977305988
1380015.8688859004
1380134.7707094813
1380253.6827776167
1380372.6050911834
1380491.5376510671
1380610.4804581506
1380729.4335133194
1380848.396817451
1380967.3703714313
1381086.3541761434
1381205.3482324705
1381324.3525412986
1381443.3671035056
1381562.3919199775
1381681.426991598
1381800.4723192535
1381919.527903822
1382038.59374619
1382157.6698472411
1382276.7562078596
1382395.852828932
1382514.959711337
1382634.0768559612
1382753.2042636888
1382872.3419354071
1382991.4898719948
1383110.648074339
1383229.8165433242
1383348.995279835
1383468.1842847588
1383587.3835589748
1383706.5931033706
1383825.8129188311
1383945.043006244
1384064.2833664888
1384183.5340004533
1384302.7949090227
1384422.0660930823
1384541.3475535202
1384660.6392912162
1384779.9413070588
1384899.2536019331
1385018.576176725
1385137.9090323232
1385257.2521696077
1385376.605589467
1385495.9692927876
1385615.3432804577
1385734.727553358
1385854.1221123778
1385973.5269584027
1386092.9420923197
1386212.3675150175
1386331.8032273774
1386451.2492302882
1386570.7055246371
1386690.1721113133
1386809.648991198
1386929.1361651812
1387048.6336341493
1387168.1413989896
1387287.659460592
1387407.187819838
1387526.7264776176
1387646.2754348184
1387765.83469233
1387885.404251035
1388004.9841118231
1388124.5742755826
1388244.1747432004
1388363.785515568
1388483.4065935668
1388603.037978088
1388722.6796700193
1388842.3316702521
1388961.9939796685
1389081.6665991596
1389201.349529614
1389321.0427719196
1389440.746326968
1389560.4601956424
1389680.1843788337
1389799.9188774307
1389919.6636923254
1390039.4188244003
1390159.184274548
1390278.9600436566
1390398.746132616
1390518.5425423176
1390638.3492736453
1390758.1663274912
1390877.9937047444
1390997.8314062976
1391117.6794330345
1391237.5377858474
1391357.4064656263
1391477.2854732606
1391597.1748096433
1391717.0744756586
1391836.984472199
1391956.9048001552
1392076.8354604195
1392196.7764538769
1392316.7277814206
1392436.6894439405
1392556.6614423275
1392676.643777475
1392796.6364502676
1392916.639461599
1393036.65281236
1393156.6765034443
1393276.7105357372
1393396.7549101321
1393516.8096275206
1393636.8746887937
1393756.9500948454
1393877.0358465614
1393997.1319448357
1394117.23839056
1394237.3551846286
1394357.4823279274
1394477.619821351
1394597.767665791
1394717.9258621393
1394838.094411291
1394958.273314132
1395078.4625715571
1395198.662184459
1395318.8721537325
1395439.092480264
1395559.3231649487
1395679.5642086796
1395799.8156123487
1395920.0773768516
1396040.3495030755
1396160.6319919156
1396280.9248442652
1396401.228061017
1396521.5416430668
1396641.865591302
1396762.1999066186
1396882.54458991
1397002.899642072
1397123.2650639925
1397243.6408565678
1397364.0270206914
1397484.4235572568
1397604.8304671608
1397725.2477512914
1397845.675410545
1397966.1134458159
1398086.5618580007
1398207.020647988
1398327.4898166743
1398447.9693649544
1398568.4592937224
1398688.9596038754
1398809.4702963023
1398929.9913719005
1399050.5228315645
1399171.0646761921
1399291.616906672
1399412.179523902
1399532.752528777
1399653.3359221923
1399773.9297050454
1399894.533878226
1400015.1484426323
1400135.7733991593
1400256.4087487054
1400377.0544921602
1400497.7106304225
1400618.3771643874
1400739.0540949507
1400859.7414230113
1400980.4391494591
1401101.1472751931
1401221.865801109
1401342.594728106
1401463.3340570743
1401584.0837889132
1401704.843924519
1401825.6144647878
1401946.3954106192
1402067.186762904
1402187.9885225417
1402308.8006904288
1402429.623267465
1402550.4562545416
1402671.2996525583
1402792.153462412
1402913.017685
1403033.8923212222
1403154.77737197
1403275.6728381435
1403396.5787206404
1403517.495020361
1403638.4217381969
1403759.3588750486
1403880.306431814
1404001.2644093907
1404122.2328086796
1404243.2116305728
1404364.200875971
1404485.2005457727
1404606.2106408784
1404727.2311621811
1404848.2621105816
1404969.3034869786
1405090.3552922704
1405211.4175273585
1405332.4901931358
1405453.5732905038
1405574.6668203613
1405695.77078361
1405816.8851811432
1405938.0100138627
1406059.1452826676
1406180.2909884572
1406301.4471321334
1406422.61371459
1406543.790736729
1406664.9781994503
1406786.1761036557
1406907.3844502398
1407028.6032401049
1407149.8324741505
1407271.0721532768
1407392.3222783864
1407513.582850374
1407634.853870142
1407756.1353385912
1407877.4272566212
1407998.7296251357
1408120.0424450291
1408241.365717205
1408362.6994425636
1408484.0436220088
1408605.3982564353
1408726.7633467468
1408848.1388938446
1408969.524898629
1409090.9213620042
1409212.3282848657
1409333.7456681174
1409455.1735126607
1409576.6118193995
1409698.06058923
1409819.519823056
1409940.9895217796
1410062.469686302
1410183.9603175279
1410305.4614163537
1410426.9729836837
1410548.49502042
1410670.027527468
1410791.5705057234
1410913.1239560915
1411034.6878794746
1411156.2622767752
1411277.8471488985
1411399.4424967412
1411521.0483212087
1411642.6646232037
1411764.291403632
1411885.9286633905
1412007.576403385
1412129.2346245183
1412250.903327694
1412372.5825138176
1412494.2721837866
1412615.9723385072
1412737.682978883
1412859.40410582
1412981.1357202162
1413102.877822978
1413224.630415009
1413346.393497213
1413468.1670704968
1413589.9511357583
1413711.7456939046
1413833.5507458397
1413955.3662924708
1414077.192334696
1414199.0288734226
1414320.8759095552
1414442.733443998
1414564.6014776586
1414686.4800114357
1414808.3690462369
1414930.2685829669
1415052.1786225336
1415174.099165836
1415296.030213782
1415417.971767277
1415539.9238272256
1415661.8863945364
1415783.8594701085
1415905.8430548506
1416027.837149668
1416149.841755469
1416271.8568731537
1416393.8825036304
1416515.918647805
1416637.9653065836
1416760.0224808746
1416882.0901715786
1417004.1683796044
1417126.257105858
1417248.3563512492
1417370.4661166777
1417492.5864030533
1417614.7172112823
1417736.8585422714
1417859.01039693
1417981.1727761591
1418103.3456808685
1418225.5291119646
1418347.723070358
1418469.9275569492
1418592.1425726488
1418714.3681183634
1418836.6041950008
1418958.8508034712
1419081.1079446757
1419203.375619525
1419325.653828927
1419447.942573789
1419570.2418550216
1419692.5516735269
1419814.8720302158
1419937.2029259962
1420059.544361779
1420181.8963384663
1420304.2588569697
1420426.6319181973
1420549.0155230572
1420671.409672461
1420793.814367311
1420916.2296085195
1421038.6553969944
1421161.0917336477
1421283.5386193825
1421405.9960551104
1421528.4640417404
1421650.9425801819
1421773.4316713463
1421895.9313161375
1422018.4415154678
1422140.9622702461
1422263.4935813851
1422386.0354497884
1422508.5878763688
1422631.1508620356
1422753.7244076987
1422876.308514271
1422998.9031826563
1423121.5084137677
1423244.1242085153
1423366.7505678122
1423489.3874925629
1423612.0349836804
1423734.693042075
1423857.3616686575
1423980.0408643412
1424102.730630031
1424225.4309666406
1424348.1418750803
1424470.8633562645
1424593.5954110979
1424716.3380404946
1424839.0912453658
1424961.8550266225
1425084.629385179
1425207.4143219406
1425330.2098378218
1425453.0159337341
1425575.8326105918
1425698.6598693011
1425821.4977107763
1425944.3461359295
1426067.2051456722
1426190.0747409195
1426312.9549225778
1426435.8456915617
1426558.7470487838
1426681.6589951592
1426804.5815315943
1426927.5146590045
1427050.4583783024
1427173.4126904006
1427296.3775962146
1427419.3530966511
1427542.3391926265
1427665.335885053
1427788.3431748468
1427911.3610629153
1428034.3895501744
1428157.4286375372
1428280.4783259172
1428403.5386162305
1428526.609509385
1428649.691006297
1428772.78310788
1428895.885815051
1429018.9991287172
1429142.1230497963
1429265.2575792016
1429388.4027178471
1429511.5584666503
1429634.7248265191
1429757.9017983708
1429881.0893831197
1430004.2875816803
1430127.49639497
1430250.7158238972
1430373.94586938
1430497.1865323326
1430620.437813673
1430743.6997143102
1430866.972235162
1430990.2553771436
1431113.54914117
1431236.8535281592
1431360.168539021
1431483.4941746732
1431606.8304360313
1431730.1773240143
1431853.5348395314
1431976.902983501
1432100.2817568395
1432223.6711604623
1432347.0711952883
1432470.4818622277
1432593.9031621993
1432717.3350961194
1432840.7776649073
1432964.2308694732
1433087.6947107364
1433211.1691896133
1433334.6543070206
1433458.150063878
1433581.656461096
1433705.1734995942
1433828.70118029
1433952.2395041026
1434075.7884719437
1434199.3480847331
1434322.918343388
1434446.4992488255
1434570.0908019661
1434693.693003721
1434817.305855011
1434940.9293567536
1435064.5635098692
1435188.2083152696
1435311.8637738754
1435435.529886605
1435559.2066543761
1435682.8940781096
1435806.5921587178
1435930.3008971217
1436054.0202942397
1436177.7503509934
1436301.4910682947
1436425.2424470654
1436549.0044882244
1436672.7771926897
1436796.5605613834
1436920.3545952186
1437044.1592951166
1437167.9746619968
1437291.8006967811
1437415.637400383
1437539.4847737243
1437663.3428177244
1437787.211533303
1437911.0909213817
1438034.980982875
1438158.8817187052
1438282.7931297917
1438406.7152170578
1438530.647981417
1438654.5914237923
1438778.5455451035
1438902.5103462713
1439026.4858282183
1439150.471991859
1439274.4688381166
1439398.4763679116
1439522.4945821674
1439646.5234817988
1439770.5630677294
1439894.6133408796
1440018.6743021705
1440142.745952526
1440266.8282928609
1440390.9213240994
1440515.0250471628
1440639.1394629746
1440763.264572451
1440887.4003765157
1441011.5468760903
1441135.7040720966
1441259.8719654588
1441384.0505570928
1441508.2398479234
1441632.4398388723
1441756.6505308617
1441880.8719248162
1442005.104021652
1442129.3468222944
1442253.6003276655
1442377.8645386908
1442502.1394562866
1442626.425081378
1442750.7214148883
1442875.0284577396
1442999.3462108579
1443123.6746751596
1443248.013851571
1443372.3637410149
1443496.724344417
1443621.0956626951
1443745.4776967748
1443869.8704475795
1443994.2739160329
1444118.688103061
1444243.1130095813
1444367.548636521
1444491.994984803
1444616.4520553544
1444740.919849093
1444865.3983669458
1444989.8876098366
1445114.3875786897
1445238.898274432
1445363.4196979818
1445487.9518502667
1445612.4947322106
1445737.048344741
1445861.612688777
1445986.1877652458
1446110.7735750722
1446235.3701191808
1446359.9773984996
1446484.5954139475
1446609.224166453
1446733.8636569402
1446858.513886338
1446983.174855566
1447107.8465655516
1447232.5290172207
1447357.2222114988
1447481.9261493145
1447606.6408315876
1447731.3662592466
1447856.1024332172
1447980.8493544287
1448105.6070238007
1448230.3754422625
1448355.15461074
1448479.94453016
1448604.745201451
1448729.5566255338
1448854.378803338
1448979.2117357897
1449104.055423819
1449228.9098683463
1449353.7750703013
1449478.6510306112
1449603.5377502027
1449728.4352300058
1449853.3434709418
1449978.2624739404
1450103.1922399295
1450228.132769839
1450353.0840645905
1450478.0461251144
1450603.0189523383
1450728.0025471898
1450852.9969105998
1450978.00204349
1451103.0179467914
1451228.044621432
1451353.0820683425
1451478.1302884454
1451603.1892826718
1451728.25905195
1451853.3395972082
1451978.430919378
1452103.5330193823
1452228.6458981521
1452353.7695566167
1452478.9039957044
1452604.049216347
1452729.2052194679
1452854.3720059986
1452979.5495768688
1453104.73793301
1453229.937075346
1453355.1470048088
1453480.367722328
1453605.599228833
1453730.8415252564
1453856.094612522
1453981.3584915623
1454106.6331633073
1454231.9186286896
1454357.2148886337
1454482.521944072
1454607.8397959354
1454733.1684451534
1454858.5078926599
1454983.8581393787
1455109.2191862436
1455234.5910341851
1455359.9736841368
1455485.3671370235
1455610.7713937787
1455736.1864553336
1455861.6123226187
1455987.0489965687
1456112.496478108
1456237.954768171
1456363.4238676892
1456488.9037775968
1456614.394498819
1456739.8960322905
1456865.408378943
1456990.931539708
1457116.4655155204
1457242.0103073057
1457367.565915999
1457493.1323425323
1457618.7095878406
1457744.2976528502
1457869.8965384963
1457995.506245711
1458121.1267754266
1458246.758128579
1458372.4003060944
1458498.0533089084
1458623.717137954
1458749.3917941668
1458875.0772784736
1459000.7735918106
1459126.4807351106
1459252.1987093065
1459377.927515335
1459503.667154123
1459629.417626607
1459755.1789337206
1459880.9510763998
1460006.7340555727
1460132.5278721757
1460258.3325271425
1460384.1480214072
1460509.9743559065
1460635.8115315682
1460761.65954933
1460887.5184101255
1461013.388114892
1461139.268664558
1461265.160060061
1461391.062302335
1461516.9753923148
1461642.8993309385
1461768.834119134
1461894.7797578396
1462020.73624799
1462146.7035905235
1462272.6817863686
1462398.6708364636
1462524.6707417439
1462650.6815031448
1462776.7031216044
1462902.7355980522
1463028.7789334268
1463154.833128664
1463280.898184702
1463406.9741024708
1463533.0608829095
1463659.1585269538
1463785.2670355395
1463911.386409606
1464037.5166500835
1464163.657757911
1464289.8097340248
1464415.9725793616
1464542.1462948606
1464668.3308814527
1464794.5263400772
1464920.732671671
1465046.949877174
1465173.1779575169
1465299.4169136398
1465425.6667464797
1465551.9274569738
1465678.1990460623
1465804.4815146765
1465930.7748637565
1466057.0790942402
1466183.394207068
1466309.7202031713
1466436.057083491
1466562.404848965
1466688.7635005307
1466815.1330391297
1466941.5134656935
1467067.9047811634
1467194.3069864775
1467320.7200825773
1467447.1440703948
1467573.5789508717
1467700.0247249464
1467826.4813935575
1467952.9489576465
1468079.4274181465
1468205.9167759991
1468332.4170321436
1468458.9281875212
1468585.4502430656
1468711.9831997189
1468838.5270584202
1468965.0818201087
1469091.6474857272
1469218.2240562087
1469344.811532496
1469471.409915529
1469598.0192062499
1469724.6394055928
1469851.2705145006
1469977.912533913
1470104.5654647704
1470231.229308016
1470357.9040645836
1470484.5897354167
1470611.2863214556
1470737.9938236438
1470864.7122429158
1470991.4415802152
1471118.1818364828
1471244.9330126594
1471371.695109689
1471498.4681285059
1471625.2520700546
1471752.0469352761
1471878.852725115
1472005.6694405058
1472132.4970823932
1472259.3356517188
1472386.1851494238
1472513.045576453
1472639.9169337421
1472766.7992222356
1472893.6924428756
1473020.5965966068
1473147.5116843653
1473274.437707096
1473401.3746657416
1473528.3225612435
1473655.2813945478
1473782.2511665905
1473909.231878317
1474036.2235306702
1474163.2261245954
1474290.2396610293
1474417.2641409182
1474544.2995652044
1474671.3459348313
1474798.4032507446
1474925.4715138818
1475052.5507251888
1475179.640885609
1475306.7419960888
1475433.8540575653
1475560.9770709858
1475688.1110372932
1475815.2559574316
1475942.4118323477
1476069.5786629794
1476196.7564502733
1476323.9451951738
1476451.1448986249
1476578.3555615738
1476705.5771849586
1476832.809769727
1476960.053316823
1477087.3078271945
1477214.5733017798
1477341.8497415269
1477469.13714738
1477596.4355202846
1477723.744861188
1477851.06517103
1477978.3964507577
1478105.738701317
1478233.091923656
1478360.4561187136
1478487.8312874387
1478615.2174307767
1478742.614549673
1478870.0226450763
1478997.4417179264
1479124.871769172
1479252.3127997592
1479379.7648106369
1479507.2278027448
1479634.7017770326
1479762.1867344463
1479889.6826759323
1480017.1896024395
1480144.707514909
1480272.23641429
1480399.7763015293
1480527.3271775765
1480654.8890433724
1480782.4618998668
1480910.0457480068
1481037.6405887394
1481165.2464230147
1481292.8632517739
1481420.4910759672
1481548.1298965423
1481675.779714449
1481803.4405306296
1481931.112346034
1482058.7951616105
1482186.4889783065
1482314.1937970729
1482441.9096188517
1482569.636444594
1482697.3742752476
1482825.123111764
1482952.8829550853
1483080.653806163
1483208.4356659453
1483336.2285353807
1483464.0324154212
1483591.847307009
1483719.6732110959
1483847.510128631
1483975.3580605662
1484103.2170078442
1484231.0869714173
1484358.9679522347
1484486.8599512454
1484614.762969402
1484742.6770076477
1484870.602066935
1484998.5381482139
1485126.4852524365
1485254.4433805468
1485382.4125334974
1485510.3927122382
1485638.3839177196
1485766.3861508945
1485894.3994127067
1486022.4237041096
1486150.4590260538
1486278.5053794924
1486406.56276537
1486534.6311846399
1486662.7106382528
1486790.8011271597
1486918.9026523142
1487047.0152146611
1487175.1388151548
1487303.2734547458
1487431.4191343884
1487559.575855028
1487687.7436176185
1487815.9224231115
1487944.1122724586
1488072.3131666142
1488200.525106524
1488328.7480931422
1488456.9821274213
1488585.2272103128
1488713.483342772
1488841.7505257442
1488970.0287601852
1489098.3180470467
1489226.6183872845
1489354.9297818444
1489483.2522316822
1489611.5857377504
1489739.9303010015
1489868.285922391
1489996.6526028663
1490125.0303433824
1490253.4191448928
1490381.8190083534
1490510.2299347112
1490638.6519249226
1490767.0849799404
1490895.5291007184
1491023.984288213
1491152.4505433715
1491280.9278671504
1491409.4162605035
1491537.9157243879
1491666.4262597507
1491794.9478675495
1491923.4805487378
1492052.02430427
1492180.5791351032
1492309.1450421857
1492437.7220264745
1492566.3100889244
1492694.9092304928
1492823.519452128
1492952.140754788
1493080.7731394274
1493209.416607001
1493338.0711584669
1493466.7367947737
1493595.4135168795
1493724.10132574
1493852.800222313
1493981.5102075478
1494110.2312824028
1494238.9634478337
1494367.7067047958
1494496.461054248
1494625.2264971398
1494754.00303443
1494882.7906670747
1495011.5893960327
1495140.399222254
1495269.2201466982
1495398.0521703209
1495526.8952940786
1495655.749518931
1495784.6148458282
1495913.4912757298
1496042.3788095927
1496171.2774483762
1496300.1871930314
1496429.1080445182
1496558.0400037933
1496686.9830718138
1496815.9372495404
1496944.9025379233
1497073.8789379236
1497202.8664504983
1497331.8650766083
1497460.8748172044
1497589.8956732478
1497718.9276456959
1497847.9707355066
1497977.024943641
1498106.0902710506
1498235.1667186967
1498364.2542875374
1498493.352978534
1498622.4627926387
1498751.5837308127
1498880.7157940145
1499009.8589832028
1499139.0132993392
1499268.1787433764
1499397.3553162757
1499526.5430189967
1499655.741852501
1499784.9518177414
1499914.1729156803
1500043.4051472768
1500172.64851349
1500301.903015283
1500431.1686536083
1500560.4454294287
1500689.7333437041
1500819.032397394
1500948.3425914613
1501077.6639268594
1501206.9964045517
1501336.340025498
1501465.6947906618
1501595.0607009965
1501724.437757466
1501853.8259610306
1501983.2253126504
1502112.6358132893
1502242.0574639016
1502371.490265451
1502500.9342188984
1502630.3893252076
1502759.8555853334
1502889.3330002401
1503018.8215708886
1503148.3212982402
1503277.8321832588
1503407.3542269003
1503536.8874301286
1503666.4317939056
1503795.9873191956
1503925.5540069544
1504055.1318581467
1504184.7208737344
1504314.3210546793
1504443.932401947
1504573.5549164927
1504703.188599282
1504832.833451277
1504962.4894734435
1505092.1566667373
1505221.8350321243
1505351.524570567
1505481.225283028
1505610.9371704732
1505740.6602338592
1505870.394474152
1506000.1398923146
1506129.8964893133
1506259.6642661048
1506389.443223656
1506519.2333629294
1506649.0346848893
1506778.8471905016
1506908.670880724
1507038.5057565232
1507168.351818863
1507298.2090687105
1507428.077507023
1507557.957134768
1507687.847952909
1507817.749962411
1507947.6631642403
1508077.5875593561
1508207.5231487253
1508337.4699333124
1508467.4279140853
1508597.3970920024
1508727.3774680314
1508857.3690431374
1508987.371818285
1509117.3857944424
1509247.4109725687
1509377.4473536317
1509507.494938597
1509637.553728433
1509767.6237240988
1509897.7049265632
1510027.7973367914
1510157.9009557492
1510288.0157844056
1510418.1418237202
1510548.279074662
1510678.4275381968
1510808.587215294
1510938.7581069134
1511068.9402140244
1511199.1335375933
1511329.3380785866
1511459.5538379739
1511589.7808167152
1511720.0190157809
1511850.2684361371
1511980.5290787544
1512110.8009445928
1512241.0840346229
1512371.3783498113
1512501.6838911257
1512632.000659536
1512762.3286560038
1512892.6678814993
1513023.01833699
1513153.3800234431
1513283.75294183
1513414.137093112
1513544.53247826
1513674.939098242
1513805.3569540288
1513935.7860465827
1514066.2263768746
1514196.6779458728
1514327.1407545458
1514457.614803865
1514588.1000947927
1514718.5966283006
1514849.1044053573
1514979.6234269345
1515110.1536939952
1515240.695207511
1515371.2479684514
1515501.8119777848
1515632.387236484
1515762.973745512
1515893.571505841
1516024.1805184407
1516154.800784283
1516285.4323043323
1516416.0750795605
1516546.7291109378
1516677.3943994339
1516808.070946022
1516938.7587516655
1517069.4578173377
1517200.168144009
1517330.8897326526
1517461.6225842326
1517592.3666997224
1517723.1220800928
1517853.888726314
1517984.6666393601
1518115.4558201956
1518246.2562697944
1518377.0679891272
1518507.8909791682
1518638.7252408825
1518769.5707752442
1518900.4275832246
1519031.2956657948
1519162.1750239297
1519293.0656585942
1519423.9675707633
1519554.8807614085
1519685.8052315048
1519816.7409820177
1519947.6880139222
1520078.6463281906
1520209.6159257945
1520340.5968077094
1520471.5889749015
1520602.592428346
1520733.6071690153
1520864.6331978852
1520995.6705159221
1521126.7191241018
1521257.7790233968
1521388.85021478
1521519.9326992277
1521651.0264777064
1521782.1315511926
1521913.247920659
1522044.3755870825
1522175.5145514298
1522306.6648146776
1522437.8263777995
1522568.9992417688
1522700.1834075628
1522831.3788761487
1522962.5856485034
1523093.803725601
1523225.0331084183
1523356.2737979237
1523487.5257950942
1523618.789100904
1523750.0637163278
1523881.3496423427
1524012.646879917
1524143.9554300287
1524275.2752936524
1524406.606471763
1524537.948965338
1524669.3027753467
1524800.667902767
1524932.0443485738
1525063.4321137455
1525194.8311992513
1525326.2416060695
1525457.6633351757
1525589.0963875453
1525720.5407641572
1525851.9964659808
1525983.4634939947
1526114.9418491751
1526246.431532501
1526377.932544942
1526509.4448874777
1526640.968561084
1526772.5035667373
1526904.0499054168
1527035.6075780932
1527167.176585746
1527298.7569293515
1527430.3486098899
1527561.9516283316
1527693.5659856563
1527825.1916828416
1527956.8287208641
1528088.477100704
1528220.1368233326
1528351.80788973
1528483.4903008738
1528615.1840577445
1528746.8891613132
1528878.6056125609
1529010.3334124652
1529142.0725620037
1529273.823062158
1529405.5849138994
1529537.358118209
1529669.1426760652
1529800.9385884493
1529932.745856333
1530064.5644806982
1530196.3944625233
1530328.2358027867
1530460.0885024704
1530591.9525625466
1530723.8279839975
1530855.7147678018
1530987.6129149415
1531119.5224263899
1531251.4433031287
1531383.3755461376
1531515.3191563955
1531647.2741348853
1531779.24048258
1531911.2182004624
1532043.207289512
1532175.2077507118
1532307.2195850355
1532439.2427934657
1532571.2773769828
1532703.3233365668
1532835.3806732008
1532967.4493878589
1533099.5294815246
1533231.6209551783
1533363.7238098036
1533495.8380463747
1533627.9636658756
1533760.1006692871
1533892.2490575898
1534024.408831768
1534156.579992796
1534288.7625416585
1534420.9564793366
1534553.1618068144
1534685.3785250671
1534817.6066350795
1534949.8461378329
1535082.0970343088
1535214.3593254923
1535346.6330123586
1535478.918095893
1535611.214577077
1535743.522456893
1535875.8417363262
1536008.1724163522
1536140.5144979567
1536272.867982122
1536405.232869834
1536537.6091620682
1536669.996859811
1536802.3959640448
1536934.8064757525
1537067.22839592
1537199.661725524
1537332.1064655508
1537464.5626169832
1537597.030180808
1537729.5091580017
1537861.9995495514
1537994.5013564401
1538127.0145796514
1538259.5392201722
1538392.07527898
1538524.6227570614
1538657.1816554007
1538789.7519749848
1538922.3337167914
1539054.9268818079
1539187.5314710184
1539320.1474854073
1539452.774925962
1539585.4137936612
1539718.064089492
1539850.7258144391
1539983.3989694905
1540116.083555625
1540248.7795738303
1540381.4870250914
1540514.2059103935
1540646.936230725
1540779.6779870645
1540912.4311804008
1541045.1958117192
1541177.971882008
1541310.759392247
1541443.558343425
1541576.3687365274
1541709.1905725403
1541842.0238524524
1541974.868577244
1542107.7247479036
1542240.592365418
1542373.4714307766
1542506.361944959
1542639.263908955
1542772.1773237512
1542905.1021903341
1543038.0385096935
1543170.9862828099
1543303.9455106733
1543436.9161942708
1543569.8983345923
1543702.8919326188
1543835.8969893407
1543968.913505745
1544101.9414828192
1544234.9809215541
1544368.0318229306
1544501.0941879398
1544634.168017569
1544767.2533128096
1544900.3500746428
1545033.45830406
1545166.578002049
1545299.7091695978
1545432.8518076981
1545566.005917332
1545699.1714994907
1545832.3485551628
1545965.5370853401
1546098.7370910046
1546231.9485731486
1546365.1715327608
1546498.4059708298
1546631.6518883482
1546764.9092862983
1546898.1781656728
1547031.4585274607
1547164.7503726543
1547298.0537022373
1547431.3685172016
1547564.6948185374
1547698.032607234
1547831.3818842848
1547964.7426506726
1548098.114907391
1548231.4986554296
1548364.8938957788
1548498.3006294318
1548631.7188573726
1548765.1485805947
1548898.5898000887
1549032.0425168478
1549165.5067318568
1549298.9824461092
1549432.469660596
1549565.968376308
1549699.478594239
1549833.0003153742
1549966.5335407078
1550100.0782712304
1550233.6345079371
1550367.202251813
1550500.781503852
1550634.3722650462
1550767.9745363872
1550901.58831887
1551035.2136134796
1551168.8504212112
1551302.4987430573
1551436.1585800122
1551569.8299330624
1551703.5128032032
1551837.2071914268
1551970.9130987253
1552104.630526095
1552238.3594745216
1552372.099945001
1552505.8519385261
1552639.6154560929
1552773.3904986877
1552907.177067307
1553040.9751629438
1553174.7847865913
1553308.6059392455
1553442.438621894
1553576.282835533
1553710.138581156
1553844.0058597599
1553977.884672332
1554111.7750198694
1554245.6769033659
1554379.5903238151
1554513.5152822144
1554647.4517795518
1554781.3998168244
1554915.3593950265
1555049.3305151556
1555183.3131781998
1555317.307385157
1555451.3131370218
1555585.3304347887
1555719.3592794556
1555853.3996720116
1555987.4516134541
1556121.5151047786
1556255.5901469833
1556389.676741057
1556523.7748879984
1556657.8845888027
1556792.0058444655
1556926.1386559852
1557060.2830243516
1557194.4389505633
1557328.6064356163
1557462.7854805093
1557596.9760862323
1557731.1782537848
1557865.3919841624
1557999.6172783615
1558133.8541373818
1558268.102562213
1558402.3625538554
1558536.6341133052
1558670.9172415622
1558805.2119396168
1558939.5182084695
1559073.8360491164
1559208.1654625554
1559342.5064497862
1559476.8590117998
1559611.2231495967
1559745.5988641744
1559879.9861565332
1560014.3850276647
1560148.7954785693
1560283.2175102448
1560417.6511236893
1560552.0963199034
1560686.553099879
1560821.0214646172
1560955.5014151165
1561089.9929523745
1561224.4960773934
1561359.0107911646
1561493.5370946901
1561628.0749889684
1561762.6244750014
1561897.1855537815
1562031.7582263104
1562166.3424935874
1562300.9383566114
1562435.5458163845
1562570.1648738997
1562704.7955301595
1562839.4377861628
1562974.0916429127
1563108.7571014024
1563243.4341626342
1563378.1228276081
1563512.8230973238
1563647.5349727843
1563782.2584549834
1563916.993544924
1564051.7402436067
1564186.4985520344
1564321.2684712012
1564456.050002111
1564590.8431457635
1564725.6479031597
1564860.4642753035
1564995.2922631893
1565130.1318678209
1565264.9830901993
1565399.8459313284
1565534.7203922032
1565669.6064738282
1565804.504177204
1565939.4135033328
1566074.3344532184
1566209.2670278563
1566344.2112282512
1566479.167055405
1566614.1345103222
1566749.1135939986
1566884.1043074392
1567019.106651646
1567154.1206276214
1567289.1462363703
1567424.183478889
1567559.2323561828
1567694.2928692542
1567829.365019109
1567964.4488067436
1568099.5442331634
1568234.6512993716
1568369.770006371
1568504.9003551677
1568640.0423467585
1568775.1959821496
1568910.361262344
1569045.5381883488
1569180.7267611607
1569315.9269817863
1569451.138851229
1569586.362370493
1569721.5975405849
1569856.844362502
1569992.1028372517
1570127.372965838
1570262.654749268
1570397.9481885396
1570533.2532846602
1570668.5700386341
1570803.8984514659
1570939.2385241634
1571074.5902577245
1571209.9536531572
1571345.3287114664
1571480.7154336602
1571616.113820737
1571751.523873705
1571886.9455935694
1572022.3789813358
1572157.8240380122
1572293.2807645977
1572428.749162101
1572564.2292315275
1572699.7209738865
1572835.2243901773
1572970.7394814084
1573106.266248586
1573241.804692716
1573377.3548148081
1573512.9166158617
1573648.4900968862
1573784.075258888
1573919.6721028737
1574055.280629853
1574190.9008408259
1574326.5327368025
1574462.1763187894
1574597.8315877966
1574733.498544825
1574869.1771908845
1575004.8675269824
1575140.569554126
1575276.2832733255
1575412.008685582
1575547.7457919065
1575683.494593306
1575819.2550907917
1575955.027285365
1576090.8111780365
1576226.6067698146
1576362.414061707
1576498.233054725
1576634.0637498705
1576769.9061481548
1576905.7602505863
1577041.6260581766
1577177.503571928
1577313.392792852
1577449.2937219574
1577585.206360253
1577721.130708751
1577857.066768454
1577993.0145403736
1578128.9740255196
1578264.9452249042
1578400.9281395304
1578536.9227704103
1578672.9291185539
1578808.9471849706
1578944.9769706733
1579081.0184766653
1579217.0717039595
1579353.1366535658
1579489.2133264975
1579625.3017237582
1579761.4018463616
1579897.5136953173
1580033.6372716362
1580169.7725763319
1580305.919610408
1580442.0783748787
1580578.2488707548
1580714.4310990502
1580850.625060769
1580986.8307569257
1581123.0481885315
1581259.2773565971
1581395.518262137
1581531.7709061564
1581668.0352896694
1581804.311413688
1581940.5992792267
1582076.8988872906
1582213.210238895
1582349.5333350513
1582485.8681767716
1582622.2147650712
1582758.5731009557
1582894.9431854405
1583031.3250195377
1583167.718604263
1583304.1239406224
1583440.5410296316
1583576.9698723033
1583713.41046965
1583849.862822688
1583986.3269324233
1584122.8027998724
1584259.2904260482
1584395.7898119672
1584532.300958636
1584668.8238670712
1584805.3585382863
1584941.9049732946
1585078.4631731128
1585215.0331387485
1585351.6148712183
1585488.208371536
1585624.8136407193
1585761.430679775
1585898.059489721
1586034.7000715712
1586171.3524263396
1586308.0165550446
1586444.6924586932
1586581.3801383039
1586718.0795948908
1586854.790829469
1586991.5138430563
1587128.2486366613
1587264.9952113018
1587401.7535679934
1587538.523707754
1587675.3056315926
1587812.0993405278
1587948.9048355748
1588085.7221177493
1588222.5511880699
1588359.3920475456
1588496.244697196
1588633.1091380366
1588769.9853710865
1588906.8733973554
1589043.7732178625
1589180.684833624
1589317.6082456561
1589454.5434549788
1589591.4904626017
1589728.4492695446
1589865.4198768241
1590002.4022854606
1590139.3964964638
1590276.4025108542
1590413.4203296485
1590550.449953864
1590687.4913845214
1590824.5446226306
1590961.609669213
1591098.6865252855
1591235.7751918691
1591372.8756699748
1591509.9879606236
1591647.112064833
1591784.2479836214
1591921.3957180094
1592058.555269009
1592195.7266376412
1592332.9098249245
1592470.1048318802
1592607.3116595203
1592744.5303088664
1592881.7607809373
1593019.0030767515
1593156.257197331
1593293.5231436878
1593430.8009168447
1593568.09051782
1593705.3919476368
1593842.7052073071
1593980.0302978538
1594117.3672202958
1594254.7159756531
1594392.0765649483
1594529.4489891941
1594666.8332494139
1594804.2293466274
1594941.6372818577
1595079.0570561183
1595216.4886704322
1595353.9321258198
1595491.3874233013
1595628.8545639003
1595766.3335486306
1595903.824378516
1596041.3270545772
1596178.841577838
1596316.3679493123
1596453.9061700248
1596591.456240996
1596729.0181632473
1596866.5919378025
1597004.1775656766
1597141.7750478943
1597279.3843854768
1597417.0055794488
1597554.6386308253
1597692.2835406312
1597829.9403098885
1597967.6089396183
1598105.2894308467
1598242.9817845884
1598380.686001869
1598518.4020837108
1598656.130031139
1598793.8698451696
1598931.6215268285
1599069.3850771377
1599207.1604971203
1599344.947787802
1599482.746950199
1599620.5579853375
1599758.3808942407
1599896.2156779312
1600034.0623374355
1600171.9208737705
1600309.7912879628
1600447.6735810356
1600585.5677540156
1600723.47380792
1600861.3917437755
1600999.3215626061
1601137.2632654356
1601275.2168532913
1601413.1823271902
1601551.15968816
1601689.148937225
1601827.1500754126
1601965.1631037404
1602103.1880232366
1602241.2248349255
1602379.2735398316
1602517.3341389832
1602655.406633398
1602793.4910241049
1602931.5873121282
1603069.6954984968
1603207.8155842288
1603345.9475703533
1603484.0914578952
1603622.24724788
1603760.4149413367
1603898.594539284
1604036.786042751
1604174.9894527637
1604313.204770351
1604451.4319965325
1604589.671132337
1604727.9221787914
1604866.1851369215
1605004.4600077567
1605142.7467923171
1605281.0454916325
1605419.3561067295
1605557.6786386378
1605696.0130883777
1605834.3594569792
1605972.7177454697
1606111.0879548755
1606249.4700862276
1606387.8641405464
1606526.2701188624
1606664.688022203
1606803.1178515991
1606941.5596080713
1607080.0132926512
1607218.4789063656
1607356.956450243
1607495.4459253144
1607633.947332601
1607772.4606731348
1607910.985947943
1608049.523158058
1608188.0723045012
1608326.6333883042
1608465.2064104958
1608603.7913721045
1608742.388274162
1608880.9971176912
1609019.6179037236
1609158.2506332884
1609296.895307418
1609435.5519271349
1609574.2204934717
1609712.9010074574
1609851.593470122
1609990.2978824975
1610129.0142456077
1610267.742560485
1610406.4828281594
1610545.235049664
1610683.9992260223
1610822.7753582674
1610961.5634474293
1611100.3634945387
1611239.1755006288
1611377.9994667233
1611516.8353938563
1611655.6832830582
1611794.543135363
1611933.4149517945
1612072.2987333874
1612211.1944811724
1612350.1021961803
1612489.0218794455
1612627.9535319929
1612766.8971548567
1612905.8527490688
1613044.82031566
1613183.7998556655
1613322.7913701101
1613461.7948600294
1613600.8103264545
1613739.8377704208
1613878.8771929538
1614017.9285950887
1614156.991977858
1614296.0673422937
1614435.1546894314
1614574.254020297
1614713.3653359262
1614852.488637352
1614991.6239256097
1615130.771201726
1615269.9304667371
1615409.1017216758
1615548.2849675752
1615687.4802054716
1615826.6874363918
1615965.9066613724
1616105.1378814466
1616244.3810976516
1616383.6363110137
1616522.9035225706
1616662.1827333558
1616801.473944403
1616940.7771567495
1617080.092371423
1617219.4195894606
1617358.7588118964
1617498.1100397685
1617637.4732741043
1617776.8485159415
1617916.2357663151
1618055.6350262593
1618195.0462968124
1618334.4695790026
1618473.904873868
1618613.3521824435
1618752.811505768
1618892.2828448697
1619031.766200787
1619171.2615745557
1619310.768967211
1619450.288379792
1619589.8198133272
1619729.3632688562
1619868.9187474144
1620008.4862500413
1620148.0657777663
1620287.6573316285
1620427.2609126642
1620566.8765219096
1620706.5041604047
1620846.1438291788
1620985.795529272
1621125.459261721
1621265.1350275658
1621404.8228278363
1621544.522663573
1621684.2345358126
1621823.9584455926
1621963.6943939528
1622103.4423819245
1622243.202410548
1622382.9744808606
1622522.7585939034
1622662.5547507072
1622802.3629523132
1622942.1831997589
1623082.0154940824
1623221.8598363248
1623361.7162275177
1623501.5846687022
1623641.4651609168
1623781.3577051999
1623921.262302593
1624061.1789541282
1624201.1076608473
1624341.0484237887
1624481.0012439948
1624620.9661224976
1624760.9430603397
1624900.9320585597
1625040.9331182004
1625180.946240294
1625320.9714258835
1625461.008676008
1625601.0579917072
1625741.119374024
1625881.192823991
1626021.2783426517
1626161.375931046
1626301.4855902134
1626441.6073211974
1626581.7411250316
1626721.8870027596
1626862.0449554215
1627002.2149840607
1627142.3970897116
1627282.5912734177
1627422.79753622
1627563.0158791586
1627703.2463032783
1627843.488809613
1627983.7433992072
1628124.0100731018
1628264.2888323416
1628404.5796779608
1628544.8826110044
1628685.197632514
1628825.5247435307
1628965.8639450995
1629106.215238256
1629246.5786240445
1629386.9541035078
1629527.3416776906
1629667.7413476284
1629808.153114367
1629948.5769789484
1630089.012942415
1630229.4610058125
1630369.921170177
1630510.393436554
1630650.8778059867
1630791.374279521
1630931.882858193
1631072.4035430492
1631212.9363351327
1631353.4812354865
1631494.038245157
1631634.6073651817
1631775.1885966063
1631915.7819404749
1632056.3873978343
1632197.0049697217
1632337.6346571841
1632478.2764612653
1632618.9303830091
1632759.5964234632
1632900.2745836652
1633040.9648646621
1633181.6672674988
1633322.3817932229
1633463.108442872
1633603.8472174942
1633744.5981181343
1633885.3611458368
1634026.1363016502
1634166.9235866123
1634307.723001772
1634448.5345481744
1634589.3582268679
1634730.194038891
1634871.0419852927
1635011.902067118
1635152.7742854133
1635293.658641227
1635434.5551355986
1635575.4637695767
1635716.384544208
1635857.3174605414
1635998.2625196162
1636139.2197224824
1636280.1890701859
1636421.1705637735
1636562.1642042946
1636703.1699927894
1636844.187930308
1636985.2180178969
1637126.260256603
1637267.3146474764
1637408.3811915577
1637549.4598898976
1637690.5507435428
1637831.6537535442
1637972.7689209424
1638113.8962467883
1638255.0357321296
1638396.1873780135
1638537.3511854915
1638678.527155605
1638819.7152894046
1638960.9155879386
1639102.1280522586
1639243.352683406
1639384.5894824325
1639525.8384503864
1639667.0995883162
1639808.3728972739
1639949.6583783012
1640090.9560324505
1640232.2658607704
1640373.5878643133
1640514.9220441214
1640656.2684012474
1640797.6269367402
1640938.9976516494
1641080.3805470273
1641221.7756239169
1641363.1828833714
1641504.60232644
1641646.033954176
1641787.477767622
1641928.9337678323
1642070.4019558562
1642211.8823327438
1642353.374899549
1642494.879657315
1642636.3966070958
1642777.9257499417
1642919.4670869068
1643061.0206190348
1643202.5863473797
1643344.1642729926
1643485.7543969245
1643627.3567202294
1643768.971243952
1643910.5979691464
1644052.2368968644
1644193.8880281604
1644335.5513640794
1644477.226905676
1644618.914654002
1644760.614610109
1644902.3267750526
1645044.0511498773
1645185.7877356391
1645327.5365333897
1645469.2975441848
1645611.07076907
1645752.856209101
1645894.65386533
1646036.4637388098
1646178.2858305965
1646320.1201417358
1646461.966673284
1646603.8254262942
1646745.6964018224
1646887.5796009153
1647029.4750246292
1647171.3826740175
1647313.3025501336
1647455.2346540343
1647597.1789867661
1647739.1355493865
1647881.1043429489
1648023.0853685106
1648165.0786271186
1648307.0841198305
1648449.1018477003
1648591.131811782
1648733.1740131336
1648875.2284528024
1649017.2951318466
1649159.3740513201
1649301.4652122816
1649443.5686157786
1649585.6842628696
1649727.8121546092
1649869.9522920528
1650012.1046762583
1650154.2693082746
1650296.4461891602
1650438.6353199705
1650580.8367017608
1650723.0503355903
1650865.2762225075
1651007.5143635718
1651149.7647598388
1651292.0274123678
1651434.3023222084
1651576.5894904197
1651718.888918058
1651861.2006061794
1652003.5245558438
1652145.8607681012
1652288.209244011
1652430.5699846298
1652572.9429910183
1652715.328264226
1652857.7258053133
1653000.1356153374
1653142.5576953553
1653284.9920464274
1653427.4386696045
1653569.8975659471
1653712.3687365127
1653854.8521823625
1653997.347904547
1654139.8559041272
1654282.3761821613
1654424.908739707
1654567.4535778258
1654710.010697569
1654852.580099998
1654995.1617861714
1655137.7557571507
1655280.3620139877
1655422.9805577442
1655565.611389479
1655708.2545102504
1655850.9099211213
1655993.5776231433
1656136.257617379
1656278.9499048877
1656421.6544867316
1656564.3713639632
1656707.1005376456
1656849.842008838
1656992.5957786
1657135.3618479946
1657278.140218075
1657420.9308899038
1657563.7338645416
1657706.5491430515
1657849.3767264867
1657992.216615911
1658135.0688123847
1658277.9333169681
1658420.810130725
1658563.699254709
1658706.6006899846
1658849.5144376121
1658992.440498656
1659135.3788741701
1659278.3295652193
1659421.2925728643
1659564.2678981666
1659707.2555421905
1659850.255505991
1659993.2677906326
1660136.292397177
1660279.3293266895
1660422.3785802247
1660565.440158848
1660708.5140636212
1660851.6002956065
1660994.6988558692
1661137.809745465
1661280.9329654593
1661424.0685169145
1661567.2164008967
1661710.3766184615
1661853.549170675
1661996.7340585997
1662139.9312832989
1662283.1408458387
1662426.3627472755
1662569.5969886754
1662712.843571102
1662856.102495622
1662999.3737632916
1663142.657375178
1663285.953332345
1663429.2616358558
1663572.5822867777
1663715.9152861678
1663859.2606350933
1664002.6183346184
1664145.9883858073
1664289.3707897274
1664432.7655474364
1664576.172660002
1664719.5921284887
1664863.0239539647
1665006.4681374873
1665149.9246801252
1665293.3935829431
1665436.874847006
1665580.3684733822
1665723.87446313
1665867.3928173182
1666010.9235370122
1666154.4666232807
1666298.022077182
1666441.5898997858
1666585.1700921573
1666728.7626553625
1666872.3675904705
1667015.9848985404
1667159.6145806422
1667303.2566378412
1667446.9110712078
1667590.5778818012
1667734.257070691
1667877.948638944
1668021.6525876268
1668165.3689178093
1668309.0976305518
1668452.8387269243
1668596.5922079938
1668740.358074831
1668884.136328496
1669027.9269700595
1669171.730000589
1669315.5454211517
1669459.3732328187
1669603.2134366506
1669747.0660337186
1669890.9310250906
1670034.8084118378
1670178.6981950216
1670322.600375713
1670466.5149549807
1670610.4419338927
1670754.3813135205
1670898.333094926
1671042.2972791814
1671186.273867355
1671330.262860519
1671474.2642597354
1671618.2780660763
1671762.304280611
1671906.3429044087
1672050.3939385414
1672194.457384072
1672338.5332420734
1672482.6215136147
1672626.722199769
1672770.8353015992
1672914.9608201783
1673059.0987565762
1673203.2491118626
1673347.4118871114
1673491.5870833856
1673635.7747017585
1673779.974743301
1673924.1872090865
1674068.4121001787
1674212.6494176516
1674356.8991625758
1674501.1613360222
1674645.435939065
1674789.7229727681
1674934.0224382062
1675078.3343364503
1675222.6586685749
1675366.9954356446
1675511.3446387344
1675655.7062789155
1675800.0803572596
1675944.4668748416
1676088.8658327267
1676233.2772319901
1676377.7010737036
1676522.1373589428
1676666.5860887729
1676811.0472642696
1676955.5208865053
1677100.0069565522
1677244.5054754864
1677389.0164443734
1677533.5398642896
1677678.0757363078
1677822.6240615007
1677967.1848409446
1678111.758075706
1678256.3437668611
1678400.9419154834
1678545.5525226498
1678690.1755894264
1678834.8111168905
1678979.4591061156
1679124.1195581756
1679268.7924741474
1679413.4778550982
1679558.1757021053
1679702.8860162431
1679847.6087985889
1679992.34405021
1680137.0917721845
1680281.8519655864
1680426.6246314908
1680571.4097709754
1680716.207385108
1680861.017474967
1681005.8400416274
1681150.6750861676
1681295.5226096555
1681440.3826131702
1681585.2550977864
1681730.1400645801
1681875.0375146298
1682019.947449004
1682164.8698687823
1682309.8047750404
1682454.752168857
1682599.7120513017
1682744.6844234539
1682889.6692863894
1683034.6666411846
1683179.6764889192
1683324.6988306628
1683469.7336674952
1683614.7810004929
1683759.8408307363
1683904.913159295
1684049.9979872494
1684195.0953156766
1684340.2051456533
1684485.3274782605
1684630.462314568
1684775.609655657
1684920.7695026048
1685065.9418564923
1685211.12671839
1685356.3240893795
1685501.5339705383
1685646.7563629441
1685791.9912676788
1685937.238685813
1686082.4986184286
1686227.771066604
1686373.0560314208
1686518.3535139505
1686663.6635152749
1686808.986036473
1686954.3210786234
1687099.6686428082
1687245.0287300993
1687390.4013415796
1687535.7864783278
1687681.1841414266
1687826.5943319486
1687972.0170509762
1688117.452299589
1688262.9000788666
1688408.3603898922
1688553.8332337386
1688699.318611489
1688844.816524223
1688990.3269730248
1689135.8499589667
1689281.3854831331
1689426.9335466041
1689572.49415046
1689718.0672957846
1689863.6529836517
1690009.2512151455
1690154.8619913466
1690300.4853133394
1690446.121182198
1690591.7695990065
1690737.4305648466
1690883.104080799
1691028.790147949
1691174.4887673706
1691320.199940149
1691465.9236673657
1691611.6599501027
1691757.4087894447
1691903.170186467
1692048.944142255
1692194.7306578907
1692340.52973446
1692486.3413730375
1692632.16557471
1692778.002340559
1692923.8516716675
1693069.7135691214
1693215.588033997
1693361.47506738
1693507.3746703533
1693653.2868440035
1693799.211589407
1693945.14890765
1694091.098799816
1694237.0612669885
1694383.0363102541
1694529.0239306898
1694675.0241293826
1694821.036907416
1694967.0622658774
1695113.100205844
1695259.1507284031
1695405.2138346387
1695551.2895256353
1695697.3778024807
1695843.478666252
1695989.5921180372
1696135.7181589212
1696281.856789992
1696428.0080123271
1696574.1718270155
1696720.3482351415
1696866.5372377904
1697012.738836051
1697158.9530310014
1697305.1798237304
1697451.4192153234
1697597.6712068694
1697743.9357994471
1697890.212994146
1698036.502792051
1698182.805194249
1698329.120201829
1698475.44781587
1698621.7880374617
1698768.1408676906
1698914.5063076462
1699060.8843584084
1699207.275021067
1699353.6782967083
1699500.0941864196
1699646.522691291
1699792.9638124024
1699939.4175508444
1700085.883907704
1700232.362884072
1700378.8544810284
1700525.3586996645
1700671.8755410674
1700818.4050063249
1700964.9470965283
1701111.5018127582
1701258.0691561059
1701404.6491276592
1701551.24172851
1701697.8469597395
1701844.4648224388
1701991.095317697
1702137.738446602
1702284.394210246
1702431.0626097105
1702577.7436460878
1702724.4373204666
1702871.1436339393
1703017.8625875881
1703164.5941825055
1703311.3384197804
1703458.0953005024
1703604.864825764
1703751.6469966478
1703898.441814247
1704045.249279651
1704192.0693939535
1704338.9021582368
1704485.7475735943
1704632.6056411166
1704779.4763618931
1704926.359737018
1705073.2557675743
1705220.1644546562
1705367.085799354
1705514.019802758
1705660.9664659626
1705807.925790052
1705954.8977761199
1706101.8824252575
1706248.8797385595
1706395.8897171097
1706542.9123620032
1706689.9476743313
1706836.995655185
1706984.0563056597
1707131.1296268401
1707278.215619821
1707425.3142856946
1707572.425625556
1707719.5496404902
1707866.6863315932
1708013.8356999566
1708160.997746673
1708308.1724728383
1708455.3598795377
1708602.5599678676
1708749.7727389203
1708896.998193792
1709044.236333569
1709191.4871593474
1709338.7506722205
1709486.0268732808
1709633.3157636255
1709780.617344341
1709927.931616524
1710075.258581268
1710222.5982396698
1710369.9505928166
1710517.3156418053
1710664.69338773
1710812.0838316847
1710959.4869747667
1711106.9028180635
1711254.3313626726
1711401.772609688
1711549.2265602085
1711696.693215321
1711844.1725761238
1711991.6646437116
1712139.1694191792
1712286.6869036248
1712434.217098137
1712581.7600038138
1712729.3156217507
1712876.8839530463
1713024.464998789
1713172.058760078
1713319.6652380086
1713467.2844336766
1713614.9163481814
1713762.5609826115
1713910.2183380667
1714057.8884156428
1714205.5712164394
1714353.2667415459
1714500.974992062
1714648.6959690843
1714796.4296737092
1714944.1761070366
1715091.9352701567
1715239.7071641693
1715387.4917901715
1715535.2891492639
1715683.0992425364
1715830.9220710895
1715978.757636021
1716126.6059384278
1716274.466979411
1716422.3407600613
1716570.2272814796
1716718.1265447638
1716866.0385510116
1717013.9633013248
1717161.9007967939
1717309.8510385207
1717457.8140276037
1717605.7897651442
1717753.7782522342
1717901.7794899752
1718049.793479466
1718197.820221809
1718345.8597180955
1718493.9119694282
1718641.9769769062
1718790.054741628
1718938.1452646968
1719086.2485472048
1719234.3645902546
1719382.493394946
1719530.634962378
1719678.7892936543
1719826.9563898672
1719975.1362521204
1720123.3288815136
1720271.5342791502
1720419.7524461234
1720567.9833835373
1720716.2270924915
1720864.4835740868
1721012.7528294274
1721161.0348596063
1721309.3296657281
1721457.6372488935
1721605.957610207
1721754.290750762
1721902.6366716637
1722050.995374013
1722199.366858911
1722347.7511274628
1722496.1481807628
1722644.5580199158
1722792.9806460235
1722941.4160601916
1723089.864263514
1723238.3252570971
1723386.799042042
1723535.2856194517
1723683.784990431
1723832.297156076
1723980.8221174919
1724129.3598757817
1724277.9104320512
1724426.473787396
1724575.0499429225
1724723.6388997338
1724872.2406589324
1725020.8552216252
1725169.4825889082
1725318.122761888
1725466.7757416682
1725615.4415293557
1725764.1201260467
1725912.8115328487
1726061.5157508655
1726210.2327812004
1726358.9626249613
1726507.7052832448
1726656.4607571587
1726805.2290478072
1726954.0101562983
1727102.804083729
1727251.6108312074
1727400.4303998381
1727549.2627907258
1727698.1080049786
1727846.9660436946
1727995.8369079821
1728144.7205989463
1728293.6171176957
1728442.5264653286
1728591.4486429538
1728740.3836516766
1728889.3314926028
1729038.2921668414
1729187.265675491
1729336.252019661
1729485.2512004573
1729634.2632189896
1729783.2880763568
1729932.3257736682
1730081.376312031
1730230.4396925508
1730379.5159163377
1730528.6049844916
1730677.7068981226
1730826.821658337
1730975.9492662423
1731125.0897229486
1731274.243029556
1731423.409187175
1731572.5881969132
1731721.7800598813
1731870.9847771793
1732020.202349919
1732169.4327792071
1732318.6760661558
1732467.9322118652
1732617.201217447
1732766.4830840093
1732915.7778126597
1733065.0854045106
1733214.4058606627
1733363.7391822282
1733513.0853703155
1733662.444426033
1733811.816350493
1733961.2011447977
1734110.5988100588
1734260.0093473857
1734409.4327578908
1734558.869042676
1734708.3182028544
1734857.7802395353
1735007.2551538278
1735156.7429468455
1735306.2436196906
1735455.7571734765
1735605.2836093127
1735754.8229283132
1735904.3751315805
1736053.9402202284
1736203.5181953672
1736353.109058107
1736502.7128095618
1736652.329450835
1736801.9589830409
1736951.60140729
1737101.2567246966
1737250.9249363644
1737400.6060434082
1737550.300046939
1737700.0069480676
1737849.7267479093
1737999.459447568
1738149.2050481588
1738298.9635507932
1738448.7349565865
1738598.5192666433
1738748.316482079
1738898.1266040055
1739047.9496335348
1739197.7855717824
1739347.6344198536
1739497.4961788643
1739647.370849927
1739797.2584341574
1739947.1589326612
1740097.0723465544
1740246.9986769503
1740396.9379249613
1740546.8900917044
1740696.855178285
1740846.8331858204
1740996.8241154233
1741146.827968211
1741296.8447452898
1741446.8744477767
1741596.9170767854
1741746.9726334296
1741897.0411188267
1742047.1225340837
1742197.216880318
1742347.3241586438
1742497.444370179
1742647.5775160305
1742797.7235973165
1742947.8826151516
1743098.0545706502
1743248.2394649305
1743398.4372991004
1743548.6480742786
1743698.8717915795
1743849.108452122
1743999.3580570142
1744149.620607375
1744299.8961043197
1744450.1845489638
1744600.4859424264
1744750.8002858162
1744901.1275802522
1745051.4678268505
1745201.821026727
1745352.1871810015
1745502.5662907828
1745652.9583571905
1745803.3633813413
1745953.7813643552
1746104.2123073414
1746254.6562114202
1746405.1130777083
1746555.5829073226
1746706.0657013834
1746856.561461001
1747007.0701872953
1747157.5918813841
1747308.1265443885
1747458.674177418
1747609.2347815942
1747759.8083580346
1747910.3949078568
1748060.9944321823
1748211.6069321216
1748362.2324087964
1748512.8708633247
1748663.5222968285
1748814.1867104187
1748964.8641052172
1749115.5544823424
1749266.257842913
1749416.9741880514
1749567.7035188687
1749718.4458364877
1749869.2011420273
1750019.9694366101
1750170.750721348
1750321.5449973638
1750472.3522657768
1750623.1725277067
1750774.0057842762
1750924.852036598
1751075.7112857953
1751226.583532988
1751377.4687792994
1751528.3670258427
1751679.2782737412
1751830.2025241153
1751981.139778085
1752132.0900367748
1752283.0533012976
1752434.0295727777
1752585.0188523356
1752736.021141096
1752887.0364401722
1753038.064750689
1753189.1060737676
1753340.1604105288
1753491.2277620977
1753642.3081295886
1753793.401514126
1753944.5079168319
1754095.6273388315
1754246.7597812393
1754397.9052451805
1754549.0637317775
1754700.235242152
1754851.4197774294
1755002.6173387256
1755153.8279271657
1755305.0515438726
1755456.2881899723
1755607.53786658
1755758.8005748224
1755910.0763158218
1756061.3650907015
1756212.666900588
1756363.981746597
1756515.3096298557
1756666.650551487
1756818.004512618
1756969.371514365
1757120.7515578552
1757272.1446442122
1757423.5507745598
1757574.9699500257
1757726.4021717263
1757877.8474407895
1758029.3057583391
1758180.7771255034
1758332.2615433994
1758483.759013155
1758635.269535895
1758786.7931127439
1758938.32974483
1759089.879433271
1759241.4421791954
1759393.017983728
1759544.6068479945
1759696.2087731233
1759847.8237602327
1759999.4518104515
1760151.0929249055
1760302.7471047235
1760454.4143510244
1760606.0946649376
1760757.7880475887
1760909.4945001039
1761061.214023613
1761212.9466192347
1761364.692288099
1761516.4510313326
1761668.2228500652
1761820.0077454161
1761971.805718516
1762123.6167704915
1762275.4409024692
1762427.27811558
1762579.1284109438
1762730.9917896912
1762882.8682529493
1763034.7578018494
1763186.6604375117
1763338.5761610672
1763490.5049736435
1763642.4468763685
1763794.4018703736
1763946.3699567795
1764098.351136718
1764250.345411317
1764402.3527817086
1764554.3732490137
1764706.4068143643
1764858.453478889
1765010.5132437167
1765162.5861099793
1765314.6720787985
1765466.771151307
1765618.8833286338
1765771.0086119114
1765923.1470022618
1766075.2985008182
1766227.46310871
1766379.6408270663
1766531.8316570204
1766684.035599695
1766836.2526562235
1766988.4828277356
1767140.726115365
1767292.9825202345
1767445.252043478
1767597.5346862257
1767749.830449608
1767902.1393347587
1768054.4613428016
1768206.7964748708
1768359.144732097
1768511.5061156147
1768663.8806265476
1768816.2682660306
1768968.6690351944
1769121.0829351707
1769273.5099670943
1769425.9501320894
1769578.403431291
1769730.869865831
1769883.3494368447
1770035.8421454565
1770188.3479928023
1770340.8669800137
1770493.3991082232
1770645.9443785665
1770798.5027921684
1770951.0743501657
1771103.65905369
1771256.2569038782
1771408.8679018556
1771561.4920487585
1771714.12934572
1771866.7797938727
1772019.4433943538
1772172.120148289
1772324.8100568154
1772477.5131210664
1772630.229342179
1772782.9587212792
1772935.701259505
1773088.4569579896
1773241.2258178673
1773394.0078402755
1773546.8030263411
1773699.611377202
1773852.4328939922
1774005.2675778463
1774158.1154299024
1774310.9764512875
1774463.8506431403
1774616.7380065955
1774769.6385427914
1774922.5522528556
1775075.479137927
1775228.419199141
1775381.3724376324
1775534.3388545404
1775687.3184509932
1775840.31122813
1775993.3171870862
1776146.3363290015
1776299.3686550043
1776452.414166234
1776605.4728638271
1776758.5447489193
1776911.6298226507
1777064.7280861503
1777217.8395405582
1777370.9641870107
1777524.1020266484
1777677.2530606005
1777830.4172900075
1777983.5947160064
1778136.7853397343
1778289.9891623317
1778443.2061849288
1778596.4364086664
1778749.6798346818
1778902.9364641162
1779056.2062981
1779209.4893377747
1779362.785584278
1779516.0950387474
1779669.4177023252
1779822.7535761415
1779976.1026613386
1780129.464959055
1780282.840470432
1780436.2291966015
1780589.6311387054
1780743.0462978825
1780896.4746752712
1781049.9162720146
1781203.371089244
1781356.8391281024
1781510.3203897285
1781663.8148752658
1781817.322585846
1781970.8435226125
1782124.3776867043
1782277.9250792617
1782431.4857014278
1782585.0595543352
1782738.6466391275
1782892.246956945
1783045.8605089309
1783199.4872962188
1783353.1273199525
1783506.7805812722
1783660.4470813186
1783814.126821236
1783967.819802158
1784121.526025229
1784275.24549159
1784428.9782023851
1784582.724158749
1784736.4833618263
1784890.2558127579
1785044.0415126858
1785197.840462755
1785351.6526640996
1785505.4781178653
1785659.3168251938
1785813.1687872307
1785967.0340051106
1786120.9124799792
1786274.804212979
1786428.7092052524
1786582.6274579451
1786736.5589721925
1786890.5037491408
1787044.4617899326
1787198.4330957145
1787352.4176676224
1787506.4155068025
1787660.4266143981
1787814.4509915523
1787968.4886394122
1788122.5395591138
1788276.6037518042
1788430.6812186271
1788584.7719607262
1788738.8759792491
1788892.993275332
1789047.1238501228
1789201.2677047655
1789355.4248404081
1789509.5952581873
1789663.7789592515
1789817.975944745
1789972.186215812
1790126.4097736015
1790280.6466192505
1790434.896753908
1790589.1601787184
1790743.4368948308
1790897.7269033832
1791052.030205524
1791206.346802399
1791360.6766951536
1791515.019884937
1791669.3763728873
1791823.7461601545
1791978.1292478838
1792132.5256372255
1792286.9353293178
1792441.3583253107
1792595.7946263505
1792750.2442335836
1792904.7071481599
1793059.1833712189
1793213.6729039107
1793368.1757473825
1793522.6919027842
1793677.2213712556
1793831.7641539478
1793986.3202520076
1794140.8896665822
1794295.4723988227
1794450.0684498693
1794604.6778208732
1794759.300512982
1794913.9365273472
1795068.585865109
1795223.2485274193
1795377.9245154262
1795532.6138302777
1795687.3164731255
1795842.032445111
1795996.761747386
1796151.5043810993
1796306.260347403
1796461.0296474383
1796615.8122823583
1796770.6082533114
1796925.4175614468
1797080.2402079175
1797235.076193865
1797389.9255204424
1797544.7881887995
1797699.664200089
1797854.5535554534
1798009.4562560462
1798164.372303017
1798319.3016975159
1798474.2444406964
1798629.2005337016
1798784.169977685
1798939.152773797
1799094.148923192
1799249.1584270129
1799404.1812864142
1799559.217502546
1799714.26707656
1799869.3300096102
1800024.4063028404
1800179.4959574055
1800334.5989744565
1800489.715355145
1800644.845100626
1800799.9882120432
1800955.1446905523
1801110.3145373052
1801265.497753457
1801420.6943401522
1801575.904298547
1801731.1276297928
1801886.3643350461
1802041.6144154514
1802196.877872165
1802352.1547063396
1802507.4449191273
1802662.7485116848
1802818.0654851575
1802973.395840702
1803128.7395794713
1803284.0967026183
1803439.4672113
1803594.8511066625
1803750.2483898627
1803905.659062054
1804061.083124394
1804216.5205780286
1804371.9714241156
1804527.4356638088
1804682.9132982623
1804838.4043286336
1804993.9087560696
1805149.4265817283
1805304.9578067644
1805460.5024323356
1805616.0604595894
1805771.631889684
1805927.2167237743
1806082.814963015
1806238.4266085653
1806394.0516615722
1806549.690123195
1806705.341994589
1806861.0072769132
1807016.6859713155
1807172.3780789555
1807328.0836009886
1807483.8025385707
1807639.5348928615
1807795.2806650093
1807951.0398561743
1808106.8124675122
1808262.598500183
1808418.3979553364
1808574.2108341316
1808730.0371377259
1808885.8768672757
1809041.7300239413
1809197.5966088725
1809353.4766232297
1809509.3700681704
1809665.276944855
1809821.1972544335
1809977.130998067
1810133.0781769133
1810289.0387921296
1810445.0128448773
1810601.0003363069
1810757.0012675796
1810913.0156398541
1811069.0434542915
1811225.084712043
1811381.1394142704
1811537.207562132
1811693.2891567864
1811849.3841993958
1812005.4926911115
1812161.614633096
1812317.750026508
1812473.8988725105
1812630.0611722548
1812786.2369269042
1812942.4261376176
1813098.6288055545
1813254.844931878
1813411.0745177404
1813567.317564305
1813723.5740727317
1813879.8440441838
1814036.127479814
1814192.4243807863
1814348.7347482604
1814505.058583397
1814661.39588736
1814817.7466613024
1814974.1109063884
1815130.488623779
1815286.8798146348
1815443.2844801203
1815599.7026213892
1815756.134239606
1815912.5793359324
1816069.037911533
1816225.5099675616
1816381.9955051837
1816538.4945255606
1816695.007029858
1816851.53301923
1817008.072494842
1817164.6254578568
1817321.1919094354
1817477.7718507445
1817634.3652829386
1817790.9722071837
1817947.5926246424
1818104.2265364775
1818260.8739438548
1818417.5348479303
1818574.2092498702
1818730.8971508374
1818887.5985519988
1819044.3134545104
1819201.0418595388
1819357.7837682476
1819514.5391818003
1819671.3081013642
1819828.0905280951
1819984.886463161
1820141.6959077257
1820298.518862957
1820455.355330011
1820612.205310056
1820769.0688042564
1820925.9458137762
1821082.8363397839
1821239.7403834364
1821396.6579459026
1821553.5890283466
1821710.533631937
1821867.4917578322
1822024.4634072003
1822181.4485812064
1822338.447281016
1822495.4595077985
1822652.4852627113
1822809.5245469243
1822966.5773616028
1823123.6437079164
1823280.7235870236
1823437.817000094
1823594.9239482938
1823752.0444327893
1823909.17845475
1824066.3260153355
1824223.4871157154
1824380.6617570568
1824537.8499405298
1824695.0516672938
1824852.2669385194
1825009.4957553735
1825166.7381190236
1825323.9940306402
1825481.263491383
1825638.5465024237
1825795.8430649294
1825953.1531800714
1826110.47684901
1826267.8140729167
1826425.1648529596
1826582.5291903066
1826739.907086129
1826897.2985415885
1827054.7035578564
1827212.1221361011
1827369.5542774952
1827526.9999831996
1827684.4592543868
1827841.9320922259
1827999.418497885
1828156.9184725375
1828314.432017345
1828471.9591334802
1828629.4998221125
1828787.054084415
1828944.62192155
1829102.2033346903
1829259.7983250062
1829417.4068936668
1829575.0290418465
1829732.6647707075
1829890.3140814235
1830047.9769751648
1830205.6534531019
1830363.3435164087
1830521.0471662483
1830678.7644037954
1830836.49523022
1830994.2396466974
1831151.9976543905
1831309.7692544744
1831467.55444812
1831625.3532365023
1831783.1656207852
1831940.9916021437
1832098.8311817497
1832256.6843607745
1832414.5511403934
1832572.4315217712
1832730.3255060832
1832888.2330945018
1833046.1542881988
1833204.08908835
1833362.037496121
1833519.999512687
1833677.9751392212
1833835.9643768999
1833993.967226888
1834151.9836903624
1834310.013768496
1834468.0574624618
1834626.1147734364
1834784.185702586
1834942.2702510876
1835100.3684201145
1835258.4802108437
1835416.605624442
1835574.7446620865
1835732.8973249511
1835891.0636142096
1836049.2435310401
1836207.437076609
1836365.6442520944
1836523.8650586708
1836682.099497516
1836840.3475697974
1836998.6092766933
1837156.8846193785
1837315.1735990276
1837473.4762168198
1837631.7924739223
1837790.1223715139
1837948.4659107702
1838106.8230928702
1838265.1939189816
1838423.5783902842
1838581.9765079534
1838740.3882731649
1838898.8136870982
1839057.2527509222
1839215.7054658164
1839374.171832957
1839532.6518535241
1839691.1455286867
1839849.6528596247
1840008.173847515
1840166.708493534
1840325.2567988625
1840483.8187646696
1840642.3943921363
1840800.9836824394
1840959.5866367603
1841118.2032562683
1841276.8335421446
1841435.4774955672
1841594.1351177131
1841752.8064097639
1841911.49137289
1842070.190008273
1842228.9023170911
1842387.6283005257
1842546.3679597478
1842705.1212959394
1842863.888310279
1843022.669003945
1843181.4633781197
1843340.2714339746
1843499.0931726918
1843657.9285954505
1843816.7777034335
1843975.6404978123
1844134.5169797698
1844293.4071504856
1844452.3110111388
1844611.228562913
1844770.1598069798
1844929.1047445233
1845088.0633767229
1845247.0357047587
1845406.0217298144
1845565.0214530628
1845724.0348756877
1845883.0619988693
1846042.1028237923
1846201.157351629
1846360.2255835647
1846519.3075207793
1846678.403164458
1846837.5125157738
1846996.6355759117
1847155.7723460528
1847314.9228273784
1847474.0870210738
1847633.2649283125
1847792.45655028
1847951.6618881582
1848110.8809431286
1848270.113716377
1848429.3602090774
1848588.6204224161
1848747.8943575753
1848907.1820157408
1849066.4833980873
1849225.7985058012
1849385.1273400653
1849544.469902062
1849703.826192978
1849863.1962139886
1850022.5799662804
1850181.9774510367
1850341.3886694442
1850500.8136226789
1850660.252311928
1850819.7047383748
1850979.1709032028
1851138.6508075998
1851298.1444527416
1851457.6518398165
1851617.1729700079
1851776.707844504
1851936.2564644814
1852095.818831128
1852255.3949456287
1852414.9848091675
1852574.588422933
1852734.2057881022
1852893.8369058638
1853053.481777403
1853213.1404039082
1853372.8127865572
1853532.498926539
1853692.1988250387
1853851.9124832419
1854011.639902338
1854171.3810835048
1854331.1360279322
1854490.9047368057
1854650.6872113151
1854810.4834526388
1854970.2934619673
1855130.117240486
1855289.9547893817
1855449.8061098447
1855609.671203054
1855769.5500701996
1855929.4427124688
1856089.3491310521
1856249.2693271288
1856409.2033018896
1856569.1510565218
1856729.1125922129
1856889.0879101537
1857049.0770115245
1857209.0798975162
1857369.0965693167
1857529.1270281177
1857689.1712750993
1857849.2293114534
1858009.301138368
1858169.3867570315
1858329.4861686358
1858489.5993743616
1858649.7263754015
1858809.8671729437
1858970.0217681811
1859130.1901622948
1859290.3723564772
1859450.5683519177
1859610.7781498053
1859771.001751333
1859931.2391576825
1860091.490370047
1860251.755389616
1860412.0342175793
1860572.3268551303
1860732.6333034511
1860892.9535637356
1861053.2876371737
1861213.6355249595
1861373.9972282758
1861534.3727483163
1861694.7620862718
1861855.1652433362
1862015.5822206934
1862176.0130195369
1862336.4576410584
1862496.9160864484
1862657.388356902
1862817.8744536026
1862978.3743777452
1863138.8881305214
1863299.4157131226
1863459.957126744
1863620.5123725699
1863781.0814517958
1863941.6643656136
1864102.2611152192
1864262.8717017968
1864423.4961265426
1864584.1343906487
1864744.7864953077
1864905.4524417159
1865066.132231058
1865226.8258645309
1865387.5333433272
1865548.2546686437
1865708.9898416658
1865869.7388635904
1866030.5017356107
1866191.2784589198
1866352.0690347154
1866512.873464183
1866673.6917485201
1866834.5238889207
1866995.3698865823
1867156.2297426912
1867317.103458445
1867477.9910350384
1867638.8924736653
1867799.8077755237
1867960.7369418007
1868121.6799736945
1868282.6368724
1868443.6076391155
1868604.5922750286
1868765.5907813376
1868926.603159238
1869087.6294099244
1869248.6695345966
1869409.723534442
1869570.79141066
1869731.8731644459
1869892.9687969994
1870054.0783095087
1870215.2017031736
1870376.3389791897
1870537.4901387536
1870698.655183065
1870859.8341133127
1871021.026930697
1871182.2336364142
1871343.4542316648
1871504.688717638
1871665.9370955343
1871827.1993665507
1871988.4755318842
1872149.7655927357
1872311.069550295
1872472.387405763
1872633.7191603372
1872795.064815219
1872956.4243715988
1873117.7978306774
1873279.1851936532
1873440.5864617238
1873602.0016360916
1873763.4307179465
1873924.873708491
1874086.3306089235
1874247.801420446
1874409.2861442496
1874570.7847815368
1874732.2973335064
1874893.8238013573
1875055.3641862923
1875216.9184895027
1875378.4867121915
1875540.0688555583
1875701.6649208025
1875863.274909127
1876024.898821724
1876186.5366597972
1876348.1884245463
1876509.8541171749
1876671.5337388755
1876833.227290852
1876994.9347743047
1877156.656190438
1877318.3915404442
1877480.1408255277
1877641.9040468896
1877803.6812057302
1877965.4723032545
1878127.2773406554
1878289.0963191383
1878450.9292399038
1878612.7761041536
1878774.6369130928
1878936.5116679152
1879098.400369826
1879260.303020027
1879422.219619724
1879584.150170111
1879746.094672394
1879908.053127775
1880070.025537456
1880232.0119026434
1880394.012224532
1880556.0265043278
1880718.0547432336
1880880.096942456
1881042.15310319
1881204.2232266427
1881366.3073140166
1881528.4053665153
1881690.5173853454
1881852.643371703
1882014.7833267953
1882176.9372518258
1882339.1051480018
1882501.2870165196
1882663.4828585866
1882825.692675407
1882987.916468185
1883150.1542381283
1883312.4059864336
1883474.6717143091
1883636.9514229596
1883799.2451135928
1883961.5527874064
1884123.8744456088
1884286.2100894046
1884448.559719999
1884610.9233386014
1884773.3009464086
1884935.69254463
1885098.0981344713
1885260.5177171414
1885422.9512938384
1885585.3988657722
1885747.8604341482
1885910.3360001724
1886072.8255650548
1886235.329129994
1886397.8466961996
1886560.3782648782
1886722.9238372403
1886885.4834144844
1887048.0569978214
1887210.644588458
1887373.2461876005
1887535.8617964603
1887698.4914162366
1887861.1350481405
1888023.7926933793
1888186.464353164
1888349.1500286947
1888511.8497211826
1888674.5634318353
1888837.291161861
1889000.0329124713
1889162.7886848664
1889325.558480258
1889488.342299855
1889651.1401448692
1889813.9520165012
1889976.7779159637
1890139.617844465
1890302.471803214
1890465.3397934232
1890628.2218162944
1890791.1178730398
1890954.027964869
1891116.9520929912
1891279.8902586196
1891442.8424629557
1891605.8087072133
1891768.788992602
1891931.7833203352
1892094.7916916152
1892257.814107656
1892420.8505696673
1892583.9010788638
1892746.9656364475
1892910.0442436328
1893073.1369016306
1893236.2436116508
1893399.3643749086
1893562.499192607
1893725.6480659605
1893888.8109961802
1894051.9879844775
1894215.1790320673
1894378.3841401532
1894541.6033099506
1894704.8365426708
1894868.08383953
1895031.3452017314
1895194.6206304913
1895357.9101270214
1895521.213692534
1895684.5313282448
1895847.8630353587
1896011.2088150918
1896174.5686686565
1896337.9425972693
1896501.3306021355
1896664.7326844712
1896828.1488454898
1896991.579086404
1897155.0234084313
1897318.4818127765
1897481.9543006571
1897645.4408732867
1897808.9415318824
1897972.4562776503
1898135.985111808
1898299.5280355692
1898463.0850501482
1898626.6561567627
1898790.241356619
1898953.8406509354
1899117.4540409262
1899281.08152781
1899444.7231127934
1899608.3787970948
1899772.0485819294
1899935.732468512
1900099.4304580612
1900263.1425517844
1900426.868750901
1900590.6090566262
1900754.3634701793
1900918.1319927678
1901081.9146256114
1901245.711369926
1901409.5222269273
1901573.347197835
1901737.1862838578
1901901.0394862152
1902064.9068061237
1902228.7882448037
1902392.6838034636
1902556.5934833242
1902720.5172856017
1902884.4552115134
1903048.40726228
1903212.3734391101
1903376.3537432256
1903540.348175843
1903704.3567381802
1903868.379431458
1904032.4162568862
1904196.4672156866
1904360.5323090765
1904524.6115382782
1904688.7049045013
1904852.812408968
1905016.9340528965
1905181.0698375087
1905345.2197640156
1905509.383833639
1905673.562047598
1905837.7544071109
1906001.9609134006
1906166.181567678
1906330.416371166
1906494.665325084
1906658.9284306508
1906823.2056890898
1906987.4971016126
1907151.8026694425
1907316.1223937992
1907480.4562759064
1907644.804316976
1907809.166518232
1907973.5428808942
1908137.933406183
1908302.3380953223
1908466.7569495249
1908631.1899700148
1908795.6371580132
1908960.0985147438
1909124.5740414204
1909289.0637392672
1909453.5676095055
1909618.0856533563
1909782.6178720447
1909947.164266784
1910111.7248387998
1910276.2995893136
1910440.8885195507
1910605.491630725
1910770.1089240627
1910934.7404007853
1911099.386062115
1911264.0459092776
1911428.7199434878
1911593.4081659717
1911758.110577952
1911922.8271806547
1912087.5579752952
1912252.3029631
1912417.0621452918
1912581.8355230936
1912746.6230977327
1912911.4248704242
1913076.2408423955
1913241.0710148697
1913405.9153890745
1913570.7739662258
1913735.646747551
1913900.5337342736
1914065.4349276184
1914230.3503288126
1914395.2799390727
1914560.2237596272
1914725.1817917
1914890.1540365198
1915055.140495303
1915220.1411692786
1915385.1560596712
1915550.1851677056
1915715.2284946109
1915880.2860416041
1916045.3578099145
1916210.4438007672
1916375.5440153917
1916540.6584550058
1916705.7871208389
1916870.9300141165
1917036.087136065
1917201.2584879135
1917366.444070881
1917531.643886197
1917696.857935088
1917862.086218784
1918027.3287385043
1918192.5854954787
1918357.856490934
1918523.1417260973
1918688.441202199
1918853.754920459
1919019.0828821072
1919184.4250883716
1919349.7815404793
1919515.152239662
1919680.5371871386
1919845.9363841412
1920011.3498318973
1920176.777531639
1920342.219484586
1920507.6756919706
1920673.146155021
1920838.6308749688
1921004.1298530353
1921169.6430904523
1921335.1705884489
1921500.7123482532
1921666.2683710982
1921831.8386582052
1921997.423210807
1922163.0220301321
1922328.6351174107
1922494.2624738754
1922659.904100748
1922825.559999262
1922991.2301706467
1923156.9146161363
1923322.6133369524
1923488.326334329
1923654.0536094964
1923819.7951636843
1923985.5509981273
1924151.3211140477
1924317.10551268
1924482.904195255
1924648.717163007
1924814.544417159
1924980.385958946
1925146.241789599
1925312.1119103488
1925477.9963224311
1925643.895027069
1925809.808025498
1925975.7353189497
1926141.6769086593
1926307.6327958512
1926473.602981761
1926639.5874676208
1926805.5862546626
1926971.5993441225
1927137.6267372246
1927303.6684352057
1927469.7244392983
1927635.7947507387
1927801.8793707518
1927967.9783005742
1928134.0915414393
1928300.2190945798
1928466.3609612328
1928632.517142624
1928798.6876399901
1928964.8724545648
1929131.0715875858
1929297.285040279
1929463.5128138815
1929629.7549096278
1929796.0113287517
1929962.282072491
1930128.5671420724
1930294.866538734
1930461.18026371
1930627.5083182394
1930793.8507035484
1930960.2074208758
1931126.5784714567
1931292.9638565257
1931459.363577322
1931625.7776350733
1931792.206031018
1931958.648766392
1932125.1058424343
1932291.577260373
1932458.0630214477
1932624.563126894
1932791.077577948
1932957.6063758496
1933124.149521827
1933290.7070171202
1933457.278862966
1933623.8650606044
1933790.465611264
1933957.0805161858
1934123.7097766062
1934290.3533937621
1934457.0113688945
1934623.6837032328
1934790.3703980178
1934957.0714544868
1935123.7868738775
1935290.516657431
1935457.2608063773
1935624.0193219578
1935790.7922054105
1935957.5794579773
1936124.3810808884
1936291.1970753856
1936458.0274427074
1936624.8721840961
1936791.7313007824
1936958.6047940084
1937125.492665013
1937292.394915035
1937459.3115453175
1937626.2425570912
1937793.187951599
1937960.1477300809
1938127.1218937754
1938294.1104439264
1938461.1133817653
1938628.1307085357
1938795.1624254773
1938962.208533834
1939129.2690348378
1939296.343929733
1939463.4332197595
1939630.5369061574
1939797.6549901713
1939964.7874730339
1940131.9343559896
1940299.095640279
1940466.271327147
1940633.4614178266
1940800.6659135628
1940967.8848155967
1941135.1181251695
1941302.3658435266
1941469.6279719016
1941636.9045115397
1941804.195463683
1941971.500829577
1942138.8206104557
1942306.154807565
1942473.5034221471
1942640.8664554441
1942808.2439087024
1942975.6357831564
1943143.0420800524
1943310.4628006334
1943477.897946146
1943645.3475178252
1943812.8115169175
1943980.2899446667
1944147.7828023152
1944315.2900911106
1944482.8118122884
1944650.3479670957
1944817.8985567766
1944985.4635825786
1945153.0430457375
1945320.6369475012
1945488.2452891136
1945655.8680718192
1945823.5052968657
1945991.15696549
1946158.8230789404
1946326.5036384612
1946494.1986453012
1946661.9081006974
1946829.6320058985
1946997.3703621493
1947165.1231706953
1947332.8904327855
1947500.672149657
1947668.4683225597
1947836.2789527387
1948004.104041444
1948171.943589913
1948339.7975993957
1948507.666071138
1948675.5490063862
1948843.44640639
1949011.3582723883
1949179.284605631
1949347.2254073648
1949515.1806788403
1949683.150421296
1949851.1346359828
1950019.133324148
1950187.1464870381
1950355.1741259047
1950523.2162419865
1950691.2728365355
1950859.3439107987
1951027.4294660238
1951195.5295034624
1951363.6440243544
1951531.7730299516
1951699.9165215022
1951868.074500258
1952036.2469674596
1952204.433924359
1952372.6353722047
1952540.8513122492
1952709.0817457333
1952877.3266739096
1953045.586098027
1953213.8600193344
1953382.148439085
1953550.45135852
1953718.7687788925
1953887.1007014522
1954055.4471274484
1954223.8080581345
1954392.1834947527
1954560.5734385566
1954728.977890796
1954897.3968527252
1955065.830325586
1955234.278310633
1955402.7408091165
1955571.2178222868
1955739.7093513987
1955908.2153976946
1956076.7359624298
1956245.2710468546
1956413.8206522244
1956582.3847797823
1956750.9634307835
1956919.556606479
1957088.1643081207
1957256.7865369641
1957425.4232942525
1957594.0745812422
1957762.7403991846
1957931.4207493358
1958100.11563294
1958268.8250512534
1958437.5490055284
1958606.287497017
1958775.0405269763
1958943.8080966505
1959112.5902072964
1959281.3868601671
1959450.1980565193
1959619.023797598
1959787.8640846608
1959956.7189189603
1960125.5883017506
1960294.4722342887
1960463.3707178205
1960632.2837536035
1960801.2113428914
1960970.1534869426
1961139.1101870027
1961308.08144433
1961477.067260179
1961646.0676358035
1961815.0825724625
1961984.1120714021
1962153.1561338813
1962322.214761155
1962491.2879544818
1962660.3757151088
1962829.4780442952
1962998.5949432962
1963167.726413367
1963336.8724557674
1963506.0330717445
1963675.208262558
1963844.398029464
1964013.6023737222
1964182.8212965804
1964352.054799299
1964521.302883134
1964690.5655493417
1964859.8427991827
1965029.1346339053
1965198.4410547703
1965367.762063034
1965537.097659958
1965706.4478467908
1965875.8126247935
1966045.1919952233
1966214.5859593374
1966383.9945183974
1966553.4176736525
1966722.8554263646
1966892.307777791
1967061.7747291902
1967231.2562818234
1967400.752436941
1967570.2631958053
1967739.7885596743
1967909.3285298103
1968078.883107464
1968248.452293898
1968418.0360903707
1968587.6344981452
1968757.2475184721
1968926.8751526147
1969096.5174018322
1969266.1742673833
1969435.8457505319
1969605.5318525292
1969775.2325746387
1969944.9479181203
1970114.6778842334
1970284.4224742423
1970454.1816893988
1970623.955530967
1970793.7440002072
1970963.5470983833
1971133.3648267484
1971303.1971865664
1971473.0441790984
1971642.905805605
1971812.782067351
1971982.6729655892
1972152.5785015852
1972322.4986765997
1972492.4334918982
1972662.382948734
1972832.3470483727
1973002.325792076
1973172.3191811054
1973342.327216727
1973512.3499001944
1973682.3872327742
1973852.4392157278
1974022.5058503223
1974192.5871378116
1974362.683079462
1974532.7936765365
1974702.9189302977
1974873.0588420127
1975043.2134129356
1975213.3826443343
1975383.5665374715
1975553.7650936146
1975723.9783140188
1975894.2061999517
1976064.448752677
1976234.705973458
1976404.977863563
1976575.2644242474
1976745.5656567798
1976915.8815624237
1977086.2121424477
1977256.557398108
1977426.9173306732
1977597.2919414076
1977767.6812315763
1977938.0852024476
1978108.5038552787
1978278.9371913383
1978449.385211892
1978619.8479182085
1978790.3253115453
1978960.8173931718
1979131.3241643538
1979301.8456263565
1979472.3817804502
1979642.9326278921
1979813.4981699528
1979984.078407898
1980154.6733429981
1980325.2829765114
1980495.9073097082
1980666.5463438549
1980837.2000802185
1981007.8685200694
1981178.5516646665
1981349.249515281
1981519.9620731797
1981690.6893396338
1981861.4313159029
1982032.1880032578
1982202.9594029668
1982373.7455162967
1982544.5463445198
1982715.3618888955
1982886.1921506962
1983057.0371311896
1983227.896831644
1983398.7712533316
1983569.6603975128
1983740.5642654602
1983911.4828584422
1984082.4161777317
1984253.3642245894
1984424.3270002883
1984595.3045060972
1984766.2967432896
1984937.3037131266
1985108.3254168814
1985279.3618558235
1985450.4130312228
1985621.4789443526
1985792.559596475
1985963.6549888637
1986134.7651227887
1986305.8899995205
1986477.0296203329
1986648.1839864885
1986819.3530992616
1986990.5369599229
1987161.735569747
1987332.9489299965
1987504.1770419464
1987675.4199068681
1987846.6775260323
1988017.9499007142
1988189.2370321774
1988360.538921697
1988531.855570545
1988703.1869799967
1988874.533151316
1989045.8940857786
1989217.2697846568
1989388.6602492223
1989560.065480752
1989731.4854805092
1989902.9202497713
1990074.3697898102
1990245.8341019028
1990417.313187314
1990588.8070473203
1990760.315683195
1990931.839096211
1991103.3772876456
1991274.930258764
1991446.4980108435
1991618.080545158
1991789.6778629848
1991961.28996559
1992132.916854251
1992304.558530242
1992476.214994837
1992647.8862493145
1992819.5722949405
1992991.2731329931
1993162.9887647475
1993334.7191914818
1993506.464414463
1993678.2244349697
1993849.9992542772
1994021.7888736601
1994193.593294398
1994365.4125177579
1994537.2465450193
1994709.0953774578
1994880.959016353
1995052.8374629722
1995224.7307185957
1995396.6387844994
1995568.5616619592
1995740.4993522551
1995912.4518566558
1996084.4191764414
1996256.4013128884
1996428.3982672775
1996600.4100408775
1996772.436634969
1996944.4780508287
1997116.5342897342
1997288.6053529663
1997460.6912417945
1997632.7919575
1997804.9075013602
1997977.037874657
1998149.1830786597
1998321.3431146503
1998493.5179839067
1998665.7076877072
1998837.9122273335
1999010.131604056
1999182.365819157
1999354.6148739154
1999526.8787696094
1999699.1575075218
1999871.451088923
2000043.7595150967
2000216.0827873212
2000388.42090688
2000560.7738750442
2000733.1416930973
2000905.5243623187
2001077.921883992
2001250.3342593887
2001422.7614897927
2001595.203576484
2001767.6605207426
2001940.1323238525
2002112.618987086
2002285.1205117274
2002457.6368990573
2002630.168150356
2002802.7142669086
2002975.2752499876
2003147.8511008779
2003320.4418208604
2003493.0474112204
2003665.667873231
2003838.3032081777
2004010.953417342
2004183.618502005
2004356.298463453
2004528.9933029595
2004701.7030218102
2004874.4276212873
2005047.1671026768
2005219.9214672532
2005392.6907163025
2005565.4748511072
2005738.2738729499
2005911.0877831175
2006083.9165828845
2006256.7602735378
2006429.6188563604
2006602.4923326394
2006775.3807036502
2006948.2839706799
2007121.202135012
2007294.1351979303
2007467.0831607222
2007640.0460246631
2007813.0237910417
2007986.0164611414
2008159.0240362505
2008332.0465176452
2008505.0839066138
2008678.1362044406
2008851.2034124106
2009024.2855318119
2009197.3825639216
2009370.4945100283
2009543.6213714173
2009716.7631493777
2009889.9198451864
2010063.091460133
2010236.2779955026
2010409.4794525811
2010582.695832658
2010755.9271370112
2010929.1733669303
2011102.4345237014
2011275.7106086146
2011449.0016229483
2011622.3075679925
2011795.6284450337
2011968.9642553586
2012142.3150002577
2012315.6806810098
2012489.0612989059
2012662.4568552328
2012835.8673512817
2013009.2927883316
2013182.733167674
2013356.1884905964
2013529.658758386
2013703.143972335
2013876.6441337226
2014050.159243841
2014223.6893039779
2014397.2343154259
2014570.7942794645
2014744.3691973865
2014917.9590704804
2015091.5639000344
2015265.1836873414
2015438.8184336817
2015612.4681403488
2015786.1328086313
2015959.8124398182
2016133.507035203
2016307.216596067
2016480.9411237033
2016654.6806194019
2016828.4350844559
2017002.2045201475
2017175.9889277704
2017349.7883086144
2017523.602663974
2017697.431995131
2017871.27630338
2018045.1355900113
2018219.0098563153
2018392.899103587
2018566.8033331088
2018740.7225461758
2018914.6567440787
2019088.605928109
2019262.5700995617
2019436.54925972
2019610.543409879
2019784.5525513312
2019958.5766853716
2020132.615813284
2020306.669936364
2020480.7390559043
2020654.8231731965
2020828.9222895368
2021003.0364062097
2021177.1655245114
2021351.3096457347
2021525.4687711762
2021699.6429021205
2021873.8320398643
2022048.0361857011
2022222.2553409236
2022396.4895068293
2022570.7386847031
2022745.0028758429
2022919.2820815418
2023093.576303098
2023267.8855417965
2023442.2097989356
2023616.5490758095
2023790.903373712
2023965.2726939416
2024139.657037784
2024314.0564065382
2024488.4708014987
2024662.9002239641
2024837.344675221
2025011.8041565684
2025186.278669301
2025360.7682147145
2025535.2727941077
2025709.7924087679
2025884.3270599947
2026058.8767490834
2026233.4414773341
2026408.0212460344
2026582.6160564837
2026757.2259099786
2026931.850807815
2027106.4907512933
2027281.1457417014
2027455.81578034
2027630.5008685056
2027805.2010074991
2027979.916198609
2028154.646443136
2028329.3917423775
2028504.1520976303
2028678.927510196
2028853.7179813639
2029028.523512435
2029203.3441047072
2029378.179759478
2029553.0304780495
2029727.8962617111
2029902.7771117652
2030077.6730295096
2030252.5840162472
2030427.5100732674
2030602.4512018734
2030777.4074033631
2030952.37867904
2031127.3650301942
2031302.3664581287
2031477.3829641428
2031652.4145495354
2031827.4612156102
2032002.5229636577
2032177.5997949818
2032352.6917108824
2032527.7987126585
2032702.9208016146
2032878.0579790422
2033053.2102462451
2033228.3776045241
2033403.560055183
2033578.757599514
2033753.970238822
2033929.1979744073
2034104.4408075705
2034279.698739617
2034454.9717718388
2034630.2599055415
2034805.5631420263
2034980.8814825984
2035156.2149285509
2035331.5634811893
2035506.9271418154
2035682.305911731
2035857.6997922417
2036033.1087846414
2036208.5328902362
2036383.9721103283
2036559.4264462239
2036734.8958992173
2036910.380470615
2037085.8801617199
2037261.3949738343
2037436.9249082652
2037612.4699663077
2037788.0301492685
2037963.605458451
2038139.1958951626
2038314.8014606982
2038490.4221563658
2038666.0579834688
2038841.7089433107
2039017.3750371998
2039193.0562664317
2039368.7526323146
2039544.4641361525
2039720.190779254
2039895.9325629154
2040071.6894884447
2040247.461557147
2040423.2487703273
2040599.051129294
2040774.868635344
2040950.7012897867
2041126.549093927
2041302.4120490747
2041478.2901565263
2041654.183417592
2041830.0918335773
2042006.0154057879
2042181.9541355337
2042357.9080241127
2042533.8770728346
2042709.8612830061
2042885.8606559376
2043061.875192927
2043237.904895285
2043413.9497643183
2043590.0098013338
2043766.0850076424
2043942.1753845427
2044118.280933346
2044294.4016553594
2044470.5375518948
2044646.688624251
2044822.8548737394
2044999.0363016683
2045175.232909345
2045351.4446980818
2045527.6716691782
2045703.9138239466
2045880.171163695
2046056.443689732
2046232.7314033702
2046409.0343059096
2046585.3523986633
2046761.6856829398
2046938.0341600524
2047114.397831302
2047290.7766980012
2047467.1707614597
2047643.580022991
2047820.004483896
2047996.444145489
2048172.899009079
2048349.3690759763
2048525.8543474947
2048702.3548249358
2048878.8705096142
2049055.4014028402
2049231.9475059237
2049408.5088201798
2049585.0853469106
2049761.677087431
2049938.2840430518
2050114.906215088
2050291.5436048424
2050468.1962136303
2050644.8640427631
2050821.5470935518
2050998.2453673126
2051174.9588653482
2051351.687588975
2051528.4315395048
2051705.1907182531
2051881.9651265244
2052058.7547656344
2052235.559636896
2052412.379741621
2052589.2150811264
2052766.0656567167
2052942.9314697082
2053119.8125214144
2053296.708813152
2053473.6203462258
2053650.5471219532
2053827.4891416477
2054004.4464066224
2054181.4189181954
2054358.4066776715
2054535.409686369
2054712.4279456015
2054889.4614566874
2055066.5102209325
2055243.574239655
2055420.653514169
2055597.7480457893
2055774.8578358346
2055951.9828856112
2056129.1231964377
2056306.2787696295
2056483.4496065055
2056660.6357083726
2056837.83707655
2057015.053712353
2057192.2856170973
2057369.5327921028
2057546.7952386762
2057724.072958138
2057901.3659518042
2058078.6742209946
2058255.997767017
2058433.336591192
2058610.690694836
2058788.0600792654
2058965.444745801
2059142.844695751
2059320.2599304365
2059497.6904511745
2059675.1362592862
2059852.5973560803
2060030.0737428784
2060207.5654209978
2060385.0723917559
2060562.5946564744
2060740.132216463
2060917.6850730437
2061095.2532275342
2061272.8366812568
2061450.4354355214
2061628.0494916504
2061805.6788509623
2061983.3235147754
2062160.983484413
2062338.658761185
2062516.3493464144
2062694.0552414206
2062871.7764475222
2063049.512966043
2063227.264798294
2063405.0319455983
2063582.814409276
2063760.6121906505
2063938.4252910335
2064116.2537117489
2064294.0974541164
2064471.9565194612
2064649.8309090943
2064827.7206243405
2065005.6256665203
2065183.5460369543
2065361.481736967
2065539.4327678715
2065717.3991309924
2065895.3808276507
2066073.3778591678
2066251.390226869
2066429.417932067
2066607.460976088
2066785.5193602534
2066963.5930858888
2067141.682154308
2067319.786566837
2067497.9063247978
2067676.0414295124
2067854.1918823076
2068032.3576844975
2068210.5388374082
2068388.735342363
2068566.947200688
2068745.1744136985
2068923.416982721
2069101.6749090792
2069279.9481940959
2069458.2368390984
2069636.540845402
2069814.8602143344
2069993.1949472195
2070171.5450453847
2070349.9105101458
2070528.291342831
2070706.687544764
2070885.0991172697
2071063.526061676
2071241.9683792994
2071420.4260714683
2071598.8991395077
2071777.3875847461
2071955.8914085005
2072134.4106120998
2072312.9451968693
2072491.4951641343
2072670.060515224
2072848.6412514558
2073027.2373741593
2073205.84888466
2073384.4757842885
2073563.118074362
2073741.7757562106
2073920.4488311606
2074099.1373005381
2074277.8411656742
2074456.5604278862
2074635.2950885056
2074814.0451488586
2074992.8106102766
2075171.5914740781
2075350.3877415943
2075529.1994141524
2075708.0264930795
2075886.8689797076
2076065.7268753555
2076244.6001813551
2076423.4888990342
2076602.393029725
2076781.312574747
2076960.2475354322
2077139.197913109
2077318.1637091062
2077497.1449247557
2077676.141561378
2077855.153620306
2078034.1811028682
2078213.2240103981
2078392.2823442162
2078571.3561056557
2078750.4452960456
2078929.5499167158
2079108.669969
2079287.8054542185
2079466.9563737062
2079646.1227287923
2079825.304520807
2080004.5017510846
2080183.7144209465
2080362.9425317277
2080542.186084758
2080721.4450813727
2080900.7195228934
2081080.0094106556
2081259.3147459896
2081438.635530231
2081617.9717647023
2081797.3234507388
2081976.690589672
2082156.0731828331
2082335.4712315584
2082514.8847371703
2082694.3137010052
2082873.7581243948
2083053.2180086714
2083232.6933551712
2083412.184165218
2083591.690440148
2083771.212181294
2083950.749389993
2084130.3020675688
2084309.8702153587
2084489.4538346953
2084669.052926912
2084848.667493346
2085028.297535322
2085207.9430541776
2085387.6040512463
2085567.2805278662
2085746.9724853623
2085926.6799250725
2086106.4028483313
2086286.141256472
2086465.8951508338
2086645.664532742
2086825.4494035353
2087005.2497645484
2087185.0656171201
2087364.8969625765
2087544.7438022569
2087724.6061374962
2087904.4839696295
2088084.3772999963
2088264.2861299235
2088444.2104607506
2088624.150293813
2088804.105630451
2088984.076471992
2089164.0628197757
2089344.0646751383
2089524.0820394158
2089704.114913949
2089884.1633000656
2090064.2271991062
2090244.3066124076
2090424.4015413106
2090604.5119871434
2090784.6379512476
2090964.7794349599
2091144.9364396175
2091325.1089665622
2091505.2970171226
2091685.5005926406
2091865.7196944538
2092045.9543239041
2092226.204482321
2092406.4701710464
2092586.751391419
2092767.0481447766
2092947.3604324618
2093127.6882558044
2093308.0316161474
2093488.3905148294
2093668.7649531937
2093849.1549325702
2094029.5604543025
2094209.9815197294
2094390.4181301906
2094570.8702870295
2094751.3379915769
2094931.8212451767
2095112.3200491688
2095292.8344048972
2095473.3643136933
2095653.9097769014
2095834.4707958614
2096015.0473719141
2096195.6395064038
2096376.2472006625
2096556.8704560352
2096737.5092738627
2096918.1636554855
2097098.8336022494
2097279.5191154866
2097460.2201965423
2097640.9368467582
2097821.6690674806
2098002.416860041
2098183.1802257868
2098363.959166059
2098544.7536822036
2098725.5637755548
2098906.3894474586
2099087.230699257
2099268.087532293
2099448.959947913
2099629.8479474504
2099810.7515322533
2099991.670703664
2100172.605463025
2100353.5558116846
2100534.521750977
2100715.503282249
2100896.500406845
2101077.5131261125
2101258.5414413866
2101439.585354015
2101620.6448653424
2101801.7199767116
2101982.8106894717
2102163.9170049587
2102345.0389245204
2102526.1764495014
2102707.329581251
2102888.498321105
2103069.682670412
2103250.882630518
2103432.0982027673
2103613.3293885095
2103794.576189081
2103975.838605832
2104157.1166401072
2104338.410293258
2104519.7195666195
2104701.044461543
2104882.3849793747
2105063.7411214598
2105245.1128891497
2105426.5002837814
2105607.903306706
2105789.3219592697
2105970.7562428233
2106152.206158706
2106333.6717082676
2106515.152892856
2106696.6497138184
2106878.1621725056
2107059.6902702567
2107241.234008424
2107422.793388354
2107604.3684113994
2107785.9590788996
2107967.565392206
2108149.1873526676
2108330.8249616316
2108512.478220451
2108694.1471304665
2108875.8316930295
2109057.531909489
2109239.2477811985
2109420.9793094974
2109602.72649574
2109784.489341275
2109966.2678474514
2110148.062015623
2110329.87184713
2110511.697343327
2110693.538505564
2110875.395335194
2111057.2678335593
2111239.1560020135
2111421.059841907
2111602.97935459
2111784.9145414173
2111966.865403731
2112148.831942885
2112330.814160231
2112512.812057124
2112694.825634906
2112876.854894933
2113058.899838555
2113240.9604671244
2113423.0367819965
2113605.128784514
2113787.2364760335
2113969.3598579057
2114151.498931484
2114333.653698123
2114515.8241591672
2114698.0103159733
2114880.212169893
2115062.4297222835
2115244.662974489
2115426.9119278654
2115609.176583767
2115791.4569435497
2115973.7530085584
2116156.064780151
2116338.39225968
2116520.7354485
2116703.0943479678
2116885.4689594284
2117067.85928424
2117250.2653237567
2117432.6870793323
2117615.1245523253
2117797.5777440816
2117980.046655959
2118162.5312893125
2118345.031645501
2118527.5477258703
2118710.0795317795
2118892.627064584
2119075.1903256383
2119257.7693163017
2119440.3640379217
2119622.974491857
2119805.6006794637
2119988.2426021015
2120170.9002611176
2120353.573657872
2120536.262793721
2120718.96767002
2120901.688288131
2121084.4246493997
2121267.176755188
2121449.9446068523
2121632.7282057535
2121815.5275532394
2121998.342650672
2122181.1734994077
2122364.0201008036
2122546.8824562216
2122729.7605670104
2122912.6544345315
2123095.5640601427
2123278.4894452062
2123461.430591071
2123644.387499099
2123827.3601706494
2124010.348607079
2124193.352809751
2124376.3727800157
2124559.408519235
2124742.460028768
2124925.527309978
2125108.610364215
2125291.7091928422
2125474.823797219
2125657.9541787044
2125841.1003386625
2126024.262278443
2126207.439999412
2126390.6335029267
2126573.8427903526
2126757.067863041
2126940.308722356
2127123.5653696572
2127306.8378063063
2127490.1260336665
2127673.430053091
2127856.749865944
2128040.0854735863
2128223.4368773834
2128406.8040786874
2128590.187078864
2128773.5858792737
2128957.0004812786
2129140.4308862444
2129323.8770955238
2129507.339110483
2129690.8169324836
2129874.310562892
2130057.8200030616
2130241.345254359
2130424.886318146
2130608.4431957854
2130792.015888644
2130975.604398076
2131159.208725448
2131342.8288721233
2131526.4648394645
2131710.1166288396
2131893.7842416028
2132077.4676791215
2132261.1669427594
2132444.8820338845
2132628.612953852
2132812.3597040297
2132996.1222857814
2133179.900700476
2133363.6949494686
2133547.5050341277
2133731.3309558183
2133915.172715904
2134099.030315755
2134282.9037567265
2134466.7930401876
2134650.698167504
2134834.6191400397
2135018.555959165
2135202.508626237
2135386.477142625
2135570.4615096943
2135754.461728815
2135938.477801345
2136122.5097286534
2136306.557512107
2136490.6211530715
2136674.7006529183
2136858.7960130046
2137042.907234701
2137227.0343193747
2137411.177268396
2137595.336083124
2137779.5107649295
2137963.70131518
2138147.907735242
2138332.1300264876
2138516.368190276
2138700.6222279784
2138884.892140963
2139069.177930602
2139253.479598254
2139437.7971452917
2139622.130573083
2139806.4798829975
2139990.8450764064
2140175.22615467
2140359.623119162
2140544.03597125
2140728.464712308
2140912.9093436957
2141097.369866787
2141281.8462829515
2141466.3385935575
2141650.84679998
2141835.3709035786
2142019.9109057286
2142204.466807799
2142389.038611164
2142573.6263171853
2142758.2299272376
2142942.849442691
2143127.484864916
2143312.136195287
2143496.803435167
2143681.4865859295
2143866.1856489466
2144050.9006255935
2144235.6315172324
2144420.378325239
2144605.141050984
2144789.9196958398
2144974.714261182
2145159.524748374
2145344.3511587908
2145529.1934938054
2145714.051754794
2145898.92594312
2146083.81606016
2146268.722107286
2146453.6440858715
2146638.5819972926
2146823.535842914
2147008.5056241127
2147193.4913422614
2147378.4929987383
2147563.510594907
2147748.544132146
2147933.5936118285
2148118.6590353283
2148303.740404023
2148488.837719278
2148673.9509824715
2148859.0801949776
2149044.2253581705
2149229.3864734294
2149414.563542119
2149599.756565619
2149784.9655453037
2149970.190482552
2150155.431378731
2150340.688235219
2150525.961053392
2150711.2498346246
2150896.554580297
2151081.875291776
2151267.2119704406
2151452.564617668
2151637.9332348374
2151823.3178233164
2152008.718384485
2152194.1349197202
2152379.567430398
2152565.0159178986
2152750.480383591
2152935.9608288547
2153121.457255068
2153306.9696636116
2153492.4980558534
2153678.0424331753
2153863.6027969546
2154049.179148569
2154234.7714893995
2154420.3798208158
2154606.0041441997
2154791.644460929
2154977.300772386
2155162.9730799403
2155348.6613849746
2155534.365688867
2155720.0859929956
2155905.8222987438
2156091.5746074817
2156277.342920592
2156463.127239454
2156648.9275654512
2156834.7438999536
2157020.5762443454
2157206.424600005
2157392.2889683135
2157578.169350654
2157764.0657483973
2157949.9781629276
2158135.9065956254
2158321.8510478754
2158507.8115210487
2158693.7880165298
2158879.7805356993
2159065.789079938
2159251.8136506313
2159437.8542491505
2159623.910876882
2159809.9835352055
2159996.0722255073
2160182.17694916
2160368.2977075498
2160554.4345020573
2160740.5873340648
2160926.7562049585
2161112.9411161114
2161299.1420689095
2161485.3590647355
2161671.592104976
2161857.8411910045
2162044.1063242075
2162230.387505968
2162416.6847376693
2162602.998020698
2162789.327356428
2162975.672746247
2163162.0341915386
2163348.411693686
2163534.805254077
2163721.2148740864
2163907.640555102
2164094.082298508
2164280.5401056926
2164467.013978031
2164653.503916912
2164840.009923719
2165026.531999842
2165213.070146656
2165399.6243655505
2165586.19465791
2165772.7810251196
2165959.3834685683
2166146.001989633
2166332.6365897027
2166519.2872701627
2166705.954032399
2166892.636877802
2167079.3358077477
2167266.050823627
2167452.781926825
2167639.529118733
2167826.2924007284
2168013.0717742015
2168199.867240539
2168386.6788011272
2168573.506457357
2168760.3502106075
2168947.2100622687
2169134.0860137283
2169320.978066378
2169507.8862215956
2169694.8104807734
2169881.750845299
2170068.7073165597
2170255.679895948
2170442.6685848427
2170629.673384636
2170816.6942967167
2171003.7313224766
2171190.7844632957
2171377.853720567
2171564.939095679
2171752.0405900204
2171939.158204984
2172126.2919419506
2172313.441802313
2172500.6077874615
2172687.7898987886
2172874.988137675
2173062.2025055154
2173249.4330036994
2173436.679633616
2173623.9423966603
2173811.221294213
2173998.5163276694
2174185.8274984187
2174373.1548078563
2174560.498257364
2174747.857848337
2174935.233582165
2175122.6254602396
2175310.0334839565
2175497.457654698
2175684.8979738588
2175872.3544428307
2176059.82706301
2176247.315835779
2176434.820762534
2176622.3418446667
2176809.8790835696
2176997.4324806384
2177185.0020372565
2177372.5877548214
2177560.1896347245
2177747.8076783638
2177935.441887122
2178123.0922623975
2178310.7588055823
2178498.4415180697
2178686.140401257
2178873.8554565297
2179061.586685284
2179249.3340889146
2179437.097668819
2179624.8774263826
2179812.673363003
2180000.485480075
2180188.313778992
2180376.1582611524
2180564.0189279425
2180751.8957807613
2180939.7888210025
2181127.6980500612
2181315.623469337
2181503.565080215
2181691.5228840965
2181879.496882375
2182067.4870764506
2182255.4934677104
2182443.5160575537
2182631.554847377
2182819.60983858
2183007.681032549
2183195.768430686
2183383.8720343863
2183571.9918450457
2183760.127864066
2183948.2800928345
2184136.448532752
2184324.6331852158
2184512.834051622
2184701.0511333724
2184889.284431855
2185077.5339484722
2185265.799684621
2185454.081641703
2185642.379821107
2185830.694224235
2186019.0248524854
2186207.371707256
2186395.734789949
2186584.1141019533
2186772.5096446727
2186960.921419505
2187149.3494278537
2187337.793671108
2187526.2541506714
2187714.730867943
2187903.223824321
2188091.73302121
2188280.25846
2188468.800142095
2188657.358068894
2188845.9322418016
2189034.522662209
2189223.1293315194
2189411.752251134
2189600.3914224515
2189789.0468468782
2189977.7185258046
2190166.4064606363
2190355.110652773
2190543.8311036206
2190732.5678145704
2190921.320787029
2191110.090022396
2191298.8755220734
2191487.677287467
2191676.495319969
2191865.3296209862
2192054.180191919
2192243.047034175
2192431.930149147
2192620.82953824
2192809.7452028585
2192998.6771444026
2193187.625364281
2193376.589863886
2193565.5706446255
2193754.567707902
2193943.5810551224
2194132.610687682
2194321.656606987
2194510.718814442
2194699.797311449
2194888.8920994173
2195078.0031797406
2195267.1305538276
2195456.274223082
2195645.434188912
2195834.6104527134
2196023.8030158947
2196213.01187986
2196402.237046014
2196591.4785157656
2196780.7362905103
2196970.010371658
2197159.3007606138
2197348.607458786
2197537.9304675725
2197727.269788382
2197916.62542262
2198105.9973716927
2198295.3856370095
2198484.7902199677
2198674.211121978
2198863.6483444455
2199053.1018887768
2199242.571756383
2199432.0579486615
2199621.560467023
2199811.0793128745
2200000.6144876266
2200190.165992678
2200379.7338294396
2200569.317999319
2200758.9185037278
2200948.5353440642
2201138.1685217405
2201327.818038164
2201517.483894743
2201707.166092889
2201896.8646340016
2202086.5795194935
2202276.3107507722
2202466.058329247
2202655.82225633
2202845.6025334215
2203035.3991619344
2203225.2121432773
2203415.041478864
2203604.8871700945
2203794.749218383
2203984.6276251376
2204174.5223917686
2204364.43351969
2204554.3610103023
2204744.30486502
2204934.2650852525
2205124.2416724153
2205314.234627909
2205504.2439531484
2205694.269649544
2205884.311718506
2206074.3701614495
2206264.444979777
2206454.5361749036
2206644.64374824
2206834.7677012025
2207024.9080351926
2207215.064751627
2207405.2378519163
2207595.4273374723
2207785.633209712
2207975.8554700376
2208166.094119866
2208356.349160609
2208546.620593683
2208736.908420492
2208927.212642453
2209117.5332609783
2209307.8702774807
2209498.2236933773
2209688.593510072
2209878.9797289837
2210069.382351524
2210259.8013791116
2210450.2368131503
2210640.688655059
2210831.1569062504
2211021.641568139
2211212.1426421436
2211402.6601296687
2211593.194032133
2211783.7443509507
2211974.3110875413
2212164.8942433097
2212355.493819675
2212546.109818053
2212736.7422398576
2212927.3910865085
2213118.056359412
2213308.7380599887
2213499.4361896524
2213690.1507498245
2213880.8817419107
2214071.629167332
2214262.393027504
2214453.173323842
2214643.9700577683
2214834.783230689
2215025.6128440243
2215216.4588991925
2215407.3213976133
2215598.200340695
2215789.095729859
2215980.0075665223
2216170.9358521015
2216361.8805880193
2216552.841775683
2216743.819416515
2216934.8135119337
2217125.8240633556
2217316.8510722034
2217507.894539886
2217698.954467827
2217890.0308574433
2218081.1237101583
2218272.2330273814
2218463.3588105356
2218654.50106104
2218845.6597803175
2219036.8349697776
2219228.026630845
2219419.2347649382
2219610.4593734764
2219801.700457884
2219992.9580195714
2220184.232059962
2220375.522580477
2220566.8295825357
2220758.1530675623
2220949.4930369677
2221140.849492178
2221332.2224346125
2221523.6118656965
2221715.017786842
2221906.4401994734
2222097.879105013
2222289.3345048805
2222480.806400502
2222672.29479329
2222863.7996846703
2223055.3210760644
2223246.858968898
2223438.4133645846
2223629.9842645503
2223821.571670217
2224013.1755830063
2224204.796004346
2224396.432935649
2224588.0863783425
2224779.7563338485
2224971.4428035947
2225163.145788995
2225354.8652914767
2225546.6013124627
2225738.353853377
2225930.122915647
2226121.9085006868
2226313.710609925
2226505.529244785
2226697.3644066956
2226889.2160970713
2227081.084317341
2227272.9690689286
2227464.8703532587
2227656.7881717603
2227848.7225258485
2228040.673416953
2228232.6408464983
2228424.6248159143
2228616.6253266167
2228808.6423800355
2229000.6759775956
2229192.7261207225
2229384.7928108466
2229576.8760493845
2229768.975837766
2229961.092177418
2230153.22506977
2230345.37451624
2230537.540518258
2230729.723077251
2230921.9221946457
2231114.137871873
2231306.3701103507
2231498.61891151
2231690.884276778
2231883.1662075864
2232075.464705354
2232267.779771512
2232460.1114074886
2232652.4596147104
2232844.8243946107
2233037.2057486083
2233229.603678135
2233422.0181846195
2233614.4492694945
2233806.8969341796
2233999.361180107
2234191.8420087066
2234384.339421406
2234576.853419639
2234769.3840048257
2234961.9311784
2235154.4949417906
2235347.0752964267
2235539.672243743
2235732.28578516
2235924.915922112
2236117.5626560277
2236310.2259883434
2236502.905920479
2236695.6024538693
2236888.3155899453
2237081.0453301417
2237273.7916758796
2237466.554628595
2237659.334189718
2237852.1303606806
2238044.9431429175
2238237.772537851
2238430.618546917
2238623.4811715474
2238816.3604131737
2239009.256273232
2239202.1687531443
2239395.0978543484
2239588.043578276
2239781.005926363
2239973.984900034
2240166.9805007246
2240359.9927298687
2240553.0215888983
2240746.0670792507
2240939.12920235
2241132.207959634
2241325.3033525352
2241518.415382492
2241711.5440509287
2241904.6893592835
2242097.85130899
2242291.0299014817
2242484.225138197
2242677.437020562
2242870.6655500145
2243063.910727989
2243257.1725559244
2243450.4510352463
2243643.7461673934
2243837.0579538015
2244030.3863959047
2244223.731495143
2244417.093252942
2244610.471670742
2244803.8667499786
2244997.2784920917
2245190.7068985077
2245384.151970667
2245577.6137100053
2245771.0921179587
2245964.5871959687
2246158.0989454617
2246351.6273678783
2246545.172464656
2246738.734237236
2246932.312687045
2247125.9078155253
2247319.5196241136
2247513.148114247
2247706.7932873676
2247900.455144903
2248094.1336882967
2248287.828918985
2248481.5408384106
2248675.269448003
2248869.0147492033
2249062.7767434507
2249256.5554321837
2249450.3508168445
2249644.1628988627
2249837.991679682
2250031.8371607405
2250225.699343482
2250419.5782293365
2250613.473819747
2250807.386116154
2251001.3151199957
2251195.2608327167
2251389.2232557475
2251583.2023905325
2251777.198238511
2251971.2108011283
2252165.240079815
2252359.2860760163
2252553.3487911723
2252747.4282267233
2252941.524384115
2253135.6372647784
2253329.766870159
2253523.9132016986
2253718.0762608373
2253912.256049022
2254106.452567684
2254300.6658182694
2254494.8958022203
2254689.1425209832
2254883.40597599
2255077.686168688
2255271.9831005186
2255466.2967729294
2255660.627187353
2255854.974345237
2256049.3382480233
2256243.7188971555
2256438.1162940804
2256632.530440232
2256826.961337058
2257021.4089860017
2257215.8733885065
2257410.3545460203
2257604.8524599774
2257799.3671318265
2257993.8985630115
2258188.4467549804
2258383.011709169
2258577.5934270252
2258772.1919099935
2258966.807159519
2259161.4391770507
2259356.0879640235
2259550.7535218876
2259745.4358520876
2259940.134956073
2260134.8508352805
2260329.5834911596
2260524.3329251558
2260719.099138715
2260913.882133287
2261108.6819103085
2261303.4984712303
2261498.331817499
2261693.1819505645
2261888.048871864
2262082.9325828496
2262277.833084967
2262472.750379663
2262667.684468389
2262862.635352583
2263057.6030336968
2263252.587513177
2263447.588792477
2263642.606873033
2263837.641756299
2264032.6934437216
2264227.7619367493
2264422.847236834
2264617.949345415
2264813.068263945
2265008.2039938727
2265203.356536651
2265398.525893719
2265593.7120665303
2265788.9150565336
2265984.134865178
2266179.371493917
2266374.6249441905
2266569.8952174527
2266765.1823151535
2266960.486238746
2267155.8069896717
2267351.1445693844
2267546.4989793343
2267741.8702209718
2267937.258295751
2268132.663205114
2268328.084950515
2268523.5235334053
2268718.9789552395
2268914.4512174595
2269109.940321521
2269305.4462688747
2269500.969060973
2269696.50869927
2269892.0651852093
2270087.638520247
2270283.228705834
2270478.8357434277
2270674.4596344708
2270870.100380419
2271065.7579827253
2271261.432442842
2271457.123762226
2271652.831942321
2271848.5569845834
2272044.2988904673
2272240.057661425
2272435.8332989137
2272631.6258043787
2272827.435179277
2273023.261425062
2273219.1045431923
2273414.964535112
2273610.84140228
2273806.7351461505
2274002.6457681814
2274198.5732698184
2274394.51765252
2274590.4789177408
2274786.4570669355
2274982.452101563
2275178.4640230695
2275374.4928329145
2275570.538532553
2275766.6011234396
2275962.6806070353
2276158.7769847857
2276354.890258151
2276551.020428587
2276747.167497555
2276943.3314665006
2277139.5123368846
2277335.710110164
2277531.9247877942
2277728.1563712372
2277924.4048619396
2278120.6702613635
2278316.952570965
2278513.251792206
2278709.5679265345
2278905.900975412
2279102.250940297
2279298.617822645
2279495.0016239197
2279691.4023455693
2279887.8199890563
2280084.254555838
2280280.7060473785
2280477.1744651254
2280673.659810542
2280870.1620850875
2281066.68129022
2281263.2174274027
2281459.7704980853
2281656.3405037317
2281852.927445801
2282049.5313257566
2282246.152145049
2282442.7899051425
2282639.4446074963
2282836.11625357
2283032.804844829
2283229.5103827226
2283426.2328687166
2283622.972304271
2283819.728690851
2284016.502029908
2284213.292322906
2284410.099571307
2284606.923776572
2284803.764940166
2285000.6230635406
2285197.498148162
2285394.390195492
2285591.2992069963
2285788.225184127
2285985.1681283517
2286182.128041131
2286379.1049239268
2286576.098778207
2286773.109605424
2286970.1374070444
2287167.1821845314
2287364.243939352
2287561.32267296
2287758.418386822
2287955.531082402
2288152.6607611626
2288349.807424572
2288546.971074084
2288744.151711167
2288941.3493372845
2289138.5639539054
2289335.7955624834
2289533.044164488
2289730.3097613826
2289927.5923546324
2290124.8919457057
2290322.208536058
2290519.542127159
2290716.8927204725
2290914.2603174644
2291111.6449196036
2291309.0465283464
2291506.465145163
2291703.900771518
2291901.353408882
2292098.823058712
2292296.309722477
2292493.813401644
2292691.3340976792
2292888.871812053
2293086.4265462225
2293283.9983016583
2293481.5870798277
2293679.192882201
2293876.8157102372
2294074.455565407
2294272.112449177
2294469.786363015
2294667.477308393
2294865.185286769
2295062.910299615
2295260.652348399
2295458.411434593
2295656.1875596563
2295853.9807250616
2296051.7909322763
2296249.618182769
2296447.4624780137
2296645.3238194683
2296843.202208607
2297041.0976468986
2297239.0101358164
2297436.9396768203
2297634.886271384
2297832.8499209774
2298030.8306270693
2298228.8283911343
2298426.8432146325
2298624.8750990387
2298822.9240458226
2299020.9900564593
2299219.0731324092
2299417.1732751476
2299615.2904861453
2299813.4247668725
2300011.5761188045
2300209.744543403
2300407.9300421434
2300606.1326164976
2300804.3522679405
2301002.5889979345
2301200.842807956
2301399.1136994762
2301597.401673967
2301795.706732905
2301994.028877753
2302192.3681099876
2302390.7244310807
2302589.0978425103
2302787.4883457385
2302985.8959422433
2303184.320633497
2303382.762420973
2303581.221306148
2303779.697290487
2303978.1903754673
2304176.7005625623
2304375.22785325
2304573.7722489955
2304772.333751276
2304970.912361567
2305169.5080813407
2305368.1209120774
2305566.7508552414
2305765.397912312
2305964.062084763
2306162.7433740697
2306361.4417817118
2306560.1573091545
2306758.8899578773
2306957.639729356
2307156.40662507
2307355.1906464854
2307553.991795083
2307752.8100723377
2307951.6454797303
2308150.4980187276
2308349.36769081
2308548.254497454
2308747.158440136
2308946.0795203364
2309145.0177395227
2309343.973099177
2309542.9456007746
2309741.9352457942
2309940.9420357165
2310139.9659720096
2310339.0070561552
2310538.0652896315
2310737.14067392
2310936.2332104896
2311135.3429008224
2311334.4697463964
2311533.61374869
2311732.774909186
2311931.9532293533
2312131.148710675
2312330.3613546295
2312529.591162701
2312728.838136358
2312928.102277085
2313127.3835863606
2313326.682065664
2313525.9977164795
2313725.3305402775
2313924.6805385416
2314124.0477127517
2314323.432064393
2314522.8335949355
2314722.2523058644
2314921.6881986596
2315121.1412748015
2315320.6115357755
2315520.098983053
2315719.6036181194
2315919.125442455
2316118.6644575465
2316318.220664865
2316517.7940658964
2316717.3846621225
2316916.9924550247
2317116.617446089
2317316.2596367886
2317515.9190286095
2317715.5956230336
2317915.2894215486
2318115.0004256265
2318314.7286367547
2318514.4740564157
2318714.236686093
2318914.0165272728
2319113.813581429
2319313.62785005
2319513.459334619
2319713.308036623
2319913.173957537
2320113.057098849
2320312.9574620426
2320512.875048602
2320712.8098600153
2320912.761897757
2321112.7311633173
2321312.7176581793
2321512.721383833
2321712.7423417526
2321912.7805334283
2322112.835960345
2322312.9086239873
2322512.9985258454
2322713.1056673946
2322913.230050125
2323113.371675523
2323313.530545078
2323513.706660267
2323713.90002258
2323914.1106335027
2324114.3384945225
2324314.5836071293
2324514.8459728006
2324715.1255930276
2324915.4224692965
2325115.7366030943
2325316.067995913
2325516.41664923
2325716.7825645367
2325917.1657433207
2326117.5661870744
2326317.9838972758
2326518.418875417
2326718.871122986
2326919.3406414757
2327119.827432364
2327320.331497145
2327520.8528373055
2327721.3914543353
2327921.947349727
2328122.52052496
2328323.1109815277
2328523.718720919
2328724.3437446235
2328924.9860541346
2329125.6456509326
2329326.3225365113
2329527.0167123605
2329727.728179975
2329928.4569408344
2330129.2029964337
2330329.9663482634
2330530.7469978137
2330731.5449465793
2330932.3601960414
2331133.1927476954
2331334.042603032
2331534.909763547
2331735.794230722
2331936.696006052
2332137.6150910296
2332338.551487145
2332539.505195895
2332740.4762187623
2332941.4645572426
2333142.470212828
2333343.4931870154
2333544.5334812873
2333745.591097141
2333946.666036069
2334147.7582995635
2334348.867889122
2334549.994806228
2334751.139052379
2334952.3006290686
2335153.479537794
2335354.675780039
2335555.8893573023
2335757.1202710774
2335958.3685228582
2336159.6341141425
2336360.9170464156
2336562.217321176
2336763.5349399177
2336964.8699041405
2337166.2222153284
2337367.5918749813
2337568.9788845945
2337770.383245662
2337971.8049596837
2338173.2440281454
2338374.700452547
2338576.174234384
2338777.665375157
2338979.173876351
2339180.699739468
2339382.242966003
2339583.803557452
2339785.381515316
2339986.9768410823
2340188.5895362515
2340390.2196023203
2340591.86704079
2340793.5318531482
2340995.2140408964
2341196.9136055317
2341398.630548551
2341600.3648714568
2341802.116575737
2342003.8856628938
2342205.6721344246
2342407.4759918326
2342609.2972366055
2342811.135870247
2343012.991894255
2343214.8653101274
2343416.756119368
2343618.6643234654
2343820.589923924
2344022.5329222414
2344224.4933199175
2344426.471118456
2344628.4663193463
2344830.4789240933
2345032.5089341956
2345234.5563511583
2345436.621176471
2345638.703411639
2345840.803058162
2346042.920117545
2346245.0545912785
2346447.206480868
2346649.375787814
2346851.5625136173
2347053.7666597837
2347255.9882278037
2347458.2272191835
2347660.4836354246
2347862.757478028
2348065.0487485
2348267.3574483334
2348469.6835790332
2348672.027142103
2348874.3881390477
2349076.7665713606
2349279.1624405496
2349481.575748116
2349684.0064955624
2349886.4546843963
2350088.920316111
2350291.4033922143
2350493.9039142085
2350696.4218836026
2350898.9573018895
2351101.5101705776
2351304.0804911708
2351506.668265172
2351709.27349409
2351911.8961794195
2352114.536322669
2352317.193925343
2352519.8689889503
2352722.5615149853
2352925.2715049586
2353127.9989603735
2353330.743882736
2353533.506273555
2353736.2861343264
2353939.08346656
2354141.898271762
2354344.7305514407
2354547.580307094
2354750.4475402315
2354953.3322523595
2355156.234444984
2355359.154119615
2355562.09127775
2355765.0459209005
2355968.018050572
2356171.007668277
2356374.0147755113
2356577.039373788
2356780.0814646133
2356983.141049495
2357186.218129944
2357389.3127074596
2357592.424783553
2357795.554359732
2357998.70143751
2358201.866018385
2358405.0481038694
2358608.2476954716
2358811.4647947
2359014.699403068
2359217.9515220746
2359421.221153233
2359624.508298052
2359827.812958046
2360031.1351347137
2360234.4748295695
2360437.832044123
2360641.2067798832
2360844.5990383653
2361048.0088210683
2361251.436129508
2361454.8809651937
2361658.3433296406
2361861.8232243494
2362065.320650835
2362268.8356106086
2362472.36810518
2362675.9181360654
2362879.485704766
2363083.070812798
2363286.673461672
2363490.293652899
2363693.9313879963
2363897.5866684653
2364101.2594958222
2364304.9498715797
2364508.6577972537
2364712.383274347
2364916.126304377
2365119.8868888556
2365323.6650293
2365527.4607272134
2365731.2739841137
2365935.1048015133
2366138.9531809255
2366342.819123868
2366546.7026318447
2366750.6037063734
2366954.522348968
2367158.458561142
2367362.4123444143
2367566.383700289
2367770.372630284
2367974.3791359155
2368178.403218701
2368382.444880146
2368586.50412177
2368790.580945087
2368994.6753516127
2369198.7873428664
2369402.916920353
2369607.064085594
2369811.2288401034
2370015.411185402
2370219.611122996
2370423.8286544057
2370628.063781147
2370832.316504736
2371036.5868266937
2371240.8747485266
2371445.180271756
2371649.5033978983
2371853.844128475
2372058.2024649936
2372262.5784089756
2372466.971961938
2372671.383125398
2372875.8119008774
2373080.2582898843
2373284.722293942
2373489.2039145664
2373693.703153282
2373898.2200115956
2374102.754491031
2374307.306593106
2374511.8763193395
2374716.4636712545
2374921.0686503598
2375125.6912581795
2375330.3314962317
2375534.9893660406
2375739.664869116
2375944.3580069817
2376149.0687811575
2376353.797193162
2376558.543244521
2376763.3069367437
2376968.088271355
2377172.887249875
2377377.703873829
2377582.5381447277
2377787.3900640956
2377992.2596334545
2378197.146854324
2378402.0517282304
2378606.974256685
2378811.9144412135
2379016.872283337
2379221.8477845825
2379426.840946461
2379631.8517704993
2379836.880258219
2380041.926411142
2380246.990230796
2380452.0717186923
2380657.1708763586
2380862.287705317
2381067.4222070957
2381272.574383207
2381477.7442351785
2381682.9317645333
2381888.136972795
2382093.3598614903
2382298.6004321342
2382503.858686255
2382709.1346253753
2382914.4282510197
2383119.7395647164
2383325.06856798
2383530.415262339
2383735.7796493187
2383941.1617304473
2384146.56150724
2384351.9789812267
2384557.414153931
2384762.8670268846
2384968.3376016007
2385173.825879611
2385379.33186244
2385584.855551613
2385790.396948661
2385995.9560550996
2386201.53287246
2386407.1274022674
2386612.7396460483
2386818.3696053335
2387024.0172816403
2387229.6826764997
2387435.365791438
2387641.0666279877
2387846.785187665
2388052.5214720024
2388258.2754825265
2388464.047220765
2388669.8366882503
2388875.6438864996
2389081.468817046
2389287.311481417
2389493.1718811463
2389699.050017751
2389904.9458927643
2390110.8595077153
2390316.7908641323
2390522.7399635483
2390728.7068074825
2390934.691397469
2391140.693735036
2391346.713821718
2391552.7516590348
2391758.80724852
2391964.880591704
2392170.9716901155
2392377.08054529
2392583.207158747
2392789.3515320215
2392995.513666644
2393201.6935641496
2393407.891226059
2393614.1066539073
2393820.339849226
2394026.590813545
2394232.859548401
2394439.1460553147
2394645.4503358225
2394851.7723914557
2395058.112223751
2395264.4698342294
2395470.8452244285
2395677.2383958795
2395883.649350115
2396090.078088672
2396296.5246130726
2396502.9889248544
2396709.47102555
2396915.970916697
2397122.4885998177
2397329.0240764506
2397535.5773481294
2397742.148416386
2397948.7372827595
2398155.3439487736
2398361.9684159663
2398568.6106858714
2398775.2707600235
2398981.948639961
2399188.644327208
2399395.3578233044
2399602.0891297837
2399808.838248186
2400015.605180036
2400222.3899268727
2400429.192490232
2400636.0128716542
2400842.8510726634
2401049.7070948007
2401256.580939601
2401463.4726086007
2401670.3821033402
2401877.309425345
2402084.2545761564
2402291.21755731
2402498.198370343
2402705.197016796
2402912.213498196
2403119.247816085
2403326.2999719987
2403533.3699674793
2403740.4578040545
2403947.563483266
2404154.687006652
2404361.828375753
2404568.987592099
2404776.1646572305
2404983.3595726867
2405190.572340005
2405397.8029607288
2405605.0514363865
2405812.317768521
2406019.601958671
2406226.9040083755
2406434.223919178
2406641.561692607
2406848.9173302073
2407056.290833518
2407263.682204082
2407471.0914434306
2407678.5185531075
2407885.9635346527
2408093.4263896057
2408300.9071195116
2408508.4057259005
2408715.9222103176
2408923.4565743036
2409131.008819403
2409338.578947148
2409546.166959083
2409753.7728567496
2409961.3966416884
2410169.038315446
2410376.697879554
2410584.3753355574
2410792.070684999
2410999.7839294253
2411207.515070368
2411415.2641093745
2411623.031047986
2411830.815887745
2412038.618630199
2412246.439276881
2412454.2778293383
2412662.134289113
2412870.0086577535
2413077.900936793
2413285.8111277795
2413493.7392322565
2413701.6852517673
2413909.6491878596
2414117.6310420684
2414325.630815942
2414533.648511024
2414741.684128864
2414949.737670996
2415157.8091389695
2415365.8985343287
2415574.0058586183
2415782.1311133886
2415990.2743001734
2416198.435420524
2416406.614475984
2416614.8114681053
2416823.026398422
2417031.259268486
2417239.5100798416
2417447.7788340356
2417656.0655326187
2417864.3701771265
2418072.6927691107
2418281.0333101177
2418489.3918016935
2418697.76824539
2418906.1626427444
2419114.574995308
2419323.005304628
2419531.453572257
2419739.919799731
2419948.403988604
2420156.9061404224
2420365.426256739
2420573.9643390924
2420782.520389035
2420991.0944081144
2421199.68639788
2421408.296359884
2421616.9242956657
2421825.570206778
2422034.2340947706
2422242.9159611915
2422451.6158075947
2422660.33363552
2422869.069446522
2423077.8232421484
2423286.5950239557
2423495.3847934823
2423704.1925522834
2423913.0183019093
2424121.8620439144
2424330.7237798395
2424539.60351124
2424748.501239666
2424957.416966668
2425166.350693802
2425375.302422609
2425584.272154645
2425793.259891461
2426002.2656346085
2426211.289385644
2426420.331146108
2426629.3909175587
2426838.468701547
2427047.56449963
2427256.6783133503
2427465.8101442647
2427674.9599939254
2427884.127863885
2428093.313755701
2428302.5176709164
2428511.739611089
2428720.9795777723
2428930.2375725238
2429139.513596887
2429348.8076524204
2429558.119740677
2429767.4498632117
2429976.7980215824
2430186.1642173333
2430395.5484520234
2430604.9507272067
2430814.3710444435
2431023.809405277
2431233.2658112682
2431442.7402639706
2431652.2327649402
2431861.7433157363
2432071.2719179043
2432280.818573004
2432490.383282592
2432699.9660482276
2432909.5668714577
2433119.1857538424
2433328.8226969372
2433538.4777022996
2433748.1507714894
2433957.841906054
2434167.5511075547
2434377.2783775474
2434587.023717595
2434796.787129244
2435006.5686140554
2435216.368173588
2435426.185809398
2435636.0215230486
2435845.875316087
2436055.747190076
2436265.637146573
2436475.5451871417
2436685.47131333
2436895.4155267007
2437105.3778288127
2437315.3582212245
2437525.3567055
2437735.373283187
2437945.40795585
2438155.460725048
2438365.5315923407
2438575.620559292
2438785.727627451
2438995.8527983828
2439205.996073647
2439416.1574548087
2439626.3369434173
2439836.534541039
2440046.7502492326
2440256.9840695644
2440467.2360035847
2440677.5060528596
2440887.7942189495
2441098.1005034153
2441308.4249078236
2441518.767433725
2441729.1280826856
2441939.506856268
2442149.9037560327
2442360.318783547
2442570.7519403626
2442781.2032280467
2442991.672648161
2443202.1602022736
2443412.665891936
2443623.189718717
2443833.7316841776
2444044.2917898865
2444254.8700373974
2444465.466428277
2444676.0809640894
2444886.713646398
2445097.3644767706
2445308.033456762
2445518.7205879395
2445729.425871868
2445940.1493101115
2446150.890904239
2446361.650655804
2446572.4285663776
2446783.2246375233
2446994.0388708105
2447204.871267795
2447415.7218300463
2447626.5905591296
2447837.4774566097
2448048.3825240578
2448259.3057630286
2448470.2471750933
2448681.2067618174
2448892.184524772
2449103.1804655134
2449314.1945856125
2449525.226886635
2449736.277370149
2449947.3460377245
2450158.4328909186
2450369.537931304
2450580.6611604467
2450791.8025799193
2451002.962191279
2451214.1399960984
2451425.3359959447
2451636.550192386
2451847.7825869946
2452059.033181329
2452270.3019769615
2452481.588975461
2452692.8941784007
2452904.217587339
2453115.55920385
2453326.9190295017
2453538.2970658634
2453749.693314509
2453961.107776998
2454172.540454904
2454383.991349797
2454595.460463252
2454806.9477968276
2455018.4533520993
2455229.977130637
2455441.5191340107
2455653.079363796
2455864.6578215524
2456076.2545088567
2456287.8694272786
2456499.502578394
2456711.153963764
2456922.823584965
2457134.511443568
2457346.2175411438
2457557.941879269
2457769.6844595056
2457981.4452834306
2458193.224352615
2458405.0216686316
2458616.837233057
2458828.671047454
2459040.5231133993
2459252.393432466
2459464.282006231
2459676.188836259
2459888.1139241257
2460100.0572714056
2460312.0188796762
2460523.9987505013
2460735.9968854594
2460948.0132861244
2461160.047954069
2461372.100890873
2461584.1720981007
2461796.26157733
2462008.3693301366
2462220.495358094
2462432.6396627827
2462644.8022457664
2462856.9831086253
2463069.1822529347
2463281.3996802745
2463493.63539221
2463705.8893903214
2463918.1616761847
2464130.4522513803
2464342.7611174737
2464555.0882760463
2464767.433728674
2464979.7974769333
2465192.179522405
2465404.5798666556
2465616.9985112674
2465829.4354578163
2466041.89070788
2466254.36426304
2466466.8561248635
2466679.366294933
2466891.894774826
2467104.441566124
2467317.006670397
2467529.590089225
2467742.1918241885
2467954.811876864
2468167.4502488356
2468380.106941671
2468592.7819569544
2468805.4752962645
2469018.1869611843
2469230.916953283
2469443.665274145
2469656.4319253494
2469869.2169084754
2470082.0202251077
2470294.841876816
2470507.6818651846
2470720.5401917933
2470933.4168582275
2471146.3118660576
2471359.2252168683
2471572.15691224
2471785.106953754
2471998.0753429956
2472211.0620815353
2472424.0671709594
2472637.0906128488
2472850.1324087903
2473063.1925603547
2473276.2710691285
2473489.3679366936
2473702.483164632
2473915.6167545305
2474128.7687079604
2474341.93902651
2474555.127711761
2474768.334765301
2474981.560188703
2475194.803983554
2475408.0661514373
2475621.346693936
2475834.645612638
2476047.9629091164
2476261.2985849604
2476474.652641753
2476688.025081083
2476901.4159045243
2477114.825113666
2477328.2527100914
2477541.698695386
2477755.163071138
2477968.645838923
2478182.1470003296
2478395.666556943
2478609.2045103484
2478822.760862136
2479036.3356138803
2479249.928767172
2479463.540323597
2479677.1702847453
2479890.818652193
2480104.4854275305
2480318.1706123445
2480531.874208226
2480745.5962167503
2480959.33663951
2481173.0954780914
2481386.872734081
2481600.668409071
2481814.482504638
2482028.315022374
2482242.1659638667
2482456.035330703
2482669.923124476
2482883.829346763
2483097.7539991564
2483311.697083245
2483525.6586006214
2483739.6385528636
2483953.6369415657
2484167.6537683154
2484381.6890347064
2484595.7427423177
2484809.8148927432
2485023.9054875723
2485238.0145283933
2485452.142016801
2485666.2879543747
2485880.452342709
2486094.635183394
2486308.8364780187
2486523.056228179
2486737.2944354545
2486951.5511014406
2487165.826227728
2487380.1198159116
2487594.431867572
2487808.762384306
2488023.111367704
2488237.4788193563
2488451.8647408606
2488666.2691337974
2488880.691999763
2489095.1333403494
2489309.593157153
2489524.0714517566
2489738.5682257563
2489953.0834807446
2490167.617218314
2490382.1694400623
2490596.7401475706
2490811.3293424384
2491025.937026257
2491240.563200626
2491455.2078671274
2491669.8710273597
2491884.5526829166
2492099.2528353916
2492313.971486383
2492528.708637475
2492743.4642902664
2492958.2384463516
2493173.0311073293
2493387.842274784
2493602.671950316
2493817.520135519
2494032.386831988
2494247.2720413236
2494462.1757651097
2494677.0980049474
2494892.0387624316
2495106.998039158
2495321.9758367273
2495536.972156725
2495751.9870007522
2495967.0203704047
2496182.0722672837
2496397.1426929757
2496612.2316490817
2496827.339137199
2497042.4651589287
2497257.609715858
2497472.772809589
2497687.954441718
2497903.1546138427
2498118.3733275663
2498333.6105844756
2498548.866386173
2498764.1407342567
2498979.433630325
2499194.74507598
2499410.075072811
2499625.4236224205
2499840.790726408
2500056.176386376
2500271.5806039143
2500487.003380626
2500702.4447181104
2500917.904617972
2501133.3830818
2501348.8801111984
2501564.3957077675
2501779.9298731065
2501995.482608821
2502211.0539165
2502426.6437977497
2502642.2522541694
2502857.8792873602
2503073.524898927
2503289.189090462
2503504.871863569
2503720.5732198507
2503936.2931609126
2504152.0316883456
2504367.7888037562
2504583.5645087464
2504799.3588049226
2505015.1716938764
2505231.0031772153
2505446.853256541
2505662.721933455
2505878.609209567
2506094.5150864664
2506310.4395657633
2506526.3826490594
2506742.3443379574
2506958.3246340663
2507174.323538978
2507390.341054302
2507606.3771816418
2507822.431922605
2508038.5052787857
2508254.5972517934
2508470.7078432315
2508686.837054704
2508902.984887821
2509119.1513441764
2509335.3364253794
2509551.5401330357
2509767.7624687543
2509984.003434131
2510200.263030775
2510416.541260292
2510632.8381242873
2510849.1536243716
2511065.4877621406
2511281.840539205
2511498.2119571706
2511714.602017649
2511931.010722236
2512147.438072543
2512363.8840701766
2512580.3487167438
2512796.8320138557
2513013.3339631096
2513229.8545661177
2513446.3938244865
2513662.9517398295
2513879.5283137434
2514096.123547841
2514312.73744373
2514529.370003018
2514746.021227319
2514962.69111823
2515179.379677365
2515396.086906332
2515612.8128067404
2515829.557380203
2516046.3206283194
2516263.102552703
2516479.903154963
2516696.7224367145
2516913.560399556
2517130.4170451025
2517347.2923749634
2517564.186390754
2517781.0990940738
2517998.030486538
2518214.980569757
2518431.949345341
2518648.936814906
2518865.9429800524
2519082.9678423954
2519300.011403547
2519517.0736651174
2519734.154628724
2519951.2542959666
2520168.3726684623
2520385.5097478232
2520602.665535666
2520819.840033592
2521037.033243219
2521254.245166159
2521471.4758040286
2521688.725158431
2521905.993230984
2522123.2800233
2522340.5855369917
2522557.9097736776
2522775.25273496
2522992.614422458
2523209.9948377856
2523427.393982555
2523644.811858386
2523862.2484668815
2524079.7038096613
2524297.1778883394
2524514.6707045347
2524732.182259852
2524949.712555911
2525167.261594326
2525384.8293767166
2525602.415904688
2525820.0211798614
2526037.64520385
2526255.287978271
2526472.9495047443
2526690.6297848755
2526908.328820285
2527126.0466125896
2527343.7831634046
2527561.538474352
2527779.3125470374
2527997.1053830828
2528214.916984105
2528432.747351725
2528650.5964875505
2528868.464393203
2529086.3510703007
2529304.2565204594
2529522.180745303
2529740.1237464384
2529958.0855254885
2530176.066084071
2530394.0654238095
2530612.0835463116
2530830.120453201
2531048.1761460956
2531266.2506266143
2531484.3438963816
2531702.4559570053
2531920.58681011
2532138.7364573143
2532356.9049002435
2532575.092140506
2532793.2981797266
2533011.5230195257
2533229.7666615224
2533448.029107342
2533666.310358594
2533884.610416905
2534102.9292838946
2534321.266961188
2534539.6234503966
2534757.998753146
2534976.3928710567
2535194.8058057507
2535413.237558854
2535631.688131977
2535850.157526747
2536068.6457447857
2536287.152787715
2536505.678657162
2536724.223354738
2536942.7868820713
2537161.369240783
2537379.970432502
2537598.5904588397
2537817.229321425
2538035.8870218797
2538254.5635618325
2538473.2589428965
2538691.9731667
2538910.7062348668
2539129.45814902
2539348.2289107894
2539567.018521787
2539785.8269836437
2540004.654297983
2540223.500466429
2540442.3654906116
2540661.2493721447
2540880.152112659
2541099.0737137785
2541318.0141771343
2541536.9735043403
2541755.951697028
2541974.9487568215
2542193.9646853525
2542412.9994842364
2542632.0531551037
2542851.125699581
2543070.217119294
2543289.3274158747
2543508.4565909384
2543727.6046461174
2543946.7715830384
2544165.957403328
2544385.1621086183
2544604.385700526
2544823.6281806845
2545042.88955072
2545262.169812266
2545481.468966939
2545700.787016373
2545920.1239621956
2546139.47980604
2546358.854549524
2546578.248194281
2546797.66074194
2547017.0921941297
2547236.5425524837
2547456.0118186204
2547675.499994175
2547895.0070807757
2548114.5330800526
2548334.0779936397
2548553.641823157
2548773.2245702394
2548992.8262365162
2549212.446823623
2549432.0863331803
2549651.7447668226
2549871.422126181
2550091.118412886
2550310.833628573
2550530.5677748634
2550750.3208533935
2550970.0928657935
2551189.883813701
2551409.6936987364
2551629.522522537
2551849.3702867343
2552069.23699296
2552289.1226428514
2552509.027238031
2552728.950780135
2552948.893270797
2553168.8547116546
2553388.83510433
2553608.834450461
2553828.852751681
2554048.890009623
2554268.9462259253
2554489.021402212
2554709.1155401203
2554929.2286412846
2555149.3607073445
2555369.511739923
2555589.6817406598
2555809.870711189
2556030.078653145
2556250.305568168
2556470.5514578815
2556690.816323926
2556911.1001679366
2557131.402991548
2557351.724796402
2557572.0655841217
2557792.4253563494
2558012.80411472
2558233.2018608744
2558453.618596439
2558674.0543230544
2558894.509042357
2559114.9827559884
2559335.4754655752
2559555.9871727587
2559776.5178791764
2559997.0675864643
2560217.6362962658
2560438.2240102068
2560658.83072993
2560879.456457074
2561100.1011932753
2561320.7649401776
2561541.4476994076
2561762.1494726096
2561982.8702614214
2562203.6100674868
2562424.368892433
2562645.146737905
2562865.9436055417
2563086.759496986
2563307.5944138677
2563528.4483578308
2563749.3213305143
2563970.2133335588
2564191.124368608
2564412.054437292
2564633.0035412554
2564853.9716821387
2565074.958861582
2565295.9650812307
2565516.9903427153
2565738.0346476813
2565959.0979977697
2566180.180394626
2566401.281839882
2566622.402335183
2566843.5418821713
2567064.700482487
2567285.878137779
2567507.074849677
2567728.2906198283
2567949.5254498753
2568170.779341466
2568392.052296231
2568613.3443158185
2568834.655401872
2569055.985556033
2569277.334779951
2569498.7030752567
2569720.0904436004
2569941.496886624
2570162.9224059773
2570384.367003293
2570605.83068022
2570827.313438402
2571048.8152794833
2571270.336205113
2571491.876216926
2571713.435316571
2571935.0135056926
2572156.6107859416
2572378.227158951
2572599.8626263724
2572821.5171898506
2573043.1908510304
2573264.883611563
2573486.5954730837
2573708.326437243
2573930.076505687
2574151.845680067
2574373.633962018
2574595.4413531926
2574817.267855237
2575039.113469797
2575260.9781985255
2575482.8620430585
2575704.7650050484
2575926.687086142
2576148.6282879924
2576370.588612236
2576592.5680605257
2576814.5666345097
2577036.584335835
2577258.621166156
2577480.67712711
2577702.75222035
2577924.846447524
2578146.959810282
2578369.0923102773
2578591.2439491483
2578813.414728549
2579035.6046501286
2579257.8137155417
2579480.0419264277
2579702.2892844407
2579924.555791231
2580146.841448453
2580369.146257747
2580591.4702207674
2580813.813339166
2581036.1756145917
2581258.5570487007
2581480.957643134
2581703.3773995466
2581925.8163195904
2582148.274404916
2582370.7516571805
2582593.248078024
2582815.763669104
2583038.298432071
2583260.852368584
2583483.4254802833
2583706.0177688263
2583928.6292358655
2584151.2598830583
2584373.9097120473
2584596.57872449
2584819.2669220394
2585041.9743063482
2585264.7008790756
2585487.4466418633
2585710.21159637
2585932.9957442507
2586155.7990871575
2586378.62162675
2586601.4633646724
2586824.324302583
2587047.2044421365
2587270.103784993
2587493.0223327954
2587715.960087205
2587938.9170498755
2588161.8932224624
2588384.888606626
2588607.9032040117
2588830.937016279
2589053.990045084
2589277.0622920883
2589500.153758936
2589723.2644472895
2589946.394358804
2590169.543495136
2590392.711857947
2590615.8994488837
2590839.106269608
2591062.3323217756
2591285.57760705
2591508.8421270773
2591732.12588352
2591955.4288780354
2592178.7511122813
2592402.092587921
2592625.4533066005
2592848.8332699845
2593072.23247973
2593295.6509375013
2593519.0886449465
2593742.5456037284
2593966.0218155063
2594189.517281939
2594413.0320046907
2594636.56598541
2594860.1192257614
2595083.691727404
2595307.2834920036
2595530.894521208
2595754.5248166835
2595978.174380089
2596201.8432130856
2596425.5313173383
2596649.2386944974
2596872.965346228
2597096.7112741913
2597320.4764800533
2597544.2609654646
2597768.0647320915
2597991.887781595
2598215.7301156367
2598439.591735883
2598663.4726439863
2598887.3728416124
2599111.292330424
2599335.231112083
2599559.1891882564
2599783.1665605973
2600007.163230772
2600231.179200445
2600455.214471283
2600679.2690449385
2600903.3429230805
2601127.4361073724
2601351.548599482
2601575.6804010635
2601799.831513785
2602024.0019393098
2602248.191679303
2602472.400735434
2602696.629109356
2602920.8768027388
2603145.1438172474
2603369.4301545457
2603593.735816304
2603818.0608041775
2604042.405119836
2604266.7687649447
2604491.1517411745
2604715.55405018
2604939.9756936333
2605164.4166731993
2605388.8769905493
2605613.3566473387
2605837.85564524
2606062.3739859187
2606286.911671042
2606511.4687022814
2606736.0450812937
2606960.6408097507
2607185.25588932
2607409.890321668
2607634.5441084686
2607859.2172513776
2608083.909752069
2608308.6216122108
2608533.352833475
2608758.1034175204
2608982.87336602
2609207.6626806427
2609432.4713630565
2609657.2994149355
2609882.1468379386
2610107.013633739
2610331.8998040073
2610556.805350417
2610781.730274627
2611006.674578313
2611231.6382631436
2611456.6213307898
2611681.6237829262
2611906.645621212
2612131.686847324
2612356.747462932
2612581.8274697117
2612806.9268693235
2613032.0456634434
2613257.1838537427
2613482.341441892
2613707.5184295685
2613932.714818433
2614157.930610162
2614383.165806428
2614608.420408908
2614833.6944192625
2615058.98783917
2615284.300670302
2615509.6329143317
2615734.984572937
2615960.355647779
2616185.7461405373
2616411.156052884
2616636.5853864984
2616862.0341430423
2617087.502324195
2617312.98993163
2617538.4969670214
2617764.0234320476
2617989.569328373
2618215.1346576763
2618440.7194216326
2618666.3236219212
2618891.947260206
2619117.5903381673
2619343.25285748
2619568.9348198194
2619794.636226866
2620020.3570802836
2620246.0973817543
2620471.8571329527
2620697.6363355555
2620923.4349912433
2621149.2531016814
2621375.090668552
2621600.947693531
2621826.8241783003
2622052.7201245264
2622278.63553389
2622504.57040807
2622730.5247487477
2622956.4985575895
2623182.4918362782
2623408.5045864917
2623634.5368099078
2623860.5885082087
2624086.6596830627
2624312.750336153
2624538.8604691573
2624764.9900837545
2624991.1391816284
2625217.3077644464
2625443.495833894
2625669.7033916484
2625895.930439396
2626122.1769788032
2626348.4430115568
2626574.728539335
2626801.0335638234
2627027.3580866912
2627253.7021096232
2627480.0656343
2627706.4486624016
2627932.8511956143
2628159.273235607
2628385.7147840667
2628612.1758426735
2628838.6564131086
2629065.156497059
2629291.6760961944
2629518.2152122026
2629744.773846764
2629971.352001567
2630197.949678282
2630424.5668785954
2630651.203604191
2630877.859856751
2631104.5356379617
2631331.2309494964
2631557.9457930424
2631784.680170283
2632011.4340829067
2632238.207532585
2632465.000521008
2632691.813049858
2632918.645120819
2633145.4967355803
2633372.3678958146
2633599.258603212
2633826.1688594557
2634053.0986662363
2634280.048025227
2634507.0169381183
2634734.005406594
2634961.01343234
2635188.041017046
2635415.0881623873
2635642.1548700538
2635869.2411417314
2636096.346979111
2636323.4723838675
2636550.617357692
2636777.781902272
2637004.9660192914
2637232.169710444
2637459.392977404
2637686.635821864
2637913.898245511
2638141.1802500323
2638368.4818371194
2638595.8030084497
2638823.1437657154
2639050.5041106036
2639277.8840448083
2639505.2835700065
2639732.7026878907
2639960.1414001496
2640187.5997084766
2640415.077614549
2640642.5751200616
2640870.0922267027
2641097.628936161
2641325.185250131
2641552.7611702904
2641780.3566983347
2642007.971835953
2642235.6065848353
2642463.2609466757
2642690.9349231543
2642918.628515966
2643146.3417268004
2643374.074557354
2643601.8270093063
2643829.599084353
2644057.390784185
2644285.2021104987
2644513.033064974
2644740.883649308
2644968.753865191
2645196.643714315
2645424.553198377
2645652.4823190584
2645880.4310780563
2646108.399477062
2646336.3875177684
2646564.395201873
2646792.422531057
2647020.4695070195
2647248.536131453
2647476.6224060548
2647704.728332508
2647932.853912511
2648160.999147757
2648389.164039945
2648617.348590758
2648845.5528018954
2649073.7766750506
2649302.020211918
2649530.2834141967
2649758.5662835706
2649986.86882174
2650215.1910303994
2650443.532911243
2650671.8944659717
2650900.27569627
2651128.676603838
2651357.0971903712
2651585.537457571
2651813.9974071216
2652042.477040725
2652270.976360076
2652499.495366872
2652728.034062814
2652956.592449588
2653185.1705288948
2653413.7683024327
2653642.385771903
2653871.0229389924
2654099.679805403
2654328.3563728323
2654557.052642978
2654785.768617542
2655014.5042982125
2655243.259686692
2655472.0347846793
2655700.8295938773
2655929.6441159737
2656158.478352672
2656387.3323056716
2656616.2059766706
2656845.099367373
2657074.0124794682
2657302.94531466
2657531.8978746478
2657760.8701611366
2657989.8621758153
2658218.8739203885
2658447.905396557
2658676.95660602
2658906.027550484
2659135.1182316383
2659364.2286511883
2659593.358810835
2659822.508712279
2660051.6783572272
2660280.8677473697
2660510.0768844127
2660739.3057700577
2660968.554406012
2661197.822793966
2661427.1109356275
2661656.418832698
2661885.7464868855
2662115.093899881
2662344.4610733925
2662573.8480091225
2662803.254708774
2663032.6811740547
2663262.127406657
2663491.59340829
2663721.079180656
2663950.5847254596
2664180.1100444086
2664409.655139197
2664639.2200115332
2664868.804663122
2665098.4090956724
2665328.033310878
2665557.677310449
2665787.34109609
2666017.024669511
2666246.7280324055
2666476.451186485
2666706.194133454
2666935.9568750183
2667165.739412889
2667395.54174876
2667625.363884343
2667855.2058213437
2668085.067561469
2668314.9491064297
2668544.8504579216
2668774.771617657
2669004.712587342
2669234.673368689
2669464.653963395
2669694.654373171
2669924.6745997253
2670154.71464477
2670384.774510003
2670614.854197136
2670844.953707878
2671075.0730439364
2671305.2122070254
2671535.3711988414
2671765.550021099
2671995.748675506
2672225.9671637723
2672456.2054876117
2672686.4636487225
2672916.741648819
2673147.03948961
2673377.357172812
2673607.694700122
2673838.052073256
2674068.4292939245
2674298.8263638364
2674529.2432847084
2674759.680058239
2674990.136686145
2675220.6131701367
2675451.10951193
2675681.6257132255
2675912.1617757394
2676142.7177011827
2676373.2934912676
2676603.8891477105
2676834.504672212
2677065.14006649
2677295.795332256
2677526.4704712275
2677757.1654851064
2677987.88037561
2678218.615144451
2678449.369793343
2678680.144324003
2678910.9387381333
2679141.753037453
2679372.5872236756
2679603.4412985197
2679834.3152636876
2680065.209120899
2680296.1228718674
2680527.0565183074
2680758.0100619383
2680988.9835044635
2681219.9768476025
2681450.990093071
2681682.023242583
2681913.076297859
2682144.1492606034
2682375.2421325366
2682606.3549153744
2682837.4876108374
2683068.64022063
2683299.812746474
2683531.0051900856
2683762.2175531858
2683993.44983748
2684224.7020446905
2684455.9741765335
2684687.266234726
2684918.57822099
2685149.9101370317
2685381.261984573
2685612.633765333
2685844.025481027
2686075.4371333797
2686306.868724097
2686538.3202549024
2686769.7917275145
2687001.283143656
2687232.794505035
2687464.3258133754
2687695.8770703953
2687927.4482778194
2688159.039437356
2688390.6505507287
2688622.2816196578
2688853.9326458615
2689085.6036310657
2689317.294576979
2689549.0054853265
2689780.7363578277
2690012.4871962033
2690244.258002179
2690476.0487774643
2690707.8595237853
2690939.690242862
2691171.540936421
2691403.411606173
2691635.302253844
2691867.212881156
2692099.1434898344
2692331.0940815913
2692563.0646581533
2692795.0552212424
2693027.065772581
2693259.096313896
2693491.1468468993
2693723.217373319
2693955.307894877
2694187.418413297
2694419.5489303065
2694651.699447618
2694883.8699669605
2695116.0604900573
2695348.271018637
2695580.5015544123
2695812.752099113
2696045.022654463
2696277.313222186
2696509.623804012
2696741.954401654
2696974.305016843
2697206.675651303
2697439.0663067643
2697671.4769849414
2697903.9076875644
2698136.358416359
2698368.82917305
2698601.3199593695
2698833.830777032
2699066.361627768
2699298.9125133045
2699531.483435373
2699764.0743956883
2699996.685395983
2700229.316437984
2700461.9675234174
2700694.6386540155
2700927.329831495
2701160.0410575885
2701392.7723340234
2701625.5236625327
2701858.2950448324
2702091.086482657
2702323.8979777335
2702556.7295317906
2702789.581146562
2703022.452823765
2703255.3445651336
2703488.256372397
2703721.1882472835
2703954.1401915275
2704187.112206848
2704420.104294979
2704653.1164576504
2704886.148696597
2705119.201013538
2705352.2734102085
2705585.365888339
2705818.4784496645
2706051.611095905
2706284.763828796
2706517.9366500685
2706751.129561453
2706984.342564686
2707217.5756614883
2707450.828853596
2707684.1021427405
2707917.3955306537
2708150.7090190724
2708384.0426097177
2708617.396304327
2708850.7701046327
2709084.1640123725
2709317.5780292675
2709551.012157056
2709784.4663974713
2710017.940752251
2710251.4352231175
2710484.949811809
2710718.48452006
2710952.039349603
2711185.6143021774
2711419.2093795063
2711652.8245833283
2711886.4599153786
2712120.1153773908
2712353.790971105
2712587.4866982447
2712821.20256055
2713054.9385597557
2713288.694697602
2713522.4709758144
2713756.267396132
2713990.083960291
2714223.920670027
2714457.7775270813
2714691.6545331785
2714925.55169006
2715159.468999463
2715393.4064631285
2715627.3640827816
2715861.3418601654
2716095.339797016
2716329.3578950707
2716563.3961560717
2716797.454581746
2717031.5331738354
2717265.631934078
2717499.7508642175
2717733.88996598
2717968.049241109
2718202.2286913428
2718436.42831842
2718670.648124084
2718904.8881100626
2719139.1482781004
2719373.4286299357
2719607.7291673133
2719842.0498919613
2720076.3908056244
2720310.7519100425
2720545.133206955
2720779.5346981073
2721013.956385228
2721248.3982700626
2721482.8603543523
2721717.342639842
2721951.8451282615
2722186.3678213567
2722420.910720869
2722655.4738285393
2722890.057146114
2723124.660675323
2723359.2844179138
2723593.928375628
2723828.5925502125
2724063.2769433986
2724297.9815569334
2724532.706392559
2724767.451452018
2725002.216737059
2725237.0022494127
2725471.8079908276
2725706.6339630466
2725941.4801678127
2726176.3466068753
2726411.233281966
2726646.140194834
2726881.0673472234
2727116.0147408834
2727350.9823775464
2727585.970258963
2727820.978386876
2728056.0067630373
2728291.055389179
2728526.1242670515
2728761.2133984
2728996.32278497
2729231.452428512
2729466.602330759
2729701.7724934635
2729936.962918371
2730172.1736072265
2730407.404561782
2730642.6557837725
2730877.9272749494
2731113.2190370597
2731348.531071855
2731583.8633810715
2731819.2159664608
2732054.58882977
2732289.9819727526
2732525.395397144
2732760.8291046973
2732996.28309716
2733231.7573762806
2733467.251943812
2733702.7668014904
2733938.301951071
2734173.857394301
2734409.4331329293
2734645.0291687106
2734880.6455033817
2735116.2821386973
2735351.9390764073
2735587.616318266
2735823.313866011
2736059.0317213982
2736294.7698861775
2736530.5283620977
2736766.3071509157
2737002.1062543695
2737237.9256742154
2737473.765412204
2737709.625470091
2737945.505849616
2738181.4065525364
2738417.3275806024
2738653.2689355654
2738889.230619182
2739125.2126331935
2739361.214979356
2739597.237659422
2739833.280675149
2740069.3440282783
2740305.4277205667
2740541.5317537677
2740777.656129633
2741013.8008499215
2741249.9659163747
2741486.1513307514
2741722.3570948043
2741958.5832102927
2742194.8296789587
2742431.0965025616
2742667.3836828554
2742903.6912215934
2743140.0191205363
2743376.367381426
2743612.736006023
2743849.124996082
2744085.5343533633
2744321.96407961
2744558.4141765833
2744794.884646038
2745031.3754897295
2745267.8867094186
2745504.41830685
2745740.970283785
2745977.542641979
2746214.135383195
2746450.748509176
2746687.3820216856
2746924.0359224794
2747160.7102133147
2747397.4048959534
2747634.1199721415
2747870.8554436415
2748107.6113122106
2748344.3875796064
2748581.1842475925
2748818.0013179146
2749054.8387923366
2749291.696672616
2749528.5749605177
2749765.4736577873
2750002.39276619
2750239.3322874843
2750476.2922234344
2750713.2725757877
2750950.273346309
2751187.294536758
2751424.336148894
2751661.398184481
2751898.480645269
2752135.5835330226
2752372.706849502
2752609.8505964675
2752847.0147756846
2753084.1993889026
2753321.4044378875
2753558.6299244007
2753795.8758502086
2754033.1422170606
2754270.4290267234
2754507.736280959
2754745.063981534
2754982.412130199
2755219.780728721
2755457.169778863
2755694.5792823858
2755932.0092410585
2756169.459656631
2756406.9305308727
2756644.4218655457
2756881.933662413
2757119.465923243
2757357.018649788
2757594.5918438165
2757832.1855070926
2758069.7996413847
2758307.4342484465
2758545.0893300464
2758782.764887949
2759020.4609239185
2759258.1774397246
2759495.9144371212
2759733.6719178786
2759971.449883761
2760209.248336539
2760447.067277967
2760684.9067098163
2760922.7666338515
2761160.647051838
2761398.5479655485
2761636.4693767363
2761874.411287174
2762112.373698627
2762350.356612868
2762588.3600316523
2762826.3839567513
2763064.428389933
2763302.4933329634
2763540.578787616
2763778.684755646
2764016.811238827
2764254.9582389267
2764493.125757718
2764731.313796958
2764969.52235842
2765207.751443872
2765446.0010550832
2765684.271193827
2765922.5618618615
2766160.87306096
2766399.204792892
2766637.557059433
2766875.9298623395
2767114.3232033877
2767352.737084347
2767591.171506986
2767829.626473082
2768068.1019843924
2768306.598042694
2768545.1146497563
2768783.6518073557
2769022.2095172512
2769260.78778122
2769499.3866010327
2769738.00597846
2769976.645915279
2770215.30641325
2770453.98747415
2770692.689099751
2770931.4112918247
2771170.1540521486
2771408.9173824834
2771647.7012846074
2771886.5057602925
2772125.330811318
2772364.1764394445
2772603.042646451
2772841.9294341104
2773080.8368042014
2773319.7647584863
2773558.7132987445
2773797.6824267493
2774036.672144274
2774275.6824531
2774514.7133549885
2774753.76485172
2774992.8369450686
2775231.9296368095
2775471.042928723
2775710.1768225725
2775949.3313201386
2776188.5064231968
2776427.7021335275
2776666.9184528957
2776906.1553830826
2777145.4129258636
2777384.6910830205
2777623.9898563186
2777863.309247539
2778102.6492584585
2778342.009890854
2778581.3911465076
2778820.793027185
2779060.2155346684
2779299.6586707355
2779539.1224371637
2779778.6068357364
2780018.111868219
2780257.637536396
2780497.183842045
2780736.750786949
2780976.338372876
2781215.94660161
2781455.575474929
2781695.2249946124
2781934.895162444
2782174.5859801923
2782414.2974496414
2782654.029572571
2782893.7823507665
2783133.555785996
2783373.349880045
2783613.164634693
2783853.000051721
2784092.8561329143
2784332.732880042
2784572.6302948906
2784812.548379241
2785052.4871348795
2785292.4465635754
2785532.4266671157
2785772.4274472822
2786012.4489058563
2786252.491044625
2786492.553865359
2786732.637369846
2786972.7415598677
2787212.8664372126
2787453.0120036514
2787693.1782609723
2787933.365210958
2788173.5728553915
2788413.8011960615
2788654.05023474
2788894.319973216
2789134.6104132724
2789374.921556699
2789615.2534052683
2789855.60596077
2790095.979224988
2790336.3731997064
2790576.7878867155
2790817.2232877887
2791057.6794047155
2791298.1562392823
2791538.6537932786
2791779.1720684785
2792019.711066673
2792260.270789648
2792500.8512391886
2792741.452417087
2792982.0743251164
2793222.71696507
2793463.3803387336
2793704.0644478933
2793944.7692943416
2794185.494879854
2794426.2412062227
2794667.008275235
2794907.796088684
2795148.6046483447
2795389.4339560117
2795630.284013471
2795871.1548225177
2796112.0463849274
2796352.958702494
2796593.891777006
2796834.8456102517
2797075.820204025
2797316.8155601043
2797557.831680283
2797798.8685663505
2798039.9262200966
2798281.0046433154
2798522.1038377853
2798763.2238053023
2799004.364547655
2799245.52606664
2799486.708364036
2799727.911441638
2799969.1353012375
2800210.3799446304
2800451.645373596
2800692.931589931
2800934.238595426
2801175.5663918727
2801416.9149810676
2801658.2843647916
2801899.6745448415
2802141.085523009
2802382.5173010863
2802623.969880871
2802865.4432641445
2803106.9374527046
2803348.4524483434
2803589.98825286
2803831.5448680357
2804073.1222956693
2804314.720537554
2804556.3395954827
2804797.979471255
2805039.6401666533
2805281.321683477
2805523.02402352
2805764.747188582
2806006.491180446
2806248.2560009123
2806490.041651775
2806731.848134829
2806973.6754518757
2807215.523604698
2807457.3925950965
2807699.282424867
2807941.193095811
2808183.1246097125
2808425.076968373
2808667.050173588
2808909.0442271545
2809151.059130874
2809393.0948865316
2809635.15149593
2809877.228960865
2810119.3272831403
2810361.4464645404
2810603.586506869
2810845.747411924
2811087.9291815017
2811330.1318174065
2811572.355321424
2811814.5996953584
2812056.864941008
2812299.1510601705
2812541.45805465
2812783.785926235
2813026.1346767284
2813268.50430793
2813510.8948216443
2813753.3062196593
2813995.7385037798
2814238.191675806
2814480.6657375423
2814723.160690778
2814965.676537318
2815208.2132789637
2815450.770917514
2815693.349454776
2815935.948892539
2816178.5692326087
2816421.2104767864
2816663.872626873
2816906.5556846764
2817149.259651986
2817391.984530608
2817634.730322346
2817877.4970290065
2818120.2846523803
2818363.093194275
2818605.9226564933
2818848.7730408437
2819091.6443491164
2819334.536583121
2819577.4497446595
2819820.383835536
2820063.3388575586
2820306.31481252
2820549.311702229
2820792.3295284896
2821035.3682931056
2821278.4279978867
2821521.5086446255
2821764.6102351323
2822007.732771212
2822250.8762546745
2822494.040687313
2822737.2260709386
2822980.432407356
2823223.659698377
2823466.9079457945
2823710.177151421
2823953.4673170615
2824196.778444522
2824440.110535614
2824683.4635921335
2824926.8376158914
2825170.232608694
2825413.6485723495
2825657.085508669
2825900.5434194487
2826144.022306501
2826387.522171634
2826631.0430166605
2826874.584843376
2827118.1476535955
2827361.7314491253
2827605.3362317747
2827848.9620033572
2828092.60876567
2828336.276520527
2828579.965269737
2828823.6750151147
2829067.4057584573
2829311.1575015807
2829554.930246293
2829798.7239944045
2830042.53874773
2830286.374508069
2830530.231277236
2830774.1090570414
2831018.007849301
2831261.9276558147
2831505.868478398
2831749.8303188616
2831993.8131790166
2832237.81706068
2832481.8419656516
2832725.8878957476
2832969.954852781
2833214.0428385674
2833458.1518549086
2833702.2819036217
2833946.4329865193
2834190.605105413
2834434.798262122
2834679.0124584464
2834923.247696205
2835167.503977211
2835411.7813032777
2835656.0796762235
2835900.39909785
2836144.739569978
2836389.1010944196
2836633.483672995
2836877.887307507
2837122.311999775
2837366.757751614
2837611.2245648433
2837855.712441267
2838100.2213827055
2838344.751390973
2838589.3024678854
2838833.874615263
2839078.467834911
2839323.082128649
2839567.717498294
2839812.373945662
2840057.0514725735
2840301.7500808346
2840546.469772266
2840791.2105486863
2841035.972411916
2841280.755363761
2841525.5594060444
2841770.3845405835
2842015.2307692003
2842260.098093702
2842504.986515911
2842749.8960376456
2842994.8266607234
2843239.7783869687
2843484.751218188
2843729.7451562053
2843974.7602028395
2844219.7963599088
2844464.8536292384
2844709.9320126353
2844955.0315119247
2845200.152128926
2845445.293865464
2845690.456723348
2845935.6407044022
2846180.8458104474
2846426.072043309
2846671.319404796
2846916.587896735
2847161.877520946
2847407.1882792497
2847652.520173473
2847897.8732054257
2848143.247376934
2848388.6426898204
2848634.0591459055
2848879.4967470174
2849124.955494966
2849370.4353915793
2849615.936438679
2849861.458638094
2850107.0019916347
2850352.5665011294
2850598.152168401
2850843.7589952727
2851089.386983573
2851335.0361351143
2851580.7064517247
2851826.397935229
2852072.110587456
2852317.844410218
2852563.5994053446
2852809.375574661
2853055.1729199905
2853300.991443164
2853546.8311459944
2853792.6920303125
2854038.574097943
2854284.477350717
2854530.4017904485
2854776.347418968
2855022.314238102
2855268.302249676
2855514.3114555213
2855760.341857453
2856006.3934573024
2856252.466256897
2856498.560258068
2856744.675462631
2856990.811872419
2857236.9694892587
2857483.1483149775
2857729.3483514083
2857975.569600367
2858221.8120636875
2858468.075743197
2858714.360640724
2858960.6667581024
2859206.994097148
2859453.3426596965
2859699.7124475758
2859946.10346262
2860192.515706647
2860438.949181492
2860685.4038889837
2860931.879830957
2861178.3770092307
2861424.8954256396
2861671.435082014
2861917.9959801836
2862164.578121985
2862411.1815092363
2862657.806143774
2862904.452027429
2863151.1191620314
2863397.807549419
2863644.5171914105
2863891.2480898434
2864138.0002465495
2864384.7736633653
2864631.5683421115
2864878.3842846258
2865125.2214927403
2865372.0799682927
2865618.959713104
2865865.860729013
2866112.7830178523
2866359.726581454
2866606.691421658
2866853.6775402846
2867100.684939174
2867347.7136201593
2867594.7635850743
2867841.8348357584
2868088.9273740347
2868336.041201742
2868583.1763207153
2868830.332732795
2869077.5104398034
2869324.7094435813
2869571.9297459642
2869819.1713487925
2870066.43425389
2870313.7184630977
2870561.023978251
2870808.350801186
2871055.698933745
2871303.068377751
2871550.459135047
2871797.8712074687
2872045.3045968534
2872292.7593050427
2872540.2353338622
2872787.7326851552
2873035.251360758
2873282.7913625143
2873530.352692249
2873777.935351807
2874025.539343025
2874273.1646677414
2874520.8113277997
2874768.4793250267
2875016.1686612666
2875263.8793383585
2875511.611358146
2875759.364722457
2876007.139433136
2876254.9354920224
2876502.7529009557
2876750.591661781
2876998.4517763266
2877246.3332464374
2877494.2360739545
2877742.160260723
2877990.105808572
2878238.072719347
2878486.06099489
2878734.0706370412
2878982.1016476466
2879230.1540285368
2879478.227781558
2879726.3229085524
2879974.439411367
2880222.5772918314
2880470.7365517938
2880718.9171930966
2880967.119217581
2881215.3426270965
2881463.587423473
2881711.85360856
2881960.1411841987
2882208.4501522337
2882456.780514513
2882705.132272869
2882953.5054291505
2883201.899985201
2883450.315942871
2883698.7533039916
2883947.212070414
2884195.692243981
2884444.1938265446
2884692.7168199364
2884941.2612260072
2885189.8270466025
2885438.414283567
2885687.0229387516
2885935.6530139903
2886184.3045111345
2886432.9774320293
2886681.6717785215
2886930.387552462
2887179.124755686
2887427.8833900457
2887676.6634573876
2887925.4649595637
2888174.287898409
2888423.1322757774
2888671.998093515
2888920.8853534753
2889169.7940574945
2889418.724207425
2889667.6758051156
2889916.648852414
2890165.643351174
2890414.659303232
2890663.696710442
2890912.755574654
2891161.835897715
2891410.9376814803
2891660.060927788
2891909.205638492
2892158.3718154426
2892407.5594604947
2892656.7685754863
2892905.999162273
2893155.2512227055
2893404.5247586328
2893653.8197719124
2893903.136264382
2894152.474237899
2894401.8336943127
2894651.2146354816
2894900.6170632443
2895150.0409794585
2895399.4863859746
2895648.953284645
2895898.4416773273
2896147.9515658612
2896397.4829521053
2896647.0358379115
2896896.610225138
2897146.2061156253
2897395.8235112326
2897645.4624138125
2897895.1228252184
2898144.8047473086
2898394.5081819254
2898644.2331309277
2898893.9795961697
2899143.747579511
2899393.537082793
2899643.348107877
2899893.1806566166
2900143.034730866
2900392.9103324865
2900642.8074633204
2900892.726125229
2901142.6663200674
2901392.628049697
2901642.6113159605
2901892.61612072
2902142.6424658312
2902392.69035315
2902642.7597845388
2902892.850761841
2903142.96328692
2903393.0973616317
2903643.2529878393
2903893.430167387
2904143.628902138
2904393.84919395
2904644.09104468
2904894.3544561914
2905144.6394303306
2905394.94596896
2905645.274073939
2905895.623747125
2906145.9949903823
2906396.387805558
2906646.8021945157
2906897.2381591154
2907147.695701221
2907398.17482268
2907648.675525358
2907899.197811114
2908149.741681814
2908400.3071393054
2908650.894185454
2908901.50282212
2909152.1330511644
2909402.7848744523
2909653.4582938333
2909904.1533111734
2910154.869928334
2910405.6081471755
2910656.3679695656
2910907.1493973536
2911157.952432407
2911408.7770765875
2911659.623331763
2911910.491199783
2912161.3806825164
2912412.291781825
2912663.224499577
2912914.1788376244
2913165.1547978343
2913416.1523820707
2913667.1715921964
2913918.212430081
2914169.2748975754
2914420.3589965496
2914671.464728867
2914922.592096392
2915173.741100994
2915424.911744526
2915676.1040288582
2915927.3179558553
2916178.5535273873
2916429.8107453077
2916681.0896114875
2916932.390127792
2917183.712296086
2917435.0561182415
2917686.4215961127
2917937.8087315704
2918189.217526481
2918440.6479827166
2918692.100102132
2918943.5738865994
2919195.0693379855
2919446.586458157
2919698.1252489868
2919949.6857123305
2920201.2678500605
2920452.8716640454
2920704.497156158
2920956.1443282543
2921207.813182208
2921459.503719888
2921711.215943162
2921962.9498539045
2922214.705453972
2922466.482745239
2922718.281729575
2922970.1024088543
2923221.944784935
2923473.8088596924
2923725.6946349954
2923977.602112714
2924229.5312947244
2924481.482182884
2924733.45477907
2924985.449085152
2925237.465103006
2925489.502834492
2925741.5622814856
2925993.6434458587
2926245.746329482
2926497.8709342335
2926750.0172619717
2927002.1853145747
2927254.3750939146
2927506.5866018687
2927758.819840298
2928011.07481108
2928263.351516087
2928515.649957193
2928767.970136275
2929020.312055195
2929272.6757158325
2929525.06112006
2929777.4682697505
2930029.8971667844
2930282.3478130233
2930534.820210347
2930787.31436063
2931039.830265751
2931292.3679275746
2931544.9273479795
2931797.5085288417
2932050.1114720413
2932302.736179441
2932555.3826529235
2932808.050894363
2933060.740905635
2933313.452688622
2933566.1862451867
2933818.941577212
2934071.718686573
2934324.517575148
2934577.3382448177
2934830.180697447
2935083.0449349196
2935335.9309591115
2935588.8387719067
2935841.76837517
2936094.7197707845
2936347.692960629
2936600.6879465855
2936853.704730522
2937106.7433143207
2937359.8036998613
2937612.8858890217
2937865.9898836864
2938119.1156857223
2938372.263297014
2938625.432719441
2938878.6239548824
2939131.8370052236
2939385.071872332
2939638.328558094
2939891.6070643887
2940144.9073931025
2940398.229546103
2940651.573525278
2940904.939332506
2941158.3269696697
2941411.7364386553
2941665.1677413313
2941918.620879585
2942172.095855298
2942425.5926703583
2942679.1113266344
2942932.651826015
2943186.2141703824
2943439.7983616176
2943693.4044016097
2943947.032292229
2944200.6820353647
2944454.3536328985
2944708.0470867204
2944961.7623987007
2945215.499570729
2945469.2586046895
2945723.0395024647
2945976.842265945
2946230.666897002
2946484.5133975265
2946738.381769402
2946992.2720145187
2947246.18413475
2947500.118131987
2947754.0740081132
2948008.0517650144
2948262.0514045823
2948516.07292869
2948770.1163392286
2949024.181638084
2949278.2688271487
2949532.377908296
2949786.5088834185
2950040.661754403
2950294.836523135
2950549.033191508
2950803.251761397
2951057.492234694
2951311.7546132873
2951566.0388990697
2951820.3450939166
2952074.673199722
2952329.023218374
2952583.39515176
2952837.7890017745
2953092.2047702936
2953346.6424592123
2953601.1020704187
2953855.5836058017
2954110.0870672567
2954364.6124566603
2954619.159775908
2954873.72902689
2955128.3202115004
2955382.9333316186
2955637.568389139
2955892.225385953
2956146.9043239565
2956401.605205028
2956656.3280310635
2956911.0728039546
2957165.839525592
2957420.6281978725
2957675.4388226755
2957930.2714018985
2958185.125937433
2958440.002431171
2958694.90088501
2958949.8213008307
2959204.7636805307
2959459.7280260026
2959714.714339145
2959969.7226218386
2960224.7528759823
2960479.8051034696
2960734.879306199
2960989.975486052
2961245.0936449287
2961500.233784722
2961755.3959073266
2962010.580014642
2962265.78610855
2962521.0141909523
2962776.2642637426
2963031.536328815
2963286.8303880715
2963542.146443394
2963797.4844966847
2964052.8445498385
2964308.226604757
2964563.630663323
2964819.0567274396
2965074.5047990023
2965329.9748799074
2965585.466972057
2965840.9810773353
2966096.5171976453
2966352.0753348838
2966607.655490954
2966863.257667741
2967118.8818671475
2967374.528091071
2967630.1963414103
2967885.886620068
2968141.5989289302
2968397.3332699016
2968653.08964488
2968908.86805577
2969164.6685044584
2969420.490992849
2969676.335522842
2969932.2020963365
2970188.0907152365
2970444.0013814303
2970699.934096824
2970955.888863316
2971211.8656828133
2971467.8645572034
2971723.885488393
2971979.928478282
2972235.993528771
2972492.0806417675
2972748.18981916
2973004.321062855
2973260.4743747544
2973516.649756765
2973772.847210777
2974029.0667386977
2974285.3083424293
2974541.5720238737
2974797.857784939
2975054.165627516
2975310.495553512
2975566.8475648314
2975823.221663382
2976079.6178510548
2976336.0361297596
2976592.476501399
2976848.9389678775
2977105.4235311043
2977361.9301929707
2977618.4589553876
2977875.0098202587
2978131.582789488
2978388.177864987
2978644.7950486476
2978901.4343423806
2979158.0957480916
2979414.7792676915
2979671.484903073
2979928.2126561487
2980184.962528823
2980441.734523009
2980698.5286406
2980955.3448835076
2981212.1832536394
2981469.043752901
2981725.926383205
2981982.831146447
2982239.758044539
2982496.7070793887
2982753.6782529033
2983010.671566996
2983267.687023563
2983524.7246245174
2983781.784371767
2984038.8662672276
2984295.9703127933
2984553.09651038
2984810.2448618957
2985067.4153692555
2985324.608034356
2985581.8228591126
2985839.059845434
2986096.318995231
2986353.6003104174
2986610.903792892
2986868.229444571
2987125.5772673637
2987382.9472631807
2987640.3394339387
2987897.753781536
2988155.190307889
2988412.6490149093
2988670.1299045137
2988927.6329786014
2989185.15823909
2989442.7056878908
2989700.2753269156
2989957.8671580823
2990215.481183291
2990473.11740446
2990730.7758235014
2990988.456442334
2991246.1592628593
2991503.884286995
2991761.6315166545
2992019.400953751
2992277.192600204
2992535.0064579155
2992792.8425288047
2993050.700814785
2993308.5813177777
2993566.484039684
2993824.4089824245
2994082.3561479137
2994340.3255380667
2994598.3171548042
2994856.3310000286
2995114.367075662
2995372.4253836195
2995630.505925823
2995888.608704175
2996146.7337205983
2996404.880977009
2996663.0504753226
2996921.242217462
2997179.4562053317
2997437.6924408544
2997695.9509259467
2997954.231662526
2998212.534652515
2998470.8598978193
2998729.207400362
2998987.577162062
2999245.969184842
2999504.383470608
2999762.8200212847
3000021.2788387905
3000279.7599250493
3000538.2632819684
3000796.788911472
3001055.3368154797
3001313.90699591
3001572.4994546897
3001831.1141937245
3002089.7512149406
3002348.4105202584
3002607.0921115973
3002865.7959908843
3003124.5221600267
3003383.270620951
3003642.041375579
3003900.8344258363
3004159.649773632
3004418.487420894
3004677.3473695437
3004936.2296215077
3005195.134178696
3005454.0610430366
3005713.0102164513
3005971.9817008623
3006230.975498198
3006489.9916103682
3006749.030039303
3007008.0907869237
3007267.173855154
3007526.2792459233
3007785.406961142
3008044.5570027404
3008303.729372642
3008562.924072776
3008822.1411050553
3009081.3804714093
3009340.6421737624
3009599.9262140454
3009859.232594171
3010118.561316069
3010377.912381666
3010637.2857928853
3010896.68155166
3011156.099659902
3011415.540119544
3011675.0029325113
3011934.48810073
3012193.995626132
3012453.5255106315
3012713.077756162
3012972.6523646484
3013232.249338025
3013491.868678206
3013751.510387125
3014011.1744667087
3014270.8609188846
3014530.569745587
3014790.300948731
3015050.054530251
3015309.8304920746
3015569.628836137
3015829.449564353
3016089.292678659
3016349.158180983
3016609.0460732533
3016868.9563574065
3017128.8890353586
3017388.8441090453
3017648.821580397
3017908.8214513487
3018168.843723818
3018428.888399742
3018688.9554810505
3018949.0449696737
3019209.156867549
3019469.2911765943
3019729.447898747
3019989.6270359377
3020249.8285901044
3020510.0525631662
3020770.2989570606
3021030.56777372
3021290.859015075
3021551.1726830653
3021811.5087796096
3022071.867306648
3022332.2482661116
3022592.651659934
3022853.077490054
3023113.5257583926
3023373.996466889
3023634.489617477
3023895.005212096
3024155.543252668
3024416.103741132
3024676.6866794233
3024937.2920694817
3025197.9199132295
3025458.5702126073
3025719.24296955
3025979.9381859927
3026240.6558638765
3026501.396005124
3026762.158611677
3027022.943685472
3027283.7512284433
3027544.5812425343
3027805.4337296677
3028066.3086917866
3028327.2061308273
3028588.1260487325
3028849.0684474264
3029110.033328853
3029371.0206949483
3029632.0305476566
3029893.062888902
3030154.1177206296
3030415.1950447764
3030676.29486328
3030937.4171780855
3031198.5619911184
3031459.729304323
3031720.919119639
3031982.1314390036
3032243.3662643633
3032504.6235976443
3032765.9034407916
3033027.2057957454
3033288.5306644514
3033549.8780488367
3033811.2479508473
3034072.640372424
3034334.0553155127
3034595.4927820414
3034856.952773957
3035118.435293201
3035379.9403417134
3035641.4679214414
3035903.0180343147
3036164.5906822807
3036426.185867281
3036687.803591257
3036949.4438561574
3037211.1066639116
3037472.792016468
3037734.4999157693
3037996.2303637643
3038257.983362383
3038519.758913575
3038781.557019284
3039043.377681452
3039305.220902029
3039567.086682947
3039828.975026155
3040090.8859335976
3040352.819407225
3040614.775448969
3040876.75406078
3041138.755244604
3041400.779002384
3041662.8253360717
3041924.8942476003
3042186.985738921
3042449.0998119796
3042711.2364687272
3042973.3957110983
3043235.577541044
3043497.7819605106
3043760.0089714453
3044022.2585758
3044284.530775509
3044546.825572525
3044809.1429687957
3045071.4829662745
3045333.8455668953
3045596.230772613
3045858.638585374
3046121.0690071275
3046383.522039827
3046645.9976854078
3046908.4959458252
3047171.0168230273
3047433.560318962
3047696.1264355863
3047958.715174835
3048221.3265386643
3048483.9605290233
3048746.6171478676
3049009.296397134
3049271.99827878
3049534.7227947544
3049797.469947014
3050060.2397374962
3050323.0321681583
3050585.847240951
3050848.6849578246
3051111.5453207367
3051374.428331626
3051637.3339924505
3051900.262305161
3052163.213271709
3052426.1868940536
3052689.1831741333
3052952.2021139073
3053215.2437153277
3053478.307980353
3053741.3949109237
3054004.5045089987
3054267.636776531
3054530.791715481
3054793.969327788
3055057.1696154126
3055320.3925803085
3055583.63822443
3055846.9065497364
3056110.1975581697
3056373.5112516913
3056636.8476322545
3056900.206701815
3057163.5884623337
3057426.992915753
3057690.4200640344
3057953.8699091333
3058217.3424530113
3058480.8376976117
3058744.355644897
3059007.8962968234
3059271.4596553524
3059535.0457224287
3059798.6545000146
3060062.2859900678
3060325.940194544
3060589.6171154073
3060853.316754602
3061117.039114092
3061380.784195835
3061644.5520017883
3061908.3425339162
3062172.1557941646
3062435.9917844976
3062699.8505068743
3062963.7319632587
3063227.6361555974
3063491.563085856
3063755.512755993
3064019.485167967
3064283.4803237454
3064547.4982252745
3064811.53887452
3065075.602273442
3065339.688424007
3065603.797328163
3065867.928987876
3066132.0834051073
3066396.260581817
3066660.460519973
3066924.6832215236
3067188.9286884363
3067453.196922673
3067717.487926201
3067981.801700969
3068246.138248947
3068510.497572096
3068774.8796723783
3069039.2845517625
3069303.7122121993
3069568.1626556576
3069832.6358841
3070097.131899496
3070361.650703797
3070626.192298972
3070890.756686985
3071155.3438698
3071419.953849387
3071684.5866276976
3071949.2422067025
3072213.9205883658
3072478.621774653
3072743.3457675343
3073008.0925689633
3073272.86218091
3073537.654605341
3073802.4698442277
3074067.307899523
3074332.1687731994
3074597.0524672223
3074861.9589835647
3075126.8883241806
3075391.8404910425
3075656.815486117
3075921.813311371
3076186.8339687777
3076451.877460292
3076716.9437878877
3076982.0329535324
3077247.144959193
3077512.279806845
3077777.437498443
3078042.6180359614
3078307.821421369
3078573.0476566404
3078838.296743732
3079103.568684619
3079368.8634812697
3079634.181135661
3079899.521649749
3080164.885025509
3080430.271264912
3080695.680369927
3080961.112342531
3081226.567184681
3081492.0448983544
3081757.5454855217
3082023.068948153
3082288.615288226
3082554.184507699
3082819.7766085505
3083085.391592751
3083351.029462279
3083616.6902190926
3083882.3738651713
3084148.0804024865
3084413.809833011
3084679.562158724
3084945.337381584
3085211.135503571
3085476.9565266585
3085742.800452825
3086008.6672840323
3086274.557022259
3086540.4696694794
3086806.4052276677
3087072.3636988034
3087338.3450848483
3087604.349387783
3087870.376609583
3088136.426752228
3088402.4998176806
3088668.5958079225
3088934.7147249286
3089200.856570674
3089467.0213471414
3089733.209056293
3089999.4197001113
3090265.6532805725
3090531.909799659
3090798.1892593345
3091064.491661582
3091330.817008378
3091597.1653016997
3091863.5365435304
3092129.9307358344
3092396.347880596
3092662.7879797923
3092929.2510354077
3093195.737049407
3093462.246023775
3093728.7779604895
3093995.3328615297
3094261.91072888
3094528.5115645067
3094795.135370395
3095061.782148524
3095328.4519008794
3095595.1446294277
3095861.860336155
3096128.599023042
3096395.360692067
3096662.1453452175
3096928.952984461
3097195.783611784
3097462.637229168
3097729.5138385925
3097996.413442046
3098263.336041496
3098530.2816389315
3098797.250236333
3099064.2418356882
3099331.256438967
3099598.2940481575
3099865.354665242
3100132.438292209
3100399.5449310285
3100666.67458369
3100933.827252175
3101201.0029384675
3101468.2016445575
3101735.423372415
3102002.6681240294
3102269.9359013857
3102537.2267064666
3102804.5405412638
3103071.8774077473
3103339.237307909
3103606.6202437333
3103874.0262172106
3104141.4552303143
3104408.9072850347
3104676.3823833573
3104943.8805272747
3105211.401718759
3105478.9459598023
3105746.513252391
3106014.103598511
3106281.717000155
3106549.3534592963
3106817.012977929
3107084.6955580385
3107352.4012016123
3107620.1299106446
3107887.8816871094
3108155.656533
3108423.454450305
3108691.2754410184
3108959.1195071153
3109226.98665059
3109494.8768734313
3109762.790177627
3110030.726565173
3110298.686038045
3110566.668598239
3110834.6742477426
3111102.7029885533
3111370.7548226467
3111638.82975202
3111906.927778662
3112175.0489045633
3112443.1931317206
3112711.360462111
3112979.550897732
3113247.764440574
3113516.0010926346
3113784.260855892
3114052.5437323437
3114320.849723981
3114589.1788327964
3114857.531060787
3115125.9064099323
3115394.3048822307
3115662.7264796747
3115931.1712042633
3116199.6390579757
3116468.130042812
3116736.6441607643
3117005.1814138265
3117273.7418039977
3117542.325333259
3117810.9320036103
3118079.561817045
3118348.214775564
3118616.890881149
3118885.5901358
3119154.3125415123
3119423.05810028
3119691.8268141043
3119960.618684968
3120229.4337148718
3120498.271905812
3120767.13325979
3121036.017778789
3121304.9254648113
3121573.8563198526
3121842.8103459096
3122111.787544985
3122380.787919062
3122649.811470145
3122918.8582002297
3123187.928111314
3123457.0212054006
3123726.137484475
3123995.2769505414
3124264.439605597
3124533.625451646
3124802.834490674
3125072.0667246864
3125341.3221556805
3125610.600785662
3125879.902616617
3126149.22765055
3126418.5758894617
3126687.9473353503
3126957.3419902218
3127226.7598560634
3127496.2009348813
3127765.6652286756
3128035.1527394457
3128304.6634691996
3128574.197419924
3128843.754593627
3129113.3349923086
3129382.938617977
3129652.56547262
3129922.215558246
3130191.8888768554
3130461.5854304577
3130731.305221041
3131001.048250615
3131270.814521181
3131540.604034742
3131810.416793306
3132080.252798864
3132350.112053425
3132619.9945589923
3132889.900317569
3133159.829331165
3133429.7816017712
3133699.7571313977
3133969.755922049
3134239.777975735
3134509.8232944473
3134779.8918801975
3135049.9837349895
3135320.098860828
3135590.2372597256
3135860.3989336737
3136130.5838846844
3136400.792114763
3136671.023625922
3136941.278420154
3137211.556499472
3137481.857865882
3137752.1825213907
3138022.5304680103
3138292.9017077354
3138563.2962425794
3138833.714074549
3139104.155205658
3139374.6196379014
3139645.1073732926
3139915.61841384
3140186.152761551
3140456.7104184404
3140727.2913865037
3140997.895667756
3141268.523264206
3141539.1741778683
3141809.84841074
3142080.5459648357
3142351.2668421655
3142622.011044739
3142892.7785745715
3143163.5694336602
3143434.3836240224
3143705.2211476676
3143976.0820066133
3144246.966202856
3144517.873738414
3144788.804615298
3145059.7588355183
3145330.7364010937
3145601.7373140217
3145872.7615763214
3146143.8091900037
3146414.8801570875
3146685.974479572
3146957.092159475
3147228.233198811
3147499.3975995905
3147770.585363834
3148041.7964935414
3148313.0309907324
3148584.2888574195
3148855.5700956173
3149126.8747073454
3149398.2026946046
3149669.554059416
3149940.928803793
3150212.326929757
3150483.7484393097
3150755.193334472
3151026.6616172586
3151298.1532896915
3151569.6683537727
3151841.2068115245
3152112.7686649617
3152384.3539161007
3152655.962566964
3152927.5946195545
3153199.250075895
3153470.928938002
3153742.6312078917
3154014.3568875883
3154286.105979095
3154557.878484436
3154829.6744056283
3155101.493744696
3155373.3365036435
3155645.2026844956
3155917.0922892704
3156189.005319992
3156460.941778666
3156732.901667318
3157004.8849879657
3157276.891742629
3157548.921933333
3157820.975562084
3158093.0526309074
3158365.153141824
3158637.2770968527
3158909.4244980197
3159181.595347333
3159453.7896468183
3159726.0073984973
3159998.248604396
3160270.513266523
3160542.8013869054
3160815.1129675643
3161087.4480105215
3161359.8065178045
3161632.1884914218
3161904.5939334026
3162177.0228457684
3162449.4752305476
3162721.95108975
3162994.450425405
3163266.9732395345
3163539.5195341622
3163812.0893113166
3164084.6825730093
3164357.299321269
3164629.9395581204
3164902.6032855925
3165175.2905056975
3165448.001220465
3165720.7354319203
3165993.4931420875
3166266.274352997
3166539.079066661
3166811.907285112
3167084.759010374
3167357.6342444792
3167630.53298944
3167903.4552472886
3168176.401020051
3168449.3703097533
3168722.3631184283
3168995.3794480893
3169268.419300769
3169541.4826784944
3169814.5695832986
3170087.6800171966
3170360.8139822213
3170633.9714804003
3170907.1525137615
3171180.357084339
3171453.5851941477
3171726.8368452224
3172000.112039591
3172273.4107792894
3172546.733066332
3172820.0789027554
3173093.4482905874
3173366.841231858
3173640.2577286027
3173913.6977828383
3174187.1613966012
3174460.6485719206
3174734.159310827
3175007.693615357
3175281.251487528
3175554.832929377
3175828.437942935
3176102.06653024
3176375.7186933085
3176649.3944341796
3176923.0937548843
3177196.8166574608
3177470.563143928
3177744.3332163244
3178018.126876682
3178291.944127033
3178565.784969417
3178839.649405853
3179113.5374383805
3179387.449069033
3179661.384299843
3179935.343132851
3180209.325570077
3180483.331613562
3180757.3612653394
3181031.4145274498
3181305.4914019145
3181579.5918907747
3181853.7159960642
3182127.863719825
3182402.0350640793
3182676.230030868
3182950.448622227
3183224.690840191
3183498.9566868036
3183773.2461640863
3184047.5592740816
3184321.896018827
3184596.256400357
3184870.6404207163
3185145.048081928
3185419.4793860354
3185693.9343350753
3185968.412931092
3186242.9151761094
3186517.4410721725
3186791.9906213176
3187066.563825584
3187341.160687016
3187615.7812076383
3187890.425389496
3188165.093234629
3188439.784745081
3188714.4999228786
3188989.238770067
3189264.001288687
3189538.7874807767
3189813.5973483827
3190088.4308935325
3190363.2881182716
3190638.1690246407
3190913.073614687
3191188.0018904377
3191462.95385394
3191737.9295072355
3192012.9288523644
3192287.951891375
3192562.9986262955
3192838.0690591745
3193113.163192053
3193388.2810269804
3193663.4225659855
3193938.5878111166
3194213.776764417
3194488.9894279293
3194764.225803702
3195039.4858937664
3195314.7697001714
3195590.0772249606
3195865.4084701776
3196140.7634378728
3196416.142130077
3196691.5445488403
3196966.9706962076
3197242.4205742297
3197517.894184938
3197793.3915303843
3198068.912612613
3198344.4574336763
3198620.025995606
3198895.6183004547
3199171.2343502673
3199446.8741470906
3199722.537692976
3199998.224989958
3200273.9360400885
3200549.6708454145
3200825.4294079826
3201101.2117298464
3201377.01781304
3201652.8476596167
3201928.701271625
3202204.5786511176
3202480.4798001302
3202756.404720717
3203032.353414926
3203308.325884813
3203584.3221324123
3203860.3421597793
3204136.3859689636
3204412.453562014
3204688.5449409853
3204964.660107915
3205240.7990648584
3205516.9618138657
3205793.148356986
3206069.3586962777
3206345.5928337765
3206621.85077154
3206898.132511618
3207174.438056069
3207450.76740693
3207727.1205662596
3208003.497536108
3208279.8983185343
3208556.3229155764
3208832.771329293
3209109.243561736
3209385.7396149575
3209662.259491017
3209938.8031919533
3210215.3707198263
3210491.9620766887
3210768.577264593
3211045.2162856
3211321.8791417493
3211598.5658351015
3211875.2763677104
3212152.0107416366
3212428.7689589206
3212705.551021624
3212982.356931801
3213259.186691506
3213536.040302801
3213812.9177677273
3214089.8190883473
3214366.744266716
3214643.6933048954
3214920.666204929
3215197.662968878
3215474.6835987996
3215751.72809675
3216028.7964647915
3216305.888704968
3216583.004819343
3216860.1448099734
3217137.308678923
3217414.496428236
3217691.7080599763
3217968.943576202
3218246.20297897
3218523.486270346
3218800.7934523756
3219078.124527122
3219355.4794966453
3219632.85836301
3219910.261128262
3220187.6877944674
3220465.138363685
3220742.612837975
3221020.111219403
3221297.633510016
3221575.1797118797
3221852.7498270557
3222130.3438576036
3222407.961805591
3222685.603673064
3222963.2694620923
3223240.959174735
3223518.672813061
3223796.4103791188
3224074.171874976
3224351.957302694
3224629.7666643425
3224907.599961969
3225185.457197644
3225463.3383734287
3225741.2434913865
3226019.172553587
3226297.1255620793
3226575.102518934
3226853.1034262134
3227131.128285982
3227409.17710031
3227687.249871248
3227965.3466008664
3228243.4672912303
3228521.61194441
3228799.780562457
3229077.973147443
3229356.189701433
3229634.430226498
3229912.694724691
3230190.983198084
3230469.2956487425
3230747.632078733
3231025.9924901268
3231304.376884978
3231582.785265359
3231861.2176333372
3232139.673990979
3232418.1543403575
3232696.658683527
3232975.187022561
3233253.739359528
3233532.315696501
3233810.9160355357
3234089.540378706
3234368.18872808
3234646.861085734
3234925.5574537213
3235204.277834119
3235483.0222289944
3235761.790640418
3236040.583070465
3236319.3995211916
3236598.2399946745
3236877.104492983
3237155.993018187
3237434.9055723636
3237713.84215757
3237992.802775883
3238271.7874293737
3238550.796120119
3238829.8288501767
3239108.8856216255
3239387.9664365356
3239667.0712969797
3239946.2002050355
3240225.353162762
3240504.5301722377
3240783.731235535
3241062.956354733
3241342.205531891
3241621.4787690886
3241900.776068399
3242180.097431895
3242459.4428616567
3242738.8123597447
3243018.205928239
3243297.6235692133
3243577.0652847486
3243856.5310769062
3244136.0209477665
3244415.5348994047
3244695.0729338955
3244974.6350533203
3245254.2212597406
3245533.8315552394
3245813.4659418915
3246093.124421779
3246372.8069969653
3246652.5136695323
3246932.2444415567
3247211.9993151147
3247491.7782922895
3247771.581375145
3248051.408565764
3248331.259866224
3248611.1352786026
3248891.0348049835
3249170.9584474317
3249450.906208031
3249730.8780888594
3250010.874092002
3250290.894219524
3250570.9384735106
3250851.00685604
3251131.0993691985
3251411.2160150516
3251691.356795685
3251971.521713178
3252251.7107696105
3252531.9239670695
3252812.161307621
3253092.4227933516
3253372.7084263423
3253653.018208673
3253933.352142432
3254213.710229686
3254494.0924725225
3254774.498873024
3255054.9294332773
3255335.384155351
3255615.8630413343
3255896.366093308
3256176.8933133623
3256457.4447035645
3256738.020266005
3257018.620002766
3257299.2439159304
3257579.892007588
3257860.5642798087
3258141.260734682
3258421.9813742926
3258702.726200723
3258983.4952160646
3259264.2884223885
3259545.1058217846
3259825.9474163377
3260106.81320814
3260387.703199262
3260668.6173917954
3260949.555787826
3261230.5183894453
3261511.5051987255
3261792.51621776
3262073.551448633
3262354.610893432
3262635.6945542493
3262916.8024331583
3263197.9345322517
3263479.090853617
3263760.271399341
3264041.4761715177
3264322.7051722207
3264603.9584035445
3264885.235867576
3265166.5375664113
3265447.863502124
3265729.213676809
3266010.588092555
3266291.9867514507
3266573.4096555915
3266854.8568070526
3267136.3282079305
3267417.823860314
3267699.3437662995
3267980.887927964
3268262.4563474027
3268544.0490267063
3268825.665967965
3269107.307173276
3269388.9726447165
3269670.662384384
3269952.3763943687
3270234.11467677
3270515.877233664
3270797.66406715
3271079.4751793193
3271361.3105722643
3271643.170248083
3271925.054208854
3272206.9624566776
3272488.894993645
3272770.851821857
3273052.832943392
3273334.83836035
3273616.8680748246
3273898.9220889094
3274181.0004047044
3274463.10302429
3274745.2299497672
3275027.38118323
3275309.556726773
3275591.7565824967
3275873.9807524835
3276156.229238834
3276438.5020436444
3276720.7991690156
3277003.1206170307
3277285.466389791
3277567.836489393
3277850.2309179385
3278132.649677512
3278415.0927702147
3278697.560198144
3278980.051963397
3279262.5680680764
3279545.108514266
3279827.6733040707
3280110.262439587
3280392.875922913
3280675.513756153
3280958.175941392
3281240.862480734
3281523.573376278
3281806.3086301293
3282089.0682443725
3282371.8522211136
3282654.660562452
3282937.4932704936
3283220.350347324
3283503.2317950493
3283786.13761577
3284069.0678115855
3284352.0223846035
3284635.00133691
3284918.0046706125
3285201.0323878117
3285484.0844906084
3285767.1609811108
3286050.2618614063
3286333.3871336034
3286616.536799803
3286899.710862114
3287182.9093226255
3287466.1321834456
3287749.379446677
3288032.6511144214
3288315.9471887895
3288599.26767187
3288882.6125657726
3289165.981872601
3289449.3755944646
3289732.7937334543
3290016.23629168
3290299.703271246
3290583.1946742567
3290866.7105028224
3291150.250759035
3291433.815445005
3291717.404562838
3292001.018114645
3292284.656102519
3292568.318528571
3292852.005394907
3293135.716703633
3293419.452456861
3293703.212656684
3293986.997305216
3294270.8064045617
3294554.639956836
3294838.4979641316
3295122.3804285624
3295406.287352236
3295690.218737259
3295974.174585746
3296258.154899792
3296542.1596815106
3296826.1889330107
3297110.2426564074
3297394.320853795
3297678.4235272896
3297962.5506789996
3298246.7023110343
3298530.8784255097
3298815.0790245216
3299099.304110186
3299383.5536846137
3299667.82774992
3299952.1263082023
3300236.449361578
3300520.796912157
3300805.1689620498
3301089.5655133747
3301373.986568229
3301658.43212873
3301942.9021969903
3302227.3967751204
3302511.915865239
3302796.4594694455
3303081.027589858
3303365.6202285886
3303650.237387757
3303934.879069462
3304219.545275823
3304504.2360089542
3304788.9512709747
3305073.6910639843
3305358.4553901036
3305643.2442514463
3305928.0576501265
3306212.895588265
3306497.7580679622
3306782.64509134
3307067.556660513
3307352.4927775953
3307637.4534447095
3307922.438663957
3308207.44843746
3308492.482767334
3308777.541655702
3309062.625104666
3309347.7331163487
3309632.865692867
3309918.022836344
3310203.2045488823
3310488.410832606
3310773.641689632
3311058.8971220776
3311344.1771320673
3311629.4817217044
3311914.810893114
3312200.164648414
3312485.542989723
3312770.945919165
3313056.373438846
3313341.8255508905
3313627.302257418
3313912.803560554
3314198.329462405
3314483.8799650962
3314769.455070748
3315055.0547814793
3315340.6790994173
3315626.328026669
3315912.001565361
3316197.699717614
3316483.4224855555
3316769.1698712925
3317054.941876953
3317340.7385046585
3317626.5597565304
3317912.405634697
3318198.2761412663
3318484.1712783673
3318770.091048122
3319056.0354526597
3319342.0044940896
3319627.9981745407
3319914.016496136
3320200.0594609985
3320486.1270712586
3320772.219329026
3321058.3362364313
3321344.4777955976
3321630.6440086565
3321916.8348777182
3322203.0504049137
3322489.2905923678
3322775.555442205
3323061.8449565577
3323348.159137537
3323634.497987274
3323920.8615078954
3324207.2497015335
3324493.6625702996
3324780.100116328
3325066.562341743
3325353.049248673
3325639.5608392498
3325926.097115587
3326212.658079819
3326499.2437340715
3326785.85408048
3327072.4891211577
3327359.148858239
3327645.8332938515
3327932.5424301242
3328219.276269191
3328506.0348131675
3328792.8180641886
3329079.626024383
3329366.45869588
3329653.3160808156
3329940.198181305
3330227.1049994845
3330514.0365374843
3330800.992797441
3331087.97378147
3331374.97949171
3331662.0099302903
3331949.0650993483
3332236.145001001
3332523.249637387
3332810.3790106373
3333097.5331228822
3333384.711976261
3333671.9155728915
3333959.1439149124
3334246.397004456
3334533.6748436536
3334820.9774346454
3335108.30477955
3335395.6568805072
3335683.0337396497
3335970.435359118
3336257.861741031
3336545.31288753
3336832.7888007476
3337120.2894828254
3337407.8149358835
3337695.3651620634
3337982.9401634987
3338270.5399423246
3338558.1645006826
3338845.8138406943
3339133.487964501
3339421.1868742392
3339708.9105720436
3339996.659060057
3340284.4323404017
3340572.2304152204
3340860.0532866493
3341147.9009568323
3341435.773427892
3341723.670701972
3342011.59278121
3342299.539667742
3342587.511363713
3342875.507871247
3343163.529192488
3343451.5753295743
3343739.6462846515
3344027.742059843
3344315.862657295
3344604.0080791456
3344892.1783275343
3345180.3734046067
3345468.5933124884
3345756.838053325
3346045.1076292573
3346333.4020424313
3346621.721294973
3346910.0653890297
3347198.434326742
3347486.8281102497
3347775.2467417014
3348063.6902232235
3348352.158556964
3348640.651745064
3348929.169789673
3349217.7126929173
3349506.280456946
3349794.873083902
3350083.490575927
3350372.1329351696
3350660.8001637594
3350949.4922638456
3351238.2092375713
3351526.9510870865
3351815.7178145205
3352104.509422024
3352393.3259117403
3352682.1672858135
3352971.033546394
3353259.924695614
3353548.840735622
3353837.781668565
3354126.7474965933
3354415.7382218386
3354704.7538464526
3354993.794372581
3355282.8598023695
3355571.9501379696
3355861.065381515
3356150.205535157
3356439.370601043
3356728.560581319
3357017.7754781386
3357307.015293635
3357596.2800299614
3357885.5696892655
3358174.884273702
3358464.2237854037
3358753.5882265256
3359042.977599216
3359332.3919056295
3359621.831147901
3359911.295328185
3360200.7844486306
3360490.298511387
3360779.8375186096
3361069.4014724344
3361358.9903750173
3361648.6042285077
3361938.2430350557
3362227.906796818
3362517.5955159315
3362807.3091945522
3363097.0478348318
3363386.811438927
3363676.6000089752
3363966.4135471345
3364256.2520555565
3364546.1155363987
3364836.0039917994
3365125.9174239174
3365415.855834904
3365705.819226912
3365995.807602101
3366285.8209626093
3366575.8593105962
3366865.922648215
3367156.010977619
3367446.124300968
3367736.2626204016
3368026.4259380805
3368316.6142561585
3368606.827576797
3368897.065902136
3369187.3292343365
3369477.6175755532
3369767.9309279416
3370058.269293663
3370348.6326748584
3370639.021073691
3370929.434492315
3371219.8729328946
3371510.3363975706
3371800.824888506
3372091.338407858
3372381.876957782
3372672.4405404422
3372963.0291579817
3373253.642812564
3373544.281506346
3373834.9452414927
3374125.634020148
3374416.3478444754
3374707.0867166338
3374997.8506387807
3375288.6396130817
3375579.4536416815
3375870.292726746
3376161.156870433
3376452.046074909
3376742.96034232
3377033.899674832
3377324.864074604
3377615.853543796
3377906.8680845755
3378197.9076990886
3378488.972389502
3378780.062157977
3379071.1770066805
3379362.3169377604
3379653.481953384
3379944.672055713
3380235.887246908
3380527.127529139
3380818.392904553
3381109.6833753195
3381400.9989436003
3381692.3396115648
3381983.7053813613
3382275.0962551604
3382566.5122351246
3382857.9533234173
3383149.419522208
3383440.9108336475
3383732.4272599053
3384023.968803146
3384315.5354655334
3384607.1272492385
3384898.7441564123
3385190.3861892265
3385482.053349845
3385773.745640441
3386065.4630631646
3386357.205620189
3386648.97331368
3386940.766145809
3387232.584118729
3387524.427234613
3387816.295495627
3388108.1889039376
3388400.107461719
3388692.051171123
3388984.020034325
3389276.014053491
3389568.033230789
3389860.0775683937
3390152.147068459
3390444.2417331594
3390736.3615646637
3391028.5065651466
3391320.676736763
3391612.8720816886
3391905.092602093
3392197.338300151
3392489.6091780188
3392781.905237872
3393074.226481882
3393366.572912217
3393658.9445310547
3393951.341340551
3394243.763342884
3394536.210540224
3394828.682934741
3395121.180528614
3395413.7033240004
3395706.2513230774
3395998.8245280175
3396291.422940999
3396584.0465641795
3396876.695399739
3397169.369449849
3397462.068716682
3397754.7932024184
3398047.5429092166
3398340.3178392565
3398633.1179947113
3398925.9433777616
3399218.7939905673
3399511.6698353086
3399804.5709141595
3400097.497229295
3400390.4487828957
3400683.425577122
3400976.427614156
3401269.454896173
3401562.507425354
3401855.5852038614
3402148.688233877
3402441.8165175766
3402734.9700571364
3403028.148854739
3403321.3529125466
3403614.582232743
3403907.8368175044
3404201.116669015
3404494.4217894375
3404787.7521809563
3405081.1078457483
3405374.4887859914
3405667.8950038706
3405961.326501549
3406254.7832812127
3406548.265345039
3406841.7726952066
3407135.3053339017
3407428.863263289
3407722.4464855543
3408016.055002877
3408309.6888174433
3408603.3479314186
3408897.0323469904
3409190.742066338
3409484.4770916495
3409778.2374250903
3410072.023068848
3410365.834025104
3410659.670296039
3410953.5318838404
3411247.418790676
3411541.3310187347
3411835.2685701977
3412129.231447247
3412423.219652071
3412717.233186839
3413011.27205374
3413305.336254956
3413599.425792678
3413893.540669074
3414187.6808863347
3414481.846446643
3414776.03735219
3415070.253605145
3415364.495207699
3415658.7621620363
3415953.0544703407
3416247.3721348047
3416541.7151575983
3416836.083540913
3417130.477286935
3417424.896397848
3417719.340875846
3418013.8107230994
3418308.3059418015
3418602.8265341385
3418897.3725023037
3419191.943848469
3419486.5405748277
3419781.1626835675
3420075.8101768815
3420370.483056943
3420665.181325947
3420959.90498608
3421254.65403953
3421549.4284884925
3421844.2283351407
3422139.053581671
3422433.9042302705
3422728.7802831284
3423023.681742441
3423318.6086103823
3423613.5608891496
3423908.5385809317
3424203.5416879253
3424498.570212306
3424793.6241562706
3425088.7035220102
3425383.808311714
3425678.93852758
3425974.094171785
3426269.2752465266
3426564.4817539966
3426859.7136963923
3427154.971075892
3427450.2538946937
3427745.5621549897
3428040.8958589714
3428336.255008839
3428631.63960677
3428927.049654965
3429222.4851556155
3429517.946110923
3429813.432523065
3430108.944394243
3430404.48172665
3430700.04452248
3430995.6327839345
3431291.2465131925
3431586.8857124555
3431882.550383919
3432178.2405297835
3432473.9561522305
3432769.6972534615
3433065.4638356725
3433361.2559010587
3433657.073451822
3433952.9164901455
3434248.785018231
3434544.6790382755
3434840.5985524748
3435136.543563033
3435432.5140721323
3435728.510081977
3436024.5315947644
3436320.5786126987
3436616.6511379634
3436912.749172763
3437208.8727192953
3437505.021779766
3437801.196356359
3438097.3964512795
3438393.6220667264
3438689.8732048986
3438986.149868002
3439282.452058222
3439578.7797777653
3439875.1330288304
3440171.5118136182
3440467.9161343356
3440764.3459931677
3441060.8013923233
3441357.2823340017
3441653.7888204115
3441950.3208537395
3442246.8784361933
3442543.4615699747
3442840.070257292
3443136.7045003334
3443433.3643013067
3443730.049662415
3444026.7605858594
3444323.497073851
3444620.259128577
3444917.0467522475
3445213.8599470663
3445510.6987152356
3445807.563058967
3446104.4529804485
3446401.3684818917
3446698.309565501
3446995.276233487
3447292.2684880397
3447589.2863313714
3447886.3297656868
3448183.3987931972
3448480.493416094
3448777.61363659
3449074.7594568897
3449371.9308791994
3449669.127905732
3449966.350538679
3450263.5987802544
3450560.872632664
3450858.172098115
3451155.497178821
3451452.8478769744
3451750.2241947902
3452047.626134475
3452345.053698245
3452642.506888292
3452939.985706832
3453237.4901560727
3453535.0202382226
3453832.5759554976
3454130.157310092
3454427.7643042216
3454725.396940096
3455023.055219931
3455320.739145922
3455618.4487202866
3455916.1839452335
3456213.944822973
3456511.731355723
3456809.5435456797
3457107.38139506
3457405.2449060758
3457703.134080944
3458001.0489218626
3458298.9894310497
3458596.9556107167
3458894.9474630756
3459192.9649903453
3459491.0081947236
3459789.077078431
3460087.1716436786
3460385.291892687
3460683.437827654
3460981.6094508013
3461279.8067643414
3461578.0297704875
3461876.2784714606
3462174.5528694605
3462472.852966708
3462771.178765418
3463069.5302678044
3463367.907476089
3463666.3103924724
3463964.739019177
3464263.193358417
3464561.6734124166
3464860.1791833756
3465158.710673518
3465457.2678850587
3465755.850820222
3466054.459481209
3466353.0938702445
3466651.753989544
3466950.4398413254
3467249.1514278124
3467547.888751208
3467846.651813737
3468145.440617617
3468444.2551650666
3468743.0954583096
3469041.961499551
3469340.853291016
3469639.7708349233
3469938.7141334987
3470237.6831889474
3470536.6780034956
3470835.698579362
3471134.7449187743
3471433.8170239376
3471732.914897079
3472032.0385404187
3472331.187956177
3472630.363146581
3472929.5641138386
3473228.790860177
3473528.0433878168
3473827.32169898
3474126.6257958952
3474425.95568077
3474725.3113558325
3475024.6928233057
3475324.100085419
3475623.53314438
3475922.9920024187
3476222.4766617585
3476521.987124629
3476821.523393239
3477121.085469819
3477420.6733565936
3477720.2870557853
3478019.926569626
3478319.591900326
3478619.2830501157
3478919.00002122
3479218.7428158647
3479518.5114362803
3479818.305884679
3480118.126163292
3480417.9722743463
3480717.844220074
3481017.7420026865
3481317.665624417
3481617.6150874924
3481917.5903941384
3482217.5915465895
3482517.618547058
3482817.6713977787
3483117.7501009777
3483417.85465889
3483717.98507373
3484018.141347731
3484318.323483122
3484618.531482131
3484918.7653469937
3485219.025079924
3485519.3106831587
3485819.6221589255
3486119.959509462
3486420.3227369823
3486720.711843724
3487021.1268319157
3487321.567703788
3487622.0344615784
3487922.527107503
3488223.0456437985
3488523.5900726966
3488824.160396435
3489124.75661723
3489425.378737321
3489726.026758939
3490026.7006843155
3490327.40051569
3490628.1262552794
3490928.877905324
3491229.655468056
3491530.4589457074
3491831.288340519
3492132.143654709
3492433.0248905183
3492733.9320501797
3493034.865135934
3493335.824150001
3493636.8090946223
3493937.819972031
3494238.856784469
3494539.9195341566
3494841.0082233357
3495142.1228542416
3495443.263429109
3495744.42995018
3496045.6224196767
3496346.840839842
3496648.0852129105
3496949.35554112
3497250.6518267123
3497551.974071911
3497853.322278959
3498154.6964500938
3498456.0965875587
3498757.5226935777
3499058.9747703946
3499360.4528202475
3499661.9568453813
3499963.48684802
3500265.042830408
3500566.624794785
3500868.2327433885
3501169.8666784647
3501471.526602239
3501773.212516957
3502074.924424858
3502376.6623281823
3502678.426229176
3502980.2161300653
3503282.032033097
3503583.873940512
3503885.741854558
3504187.635777461
3504489.5557114687
3504791.5016588233
3505093.473621765
3505395.4716025433
3505697.4956033854
3505999.54562654
3506301.6216742494
3506603.723748763
3506905.851852309
3507208.005987137
3507510.18615549
3507812.3923596116
3508114.624601751
3508416.8828841383
3508719.167209024
3509021.4775786516
3509323.8139952724
3509626.176461117
3509928.5649784356
3510230.979549474
3510533.4201764762
3510835.886861695
3511138.379607361
3511440.898415726
3511743.443289037
3512046.0142295454
3512348.611239484
3512651.2343211053
3512953.8834766564
3513256.558708383
3513559.260018539
3513861.987409358
3514164.7408830933
3514467.5204419927
3514770.3260883107
3515073.15782428
3515376.015652157
3515678.8995741885
3515981.8095926237
3516284.7457097173
3516587.707927705
3516890.696248841
3517193.7106753755
3517496.751209565
3517799.817853644
3518102.9106098698
3518406.029480492
3518709.1744677606
3519012.345573933
3519315.542801245
3519618.766151955
3519922.015628313
3520225.2912325705
3520528.592966986
3520831.920833796
3521135.274835259
3521438.6549736275
3521742.0612511607
3522045.4936700957
3522348.9522326924
3522652.436941203
3522955.9477978884
3523259.484804986
3523563.0479647564
3523866.637279453
3524170.25275133
3524473.8943826472
3524777.5621756446
3525081.256132583
3525384.9762557177
3525688.7225473025
3525992.4950095993
3526296.2936448483
3526600.118455312
3526903.9694432463
3527207.8466109126
3527511.7499605534
3527815.679494431
3528119.635214801
3528423.617123928
3528727.625224053
3529031.65951744
3529335.7200063462
3529639.8066930287
3529943.9195797513
3530248.0586687573
3530552.2239623116
3530856.415462672
3531160.6331720958
3531464.8770928495
3531769.147227176
3532073.4435773417
3532377.766145605
3532682.114934232
3532986.489945468
3533290.8911815793
3533595.318644825
3533899.772337465
3534204.2522617667
3534508.7584199756
3534813.290814359
3535117.849447178
3535422.4343207004
3535727.045437172
3536031.682798862
3536336.346408031
3536641.0362669406
3536945.75237786
3537250.494743036
3537555.2633647383
3537860.0582452295
3538164.879386779
3538469.726791634
3538774.6004620665
3539079.5004003383
3539384.426608713
3539689.3790894607
3539994.357844831
3540299.362877095
3540604.3941885163
3540909.4517813674
3541214.5356578967
3541519.6458203774
3541824.7822710737
3542129.9450122504
3542435.13404618
3542740.349375114
3543045.591001324
3543350.8589270767
3543656.1531546456
3543961.4736862816
3544266.8205242585
3544572.193670843
3544877.5931283017
3545183.0188989085
3545488.4709849167
3545793.949388601
3546099.454112228
3546404.9851580733
3546710.54252839
3547016.126225454
3547321.7362515326
3547627.3726088954
3547933.0352998176
3548238.724326554
3548544.439691381
3548850.1813965677
3549155.9494443834
3549461.743837105
3549767.5645769886
3550073.4116663104
3550379.2851073416
3550685.1849023597
3550991.1110536205
3551297.0635634023
3551603.042433976
3551909.0476676207
3552215.0792665924
3552521.1372331707
3552827.221569627
3553133.3322782335
3553439.46936127
3553745.6328209937
3554051.8226596853
3554358.0388796167
3554664.2814830616
3554970.5504723
3555276.8458495913
3555583.167617216
3555889.5157774473
3556195.8903325675
3556502.291284836
3556808.7186365337
3557115.172389936
3557421.652547325
3557728.15911096
3558034.692083125
3558341.251466094
3558647.8372621434
3558954.4494735557
3559261.0881025926
3559567.7531515374
3559874.4446226666
3560181.1625182563
3560487.9068405908
3560794.6775919325
3561101.4747745655
3561408.298390768
3561715.1484428234
3562022.0249329964
3562328.927863571
3562635.8572368254
3562942.813055038
3563249.795320495
3563556.8040354606
3563863.83920222
3564170.9008230534
3564477.988900247
3564785.1034360654
3565092.2444327953
3565399.4118927172
3565706.605818111
3566013.8262112644
3566321.073074443
3566628.3464099346
3566935.6462200205
3567242.972506989
3567550.325273106
3567857.704520661
3568165.110251935
3568472.542469211
3568780.0011747773
3569087.4863709016
3569394.9980598744
3569702.536243977
3570010.1009255005
3570317.6921067135
3570625.309789906
3570932.953977361
3571240.6246713623
3571548.3218742018
3571856.0455881483
3572163.7958154934
3572471.5725585218
3572779.3758195243
3573087.205600772
3573395.0619045575
3573702.944733165
3574010.8540888806
3574318.7899739966
3574626.7523907847
3574934.741341538
3575242.7568285423
3575550.7988540917
3575858.867420458
3576166.9625299354
3576475.0841848105
3576783.2323873704
3577091.4071399104
3577399.6084447033
3577707.8363040434
3578016.090720219
3578324.3716955185
3578632.6792322374
3578941.0133326496
3579249.3739990513
3579557.7612337307
3579866.1750389854
3580174.615417089
3580483.082370339
3580791.5759010245
3581100.0960114435
3581408.642703871
3581717.2159806043
3582025.8158439347
3582334.442296152
3582643.0953395553
3582951.7749764207
3583260.481209046
3583569.2140397243
3583877.973470746
3584186.759504411
3584495.572142996
3584804.4113888014
3585113.277244119
3585422.1697112494
3585731.0887924703
3586040.0344900824
3586349.0068063787
3586658.0057436605
3586967.0313042062
3587276.083490317
3587585.162304288
3587894.2677484117
3588203.3998249914
3588512.5585363065
3588821.743884659
3589130.955872344
3589440.194501657
3589749.4597749007
3590058.7516943556
3590368.0702623255
3590677.4154811064
3590986.7873530015
3591296.1858802927
3591605.611065284
3591915.062910272
3592224.541417554
3592534.0465894346
3592843.5784281963
3593153.136936144
3593462.7221155753
3593772.333968797
3594081.9724980905
3594391.637705763
3594701.3295941125
3595011.048165438
3595320.793422046
3595630.5653662207
3595940.364000269
3596250.1893264903
3596560.041347192
3596869.9200646593
3597179.8254812
3597489.757599114
3597799.716420702
3598109.701948272
3598419.714184111
3598729.7531305267
3599039.818789821
3599349.911164303
3599660.030256259
3599970.176067998
3600280.348601824
3600590.547860038
3600900.77384495
3601211.026558848
3601521.306004043
3601831.6121828374
3602141.9450975354
3602452.304750447
3602762.691143862
3603073.104280091
3603383.5441614385
3603694.0107902163
3604004.5041687144
3604315.0242992444
3604625.5711841113
3604936.144825628
3605246.745226085
3605557.3723877952
3605868.0263130646
3606178.7070041983
3606489.4144635107
3606800.148693293
3607110.909695859
3607421.6974735153
3607732.51202857
3608043.353363336
3608354.2214801065
3608665.116381197
3608976.038068915
3609286.986545575
3609597.961813471
3609908.9638749184
3610219.9927322264
3610531.0483877105
3610842.130843665
3611153.2401024066
3611464.3761662445
3611775.539037488
3612086.7287184545
3612397.945211439
3612709.188518759
3613020.4586427244
3613331.7555856467
3613643.0793498433
3613954.4299376104
3614265.807351267
3614577.2115931236
3614888.6426655
3615200.100570692
3615511.58531102
3615823.0968887955
3616134.6353063383
3616446.2005659463
3616757.7926699393
3617069.4116206304
3617381.057420333
3617692.730071367
3618004.429576032
3618316.1559366486
3618627.909155531
3618939.6892349925
3619251.4961773558
3619563.32998492
3619875.1906600078
3620187.0782049336
3620498.9926220197
3620810.933913567
3621122.9020818984
3621434.8971293294
3621746.919058176
3622058.967870762
3622371.0435693883
3622683.146156379
3622995.275634051
3623307.4320047284
3623619.6152707133
3623931.825434331
3624244.0624978985
3624556.326463734
3624868.617334162
3625180.9351114864
3625493.2797980323
3625805.651396119
3626118.049908072
3626430.475336196
3626742.927682817
3627055.406950254
3627367.913140827
3627680.446256863
3627993.0063006673
3628305.593274567
3628618.2071808823
3628930.8480219413
3629243.51580005
3629556.210517537
3629868.932176722
3630181.6807799283
3630494.456329483
3630807.258827694
3631120.0882768906
3631432.944679395
3631745.8280375283
3632058.7383536217
3632371.6756299823
3632684.6398689407
3632997.63107282
3633310.6492439513
3633623.6943846424
3633936.766497225
3634249.865584023
3634562.9916473674
3634876.1446895683
3635189.3247129573
3635502.531719859
3635815.765712599
3636129.0266935085
3636442.314664899
3636755.629629103
3637068.9715884463
3637382.3405452548
3637695.736501862
3638009.159460579
3638322.6094237408
3638636.086393673
3638949.59037271
3639263.1213631644
3639576.6793673714
3639890.2643876574
3640203.8764263582
3640517.515485787
3640831.181568279
3641144.8746761624
3641458.5948117655
3641772.3419774254
3642086.116175455
3642399.9174081916
3642713.7456779643
3643027.600987103
3643341.4833379434
3643655.3927328023
3643969.329174016
3644283.292663916
3644597.283204839
3644911.3007991016
3645225.3454490416
3645539.4171569906
3645853.5159252873
3646167.641756248
3646481.7946522124
3646795.974615512
3647110.181648479
3647424.4157534526
3647738.6769327517
3648052.965188715
3648367.280523677
3648681.6229399694
3648995.9924399336
3649310.3890258884
3649624.8127001747
3649939.2634651265
3650253.7413230855
3650568.2462763707
3650882.7783273244
3651197.337478281
3651511.923731576
3651826.537089552
3652141.1775545287
3652455.8451288496
3652770.5398148503
3653085.261614874
3653400.0105312425
3653714.7865662994
3654029.589722381
3654344.420001824
3654659.277406973
3654974.16194015
3655289.0736037
3655604.0123999603
3655918.9783312767
3656233.9713999717
3656548.991608391
3656864.038958873
3657179.1134537566
3657494.2150953873
3657809.3438860895
3658124.49982821
3658439.6829240876
3658754.8931760704
3659070.130586482
3659385.3951576706
3659700.686891976
3660016.0057917386
3660331.351859307
3660646.725097006
3660962.1255071852
3661277.553092185
3661593.0078543467
3661908.48979602
3662223.9989195312
3662539.53522723
3662855.098721458
3663170.689404566
3663486.307278881
3663801.952346754
3664117.6246105265
3664433.3240725505
3664749.050735154
3665064.8046006886
3665380.585671497
3665696.3939499245
3666012.2294383217
3666328.0921390182
3666643.9820543667
3666959.8991867113
3667275.8435383975
3667591.815111778
3667907.8139091833
3668223.8399329656
3668539.8931854717
3668855.973669055
3669172.0813860465
3669488.2163388003
3669804.3785296627
3670120.5679609883
3670436.784635109
3670753.0285543795
3671069.2997211474
3671385.59813776
3671701.9238065733
3672018.27672992
3672334.6569101554
3672651.0643496285
3672967.499050688
3673283.96101569
3673600.4502469683
3673916.96674688
3674233.5105177746
3674550.0815620096
3674866.6798819187
3675183.305479861
3675499.9583581854
3675816.6385192503
3676133.345965392
3676450.080698968
3676766.84272233
3677083.6320378287
3677400.4486478237
3677717.2925546514
3678034.163760671
3678351.0622682353
3678667.9880796955
3678984.9411974126
3679301.9216237236
3679618.9293609895
3679935.964411563
3680253.026777805
3680570.1164620537
3680887.233466671
3681204.37779401
3681521.549446426
3681838.7484262795
3682155.974735911
3682473.2283776817
3682790.509353948
3683107.8176670712
3683425.153319392
3683742.516313274
3684059.906651072
3684377.324335143
3684694.76936785
3685012.241751534
3685329.74148856
3685647.268581284
3685964.823032071
3686282.404843263
3686600.0140172243
3686917.650556313
3687235.3144628867
3687553.005739311
3687870.72438793
3688188.4704111074
3688506.2438112036
3688824.0445905845
3689141.8727515936
3689459.728296598
3689777.611227957
3690095.52154803
3690413.4592591845
3690731.424363766
3691049.4168641414
3691367.4367626715
3691685.4840617166
3692003.5587636456
3692321.660870804
3692639.7903855606
3692957.9473102773
3693276.131647323
3693594.343399044
3693912.5825678105
3694230.8491559844
3694549.143165936
3694867.4646000126
3695185.8134605847
3695504.1897500153
3695822.593470668
3696141.024624913
3696459.4832150997
3696777.969243599
3697096.4827127755
3697415.0236249934
3697733.591982624
3698052.1877880176
3698370.8110435465
3698689.4617515756
3699008.139914478
3699326.845534604
3699645.578614327
3699964.3391560125
3700283.1271620346
3700601.942634744
3700920.785576516
3701239.655989716
3701558.553876711
3701877.4792398764
3702196.432081564
3702515.4124041493
3702834.420209999
3703153.455501483
3703472.518280975
3703791.608550829
3704110.7263134215
3704429.871571121
3704749.0443263035
3705068.244581324
3705387.472338559
3705706.727600378
3706026.0103691583
3706345.320647255
3706664.6584370453
3706984.0237409007
3707303.4165611905
3707622.8369002943
3707942.2847605674
3708261.7601443883
3708581.2630541287
3708900.7934921603
3709220.3514608624
3709539.936962592
3709859.549999729
3710179.190574645
3710498.8586897217
3710818.5543473153
3711138.277549808
3711458.0282995715
3711777.80659898
3712097.6124504153
3712417.445856235
3712737.3068188215
3713057.1953405486
3713377.111423799
3713697.0550709316
3714017.0262843296
3714337.0250663674
3714657.05141942
3714977.1053458718
3715297.1868480826
3715617.295928436
3715937.4325893074
3716257.596833082
3716577.7886621202
3716898.0080788066
3717218.255085518
3717538.529684632
3717858.8318785336
3718179.1616695845
3718499.5190601707
3718819.9040526696
3719140.316649467
3719460.756852927
3719781.224665435
3720101.72008937
3720422.2431271104
3720742.793781044
3721063.372053534
3721383.9779469683
3721704.611463727
3722025.272606189
3722345.961376743
3722666.677777754
3722987.4218116105
3723308.193480693
3723628.99278739
3723949.819734068
3724270.6743231155
3724591.556556915
3724912.466437855
3725233.403968303
3725554.369150649
3725875.3619872746
3726196.382480563
3726517.430632905
3726838.5064466684
3727159.609924244
3727480.7410680153
3727801.8998803655
3728123.086363687
3728444.3005203484
3728765.542352741
3729086.8118632506
3729408.1090542683
3729729.4339281647
3730050.7864873316
3730372.1667341557
3730693.574671029
3731015.0103003224
3731336.47362443
3731657.9646457373
3731979.483366631
3732301.029789505
3732622.6039167317
3732944.2057507043
3733265.8352938113
3733587.4925484397
3733909.1775169843
3734230.8902018187
3734552.630605337
3734874.3987299292
3735196.19457799
3735518.0181518933
3735839.869454036
3736161.748486806
3736483.655252594
3736805.5897537963
3737127.5519927875
3737449.5419719648
3737771.5596937183
3738093.6051604464
3738415.678374524
3738737.7793383496
3739059.908054314
3739382.0645248084
3739704.2487522317
3740026.46073896
3740348.700487393
3740670.9679999226
3740993.263278948
3741315.586326847
3741637.9371460197
3741960.315738858
3742282.7221077564
3742605.156255115
3742927.618183311
3743250.107894747
3743572.625391816
3743895.17067692
3744217.7437524376
3744540.3446207712
3744862.9732843153
3745185.629745465
3745508.314006622
3745831.0260701673
3746153.7659385037
3746476.5336140264
3746799.3290991397
3747122.152396224
3747445.0035076826
3747767.882435913
3748090.7891833116
3748413.7237522826
3748736.686145208
3749059.6763644926
3749382.694412534
3749705.740291738
3750028.8140044864
3750351.915553186
3750675.044940234
3750998.2021680297
3751321.38723898
3751644.6001554667
3751967.8409198984
3752291.109534674
3752614.4060021928
3752937.7303248625
3753261.0825050673
3753584.4625452156
3753907.870447708
3754231.306214952
3754554.7698493334
3754878.261353261
3755201.780729136
3755525.3279793677
3755848.903106342
3756172.5061124694
3756496.1370001505
3756819.7957717883
3757143.482429793
3757467.1969765523
3757790.9394144756
3758114.7097459673
3758438.5079734297
3758762.334099275
3759086.1881258907
3759410.0700556883
3759733.979891073
3760057.9176344555
3760381.883288226
3760705.8768547964
3761029.8983365716
3761353.9477359653
3761678.025055366
3762002.1302971886
3762326.2634638376
3762650.42455772
3762974.6135812486
3763298.8305368153
3763623.0754268346
3763947.348253712
3764271.649019856
3764595.977727681
3764920.334379579
3765244.718977965
3765569.1315252474
3765893.572023842
3766218.040476141
3766542.536884561
3766867.0612515113
3767191.6135794
3767516.193870644
3767840.8021276374
3768165.4383527976
3768490.102548534
3768814.7947172644
3769139.514861383
3769464.262983309
3769789.039085452
3770113.8431702233
3770438.675240041
3770763.5352973016
3771088.4233444235
3771413.3393838187
3771738.2834179066
3772063.255449084
3772388.2554797707
3772713.283512379
3773038.3395493217
3773363.4235930196
3773688.5356458696
3774013.6757102935
3774338.843788704
3774664.039883523
3774989.2639971487
3775314.516132003
3775639.7962905006
3775965.1044750554
3776290.44068809
3776615.8049320043
3776941.1972092204
3777266.6175221545
3777592.065873229
3777917.5422648448
3778243.0466994257
3778568.5791793875
3778894.1397071467
3779219.7282851273
3779545.3449157313
3779870.989601383
3780196.6623445
3780522.363147507
3780848.092012806
3781173.8489428232
3781499.6339399763
3781825.447006684
3782151.2881453712
3782477.157358443
3782803.0546483244
3783128.9800174357
3783454.933468195
3783780.9150030306
3784106.924624346
3784432.9623345695
3784759.028136121
3785085.1220314284
3785411.2440228965
3785737.394112955
3786063.572304023
3786389.778598531
3786716.0129988845
3787042.2755075125
3787368.566126837
3787694.8848592797
3788021.231707271
3788347.606673218
3788674.0097595504
3789000.440968692
3789326.900303065
3789653.3877651007
3789979.903357207
3790306.447081815
3790633.01894135
3790959.6189382416
3791286.2470749007
3791612.9033537586
3791939.5877772397
3792266.3003477775
3792593.0410677814
3792919.8099396843
3793246.6069659116
3793573.432148889
3793900.285491051
3794227.166994808
3794554.0766625935
3794881.014496835
3795207.9804999586
3795534.9746743995
3795861.9970225687
3796189.0475469027
3796516.126249828
3796843.233133781
3797170.3682011734
3797497.531454442
3797824.7228960153
3798151.9425283214
3798479.1903537973
3798806.466374857
3799133.7705939366
3799461.1030134666
3799788.4636358838
3800115.852463603
3800443.269499062
3800770.7147446917
3801098.1882029218
3801425.6898761913
3801753.219766916
3802080.777877534
3802408.3642104776
3802735.9787681852
3803063.6215530746
3803391.292567584
3803718.9918141467
3804046.7192951953
3804374.4750131695
3804702.258970487
3805030.0711695882
3805357.9116129074
3805685.780302885
3806013.6772419396
3806341.602432513
3806669.5558770387
3806997.537577952
3807325.5475376947
3807653.5857586856
3807981.6522433683
3808309.746994178
3808637.870013557
3808966.0213039257
3809294.200867728
3809622.4087074
3809950.6448253775
3810278.909224105
3810607.2019060035
3810935.5228735176
3811263.872129085
3811592.24967515
3811920.6555141346
3812249.0896484847
3812577.552080638
3812906.042813033
3813234.5618481147
3813563.1091883075
3813891.684836057
3814220.2887938027
3814548.9210639833
3814877.5816490464
3815206.270551416
3815534.9877735395
3815863.7333178567
3816192.507186816
3816521.3093828424
3816850.139908384
3817178.998765882
3817507.885957785
3817836.8014865187
3818165.7453545323
3818494.7175642676
3818823.7181181666
3819152.7470186795
3819481.8042682325
3819810.889869276
3820140.003824253
3820469.146135607
3820798.316805788
3821127.5158372237
3821456.743232366
3821785.9989936594
3822115.2831235547
3822444.5956244804
3822773.9364988897
3823103.3057492264
3823432.7033779435
3823762.1293874704
3824091.5837802608
3824421.066558759
3824750.5777254114
3825080.117282672
3825409.685232971
3825739.281578762
3826068.9063224923
3826398.559466609
3826728.2410135656
3827057.9509657943
3827387.689325751
3827717.456095882
3828047.251278644
3828377.074876469
3828706.926891813
3829036.8073271248
3829366.716184852
3829696.6534674526
3830026.6191773596
3830356.6133170296
3830686.6358889127
3831016.686895466
3831346.766339124
3831676.874222345
3832007.010547579
3832337.1753172763
3832667.368533896
3832997.590199873
3833327.8403176665
3833658.118889728
3833988.4259185167
3834318.761406469
3834649.1253560446
3834979.517769696
3835309.9386498756
3835640.3879990433
3835970.865819637
3836301.3721141177
3836631.906884938
3836962.47013456
3837293.0618654215
3837623.682079984
3837954.3307807017
3838285.0079700295
3838615.713650429
3838946.44782434
3839277.210494225
3839608.001662539
3839938.821331738
3840269.669504285
3840600.5461826203
3840931.451369208
3841262.385066504
3841593.347276973
3841924.3380030557
3842255.3572472166
3842586.4050119133
3842917.481299611
3843248.586112751
3843579.7194537995
3843910.881325214
3844242.0717294533
3844573.290668983
3844904.538146246
3845235.8141637095
3845567.118723832
3845898.4518290726
3846229.8134818994
3846561.2036847556
3846892.622440109
3847224.06975042
3847555.5456181564
3847887.050045763
3848218.583035709
3848550.1445904546
3848881.734712469
3849213.353404198
3849545.000668111
3849876.6765066693
3850208.3809223357
3850540.1139175794
3850871.8754948475
3851203.665656611
3851535.4844053313
3851867.331743473
3852199.2076735063
3852531.1121978797
3852863.0453190636
3853195.007039523
3853526.9973617294
3853859.0162881315
3854191.063821201
3854523.139963404
3854855.2447172124
3855187.3780850754
3855519.540069467
3855851.7306728526
3856183.9498976977
3856516.197746476
3856848.474221639
3857180.77932566
3857513.1130610057
3857845.4754301435
3858177.8664355483
3858510.2860796717
3858842.7343649883
3859175.2112939665
3859507.7168690823
3859840.2510927874
3860172.8139675586
3860505.4054958643
3860838.025680173
3861170.674522962
3861503.3520266847
3861836.0581938177
3862168.793026832
3862501.556528204
3862834.348700389
3863167.169545864
3863500.0190671007
3863832.897266569
3864165.804146748
3864498.739710093
3864831.703959083
3865164.6968961903
3865497.7185238935
3865830.7688446497
3866163.8478609384
3866496.9555752324
3866830.091990004
3867163.2571077337
3867496.4509308795
3867829.673461922
3868162.9247033345
3868496.2046575993
3868829.513327174
3869162.85071454
3869496.216822173
3869829.6116525466
3870163.0352081438
3870496.4874914237
3870829.968504869
3871163.478250955
3871497.0167321586
3871830.583950962
3872164.1799098263
3872497.804611235
3872831.458057665
3873165.1402516006
3873498.8511955035
3873832.5908918576
3874166.3593431413
3874500.1565518393
3874833.982520414
3875167.8372513507
3875501.720747128
3875835.6330102244
3876169.574043126
3876503.5438482957
3876837.5424282206
3877171.5697853803
3877505.625922254
3877839.710841329
3878173.824545069
3878507.967035963
3878842.1383164907
3879176.338389141
3879510.567256378
3879844.824920691
3880179.1113845613
3880513.4266504776
3880847.7707209066
3881182.1435983367
3881516.5452852515
3881850.975784132
3882185.4350974686
3882519.923227729
3882854.440177403
3883188.985948974
3883523.5605449253
3883858.1639677486
3884192.796219912
3884527.4573039063
3884862.1472222162
3885196.8659773343
3885531.613571729
3885866.390007893
3886201.1952883117
3886536.0294154775
3886870.892391861
3887205.7842199546
3887540.7049022447
3887875.6544412174
3888210.632839367
3888545.640099164
3888880.676223103
3889215.741213671
3889550.835073355
3889885.957804651
3890221.10941003
3890556.2898919876
3890891.499253012
3891226.7374955993
3891562.0046222224
3891897.3006353774
3892232.625537554
3892567.97933124
3892903.3620189335
3893238.773603108
3893574.214086261
3893909.6834708825
3894245.1817594706
3894580.7089544996
3894916.265058468
3895251.850073867
3895587.4640031876
3895923.1068489286
3896258.7786135655
3896594.479299598
3896930.208909518
3897265.9674458257
3897601.754910997
3897937.571307533
3898273.416637926
3898609.290904669
3898945.194110263
3899281.126257186
3899617.0873479387
3899953.077385016
3900289.096370918
3900625.144308125
3900961.2211991386
3901297.327046453
3901633.461852564
3901969.6256199735
3902305.818351162
3902642.040048633
3902978.2907148805
3903314.5703524025
3903650.878963702
3903987.2165512596
3904323.5831175805
3904659.9786651605
3904996.4031965053
3905332.856714096
3905669.3392204377
3906005.850718029
3906342.391209374
3906678.960696957
3907015.559183283
3907352.18667085
3907688.8431621585
3908025.528659714
3908362.243166
3908698.986683524
3909035.759214786
3909372.560762285
3909709.3913285295
3910046.2509160037
3910383.1395272166
3910720.0571646676
3911057.003830867
3911393.9795282986
3911730.9842594727
3912068.0180268907
3912405.0808330616
3912742.1726804725
3913079.293571633
3913416.443509045
3913753.622495212
3914090.8305326444
3914428.0676238295
3914765.3337712786
3915102.6289774943
3915439.9532449814
3915777.3065762515
3916114.6889737924
3916452.1004401166
3916789.5409777286
3917127.0105891414
3917464.509276844
3917802.0370433494
3918139.593891163
3918477.179822799
3918814.794840746
3919152.4389475198
3919490.112145625
3919827.814437569
3920165.5458258665
3920503.3063130085
3920841.0959015097
3921178.9145938777
3921516.76239262
3921854.639300253
3922192.5453192675
3922530.4804521813
3922868.444701501
3923206.438069745
3923544.4605594054
3923882.512172999
3924220.592913036
3924558.7027820246
3924896.8417824837
3925235.0099169067
3925573.2071878123
3925911.43359771
3926249.6891491194
3926587.9738445347
3926926.287686475
3927264.630677452
3927603.002819977
3927941.4041165686
3928279.8345697243
3928618.2941819634
3928956.782955799
3929295.30089375
3929633.847998315
3929972.424272014
3930311.02971736
3930649.6643368676
3930988.3281330573
3931327.021108427
3931665.7432655
3932004.4946067887
3932343.275134817
3932682.0848520836
3933020.9237611108
3933359.791864414
3933698.6891645086
3934037.6156639177
3934376.5713651422
3934715.5562707055
3935054.5703831236
3935393.6137049133
3935732.686238599
3936071.787986682
3936410.918951687
3936750.0791361313
3937089.268542541
3937428.4871734176
3937767.7350312867
3938107.0121186664
3938446.318438084
3938785.6539920415
3939125.0187830655
3939464.4128136756
3939803.836086391
3940143.288603739
3940482.770368223
3940822.2813823717
3941161.8216487044
3941501.391169742
3941840.9899480133
3942180.6179860225
3942520.275286299
3942859.961851364
3943199.6776837464
3943539.4227859527
3943879.197160512
3944219.0008099475
3944558.8337367885
3944898.695943542
3945238.587432738
3945578.5082069
3945918.458268552
3946258.4376202244
3946598.446264425
3946938.4842036855
3947278.5514405305
3947618.647977484
3947958.773817078
3948298.928961822
3948639.113414248
3948979.3271768824
3949319.5702522574
3949659.8426428833
3950000.1443512933
3950340.475380014
3950680.8357315715
3951021.2254085
3951361.6444133106
3951702.092748537
3952042.570416708
3952383.077420358
3952723.6137619982
3953064.179444165
3953404.7744693863
3953745.39884019
3954086.052559113
3954426.7356286673
3954767.44805139
3955108.18982981
3955448.960966465
3955789.7614638684
3956130.5913245576
3956471.450551063
3956812.339145914
3957153.25711165
3957494.2044507843
3957835.181165857
3958176.1872593984
3958517.222733948
3958858.287592021
3959199.3818361573
3959540.5054688887
3959881.658492747
3960222.840910273
3960564.052723984
3960905.293936419
3961246.564550112
3961587.8645676044
3961929.193991413
3962270.5528240795
3962611.9410681385
3962953.3587261233
3963294.8058005767
3963636.2822940173
3963977.788208987
3964319.3235480213
3964660.8883136637
3965002.482508433
3965344.106134873
3965685.7591955196
3966027.4416929088
3966369.153629585
3966710.8950080685
3967052.665830904
3967394.466100629
3967736.2958197794
3968078.1549909017
3968420.043616517
3968761.961699171
3969103.9092414016
3969445.886245756
3969787.8927147556
3970129.9286509473
3970471.9940568698
3970814.0889350707
3971156.2132880734
3971498.3671184247
3971840.5504286652
3972182.763221334
3972525.0054989806
3972867.277264128
3973209.5785193257
3973551.909267114
3973894.2695100345
3974236.659250636
3974579.0784914447
3974921.5272350097
3975264.005483873
3975606.5132405856
3975949.0505076726
3976291.617287685
3976634.2135831662
3976976.839396667
3977319.4947307147
3977662.1795878606
3978004.893970648
3978347.6378816217
3978690.411323333
3979033.214298311
3979376.046809108
3979718.9088582685
3980061.800448338
3980404.7215818693
3980747.672261392
3981090.65248946
3981433.662268619
3981776.7016014233
3982119.7704904033
3982462.8689381126
3982805.9969470995
3983149.1545199095
3983492.341659099
3983835.558367199
3984178.8046467644
3984522.0805003443
3984865.3859304944
3985208.7209397466
3985552.085530658
3985895.4797057766
3986238.903467652
3986582.3568188413
3986925.8397618774
3987269.3522993186
3987612.8944337144
3987956.466167623
3988300.067503579
3988643.69844414
3988987.3589918576
3989331.0491492823
3989674.7689189734
3990018.518303466
3990362.2973053204
3990706.1059270874
3991049.944171328
3991393.812040578
3991737.709537398
3992081.6366643407
3992425.5934239593
3992769.5798188145
3993113.5958514437
3993457.6415244085
3993801.716840263
3994145.821801569
3994489.9564108644
3994834.1206707126
3995178.314583667
3995522.538152284
3995866.7913791253
3996211.0742667313
3996555.386817665
3996899.7290344825
3997244.1009197477
3997588.502476
3997932.933705806
3998277.39461172
3998621.8851962998
3998966.405462111
3999310.9554116945
3999655.5350476154
4000000.1443724325
4000344.7833887027
4000689.452098993
4001034.1505058454
4001378.878611827
4001723.636419496
4002068.42393142
4002413.241150142
4002758.0880782297
4003102.964718243
4003447.87107275
4003792.807144294
4004137.7729354445
4004482.768448761
4004827.7936868058
4005172.8486521468
4005517.93334733
4005863.047774924
4006208.1919374918
4006553.365837594
4006898.569477802
4007243.8028606614
4007589.065988743
4007934.35886461
4008279.6814908334
4008625.03386996
4008970.4160045614
4009315.8278972018
4009661.269550453
4010006.7409668625
4010352.2421490033
4010697.77309944
4011043.3338207374
4011388.924315469
4011734.5445861826
4012080.194635453
4012425.8744658455
4012771.5840799264
4013117.3234802694
4013463.092669425
4013808.891649968
4014154.720424465
4014500.578995491
4014846.4673655974
4015192.3855373594
4015538.333513345
4015884.311296122
4016230.318888267
4016576.3562923316
4016922.423510893
4017268.5205465197
4017614.6474017887
4017960.804079253
4018306.990581491
4018653.2069110717
4018999.453070565
4019345.7290625493
4019692.034889579
4020038.370554232
4020384.73605908
4020731.1314067016
4021077.556599652
4021424.0116405105
4021770.4965318493
4022117.01127624
4022463.555876263
4022810.130334474
4023156.7346534543
4023503.3688357766
4023850.0328840218
4024196.7268007463
4024543.4505885327
4024890.204249955
4025236.9877875852
4025583.8012040076
4025930.644501779
4026277.5176834827
4026624.4207516937
4026971.3537089946
4027318.3165579443
4027665.3093011267
4028012.3319411175
4028359.3844804927
4028706.4669218366
4029053.5792677086
4029400.721520694
4029747.8936833693
4030095.0957583203
4030442.3277481073
4030789.589655316
4031136.881482524
4031484.2032323093
4031831.5549072586
4032178.9365099333
4032526.34804292
4032873.7895087986
4033221.260910147
4033568.762249553
4033916.2935295794
4034263.854752815
4034611.4459218383
4034959.0670392388
4035306.7181075797
4035654.3991294503
4036002.110107431
4036349.851044112
4036697.6219420563
4037045.422803855
4037393.253632089
4037741.1144293407
4038089.0051982002
4038436.925941234
4038784.876661032
4039132.857360177
4039480.8680412527
4039828.9087068504
4040176.979359537
4040525.080001904
4040873.2106365357
4041221.3712660247
4041569.5618929383
4041917.7825198695
4042266.0331494035
4042614.313784133
4042962.6244266275
4043310.96507948
4043659.335745276
4044007.736426602
4044356.1671260525
4044704.6278461968
4045053.11858963
4045401.6393589387
4045750.1901567103
4046098.77098554
4046447.381847999
4046796.022746683
4047144.69368418
4047493.394663086
4047842.125685974
4048190.8867554395
4048539.677874072
4048888.4990444607
4049237.3502692026
4049586.231550871
4049935.1428920636
4050284.0842953706
4050633.05576339
4050982.057298696
4051331.0889038877
4051680.150581555
4052029.24233429
4052378.364164692
4052727.516075335
4053076.69806882
4053425.9101477386
4053775.152314691
4054124.4245722536
4054473.7269230266
4054823.059369603
4055172.4219145766
4055521.8145605484
4055871.2373100948
4056220.690165818
4056570.173130313
4056919.686206181
4057269.2293960005
4057618.8027023743
4057968.4061278966
4058318.0396751636
4058667.7033467777
4059017.397145319
4059367.1210733904
4059716.8751335884
4060066.6593285175
4060416.4736607573
4060766.3181329127
4061116.1927475813
4061466.097507359
4061816.032414852
4062165.9974726415
4062515.9926833333
4062866.018049525
4063216.0735738236
4063566.1592588103
4063916.2751070927
4064266.4211212695
4064616.5973039395
4064966.8036577106
4065317.0401851656
4065667.3068889123
4066017.603771551
4066367.9308356824
4066718.288083914
4067068.6755188312
4067419.093143042
4067769.5409591487
4068120.01896976
4068470.527177461
4068821.0655848617
4069171.6341945645
4069522.2330091796
4069872.8620312926
4070223.5212635156
4070574.21070845
4070924.9303687
4071275.680246877
4071626.4603455677
4071977.2706673844
4072328.111214931
4072678.981990812
4073029.8829976395
4073380.8142380025
4073731.775714514
4074082.7674297784
4074433.78938641
4074784.8415869973
4075135.9240341554
4075487.036730489
4075838.1796786143
4076189.3528811196
4076540.556340621
4076891.790059725
4077243.0540410383
4077594.3482871773
4077945.672800733
4078297.027584321
4078648.4126405492
4078999.827972027
4079351.2735813702
4079702.7494711718
4080054.255644048
4080405.792102609
4080757.3588494714
4081108.955887229
4081460.5832185
4081812.2408458944
4082163.9287720225
4082515.6469995026
4082867.39553093
4083219.174368922
4083570.983516092
4083922.822975059
4084274.692748417
4084626.592838788
4084978.5232487824
4085330.4839810138
4085682.4750381024
4086034.4964226442
4086386.548137261
4086738.630184566
4087090.7425671807
4087442.8852877025
4087795.058348753
4088147.2617529472
4088499.4955028985
4088851.7596012307
4089204.0540505415
4089556.3788534543
4089908.734012584
4090261.1195305553
4090613.5354099665
4090965.981653442
4091318.4582635984
4091670.9652430513
4092023.5025944263
4092376.0703203236
4092728.668423368
4093081.2969061774
4093433.955771369
4093786.645021569
4094139.3646593783
4094492.114687424
4094844.895108324
4095197.705924706
4095550.5471391715
4095903.418754348
4096256.3207728555
4096609.2531973207
4096962.216030348
4097315.209274565
4097668.2329325913
4098021.2870070487
4098374.3715005657
4098727.486415746
4099080.6317552193
4099433.8075216077
4099787.0137175317
4100140.250345622
4100493.517408484
4100846.814908748
4101200.142849037
4101553.5012319814
4101906.890060188
4102260.3093362874
4102613.759062904
4102967.239242669
4103320.7498781905
4103674.2909721
4104027.862527022
4104381.4645455815
4104735.097030411
4105088.759984119
4105442.453409339
4105796.1773086963
4106149.931684817
4106503.7165403347
4106857.5318778595
4107211.377700025
4107565.2540094587
4107919.1608087956
4108273.098100646
4108627.065887645
4108981.0641724207
4109335.0929576084
4109689.1522458196
4110043.242039691
4110397.3623418515
4110751.5131549286
4111105.6944815596
4111459.9063243577
4111814.1486859596
4112168.4215689953
4112522.724976094
4112877.058909895
4113231.423373011
4113585.8183680805
4113940.2438977347
4114294.6999646127
4114649.186571329
4115003.7037205226
4115358.2514148257
4115712.8296568696
4116067.4384492952
4116422.0777947176
4116776.7476957776
4117131.448155108
4117486.1791753503
4117840.94075912
4118195.73290906
4118550.555627803
4118905.408917983
4119260.292782243
4119615.2072231993
4119970.1522434955
4120325.1278457665
4120680.1340326555
4121035.1708067805
4121390.238170786
4121745.3361273063
4122100.464678979
4122455.623828447
4122810.813578331
4123166.033931275
4123521.2848899164
4123876.5664569
4124231.878634847
4124587.221426402
4124942.5948342043
4125297.9988608905
4125653.4335091077
4126008.898781477
4126364.394680646
4126719.9212092524
4127075.478369937
4127431.0661653457
4127786.684598102
4128142.333670854
4128498.0133862416
4128853.723746913
4129209.4647554923
4129565.2364146286
4129921.038726962
4130276.8716951427
4130632.7353217946
4130988.6296095685
4131344.554561105
4131700.510179047
4132056.496466045
4132412.513424724
4132768.5610577357
4133124.6393677224
4133480.748357328
4133836.888029204
4134193.058385977
4134549.259430299
4134905.491164814
4135261.753592176
4135618.0467150104
4135974.370535972
4136330.725057706
4136687.1102828644
4137043.5262140767
4137399.972853997
4137756.4502052707
4138112.9582705447
4138469.497052473
4138826.066553686
4139182.666776838
4139539.297724576
4139895.9593995484
4140252.65180441
4140609.374941792
4140966.1288143503
4141322.9134247336
4141679.7287755986
4142036.5748695773
4142393.451709326
4142750.359297495
4143107.297636741
4143464.2667296967
4143821.266579021
4144178.297187363
4144535.3585573733
4144892.450691711
4145249.5735930097
4145606.7272639284
4145963.9117071186
4146321.1269252314
4146678.3729209267
4147035.64969684
4147392.9572556308
4147750.2955999523
4148107.664732465
4148465.0646558045
4148822.4953726325
4149179.956885602
4149537.4491973664
4149894.9723105878
4150252.526227903
4150610.110951975
4150967.7264854577
4151325.372831014
4151683.049991282
4152040.7579689254
4152398.4967665984
4152756.266386958
4153114.0668326668
4153471.898106364
4153829.7602107152
4154187.6531483764
4154545.576922012
4154903.531534263
4155261.5169877936
4155619.5332852616
4155977.580429325
4156335.65842265
4156693.7672678763
4157051.906967672
4157410.077524695
4157768.2789416127
4158126.5112210666
4158484.7743657245
4158843.068378246
4159201.39326129
4159559.7490175255
4159918.135649595
4160276.5531601673
4160635.0015519033
4160993.4808274633
4161351.9909895174
4161710.5320407087
4162069.1039837077
4162427.706821176
4162786.3405557843
4163145.0051901774
4163503.700727026
4163862.4271689923
4164221.1845187484
4164579.97277894
4164938.7919522384
4165297.642041308
4165656.523048811
4166015.4349774215
4166374.3778297855
4166733.3516085763
4167092.3563164584
4167451.391956097
4167810.4585301653
4168169.556041312
4168528.6844922104
4168887.8438855265
4169247.0342239356
4169606.2555100857
4169965.5077466527
4170324.790936303
4170684.105081712
4171043.4501855294
4171402.8262504316
4171762.233279086
4172121.6712741605
4172481.1402383316
4172840.640174251
4173200.171084595
4173559.732972033
4173919.325839233
4174278.949688874
4174638.604523608
4174998.2903461126
4175358.007159058
4175717.7549651233
4176077.533766961
4176437.343567251
4176797.184368664
4177157.0561738787
4177516.9589855503
4177876.8928063586
4178236.8576389756
4178596.8534860723
4178956.8803503304
4179316.9382344047
4179677.027140977
4180037.1470727194
4180397.2980323057
4180757.4800224174
4181117.693045711
4181477.9371048696
4181838.212202566
4182198.518341484
4182558.8555242806
4182919.2237536386
4183279.623032234
4183640.0533627416
4184000.514747845
4184361.007190203
4184721.5306925
4185082.0852574124
4185442.670887625
4185803.287585797
4186163.9353546137
4186524.614196752
4186885.3241148903
4187246.0651117135
4187606.8371898825
4187967.6403520843
4188328.4746009964
4188689.339939306
4189050.236369675
4189411.16389479
4189772.1225173315
4190133.112239978
4190494.133065417
4190855.184996312
4191216.2680353518
4191577.382185216
4191938.527448594
4192299.7038281495
4192660.911326572
4193022.1499465425
4193383.419690742
4193744.720561862
4194106.0525625665
4194467.415695546
4194828.809963483
4195190.23536906
4195551.691914969
4195913.179603875
4196274.69843847
4196636.248421438
4196997.829555471
4197359.441843237
4197721.085287426
4198082.759890725
4198444.465655826
4198806.202585397
4199167.970682132
4199529.769948716
4199891.600387835
4200253.462002182
4200615.354794429
4200977.278767267
4201339.233923385
4201701.2202654695
4202063.237796215
4202425.2865182925
4202787.366434398
4203149.477547219
4203511.619859451
4203873.793373766
4204235.998092862
4204598.234019426
4204960.501156155
4205322.799505722
4205685.129070825
4206047.489854152
4206409.8818583945
4206772.305086251
4207134.759540393
4207497.245223521
4207859.762138326
4208222.310287497
4208584.889673735
4208947.5002997145
4209310.142168134
4209672.815281688
4210035.519643075
4210398.255254971
4210761.022120077
4211123.820241086
4211486.64962069
4211849.510261592
4212212.402166469
4212575.325338021
4212938.2797789425
4213301.265491938
4213664.282479683
4214027.330744881
4214390.410290227
4214753.521118417
4215116.663232154
4215479.836634116
4215843.041327008
4216206.277313527
4216569.544596375
4216932.843178234
4217296.173061809
4217659.534249795
4218022.92674489
4218386.350549801
4218749.8056672085
4219113.292099819
4219476.809850329
4219840.358921447
4220203.939315853
4220567.551036255
4220931.194085353
4221294.8684658455
4221658.574180441
4222022.311231822
4222386.079622695
4222749.879355764
4223113.710433735
4223477.572859292
4223841.466635146
4224205.391763996
4224569.348248545
4224933.3360915035
4225297.355295554
4225661.405863409
4226025.487797771
4226389.601101349
4226753.745776831
4227117.921826927
4227482.129254341
4227846.368061776
4228210.638251945
4228574.939827534
4228939.272791256
4229303.637145815
4229668.032893917
4230032.460038274
4230396.918581574
4230761.408526532
4231125.929875853
4231490.4826322505
4231855.066798415
4232219.68237706
4232584.329370892
4232949.007782627
4233313.717614955
4233678.458870591
4234043.231552242
4234408.035662618
4234772.871204433
4235137.738180379
4235502.636593172
4235867.566445523
4236232.527740138
4236597.520479736
4236962.544667009
4237327.600304675
4237692.687395444
4238057.805942034
4238422.955947139
4238788.1374134775
4239153.35034376
4239518.5947407065
4239883.870607011
4240249.177945392
4240614.516758563
4240979.887049235
4241345.288820129
4241710.72207394
4242076.186813389
4242441.683041189
4242807.210760053
4243172.7699727025
4243538.360681835
4243903.982890171
4244269.6366004255
4244635.321815321
4245001.038537556
4245366.786769852
4245732.566514925
4246098.377775489
4246464.22055427
4246830.094853964
4247196.000677297
4247561.938026984
4247927.906905751
4248293.907316296
4248659.939261347
4249026.002743618
4249392.097765828
4249758.224330702
4250124.382440941
4250490.572099272
4250856.793308413
4251223.04607109
4251589.330390006
4251955.646267887
4252321.993707454
4252688.372711424
4253054.783282527
4253421.225423464
4253787.699136965
4254154.20442575
4254520.741292548
4254887.309740063
4255253.909771024
4255620.541388152
4255987.204594169
4256353.899391806
4256720.625783766
4257087.38377278
4257454.1733615715
4257820.994552863
4258187.847349385
4258554.731753844
4258921.647768972
4259288.595397493
4259655.574642139
4260022.585505616
4260389.627990657
4260756.702099989
4261123.807836343
4261490.945202426
4261858.114200974
4262225.31483471
4262592.547106363
4262959.811018665
4263327.106574326
4263694.43377608
4264061.792626654
4264429.183128776
4264796.60528518
4265164.059098577
4265531.544571703
4265899.061707286
4266266.610508063
4266634.190976744
4267001.803116066
4267369.44692876
4267737.122417561
4268104.829585182
4268472.56843436
4268840.338967827
4269208.141188311
4269575.975098552
4269943.8407012625
4270311.737999181
4270679.666995039
4271047.627691568
4271415.620091507
4271783.644197572
4272151.700012502
4272519.787539029
4272887.906779895
4273256.057737813
4273624.240415527
4273992.454815769
4274360.7009412795
4274728.978794777
4275097.288379001
4275465.62969669
4275834.002750573
4276202.407543396
4276570.844077874
4276939.312356753
4277307.812382768
4277676.344158653
4278044.907687153
4278413.502970985
4278782.130012896
4279150.78881562
4279519.479381904
4279888.201714467
4280256.955816054
4280625.741689403
4280994.559337259
4281363.408762343
4281732.289967402
4282101.202955174
4282470.147728397
4282839.124289818
4283208.132642159
4283577.172788168
4283946.244730584
4284315.348472147
4284684.4840156045
4285053.65136368
4285422.850519123
4285792.081484673
4286161.34426307
4286530.638857066
4286899.965269383
4287269.323502772
4287638.713559982
4288008.13544374
4288377.589156795
4288747.074701889
4289116.5920817675
4289486.141299179
4289855.72235685
4290225.335257533
4290594.980003972
4290964.65659891
4291334.3650451
4291704.10534527
4292073.87750217
4292443.681518548
4292813.517397149
4293183.3851407245
4293553.284752005
4293923.216233743
4294293.179588686
4294663.174819588
4295033.201929178
4295403.260920212
4295773.351795436
4296143.4745576065
4296513.629209454
4296883.815753734
4297254.034193194
4297624.284530582
4297994.5667686565
4298364.880910147
4298735.226957812
4299105.604914401
4299476.014782662
4299846.456565353
4300216.930265208
4300587.435884983
4300957.973427432
4301328.5428953115
4301699.144291355
4302069.7776183225
4302440.442878965
4302811.140076043
4303181.869212291
4303552.630290468
4303923.423313328
4304294.248283623
4304665.105204113
4305035.9940775335
4305406.914906648
4305777.867694208
4306148.852442969
4306519.869155691
4306890.917835113
4307261.998483996
4307633.111105095
4308004.255701174
4308375.432274971
4308746.640829248
4309117.881366762
4309489.153890278
4309860.458402532
4310231.794906291
4310603.163404311
4310974.563899348
4311345.996394168
4311717.46089151
4312088.957394141
4312460.485904818
4312832.046426299
4313203.638961351
4313575.263512714
4313946.920083157
4314318.608675436
4314690.329292321
4315062.081936553
4315433.8666109005
4315805.683318122
4316177.532060988
4316549.41284224
4316921.325664648
4317293.270530972
4317665.247443972
4318037.25640642
4318409.297421059
4318781.370490659
4319153.4756179815
4319525.612805789
4319897.782056853
4320269.983373919
4320642.216759756
4321014.48221713
4321386.779748804
4321759.109357548
4322131.47104611
4322503.864817262
4322876.290673777
4323248.748618403
4323621.238653913
4323993.760783072
4324366.315008644
4324738.901333405
4325111.519760101
4325484.170291509
4325856.852930393
4326229.567679521
4326602.314541667
4326975.0935195815
4327347.904616039
4327720.747833809
4328093.623175657
4328466.530644361
4328839.470242671
4329212.441973363
4329585.445839208
4329958.481842981
4330331.5499874335
4330704.650275345
4331077.782709485
4331450.947292631
4331824.144027536
4332197.372916978
4332570.633963729
4332943.927170558
4333317.252540247
4333690.610075546
4334063.999779239
4334437.421654095
4334810.875702887
4335184.361928396
4335557.880333376
4335931.430920608
4336305.013692867
4336678.628652933
4337052.275803561
4337425.955147536
4337799.666687629
4338173.410426625
4338547.186367279
4338920.994512375
4339294.834864688
4339668.707426992
4340042.6122020725
4340416.549192687
4340790.518401618
4341164.519831643
4341538.55348554
4341912.619366091
4342286.717476055
4342660.847818221
4343035.010395363
4343409.2052102685
4343783.432265697
4344157.691564436
4344531.983109263
4344906.306902965
4345280.662948303
4345655.051248064
4346029.471805029
4346403.924621974
4346778.409701691
4347152.92704694
4347527.47666051
4347902.058545181
4348276.672703734
4348651.319138959
4349025.997853618
4349400.708850502
4349775.452132393
4350150.227702079
4350525.035562327
4350899.875715927
4351274.7481656615
4351649.652914321
4352024.589964672
4352399.5593195055
4352774.560981606
4353149.594953756
4353524.661238748
4353899.7598393485
4354274.890758352
4354650.053998541
4355025.249562702
4355400.477453629
4355775.737674088
4356151.030226874
4356526.355114773
4356901.712340571
4357277.101907062
4357652.523817017
4358027.97807323
4358403.464678488
4358778.983635588
4359154.534947298
4359530.118616415
4359905.734645728
4360281.383038034
4360657.063796102
4361032.776922732
4361408.52242071
4361784.300292827
4362160.110541881
4362535.953170643
4362911.828181913
4363287.73557848
4363663.6753631355
4364039.647538677
4364415.6521078795
4364791.689073541
4365167.758438454
4365543.860205419
4365919.994377211
4366296.160956628
4366672.359946464
4367048.59134952
4367424.855168572
4367801.151406419
4368177.480065858
4368553.84114968
4368930.234660689
4369306.660601659
4369683.118975394
4370059.609784691
4370436.133032341
4370812.688721148
4371189.276853892
4371565.897433375
4371942.550462393
4372319.235943752
4372695.953880229
4373072.70427463
4373449.487129751
4373826.3024483975
4374203.150233349
4374580.030487412
4374956.943213384
4375333.888414063
4375710.866092254
4376087.87625074
4376464.918892328
4376841.994019815
4377219.101636002
4377596.241743695
4377973.414345678
4378350.619444758
4378727.857043735
4379105.127145419
4379482.429752592
4379859.764868064
4380237.132494635
4380614.532635116
4380991.96529229
4381369.430468967
4381746.928167951
4382124.458392042
4382502.021144052
4382879.616426766
4383257.244242996
4383634.904595544
4384012.597487214
4384390.322920818
4384768.080899143
4385145.871425001
4385523.694501197
4385901.550130543
4386279.438315828
4386657.359059865
4387035.312365459
4387413.298235425
4387791.31667255
4388169.367679649
4388547.451259529
4388925.567414996
4389303.716148865
4389681.897463927
4390060.1113629965
4390438.357848882
4390816.63692439
4391194.948592338
4391573.292855515
4391951.669716741
4392330.079178822
4392708.52124457
4393086.995916799
4393465.503198303
4393844.043091901
4394222.615600401
4394601.220726623
4394979.85847336
4395358.528843431
4395737.231839646
4396115.967464826
4396494.735721765
4396873.536613282
4397252.37014219
4397631.2363113
4398010.135123434
4398389.066581386
4398768.0306879785
4399147.027446023
4399526.056858335
4399905.118927736
4400284.213657021
4400663.341049013
4401042.501106527
4401421.693832385
4401800.919229386
4402180.177300354
4402559.468048101
4402938.791475454
4403318.14758521
4403697.536380194
4404076.957863222
4404456.412037111
4404835.898904686
4405215.418468745
4405594.970732116
4405974.555697615
4406354.173368061
4406733.823746279
4407113.50683507
4407493.222637262
4407872.971155673
4408252.75239313
4408632.566352436
4409012.413036417
4409392.292447895
4409772.204589697
4410152.149464624
4410532.127075508
4410912.137425168
4411292.180516426
4411672.256352111
4412052.364935026
4412432.506268001
4412812.680353859
4413192.887195422
4413573.126795521
4413953.39915696
4414333.704282571
4414714.042175176
4415094.412837609
4415474.816272674
4415855.252483205
4416235.721472025
4416616.223241966
4416996.757795838
4417377.325136471
4417757.9252666915
4418138.558189324
4418519.223907203
4418899.922423138
4419280.653739962
4419661.4178605005
4420042.214787581
4420423.044524039
4420803.907072684
4421184.802436351
4421565.730617867
4421946.69162007
4422327.685445769
4422708.7120978
4423089.771578994
4423470.863892186
4423851.9890401885
4424233.1470258385
4424614.337851965
4424995.561521399
4425376.818036978
4425758.107401514
4426139.429617848
4426520.784688809
4426902.172617227
4427283.593405943
4427665.047057771
4428046.53357555
4428428.052962112
4428809.60522029
4429191.190352925
4429572.80836283
4429954.459252848
4430336.143025812
4430717.859684563
4431099.609231918
4431481.391670719
4431863.207003799
4432245.055234003
4432626.936364146
4433008.850397073
4433390.797335616
4433772.7771826135
4434154.789940909
4434536.835613318
4434918.914202687
4435301.025711853
4435683.170143652
4436065.347500929
4436447.557786502
4436829.801003218
4437212.077153915
4437594.386241438
4437976.728268608
4438359.1032382725
4438741.51115327
4439123.952016446
4439506.425830622
4439888.932598648
4440271.472323361
4440654.0450076
4441036.650654217
4441419.289266032
4441801.960845895
4442184.665396646
4442567.402921124
4442950.173422183
4443332.976902643
4443715.813365355
4444098.682813162
4444481.585248915
4444864.520675437
4445247.489095579
4445630.490512186
4446013.524928108
4446396.59234617
4446779.692769227
4447162.82620012
4447545.992641694
4447929.192096802
4448312.424568272
4448695.690058955
4449078.988571698
4449462.320109345
4449845.684674751
4450229.082270743
4450612.512900176
4450995.976565898
4451379.473270763
4451763.003017598
4452146.565809261
4452530.161648599
4452913.790538468
4453297.452481697
4453681.147481144
4454064.875539657
4454448.636660083
4454832.430845282
4455216.258098082
4455600.118421343
4455984.0118179135
4456367.938290644
4456751.897842393
4457135.890475992
4457519.9161943
4457903.975000169
4458288.066896458
4458672.191886
4459056.349971656
4459440.541156276
4459824.7654427225
4460209.022833829
4460593.313332456
4460977.636941456
4461361.9936636835
4461746.383502
4462130.80645924
4462515.262538265
4462899.751741931
4463284.27407309
4463668.829534608
4464053.418129318
4464438.039860087
4464822.694729768
4465207.382741217
4465592.103897298
4465976.858200849
4466361.645654735
4466746.4662618125
4467131.320024946
4467516.206946976
4467901.127030766
4468286.080279175
4468671.066695069
4469056.086281288
4469441.139040699
4469826.224976159
4470211.344090528
4470596.496386672
4470981.681867435
4471366.900535681
4471752.152394272
4472137.437446067
4472522.755693936
4472908.10714072
4473293.491789289
4473678.909642503
4474064.360703232
4474449.8449743185
4474835.362458635
4475220.913159042
4475606.49707841
4475992.114219584
4476377.7645854335
4476763.448178824
4477149.165002616
4477534.915059683
4477920.698352869
4478306.514885048
4478692.364659083
4479078.247677839
4479464.1639441885
4479850.1134609785
4480236.096231082
4480622.112257366
4481008.161542703
4481394.244089942
4481780.359901957
4482166.508981613
4482552.691331788
4482938.906955329
4483325.155855111
4483711.438034003
4484097.75349487
4484484.102240591
4484870.484274014
4485256.899598017
4485643.348215468
4486029.830129237
4486416.345342199
4486802.893857207
4487189.475677138
4487576.090804863
4487962.739243261
4488349.420995181
4488736.136063506
4489122.884451105
4489509.666160857
4489896.481195617
4490283.329558263
4490670.211251668
4491057.126278703
4491444.074642249
4491831.056345162
4492218.071390321
4492605.1197806
4492992.201518872
4493379.31660802
4493766.465050898
4494153.646850389
4494540.862009368
4494928.110530708
4495315.392417294
4495702.707671981
4496090.056297655
4496477.438297199
4496864.85367347
4497252.302429354
4497639.784567725
4498027.300091461
4498414.849003448
4498802.431306544
4499190.047003633
4499577.696097595
4499965.3785913065
4500353.094487653
4500740.843789496
4501128.626499724
4501516.4426212115
4501904.292156841
4502292.175109498
4502680.091482045
4503068.0412773695
4503456.024498352
4503844.041147881
4504232.091228819
4504620.174744057
4505008.291696472
4505396.442088957
4505784.625924373
4506172.843205612
4506561.093935556
4506949.378117085
4507337.695753093
4507726.046846442
4508114.431400024
4508502.849416723
4508891.300899422
4509279.785851012
4509668.30427436
4510056.856172359
4510445.441547892
4510834.060403854
4511222.71274311
4511611.398568556
4512000.117883075
4512388.8706895625
4512777.656990886
4513166.47678994
4513555.330089612
4513944.216892786
4514333.137202361
4514722.0910212025
4515111.078352209
4515500.099198267
4515889.153562264
4516278.241447097
4516667.3628556365
4517056.5177907795
4517445.7062554145
4517834.92825244
4518224.183784727
4518613.472855173
4519002.795466669
4519392.151622114
4519781.541324378
4520170.964576363
4520560.421380957
4520949.911741053
4521339.435659551
4521728.993139323
4522118.58418327
4522508.208794286
4522897.86697526
4523287.558729095
4523677.284058666
4524067.042966874
4524456.8354566125
4524846.661530784
4525236.521192264
4525626.414443955
4526016.341288752
4526406.301729558
4526796.295769248
4527186.323410729
4527576.384656893
4527966.479510638
4528356.607974867
4528746.770052459
4529136.965746317
4529527.1950593395
4529917.457994423
4530307.754554473
4530698.084742367
4531088.448561014
4531478.846013309
4531869.277102153
4532259.7418304505
4532650.240201083
4533040.772216957
4533431.337880983
4533821.937196039
4534212.570165034
4534603.23679087
4534993.937076445
4535384.671024667
4535775.438638421
4536166.239920614
4536557.07487415
4536947.943501926
4537338.845806857
4537729.781791822
4538120.751459735
4538511.754813498
4538902.791856011
4539293.862590189
4539684.967018914
4540076.1051451
4540467.276971648
4540858.482501473
4541249.72173746
4541640.9946825225
4542032.301339565
4542423.6417115
4542815.015801215
4543206.423611623
4543597.865145632
4543989.340406145
4544380.849396079
4544772.39211832
4545163.968575785
4545555.57877138
4545947.222708012
4546338.9003885975
4546730.611816024
4547122.3569932105
4547514.135923064
4547905.948608502
4548297.795052414
4548689.675257717
4549081.589227322
4549473.5369641455
4549865.51847108
4550257.533751043
4550649.582806945
4551041.665641695
4551433.782258215
4551825.932659396
4552218.116848157
4552610.33482741
4553002.586600067
4553394.8721690485
4553787.191537247
4554179.544707585
4554571.931682974
4554964.352466336
4555356.807060567
4555749.295468587
4556141.817693311
4556534.373737661
4556926.963604533
4557319.58729685
4557712.244817527
4558104.936169478
4558497.661355628
4558890.420378871
4559283.213242135
4559676.039948334
4560068.900500385
4560461.794901212
4560854.723153713
4561247.685260815
4561640.681225434
4562033.711050496
4562426.774738902
4562819.872293577
4563213.003717439
4563606.169013416
4563999.368184408
4564392.601233342
4564785.868163139
4565179.168976715
4565572.503677001
4565965.872266898
4566359.274749334
4566752.711127231
4567146.1814035075
4567539.685581095
4567933.223662894
4568326.795651836
4568720.401550844
4569114.041362838
4569507.715090749
4569901.422737481
4570295.164305965
4570688.939799136
4571082.7492198935
4571476.592571175
4571870.4698559
4572264.381076994
4572658.32623739
4573052.305339994
4573446.318387739
4573840.3653835505
4574234.446330353
4574628.56123108
4575022.71008864
4575416.892905968
4575811.109685989
4576205.36043163
4576599.645145826
4576993.963831485
4577388.316491544
4577782.703128931
4578177.12374658
4578571.578347404
4578966.066934337
4579360.589510308
4579755.146078256
4580149.736641089
4580544.361201748
4580939.0197631605
4581333.712328256
4581728.438899974
4582123.1994812265
4582517.994074952
4582912.822684081
4583307.685311545
4583702.581960284
4584097.51263321
4584492.477333265
4584887.47606338
4585282.508826497
4585677.575625529
4586072.676463417
4586467.811343095
4586862.980267506
4587258.183239564
4587653.420262211
4588048.691338382
4588443.99647101
4588839.335663039
4589234.708917385
4589630.116236992
4590025.557624796
4590421.033083731
4590816.542616743
4591212.086226747
4591607.663916691
4592003.275689511
4592398.9215481505
4592794.60149553
4593190.315534595
4593586.063668284
4593981.845899542
4594377.66223129
4594773.512666473
4595169.397208032
4595565.315858905
4595961.268622039
4596357.255500356
4596753.276496802
4597149.33161432
4597545.420855848
4597941.544224336
4598337.701722705
4598733.893353905
4599130.119120877
4599526.379026573
4599922.673073914
4600319.001265851
4600715.363605327
4601111.760095293
4601508.190738671
4601904.655538416
4602301.154497469
4602697.6876187725
4603094.254905282
4603490.8563599195
4603887.4919856405
4604284.161785387
4604680.865762106
4605077.60391875
4605474.376258245
4605871.182783546
4606268.023497598
4606664.8984033475
4607061.80750375
4607458.750801732
4607855.728300249
4608252.740002249
4608649.785910687
4609046.866028493
4609443.980358624
4609841.128904025
4610238.3116676565
4610635.528652445
4611032.7798613515
4611430.065297323
4611827.384963308
4612224.738862267
4612622.126997128
4613019.549370853
4613417.005986391
4613814.496846691
4614212.021954714
4614609.581313392
4615007.174925686
4615404.802794546
4615802.464922934
4616200.161313782
4616597.891970052
4616995.656894697
4617393.4560906775
4617791.289560929
4618189.157308413
4618587.059336082
4618984.995646892
4619382.966243804
4619780.971129755
4620179.010307707
4620577.083780616
4620975.191551436
4621373.333623131
4621771.509998639
4622169.720680925
4622567.965672944
4622966.2449776605
4623364.5585980145
4623762.90653697
4624161.288797486
4624559.705382527
4624958.156295032
4625356.641537969
4625755.161114295
4626153.715026968
4626552.3032789575
4626950.925873201
4627349.582812668
4627748.274100319
4628146.9997391105
4628545.759732014
4628944.554081969
4629343.382791946
4629742.245864905
4630141.143303818
4630540.075111624
4630939.0412912965
4631338.041845795
4631737.076778091
4632136.146091129
4632535.249787878
4632934.387871304
4633333.560344366
4633732.767210039
4634132.008471267
4634531.284131023
4634930.59419227
4635329.938657972
4635729.317531104
4636128.730814611
4636528.178511466
4636927.660624635
4637327.177157094
4637726.728111787
4638126.313491692
4638525.933299773
4638925.587539007
4639325.276212341
4639724.9993227525
4640124.756873206
4640524.5488666715
4640924.375306126
4641324.236194516
4641724.131534821
4642124.061330009
4642524.025583048
4642924.024296918
4643324.057474568
4643724.1251189755
4644124.227233113
4644524.363819948
4644924.534882463
4645324.740423606
4645724.980446359
4646125.254953693
4646525.5639485875
4646925.907433997
4647326.2854129
4647726.697888272
4648127.144863091
4648527.626340313
4648928.142322918
4649328.692813883
4649729.277816176
4650129.897332784
4650530.551366659
4650931.239920787
4651331.962998141
4651732.720601695
4652133.512734434
4652534.339399313
4652935.200599318
4653336.096337425
4653737.026616618
4654137.991439855
4654538.9908101205
4654940.024730392
4655341.093203655
4655742.19623287
4656143.333821021
4656544.505971087
4656945.712686045
4657346.953968884
4657748.229822562
4658149.540250068
4658550.88525438
4658952.2648384785
4659353.679005351
4659755.127757958
4660156.61109929
4660558.129032327
4660959.681560058
4661361.268685446
4661762.89041148
4662164.546741143
4662566.237677423
4662967.963223286
4663369.723381722
4663771.518155713
4664173.347548241
4664575.211562299
4664977.110200852
4665379.04346689
4665781.011363399
4666183.013893362
4666585.051059772
4666987.122865596
4667389.229313825
4667791.370407445
4668193.546149453
4668595.756542812
4668998.001590518
4669400.2812955575
4669802.595660927
4670204.9446895905
4670607.3283845475
4671009.746748783
4671412.199785284
4671814.687497049
4672217.2098870445
4672619.766958269
4673022.358713711
4673424.985156357
4673827.646289208
4674230.342115233
4674633.0726374285
4675035.837858786
4675438.637782305
4675841.472410955
4676244.341747736
4676647.245795638
4677050.184557663
4677453.158036782
4677856.1662359955
4678259.209158295
4678662.286806672
4679065.399184128
4679468.546293638
4679871.728138201
4680274.944720812
4680678.196044464
4681081.482112158
4681484.80292687
4681888.158491603
4682291.548809351
4682694.973883108
4683098.433715879
4683501.928310639
4683905.4576703925
4684309.021798136
4684712.620696873
4685116.254369581
4685519.922819266
4685923.626048924
4686327.364061561
4686731.1368601555
4687134.944447714
4687538.786827234
4687942.664001712
4688346.575974156
4688750.5227475455
4689154.504324889
4689558.520709185
4689962.571903431
4690366.657910638
4690770.778733783
4691174.934375879
4691579.124839925
4691983.35012893
4692387.610245875
4692791.905193771
4693196.23497562
4693600.599594431
4694004.999053188
4694409.433354901
4694813.902502573
4695218.406499206
4695622.945347812
4696027.519051375
4696432.127612907
4696836.771035413
4697241.449321895
4697646.162475367
4698050.910498814
4698455.69339525
4698860.511167679
4699265.363819116
4699670.251352548
4700075.173770987
4700480.131077443
4700885.123274928
4701290.150366431
4701695.212354967
4702100.309243543
4702505.441035166
4702910.607732853
4703315.809339592
4703721.045858401
4704126.317292287
4704531.62364426
4704936.964917336
4705342.341114505
4705747.752238787
4706153.1982931895
4706558.679280734
4706964.195204409
4707369.746067235
4707775.331872223
4708180.952622392
4708586.608320734
4708992.29897027
4709398.024574012
4709803.78513497
4710209.580656168
4710615.4111405965
4711021.276591278
4711427.177011226
4711833.112403453
4712239.082770983
4712645.088116808
4713051.128443953
4713457.203755431
4713863.314054267
4714269.459343455
4714675.63962602
4715081.854904977
4715488.105183351
4715894.390464137
4716300.710750364
4716707.066045044
4717113.456351195
4717519.881671844
4717926.342009988
4718332.837368652
4718739.367750856
4719145.933159617
4719552.533597961
4719959.169068888
4720365.839575426
4720772.545120593
4721179.2857074095
4721586.061338903
4721992.872018074
4722399.717747952
4722806.598531556
4723213.514371918
4723620.465272036
4724027.451234943
4724434.472263659
4724841.528361216
4725248.619530614
4725655.7457748875
4726062.907097056
4726470.103500142
4726877.334987179
4727284.60156117
4727691.903225147
4728099.239982134
4728506.611835155
4728914.0187872425
4729321.460841402
4729728.938000668
4730136.450268064
4730543.997646625
4730951.580139358
4731359.197749296
4731766.850479466
4732174.538332904
4732582.261312615
4732990.019421637
4733397.812662996
4733805.64103972
4734213.504554844
4734621.403211378
4735029.337012358
4735437.305960813
4735845.310059771
4736253.34931227
4736661.42372132
4737069.53328996
4737477.678021218
4737885.857918134
4738294.0729837185
4738702.323221012
4739110.608633044
4739518.929222855
4739927.284993457
4740335.67594789
4740744.102089186
4741152.563420377
4741561.059944504
4741969.59166458
4742378.158583648
4742786.760704739
4743195.398030887
4743604.070565135
4744012.778310498
4744421.521270018
4744830.299446729
4745239.1128436765
4745647.961463874
4746056.845310368
4746465.764386191
4746874.718694391
4747283.7082379805
4747692.733020009
4748101.79304351
4748510.888311521
4748920.018827088
4749329.184593229
4749738.385612991
4750147.62188941
4750556.893425524
4750966.200224383
4751375.542289003
4751784.919622433
4752194.332227713
4752603.780107891
4753013.263265986
4753422.781705049
4753832.335428118
4754241.924438243
4754651.548738446
4755061.208331777
4755470.903221276
4755880.633409984
4756290.398900954
4756700.199697206
4757110.0358017925
4757519.907217757
4757929.81394814
4758339.7559959935
4758749.733364343
4759159.74605624
4759569.794074729
4759979.877422852
4760389.996103666
4760800.150120192
4761210.339475486
4761620.564172593
4762030.824214567
4762441.119604436
4762851.450345252
4763261.816440063
4763672.217891924
4764082.654703862
4764493.126878934
4764903.634420186
4765314.177330665
4765724.75561343
4766135.3692715075
4766546.018307955
4766956.702725821
4767367.422528155
4767778.177718014
4768188.968298429
4768599.794272457
4769010.655643149
4769421.552413564
4769832.484586732
4770243.452165715
4770654.455153562
4771065.493553334
4771476.567368062
4771887.676600807
4772298.821254622
4772710.001332558
4773121.216837676
4773532.46777301
4773943.754141622
4774355.075946566
4774766.433190894
4775177.825877669
4775589.254009926
4776000.717590729
4776412.21662313
4776823.751110196
4777235.3210549615
4777646.926460491
4778058.567329839
4778470.243666071
4778881.955472225
4779293.7027513655
4779705.485506549
4780117.303740832
4780529.157457281
4780941.046658934
4781352.971348858
4781764.9315301115
4782176.927205751
4782588.958378845
4783001.025052432
4783413.127229582
4783825.264913352
4784237.438106813
4784649.646813003
4785061.891034993
4785474.170775842
4785886.4860386215
4786298.836826371
4786711.223142161
4787123.644989055
4787536.102370111
4787948.595288402
4788361.123746972
4788773.687748889
4789186.287297219
4789598.9223950235
4790011.593045374
4790424.299251316
4790837.041015922
4791249.818342255
4791662.631233381
4792075.479692372
4792488.363722273
4792901.283326159
4793314.238507106
4793727.229268159
4794140.255612392
4794553.317542872
4794966.415062666
4795379.548174849
4795792.716882467
4796205.921188599
4796619.161096311
4797032.436608671
4797445.747728756
4797859.094459614
4798272.4768043235
4798685.894765953
4799099.34834757
4799512.837552255
4799926.362383057
4800339.922843057
4800753.518935322
4801167.150662933
4801580.818028941
4801994.521036426
4802408.259688459
4802822.033988122
4803235.843938465
4803649.68954257
4804063.57080351
4804477.487724355
4804891.440308191
4805305.4285580665
4805719.452477068
4806133.512068266
4806547.607334736
4806961.738279561
4807375.904905795
4807790.107216522
4808204.345214818
4808618.618903765
4809032.928286421
4809447.27336587
4809861.654145188
4810276.07062746
4810690.522815744
4811105.010713126
4811519.53432268
4811934.0936474865
4812348.68869063
4812763.31945517
4813177.985944193
4813592.688160778
4814007.426108002
4814422.199788954
4814837.009206695
4815251.854364309
4815666.7352648815
4816081.651911497
4816496.604307218
4816911.592455135
4817326.616358327
4817741.676019885
4818156.77144287
4818571.902630373
4818987.069585475
4819402.27231126
4819817.510810818
4820232.785087211
4820648.095143533
4821063.440982866
4821478.822608293
4821894.240022907
4822309.693229772
4822725.182231982
4823140.707032622
4823556.267634784
4823971.864041534
4824387.496255968
4824803.164281169
4825218.868120234
4825634.607776228
4826050.383252248
4826466.1945513785
4826882.041676708
4827297.924631331
4827713.843418317
4828129.798040762
4828545.788501753
4828961.814804378
4829377.876951736
4829793.974946896
4830210.108792955
4830626.278493002
4831042.484050128
4831458.7254674295
4831875.002747979
4832291.315894876
4832707.664911218
4833124.049800079
4833540.470564558
4833956.927207747
4834373.4197327355
4834789.948142626
4835206.512440492
4835623.112629433
4836039.748712543
4836456.420692915
4836873.12857365
4837289.872357822
4837706.652048536
4838123.467648883
4838540.319161959
4838957.206590868
4839374.129938683
4839791.08920851
4840208.084403444
4840625.1155265905
4841042.182581024
4841459.285569851
4841876.424496168
4842293.599363082
4842710.810173667
4843128.056931033
4843545.339638275
4843962.658298491
4844380.012914789
4844797.403490246
4845214.830027972
4845632.292531065
4846049.791002623
4846467.325445754
4846884.89586354
4847302.502259089
4847720.1446355
4848137.822995885
4848555.537343324
4848973.287680927
4849391.074011794
4849808.896339038
4850226.75466574
4850644.648995011
4851062.5793299535
4851480.545673669
4851898.548029271
4852316.586399842
4852734.660788494
4853152.771198332
4853570.917632459
4853989.100093989
4854407.318586005
4854825.573111622
4855243.863673945
4855662.190276088
4856080.552921138
4856498.951612209
4856917.386352407
4857335.8571448475
4857754.363992617
4858172.906898833
4858591.485866602
4859010.1008990295
4859428.751999235
4859847.439170304
4860266.162415356
4860684.921737499
4861103.71713984
4861522.548625499
4861941.416197564
4862360.319859155
4862779.259613382
4863198.235463362
4863617.247412189
4864036.29546298
4864455.379618847
4864874.49988291
4865293.656258261
4865712.848748021
4866132.077355301
4866551.342083214
4866970.642934881
4867389.979913396
4867809.35302188
4868228.762263446
4868648.207641209
4869067.68915829
4869487.206817784
4869906.760622816
4870326.3505764995
4870745.976681949
4871165.638942288
4871585.337360614
4872005.07194005
4872424.842683724
4872844.649594731
4873264.492676196
4873684.371931236
4874104.287362969
4874524.23897452
4874944.226768988
4875364.2507495
4875784.310919173
4876204.407281126
4876624.539838486
4877044.708594354
4877464.913551857
4877885.154714114
4878305.432084245
4878725.74566538
4879146.095460618
4879566.481473089
4879986.903705915
4880407.362162226
4880827.856845123
4881248.387757736
4881668.954903189
4882089.558284611
4882510.197905107
4882930.873767808
4883351.585875836
4883772.3342323145
4884193.118840377
4884613.9397031255
4885034.796823695
4885455.69020521
4885876.619850794
4886297.585763581
4886718.587946676
4887139.626403214
4887560.701136322
4887981.812149133
4888402.959444754
4888824.143026321
4889245.36289696
4889666.6190598095
4890087.911517975
4890509.240274592
4890930.605332792
4891352.006695699
4891773.444366453
4892194.9183481615
4892616.428643964
4893037.975256988
4893459.558190363
4893881.177447229
4894302.833030695
4894724.524943901
4895146.253189977
4895568.017772065
4895989.818693273
4896411.655956743
4896833.529565608
4897255.439523007
4897677.385832053
4898099.368495888
4898521.387517644
4898943.442900455
4899365.534647461
4899787.662761778
4900209.827246548
4900632.028104904
4901054.265339982
4901476.538954924
4901898.848952847
4902321.195336892
4902743.578110198
4903165.997275908
4903588.452837138
4904010.944797034
4904433.473158732
4904856.037925378
4905278.639100091
4905701.276686014
4906123.950686287
4906546.661104046
4906969.407942439
4907392.191204586
4907815.010893633
4908237.867012718
4908660.759564982
4909083.688553573
4909506.653981609
4909929.655852241
4910352.6941686105
4910775.768933855
4911198.8801511265
4911622.027823544
4912045.21195426
4912468.432546416
4912891.689603163
4913314.983127622
4913738.313122945
4914161.679592276
4914585.082538766
4915008.521965538
4915431.997875746
4915855.510272534
4916279.059159043
4916702.64453843
4917126.266413817
4917549.92478836
4917973.619665202
4918397.351047489
4918821.118938377
4919244.923340991
4919668.764258486
4920092.64169401
4920516.555650718
4920940.506131737
4921364.493140223
4921788.516679324
4922212.576752199
4922636.673361973
4923060.806511806
4923484.976204845
4923909.18244424
4924333.425233148
4924757.7045746995
4925182.020472053
4925606.372928359
4926030.761946767
4926455.187530437
4926879.6496824995
4927304.148406115
4927728.683704435
4928153.255580621
4928577.864037803
4929002.509079145
4929427.190707798
4929851.908926925
4930276.663739656
4930701.455149158
4931126.283158581
4931551.147771079
4931976.048989817
4932400.986817928
4932825.961258576
4933250.972314917
4933676.019990103
4934101.104287302
4934526.225209649
4934951.382760308
4935376.5769424355
4935801.807759197
4936227.075213731
4936652.379309203
4937077.720048769
4937503.097435598
4937928.511472827
4938353.962163623
4938779.449511144
4939204.97351855
4939630.534189008
4940056.131525657
4940481.7655316675
4940907.436210197
4941333.143564407
4941758.887597466
4942184.668312515
4942610.485712725
4943036.339801255
4943462.230581278
4943888.158055934
4944314.122228395
4944740.123101824
4945166.160679392
4945592.234964241
4946018.345959544
4946444.493668465
4946870.678094166
4947296.899239821
4947723.157108574
4948149.451703599
4948575.78302806
4949002.151085122
4949428.555877959
4949854.997409717
4950281.475683571
4950707.990702687
4951134.542470231
4951561.130989379
4951987.7562632775
4952414.418295103
4952841.117088024
4953267.852645216
4953694.624969827
4954121.434065036
4954548.27993401
4954975.162579927
4955402.082005937
4955829.038215218
4956256.03121094
4956683.060996273
4957110.127574395
4957537.2309484575
4957964.37112164
4958391.548097114
4958818.761878049
4959246.012467628
4959673.299869001
4960100.62408535
4960527.985119847
4960955.382975674
4961382.817655984
4961810.289163959
4962237.797502774
4962665.34267561
4963092.924685623
4963520.543535993
4963948.199229899
4964375.891770512
4964803.6211610185
4965231.387404572
4965659.190504359
4966087.030463554
4966514.907285334
4966942.820972884
4967370.771529361
4967798.75895795
4968226.783261831
4968654.844444189
4969082.942508182
4969511.077456997
4969939.249293813
4970367.458021818
4970795.7036441695
4971223.986164058
4971652.305584662
4972080.661909159
4972509.055140742
4972937.485282568
4973365.952337828
4973794.456309704
4974222.997201376
4974651.575016033
4975080.189756839
4975508.8414269835
4975937.530029649
4976366.255568028
4976795.018045283
4977223.817464606
4977652.65382918
4978081.527142199
4978510.437406825
4978939.384626253
4979368.368803666
4979797.389942249
4980226.448045198
4980655.5431156745
4981084.675156876
4981513.844171988
4981943.050164195
4982372.293136693
4982801.573092649
4983230.890035259
4983660.243967709
4984089.6348931985
4984519.062814892
4984948.527735989
4985378.029659675
4985807.568589152
4986237.144527585
4986666.757478175
4987096.407444108
4987526.0944285765
4987955.818434779
4988385.579465883
4988815.377525092
4989245.212615593
4989675.08474058
4990104.993903252
4990534.94010678
4990964.923354366
4991394.943649202
4991825.000994478
4992255.0953934
4992685.226849137
4993115.395364893
4993545.600943861
4993975.843589245
4994406.123304218
4994836.440091984
4995266.793955738
4995697.184898683
4996127.612923995
4996558.078034878
4996988.580234527
4997419.119526139
4997849.69591292
4998280.309398044
4998710.959984719
4999141.647676142
4999572.372475509
5000003.134386026
5000433.933410874
5000864.769553257
5001295.642816376
5001726.5532034375
5002157.50071762
5002588.485362134
5003019.507140177
5003450.56605496
5003881.662109661
5004312.795307491
5004743.96565165
5005175.173145338
5005606.417791767
5006037.699594117
5006469.018555599
5006900.3746794155
5007331.767968769
5007763.198426871
5008194.666056902
5008626.170862079
5009057.7128456
5009489.292010683
5009920.908360508
5010352.561898291
5010784.252627235
5011215.9805505555
5011647.745671435
5012079.547993091
5012511.387518726
5012943.264251549
5013375.178194772
5013807.129351583
5014239.117725199
5014671.143318825
5015103.206135669
5015535.306178948
5015967.443451848
5016399.617957588
5016831.829699377
5017264.0786804315
5017696.36490394
5018128.688373122
5018561.049091186
5018993.447061353
5019425.882286811
5019858.35477078
5020290.864516471
5020723.4115270935
5021155.995805869
5021588.617355987
5022021.2761806715
5022453.972283132
5022886.705666581
5023319.476334241
5023752.284289304
5024185.129534992
5024618.012074519
5025050.931911107
5025483.889047951
5025916.883488274
5026349.91523529
5026782.984292224
5027216.09066227
5027649.234348652
5028082.415354587
5028515.633683289
5028948.889337986
5029382.182321871
5029815.512638171
5030248.880290104
5030682.285280885
5031115.727613743
5031549.207291874
5031982.724318507
5032416.278696858
5032849.870430146
5033283.499521601
5033717.1659744205
5034150.869791833
5034584.610977058
5035018.389533326
5035452.205463837
5035886.058771819
5036319.949460495
5036753.877533095
5037187.842992819
5037621.845842899
5038055.886086556
5038489.963727013
5038924.078767502
5039358.231211224
5039792.421061412
5040226.64832129
5040660.91299408
5041095.215083017
5041529.554591303
5041963.931522173
5042398.345878852
5042832.7976645725
5043267.286882541
5043701.813535993
5044136.377628153
5044570.979162257
5045005.6181415105
5045440.294569151
5045875.008448403
5046309.759782495
5046744.548574665
5047179.374828118
5047614.238546092
5048049.139731816
5048484.078388519
5048919.054519437
5049354.068127781
5049789.119216789
5050224.20778969
5050659.333849724
5051094.497400102
5051529.698444062
5051964.936984836
5052400.213025665
5052835.526569759
5053270.877620358
5053706.266180697
5054141.692254005
5054577.155843525
5055012.65695247
5055448.195584081
5055883.771741593
5056319.385428238
5056755.03664726
5057190.725401873
5057626.451695319
5058062.215530835
5058498.016911665
5058933.855841022
5059369.732322154
5059805.646358294
5060241.59795269
5060677.587108556
5061113.613829139
5061549.678117676
5061985.779977403
5062421.919411568
5062858.096423388
5063294.311016111
5063730.563192974
5064166.852957216
5064603.180312086
5065039.545260802
5065475.9478066135
5065912.387952759
5066348.865702489
5066785.381059024
5067221.934025613
5067658.524605497
5068095.152801926
5068531.8186181225
5068968.522057336
5069405.263122809
5069842.041817784
5070278.858145514
5070715.712109217
5071152.603712151
5071589.532957556
5072026.499848676
5072463.5043887645
5072900.546581046
5073337.626428773
5073774.743935191
5074211.899103545
5074649.091937088
5075086.322439048
5075523.590612679
5075960.896461227
5076398.239987948
5076835.621196068
5077273.0400888445
5077710.496669523
5078147.990941362
5078585.522907589
5079023.092571461
5079460.699936225
5079898.345005132
5080336.027781439
5080773.748268375
5081211.5064691985
5081649.30238716
5082087.136025509
5082525.007387505
5082962.916476378
5083400.86329539
5083838.84784779
5084276.870136841
5084714.930165772
5085153.027937847
5085591.163456317
5086029.336724443
5086467.54774546
5086905.7965226285
5087344.083059203
5087782.407358436
5088220.769423592
5088659.169257904
5089097.606864637
5089536.082247044
5089974.595408382
5090413.146351914
5090851.735080876
5091290.361598534
5091729.025908143
5092167.728012971
5092606.467916251
5093045.245621254
5093484.061131233
5093922.914449458
5094361.805579165
5094800.734523623
5095239.70128609
5095678.705869823
5096117.748278092
5096556.828514135
5096995.946581222
5097435.102482613
5097874.296221566
5098313.5278013535
5098752.797225214
5099192.1044964185
5099631.449618228
5100070.832593914
5100510.253426718
5100949.712119911
5101389.208676755
5101828.743100524
5102268.315394459
5102707.925561833
5103147.573605911
5103587.259529954
5104026.983337237
5104466.745031003
5104906.544614527
5105346.382091074
5105786.257463909
5106226.170736305
5106666.121911511
5107106.1109927995
5107546.137983438
5107986.202886692
5108426.305705839
5108866.446444125
5109306.625104828
5109746.841691224
5110187.096206562
5110627.388654118
5111067.719037163
5111508.087358965
5111948.4936228
5112388.937831921
5112829.419989604
5113269.940099119
5113710.498163738
5114151.094186741
5114591.7281713765
5115032.400120927
5115473.110038662
5115913.857927855
5116354.643791786
5116795.467633707
5117236.329456901
5117677.229264639
5118118.167060206
5118559.142846853
5119000.156627863
5119441.208406511
5119882.2981860805
5120323.425969826
5120764.591761031
5121205.79556297
5121647.03737892
5122088.317212165
5122529.63506596
5122970.990943591
5123412.384848335
5123853.816783468
5124295.286752277
5124736.794758018
5125178.340803978
5125619.924893437
5126061.547029681
5126503.207215967
5126944.905455585
5127386.641751814
5127828.416107941
5128270.228527228
5128712.079012962
5129153.9675684245
5129595.894196895
5130037.858901664
5130479.86168599
5130921.902553167
5131363.981506475
5131806.098549196
5132248.253684621
5132690.446916012
5133132.678246662
5133574.947679854
5134017.255218879
5134459.600867002
5134901.984627516
5135344.406503704
5135786.866498861
5136229.364616252
5136671.90085917
5137114.4752309
5137557.087734727
5137999.738373948
5138442.427151828
5138885.154071663
5139327.919136738
5139770.722350342
5140213.56371577
5140656.4432362905
5141099.360915199
5141542.316755785
5141985.3107613465
5142428.3429351505
5142871.413280495
5143314.521800673
5143757.668498979
5144200.853378684
5144644.076443088
5145087.337695481
5145530.637139154
5145973.974777405
5146417.350613507
5146860.764650762
5147304.2168924585
5147747.70734189
5148191.236002359
5148634.8028771365
5149078.407969525
5149522.0512828175
5149965.732820308
5150409.4525852995
5150853.210581065
5151297.006810909
5151740.841278137
5152184.713986021
5152628.624937866
5153072.574136969
5153516.561586624
5153960.587290138
5154404.651250785
5154848.753471873
5155292.893956698
5155737.0727085555
5156181.289730754
5156625.545026571
5157069.838599313
5157514.170452279
5157958.540588766
5158402.949012085
5158847.395725512
5159291.880732357
5159736.404035919
5160180.96563951
5160625.565546406
5161070.203759921
5161514.880283353
5161959.595120014
5162404.348273183
5162849.139746174
5163293.969542287
5163738.837664825
5164183.7441171
5164628.688902394
5165073.672024019
5165518.69348528
5165963.753289478
5166408.85143993
5166853.987939916
5167299.162792752
5167744.376001743
5168189.6275702035
5168634.917501418
5169080.245798701
5169525.61246536
5169971.017504711
5170416.460920039
5170861.9427146595
5171307.462891881
5171753.02145501
5172198.618407365
5172644.253752231
5173089.927492928
5173535.639632763
5173981.3901750455
5174427.179123093
5174873.0064801965
5175318.872249673
5175764.776434833
5176210.719038998
5176656.700065455
5177102.719517527
5177548.777398524
5177994.873711767
5178441.008460547
5178887.1816481855
5179333.393277995
5179779.643353287
5180225.931877386
5180672.258853582
5181118.624285199
5181565.02817555
5182011.470527949
5182457.951345721
5182904.470632158
5183351.028390586
5183797.624624319
5184244.259336683
5184690.932530972
5185137.644210513
5185584.394378619
5186031.18303862
5186478.010193811
5186924.8758475175
5187371.780003057
5187818.722663748
5188265.703832918
5188712.723513863
5189159.781709912
5189606.878424385
5190054.0136605995
5190501.187421884
5190948.399711539
5191395.650532893
5191842.939889266
5192290.267783979
5192737.634220363
5193185.039201717
5193632.482731372
5194079.9648126615
5194527.485448885
5194975.044643374
5195422.642399453
5195870.278720443
5196317.953609677
5196765.667070458
5197213.419106118
5197661.209719984
5198109.038915376
5198556.906695631
5199004.813064053
5199452.7580239745
5199900.741578722
5200348.763731622
5200796.82448601
5201244.92384519
5201693.0618125
5202141.238391264
5202589.453584822
5203037.707396478
5203485.999829572
5203934.330887429
5204382.70057339
5204831.108890761
5205279.555842881
5205728.041433078
5206176.565664682
5206625.128541033
5207073.730065439
5207522.37024124
5207971.049071767
5208419.766560351
5208868.522710332
5209317.317525021
5209766.151007759
5210215.023161879
5210663.933990722
5211112.883497599
5211561.871685854
5212010.89855882
5212459.9641198395
5212909.068372226
5213358.211319323
5213807.392964464
5214256.613310983
5214705.872362227
5215155.170121509
5215604.506592172
5216053.881777555
5216503.295680991
5216952.748305829
5217402.239655382
5217851.769732997
5218301.3385420125
5218750.946085774
5219200.5923676
5219650.277390838
5220100.001158824
5220549.76367491
5220999.564942411
5221449.404964677
5221899.283745048
5222349.201286863
5222799.15759347
5223249.152668191
5223699.186514376
5224149.259135365
5224599.370534498
5225049.520715129
5225499.709680576
5225949.937434192
5226400.203979319
5226850.509319311
5227300.853457487
5227751.236397203
5228201.6581418
5228652.118694634
5229102.618059026
5229553.1562383305
5230003.733235893
5230454.349055056
5230905.003699178
5231355.697171581
5231806.429475621
5232257.200614644
5232708.010591997
5233158.859411035
5233609.747075085
5234060.673587503
5234511.638951637
5234962.643170835
5235413.686248455
5235864.768187824
5236315.888992299
5236767.048665231
5237218.247209979
5237669.48462987
5238120.760928266
5238572.076108514
5239023.430173977
5239474.823127983
5239926.254973893
5240377.72571506
5240829.235354831
5241280.783896573
5241732.371343614
5242183.997699317
5242635.662967033
5243087.367150117
5243539.1102519315
5243990.892275808
5244442.713225112
5244894.573103196
5245346.471913425
5245798.409659132
5246250.386343684
5246702.401970434
5247154.456542748
5247606.550063961
5248058.682537439
5248510.853966539
5248963.064354616
5249415.313705038
5249867.602021141
5250319.929306293
5250772.295563851
5251224.700797172
5251677.145009628
5252129.628204552
5252582.150385316
5253034.71155528
5253487.311717811
5253939.950876248
5254392.629033963
5254845.346194316
5255298.102360676
5255750.897536385
5256203.731724813
5256656.604929321
5257109.517153273
5257562.46840004
5258015.458672962
5258468.487975414
5258921.556310758
5259374.6636823565
5259827.810093584
5260280.995547783
5260734.220048327
5261187.4835985815
5261640.786201921
5262094.12786169
5262547.508581263
5263000.928364007
5263454.387213296
5263907.885132476
5264361.422124924
5264814.998194006
5265268.61334309
5265722.267575552
5266175.960894739
5266629.69330403
5267083.464806792
5267537.275406394
5267991.125106215
5268445.013909602
5268898.941819935
5269352.908840585
5269806.91497493
5270260.96022632
5270715.044598136
5271169.168093748
5271623.330716538
5272077.532469857
5272531.773357084
5272986.053381594
5273440.372546758
5273894.730855958
5274349.128312546
5274803.564919906
5275258.040681411
5275712.555600435
5276167.109680361
5276621.702924542
5277076.335336365
5277531.006919203
5277985.717676432
5278440.467611437
5278895.256727572
5279350.085028224
5279804.952516769
5280259.859196594
5280714.805071055
5281169.790143539
5281624.814417424
5282079.8778960975
5282534.980582916
5282990.12248127
5283445.303594535
5283900.523926092
5284355.78347933
5284811.082257607
5285266.420264314
5285721.79750283
5286177.213976535
5286632.669688821
5287088.164643046
5287543.698842605
5287999.272290875
5288454.884991252
5288910.536947094
5289366.228161796
5289821.958638739
5290277.728381317
5290733.537392892
5291189.385676858
5291645.273236599
5292101.200075498
5292557.166196951
5293013.17160432
5293469.216301003
5293925.300290382
5294381.423575845
5294837.586160786
5295293.788048572
5295750.029242598
5296206.309746253
5296662.629562933
5297118.988696003
5297575.387148864
5298031.8249249
5298488.302027513
5298944.818460069
5299401.374225967
5299857.969328595
5300314.603771345
5300771.277557615
5301227.990690773
5301684.743174222
5302141.535011351
5302598.366205551
5303055.236760223
5303512.146678737
5303969.095964498
5304426.084620894
5304883.1126513295
5305340.180059176
5305797.286847836
5306254.433020704
5306711.618581182
5307168.843532645
5307626.107878495
5308083.411622127
5308540.7547669355
5308998.137316327
5309455.559273673
5309913.020642382
5310370.521425848
5310828.061627468
5311285.641250649
5311743.260298764
5312200.918775223
5312658.6166834235
5313116.354026771
5313574.130808644
5314031.947032451
5314489.802701589
5314947.697819469
5315405.632389466
5315863.606414992
5316321.619899447
5316779.67284623
5317237.76525875
5317695.897140388
5318154.068494556
5318612.279324653
5319070.52963408
5319528.819426252
5319987.1487045465
5320445.517472377
5320903.925733147
5321362.373490259
5321820.860747126
5322279.38750713
5322737.953773686
5323196.559550197
5323655.204840078
5324113.889646713
5324572.613973515
5325031.377823892
5325490.181201259
5325949.024108999
5326407.906550531
5326866.828529259
5327325.790048591
5327784.791111943
5328243.831722703
5328702.911884286
5329162.031600103
5329621.190873559
5330080.389708075
5330539.628107037
5330998.906073866
5331458.2236119695
5331917.580724769
5332376.977415652
5332836.413688039
5333295.889545341
5333755.40499098
5334214.960028344
5334674.554660856
5335134.188891926
5335593.862724967
5336053.576163403
5336513.329210623
5336973.12187005
5337432.9541451
5337892.826039183
5338352.737555725
5338812.688698118
5339272.679469787
5339732.709874146
5340192.77991462
5340652.889594604
5341113.038917524
5341573.227886795
5342033.456505843
5342493.7247780645
5342954.032706885
5343414.380295722
5343874.767547993
5344335.194467125
5344795.661056516
5345256.167319593
5345716.713259775
5346177.29888048
5346637.924185139
5347098.589177148
5347559.293859939
5348020.03823693
5348480.822311553
5348941.646087206
5349402.509567321
5349863.412755319
5350324.355654631
5350785.338268657
5351246.360600832
5351707.422654575
5352168.52443331
5352629.66594047
5353090.847179458
5353552.0681537045
5354013.328866636
5354474.629321677
5354935.96952226
5355397.349471789
5355858.769173699
5356320.228631417
5356781.727848377
5357243.266827984
5357704.845573674
5358166.464088875
5358628.122377022
5359089.820441522
5359551.558285811
5360013.335913319
5360475.153327472
5360937.010531709
5361398.907529437
5361860.844324095
5362322.820919112
5362784.837317918
5363246.893523953
5363708.989540624
5364171.125371373
5364633.30101963
5365095.516488827
5365557.771782403
5366020.06690377
5366482.401856368
5366944.776643632
5367407.191269003
5367869.6457358925
5368332.140047743
5368794.674207988
5369257.248220073
5369719.862087408
5370182.515813438
5370645.209401599
5371107.942855324
5371570.716178059
5372033.529373217
5372496.382444245
5372959.275394578
5373422.208227653
5373885.180946915
5374348.193555783
5374811.246057699
5375274.338456105
5375737.470754447
5376200.642956142
5376663.855064639
5377127.107083375
5377590.399015801
5378053.730865333
5378517.102635423
5378980.514329508
5379443.965951029
5379907.457503438
5380370.988990153
5380834.560414625
5381298.171780296
5381761.823090606
5382225.514349009
5382689.245558924
5383153.016723804
5383616.827847093
5384080.678932244
5384544.569982678
5385008.501001849
5385472.4719932005
5385936.482960189
5386400.533906235
5386864.6248347955
5387328.755749315
5387792.926653238
5388257.137550022
5388721.38844309
5389185.6793359
5389650.010231896
5390114.381134528
5390578.792047252
5391043.242973493
5391507.73391671
5391972.264880352
5392436.835867876
5392901.446882711
5393366.0979283145
5393830.789008136
5394295.520125637
5394760.291284244
5395225.102487418
5395689.953738609
5396154.845041269
5396619.776398859
5397084.747814807
5397549.759292577
5398014.81083562
5398479.9024473885
5398945.034131345
5399410.205890921
5399875.41772958
5400340.669650774
5400805.96165797
5401271.293754598
5401736.665944124
5402202.078230001
5402667.530615697
5403133.0231046425
5403598.555700305
5404064.12840614
5404529.741225604
5404995.394162163
5405461.087219252
5405926.820400339
5406392.593708881
5406858.407148335
5407324.260722171
5407790.154433822
5408256.08828676
5408722.0622844435
5409188.07643033
5409654.13072789
5410120.225180562
5410586.359791815
5411052.534565111
5411518.749503919
5411985.00461168
5412451.299891865
5412917.635347935
5413384.010983363
5413850.426801588
5414316.882806084
5414783.379000314
5415249.9153877385
5415716.491971834
5416183.10875604
5416649.765743833
5417116.462938675
5417583.200344032
5418049.977963378
5418516.795800156
5418983.653857843
5419450.552139903
5419917.490649816
5420384.469391022
5420851.488367
5421318.547581217
5421785.64703715
5422252.786738246
5422719.966687982
5423187.186889825
5423654.447347246
5424121.748063722
5424589.0890427
5425056.47028766
5425523.8918020725
5425991.353589405
5426458.855653142
5426926.397996727
5427393.980623645
5427861.603537366
5428329.266741371
5428796.97023911
5429264.714034067
5429732.498129712
5430200.322529529
5430668.18723697
5431136.092255517
5431604.037588644
5432072.023239824
5432540.049212542
5433008.11551025
5433476.222136435
5433944.369094569
5434412.5563881295
5434880.784020601
5435349.051995438
5435817.360316127
5436285.708986144
5436754.098008976
5437222.527388079
5437690.997126942
5438159.507229039
5438628.057697862
5439096.648536866
5439565.27974954
5440033.951339361
5440502.663309811
5440971.415664379
5441440.20840652
5441909.041539729
5442377.915067483
5442846.828993264
5443315.783320562
5443784.778052838
5444253.813193583
5444722.888746278
5445192.004714408
5445661.161101462
5446130.357910903
5446599.595146225
5447068.872810921
5447538.1909084525
5448007.549442315
5448476.948415991
5448946.387832966
5449415.867696735
5449885.388010761
5450354.948778541
5450824.550003559
5451294.191689302
5451763.8738392675
5452233.596456918
5452703.359545752
5453173.163109258
5453643.007150922
5454112.891674242
5454582.816682684
5455052.782179749
5455522.788168923
5455992.834653707
5456462.921637569
5456933.049124008
5457403.217116513
5457873.425618588
5458343.674633699
5458813.964165348
5459284.294217025
5459754.664792223
5460225.075894443
5460695.527527155
5461166.019693864
5461636.55239806
5462107.125643237
5462577.739432898
5463048.393770516
5463519.088659594
5463989.8241036255
5464460.600106117
5464931.416670541
5465402.273800404
5465873.171499198
5466344.109770433
5466815.088617581
5467286.108044148
5467757.168053633
5468228.26864953
5468699.409835349
5469170.591614563
5469641.813990682
5470113.076967204
5470584.380547627
5471055.72473546
5471527.10953418
5471998.534947296
5472470.000978309
5472941.507630728
5473413.0549080325
5473884.642813733
5474356.271351329
5474827.940524334
5475299.650336227
5475771.400790519
5476243.191890714
5476715.023640311
5477186.896042827
5477658.809101739
5478130.762820562
5478602.757202802
5479074.792251959
5479546.86797155
5480018.984365056
5480491.141435993
5480963.339187866
5481435.577624191
5481907.85674845
5482380.176564161
5482852.53707483
5483324.938283974
5483797.3801950775
5484269.8628116585
5484742.386137224
5485214.950175281
5485687.55492935
5486160.200402915
5486632.886599496
5487105.613522602
5487578.3811757425
5488051.189562437
5488524.038686174
5488996.928550473
5489469.859158846
5489942.830514801
5490415.842621862
5490888.895483517
5491361.989103289
5491835.123484701
5492308.298631242
5492781.514546435
5493254.771233794
5493728.068696831
5494201.406939072
5494674.785964006
5495148.2057751585
5495621.666376045
5496095.167770178
5496568.709961085
5497042.292952257
5497515.916747223
5497989.581349497
5498463.286762594
5498937.032990044
5499410.820035339
5499884.647902008
5500358.516593568
5500832.426113548
5501306.376465443
5501780.367652781
5502254.399679082
5502728.472547877
5503202.58626266
5503676.740826963
5504150.936244305
5504625.172518206
5505099.449652198
5505573.767649778
5506048.126514479
5506522.52624982
5506996.966859326
5507471.448346527
5507945.970714924
5508420.53396805
5508895.138109428
5509369.783142591
5509844.469071042
5510319.195898313
5510793.96362793
5511268.772263427
5511743.621808307
5512218.512266105
5512693.443640348
5513168.415934558
5513643.4291522745
5514118.483297001
5514593.578372274
5515068.714381619
5515543.891328566
5516019.109216651
5516494.368049379
5516969.667830291
5517445.008562913
5517920.390250786
5518395.812897415
5518871.276506341
5519346.781081093
5519822.326625212
5520297.913142205
5520773.540635615
5521249.20910897
5521724.918565803
5522200.669009656
5522676.460444037
5523152.292872489
5523628.166298545
5524104.080725737
5524580.036157609
5525056.032597671
5525532.0700494675
5526008.148516532
5526484.26800241
5526960.428510614
5527436.6300446885
5527912.872608168
5528389.1562046
5528865.480837497
5529341.846510405
5529818.25322686
5530294.700990401
5530771.189804573
5531247.719672891
5531724.290598904
5532200.902586149
5532677.555638165
5533154.2497585
5533630.98495067
5534107.7612182265
5534584.578564706
5535061.43699365
5535538.336508609
5536015.2771131005
5536492.258810676
5536969.281604886
5537446.34549925
5537923.450497321
5538400.596602639
5538877.783818747
5539355.012149198
5539832.281597511
5540309.5921672415
5540786.9438619325
5541264.336685126
5541741.770640377
5542219.2457312085
5542696.761961174
5543174.31933382
5543651.917852689
5544129.5575213395
5544607.238343294
5545084.960322108
5545562.723461329
5546040.527764515
5546518.373235189
5546996.25987691
5547474.187693225
5547952.156687693
5548430.166863839
5548908.218225223
5549386.310775393
5549864.444517898
5550342.619456299
5550820.835594121
5551299.092934928
5551777.3914822675
5552255.731239691
5552734.11221076
5553212.534399004
5553690.997807983
5554169.502441251
5554648.04830237
5555126.63539487
5555605.2637223145
5556083.933288258
5556562.644096262
5557041.396149858
5557520.189452613
5557999.024008079
5558477.899819812
5558956.816891376
5559435.775226304
5559914.774828164
5560393.81570051
5560872.897846898
5561352.021270896
5561831.185976038
5562310.39196589
5562789.639244013
5563268.927813972
5563748.257679304
5564227.628843578
5564707.041310351
5565186.495083195
5565665.990165645
5566145.526561272
5566625.104273636
5567104.723306295
5567584.383662824
5568064.0853467565
5568543.828361667
5569023.612711117
5569503.438398666
5569983.305427888
5570463.213802324
5570943.163525544
5571423.154601114
5571903.187032606
5572383.260823562
5572863.375977556
5573343.532498152
5573823.730388926
5574303.969653419
5574784.250295208
5575264.572317856
5575744.935724932
5576225.340520009
5576705.786706633
5577186.274288381
5577666.803268819
5578147.373651515
5578627.985440046
5579108.638637957
5579589.3332488295
5580070.069276229
5580550.846723725
5581031.665594897
5581512.525893293
5581993.4276224915
5582474.370786064
5582955.355387591
5583436.381430619
5583917.448918733
5584398.5578555
5584879.708244506
5585360.900089297
5585842.133393459
5586323.408160562
5586804.724394179
5587286.082097894
5587767.481275258
5588248.921929854
5588730.404065258
5589211.927685043
5589693.4927927945
5590175.099392064
5590656.747486438
5591138.437079492
5591620.168174813
5592101.940775953
5592583.7548865015
5593065.610510034
5593547.507650137
5594029.446310367
5594511.426494312
5594993.448205549
5595475.511447657
5595957.616224226
5596439.76253881
5596921.950395001
5597404.179796377
5597886.450746519
5598368.763249016
5598851.117307428
5599333.512925345
5599815.950106349
5600298.4288540315
5600780.949171951
5601263.511063701
5601746.114532863
5602228.759583032
5602711.446217766
5603194.1744406605
5603676.944255299
5604159.755665264
5604642.608674152
5605125.503285523
5605608.439502973
5606091.417330087
5606574.436770451
5607057.497827661
5607540.60050528
5608023.744806906
5608506.930736124
5608990.158296533
5609473.427491697
5609956.738325214
5610440.090800672
5610923.4849216705
5611406.920691775
5611890.398114584
5612373.917193688
5612857.477932677
5613341.080335149
5613824.724404671
5614308.410144847
5614792.137559266
5615275.906651517
5615759.717425206
5616243.569883898
5616727.464031197
5617211.3998706965
5617695.377405998
5618179.396640672
5618663.457578323
5619147.560222544
5619631.704576939
5620115.89064508
5620600.118430573
5621084.38793701
5621568.699167987
5622053.052127112
5622537.446817955
5623021.883244123
5623506.361409214
5623990.881316823
5624475.442970558
5624960.046373992
5625444.691530736
5625929.378444385
5626414.107118539
5626898.877556805
5627383.68976276
5627868.543740014
5628353.439492166
5628838.377022826
5629323.356335573
5629808.377434015
5630293.440321756
5630778.545002405
5631263.69147954
5631748.879756777
5632234.109837714
5632719.381725953
5633204.695425109
5633690.050938762
5634175.448270524
5634660.887424
5635146.368402792
5635631.891210516
5636117.455850753
5636603.062327118
5637088.710643216
5637574.4008026635
5638060.132809043
5638545.906665971
5639031.722377053
5639517.579945908
5640003.479376119
5640489.420671303
5640975.403835068
5641461.428871022
5641947.495782783
5642433.604573937
5642919.755248103
5643405.947808891
5643892.182259907
5644378.458604775
5644864.77684708
5645351.136990444
5645837.5390384765
5646323.9829947995
5646810.468863002
5647296.996646705
5647783.566349521
5648270.177975073
5648756.83152695
5649243.527008776
5649730.264424163
5650217.0437767245
5650703.865070085
5651190.728307836
5651677.633493602
5652164.580630998
5652651.569723638
5653138.600775148
5653625.673789121
5654112.788769184
5654599.9457189515
5655087.144642052
5655574.385542079
5656061.668422661
5656548.993287414
5657036.360139968
5657523.768983917
5658011.219822891
5658498.712660507
5658986.247500385
5659473.824346155
5659961.443201413
5660449.10406979
5660936.806954906
5661424.551860382
5661912.338789848
5662400.167746903
5662888.038735179
5663375.951758299
5663863.906819895
5664351.9039235655
5664839.943072945
5665328.024271656
5665816.147523333
5666304.312831577
5666792.520200022
5667280.769632291
5667769.061132011
5668257.394702816
5668745.770348309
5669234.188072125
5669722.647877891
5670211.149769232
5670699.693749786
5671188.279823156
5671676.90799298
5672165.578262886
5672654.290636501
5673143.045117464
5673631.841709379
5674120.680415887
5674609.561240616
5675098.484187207
5675587.449259266
5676076.456460434
5676565.50579434
5677054.597264626
5677543.730874901
5678032.906628805
5678522.124529971
5679011.384582029
5679500.686788622
5679990.03115336
5680479.417679888
5680968.846371836
5681458.317232839
5681947.83026654
5682437.385476551
5682926.982866517
5683416.622440073
5683906.3042008635
5684396.028152501
5684885.794298632
5685375.602642893
5685865.45318893
5686355.345940356
5686845.28090082
5687335.258073958
5687825.277463407
5688315.339072817
5688805.4429058
5689295.588966009
5689785.77725708
5690276.007782652
5690766.280546376
5691256.595551866
5691746.952802776
5692237.352302744
5692727.794055424
5693218.27806443
5693708.804333417
5694199.372866024
5694689.983665906
5695180.636736681
5695671.3320820015
5696162.069705511
5696652.849610853
5697143.67180168
5697634.536281614
5698125.443054308
5698616.392123408
5699107.383492557
5699598.417165413
5700089.493145595
5700580.611436762
5701071.7720425585
5701562.974966642
5702054.220212636
5702545.507784197
5703036.837684973
5703528.209918623
5704019.624488771
5704511.081399075
5705002.580653185
5705494.122254748
5705985.706207424
5706477.332514839
5706969.001180655
5707460.712208522
5707952.465602087
5708444.261365014
5708936.09950093
5709427.980013497
5709919.902906367
5710411.868183201
5710903.875847631
5711395.9259033175
5711888.018353915
5712380.153203087
5712872.330454464
5713364.550111709
5713856.812178479
5714349.116658424
5714841.463555213
5715333.852872477
5715826.284613881
5716318.758783082
5716811.275383734
5717303.834419506
5717796.435894029
5718289.079810973
5718781.766173994
5719274.49498675
5719767.26625291
5720260.079976106
5720752.936160011
5721245.834808282
5721738.7759245895
5722231.759512569
5722724.785575891
5723217.854118217
5723710.965143217
5724204.118654528
5724697.314655823
5725190.553150763
5725683.834143008
5726177.157636233
5726670.523634075
5727163.932140209
5727657.383158296
5728150.876692001
5728644.412744997
5729137.991320926
5729631.612423461
5730125.276056267
5730618.982223021
5731112.730927364
5731606.522172972
5732100.35596351
5732594.232302657
5733088.151194055
5733582.11264138
5734076.1166483015
5734570.163218485
5735064.25235561
5735558.38406332
5736052.5583452955
5736546.775205203
5737041.034646713
5737535.336673505
5738029.681289224
5738524.068497553
5739018.49830216
5739512.970706727
5740007.485714903
5740502.043330368
5740996.643556794
5741491.286397864
5741985.971857227
5742480.6999385655
5742975.4706455525
5743470.28398186
5743965.139951173
5744460.038557142
5744954.979803451
5745449.963693775
5745944.990231788
5746440.059421175
5746935.171265589
5747430.325768716
5747925.522934231
5748420.762765823
5748916.045267144
5749411.370441882
5749906.738293713
5750402.148826327
5750897.602043377
5751393.097948553
5751888.636545532
5752384.217837995
5752879.841829629
5753375.508524091
5753871.217925073
5754366.970036252
5754862.764861311
5755358.60240394
5755854.482667795
5756350.4056565715
5756846.371373949
5757342.379823608
5757838.431009245
5758334.524934516
5758830.661603116
5759326.84101874
5759823.063185047
5760319.328105732
5760815.635784479
5761311.986224973
5761808.379430908
5762304.815405946
5762801.294153784
5763297.8156781085
5763794.379982603
5764290.987070966
5764787.636946861
5765284.329613985
5765781.065076025
5766277.84333667
5766774.664399616
5767271.528268531
5767768.434947113
5768265.38443905
5768762.376748044
5769259.41187776
5769756.489831898
5770253.610614149
5770750.774228215
5771247.980677762
5771745.229966493
5772242.522098099
5772739.857076271
5773237.234904713
5773734.655587093
5774232.119127114
5774729.625528472
5775227.1747948555
5775724.766929973
5776222.401937492
5776720.07982112
5777217.800584551
5777715.56423149
5778213.370765609
5778711.220190615
5779209.112510204
5779707.047728083
5780205.025847925
5780703.046873437
5781201.110808317
5781699.217656261
5782197.367420979
5782695.560106145
5783193.795715469
5783692.074252648
5784190.395721382
5784688.760125383
5785187.167468323
5785685.617753916
5786184.110985863
5786682.647167874
5787181.226303625
5787679.848396831
5788178.5134511925
5788677.221470423
5789175.9724582
5789674.766418238
5790173.60335424
5790672.483269907
5791171.406168955
5791670.372055065
5792169.380931951
5792668.432803318
5793167.527672869
5793666.665544323
5794165.846421358
5794665.070307694
5795164.337207036
5795663.647123101
5796163.000059573
5796662.396020168
5797161.835008597
5797661.317028575
5798160.842083788
5798660.410177955
5799160.021314785
5799659.675497986
5800159.372731279
5800659.11301835
5801158.896362918
5801658.722768696
5802158.592239392
5802658.504778729
5803158.460390394
5803658.45907811
5804158.500845588
5804658.585696541
5805158.713634691
5805658.884663729
5806159.098787378
5806659.356009362
5807159.656333373
5807659.999763135
5808160.386302362
5808660.815954769
5809161.2887240825
5809661.804613993
5810162.363628227
5810662.965770502
5811163.611044533
5811664.299454047
5812165.0310027385
5812665.805694335
5813166.623532555
5813667.484521115
5814168.388663745
5814669.335964139
5815170.326426027
5815671.3600531295
5816172.436849177
5816673.556817863
5817174.719962922
5817675.926288072
5818177.175797046
5818678.468493541
5819179.80438129
5819681.183464014
5820182.605745436
5820684.071229287
5821185.579919268
5821687.131819114
5822188.726932546
5822690.365263288
5823192.046815075
5823693.771591608
5824195.539596624
5824697.350833844
5825199.205307009
5825701.103019818
5826203.043976009
5826705.0281793075
5827207.055633452
5827709.126342145
5828211.240309126
5828713.39753812
5829215.598032856
5829717.841797074
5830220.128834478
5830722.459148807
5831224.832743792
5831727.24962316
5832229.709790654
5832732.213249978
5833234.760004875
5833737.350059076
5834239.983416323
5834742.660080321
5835245.380054817
5835748.14334354
5836250.949950235
5836753.79987861
5837256.69313241
5837759.629715367
5838262.609631215
5838765.6328837
5839268.69947653
5839771.809413453
5840274.962698202
5840778.159334513
5841281.399326134
5841784.6826767735
5842288.009390183
5842791.379470095
5843294.792920261
5843798.249744392
5844301.749946238
5844805.293529536
5845308.880498035
5845812.51085545
5846316.184605531
5846819.901752018
5847323.662298648
5847827.4662491735
5848331.31360731
5848835.204376809
5849339.138561412
5849843.1161648575
5850347.137190901
5850851.201643258
5851355.309525683
5851859.460841917
5852363.655595704
5852867.893790796
5853372.175430914
5853876.500519813
5854380.869061247
5854885.281058938
5855389.7365166405
5855894.2354381
5856398.777827061
5856903.36368728
5857407.993022479
5857912.665836416
5858417.382132838
5858922.141915489
5859426.94518813
5859931.791954483
5860436.682218308
5860941.615983351
5861446.593253363
5861951.614032102
5862456.678323294
5862961.786130699
5863466.937458067
5863972.13230916
5864477.370687704
5864982.65259746
5865487.97804218
5865993.347025626
5866498.759551526
5867004.215623643
5867509.71524573
5868015.258421538
5868520.845154832
5869026.475449341
5869532.149308831
5870037.866737055
5870543.627737765
5871049.43231473
5871555.28047168
5872061.17221238
5872567.107540587
5873073.086460068
5873579.108974555
5874085.175087815
5874591.284803606
5875097.438125695
5875603.635057817
5876109.87560374
5876616.1597672235
5877122.4875520235
5877628.858961912
5878135.274000622
5878641.732671927
5879148.234979584
5879654.780927354
5880161.3705190085
5880668.003758284
5881174.680648954
5881681.401194778
5882188.16539953
5882694.973266948
5883201.824800805
5883708.720004865
5884215.658882901
5884722.641438653
5885229.667675895
5885736.737598391
5886243.851209906
5886751.008514215
5887258.209515059
5887765.454216216
5888272.742621449
5888780.074734525
5889287.450559221
5889794.870099281
5890302.3333584815
5890809.840340589
5891317.391049385
5891824.985488611
5892332.623662048
5892840.305573463
5893348.031226638
5893855.800625317
5894363.61377328
5894871.470674297
5895379.371332139
5895887.315750587
5896395.303933388
5896903.335884323
5897411.411607165
5897919.531105685
5898427.694383667
5898935.901444857
5899444.152293042
5899952.446931993
5900460.785365484
5900969.167597299
5901477.593631189
5901986.063470939
5902494.577120337
5903003.134583131
5903511.73586311
5904020.380964049
5904529.069889722
5905037.802643919
5905546.579230392
5906055.399652928
5906564.263915306
5907073.1720213005
5907582.123974704
5908091.119779268
5908600.159438785
5909109.242957031
5909618.370337787
5910127.541584843
5910636.756701956
5911146.015692915
5911655.318561502
5912164.66531151
5912674.055946695
5913183.49047085
5913692.968887757
5914202.491201209
5914712.057414966
5915221.667532819
5915731.321558555
5916241.019495953
5916750.761348812
5917260.547120889
5917770.376815981
5918280.250437873
5918790.16799035
5919300.129477208
5919810.134902208
5920320.184269149
5920830.277581816
5921340.414844008
5921850.596059487
5922360.821232053
5922871.090365493
5923381.403463607
5923891.760530157
5924402.161568945
5924912.60658376
5925423.09557839
5925933.628556637
5926444.205522266
5926954.826479079
5927465.4914308665
5927976.20038142
5928486.953334541
5928997.750293996
5929508.591263591
5930019.476247117
5930530.4052483775
5931041.378271142
5931552.395319214
5932063.456396388
5932574.561506469
5933085.710653227
5933596.903840468
5934108.141071987
5934619.422351579
5935130.74768305
5935642.117070173
5936153.530516755
5936664.988026591
5937176.489603479
5937688.035251229
5938199.624973611
5938711.258774437
5939222.936657503
5939734.658626621
5940246.424685564
5940758.234838142
5941270.089088157
5941781.987439418
5942293.929895701
5942805.91646082
5943317.947138572
5943830.021932761
5944342.140847199
5944854.303885662
5945366.511051965
5945878.76234991
5946391.0577833
5946903.397355949
5947415.781071635
5947928.208934175
5948440.680947372
5948953.197115029
5949465.757440965
5949978.3619289575
5950491.010582826
5951003.703406375
5951516.440403421
5952029.221577748
5952542.046933172
5953054.916473502
5953567.830202556
5954080.788124117
5954593.790242004
5955106.836560027
5955619.927081992
5956133.061811721
5956646.240752998
5957159.463909646
5957672.7312854715
5958186.042884287
5958699.398709915
5959212.798766141
5959726.243056787
5960239.731585666
5960753.2643566
5961266.8413733775
5961780.462639824
5962294.12815975
5962807.837936982
5963321.591975308
5963835.390278554
5964349.232850534
5964863.119695061
5965377.050815964
5965891.026217032
5966405.045902092
5966919.109874961
5967433.218139453
5967947.370699397
5968461.567558587
5968975.8087208485
5969490.0941900015
5970004.423969874
5970518.79806426
5971033.216476991
5971547.679211883
5972062.186272769
5972576.737663442
5973091.333387736
5973605.97344947
5974120.657852462
5974635.386600547
5975150.15969752
5975664.977147215
5976179.838953453
5976694.745120057
5977209.69565086
5977724.69054966
5978239.7298202915
5978754.813466579
5979269.941492357
5979785.113901426
5980300.330697621
5980815.591884767
5981330.8974667005
5981846.2474472225
5982361.6418301705
5982877.080619371
5983392.5638186475
5983908.091431841
5984423.663462753
5984939.279915224
5985454.940793079
5985970.646100147
5986486.395840269
5987002.190017246
5987518.028634922
5988033.911697124
5988549.839207696
5989065.81117044
5989581.827589201
5990097.888467807
5990613.993810103
5991130.143619894
5991646.337901024
5992162.576657325
5992678.859892629
5993195.18761078
5993711.559815586
5994227.976510893
5994744.437700533
5995260.943388341
5995777.493578163
5996294.088273808
5996810.7274791235
5997327.411197945
5997844.139434106
5998360.912191455
5998877.729473805
5999394.591285002
5999911.497628885
6000428.448509303
6000945.443930066
6001462.483895027
6001979.568408022
6002496.697472902
6003013.871093482
6003531.089273611
6004048.352017131
6004565.65932788
6005083.01120971
6005600.407666436
6006117.848701913
6006635.33431998
6007152.86452448
6007670.439319265
6008188.058708154
6008705.722695
6009223.431283645
6009741.184477948
6010258.982281723
6010776.824698828
6011294.711733107
6011812.643388417
6012330.619668576
6012848.640577443
6013366.706118862
6013884.816296679
6014402.971114753
6014921.170576904
6015439.414686992
6015957.703448863
6016476.036866365
6016994.414943357
6017512.837683664
6018031.305091144
6018549.817169647
6019068.3739230335
6019586.975355129
6020105.621469795
6020624.312270881
6021143.047762249
6021661.827947726
6022180.6528311735
6022699.5224164445
6023218.43670739
6023737.395707873
6024256.399421723
6024775.447852802
6025294.541004967
6025813.678882067
6026332.86148797
6026852.088826505
6027371.360901537
6027890.677716923
6028410.039276529
6028929.4455841845
6029448.896643758
6029968.392459106
6030487.933034096
6031007.518372561
6031527.148478368
6032046.823355377
6032566.543007443
6033086.307438437
6033606.116652193
6034125.970652581
6034645.869443461
6035165.81302869
6035685.801412143
6036205.834597652
6036725.912589091
6037246.03539032
6037766.203005213
6038286.415437605
6038806.672691372
6039326.974770374
6039847.321678485
6040367.713419544
6040888.149997425
6041408.631415994
6041929.157679111
6042449.728790654
6042970.344754461
6043491.005574411
6044011.711254367
6044532.461798195
6045053.257209772
6045574.09749294
6046094.982651577
6046615.91268955
6047136.887610725
6047657.907418981
6048178.972118163
6048700.081712149
6049221.236204808
6049742.43560002
6050263.679901631
6050784.96911352
6051306.303239558
6051827.682283627
6052349.106249573
6052870.575141276
6053392.088962611
6053913.647717446
6054435.251409666
6054956.900043118
6055478.593621685
6056000.332149242
6056522.115629661
6057043.944066826
6057565.817464587
6058087.735826831
6058609.699157431
6059131.707460273
6059653.760739208
6060175.8589981245
6060698.002240896
6061220.190471413
6061742.423693524
6062264.70191112
6062787.025128077
6063309.393348272
6063831.806575595
6064354.2648139
6064876.768067077
6065399.316339003
6065921.909633558
6066444.547954635
6066967.231306086
6067489.959691805
6068012.73311567
6068535.551581577
6069058.41509338
6069581.323654973
6070104.277270237
6070627.275943068
6071150.31967732
6071673.408476891
6072196.542345663
6072719.721287519
6073242.945306353
6073766.214406027
6074289.528590437
6074812.887863466
6075336.292229
6075859.741690936
6076383.236253134
6076906.775919494
6077430.360693901
6077953.990580254
6078477.665582416
6079001.385704285
6079525.15094975
6080048.96132271
6080572.816827029
6081096.717466608
6081620.663245335
6082144.6541671
6082668.690235805
6083192.771455315
6083716.897829532
6084241.069362346
6084765.28605765
6085289.547919346
6085813.854951301
6086338.207157419
6086862.604541593
6087387.047107727
6087911.53485969
6088436.067801387
6088960.645936711
6089485.26926957
6090009.937803831
6090534.651543403
6091059.41049218
6091584.214654057
6092109.064032943
6092633.958632708
6093158.898457261
6093683.883510498
6094208.913796317
6094733.989318627
6095259.110081301
6095784.276088249
6096309.487343369
6096834.743850561
6097360.045613734
6097885.392636765
6098410.784923564
6098936.222478031
6099461.70530408
6099987.233405585
6100512.806786462
6101038.42545061
6101564.089401943
6102089.798644339
6102615.5531817125
6103141.353017966
6103667.198157002
6104193.0886027375
6104719.02435905
6105245.0054298565
6105771.03181906
6106297.103530567
6106823.220568295
6107349.382936122
6107875.590637969
6108401.84367774
6108928.142059353
6109454.485786692
6109980.874863676
6110507.309294211
6111033.789082218
6111560.31423158
6112086.884746218
6112613.500630041
6113140.161886957
6113666.868520888
6114193.620535718
6114720.417935371
6115247.260723758
6115774.148904787
6116301.082482384
6116828.0614604335
6117355.08584286
6117882.155633577
6118409.270836508
6118936.431455541
6119463.637494602
6119990.888957605
6120518.185848474
6121045.5281711
6121572.915929408
6122100.349127315
6122627.827768735
6123155.351857595
6123682.921397787
6124210.536393239
6124738.196847868
6125265.902765591
6125793.654150336
6126321.451005996
6126849.293336502
6127377.181145772
6127905.1144377375
6128433.093216291
6128961.117485363
6129489.187248876
6130017.302510761
6130545.463274912
6131073.669545264
6131601.921325736
6132130.21862025
6132658.56143274
6133186.949767102
6133715.383627271
6134243.863017171
6134772.387940723
6135300.958401863
6135829.574404491
6136358.235952541
6136886.943049938
6137415.695700608
6137944.493908487
6138473.337677475
6139002.22701151
6139531.161914532
6140060.14239044
6140589.168443175
6141118.240076662
6141647.35729483
6142176.520101617
6142705.728500929
6143234.982496703
6143764.28209287
6144293.6272933595
6144823.018102111
6145352.454523031
6145881.93656006
6146411.46421713
6146941.037498171
6147470.656407127
6148000.320947904
6148530.031124446
6149059.786940684
6149589.588400564
6150119.435507993
6150649.328266918
6151179.26668127
6151709.250754997
6152239.280492007
6152769.355896247
6153299.476971651
6153829.643722157
6154359.856151709
6154890.11426422
6155420.418063638
6155950.7675538985
6156481.16273894
6157011.60362271
6157542.090209123
6158072.622502128
6158603.200505663
6159133.8242236795
6159664.4936600905
6160195.208818847
6160725.969703891
6161256.776319172
6161787.628668607
6162318.526756149
6162849.470585736
6163380.4601613125
6163911.495486831
6164442.576566208
6164973.703403399
6165504.876002346
6166036.094366992
6166567.358501292
6167098.668409165
6167630.024094568
6168161.425561443
6168692.87281375
6169224.365855407
6169755.904690372
6170287.489322591
6170819.119756022
6171350.795994585
6171882.518042241
6172414.285902937
6172946.099580619
6173477.959079248
6174009.864402745
6174541.815555073
6175073.81254018
6175605.855362015
6176137.94402454
6176670.078531678
6177202.2588873925
6177734.485095634
6178266.7571603665
6178799.075085514
6179331.438875042
6179863.848532901
6180396.304063057
6180928.805469436
6181461.352756003
6181993.945926712
6182526.584985515
6183059.269936381
6183592.000783236
6184124.777530048
6184657.600180772
6185190.468739363
6185723.383209789
6186256.343595981
6186789.349901905
6187322.402131522
6187855.500288785
6188388.644377666
6188921.8344020955
6189455.070366045
6189988.352273485
6190521.680128349
6191055.053934608
6191588.473696221
6192121.939417148
6192655.451101361
6193189.008752796
6193722.612375424
6194256.261973209
6194789.957550109
6195323.6991101
6195857.486657118
6196391.320195139
6196925.199728125
6197459.125260037
6197993.096794854
6198527.114336512
6199061.1778889885
6199595.287456248
6200129.443042267
6200663.6446509855
6201197.892286382
6201732.185952421
6202266.525653083
6202800.911392307
6203335.343174074
6203869.821002349
6204404.3448811015
6204938.914814311
6205473.53080592
6206008.1928599095
6206542.900980248
6207077.655170906
6207612.455435864
6208147.301779067
6208682.194204498
6209217.132716127
6209752.117317937
6210287.148013875
6210822.224807925
6211357.347704058
6211892.516706258
6212427.731818475
6212962.993044691
6213498.300388882
6214033.653855021
6214569.053447093
6215104.499169048
6215639.991024873
6216175.529018544
6216711.113154034
6217246.743435333
6217782.4198663905
6218318.142451196
6218853.911193727
6219389.72609797
6219925.5871678805
6220461.494407447
6220997.447820649
6221533.447411475
6222069.493183879
6222605.585141854
6223141.723289379
6223677.907630432
6224214.138169008
6224750.414909061
6225286.737854584
6225823.107009559
6226359.522377966
6226895.983963801
6227432.491771019
6227969.045803617
6228505.646065577
6229042.292560894
6229578.985293526
6230115.724267472
6230652.5094867125
6231189.340955248
6231726.2186770355
6232263.142656074
6232800.112896348
6233337.129401846
6233874.192176564
6234411.301224465
6234948.456549547
6235485.658155798
6236022.906047205
6236560.20022777
6237097.540701455
6237634.927472262
6238172.360544179
6238709.839921195
6239247.365607314
6239784.937606499
6240322.555922753
6240860.22056008
6241397.931522447
6241935.688813856
6242473.492438299
6243011.342399768
6243549.238702268
6244087.181349768
6244625.170346272
6245163.205695774
6245701.287402268
6246239.41546976
6246777.589902219
6247315.810703655
6247854.07787806
6248392.391429431
6248930.751361775
6249469.157679066
6250007.61038531
6250546.109484505
6251084.654980661
6251623.246877751
6252161.885179784
6252700.569890759
6253239.301014688
6253778.078555543
6254316.902517336
6254855.772904068
6255394.689719739
6255933.652968361
6256472.662653909
6257011.718780398
6257550.821351828
6258089.970372202
6258629.165845534
6259168.407775801
6259707.696167017
6260247.031023188
6260786.412348328
6261325.840146416
6261865.314421468
6262404.8351774905
6262944.4024185
6263484.016148475
6264023.676371435
6264563.383091385
6265103.136312331
6265642.936038294
6266182.782273253
6266722.67502123
6267262.614286232
6267802.600072266
6268342.632383354
6268882.711223478
6269422.836596661
6269963.008506912
6270503.226958252
6271043.491954667
6271583.803500179
6272124.1615988
6272664.566254552
6273205.017471423
6273745.515253436
6274286.059604603
6274826.650528937
6275367.288030462
6275907.972113168
6276448.702781079
6276989.480038211
6277530.303888575
6278071.1743362015
6278612.091385078
6279153.055039233
6279694.06530268
6280235.122179451
6280776.225673535
6281317.375788961
6281858.572529745
6282399.81589992
6282941.105903476
6283482.442544443
6284023.8258268405
6284565.255754686
6285106.732332014
6285648.255562814
6286189.825451122
6286731.442000956
6287273.105216338
6287814.8151013
6288356.571659838
6288898.374895986
6289440.224813767
6289982.1214172
6290524.064710324
6291066.054697134
6291608.091381665
6292150.174767956
6292692.304860003
6293234.481661844
6293776.705177504
6294318.975411005
6294861.292366389
6295403.656047653
6295946.066458837
6296488.523603967
6297031.027487069
6297573.578112184
6298116.175483313
6298658.8196044965
6299201.510479761
6299744.248113138
6300287.032508666
6300829.86367035
6301372.741602231
6301915.66630834
6302458.6377927195
6303001.656059373
6303544.721112346
6304087.832955669
6304630.991593385
6305174.197029502
6305717.4492680635
6306260.748313103
6306804.094168653
6307347.486838759
6307890.92632743
6308434.412638711
6308977.945776638
6309521.525745245
6310065.152548579
6310608.8261906495
6311152.546675506
6311696.3140071845
6312240.128189734
6312783.989227165
6313327.897123527
6313871.851882858
6314415.853509209
6314959.902006592
6315503.997379057
6316048.139630645
6316592.328765392
6317136.564787354
6317680.847700543
6318225.177509012
6318769.554216801
6319313.977827952
6319858.448346519
6320402.965776517
6320947.530122002
6321492.141387015
6322036.799575611
6322581.5046918085
6323126.256739664
6323671.055723219
6324215.901646532
6324760.794513621
6325305.734328545
6325850.721095347
6326395.754818073
6326940.835500781
6327485.963147493
6328031.137762267
6328576.359349149
6329121.627912189
6329666.943455445
6330212.305982939
6330757.715498732
6331303.172006873
6331848.675511425
6332394.22601641
6332939.823525891
6333485.468043916
6334031.159574551
6334576.898121819
6335122.683689784
6335668.516282498
6336214.395904012
6336760.322558392
6337306.2962496625
6337852.316981891
6338398.38475913
6338944.499585432
6339490.661464864
6340036.870401456
6340583.126399273
6341129.429462371
6341675.779594805
6342222.176800643
6342768.621083915
6343315.112448691
6343861.650899027
6344408.2364389915
6344954.869072618
6345501.548803976
6346048.275637124
6346595.049576132
6347141.870625033
6347688.738787901
6348235.654068792
6348782.616471768
6349329.626000902
6349876.682660227
6350423.786453818
6350970.937385735
6351518.135460041
6352065.38068081
6352612.673052076
6353160.012577918
6353707.399262398
6354254.833109589
6354802.314123533
6355349.842308303
6355897.417667967
6356445.0402066
6356992.709928241
6357540.426836969
6358088.190936849
6358636.002231949
6359183.860726345
6359731.76642408
6360279.719329234
6360827.719445874
6361375.766778067
6361923.8613298945
6362472.003105399
6363020.192108663
6363568.428343754
6364116.7118147565
6364665.042525713
6365213.420480708
6365761.845683809
6366310.318139103
6366858.837850634
6367407.404822487
6367956.019058733
6368504.680563446
6369053.38934071
6369602.145394573
6370150.94872912
6370699.799348427
6371248.697256565
6371797.642457625
6372346.634955652
6372895.674754737
6373444.761858954
6373993.896272392
6374543.077999102
6375092.307043172
6375641.58340868
6376190.907099715
6376740.2781203315
6377289.696474616
6377839.16216665
6378388.675200512
6378938.2355802925
6379487.843310046
6380037.498393863
6380587.200835827
6381136.950640015
6381686.747810523
6382236.592351406
6382786.484266756
6383336.423560658
6383886.410237205
6384436.444300454
6384986.525754501
6385536.654603429
6386086.830851335
6386637.054502276
6387187.32556035
6387737.644029641
6388288.009914234
6388838.423218229
6389388.883945683
6389939.392100696
6390489.947687355
6391040.550709747
6391591.20117197
6392141.899078087
6392692.644432199
6393243.437238393
6393794.277500758
6394345.165223396
6394896.10041037
6395447.083065783
6395998.113193723
6396549.190798297
6397100.315883565
6397651.488453634
6398202.708512594
6398753.97606455
6399305.2911135685
6399856.6536637535
6400408.063719199
6400959.521283997
6401511.026362255
6402062.57895804
6402614.17907546
6403165.826718608
6403717.52189158
6404269.264598483
6404821.054843388
6405372.892630403
6405924.777963623
6406476.710847161
6407028.691285084
6407580.719281505
6408132.79484052
6408684.917966242
6409237.088662741
6409789.306934129
6410341.572784508
6410893.886217973
6411446.24723864
6411998.655850581
6412551.112057911
6413103.61586473
6413656.16727514
6414208.766293255
6414761.41292315
6415314.107168941
6415866.849034731
6416419.638524636
6416972.475642731
6417525.360393136
6418078.292779953
6418631.2728073
6419184.300479256
6419737.375799937
6420290.49877345
6420843.669403901
6421396.887695409
6421950.153652055
6422503.467277957
6423056.828577223
6423610.237553962
6424163.694212292
6424717.198556298
6425270.7505901
6425824.350317808
6426377.997743543
6426931.692871389
6427485.43570547
6428039.226249895
6428593.064508789
6429146.950486236
6429700.884186362
6430254.865613276
6430808.8947710935
6431362.971663937
6431917.096295895
6432471.2686710935
6433025.488793645
6433579.756667665
6434134.07229728
6434688.435686578
6435242.846839688
6435797.305760725
6436351.812453818
6436906.366923056
6437460.969172568
6438015.619206473
6438570.3170289
6439125.06264394
6439679.856055723
6440234.697268369
6440789.586285995
6441344.523112735
6441899.507752679
6442454.540209963
6443009.620488704
6443564.748593025
6444119.924527057
6444675.148294897
6445230.419900678
6445785.739348522
6446341.106642552
6446896.521786903
6447451.98478567
6448007.495642993
6448563.054362991
6449118.660949804
6449674.315407529
6450230.017740304
6450785.767952252
6451341.566047515
6451897.412030189
6452453.305904415
6453009.247674319
6453565.2373440275
6454121.27491768
6454677.360399378
6455233.493793263
6455789.675103463
6456345.9043341065
6456902.181489334
6457458.5065732505
6458014.879589997
6458571.300543705
6459127.769438516
6459684.286278536
6460240.851067908
6460797.463810763
6461354.1245112475
6461910.833173466
6462467.589801563
6463024.394399674
6463581.246971929
6464138.147522477
6464695.096055425
6465252.09257492
6465809.137085095
6466366.229590087
6466923.370094044
6467480.558601075
6468037.795115328
6468595.079640941
6469152.412182063
6469709.792742805
6470267.221327317
6470824.697939737
6471382.222584217
6471939.795264867
6472497.415985841
6473055.084751278
6473612.8015653165
6474170.56643211
6474728.379355772
6475286.240340457
6475844.149390305
6476402.106509458
6476960.1117020715
6477518.16497226
6478076.266324178
6478634.41576197
6479192.613289792
6479750.858911761
6480309.152632033
6480867.4944547545
6481425.88438408
6481984.3224241305
6482542.808579063
6483101.342853024
6483659.925250158
6484218.555774626
6484777.234430548
6485335.961222083
6485894.73615338
6486453.559228585
6487012.430451862
6487571.34982733
6488130.317359151
6488689.333051478
6489248.396908469
6489807.50893425
6490366.669132984
6490925.877508821
6491485.134065926
6492044.438808424
6492603.791740479
6493163.192866243
6493722.642189869
6494282.1397155225
6494841.685447331
6495401.279389459
6495960.921546062
6496520.611921295
6497080.350519323
6497640.1373442765
6498199.9724003235
6498759.85569162
6499319.787222321
6499879.766996597
6500439.795018577
6500999.871292432
6501559.99582232
6502120.16861241
6502680.389666836
6503240.658989768
6503800.976585365
6504361.3424578
6504921.756611206
6505482.2190497555
6506042.729777609
6506603.288798928
6507163.896117886
6507724.551738617
6508285.255665297
6508846.007902088
6509406.808453151
6509967.657322664
6510528.554514762
6511089.500033623
6511650.49388341
6512211.536068301
6512772.626592433
6513333.7654599855
6513894.952675122
6514456.188242024
6515017.472164828
6515578.804447715
6516140.185094853
6516701.6141104065
6517263.091498558
6517824.617263448
6518386.191409259
6518947.813940157
6519509.484860313
6520071.2041739095
6520632.971885089
6521194.787998034
6521756.6525169145
6522318.565445917
6522880.526789183
6523442.536550899
6524004.594735236
6524566.701346379
6525128.856388475
6525691.059865708
6526253.311782255
6526815.612142285
6527377.960949988
6527940.358209511
6528502.803925042
6529065.2981007565
6529627.840740828
6530190.431849446
6530753.071430762
6531315.7594889635
6531878.496028228
6532441.281052746
6533004.114566668
6533566.996574186
6534129.927079476
6534692.906086733
6535255.933600107
6535819.009623792
6536382.134161967
6536945.3072188115
6537508.52879852
6538071.798905245
6538635.117543183
6539198.484716515
6539761.900429422
6540325.3646861
6540888.877490704
6541452.438847431
6542016.048760465
6542579.707233989
6543143.414272198
6543707.169879254
6544270.974059352
6544834.82681669
6545398.728155429
6545962.678079766
6546526.676593889
6547090.723701983
6547654.819408249
6548218.963716847
6548783.156631978
6549347.39815783
6549911.688298591
6550476.0270584645
6551040.414441611
6551604.850452234
6552169.335094523
6552733.8683726685
6553298.450290874
6553863.080853303
6554427.76006416
6554992.487927639
6555557.264447942
6556122.089629238
6556686.963475728
6557251.885991611
6557816.857181088
6558381.87704833
6558946.945597542
6559512.062832921
6560077.228758659
6560642.443378967
6561207.706698012
6561773.018720004
6562338.379449138
6562903.788889612
6563469.247045636
6564034.753921381
6564600.309521058
6565165.913848864
6565731.566909011
6566297.268705672
6566863.019243059
6567428.818525371
6567994.666556821
6568560.563341584
6569126.508883873
6569692.503187889
6570258.546257833
6570824.63809792
6571390.778712327
6571956.968105267
6572523.206280945
6573089.493243562
6573655.828997337
6574222.213546446
6574788.646895107
6575355.129047523
6575921.6600079145
6576488.23978046
6577054.868369375
6577621.545778871
6578188.272013163
6578755.047076433
6579321.870972902
6579888.743706776
6580455.665282264
6581022.635703587
6581589.654974927
6582156.723100507
6582723.840084534
6583291.00593122
6583858.220644787
6584425.484229419
6584992.796689341
6585560.158028763
6586127.56825191
6586695.027362967
6587262.53536616
6587830.092265701
6588397.698065816
6588965.352770693
6589533.056384557
6590100.808911623
6590668.610356106
6591236.460722234
6591804.360014194
6592372.308236215
6592940.305392514
6593508.351487306
6594076.446524822
6594644.590509252
6595212.783444826
6595781.025335761
6596349.316186276
6596917.656000603
6597486.044782933
6598054.4825375
6598622.969268534
6599191.504980232
6599760.0896768235
6600328.7233625315
6600897.406041576
6601466.137718192
6602034.918396574
6602603.748080959
6603172.6267755665
6603741.554484621
6604310.531212359
6604879.556962975
6605448.63174071
6606017.755549786
6606586.928394427
6607156.150278872
6607725.421207319
6608294.741184008
6608864.110213164
6609433.528299028
6610002.995445798
6610572.511657717
6611142.07693901
6611711.6912939185
6612281.354726646
6612851.067241432
6613420.828842507
6613990.639534099
6614560.499320452
6615130.408205769
6615700.366194294
6616270.373290257
6616840.429497889
6617410.534821436
6617980.689265101
6618550.892833132
6619121.14552976
6619691.447359232
6620261.798325755
6620832.198433573
6621402.647686925
6621973.146090054
6622543.69364717
6623114.290362523
6623684.936240345
6624255.631284875
6624826.3755003605
6625397.168891013
6625968.011461081
6626538.903214803
6627109.844156416
6627680.834290173
6628251.873620283
6628822.962151
6629394.099886563
6629965.286831223
6630536.522989196
6631107.808364733
6631679.142962077
6632250.52678548
6632821.959839158
6633393.442127365
6633964.973654344
6634536.554424336
6635108.1844416
6635679.863710349
6636251.5922348425
6636823.370019323
6637395.197068035
6637967.073385237
6638538.998975146
6639110.973842021
6639682.997990109
6640255.071423668
6640827.194146918
6641399.36616412
6641971.587479521
6642543.85809738
6643116.17802192
6643688.547257402
6644260.965808075
6644833.433678188
6645405.950872003
6645978.517393745
6646551.133247674
6647123.798438043
6647696.512969103
6648269.276845116
6648842.09007031
6649414.952648948
6649987.864585284
6650560.825883569
6651133.83654807
6651706.896583015
6652280.005992669
6652853.1647813
6653426.372953136
6653999.630512447
6654572.937463485
6655146.293810507
6655719.699557784
6656293.154709543
6656866.659270055
6657440.213243577
6658013.816634366
6658587.469446695
6659161.171684793
6659734.9233529335
6660308.724455375
6660882.574996376
6661456.474980211
6662030.4244111115
6662604.423293352
6663178.4716311935
6663752.5694289105
6664326.716690737
6664900.913420949
6665475.159623807
6666049.45530359
6666623.800464531
6667198.195110909
6667772.639246986
6668347.132877028
6668921.676005309
6669496.268636072
6670070.910773591
6670645.602422135
6671220.343585967
6671795.134269369
6672369.97447658
6672944.864211879
6673519.803479535
6674094.792283828
6674669.830629
6675244.918519333
6675820.055959095
6676395.242952569
6676970.479503998
6677545.765617665
6678121.10129784
6678696.4865487935
6679271.921374812
6679847.405780137
6680422.939769055
6680998.523345838
6681574.156514759
6682149.839280104
6682725.5716461195
6683301.353617093
6683877.185197296
6684453.066391019
6685028.997202508
6685604.977636053
6686181.007695928
6686757.087386425
6687333.216711789
6687909.395676313
6688485.624284273
6689061.902539946
6689638.230447624
6690214.608011558
6690791.035236038
6691367.512125345
6691944.038683757
6692520.614915567
6693097.240825028
6693673.916416435
6694250.641694065
6694827.416662217
6695404.241325142
6695981.115687137
6696558.039752482
6697135.013525476
6697712.037010372
6698289.110211468
6698866.233133048
6699443.405779394
6700020.628154806
6700597.9002635395
6701175.222109895
6701752.593698157
6702330.015032611
6702907.486117557
6703485.006957253
6704062.577556003
6704640.197918091
6705217.8680478055
6705795.587949447
6706373.357627279
6706951.177085603
6707529.046328707
6708106.965360895
6708684.934186429
6709262.952809612
6709841.021234737
6710419.139466107
6710997.307507986
6711575.525364679
6712153.7930404795
6712732.1105396785
6713310.477866583
6713888.895025458
6714467.362020613
6715045.878856339
6715624.445536931
6716203.062066698
6716781.728449908
6717360.444690869
6717939.210793878
6718518.026763244
6719096.892603235
6719675.808318163
6720254.7739123255
6720833.789390032
6721412.854755555
6721991.970013206
6722571.135167282
6723150.350222085
6723729.615181926
6724308.930051077
6724888.294833854
6725467.709534556
6726047.174157484
6726626.688706954
6727206.253187239
6727785.867602656
6728365.531957506
6728945.2462561065
6729525.010502732
6730104.824701702
6730684.688857319
6731264.6029739
6731844.567055724
6732424.581107108
6733004.645132358
6733584.759135781
6734164.9231216945
6734745.13709438
6735325.401058156
6735905.715017332
6736486.078976213
6737066.492939122
6737646.95691034
6738227.470894189
6738808.034894979
6739388.6489170315
6739969.312964629
6740550.027042098
6741130.791153747
6741711.6053039
6742292.469496843
6742873.3837369
6743454.348028382
6744035.362375604
6744616.426782891
6745197.541254529
6745778.705794845
6746359.920408152
6746941.185098766
6747522.499871016
6748103.8647291865
6748685.279677609
6749266.744720599
6749848.259862486
6750429.825107559
6751011.440460148
6751593.105924572
6752174.82150516
6752756.587206205
6753338.403032037
6753920.268986977
6754502.185075342
6755084.151301466
6755666.167669641
6756248.234184201
6756830.350849468
6757412.517669762
6757994.734649417
6758577.001792729
6759159.319104033
6759741.68658765
6760324.104247906
6760906.572089136
6761489.090115637
6762071.658331744
6762654.276741786
6763236.9453500975
6763819.664160977
6764402.433178765
6764985.252407786
6765568.121852381
6766151.041516848
6766734.011405528
6767317.031522748
6767900.101872837
6768483.222460136
6769066.393288945
6769649.614363608
6770232.885688453
6770816.207267811
6771399.579106024
6771983.001207395
6772566.47357627
6773149.996216979
6773733.569133867
6774317.192331238
6774900.865813438
6775484.5895848
6776068.363649672
6776652.188012357
6777236.062677204
6777819.987648547
6778403.962930719
6778987.988528071
6779572.064444908
6780156.190685581
6780740.367254426
6781324.594155778
6781908.871393989
6782493.198973367
6783077.576898264
6783662.005173016
6784246.483801979
6784831.012789459
6785415.592139812
6786000.221857376
6786584.901946505
6787169.632411511
6787754.413256748
6788339.244486557
6788924.126105279
6789509.05811727
6790094.040526843
6790679.073338355
6791264.156556148
6791849.290184566
6792434.474227965
6793019.708690662
6793604.993577015
6794190.328891367
6794775.714638078
6795361.150821465
6795946.6374458885
6796532.174515693
6797117.76203524
6797703.400008849
6798289.088440878
6798874.827335678
6799460.6166975945
6800046.456530991
6800632.346840187
6801218.287629547
6801804.278903418
6802390.320666152
6802976.412922113
6803562.555675622
6804148.748931045
6804734.992692733
6805321.286965052
6805907.631752324
6806494.027058918
6807080.472889185
6807666.969247493
6808253.516138167
6808840.113565575
6809426.7615340715
6810013.4600480115
6810600.209111762
6811187.0087296525
6811773.858906052
6812360.759645316
6812947.710951802
6813534.71282988
6814121.76528388
6814708.868318173
6815296.021937118
6815883.226145072
6816470.480946408
6817057.786345458
6817645.1423465945
6818232.548954178
6818820.006172582
6819407.51400614
6819995.0724592265
6820582.681536203
6821170.341241445
6821758.051579288
6822345.812554106
6822933.624170264
6823521.486432125
6824109.399344065
6824697.362910422
6825285.377135572
6825873.442023882
6826461.557579717
6827049.723807455
6827637.940711435
6828226.208296036
6828814.526565627
6829402.895524587
6829991.315177256
6830579.785528015
6831168.306581235
6831756.878341294
6832345.500812537
6832934.173999344
6833522.897906087
6834111.672537136
6834700.497896873
6835289.3739896435
6835878.300819831
6836467.278391807
6837056.306709945
6837645.38577863
6838234.515602207
6838823.696185062
6839412.927531569
6840002.209646117
6840591.542533051
6841180.9261967605
6841770.360641619
6842359.845872017
6842949.3818923
6843538.968706861
6844128.606320075
6844718.294736319
6845308.033959984
6845897.82399542
6846487.664847017
6847077.556519156
6847667.499016215
6848257.492342587
6848847.536502622
6849437.631500714
6850027.777341246
6850617.97402861
6851208.2215671595
6851798.51996129
6852388.869215383
6852979.269333835
6853569.720321
6854160.222181275
6854750.774919042
6855341.378538688
6855932.033044607
6856522.738441158
6857113.494732739
6857704.301923735
6858295.160018531
6858886.069021528
6859477.028937082
6860068.039769596
6860659.101523457
6861250.214203064
6861841.3778127795
6862432.592357004
6863023.857840126
6863615.17426655
6864206.541640635
6864797.959966785
6865389.429249392
6865980.949492845
6866572.520701548
6867164.142879865
6867755.816032202
6868347.540162951
6868939.315276503
6869531.141377266
6870123.018469604
6870714.946557925
6871306.925646623
6871898.95574009
6872491.036842738
6873083.168958933
6873675.352093083
6874267.586249584
6874859.871432846
6875452.20764724
6876044.594897172
6876637.033187044
6877229.522521265
6877822.062904205
6878414.654340277
6879007.296833879
6879599.990389412
6880192.735011287
6880785.530703878
6881378.377471597
6881971.275318847
6882564.224250027
6883157.224269554
6883750.275381801
6884343.377591183
6884936.530902104
6885529.735318981
6886122.99084619
6886716.2974881455
6887309.655249254
6887903.064133934
6888496.5241465615
6889090.035291555
6889683.597573322
6890277.210996267
6890870.875564812
6891464.591283333
6892058.358156253
6892652.176187978
6893246.045382917
6893839.965745492
6894433.937280084
6895027.959991115
6895622.033882995
6896216.158960148
6896810.335226955
6897404.562687842
6897998.8413472185
6898593.17120951
6899187.552279101
6899781.984560417
6900376.46805787
6900971.002775873
6901565.588718853
6902160.225891196
6902754.91429733
6903349.653941669
6903944.444828627
6904539.286962634
6905134.180348078
6905729.124989387
6906324.120890978
6906919.1680572815
6907514.266492687
6908109.416201626
6908704.617188515
6909299.869457788
6909895.173013833
6910490.527861085
6911085.934003961
6911681.391446884
6912276.9001942845
6912872.4602505565
6913468.071620135
6914063.734307441
6914659.448316895
6915255.213652935
6915851.030319952
6916446.898322387
6917042.817664659
6917638.788351207
6918234.810386428
6918830.883774758
6919427.008520624
6920023.184628463
6920619.412102673
6921215.690947694
6921812.021167951
6922408.4027678715
6923004.835751897
6923601.320124425
6924197.855889898
6924794.4430527445
6925391.081617392
6925987.771588284
6926584.512969821
6927181.3057664465
6927778.149982591
6928375.045622684
6928971.992691171
6929568.991192455
6930166.041130982
6930763.142511182
6931360.295337503
6931957.499614348
6932554.755346165
6933152.062537387
6933749.421192463
6934346.831315796
6934944.292911838
6935541.805985021
6936139.370539783
6936736.986580571
6937334.654111794
6937932.373137904
6938530.143663336
6939127.965692527
6939725.83922993
6940323.764279953
6940921.74084705
6941519.76893566
6942117.848550234
6942715.979695185
6943314.162374967
6943912.396594019
6944510.682356796
6945109.019667712
6945707.408531222
6946305.848951766
6946904.340933789
6947502.884481746
6948101.479600051
6948700.126293164
6949298.824565525
6949897.574421582
6950496.37586579
6951095.228902568
6951694.133536374
6952293.089771655
6952892.09761287
6953491.157064437
6954090.2681308165
6954689.430816457
6955288.645125819
6955887.911063323
6956487.228633431
6957086.597840591
6957686.018689253
6958285.491183881
6958885.015328894
6959484.591128759
6960084.218587926
6960683.897710845
6961283.6285019815
6961883.41096576
6962483.245106647
6963083.130929093
6963683.068437566
6964283.057636492
6964883.098530338
6965483.191123557
6966083.33542062
6966683.531425951
6967283.779144021
6967884.078579284
6968484.429736198
6969084.832619231
6969685.287232814
6970285.793581417
6970886.351669496
6971486.961501512
6972087.623081935
6972688.336415195
6973289.101505768
6973889.91835811
6974490.786976683
6975091.707365961
6975692.679530376
6976293.7034744015
6976894.779202516
6977495.906719151
6978097.086028784
6978698.317135875
6979299.600044889
6979900.934760303
6980502.321286553
6981103.759628115
6981705.249789455
6982306.7917750385
6982908.385589343
6983510.031236807
6984111.728721909
6984713.478049118
6985315.279222898
6985917.132247732
6986519.037128058
6987120.993868359
6987723.002473104
6988325.062946773
6988927.175293809
6989529.339518694
6990131.5556259
6990733.82361991
6991336.143505164
6991938.515286151
6992540.938967341
6993143.414553205
6993745.942048229
6994348.521456858
6994951.152783579
6995553.836032866
6996156.57120919
6996759.358317042
6997362.197360866
6997965.088345152
6998568.0312743755
6999171.026153026
6999774.07298555
7000377.17177644
7000980.322530171
7001583.525251235
7002186.779944081
7002790.086613202
7003393.445263074
7003996.855898177
7004600.318523006
7005203.833142009
7005807.399759681
7006411.018380502
7007014.689008954
7007618.411649532
7008222.186306686
7008826.012984916
7009429.891688701
7010033.82242254
7010637.805190885
7011241.839998236
7011845.926849076
7012450.065747902
7013054.256699171
7013658.499707382
7014262.79477702
7014867.14191257
7015471.541118534
7016075.992399368
7016680.495759575
7017285.05120364
7017889.658736052
7018494.318361312
7019099.030083882
7019703.793908262
7020308.609838942
7020913.477880428
7021518.398037178
7022123.370313698
7022728.39471448
7023333.471244028
7023938.599906804
7024543.780707315
7025149.013650053
7025754.298739511
7026359.635980195
7026965.025376571
7027570.466933147
7028175.960654416
7028781.506544874
7029387.104609029
7029992.754851349
7030598.4572763415
7031204.211888505
7031810.018692335
7032415.877692343
7033021.7888929965
7033627.752298809
7034233.7679142915
7034839.835743913
7035445.95579219
7036052.128063618
7036658.352562698
7037264.629293945
7037870.958261829
7038477.339470866
7039083.772925557
7039690.258630403
7040296.796589921
7040903.386808585
7041510.029290911
7042116.724041401
7042723.47106456
7043330.270364907
7043937.121946915
7044544.025815104
7045150.981973981
7045757.990428061
7046365.051181826
7046972.164239794
7047579.329606472
7048186.54728638
7048793.817283998
7049401.139603849
7050008.514250439
7050615.941228277
7051223.420541887
7051830.952195749
7052438.536194387
7053046.17254231
7053653.861244031
7054261.602304073
7054869.395726918
7055477.241517094
7056085.1396791125
7056693.090217498
7057301.093136737
7057909.148441357
7058517.256135869
7059125.416224804
7059733.628712646
7060341.893603924
7060950.210903154
7061558.580614851
7062167.002743545
7062775.477293724
7063384.004269918
7063992.583676646
7064601.215518423
7065209.899799784
7065818.636525215
7066427.425699251
7067036.267326411
7067645.161411229
7068254.107958194
7068863.106971842
7069472.158456693
7070081.262417284
7070690.418858105
7071299.627783694
7071908.889198572
7072518.203107262
7073127.569514301
7073736.988424183
7074346.459841447
7074955.983770615
7075565.560216215
7076175.1891827835
7076784.870674818
7077394.604696857
7078004.391253428
7078614.230349071
7079224.121988284
7079834.06617561
7080444.062915574
7081054.11221272
7081664.214071547
7082274.368496599
7082884.575492403
7083494.83506349
7084105.147214405
7084715.511949648
7085325.929273765
7085936.3991912855
7086546.921706744
7087157.496824683
7087768.124549608
7088378.804886066
7088989.537838589
7089600.323411712
7090211.161609983
7090822.052437905
7091432.995900029
7092043.992000905
7092655.040745038
7093266.142136978
7093877.2961812625
7094488.502882427
7095099.762245023
7095711.074273558
7096322.438972587
7096933.856346644
7097545.326400272
7098156.849138021
7098768.424564402
7099380.05268397
7099991.733501264
7100603.467020825
7101215.253247208
7101827.092184925
7102438.983838534
7103050.928212575
7103662.9253116045
7104274.975140138
7104887.077702732
7105499.23300393
7106111.4410482915
7106723.701840331
7107336.015384607
7107948.381685666
7108560.800748053
7109173.272576328
7109785.79717501
7110398.374548658
7111011.00470182
7111623.687639044
7112236.423364891
7112849.211883881
7113462.053200577
7114074.947319529
7114687.8942453
7115300.89398241
7115913.946535426
7116527.051908897
7117140.210107389
7117753.421135424
7118366.684997568
7118980.001698374
7119593.371242394
7120206.793634196
7120820.2688783035
7121433.796979285
7122047.377941695
7122661.011770088
7123274.698469034
7123888.438043059
7124502.230496732
7125116.07583461
7125729.974061264
7126343.925181221
7126957.929199055
7127571.986119322
7128186.095946594
7128800.258685402
7129414.474340319
7130028.742915902
7130643.064416714
7131257.438847329
7131871.866212276
7132486.346516131
7133100.879763457
7133715.465958815
7134330.10510678
7134944.797211887
7135559.542278713
7136174.34031182
7136789.191315788
7137404.09529515
7138019.052254486
7138634.06219836
7139249.125131353
7139864.241058
7140479.409982882
7141094.631910566
7141709.906845617
7142325.234792619
7142940.615756108
7143556.049740668
7144171.536750867
7144787.076791273
7145402.669866472
7146018.315981001
7146634.015139446
7147249.767346377
7147865.572606364
7148481.430923995
7149097.34230381
7149713.306750396
7150329.324268325
7150945.394862185
7151561.518536519
7152177.695295916
7152793.925144949
7153410.208088207
7154026.544130235
7154642.933275622
7155259.375528946
7155875.87089478
7156492.419377716
7157109.020982301
7157725.6757131275
7158342.383574771
7158959.144571811
7159575.958708839
7160192.825990405
7160809.7464211015
7161426.72000551
7162043.746748223
7162660.826653792
7163277.959726811
7163895.1459718635
7164512.385393543
7165129.677996403
7165747.023785039
7166364.422764035
7166981.874937974
7167599.380311452
7168216.938889026
7168834.550675292
7169452.215674835
7170069.933892243
7170687.705332112
7171305.529998999
7171923.407897506
7172541.339032219
7173159.323407739
7173777.361028625
7174395.451899478
7175013.596024887
7175631.793409454
7176250.044057739
7176868.347974346
7177486.705163864
7178105.115630885
7178723.579380011
7179342.096415806
7179960.666742873
7180579.290365808
7181197.967289198
7181816.697517653
7182435.481055737
7183054.317908054
7183673.208079202
7184292.151573787
7184911.148396375
7185530.198551575
7186149.302043982
7186768.458878206
7187387.669058815
7188006.9325904185
7188626.249477614
7189245.619724997
7189865.043337182
7190484.520318736
7191104.050674274
7191723.634408391
7192343.271525689
7192962.962030781
7193582.705928239
7194202.503222676
7194822.353918694
7195442.258020909
7196062.215533891
7196682.226462258
7197302.290810613
7197922.408583572
7198542.579785709
7199162.804421643
7199783.082495976
7200403.414013315
7201023.798978277
7201644.237395438
7202264.729269419
7202885.274604825
7203505.873406263
7204126.525678353
7204747.231425675
7205367.990652848
7205988.803364482
7206609.669565185
7207230.58925958
7207851.5624522455
7208472.589147808
7209093.669350875
7209714.803066073
7210335.990297982
7210957.231051228
7211578.525330422
7212199.873140193
7212821.274485121
7213442.729369833
7214064.237798944
7214685.799777067
7215307.415308829
7215929.084398816
7216550.807051658
7217172.583271968
7217794.4130643625
7218416.296433471
7219038.233383882
7219660.223920225
7220282.268047119
7220904.3657691935
7221526.517091038
7222148.722017286
7222770.980552555
7223393.29270148
7224015.65846865
7224638.077858699
7225260.550876247
7225883.077525916
7226505.657812341
7227128.291740113
7227750.97931387
7228373.7205382325
7228996.5154178245
7229619.363957282
7230242.266161201
7230865.222034218
7231488.231580958
7232111.29480606
7232734.41171412
7233357.582309777
7233980.8065976575
7234604.084582403
7235227.4162686085
7235850.801660918
7236474.240763957
7237097.733582354
7237721.280120752
7238344.880383749
7238968.53437599
7239592.242102102
7240216.003566719
7240839.818774481
7241463.687729993
7242087.610437897
7242711.586902828
7243335.617129429
7243959.701122305
7244583.838886103
7245208.030425454
7245832.275745007
7246456.574849368
7247080.927743183
7247705.334431089
7248329.794917719
7248954.309207724
7249578.877305711
7250203.499216328
7250828.1749442145
7251452.904494005
7252077.687870353
7252702.525077867
7253327.4161212
7253952.361004988
7254577.359733887
7255202.412312506
7255827.518745499
7256452.679037508
7257077.893193185
7257703.161217144
7258328.48311404
7258953.858888515
7259579.288545212
7260204.772088787
7260830.309523853
7261455.900855068
7262081.546087077
7262707.245224522
7263332.998272066
7263958.80523432
7264584.666115948
7265210.580921592
7265836.5496559
7266462.572323534
7267088.64892911
7267714.77947729
7268340.963972722
7268967.202420069
7269593.49482395
7270219.841189029
7270846.241519954
7271472.695821391
7272099.20409796
7272725.766354325
7273352.38259514
7273979.052825052
7274605.77704873
7275232.555270798
7275859.38749592
7276486.273728751
7277113.213973943
7277740.208236166
7278367.256520043
7278994.358830244
7279621.5151714245
7280248.725548254
7280875.989965359
7281503.308427408
7282130.680939062
7282758.107504988
7283385.588129817
7284013.1228182195
7284640.711574855
7285268.3544043815
7285896.051311473
7286523.802300759
7287151.607376914
7287779.4665445965
7288407.37980847
7289035.347173208
7289663.368643443
7290291.444223852
7290919.573919096
7291547.7577338535
7292175.995672757
7292804.287740485
7293432.633941701
7294061.034281083
7294689.488763268
7295317.997392935
7295946.560174748
7296575.177113375
7297203.848213495
7297832.573479746
7298461.352916808
7299090.1865293505
7299719.07432204
7300348.016299562
7300977.012466551
7301606.062827694
7302235.16738766
7302864.326151132
7303493.539122752
7304122.806307205
7304752.1277091615
7305381.503333309
7306010.9331842875
7306640.417266786
7307269.955585476
7307899.548145031
7308529.194950138
7309158.896005443
7309788.651315634
7310418.460885386
7311048.324719373
7311678.242822287
7312308.215198772
7312938.24185352
7313568.3227912085
7314198.458016528
7314828.647534126
7315458.891348697
7316089.189464918
7316719.541887483
7317349.94862104
7317980.409670284
7318610.925039896
7319241.494734555
7319872.118758956
7320502.797117751
7321133.529815637
7321764.316857295
7322395.1582474075
7323026.053990671
7323657.004091741
7324288.008555314
7324919.067386075
7325550.180588706
7326181.34816791
7326812.57012834
7327443.846474697
7328075.1772116665
7328706.56234395
7329338.001876205
7329969.495813132
7330601.04415942
7331232.646919771
7331864.304098844
7332496.015701341
7333127.781731953
7333759.602195369
7334391.477096294
7335023.406439387
7335655.3902293565
7336287.428470891
7336919.521168683
7337551.66832744
7338183.869951823
7338816.12604654
7339448.436616286
7340080.801665767
7340713.221199649
7341345.69522264
7341978.223739436
7342610.8067547465
7343243.444273236
7343876.136299618
7344508.882838586
7345141.683894839
7345774.539473088
7346407.449578002
7347040.414214293
7347673.433386658
7348306.507099798
7348939.635358427
7349572.818167213
7350206.055530873
7350839.3474541055
7351472.693941629
7352106.094998112
7352739.550628272
7353373.0608368125
7354006.625628449
7354640.245007855
7355273.918979749
7355907.647548836
7356541.430719817
7357175.268497414
7357809.160886301
7358443.107891197
7359077.109516811
7359711.165767846
7360345.276649025
7360979.442165025
7361613.662320567
7362247.93712036
7362882.266569127
7363516.650671547
7364151.089432343
7364785.582856224
7365420.130947916
7366054.733712098
7366689.391153496
7367324.103276822
7367958.870086785
7368593.691588115
7369228.567785491
7369863.498683643
7370498.484287282
7371133.524601124
7371768.619629895
7372403.769378281
7373038.973851012
7373674.233052801
7374309.54698838
7374944.915662434
7375580.339079696
7376215.81724488
7376851.35016272
7377486.937837903
7378122.580275161
7378758.277479215
7379394.02945478
7380029.836206593
7380665.697739341
7381301.614057762
7381937.5851665735
7382573.611070498
7383209.6917742705
7383845.827282582
7384482.017600172
7385118.262731762
7385754.562682073
7386390.917455844
7387027.327057769
7387663.791492587
7388300.310765022
7388936.884879814
7389573.513841659
7390210.197655296
7390846.936325451
7391483.729856868
7392120.5782542415
7392757.481522313
7393394.439665813
7394031.452689468
7394668.520598021
7395305.643396172
7395942.821088663
7396580.053680226
7397217.341175592
7397854.683579503
7398492.080896663
7399129.5331318155
7399767.040289695
7400404.602375047
7401042.219392575
7401679.891347026
7402317.618243135
7402955.400085648
7403593.236879271
7404231.128628754
7404869.07533883
7405507.077014237
7406145.133659724
7406783.245279998
7407421.41187981
7408059.633463897
7408697.910036997
7409336.2416038625
7409974.628169202
7410613.069737769
7411251.566314302
7411890.117903557
7412528.724510242
7413167.386139113
7413806.102794912
7414444.874482393
7415083.70120627
7415722.582971296
7416361.519782218
7417000.511643776
7417639.558560728
7418278.660537789
7418917.8175797155
7419557.029691255
7420196.29687715
7420835.619142163
7421474.9964910075
7422114.428928444
7422753.916459221
7423393.4590881
7424033.056819797
7424672.709659075
7425312.417610683
7425952.180679384
7426591.998869895
7427231.872186983
7427871.8006353965
7428511.784219886
7429151.822945217
7429791.91681611
7430432.065837331
7431072.270013633
7431712.529349767
7432352.843850501
7432993.213520558
7433633.638364705
7434274.118387699
7434914.653594292
7435555.2439892525
7436195.889577308
7436836.590363228
7437477.346351783
7438118.157547698
7438759.0239557475
7439399.945580687
7440040.922427274
7440681.954500281
7441323.0418044375
7441964.184344516
7442605.382125276
7443246.6351514775
7443887.943427895
7444529.306959259
7445170.725750345
7445812.1998059135
7446453.729130728
7447095.313729564
7447736.953607154
7448378.648768276
7449020.399217693
7449662.204960185
7450304.066000484
7450945.982343371
7451587.95399361
7452229.980955982
7452872.063235221
7453514.20083611
7454156.393763415
7454798.642021902
7455440.945616354
7456083.304551509
7456725.71883215
7457368.188463046
7458010.713448965
7458653.293794692
7459295.929504965
7459938.620584573
7460581.367038283
7461224.168870882
7461867.026087113
7462509.93869176
7463152.906689599
7463795.930085414
7464439.00888395
7465082.143089996
7465725.332708324
7466368.57774371
7467011.878200943
7467655.234084768
7468298.645399976
7468942.1121513415
7469585.634343643
7470229.211981672
7470872.845070174
7471516.533613943
7472160.277617756
7472804.077086408
7473447.932024646
7474091.842437265
7474735.808329046
7475379.829704782
7476023.906569225
7476668.0389271695
7477312.226783398
7477956.470142691
7478600.769009847
7479245.1233896185
7479889.5332868025
7480533.998706182
7481178.519652542
7481823.096130681
7482467.728145354
7483112.415701361
7483757.158803488
7484401.957456535
7485046.811665257
7485691.721434458
7486336.686768924
7486981.707673457
7487626.784152816
7488271.916211804
7488917.103855209
7489562.347087821
7490207.645914445
7490853.00033984
7491498.41036881
7492143.876006149
7492789.397256645
7493434.974125108
7494080.606616297
7494726.294735021
7495372.038486072
7496017.837874244
7496663.692904347
7497309.603581142
7497955.569909439
7498601.591894051
7499247.669539741
7499893.802851319
7500539.991833583
7501186.236491329
7501832.536829368
7502478.892852469
7503125.304565444
7503771.77197309
7504418.295080207
7505064.873891611
7505711.508412067
7506358.198646394
7507004.944599389
7507651.746275854
7508298.603680607
7508945.516818417
7509592.485694102
7510239.510312464
7510886.590678322
7511533.726796447
7512180.918671659
7512828.166308762
7513475.469712575
7514122.828887873
7514770.243839477
7515417.714572191
7516065.241090823
7516712.823400194
7517360.461505079
7518008.155410303
7518655.905120672
7519303.710640994
7519951.5719760945
7520599.489130751
7521247.462109788
7521895.490918016
7522543.57556026
7523191.716041299
7523839.912365961
7524488.164539057
7525136.472565414
7525784.836449814
7526433.256197085
7527081.731812039
7527730.263299491
7528378.85066427
7529027.493911159
7529676.193044989
7530324.9480705755
7530973.7589927325
7531622.625816293
7532271.548546041
7532920.527186811
7533569.561743419
7534218.652220697
7534867.798623434
7535517.000956464
7536166.259224605
7536815.573432691
7537464.943585513
7538114.369687906
7538763.85174469
7539413.389760686
7540062.983740731
7540712.633689617
7541362.339612179
7542012.101513243
7542661.919397631
7543311.793270181
7543961.723135686
7544611.7089989865
7545261.750864907
7545911.848738289
7546562.002623926
7547212.2125266595
7547862.478451317
7548512.80040274
7549163.178385724
7549813.612405114
7550464.102465737
7551114.648572421
7551765.250730012
7552415.908943307
7553066.623217151
7553717.393556375
7554368.21996581
7555019.102450301
7555670.04101465
7556321.035663703
7556972.086402293
7557623.193235253
7558274.35616743
7558925.575203628
7559576.850348697
7560228.181607485
7560879.568984796
7561531.012485483
7562182.512114378
7562834.067876319
7563485.679776158
7564137.347818701
7564789.0720088
7565440.852351292
7566092.6888510175
7566744.581512827
7567396.530341532
7568048.5353419855
7568700.596519028
7569352.713877498
7570004.887422253
7570657.117158103
7571309.403089904
7571961.745222499
7572614.143560745
7573266.598109454
7573919.108873485
7574571.67585768
7575224.299066899
7575876.978505956
7576529.714179711
7577182.506093009
7577835.3542506965
7578488.258657633
7579141.219318637
7579794.236238567
7580447.309422273
7581100.438874601
7581753.624600417
7582406.866604536
7583060.164891823
7583713.519467128
7584366.930335317
7585020.397501208
7585673.920969666
7586327.500745544
7586981.136833709
7587634.82923898
7588288.577966225
7588942.3830202995
7589596.244406054
7590250.162128358
7590904.136192034
7591558.166601953
7592212.2533629695
7592866.396479938
7593520.59595773
7594174.851801171
7594829.164015133
7595483.532604471
7596137.95757406
7596792.438928726
7597446.976673342
7598101.570812768
7598756.221351877
7599410.928295498
7600065.691648506
7600720.511415761
7601375.387602125
7602030.320212473
7602685.309251636
7603340.354724492
7603995.456635903
7604650.614990731
7605305.829793856
7605961.101050109
7606616.42876437
7607271.812941504
7607927.253586391
7608582.750703866
7609238.304298808
7609893.914376085
7610549.580940579
7611205.303997125
7611861.083550606
7612516.91960589
7613172.812167846
7613828.761241357
7614484.76683126
7615140.828942443
7615796.947579773
7616453.122748122
7617109.354452375
7617765.642697373
7618421.987488003
7619078.388829137
7619734.846725646
7620391.3611824205
7621047.9322043015
7621704.559796178
7622361.243962924
7623017.98470943
7623674.782040539
7624331.635961143
7624988.546476117
7625645.513590354
7626302.537308698
7626959.617636041
7627616.754577262
7628273.948137238
7628931.198320863
7629588.505132984
7630245.868578497
7630903.288662282
7631560.765389216
7632218.298764197
7632875.888792074
7633533.535477744
7634191.23882609
7634848.998842007
7635506.815530348
7636164.68889601
7636822.618943878
7637480.605678851
7638138.649105782
7638796.74922957
7639454.906055101
7640113.11958726
7640771.389830949
7641429.716791023
7642088.100472383
7642746.540879917
7643405.0380185135
7644063.591893074
7644722.202508458
7645380.869869567
7646039.593981293
7646698.37484854
7647357.212476167
7648016.106869079
7648675.058032168
7649334.065970341
7649993.130688459
7650652.252191427
7651311.430484141
7651970.665571492
7652629.95745839
7653289.306149697
7653948.711650323
7654608.173965163
7655267.693099111
7655927.26905708
7656586.901843933
7657246.591464583
7657906.337923926
7658566.141226876
7659226.001378298
7659885.918383107
7660545.8922462
7661205.922972492
7661866.010566852
7662526.155034195
7663186.3563794205
7663846.614607429
7664506.929723138
7665167.301731418
7665827.730637185
7666488.216445343
7667148.759160792
7667809.358788454
7668470.015333199
7669130.728799948
7669791.499193604
7670452.326519089
7671113.210781275
7671774.151985086
7672435.150135425
7673096.205237216
7673757.317295335
7674418.486314705
7675079.712300232
7675740.995256824
7676402.335189409
7677063.732102861
7677725.1860021055
7678386.696892054
7679048.264777617
7679709.889663719
7680371.57155524
7681033.310457109
7681695.106374237
7682356.959311536
7683018.8692739345
7683680.836266316
7684342.860293607
7685004.941360725
7685667.079472598
7686329.27463411
7686991.526850193
7687653.83612576
7688316.202465747
7688978.625875036
7689641.106358562
7690303.64392124
7690966.238567991
7691628.890303747
7692291.599133396
7692954.365061872
7693617.188094095
7694280.068234987
7694943.005489481
7695605.999862469
7696269.051358886
7696932.159983655
7697595.325741715
7698258.5486379545
7698921.828677314
7699585.165864717
7700248.560205102
7700912.011703363
7701575.520364439
7702239.086193256
7702902.70919474
7703566.389373832
7704230.126735428
7704893.92128447
7705557.773025884
7706221.681964599
7706885.648105559
7707549.671453659
7708213.752013847
7708877.88979105
7709542.084790215
7710206.337016239
7710870.64647407
7711535.013168638
7712199.437104891
7712863.918287729
7713528.4567221
7714193.052412937
7714857.7053651735
7715522.415583759
7716187.183073595
7716852.007839633
7717516.889886807
7718181.829220052
7718846.8258443205
7719511.879764517
7720176.990985594
7720842.159512487
7721507.385350151
7722172.668503492
7722838.0089774635
7723503.406777005
7724168.86190707
7724834.374372568
7725499.944178455
7726165.571329669
7726831.255831154
7727496.997687865
7728162.796904714
7728828.653486656
7729494.567438637
7730160.538765597
7730826.567472497
7731492.653564248
7732158.797045812
7732824.997922132
7733491.256198169
7734157.571878837
7734823.944969099
7735490.3754739
7736156.863398203
7736823.408746924
7737490.0115250265
7738156.671737458
7738823.389389168
7739490.164485119
7740156.997030232
7740823.887029471
7741490.834487786
7742157.839410127
7742824.901801463
7743492.021666712
7744159.1990108425
7744826.433838807
7745493.726155559
7746161.075966065
7746828.48327525
7747495.948088082
7748163.470409515
7748831.050244522
7749498.687598025
7750166.382474997
7750834.134880393
7751501.944819185
7752169.8122963
7752837.73731671
7753505.7198853735
7754173.760007249
7754841.857687311
7755510.012930486
7756178.2257417515
7756846.496126066
7757514.82408839
7758183.2096337015
7758851.652766928
7759520.15349305
7760188.711817027
7760857.327743839
7761526.001278416
7762194.732425739
7762863.521190771
7763532.367578492
7764201.271593835
7764870.2332417825
7765539.252527298
7766208.32945535
7766877.464030918
7767546.656258939
7768215.906144395
7768885.213692255
7769554.578907487
7770224.001795074
7770893.482359955
7771563.020607116
7772232.6165415235
7772902.270168168
7773571.981491985
7774241.7505179625
7774911.577251073
7775581.461696304
7776251.4038585955
7776921.403742938
7777591.461354303
7778261.576697665
7778931.749778014
7779601.980600293
7780272.269169492
7780942.615490587
7781613.019568556
7782283.481408387
7782954.001015029
7783624.578393472
7784295.213548697
7784965.9064856935
7785636.657209411
7786307.4657248445
7786978.332036973
7787649.2561507905
7788320.238071248
7788991.27780334
7789662.375352047
7790333.530722354
7791004.743919255
7791676.014947702
7792347.343812694
7793018.730519214
7793690.175072245
7794361.677476788
7795033.237737794
7795704.855860266
7796376.531849188
7797048.26570956
7797720.05744634
7798391.907064529
7799063.814569113
7799735.779965096
7800407.803257435
7801079.884451133
7801752.023551179
7802424.220562563
7803096.475490291
7803768.788339319
7804441.159114654
7805113.587821288
7805786.074464212
7806458.619048434
7807131.221578914
7807803.88206066
7808476.600498666
7809149.3768979255
7809822.211263447
7810495.103600195
7811168.053913178
7811841.062207392
7812514.128487851
7813187.252759515
7813860.4350274
7814533.675296501
7815206.973571832
7815880.329858359
7816553.7441610955
7817227.216485041
7817900.7468351945
7818574.335216571
7819247.981634138
7819921.686092913
7820595.448597897
7821269.2691540895
7821943.14776651
7822617.084440128
7823291.079179961
7823965.131991014
7824639.242878306
7825313.411846806
7825987.638901538
7826661.924047505
7827336.267289728
7828010.668633181
7828685.128082885
7829359.645643848
7830034.221321076
7830708.8551195925
7831383.547044372
7832058.2971004415
7832733.105292806
7833407.971626477
7834082.89610648
7834757.878737791
7835432.919525438
7836108.018474432
7836783.175589798
7837458.390876517
7838133.664339617
7838808.995984111
7839484.385815026
7840159.833837346
7840835.340056099
7841510.9044763
7842186.527102962
7842862.207941119
7843537.946995751
7844213.744271892
7844889.599774559
7845565.513508767
7846241.48547955
7846917.515691894
7847593.604150833
7848269.750861385
7848945.955828585
7849622.21905742
7850298.540552927
7850974.920320126
7851651.358364053
7852327.854689697
7853004.409302096
7853681.022206272
7854357.693407248
7855034.422910062
7855711.210719705
7856388.056841217
7857064.961279622
7857741.924039946
7858418.945127227
7859096.024546462
7859773.162302691
7860450.35840094
7861127.612846236
7861804.925643622
7862482.296798095
7863159.726314697
7863837.214198474
7864514.760454422
7865192.365087587
7865870.028102999
7866547.749505687
7867225.529300698
7867903.367493032
7868581.264087735
7869259.21908984
7869937.232504379
7870615.304336402
7871293.434590908
7871971.623272948
7872649.870387557
7873328.175939768
7874006.539934631
7874684.962377152
7875363.443272382
7876041.982625357
7876720.580441129
7877399.2367247045
7878077.9514811365
7878756.724715462
7879435.556432737
7880114.446637968
7880793.395336209
7881472.402532501
7882151.468231884
7882830.592439415
7883509.775160102
7884189.016399004
7884868.316161161
7885547.674451617
7886227.091275429
7886906.566637611
7887586.10054322
7888265.692997301
7888945.344004915
7889625.053571074
7890304.82170084
7890984.648399259
7891664.533671394
7892344.477522258
7893024.479956914
7893704.540980411
7894384.660597797
7895064.838814135
7895745.075634443
7896425.371063787
7897105.725107214
7897786.137769777
7898466.609056542
7899147.138972526
7899827.7275228
7900508.374712412
7901189.080546434
7901869.845029885
7902550.668167833
7903231.549965335
7903912.490427458
7904593.489559226
7905274.547365708
7905955.663851963
7906636.839023044
7907318.072884024
7907999.365439928
7908680.716695829
7909362.126656785
7910043.595327852
7910725.122714108
7911406.708820577
7912088.353652335
7912770.057214442
7913451.819511974
7914133.64054996
7914815.520333476
7915497.458867585
7916179.456157365
7916861.512207845
7917543.627024104
7918225.800611206
7918908.032974215
7919590.32411821
7920272.6740482235
7920955.082769338
7921637.550286617
7922320.076605128
7923002.661729953
7923685.305666125
7924368.00841873
7925050.769992834
7925733.590393504
7926416.469625827
7927099.407694838
7927782.404605622
7928465.460363268
7929148.57497281
7929831.748439337
7930514.980767921
7931198.271963631
7931881.622031556
7932565.030976738
7933248.498804263
7933932.025519206
7934615.611126642
7935299.255631658
7935982.9590393
7936666.721354656
7937350.542582803
7938034.422728817
7938718.36179779
7939402.359794767
7940086.416724841
7940770.532593089
7941454.707404607
7942138.94116444
7942823.233877683
7943507.585549416
7944191.996184735
7944876.465788687
7945560.99436637
7946245.581922865
7946930.228463253
7947614.933992633
7948299.698516054
7948984.522038616
7949669.404565403
7950354.346101497
7951039.346652
7951724.406221963
7952409.524816489
7953094.702440661
7953779.939099584
7954465.23479831
7955150.589541943
7955836.00333557
7956521.476184295
7957207.008093174
7957892.599067311
7958578.249111796
7959263.958231717
7959949.726432182
7960635.553718248
7961321.440095023
7962007.385567596
7962693.3901410615
7963379.453820526
7964065.5766110495
7964751.758517742
7965437.999545697
7966124.299700024
7966810.658985785
7967497.077408091
7968183.554972039
7968870.091682737
7969556.687545252
7970243.342564695
7970930.056746163
7971616.830094755
7972303.662615583
7972990.554313715
7973677.5051942635
7974364.515262329
7975051.584523011
7975738.712981425
7976425.90064264
7977113.147511773
7977800.453593926
7978487.818894214
7979175.24341771
7979862.727169532
7980550.270154783
7981237.872378582
7981925.533846001
7982613.254562161
7983301.034532167
7983988.873761123
7984676.772254153
7985364.730016329
7986052.747052775
7986740.823368597
7987428.958968903
7988117.153858817
7988805.408043415
7989493.721527823
7990182.094317149
7990870.526416503
7991559.017831012
7992247.568565752
7992936.178625854
7993624.848016442
7994313.576742598
7995002.364809449
7995691.212222108
7996380.118985688
7997069.08510532
7997758.110586085
7998447.195433115
7999136.339651522
7999825.543246425
8000514.806222953
8001204.128586192
8001893.510341274
8002582.951493315
8003272.452047436
8003962.012008768
8004651.631382398
8005341.310173462
8006031.0483870795
8006720.846028385
8007410.703102468
8008100.619614464
8008790.595569495
8009480.630972699
8010170.725829165
8010860.880144033
8011551.093922423
8012241.367169461
8012931.699890288
8013622.092089992
8014312.543773716
8015003.054946586
8015693.625613727
8016384.25578028
8017074.94545134
8017765.694632051
8018456.503327538
8019147.371542947
8019838.299283373
8020529.286553962
8021220.333359841
8021911.439706158
8022602.605598008
8023293.831040541
8023985.116038884
8024676.460598172
8025367.86472355
8026059.328420119
8026750.851693029
8027442.434547411
8028134.0769884
8028825.779021146
8029517.54065075
8030209.361882364
8030901.242721123
8031593.183172179
8032285.183240635
8032977.242931646
8033669.362250347
8034361.541201892
8035053.779791387
8035746.078023987
8036438.43590483
8037130.853439055
8037823.33063182
8038515.86748823
8039208.464013442
8039901.1202126
8040593.836090843
8041286.61165333
8041979.446905171
8042672.341851524
8043365.296497533
8044058.310848359
8044751.384909112
8045444.5186849525
8046137.712181028
8046830.965402498
8047524.278354477
8048217.651042127
8048911.083470595
8049604.575645029
8050298.127570592
8050991.7392524
8051685.410695617
8052379.1419053925
8053072.932886877
8053766.783645237
8054460.694185588
8055154.664513098
8055848.6946329195
8056542.784550203
8057236.934270117
8057931.143797782
8058625.413138367
8059319.742297042
8060014.131278927
8060708.580089196
8061403.088733
8062097.657215496
8062792.285541855
8063486.973717202
8064181.721746709
8064876.529635534
8065571.397388833
8066266.3250117805
8066961.312509503
8067656.359887175
8068351.467149956
8069046.634303006
8069741.861351501
8070437.1483005695
8071132.495155388
8071827.901921118
8072523.368602938
8073218.895205978
8073914.481735417
8074610.128196418
8075305.834594161
8076001.600933778
8076697.42722045
8077393.3134593405
8078089.259655617
8078785.265814461
8079481.331941005
8080177.458040433
8080873.644117913
8081569.8901786115
8082266.196227714
8082962.562270356
8083658.988311723
8084355.474356984
8085052.020411326
8085748.626479885
8086445.29256785
8087142.018680392
8087838.804822698
8088535.650999908
8089232.557217212
8089929.523479782
8090626.549792792
8091323.636161431
8092020.782590842
8092717.989086215
8093415.255652727
8094112.582295552
8094809.969019883
8095507.4158308655
8096204.922733691
8096902.489733537
8097600.116835599
8098297.8040450215
8098995.551367
8099693.358806714
8100391.22636936
8101089.154060085
8101787.141884086
8102485.1898465445
8103183.297952641
8103881.466207574
8104579.694616495
8105277.9831846
8105976.331917075
8106674.740819104
8107373.209895886
8108071.739152572
8108770.328594365
8109468.978226451
8110167.688054033
8110866.4580822615
8111565.288316342
8112264.178761461
8112963.129422824
8113662.140305585
8114361.21141495
8115060.3427561065
8115759.534334246
8116458.786154575
8117158.098222249
8117857.470542477
8118556.903120451
8119256.39596136
8119955.949070415
8120655.562452776
8121355.236113651
8122054.970058234
8122754.76429172
8123454.61881932
8124154.533646194
8124854.508777557
8125554.544218602
8126254.639974542
8126954.796050542
8127655.012451815
8128355.289183559
8129055.626250989
8129756.023659268
8130456.481413615
8131156.999519227
8131857.577981304
8132558.216805064
8133258.915995674
8133959.675558352
8134660.495498299
8135361.375820718
8136062.3165308265
8136763.3176337965
8137464.379134847
8138165.501039181
8138866.683352021
8139567.9260785375
8140269.229223953
8140970.592793472
8141672.016792319
8142373.501225666
8143075.046098737
8143776.651416739
8144478.317184882
8145180.043408388
8145881.830092435
8146583.677242247
8147285.584863036
8147987.55296001
8148689.581538397
8149391.670603375
8150093.820160172
8150796.030214
8151498.300770088
8152200.631833616
8152903.023409813
8153605.475503893
8154307.988121087
8155010.561266577
8155713.194945594
8156415.889163354
8157118.643925073
8157821.459235983
8158524.335101269
8159227.271526165
8159930.268515889
8160633.326075656
8161336.444210706
8162039.622926222
8162742.862227442
8163446.162119584
8164149.522607886
8164852.943697536
8165556.425393773
8166259.967701817
8166963.570626908
8167667.234174235
8168370.958349037
8169074.743156539
8169778.588601965
8170482.494690557
8171186.461427505
8171890.488818051
8172594.576867422
8173298.725580845
8174002.934963562
8174707.205020766
8175411.535757704
8176115.927179603
8176820.379291708
8177524.892099214
8178229.465607368
8178934.099821401
8179638.794746559
8180343.550388039
8181048.36675109
8181753.243840943
8182458.1816628305
8183163.180222003
8183868.239523658
8184573.359573047
8185278.540375403
8185983.781935963
8186689.084259976
8187394.447352645
8188099.871219222
8188805.355864944
8189510.901295047
8190216.507514786
8190922.174529364
8191627.902344037
8192333.690964042
8193039.540394635
8193745.450641023
8194451.421708463
8195157.453602193
8195863.546327472
8196569.699889508
8197275.914293558
8197982.189544867
8198688.525648675
8199394.922610242
8200101.380434779
8200807.899127546
8201514.478693788
8202221.119138749
8202927.820467692
8203634.582685828
8204341.405798421
8205048.289810718
8205755.2347279815
8206462.240555427
8207169.307298318
8207876.434961904
8208583.623551449
8209290.873072171
8209998.183529335
8210705.554928192
8211412.987273993
8212120.480572005
8212828.034827447
8213535.650045587
8214243.326231678
8214951.063390973
8215658.861528742
8216366.720650205
8217074.640760635
8217782.621865285
8218490.663969427
8219198.767078284
8219906.931197128
8220615.156331217
8221323.442485823
8222031.789666171
8222740.1978775365
8223448.667125177
8224157.197414351
8224865.788750335
8225574.441138354
8226283.154583688
8226991.929091595
8227700.764667338
8228409.661316194
8229118.619043392
8229827.637854211
8230536.717753914
8231245.858747782
8231955.060841044
8232664.324038982
8233373.648346861
8234083.033769962
8234792.480313518
8235501.987982811
8236211.556783108
8236921.1867196765
8237630.8777978
8238340.630022714
8239050.443399702
8239760.317934034
8240470.25363098
8241180.250495825
8241890.308533806
8242600.427750211
8243310.608150311
8244020.849739394
8244731.152522699
8245441.516505514
8246151.941693113
8246862.4280907875
8247572.975703775
8248283.584537368
8248994.2545968415
8249704.98588747
8250415.7784145465
8251126.632183312
8251837.547199063
8252548.523467074
8253259.560992624
8253970.659781006
8254681.819837466
8255393.041167299
8256104.323775785
8256815.667668203
8257527.072849851
8258238.539325975
8258950.067101873
8259661.656182828
8260373.306574138
8261085.018281051
8261796.791308868
8262508.625662871
8263220.521348362
8263932.47837059
8264644.496734859
8265356.576446453
8266068.717510657
8266780.919932775
8267493.183718059
8268205.508871814
8268917.895399326
8269630.343305885
8270342.852596794
8271055.423277309
8271768.055352737
8272480.748828367
8273193.503709507
8273906.320001412
8274619.197709392
8275332.136838738
8276045.137394758
8276758.199382711
8277471.322807908
8278184.507675642
8278897.753991206
8279611.061759912
8280324.430987021
8281037.861677845
8281751.353837679
8282464.907471821
8283178.522585582
8283892.199184228
8284605.93727307
8285319.73685741
8286033.59794256
8286747.520533787
8287461.504636407
8288175.550255719
8288889.65739704
8289603.826065638
8290318.056266831
8291032.348005921
8291746.701288207
8292461.116119013
8293175.592503605
8293890.130447305
8294604.729955416
8295319.391033242
8296034.113686106
8296748.897919279
8297463.743738083
8298178.651147826
8298893.6201538285
8299608.650761367
8300323.742975764
8301038.896802328
8301754.112246384
8302469.389313209
8303184.728008127
8303900.128336449
8304615.590303484
8305331.113914562
8306046.69917496
8306762.346090005
8307478.0546650095
8308193.8249052875
8308909.656816168
8309625.55040293
8310341.505670905
8311057.522625408
8311773.601271771
8312489.741615274
8313205.943661251
8313922.207415018
8314638.532881909
8315354.920067206
8316071.368976245
8316787.879614344
8317504.45198682
8318221.086099011
8318937.781956201
8319654.5395637285
8320371.358926912
8321088.240051074
8321805.182941551
8322522.187603634
8323239.254042658
8323956.382263949
8324673.572272829
8325390.824074638
8326108.137674667
8326825.5130782565
8327542.950290733
8328260.449317438
8328978.010163662
8329695.632834751
8330413.317336031
8331131.063672845
8331848.871850489
8332566.7418743055
8333284.673749625
8334002.667481775
8334720.723076104
8335438.840537908
8336157.019872532
8336875.26108531
8337593.564181572
8338311.929166666
8339030.3560458915
8339748.844824598
8340467.395508119
8341186.008101805
8341904.682610956
8342623.419040924
8343342.2173970435
8344061.077684667
8344779.999909097
8345498.984075687
8346218.030189774
8346937.138256694
8347656.308281804
8348375.540270408
8349094.83422786
8349814.1901595
8350533.608070668
8351253.0879667215
8351972.629852966
8352692.233734761
8353411.8996174475
8354131.627506384
8354851.417406878
8355571.2693242915
8356291.183263967
8357011.159231265
8357731.197231496
8358451.297270022
8359171.459352188
8359891.683483339
8360611.96966884
8361332.317914002
8362052.728224188
8362773.200604748
8363493.735061029
8364214.331598396
8364934.990222164
8365655.710937701
8366376.493750354
8367097.338665492
8367818.245688431
8368539.214824541
8369260.24607917
8369981.339457691
8370702.49496542
8371423.712607728
8372144.992389969
8372866.334317496
8373587.738395681
8374309.204629845
8375030.733025359
8375752.323587581
8376473.976321866
8377195.691233587
8377917.468328069
8378639.307610685
8379361.209086794
8380083.172761755
8380805.1986409435
8381527.286729684
8382249.437033355
8382971.649557333
8383693.924306946
8384416.26128757
8385138.660504569
8385861.121963305
8386583.645669158
8387306.231627456
8388028.87984358
8388751.590322893
8389474.363070764
8390197.19809257
8390920.095393645
8391643.05497937
8392366.076855114
8393089.161026243
8393812.30749814
8394535.516276142
8395258.78736563
8395982.120771976
8396705.516500566
8397428.974556733
8398152.494945867
8398876.077673338
8399599.722744534
8400323.43016479
8401047.199939499
8401771.03207403
8402494.926573757
8403218.883444073
8403942.902690316
8404666.984317875
8405391.128332127
8406115.334738446
8406839.603542227
8407563.934748812
8408288.328363592
8409012.784391945
8409737.302839266
8410461.8837109
8411186.52701224
8411911.232748667
8412636.000925578
8413360.831548316
8414085.724622281
8414810.680152852
8415535.69814541
8416260.778605357
8416985.921538038
8417711.126948852
8418436.394843185
8419161.725226419
8419887.118103957
8420612.573481144
8421338.091363389
8422063.671756072
8422789.314664599
8423515.02009432
8424240.78805064
8424966.618538948
8425692.511564646
8426418.46713309
8427144.485249685
8427870.56591982
8428596.709148884
8429322.914942285
8430049.183305379
8430775.514243575
8431501.907762265
8432228.363866838
8432954.882562704
8433681.463855226
8434408.107749809
8435134.81425185
8435861.583366757
8436588.415099895
8437315.309456674
8438042.266442489
8438769.286062755
8439496.368322833
8440223.513228137
8440950.720784064
8441677.990996014
8442405.323869402
8443132.719409592
8443860.177622
8444587.698512027
8445315.282085072
8446042.928346554
8446770.63730184
8447498.408956347
8448226.243315479
8448954.140384639
8449682.100169245
8450410.122674668
8451138.20790633
8451866.35586965
8452594.56657
8453322.840012804
8454051.176203465
8454779.575147392
8455508.036850007
8456236.561316684
8456965.148552848
8457693.798563905
8458422.511355268
8459151.286932359
8459880.125300556
8460609.026465286
8461337.990431957
8462067.017205982
8462796.10679279
8463525.259197759
8464254.474426316
8464983.752483876
8465713.09337587
8466442.497107675
8467171.963684725
8467901.493112434
8468631.085396232
8469360.740541503
8470090.458553681
8470820.23943818
8471550.08320042
8472279.989845831
8473009.959379802
8473739.991807764
8474470.08713514
8475200.245367346
8475930.466509823
8476660.750567952
8477391.097547175
8478121.507452913
8478851.980290603
8479582.516065633
8480313.114783444
8481043.776449457
8481774.501069115
8482505.288647808
8483236.139190976
8483967.052704046
8484698.02919244
8485429.068661606
8486160.171116931
8486891.336563863
8487622.565007828
8488353.856454253
8489085.210908584
8489816.628376216
8490548.108862594
8491279.65237315
8492011.258913329
8492742.928488528
8493474.661104195
8494206.456765762
8494938.315478679
8495670.237248342
8496402.222080203
8497134.269979695
8497866.380952252
8498598.555003325
8499330.792138314
8500063.092362674
8500795.455681838
8501527.882101241
8502260.371626342
8502992.92426254
8503725.540015291
8504458.218890032
8505190.960892221
8505923.766027259
8506656.634300606
8507389.5657177
8508122.560284002
8508855.618004914
8509588.738885898
8510321.922932394
8511055.170149846
8511788.48054371
8512521.8541194
8513255.290882375
8513988.790838078
8514722.353991954
8515455.980349466
8516189.669916024
8516923.422697095
8517657.238698121
8518391.11792455
8519125.06038185
8519859.066075431
8520593.13501076
8521327.267193303
8522061.462628474
8522795.721321741
8523530.043278554
8524264.428504366
8524998.877004642
8525733.3887848
8526467.96385031
8527202.602206625
8527937.303859198
8528672.0688135
8529406.89707495
8530141.78864902
8530876.743541166
8531611.761756841
8532346.84330152
8533081.988180624
8533817.19639963
8534552.46796399
8535287.802879184
8536023.201150633
8536758.662783815
8537494.187784187
8538229.776157228
8538965.427908363
8539701.14304307
8540436.921566807
8541172.76348504
8541908.668803247
8542644.637526857
8543380.669661347
8544116.765212182
8544852.924184827
8545589.146584764
8546325.432417423
8547061.781688284
8547798.194402814
8548534.6705665
8549271.21018477
8550007.81326311
8550744.47980699
8551481.209821891
8552218.003313249
8552954.86028655
8553691.780747266
8554428.764700865
8555165.812152836
8555902.923108615
8556640.097573688
8557377.335553532
8558114.637053614
8558852.00207943
8559589.430636413
8560326.922730058
8561064.478365839
8561802.097549247
8562539.780285722
8563277.526580757
8564015.33643983
8564753.209868433
8565491.146872012
8566229.147456057
8566967.21162605
8567705.339387467
8568443.530745806
8569181.78570651
8569920.10427508
8570658.486456994
8571396.93225773
8572135.441682791
8572874.014737625
8573612.651427727
8574351.351758583
8575090.115735693
8575828.943364505
8576567.834650522
8577306.789599229
8578045.808216127
8578784.890506668
8579524.036476355
8580263.246130673
8581002.519475114
8581741.856515177
8582481.257256318
8583220.721704043
8583960.249863843
8584699.841741202
8585439.497341633
8586179.216670586
8586918.999733575
8587658.846536087
8588398.757083613
8589138.731381668
8589878.769435707
8590618.871251239
8591359.036833778
8592099.26618878
8592839.55932176
8593579.916238211
8594320.33694363
8595060.821443532
8595801.369743373
8596541.981848674
8597282.657764928
8598023.397497635
8598764.201052312
8599505.06843442
8600245.999649476
8600986.994702982
8601728.053600436
8602469.17634736
8603210.362949215
8603951.613411525
8604692.92773979
8605434.30593953
8606175.748016214
8606917.253975362
8607658.82382248
8608400.457563087
8609142.155202655
8609883.91674671
8610625.74220075
8611367.63157029
8612109.58486085
8612851.602077903
8613593.683226975
8614335.828313574
8615078.037343208
8615820.310321406
8616562.64725364
8617305.04814544
8618047.513002316
8618790.041829797
8619532.634633359
8620275.291418532
8621018.012190828
8621760.79695578
8622503.645718861
8623246.55848561
8623989.535261538
8624732.576052157
8625475.680863006
8626218.849699562
8626962.08256736
8627705.379471917
8628448.740418749
8629192.165413395
8629935.654461334
8630679.207568103
8631422.824739223
8632166.505980233
8632910.251296615
8633654.060693908
8634397.934177633
8635141.87175333
8635885.873426486
8636629.93920264
8637374.069087317
8638118.26308604
8638862.521204349
8639606.843447734
8640351.22982174
8641095.68033189
8641840.19498371
8642584.773782743
8643329.416734485
8644074.123844476
8644818.895118248
8645563.730561346
8646308.63017926
8647053.59397754
8647798.621961717
8648543.714137336
8649288.870509895
8650034.091084938
8650779.375868004
8651524.72486462
8652270.138080338
8653015.615520654
8653761.157191122
8654506.763097273
8655252.433244646
8655998.167638788
8656743.966285203
8657489.829189444
8658235.756357046
8658981.747793548
8659727.803504504
8660473.923495417
8661220.107771842
8661966.356339319
8662712.669203402
8663459.046369601
8664205.487843469
8664951.993630549
8665698.5637364
8666445.198166527
8667191.89692649
8667938.660021834
8668685.487458099
8669432.379240848
8670179.335375588
8670926.355867885
8671673.44072328
8672420.58994732
8673167.803545568
8673915.081523538
8674662.42388679
8675409.830640877
8676157.301791359
8676904.837343752
8677652.437303623
8678400.10167652
8679147.83046801
8679895.623683609
8680643.481328886
8681391.40340939
8682139.389930675
8682887.44089831
8683635.556317814
8684383.736194754
8685131.980534688
8685880.289343165
8686628.662625762
8687377.100387998
8688125.602635443
8688874.169373658
8689622.800608212
8690371.49634463
8691120.256588485
8691869.081345338
8692617.970620763
8693366.924420282
8694115.942749476
8694865.0256139
8695614.17301912
8696363.38497071
8697112.661474198
8697862.002535162
8698611.408159167
8699360.878351772
8700110.413118562
8700860.012465062
8701609.676396854
8702359.404919505
8703109.198038597
8703859.055759657
8704608.978088275
8705358.96503001
8706109.016590454
8706859.132775135
8707609.31358964
8708359.559039537
8709109.869130395
8709860.243867802
8710610.683257291
8711361.18730445
8712111.756014852
8712862.389394067
8713613.087447684
8714363.850181242
8715114.67760033
8715865.569710521
8716616.526517406
8717367.548026526
8718118.634243472
8718869.785173818
8719621.00082316
8720372.28119704
8721123.626301046
8721875.03614076
8722626.51072176
8723378.05004964
8724129.654129943
8724881.322968267
8725633.05657019
8726384.854941294
8727136.718087174
8727888.646013381
8728640.638725508
8729392.696229141
8730144.818529861
8730897.005633269
8731649.257544912
8732401.574270394
8733153.955815297
8733906.402185224
8734658.913385725
8735411.489422405
8736164.130300848
8736916.836026657
8737669.60660539
8738422.442042647
8739175.342344018
8739928.30751509
8740681.337561473
8741434.432488719
8742187.592302436
8742940.817008216
8743694.106611649
8744447.461118342
8745200.880533857
8745954.3648638
8746707.914113764
8747461.528289363
8748215.207396153
8748968.951439748
8749722.760425743
8750476.634359749
8751230.573247327
8751984.577094093
8752738.645905642
8753492.779687572
8754246.978445498
8755001.242184985
8755755.570911646
8756509.964631084
8757264.423348896
8758018.947070701
8758773.535802064
8759528.189548606
8760282.908315925
8761037.692109644
8761792.540935328
8762547.4547986
8763302.433705062
8764057.477660336
8764812.58666999
8765567.760739649
8766322.99987492
8767078.304081405
8767833.673364729
8768589.107730465
8769344.607184239
8770100.171731658
8770855.80137833
8771611.496129882
8772367.255991885
8773123.080969973
8773878.971069751
8774634.92629685
8775390.946656847
8776147.032155368
8776903.182798028
8777659.398590457
8778415.679538231
8779172.025646985
8779928.43692233
8780684.913369883
8781441.454995276
8782198.06180409
8782954.733801957
8783711.470994495
8784468.27338732
8785225.140986072
8785982.073796326
8786739.071823725
8787496.135073885
8788253.263552444
8789010.457264986
8789767.716217149
8790525.040414555
8791282.429862844
8792039.884567602
8792797.404534467
8793554.989769064
8794312.640277017
8795070.356063966
8795828.1371355
8796585.983497264
8797343.89515488
8798101.872113978
8798859.914380198
8799618.021959135
8800376.194856431
8801134.433077715
8801892.736628614
8802651.105514778
8803409.539741797
8804168.039315322
8804926.60424098
8805685.234524421
8806443.93017124
8807202.69118709
8807961.517577596
8808720.409348415
8809479.366505142
8810238.389053429
8810997.476998907
8811756.630347217
8812515.849104006
8813275.133274876
8814034.482865483
8814793.89788146
8815553.378328444
8816312.924212094
8817072.535538012
8817832.21231185
8818591.95453925
8819351.762225872
8820111.635377314
8820871.573999237
8821631.578097286
8822391.647677114
8823151.78274433
8823911.983304594
8824672.249363549
8825432.58092684
8826192.978000125
8826953.440589014
8827713.968699172
8828474.562336242
8829235.221505871
8829995.946213722
8830756.736465406
8831517.59226659
8832278.51362292
8833039.50054006
8833800.553023627
8834561.671079287
8835322.85471269
8836084.103929501
8836845.418735338
8837606.79913587
8838368.245136745
8839129.75674362
8839891.333962163
8840652.97679799
8841414.685256777
8842176.459344173
8842938.299065836
8843700.204427436
8844462.175434595
8845224.212092986
8845986.314408267
8846748.48238611
8847510.71603214
8848273.01535203
8849035.38035144
8849797.811036045
8850560.307411471
8851322.869483395
8852085.497257477
8852848.190739378
8853610.949934777
8854373.774849301
8855136.66548863
8855899.621858425
8856662.643964352
8857425.731812092
8858188.885407273
8858952.104755577
8859715.38986267
8860478.740734234
8861242.157375904
8862005.63979336
8862769.187992271
8863532.801978324
8864296.48175715
8865060.227334434
8865824.038715847
8866587.915907059
8867351.858913757
8868115.867741575
8868879.942396205
8869644.082883317
8870408.289208584
8871172.561377693
8871936.899396285
8872701.303270051
8873465.773004664
8874230.3086058
8874994.91007915
8875759.577430353
8876524.310665106
8877289.109789085
8878053.974807983
8878818.905727442
8879583.90255316
8880348.965290813
8881114.093946097
8881879.288524661
8882644.549032198
8883409.87547439
8884175.267856916
8884940.726185478
8885706.25046572
8886471.840703346
8887237.496904034
8888003.21907347
8888769.007217357
8889534.86134134
8890300.781451125
8891066.767552394
8891832.819650855
8892598.937752154
8893365.121861998
8894131.371986074
8894897.68813009
8895664.070299694
8896430.518500596
8897197.032738483
8897963.613019047
8898730.259347994
8899496.971730981
8900263.750173714
8901030.594681889
8901797.505261194
8902564.481917342
8903331.52465599
8904098.633482851
8904865.808403615
8905633.049423998
8906400.356549658
8907167.729786308
8907935.169139648
8908702.674615387
8909470.246219188
8910237.88395677
8911005.587833825
8911773.357856058
8912541.19402918
8913309.09635886
8914077.064850813
8914845.099510739
8915613.20034434
8916381.367357336
8917149.600555392
8917917.89994423
8918686.265529552
8919454.697317079
8920223.19531248
8920991.759521475
8921760.389949773
8922529.086603094
8923297.849487111
8924066.678607544
8924835.573970104
8925604.535580497
8926373.563444449
8927142.657567631
8927911.817955773
8928681.044614581
8929450.337549767
8930219.696767058
8930989.12227213
8931758.614070714
8932528.172168517
8933297.796571255
8934067.487284657
8934837.244314402
8935607.067666221
8936376.957345847
8937146.913358957
8937916.935711285
8938687.024408547
8939457.179456461
8940227.400860758
8940997.688627124
8941768.04276129
8942538.463268977
8943308.950155903
8944079.503427805
8944850.123090368
8945620.809149329
8946391.561610408
8947162.380479326
8947933.265761826
8948704.217463592
8949475.235590363
8950246.320147865
8951017.47114184
8951788.68857797
8952559.972462006
8953331.322799668
8954102.739596702
8954874.222858796
8955645.772591697
8956417.38880113
8957189.071492823
8957960.820672523
8958732.636345923
8959504.518518768
8960276.467196789
8961048.482385715
8961820.564091297
8962592.712319229
8963364.927075258
8964137.208365118
8964909.556194562
8965681.970569283
8966454.451495035
8967226.99897755
8967999.613022583
8968772.29363583
8969545.040823046
8970317.854589969
8971090.734942334
8971863.681885894
8972636.695426352
8973409.775569467
8974182.922320971
8974956.135686608
8975729.415672135
8976502.762283254
8977276.175525725
8978049.655405287
8978823.201927703
8979596.815098675
8980370.494923966
8981144.241409317
8981918.054560492
8982691.934383197
8983465.880883193
8984239.894066228
8985013.973938046
8985788.120504413
8986562.333771035
8987336.61374368
8988110.960428093
8988885.373830024
8989659.85395524
8990434.400809454
8991209.01439843
8991983.69472792
8992758.441803694
8993533.255631462
8994308.136216998
8995083.083566053
8995858.097684396
8996633.178577745
8997408.32625187
8998183.540712526
8998958.821965465
8999734.170016466
9000509.58487124
9001285.066535566
9002060.6150152
9002836.230315896
9003611.912443433
9004387.66140353
9005163.477201963
9005939.359844495
9006715.30933688
9007491.325684898
9008267.408894274
9009043.558970787
9009819.775920214
9010596.05974828
9011372.41046077
9012148.828063445
9012925.312562065
9013701.863962416
9014478.482270222
9015255.16749127
9016031.919631321
9016808.738696145
9017585.624691524
9018362.577623188
9019139.597496923
9019916.684318498
9020693.83809368
9021471.058828253
9022248.346527956
9023025.701198572
9023803.122845873
9024580.611475648
9025358.167093633
9026135.789705614
9026913.479317367
9027691.23593468
9028469.059563294
9029246.950208995
9030024.907877563
9030802.932574768
9031581.024306407
9032359.183078216
9033137.408895992
9033915.70176551
9034694.061692547
9035472.488682901
9036250.982742313
9037029.543876579
9037808.172091477
9038586.867392808
9039365.629786313
9040144.459277792
9040923.355873026
9041702.319577815
9042481.350397905
9043260.448339095
9044039.613407172
9044818.845607916
9045598.14494713
9046377.511430563
9047156.94506402
9047936.445853282
9048716.01380414
9049495.648922395
9050275.3512138
9051055.12068416
9051834.957339264
9052614.861184917
9053394.832226874
9054174.870470943
9054954.97592291
9055735.148588588
9056515.38847373
9057295.695584148
9058076.06992563
9058856.511503972
9059637.020324985
9060417.596394423
9061198.239718104
9061978.950301817
9062759.72815136
9063540.573272547
9064321.485671137
9065102.465352943
9065883.512323765
9066664.626589417
9067445.808155663
9068227.057028318
9069008.37321318
9069789.756716069
9070571.207542747
9071352.725699034
9072134.311190732
9072915.964023639
9073697.68420358
9074479.471736318
9075261.326627674
9076043.248883452
9076825.23850946
9077607.295511516
9078389.41989539
9079171.611666907
9079953.87083187
9080736.19739609
9081518.59136539
9082301.05274554
9083083.581542369
9083866.177761702
9084648.841409313
9085431.572491027
9086214.371012658
9086997.236980014
9087780.170398924
9088563.171275165
9089346.239614567
9090129.375422942
9090912.578706102
9091695.849469882
9092479.187720057
9093262.59346246
9094046.066702906
9094829.607447213
9095613.215701213
9096396.891470686
9097180.63476147
9097964.445579378
9098748.32393025
9099532.269819869
9100316.283254068
9101100.364238672
9101884.512779515
9102668.728882384
9103453.012553114
9104237.363797532
9105021.782621458
9105806.269030733
9106590.823031142
9107375.444628531
9108160.133828718
9108944.890637534
9109729.715060819
9110514.607104361
9111299.566774007
9112084.594075581
9112869.689014932
9113654.85159785
9114440.08183018
9115225.379717749
9116010.745266408
9116796.17848195
9117581.67937022
9118367.247937053
9119152.884188278
9119938.588129744
9120724.359767247
9121510.19910664
9122296.106153755
9123082.080914425
9123868.123394502
9124654.233599786
9125440.41153613
9126226.657209367
9127012.970625356
9127799.351789894
9128585.800708836
9129372.317388022
9130158.901833309
9130945.554050496
9131732.274045443
9132519.061823988
9133305.917391973
9134092.840755256
9134879.83191964
9135666.890890988
9136454.01767514
9137241.212277941
9138028.474705251
9138815.804962877
9139603.203056682
9140390.668992512
9141178.202776227
9141965.804413639
9142753.473910613
9143541.211272994
9144329.016506648
9145116.889617387
9145904.830611076
9146692.839493565
9147480.916270705
9148269.06094836
9149057.273532348
9149845.554028533
9150633.90244277
9151422.318780912
9152210.803048827
9152999.355252331
9153787.975397296
9154576.663489576
9155365.419535028
9156154.243539521
9156943.135508876
9157732.095448967
9158521.123365648
9159310.219264798
9160099.383152235
9160888.615033837
9161677.914915461
9162467.282802984
9163256.71870223
9164046.222619075
9164835.794559382
9165625.434529012
9166415.142533842
9167204.9185797
9167994.762672463
9168784.674817998
9169574.655022165
9170364.70329085
9171154.819629878
9171945.004045133
9172735.25654248
9173525.577127805
9174315.965806935
9175106.422585757
9175896.94747014
9176687.540465966
9177478.201579072
9178268.93081534
9179059.728180643
9179850.59368085
9180641.52732185
9181432.529109476
9182223.59904962
9183014.737148155
9183805.94341095
9184597.217843898
9185388.560452834
9186179.971243653
9186971.45022223
9187762.997394456
9188554.61276617
9189346.296343269
9190138.048131628
9190929.868137142
9191721.756365651
9192513.712823054
9193305.737515226
9194097.83044805
9194889.991627421
9195682.221059185
9196474.518749239
9197266.884703465
9198059.318927743
9198851.821427975
9199644.392210009
9200437.03127974
9201229.73864306
9202022.514305865
9202815.358274007
9203608.270553386
9204401.251149891
9205194.300069423
9205987.417317836
9206780.602901034
9207573.856824903
9208367.179095332
9209160.56971823
9209954.028699448
9210747.556044893
9211541.151760457
9212334.815852031
9213128.548325524
9213922.34918679
9214716.21844174
9215510.156096268
9216304.162156286
9217098.23662765
9217892.37951627
9218686.590828046
9219480.870568888
9220275.218744656
9221069.635361267
9221864.120424613
9222658.673940597
9223453.29591513
9224247.98635408
9225042.745263357
9225837.572648862
9226632.468516499
9227427.432872185
9228222.465721782
9229017.567071212
9229812.736926377
9230607.975293178
9231403.282177538
9232198.657585321
9232994.101522451
9233789.613994833
9234585.195008392
9235380.844568992
9236176.562682562
9236972.349355005
9237768.204592248
9238564.128400162
9239360.120784672
9240156.181751689
9240952.31130712
9241748.509456893
9242544.776206885
9243341.111563018
9244137.515531208
9244933.988117367
9245730.529327424
9246527.139167253
9247323.81764279
9248120.564759944
9248917.38052465
9249714.264942786
9250511.218020285
9251308.23976306
9252105.330177052
9252902.489268135
9253699.717042247
9254497.013505306
9255294.37866323
9256091.812521957
9256889.315087365
9257686.886365397
9258484.526361972
9259282.23508301
9260080.012534453
9260877.858722182
9261675.77365214
9262473.75733025
9263271.809762454
9264069.930954637
9264868.120912744
9265666.379642699
9266464.707150446
9267263.103441874
9268061.568522928
9268860.102399534
9269658.705077618
9270457.376563132
9271256.116861962
9272054.925980056
9272853.803923346
9273652.75069776
9274451.766309248
9275250.850763705
9276050.004067076
9276849.2262253
9277648.517244324
9278447.877130043
9279247.305888413
9280046.803525364
9280846.370046852
9281646.005458772
9282445.70976708
9283245.482977714
9284045.325096607
9284845.236129718
9285645.216082945
9286445.264962247
9287245.382773558
9288045.569522822
9288845.825215997
9289646.149858983
9290446.54345774
9291247.006018212
9292047.537546357
9292848.13804808
9293648.807529343
9294449.54599609
9295250.353454283
9296051.229909826
9296852.175368685
9297653.189836808
9298454.273320137
9299255.425824637
9300056.64735622
9300857.93792085
9301659.297524475
9302460.726173043
9303262.223872524
9304063.790628828
9304865.426447924
9305667.131335763
9306468.905298296
9307270.748341491
9308072.660471266
9308874.64169359
9309676.692014417
9310478.811439717
9311280.99997541
9312083.257627465
9312885.58440184
9313687.98030451
9314490.445341391
9315292.979518462
9316095.582841676
9316898.255316993
9317700.99695039
9318503.807747787
9319306.687715162
9320109.636858474
9320912.655183686
9321715.742696775
9322518.899403665
9323322.125310337
9324125.420422753
9324928.784746896
9325732.21828869
9326535.721054116
9327339.293049142
9328142.93427975
9328946.644751865
9329750.424471475
9330554.273444546
9331358.191677045
9332162.179174958
9332966.235944213
9333770.3619908
9334574.557320686
9335378.821939843
9336183.155854257
9336987.559069863
9337792.031592648
9338596.573428586
9339401.184583668
9340205.865063826
9341010.614875054
9341815.434023326
9342620.322514635
9343425.280354917
9344230.307550166
9345035.404106356
9345840.570029465
9346645.80532549
9347451.110000368
9348256.484060096
9349061.927510653
9349867.440358017
9350673.022608185
9351478.6742671
9352284.395340763
9353090.185835153
9353896.04575627
9354701.975110058
9355507.973902518
9356314.042139633
9357120.179827405
9357926.386971781
9358732.663578765
9359539.00965434
9360345.425204491
9361151.910235226
9361958.46475249
9362765.08876229
9363571.782270614
9364378.54528345
9365185.377806807
9365992.279846631
9366799.251408936
9367606.29249971
9368413.403124962
9369220.583290644
9370027.83300277
9370835.15226733
9371642.541090334
9372449.99947774
9373257.52743556
9374065.124969788
9374872.792086417
9375680.528791465
9376488.335090885
9377296.210990695
9378104.156496892
9378912.171615472
9379720.256352453
9380528.410713794
9381336.634705514
9382144.928333612
9382953.291604087
9383761.72452296
9384570.227096193
9385378.799329806
9386187.4412298
9386996.1528022
9387804.934052967
9388613.784988126
9389422.705613678
9390231.695935652
9391040.75596001
9391849.885692779
9392659.085139962
9393468.35430757
9394277.693201626
9395087.101828102
9395896.580193022
9396706.128302397
9397515.746162236
9398325.433778565
9399135.191157361
9399945.01830465
9400754.915226445
9401564.881928775
9402374.918417616
9403185.024698999
9403995.200778937
9404805.446663463
9405615.762358556
9406426.147870244
9407236.603204548
9408047.128367482
9408857.723365081
9409668.388203323
9410479.122888247
9411289.927425869
9412100.801822208
9412911.746083302
9413722.760215132
9414533.844223738
9415344.998115141
9416156.22189538
9416967.515570438
9417778.879146358
9418590.31262916
9419401.81602489
9420213.38933953
9421025.032579126
9421836.745749699
9422648.528857278
9423460.381907906
9424272.304907573
9425084.297862323
9425896.360778183
9426708.493661182
9427520.696517367
9428332.96935273
9429145.312173316
9429957.724985158
9430770.207794305
9431582.760606749
9432395.38342854
9433208.076265711
9434020.839124316
9434833.672010345
9435646.574929854
9436459.547888877
9437272.590893446
9438085.703949617
9438898.88706339
9439712.140240815
9440525.46348793
9441338.856810777
9442152.320215406
9442965.853707822
9443779.45729408
9444593.130980222
9445406.874772305
9446220.68867633
9447034.572698358
9447848.526844433
9448662.551120613
9449476.6455329
9450290.810087362
9451105.044790039
9451919.349646974
9452733.724664232
9453548.16984782
9454362.685203802
9455177.270738224
9455991.926457133
9456806.652366593
9457621.448472619
9458436.314781273
9459251.251298605
9460066.258030664
9460881.33498352
9461696.482163183
9462511.699575724
9463326.987227196
9464142.345123667
9464957.773271153
9465773.271675723
9466588.840343434
9467404.479280358
9468220.188492509
9469035.967985963
9469851.817766776
9470667.737841003
9471483.728214718
9472299.788893942
9473115.91988475
9473932.121193204
9474748.392825356
9475564.734787289
9476381.147085024
9477197.629724639
9478014.182712194
9478830.806053769
9479647.49975539
9480464.263823137
9481281.098263074
9482098.00308128
9482914.978283783
9483732.023876667
9484549.139865994
9485366.326257832
9486183.583058266
9487000.910273323
9487818.307909088
9488635.77597163
9489453.314467018
9490270.923401337
9491088.60278062
9491906.352610955
9492724.17289841
9493542.063649077
9494360.02486899
9495178.056564236
9495996.15874089
9496814.331405042
9497632.574562728
9498450.888220042
9499269.272383057
9500087.727057846
9500906.252250506
9501724.847967073
9502543.514213644
9503362.250996295
9504181.058321103
9504999.936194165
9505818.884621521
9506637.90360927
9507456.993163493
9508276.153290285
9509095.383995691
9509914.68528581
9510734.057166724
9511553.499644535
9512373.012725286
9513192.59641508
9514012.250720002
9514831.975646133
9515651.77119958
9516471.637386387
9517291.574212663
9518111.581684489
9518931.659807956
9519751.80858917
9520572.028034177
9521392.31814909
9522212.678939993
9523033.110412978
9523853.612574153
9524674.185429571
9525494.828985343
9526315.543247577
9527136.328222329
9527957.18391571
9528778.110333813
9529599.107482731
9530420.17536858
9531241.313997412
9532062.523375345
9532883.803508474
9533705.154402895
9534526.576064723
9535348.068500016
9536169.631714895
9536991.265715456
9537812.970507797
9538634.746098036
9539456.592492238
9540278.50969652
9541100.497716984
9541922.55655975
9542744.686230883
9543566.886736503
9544389.158082712
9545211.500275636
9546033.91332134
9546856.397225948
9547678.951995563
9548501.577636292
9549324.27415426
9550147.041555537
9550969.879846249
9551792.789032502
9552615.769120404
9553438.820116088
9554261.94202562
9555085.13485513
9555908.39861073
9556731.73329855
9557555.138924662
9558378.615495197
9559202.163016269
9560025.781494008
9560849.470934493
9561673.231343854
9562497.062728208
9563320.965093667
9564144.938446367
9564968.982792389
9565793.098137865
9566617.284488915
9567441.541851657
9568265.870232224
9569090.269636702
9569914.740071228
9570739.28154192
9571563.89405492
9572388.577616308
9573213.332232226
9574038.157908797
9574863.054652164
9575688.022468407
9576513.061363673
9577338.171344085
9578163.352415767
9578988.604584863
9579813.927857462
9580639.322239708
9581464.787737729
9582290.324357651
9583115.932105623
9583941.610987734
9584767.36101013
9585593.182178944
9586419.074500324
9587245.037980359
9588071.072625203
9588897.178440986
9589723.35543386
9590549.60360992
9591375.922975315
9592202.313536182
9593028.775298653
9593855.308268884
9594681.91245297
9595508.587857066
9596335.33448731
9597162.152349837
9597989.041450804
9598816.001796313
9599643.033392517
9600470.136245558
9601297.310361575
9602124.555746727
9602951.872407116
9603779.260348903
9604606.719578248
9605434.250101255
9606261.851924084
9607089.525052883
9607917.26949379
9608745.085252972
9609572.972336536
9610400.930750644
9611228.960501442
9612057.061595077
9612885.234037716
9613713.477835467
9614541.792994497
9615370.179520955
9616198.63742099
9617027.166700771
9617855.767366407
9618684.439424073
9619513.182879915
9620341.997740107
9621170.884010762
9621999.84169805
9622828.870808128
9623657.971347166
9624487.14332128
9625316.386736646
9626145.701599417
9626975.08791575
9627804.545691822
9628634.074933749
9629463.67564771
9630293.34783986
9631123.091516363
9631952.906683391
9632782.793347068
9633612.751513574
9634442.781189067
9635272.882379733
9636103.055091688
9636933.29933112
9637763.615104187
9638594.002417075
9639424.461275905
9640254.991686866
9641085.59365612
9641916.267189832
9642747.01229419
9643577.828975318
9644408.717239404
9645239.677092617
9646070.708541125
9646901.811591113
9647732.986248715
9648564.232520118
9649395.550411493
9650226.939929029
9651058.40107886
9651889.933867175
9652721.538300151
9653553.214383975
9654384.962124785
9655216.781528773
9656048.672602113
9656880.63535098
9657712.669781571
9658544.775900021
9659376.953712529
9660209.203225268
9661041.524444418
9661873.917376177
9662706.382026685
9663538.91840214
9664371.526508719
9665204.206352627
9666036.957940003
9666869.781277047
9667702.676369945
9668535.643224895
9669368.681848042
9670201.79224559
9671034.974423721
9671868.22838862
9672701.554146497
9673534.95170349
9674368.421065811
9675201.962239644
9676035.575231178
9676869.260046618
9677703.016692115
9678536.845173877
9679370.745498093
9680204.717670955
9681038.761698669
9681872.877587391
9682707.065343328
9683541.324972697
9684375.656481646
9685210.05987639
9686044.535163123
9686879.08234804
9687713.701437352
9688548.39243722
9689383.155353853
9690217.990193455
9691052.896962216
9691887.875666358
9692722.926312037
9693558.04890547
9694393.243452858
9695228.509960402
9696063.84843432
9696899.258880772
9697734.741305979
9698570.295716146
9699405.922117492
9700241.62051618
9701077.390918434
9701913.233330458
9702749.147758476
9703585.134208653
9704421.192687215
9705257.323200367
9706093.525754316
9706929.800355287
9707766.147009451
9708602.565723034
9709439.056502245
9710275.619353294
9711112.25428241
9711948.961295761
9712785.740399582
9713622.591600081
9714459.514903491
9715296.510315984
9716133.577843795
9716970.717493135
9717807.92927024
9718645.213181281
9719482.569232496
9720319.9974301
9721157.497780308
9721995.070289358
9722832.714963429
9723670.431808755
9724508.220831554
9725346.082038049
9726184.015434476
9727022.021027016
9727860.098821908
9728698.248825375
9729536.471043658
9730374.765482938
9731213.132149458
9732051.571049443
9732890.082189132
9733728.665574715
9734567.321212431
9735406.049108509
9736244.849269172
9737083.72170067
9737922.666409187
9738761.683400972
9739600.772682251
9740439.934259254
9741279.16813823
9742118.474325366
9742957.852826916
9743797.303649109
9744636.826798195
9745476.422280366
9746316.090101875
9747155.830268953
9747995.642787857
9748835.527664777
9749675.48490597
9750515.514517669
9751355.61650611
9752195.790877549
9753036.037638184
9753876.356794268
9754716.748352043
9755557.212317746
9756397.748697633
9757238.357497906
9758079.038724825
9758919.792384628
9759760.618483558
9760601.517027874
9761442.48802378
9762283.531477537
9763124.64739539
9763965.835783599
9764807.09664837
9765648.429995969
9766489.835832639
9767331.314164646
9768172.864998197
9769014.488339558
9769856.184194976
9770697.952570701
9771539.793472998
9772381.706908079
9773223.69288221
9774065.751401644
9774907.88247263
9775750.08610144
9776592.362294285
9777434.711057436
9778277.132397147
9779119.626319692
9779962.192831282
9780804.831938192
9781647.54364668
9782490.327963017
9783333.184893422
9784176.11444417
9785019.116621517
9785862.191431724
9786705.338881064
9787548.55897576
9788391.85172209
9789235.217126312
9790078.655194687
9790922.165933495
9791765.749348959
9792609.40544736
9793453.134234961
9794296.935718045
9795140.809902832
9795984.756795611
9796828.776402643
9797672.868730213
9798517.03378455
9799361.271571936
9800205.58209864
9801049.96537093
9801894.421395091
9802738.950177355
9803583.551724005
9804428.226041317
9805272.973135557
9806117.793013016
9806962.685679924
9807807.651142575
9808652.689407239
9809497.800480211
9810342.98436772
9811188.241076065
9812033.570611516
9812878.97298037
9813724.448188862
9814569.996243287
9815415.617149921
9816261.310915042
9817107.077544948
9817952.917045875
9818798.829424122
9819644.81468597
9820490.872837698
9821337.003885606
9822183.207835933
9823029.484694984
9823875.834469035
9824722.257164394
9825568.752787301
9826415.32134406
9827261.962840956
9828108.677284291
9828955.464680312
9829802.325035324
9830649.258355614
9831496.264647469
9832343.343917193
9833190.496171037
9834037.721415307
9834885.019656295
9835732.390900288
9836579.835153595
9837427.352422468
9838274.94271322
9839122.606032137
9839970.342385517
9840818.151779668
9841666.034220848
9842513.989715366
9843362.018269518
9844210.11988962
9845058.294581927
9845906.542352753
9846754.863208396
9847603.257155174
9848451.724199342
9849300.264347218
9850148.877605103
9850997.563979296
9851846.323476113
9852695.15610182
9853544.061862733
9854393.040765155
9855242.092815388
9856091.218019754
9856940.416384516
9857789.687915998
9858639.032620503
9859488.450504357
9860337.941573825
9861187.50583523
9862037.14329488
9862886.853959104
9863736.637834167
9864586.494926395
9865436.4252421
9866286.42878759
9867136.505569194
9867986.65559318
9868836.87886588
9869687.175393607
9870537.54518267
9871387.988239404
9872238.504570078
9873089.094181027
9873939.757078568
9874790.49326903
9875641.30275869
9876492.185553884
9877343.141660929
9878194.17108616
9879045.273835853
9879896.449916348
9880747.699333962
9881599.022095013
9882450.418205842
9883301.887672728
9884153.43050201
9885005.046700012
9885856.736273052
9886708.499227475
9887560.33556956
9888412.245305654
9889264.228442078
9890116.284985177
9890968.414941235
9891820.618316598
9892672.895117592
9893525.245350562
9894377.669021796
9895230.166137641
9896082.736704428
9896935.38072848
9897788.098216148
9898640.889173724
9899493.753607556
9900346.691523977
9901199.702929314
9902052.787829923
9902905.946232093
9903759.178142179
9904612.483566513
9905465.862511452
9906319.314983288
9907172.840988375
9908026.44053305
9908880.113623671
9909733.86026653
9910587.68046799
9911441.574234385
9912295.541572053
9913149.582487356
9914003.696986591
9914857.885076119
9915712.146762278
9916566.482051414
9917420.890949884
9918275.373463992
9919129.929600101
9919984.559364554
9920839.262763694
9921694.039803887
9922548.890491435
9923403.814832706
9924258.812834047
9925113.884501822
9925969.029842338
9926824.248861965
9927679.541567048
9928534.90796396
9929390.348059006
9930245.861858558
9931101.449368965
9931957.11059658
9932812.845547773
9933668.654228855
9934524.536646202
9935380.492806163
9936236.522715095
9937092.62637937
9937948.803805305
9938805.054999271
9939661.379967628
9940517.778716752
9941374.251252959
9942230.797582624
9943087.41771211
9943944.111647792
9944800.87939599
9945657.720963083
9946514.636355434
9947371.6255794
9948228.688641366
9949085.82554765
9949943.036304638
9950800.32091869
9951657.679396171
9952515.111743465
9953372.617966898
9954230.198072853
9955087.852067694
9955945.579957813
9956803.381749531
9957661.25744924
9958519.207063302
9959377.230598113
9960235.328059996
9961093.499455342
9961951.744790524
9962810.064071909
9963668.45730589
9964526.924498796
9965385.465657024
9966244.080786943
9967102.76989493
9967961.532987375
9968820.370070614
9969679.281151043
9970538.266235037
9971397.32532899
9972256.458439242
9973115.665572189
9973974.946734209
9974834.3019317
9975693.731170999
9976553.234458508
9977412.811800607
9978272.463203674
9979132.188674115
9979991.988218267
9980851.861842532
9981711.809553295
9982571.831356939
9983431.927259868
9984292.097268425
9985152.341389015
9986012.659628026
9986873.051991861
9987733.518486869
9988594.059119454
9989454.673896007
9990315.362822935
9991176.125906585
9992036.96315337
9992897.874569675
9993758.860161895
9994619.919936439
9995481.053899659
9996342.262057967
9997203.544417756
9998064.900985418
9998926.331767367
9999787.836769957
10000649.415999604
10001511.069462704
10002372.79716565
10003234.599114861
10004096.475316694
10004958.425777566
10005820.450503875
10006682.549502037
10007544.722778417
10008406.97033943
10009269.29219148
10010131.688340986
10010994.158794308
10011856.70355787
10012719.322638074
10013582.016041324
10014444.78377404
10015307.625842592
10016170.542253401
10017033.533012873
10017896.598127414
10018759.73760345
10019622.951447347
10020486.239665536
10021349.602264421
10022213.039250433
10023076.550629942
10023940.136409376
10024803.796595145
10025667.531193681
10026531.340211354
10027395.223654598
10028259.181529824
10029123.213843444
10029987.320601895
10030851.501811549
10031715.757478839
10032580.087610183
10033444.492211996
10034308.971290715
10035173.524852715
10036038.152904436
10036902.855452294
10037767.632502727
10038632.484062117
10039497.410136899
10040362.410733499
10041227.485858355
10042092.635517847
10042957.859718418
10043823.158466492
10044688.53176849
10045553.979630856
10046419.502059974
10047285.09906229
10048150.770644227
10049016.516812213
10049882.337572692
10050748.232932054
10051614.202896742
10052480.247473188
10053346.366667839
10054212.560487084
10055078.828937372
10055945.172025135
10056811.589756822
10057678.082138827
10058544.649177598
10059411.290879568
10060278.007251173
10061144.798298866
10062011.664029038
10062878.604448143
10063745.619562622
10064612.709378907
10065479.873903453
10066347.11314266
10067214.427102985
10068081.815790862
10068949.279212754
10069816.817375058
10070684.430284234
10071552.117946722
10072419.880368983
10073287.71755742
10074155.62951849
10075023.61625864
10075891.67778431
10076759.814101968
10077628.025218012
10078496.311138911
10079364.671871107
10080233.10742105
10081101.617795203
10081970.202999972
10082838.863041826
10083707.597927215
10084576.407662584
10085445.292254403
10086314.251709081
10087183.286033092
10088052.395232882
10088921.579314925
10089790.838285632
10090660.172151476
10091529.580918908
10092399.064594405
10093268.623184377
10094138.2566953
10095007.965133632
10095877.748505825
10096747.606818357
10097617.540077645
10098487.548290165
10099357.631462377
10100227.789600737
10101098.022711728
10101968.330801765
10102838.71387733
10103709.171944885
10104579.70501091
10105450.313081827
10106320.996164119
10107191.754264249
10108062.5873887
10108933.495543895
10109804.47873632
10110675.53697244
10111546.670258721
10112417.87860165
10113289.162007652
10114160.520483214
10115031.954034807
10115903.462668898
10116775.046391975
10117646.705210468
10118518.439130869
10119390.248159645
10120262.132303294
10121134.09156824
10122006.12596098
10122878.235487986
10123750.420155754
10124622.679970713
10125495.014939362
10126367.425068174
10127239.910363624
10128112.470832212
10128985.106480371
10129857.817314602
10130730.60334138
10131603.464567184
10132476.400998516
10133349.412641812
10134222.499503573
10135095.661590282
10135968.898908438
10136842.211464485
10137715.599264923
10138589.062316237
10139462.600624932
10140336.214197448
10141209.903040292
10142083.667159948
10142957.506562904
10143831.421255665
10144705.41124468
10145579.476536453
10146453.617137473
10147327.833054231
10148202.124293236
10149076.490860933
10149950.93276384
10150825.450008439
10151700.04260123
10152574.71054872
10153449.45385736
10154324.272533668
10155199.166584155
10156074.136015274
10156949.180833543
10157824.301045455
10158699.496657506
10159574.767676214
10160450.114108035
10161325.535959486
10162201.033237064
10163076.605947273
10163952.254096627
10164827.977691587
10165703.776738673
10166579.651244389
10167455.601215232
10168331.626657728
10169207.727578338
10170083.903983586
10170960.155879973
10171836.483274026
10172712.886172207
10173589.364581047
10174465.918507045
10175342.547956733
10176219.252936576
10177096.033453101
10177972.889512818
10178849.821122233
10179726.828287879
10180603.911016224
10181481.069313796
10182358.30318711
10183235.612642676
10184112.997687027
10184990.458326634
10185867.994568031
10186745.606417732
10187623.293882273
10188501.056968126
10189378.895681828
10190256.810029894
10191134.800018864
10192012.865655212
10192891.006945476
10193769.223896174
10194647.516513826
10195525.884804973
10196404.328776091
10197282.848433724
10198161.443784392
10199040.114834616
10199918.861590939
10200797.684059843
10201676.582247874
10202555.556161553
10203434.605807425
10204313.731191976
10205192.932321751
10206072.209203277
10206951.561843101
10207830.990247708
10208710.494423646
10209590.074377447
10210469.730115635
10211349.461644767
10212229.268971324
10213109.152101863
10213989.111042913
10214869.145801008
10215749.256382696
10216629.442794474
10217509.705042893
10218390.04313449
10219270.457075818
10220150.946873369
10221031.512533704
10221912.154063355
10222792.871468883
10223673.664756782
10224554.533933612
10225435.47900591
10226316.499980217
10227197.596863091
10228078.769661034
10228960.018380605
10229841.343028346
10230722.7436108
10231604.220134528
10232485.772606034
10233367.401031882
10234249.105418613
10235130.885772778
10236012.742100937
10236894.674409598
10237776.682705326
10238658.76699469
10239540.927284196
10240423.163580414
10241305.475889891
10242187.864219176
10243070.328574842
10243952.868963394
10244835.485391408
10245718.177865434
10246600.946392022
10247483.79097775
10248366.711629124
10249249.708352722
10250132.781155098
10251015.930042807
10251899.155022426
10252782.456100468
10253665.83328351
10254549.28657811
10255432.815990847
10256316.421528237
10257200.103196861
10258083.861003278
10258967.694954067
10259851.605055748
10260735.591314904
10261619.653738096
10262503.792331886
10263388.007102858
10264272.298057534
10265156.665202497
10266041.108544314
10266925.628089549
10267810.223844789
10268694.895816557
10269579.644011443
10270464.468436012
10271349.369096855
10272234.346000496
10273119.399153529
10274004.52856252
10274889.734234061
10275775.016174681
10276660.374390975
10277545.80888951
10278431.319676861
10279316.906759623
10280202.570144325
10281088.309837565
10281974.125845917
10282860.018175954
10283745.986834275
10284632.031827414
10285518.153161969
10286404.350844517
10287290.624881659
10288176.97527993
10289063.40204593
10289949.90518624
10290836.48470746
10291723.14061613
10292609.872918852
10293496.681622209
10294383.566732783
10295270.528257178
10296157.566201936
10297044.680573663
10297931.871378941
10298819.13862436
10299706.482316526
10300593.90246198
10301481.399067333
10302368.972139174
10303256.62168411
10304144.347708689
10305032.15021952
10305920.029223196
10306807.984726327
10307696.01673546
10308584.12525721
10309472.31029817
10310360.571864933
10311248.909964113
10312137.324602257
10313025.81578599
10313914.383521898
10314803.027816582
10315691.74867666
10316580.546108684
10317469.420119273
10318358.370715026
10319247.397902539
10320136.501688436
10321025.682079272
10321914.939081669
10322804.272702249
10323693.682947572
10324583.16982426
10325472.733338915
10326362.373498142
10327252.090308564
10328141.883776743
10329031.753909307
10329921.700712858
10330811.724194005
10331701.824359376
10332592.001215532
10333482.254769105
10334372.585026704
10335262.991994936
10336153.47568043
10337044.036089757
10337934.673229545
10338825.38710641
10339716.17772698
10340607.045097828
10341497.989225587
10342389.01011687
10343280.10777831
10344171.282216484
10345062.533438025
10345953.861449549
10346845.266257672
10347736.747869033
10348628.306290207
10349519.941527832
10350411.653588528
10351303.442478912
10352195.308205625
10353087.250775246
10353979.270194419
10354871.366469761
10355763.539607918
10356655.789615467
10357548.116499057
10358440.520265307
10359333.000920868
10360225.558472315
10361118.1929263
10362010.904289447
10362903.692568382
10363796.557769755
10364689.499900151
10365582.518966217
10366475.614974584
10367368.78793188
10368262.037844758
10369155.364719804
10370048.768563671
10370942.249382991
10371835.807184417
10372729.44197454
10373623.153760012
10374516.942547472
10375410.80834357
10376304.751154901
10377198.770988123
10378092.867849872
10378987.041746784
10379881.292685516
10380775.620672666
10381670.025714891
10382564.507818833
10383459.06699113
10384353.703238444
10385248.416567374
10386143.20698458
10387038.074496707
10387933.019110415
10388828.040832309
10389723.13966905
10390618.315627284
10391513.568713678
10392408.898934834
10393304.306297418
10394199.790808078
10395095.352473458
10395990.991300233
10396886.707295002
10397782.50046444
10398678.370815193
10399574.318353914
10400470.34308727
10401366.445021875
10402262.6241644
10403158.880521495
10404055.214099817
10404951.624906035
10405848.112946765
10406744.678228682
10407641.32075844
10408538.040542716
10409434.837588124
10410331.711901342
10411228.663489029
10412125.69235786
10413022.798514456
10413919.981965493
10414817.242717635
10415714.580777539
10416611.996151887
10417509.4888473
10418407.05887046
10419304.706228029
10420202.430926671
10421100.23297307
10421998.112373851
10422896.069135696
10423794.103265272
10424692.214769267
10425590.403654303
10426488.66992707
10427387.013594236
10428285.43466249
10429183.933138456
10430082.50902883
10430981.162340276
10431879.893079469
10432778.701253101
10433677.586867798
10434576.549930258
10435475.59044715
10436374.70842515
10437273.903870951
10438173.176791187
10439072.527192554
10439971.955081727
10440871.460465405
10441771.043350222
10442670.703742875
10443570.441650044
10444470.257078428
10445370.150034664
10446270.120525453
10447170.168557476
10448070.294137413
10448970.497271968
10449870.777967779
10450771.13623155
10451671.572069963
10452572.085489707
10453472.676497482
10454373.345099933
10455274.091303768
10456174.91511567
10457075.81654235
10457976.79559045
10458877.85226668
10459778.98657773
10460680.198530309
10461581.488131063
10462482.855386706
10463384.300303927
10464285.822889417
10465187.42314989
10466089.101091996
10466990.856722448
10467892.69004794
10468794.601075169
10469696.589810846
10470598.656261628
10471500.800434232
10472403.022335352
10473305.321971707
10474207.699349955
10475110.15447681
10476012.687358975
10476915.29800317
10477817.986416053
10478720.752604345
10479623.596574746
10480526.518333958
10481429.517888706
10482332.59524565
10483235.750411512
10484138.983393
10485042.294196816
10485945.682829687
10486849.149298279
10487752.693609314
10488656.315769503
10489560.01578555
10490463.79366419
10491367.649412084
10492271.583035965
10493175.59454254
10494079.683938544
10494983.851230644
10495888.096425572
10496792.419530042
10497696.820550786
10498601.299494475
10499505.856367845
10500410.491177611
10501315.203930484
10502219.994633207
10503124.863292448
10504029.809914948
10504934.834507424
10505839.937076595
10506745.117629196
10507650.37617191
10508555.712711472
10509461.127254605
10510366.619808052
10511272.19037849
10512177.838972664
10513083.565597294
10513989.370259125
10514895.25296484
10515801.213721182
10516707.25253488
10517613.369412653
10518519.564361254
10519425.837387364
10520332.188497733
10521238.617699089
10522145.124998156
10523051.71040169
10523958.373916375
10524865.11554896
10525771.935306182
10526678.833194789
10527585.809221469
10528492.863392979
10529399.99571605
10530307.206197439
10531214.494843833
10532121.861661993
10533029.30665865
10533936.829840545
10534844.43121443
10535752.110787002
10536659.868565021
10537567.704555225
10538475.61876435
10539383.61119916
10540291.68186635
10541199.830772681
10542108.057924898
10543016.36332976
10543924.746993968
10544833.208924288
10545741.74912746
10546650.367610253
10547559.064379366
10548467.839441566
10549376.692803597
10550285.62447221
10551194.63445417
10552103.722756183
10553012.889385017
10553922.13434742
10554831.457650144
10555740.859299958
10556650.339303572
10557559.897667754
10558469.53439926
10559379.24950486
10560289.042991268
10561198.914865253
10562108.865133574
10563018.893803006
10563929.000880258
10564839.18637211
10565749.450285317
10566659.792626636
10567570.213402847
10568480.712620663
10569391.290286865
10570301.946408212
10571212.680991463
10572123.494043402
10573034.385570744
10573945.355580272
10574856.404078752
10575767.53107294
10576678.736569628
10577590.020575533
10578501.383097438
10579412.824142113
10580324.343716344
10581235.94182685
10582147.618480425
10583059.37368383
10583971.207443861
10584883.11976724
10585795.110660756
10586707.180131182
10587619.328185285
10588531.55482986
10589443.860071633
10590356.243917398
10591268.706373928
10592181.247447997
10593093.867146399
10594006.565475866
10594919.342443192
10595832.198055156
10596745.132318553
10597658.145240117
10598571.236826647
10599484.40708492
10600397.656021738
10601310.983643834
10602224.389958011
10603137.874971049
10604051.438689727
10604965.08112085
10605878.802271158
10606792.602147449
10607706.480756512
10608620.438105127
10609534.474200102
10610448.589048179
10611362.782656161
10612277.055030838
10613191.406179016
10614105.83610744
10615020.344822919
10615934.932332242
10616849.598642217
10617764.343759593
10618679.16769118
10619594.07044377
10620509.052024152
10621424.112439143
10622339.251695488
10623254.469800003
10624169.766759481
10625085.14258072
10626000.597270532
10626916.130835671
10627831.743282953
10628747.434619175
10629663.204851158
10630579.053985653
10631494.982029483
10632410.988989443
10633327.074872358
10634243.239684982
10635159.483434137
10636075.806126626
10636992.20776925
10637908.688368835
10638825.247932136
10639741.886465982
10640658.603977175
10641575.400472522
10642492.275958847
10643409.230442913
10644326.263931552
10645243.376431566
10646160.567949785
10647077.838492977
10647995.18806797
10648912.616681574
10649830.124340622
10650747.711051878
10651665.376822175
10652583.121658329
10653500.94556715
10654418.84855547
10655336.830630062
10656254.89179776
10657173.03206538
10658091.251439737
10659009.549927669
10659927.927535947
10660846.384271413
10661764.920140881
10662683.535151172
10663602.229309125
10664521.002621515
10665439.855095185
10666358.786736956
10667277.79755367
10668196.887552105
10669116.056739105
10670035.305121494
10670954.632706117
10671874.039499752
10672793.52550925
10673713.090741431
10674632.735203125
10675552.458901178
10676472.261842374
10677392.144033562
10678312.10548157
10679232.146193229
10680152.266175387
10681072.465434832
10681992.743978417
10682913.101812972
10683833.53894535
10684754.055382341
10685674.651130797
10686595.326197555
10687516.08058947
10688436.914313331
10689357.827375997
10690278.819784302
10691199.891545085
10692121.042665202
10693042.27315145
10693963.583010685
10694884.97224975
10695806.440875482
10696727.988894742
10697649.61631433
10698571.323141104
10699493.10938191
10700414.975043612
10701336.920133008
10702258.94465696
10703181.04862232
10704103.232035946
10705025.494904645
10705947.837235283
10706870.259034708
10707792.760309763
10708715.341067322
10709638.001314186
10710560.741057228
10711483.560303297
10712406.45905924
10713329.437331934
10714252.495128183
10715175.632454863
10716098.849318825
10717022.145726943
10717945.521686029
10718868.977202957
10719792.512284582
10720716.126937782
10721639.821169369
10722563.594986219
10723487.448395193
10724411.381403146
10725335.394016959
10726259.486243447
10727183.65808949
10728107.90956195
10729032.240667686
10729956.651413582
10730881.141806457
10731805.711853193
10732730.361560654
10733655.090935726
10734579.899985228
10735504.788716048
10736429.75713505
10737354.805249123
10738279.933065088
10739205.140589837
10740130.427830234
10741055.794793151
10741981.241485476
10742906.767914036
10743832.374085722
10744758.060007406
10745683.82568596
10746609.671128273
10747535.59634118
10748461.601331571
10749387.68610632
10750313.850672305
10751240.09503642
10752166.419205494
10753092.823186431
10754019.306986103
10754945.87061141
10755872.514069187
10756799.237366334
10757726.040509729
10758652.923506273
10759579.886362804
10760506.929086223
10761434.051683413
10762361.254161255
10763288.536526654
10764215.898786448
10765143.340947544
10766070.863016825
10766998.465001177
10767926.146907507
10768853.908742657
10769781.750513535
10770709.67222703
10771637.67389005
10772565.75550944
10773493.917092111
10774422.158644954
10775350.480174879
10776278.881688735
10777207.363193432
10778135.924695866
10779064.566202927
10779993.287721531
10780922.08925853
10781850.970820835
10782779.932415346
10783708.974048955
10784638.095728584
10785567.297461081
10786496.57925337
10787425.941112345
10788355.38304493
10789284.905057978
10790214.50715841
10791144.189353129
10792073.951649055
10793003.794053048
10793933.71657203
10794863.719212905
10795793.801982576
10796723.96488797
10797654.207935944
10798584.531133428
10799514.934487328
10800445.418004548
10801375.98169202
10802306.625556603
10803237.349605232
10804168.153844811
10805099.038282275
10806030.002924489
10806961.047778383
10807892.172850871
10808823.378148885
10809754.663679292
10810686.02944903
10811617.47546501
10812549.001734149
10813480.608263379
10814412.295059575
10815344.062129673
10816275.909480589
10817207.83711924
10818139.845052568
10819071.933287444
10820004.101830812
10820936.350689588
10821868.679870693
10822801.08938107
10823733.579227598
10824666.149417218
10825598.799956877
10826531.53085345
10827464.342113884
10828397.233745106
10829330.205754038
10830263.258147629
10831196.390932757
10832129.604116376
10833062.89770541
10833996.271706786
10834929.726127457
10835863.260974305
10836796.876254283
10837730.571974322
10838664.348141352
10839598.204762325
10840532.14184413
10841466.159393722
10842400.257418033
10843334.43592402
10844268.694918571
10845203.034408644
10846137.454401176
10847071.954903124
10848006.53592138
10848941.197462903
10849875.939534632
10850810.762143506
10851745.665296486
10852680.649000466
10853615.713262407
10854550.858089255
10855486.083487947
10856421.389465448
10857356.776028657
10858292.24318454
10859227.79094004
10860163.419302125
10861099.128277693
10862034.917873712
10862970.788097132
10863906.738954918
10864842.770453976
10865778.882601274
10866715.075403763
10867651.348868389
10868587.703002125
10869524.13781188
10870460.653304623
10871397.249487309
10872333.926366888
10873270.683950337
10874207.522244563
10875144.441256544
10876081.440993233
10877018.521461608
10877955.68266858
10878892.92462113
10879830.247326212
10880767.650790807
10881705.135021828
10882642.700026259
10883580.345811056
10884518.07238318
10885455.879749615
10886393.767917277
10887331.73689315
10888269.786684195
10889207.917297378
10890146.128739681
10891084.421018029
10892022.794139404
10892961.248110773
10893899.782939127
10894838.398631385
10895777.095194535
10896715.872635549
10897654.730961416
10898593.67017906
10899532.690295473
10900471.791317627
10901410.973252488
10902350.236107055
10903289.579888253
10904229.004603077
10905168.510258501
10906108.096861498
10907047.764419066
10907987.512938133
10908927.342425698
10909867.25288874
10910807.24433423
10911747.316769173
10912687.470200501
10913627.704635214
10914568.020080313
10915508.416542737
10916448.894029483
10917389.452547537
10918330.092103878
10919270.812705511
10920211.614359375
10921152.497072475
10922093.460851794
10923034.505704321
10923975.631637057
10924916.838656949
10925858.126771003
10926799.495986205
10927740.946309546
10928682.477748035
10929624.090308614
10930565.783998298
10931507.558824075
10932449.414792959
10933391.351911897
10934333.370187901
10935275.469627967
10936217.650239108
10937159.912028272
10938102.255002478
10939044.679168722
10939987.184533995
10940929.771105317
10941872.438889643
10942815.18789399
10943758.018125357
10944700.929590741
10945643.922297165
10946586.996251583
10947530.151461018
10948473.387932472
10949416.705672966
10950360.10468946
10951303.58498898
10952247.146578526
10953190.789465126
10954134.513655739
10955078.319157394
10956022.205977097
10956966.174121851
10957910.223598689
10958854.354414573
10959798.566576533
10960742.860091576
10961687.234966714
10962631.69120898
10963576.228825336
10964520.847822819
10965465.54820844
10966410.329989232
10967355.193172164
10968300.137764275
10969245.163772576
10970190.271204103
10971135.46006583
10972080.730364794
10973026.082108011
10973971.5153025
10974917.0299553
10975862.626073383
10976808.303663792
10977754.062733548
10978699.903289668
10979645.8253392
10980591.828889117
10981537.913946463
10982484.080518262
10983430.32861156
10984376.658233335
10985323.069390636
10986269.562090486
10987216.136339935
10988162.79214596
10989109.529515617
10990056.348455926
10991003.248973923
10991950.231076654
10992897.294771103
10993844.440064326
10994791.66696335
10995738.975475209
10996686.365606956
10997633.837365579
10998581.39075813
10999529.025791649
11000476.742473163
11001424.540809736
11002372.420808353
11003320.382476075
11004268.42581996
11005216.550847001
11006164.75756426
11007113.045978772
11008061.416097578
11009009.86792774
11009958.401476253
11010907.016750181
11011855.713756563
11012804.492502443
11013753.352994887
11014702.295240892
11015651.319247525
11016600.42502183
11017549.612570852
11018498.88190166
11019448.233021252
11020397.665936701
11021347.180655055
11022296.777183382
11023246.455528688
11024196.215698043
11025146.057698498
11026095.981537124
11027045.987220932
11027996.074756991
11028946.244152356
11029896.495414078
11030846.828549236
11031797.243564839
11032747.740467962
11033698.31926566
11034648.979964992
11035599.722573036
11036550.547096802
11037501.453543374
11038452.441919807
11039403.512233187
11040354.664490523
11041305.898698902
11042257.214865383
11043208.61299705
11044160.09310092
11045111.65518408
11046063.299253592
11047015.025316522
11047966.833379952
11048918.723450907
11049870.695536472
11050822.749643715
11051774.885779705
11052727.103951527
11053679.404166209
11054631.78643084
11055584.250752488
11056536.79713825
11057489.425595146
11058442.136130275
11059394.928750705
11060347.803463534
11061300.760275787
11062253.799194561
11063206.920226932
11064160.123379974
11065113.408660784
11066066.776076395
11067020.225633904
11067973.75734039
11068927.371202929
11069881.067228625
11070834.84542451
11071788.705797687
11072742.648355236
11073696.673104262
11074650.7800518
11075604.969204953
11076559.240570806
11077513.594156466
11078468.029968971
11079422.548015427
11080377.14830292
11081331.830838537
11082286.595629387
11083241.442682508
11084196.372005016
11085151.383603996
11086106.477486536
11087061.653659752
11088016.912130684
11088972.25290645
11089927.67599414
11090883.181400843
11091838.769133676
11092794.43919969
11093750.191605998
11094706.026359694
11095661.943467898
11096617.94293766
11097574.024776097
11098530.188990308
11099486.435587412
11100442.764574463
11101399.17595858
11102355.669746863
11103312.245946413
11104268.904564355
11105225.64560774
11106182.469083697
11107139.374999324
11108096.363361727
11109053.434178034
11110010.587455299
11110967.823200654
11111925.1414212
11112882.54212407
11113840.025316324
11114797.591005089
11115755.239197478
11116712.969900617
11117670.783121573
11118628.678867478
11119586.657145442
11120544.717962576
11121502.861326013
11122461.087242821
11123419.395720137
11124377.78676507
11125336.26038474
11126294.81658628
11127253.45537676
11128212.17676332
11129170.980753075
11130129.867353167
11131088.836570665
11132047.888412714
11133007.02288643
11133966.239998957
11134925.539757367
11135884.922168808
11136844.387240397
11137803.934979256
11138763.565392535
11139723.278487308
11140683.07427072
11141642.9527499
11142602.91393197
11143562.95782408
11144523.084433308
11145483.293766806
11146443.585831702
11147403.960635144
11148364.418184219
11149324.958486078
11150285.581547849
11151246.287376685
11152207.075979676
11153167.947363973
11154128.901536709
11155089.938505016
11156051.058276052
11157012.260856906
11157973.546254735
11158934.914476674
11159896.36552986
11160857.899421452
11161819.516158542
11162781.21574829
11163742.998197835
11164704.86351434
11165666.811704898
11166628.842776673
11167590.956736805
11168553.153592458
11169515.43335073
11170477.796018789
11171440.241603773
11172402.770112831
11173365.381553126
11174328.075931761
11175290.853255905
11176253.713532703
11177216.656769302
11178179.682972874
11179142.792150522
11180105.984309414
11181069.259456705
11182032.617599541
11182996.0587451
11183959.582900483
11184923.190072868
11185886.880269406
11186850.653497277
11187814.509763584
11188778.449075507
11189742.471440202
11190706.576864846
11191670.765356552
11192635.036922496
11193599.39156984
11194563.829305738
11195528.350137375
11196492.954071864
11197457.641116388
11198422.411278108
11199387.264564184
11200352.200981801
11201317.220538078
11202282.3232402
11203247.50909533
11204212.778110655
11205178.130293295
11206143.565650439
11207109.084189253
11208074.685916927
11209040.370840583
11210006.13896741
11210971.99030458
11211937.92485926
11212903.942638643
11213870.043649854
11214836.227900088
11215802.495396517
11216768.846146312
11217735.28015667
11218701.79743472
11219668.397987656
11220635.081822656
11221601.848946918
11222568.699367572
11223535.633091817
11224502.65012683
11225469.750479812
11226436.934157899
11227404.20116829
11228371.551518165
11229338.985214705
11230306.502265116
11231274.102676531
11232241.786456157
11233209.553611176
11234177.404148772
11235145.338076152
11236113.355400456
11237081.45612889
11238049.640268644
11239017.907826923
11239986.258810872
11240954.6932277
11241923.211084597
11242891.812388774
11243860.497147376
11244829.265367614
11245798.11705668
11246767.05222177
11247736.070870092
11248705.173008798
11249674.358645102
11250643.6277862
11251612.980439285
11252582.416611576
11253551.936310224
11254521.539542448
11255491.226315444
11256460.996636434
11257430.850512572
11258400.787951076
11259370.808959149
11260340.913544014
11261311.101712825
11262281.373472806
11263251.728831163
11264222.167795094
11265192.690371828
11266163.296568522
11267133.986392405
11268104.75985068
11269075.616950555
11270046.55769926
11271017.582103955
11271988.69017187
11272959.881910214
11273931.157326197
11274902.516427051
11275873.95921994
11276845.485712098
11277817.095910737
11278788.789823093
11279760.56745633
11280732.428817684
11281704.373914374
11282676.402753633
11283648.515342632
11284620.71168861
11285592.991798783
11286565.355680367
11287537.803340605
11288510.334786667
11289482.950025797
11290455.649065213
11291428.431912137
11292401.298573812
11293374.249057414
11294347.283370186
11295320.401519353
11296293.603512159
11297266.889355784
11298240.259057475
11299213.712624457
11300187.250063978
11301160.871383222
11302134.576589433
11303108.365689844
11304082.238691682
11305056.195602197
11306030.236428574
11307004.361178067
11307978.569857905
11308952.86247532
11309927.239037568
11310901.699551834
11311876.244025376
11312850.872465426
11313825.584879246
11314800.381274018
11315775.261657007
11316750.226035446
11317725.274416596
11318700.406807648
11319675.623215865
11320650.923648484
11321626.308112746
11322601.776615914
11323577.329165181
11324552.965767814
11325528.686431054
11326504.491162142
11327480.379968347
11328456.352856865
11329432.409834962
11330408.550909888
11331384.776088908
11332361.085379222
11333337.478788104
11334313.956322797
11335290.517990574
11336267.16379864
11337243.893754262
11338220.707864698
11339197.606137192
11340174.588579021
11341151.655197391
11342128.805999579
11343106.040992834
11344083.360184414
11345060.763581596
11346038.251191588
11347015.823021669
11347993.479079094
11348971.219371146
11349949.043905035
11350926.95268804
11351904.945727425
11352883.02303047
11353861.184604386
11354839.430456461
11355817.760593956
11356796.175024131
11357774.673754273
11358753.2567916
11359731.924143396
11360710.675816927
11361689.51181946
11362668.432158282
11363647.436840612
11364626.525873743
11365605.699264942
11366584.957021475
11367564.299150636
11368543.725659648
11369523.236555804
11370502.831846375
11371482.511538655
11372462.27563987
11373442.124157317
11374422.057098268
11375402.074470019
11376382.1762798
11377362.36253491
11378342.633242622
11379322.988410216
11380303.428044988
11381283.952154174
11382264.560745072
11383245.25382496
11384226.031401122
11385206.89348086
11386187.840071404
11387168.871180063
11388149.986814119
11389131.186980877
11390112.471687574
11391093.840941515
11392075.294749988
11393056.8331203
11394038.45605969
11395020.163575469
11396001.95567492
11396983.832365336
11397965.793654026
11398947.839548234
11399929.970055271
11400912.185182428
11401894.484936994
11402876.869326288
11403859.338357551
11404841.892038101
11405824.530375233
11406807.253376262
11407790.061048437
11408772.953399077
11409755.930435475
11410738.992164955
11411722.138594765
11412705.369732225
11413688.685584636
11414672.086159296
11415655.571463529
11416639.141504586
11417622.796289794
11418606.535826452
11419590.360121865
11420574.269183356
11421558.263018185
11422542.341633676
11423526.505037136
11424510.753235893
11425495.086237207
11426479.504048407
11427464.0066768
11428448.594129719
11429433.266414424
11430418.023538247
11431402.865508499
11432387.792332489
11433372.804017553
11434357.900570955
11435343.082000032
11436328.348312095
11437313.699514456
11438299.135614457
11439284.656619363
11440270.262536513
11441255.953373222
11442241.72913681
11443227.589834616
11444213.53547391
11445199.566062033
11446185.681606332
11447171.882114075
11448158.16759261
11449144.538049255
11450130.993491333
11451117.53392619
11452104.159361102
11453090.869803416
11454077.665260455
11455064.545739546
11456051.511248035
11457038.561793204
11458025.697382404
11459012.918022959
11460000.223722197
11460987.614487473
11461975.090326069
11462962.651245335
11463950.297252607
11464938.028355233
11465925.844560504
11466913.745875772
11467901.732308371
11468889.803865658
11469877.960554922
11470866.20238352
11471854.52935879
11472842.941488063
11473831.438778702
11474820.021238
11475808.688873315
11476797.44169199
11477786.279701358
11478775.202908788
11479764.211321572
11480753.304947073
11481742.483792635
11482731.747865625
11483721.097173337
11484710.531723138
11485700.051522374
11486689.656578412
11487679.346898552
11488669.122490166
11489658.983360596
11490648.929517193
11491638.960967327
11492629.0777183
11493619.279777488
11494609.567152238
11495599.9398499
11496590.397877852
11497580.941243397
11498571.569953913
11499562.28401675
11500553.083439289
11501543.968228836
11502534.938392768
11503525.993938444
11504517.134873241
11505508.361204473
11506499.672939517
11507491.070085734
11508482.552650481
11509474.120641144
11510465.774065034
11511457.512929536
11512449.337242011
11513441.247009823
11514433.242240356
11515425.322940929
11516417.489118926
11517409.740781715
11518402.077936683
11519394.50059115
11520387.008752506
11521379.602428118
11522372.281625377
11523365.046351606
11524357.896614196
11525350.832420517
11526343.85377794
11527336.960693859
11528330.153175598
11529323.431230556
11530316.794866104
11531310.244089613
11532303.778908486
11533297.399330046
11534291.105361694
11535284.897010807
11536278.774284761
11537272.737190958
11538266.785736727
11539260.91992947
11540255.139776593
11541249.445285425
11542243.836463373
11543238.313317817
11544232.875856139
11545227.524085745
11546222.258013973
11547217.077648226
11548211.982995892
11549206.974064356
11550202.050861025
11551197.21339324
11552192.461668411
11553187.795693925
11554183.21547717
11555178.72102556
11556174.312346438
11557169.989447214
11558165.752335282
11559161.601018056
11560157.53550288
11561153.555797173
11562149.661908327
11563145.853843758
11564142.131610813
11565138.495216914
11566134.944669453
11567131.47997583
11568128.101143466
11569124.808179708
11570121.601091981
11571118.479887683
11572115.444574215
11573112.495158996
11574109.631649386
11575106.854052808
11576104.162376665
11577101.55662838
11578099.036815312
11579096.60294489
11580094.255024515
11581091.99306162
11582089.817063563
11583087.72703777
11584085.722991655
11585083.804932622
11586081.972868105
11587080.226805463
11588078.566752134
11589076.992715525
11590075.504703049
11591074.10272214
11592072.786780164
11593071.556884557
11594070.413042735
11595069.355262134
11596068.383550122
11597067.49791414
11598066.6983616
11599065.984899947
11600065.357536549
11601064.816278849
11602064.361134265
11603063.992110217
11604063.709214149
11605063.512453433
11606063.401835516
11607063.377367819
11608063.439057764
11609063.5869128
11610063.8209403
11611064.141147718
11612064.547542475
11613065.040132022
11614065.618923737
11615066.28392507
11616067.035143452
11617067.872586332
11618068.796261095
11619069.806175191
11620070.902336054
11621072.08475111
11622073.35342782
11623074.708373565
11624076.149595803
11625077.677101966
11626079.290899491
11627080.990995834
11628082.777398385
11629084.650114601
11630086.609151924
11631088.654517787
11632090.78621965
11633093.004264912
11634095.308661027
11635097.699415466
11636100.176535616
11637102.740028948
11638105.389902899
11639108.126164913
11640110.94882246
11641113.85788293
11642116.853353798
11643119.935242504
11644123.103556497
11645126.358303245
11646129.699490149
11647133.12712468
11648136.641214285
11649140.241766416
11650143.928788543
11651147.702288069
11652151.562272472
11653155.5087492
11654159.54172573
11655163.661209468
11656167.86720789
11657172.15972845
11658176.53877863
11659181.004365833
11660185.556497542
11661190.195181211
11662194.9204243
11663199.73223429
11664204.63061859
11665209.615584685
11666214.687140035
11667219.845292099
11668225.090048363
11669230.421416242
11670235.839403221
11671241.344016762
11672246.935264356
11673252.613153417
11674258.377691433
11675264.228885872
11676270.166744225
11677276.191273907
11678282.302482413
11679288.50037721
11680294.784965767
11681301.156255577
11682307.614254063
11683314.15896872
11684320.790407019
11685327.508576432
11686334.313484455
11687341.205138516
11688348.18354611
11689355.248714712
11690362.400651822
11691369.639364868
11692376.964861352
11693384.37714875
11694391.876234563
11695399.462126223
11696407.134831231
11697414.89435707
11698422.740711218
11699430.673901182
11700438.693934392
11701446.80081836
11702454.994560564
11703463.27516849
11704471.642649647
11705480.097011471
11706488.638261471
11707497.266407134
11708505.98145597
11709514.783415422
11710523.672292998
11711532.648096187
11712541.710832506
11713550.860509394
11714560.097134368
11715569.420714917
11716578.831258535
11717588.328772739
11718597.913264971
11719607.584742753
11720617.343213579
11721627.18868494
11722637.121164363
11723647.140659291
11724657.247177247
11725667.44072573
11726677.721312238
11727688.088944292
11728698.543629346
11729709.085374925
11730719.714188553
11731730.430077683
11732741.233049843
11733752.123112535
11734763.100273263
11735774.164539555
11736785.31591887
11737796.554418735
11738807.880046656
11739819.292810144
11740830.792716727
11741842.379773865
11742854.053989092
11743865.815369917
11744877.663923852
11745889.59965843
11746901.622581115
11747913.732699443
11748925.930020925
11749938.214553101
11750950.586303437
11751963.045279471
11752975.591488717
11753988.224938719
11755000.94563694
11756013.753590925
11757026.64880819
11758039.631296257
11759052.701062666
11760065.858114889
11761079.102460472
11762092.434106935
11763105.8530618
11764119.359332616
11765132.952926854
11766146.633852063
11767160.40211577
11768174.25772552
11769188.200688794
11770202.231013142
11771216.348706089
11772230.553775188
11773244.846227918
11774259.226071835
11775273.693314467
11776288.247963343
11777302.890026018
11778317.619509978
11779332.436422776
11780347.340771949
11781362.332565026
11782377.411809567
11783392.57851306
11784407.832683064
11785423.174327113
11786438.60345277
11787454.120067522
11788469.724178934
11789485.415794544
11790501.194921913
11791517.061568536
11792533.015741976
11793549.057449773
11794565.186699472
11795581.403498638
11796597.707854766
11797614.099775424
11798630.579268157
11799647.146340512
11800663.801000055
11801680.543254286
11802697.373110777
11803714.290577075
11804731.295660751
11805748.388369309
11806765.568710322
11807782.836691339
11808800.192319937
11809817.635603618
11810835.166549958
11811852.785166513
11812870.491460834
11813888.285440499
11814906.167113015
11815924.136485964
11816942.1935669
11817960.338363381
11818978.570882987
11819996.89113323
11821015.299121693
11822033.794855934
11823052.378343513
11824071.049592018
11825089.808608958
11826108.65540192
11827127.589978471
11828146.612346195
11829165.722512607
11830184.920485297
11831204.206271831
11832223.579879798
11833243.041316718
11834262.59059018
11835282.227707757
11836301.952677011
11837321.76550554
11838341.666200863
11839361.654770577
11840381.731222251
11841401.895563459
11842422.147801796
11843442.487944787
11844462.916000033
11845483.431975104
11846504.035877602
11847524.727715055
11848545.50749506
11849566.3752252
11850587.33091307
11851608.374566207
11852629.50619221
11853650.725798657
11854672.033393133
11855693.428983241
11856714.912576515
11857736.48418056
11858758.143802961
11859779.891451301
11860801.727133187
11861823.650856156
11862845.66262782
11863867.762455763
11864889.950347597
11865912.22631086
11866934.590353167
11867957.042482104
11868979.582705287
11870002.211030256
11871024.927464629
11872047.732015992
11873070.624691943
11874093.605500095
11875116.674447995
11876139.83154326
11877163.076793486
11878186.410206268
11879209.831789225
11880233.341549909
11881256.939495938
11882280.62563491
11883304.39997445
11884328.262522109
11885352.213285508
11886376.25227225
11887400.379489962
11888424.594946194
11889448.898648577
11890473.290604709
11891497.770822199
11892522.339308672
11893546.996071687
11894571.741118874
11895596.57445784
11896621.496096188
11897646.506041557
11898671.604301501
11899696.790883657
11900722.065795632
11901747.429045064
11902772.880639514
11903798.420586618
11904824.048893986
11905849.76556926
11906875.570620004
11907901.464053854
11908927.445878427
11909953.516101338
11910979.67473023
11912005.921772668
11913032.257236296
11914058.681128731
11915085.193457594
11916111.794230528
11917138.483455105
11918165.26113897
11919192.127289744
11920219.081915049
11921246.125022534
11922273.256619772
11923300.476714414
11924327.785314083
11925355.18242643
11926382.66805903
11927410.24221954
11928437.90491558
11929465.656154808
11930493.495944802
11931521.424293216
11932549.44120768
11933577.546695828
11934605.74076531
11935634.023423716
11936662.394678697
11937690.854537891
11938719.403008929
11939748.040099472
11940776.765817106
11941805.580169491
11942834.483164266
11943863.47480909
11944892.555111554
11945921.72407932
11946950.981720028
11947980.328041343
11949009.763050856
11950039.286756234
11951068.899165116
11952098.600285148
11953128.390123997
11954158.268689256
11955188.235988598
11956218.292029664
11957248.436820103
11958278.670367584
11959308.992679708
11960339.403764145
11961369.903628543
11962400.49228058
11963431.169727853
11964461.935978036
11965492.791038785
11966523.734917773
11967554.767622605
11968585.889160957
11969617.099540485
11970648.39876884
11971679.786853706
11972711.263802689
11973742.829623468
11974774.4843237
11975806.227911048
11976838.060393188
11977869.981777733
11978901.992072368
11979934.091284754
11980966.279422574
11981998.556493443
11983030.922505047
11984063.37746505
11985095.92138114
11986128.554260932
11987161.276112115
11988194.086942356
11989226.986759322
11990259.975570703
11991293.053384118
11992326.220207259
11993359.476047797
11994392.8209134
11995426.254811766
11996459.777750513
11997493.38973734
11998527.090779917
11999560.880885944
12000594.760063045
12001628.728318917
12002662.785661237
12003696.932097705
12004731.167635947
12005765.492283667
12006799.90604854
12007834.408938246
12008869.000960488
12009903.682122895
12010938.452433174
12011973.311899006
12013008.26052807
12014043.298328077
12015078.425306657
12016113.64147152
12017148.94683035
12018184.341390831
12019219.825160677
12020255.39814752
12021291.060359074
12022326.811803026
12023362.652487088
12024398.582418902
12025434.60160618
12026470.710056614
12027506.90777792
12028543.194777736
12029579.571063785
12030616.036643755
12031652.59152534
12032689.235716263
12033725.969224164
12034762.792056767
12035799.704221768
12036836.705726862
12037873.796579773
12038910.976788146
12039948.24635971
12040985.605302162
12042023.053623226
12043060.591330554
12044098.218431873
12045135.934934884
12046173.740847318
12047211.636176823
12048249.620931132
12049287.695117949
12050325.858744979
12051364.111819955
12052402.454350531
12053440.88634444
12054479.407809393
12055518.018753096
12056556.719183285
12057595.509107618
12058634.388533833
12059673.35746964
12060712.415922778
12061751.563900907
12062790.801411768
12063830.128463075
12064869.545062564
12065909.051217906
12066948.646936838
12067988.33222708
12069028.107096346
12070067.971552381
12071107.925602853
12072147.969255509
12073188.102518065
12074228.325398246
12075268.637903795
12076309.040042385
12077349.531821765
12078390.113249658
12079430.78433381
12080471.5450819
12081512.395501679
12082553.33560087
12083594.365387224
12084635.48486842
12085676.694052214
12086717.992946329
12087759.381558498
12088800.859896477
12089842.427967945
12090884.085780658
12091925.833342347
12092967.67066075
12094009.59774362
12095051.614598643
12096093.721233578
12097135.917656163
12098178.203874154
12099220.579895245
12100263.045727191
12101305.601377735
12102348.246854639
12103390.982165594
12104433.807318361
12105476.722320685
12106519.727180306
12107562.82190499
12108606.006502433
12109649.280980399
12110692.645346636
12111736.099608885
12112779.64377492
12113823.277852433
12114867.0018492
12115910.815772967
12116954.719631482
12117998.713432517
12119042.797183773
12120086.970893025
12121131.234568024
12122175.588216547
12123220.031846294
12124264.565465046
12125309.189080553
12126353.902700596
12127398.70633288
12128443.599985182
12129488.583665263
12130533.657380877
12131578.821139807
12132624.074949762
12133669.418818524
12134714.852753855
12135760.376763511
12136805.990855282
12137851.695036879
12138897.489316085
12139943.373700667
12140989.348198412
12142035.412817035
12143081.567564324
12144127.812448045
12145174.147475991
12146220.572655877
12147267.087995496
12148313.693502616
12149360.389185006
12150407.17505046
12151454.051106697
12152501.017361516
12153548.073822686
12154595.22049798
12155642.457395198
12156689.784522058
12157737.201886365
12158784.70949589
12159832.307358434
12160879.995481726
12161927.773873564
12162975.642541729
12164023.601494022
12165071.65073817
12166119.790281983
12167168.020133236
12168216.340299712
12169264.75078922
12170313.251609487
12171361.842768325
12172410.524273515
12173459.296132842
12174508.158354117
12175557.110945074
12176606.153913526
12177655.287267258
12178704.511014085
12179753.825161744
12180803.229718046
12181852.724690786
12182902.310087774
12183951.985916754
12185001.752185544
12186051.608901933
12187101.556073714
12188151.593708709
12189201.721814658
12190251.940399386
12191302.249470683
12192352.64903635
12193403.139104204
12194453.719681999
12195504.390777553
12196555.152398666
12197606.004553141
12198656.9472488
12199707.980493395
12200759.104294753
12201810.3186607
12202861.623598991
12203913.019117452
12204964.50522389
12206016.08192611
12207067.74923194
12208119.50714914
12209171.35568554
12210223.294848945
12211275.32464717
12212327.445088044
12213379.656179328
12214431.957928857
12215484.350344444
12216536.833433898
12217589.40720506
12218642.07166569
12219694.826823626
12220747.672686687
12221800.609262709
12222853.636559458
12223906.754584778
12224959.963346485
12226013.262852421
12227066.653110355
12228120.134128133
12229173.705913572
12230227.368474493
12231281.121818744
12232334.965954093
12233388.900888393
12234442.926629463
12235497.04318513
12236551.250563242
12237605.548771571
12238659.937817974
12239714.417710274
12240768.988456324
12241823.650063902
12242878.40254086
12243933.24589503
12244988.180134267
12246043.205266347
12247098.321299132
12248153.528240452
12249208.826098138
12250264.21488005
12251319.694593972
12252375.265247762
12253430.926849257
12254486.679406295
12255542.522926733
12256598.457418362
12257654.482889043
12258710.599346615
12259766.806798944
12260823.10525382
12261879.494719105
12262935.975202644
12263992.546712305
12265049.209255878
12266105.962841233
12267162.807476213
12268219.743168665
12269276.769926457
12270333.887757387
12271391.096669326
12272448.39667012
12273505.78776762
12274563.2699697
12275620.843284156
12276678.507718865
12277736.26328168
12278794.109980475
12279852.047823053
12280910.076817293
12281968.196971048
12283026.408292195
12284084.710788542
12285143.104467968
12286201.58933833
12287260.165407484
12288318.832683316
12289377.59117363
12290436.440886311
12291495.381829223
12292554.41401022
12293613.537437191
12294672.752117949
12295732.05806038
12296791.455272345
12297850.943761712
12298910.523536367
12299970.194604129
12301029.956972884
12302089.810650527
12303149.755644873
12304209.791963816
12305269.919615224
12306330.138606967
12307390.44894694
12308450.850642962
12309511.34370293
12310571.928134715
12311632.603946192
12312693.371145258
12313754.229739735
12314815.179737525
12315876.221146503
12316937.353974545
12317998.578229552
12319059.89391935
12320121.301051846
12321182.799634915
12322244.389676461
12323306.071184317
12324367.844166387
12325429.708630554
12326491.664584722
12327553.712036727
12328615.850994475
12329678.081465852
12330740.40345874
12331802.816981053
12332865.322040625
12333927.918645369
12334990.606803171
12336053.38652192
12337116.257809531
12338179.22067384
12339242.275122767
12340305.4211642
12341368.658806056
12342431.988056177
12343495.408922482
12344558.921412865
12345622.525535243
12346686.221297462
12347750.008707443
12348813.887773084
12349877.858502278
12350941.92090295
12352006.07498295
12353070.320750201
12354134.658212602
12355199.087378053
12356263.608254481
12357328.220849738
12358392.92517175
12359457.72122842
12360522.609027682
12361587.588577384
12362652.659885459
12363717.822959812
12364783.077808376
12365848.424439007
12366913.86285964
12367979.39307818
12369045.01510254
12370110.728940653
12371176.534600379
12372242.432089655
12373308.421416394
12374374.502588507
12375440.675613934
12376506.940500539
12377573.29725626
12378639.745889014
12379706.28640674
12380772.91881731
12381839.64312866
12382906.459348712
12383973.367485408
12385040.36754662
12386107.459540289
12387174.64347434
12388241.919356693
12389309.287195295
12390376.74699802
12391444.298772814
12392511.942527605
12393579.678270314
12394647.506008895
12395715.425751224
12396783.43750525
12397851.541278904
12398919.737080112
12399988.02491683
12401056.404796937
12402124.876728388
12403193.44071914
12404262.096777074
12405330.844910149
12406399.685126295
12407468.61743345
12408537.64183957
12409606.75835254
12410675.966980325
12411745.267730858
12412814.660612078
12413884.145631947
12414953.722798355
12416023.392119264
12417093.153602615
12418163.00725635
12419232.953088434
12420302.99110676
12421373.121319294
12422443.343733981
12423513.65835879
12424584.065201614
12425654.564270427
12426725.155573172
12427795.839117823
12428866.614912277
12429937.482964505
12431008.443282459
12432079.495874086
12433150.640747365
12434221.877910193
12435293.207370548
12436364.629136382
12437436.143215649
12438507.749616327
12439579.448346322
12440651.239413612
12441723.122826152
12442795.098591926
12443867.16671884
12444939.327214876
12446011.580087995
12447083.925346179
12448156.362997338
12449228.893049458
12450301.5155105
12451374.230388425
12452447.037691224
12453519.937426807
12454592.929603165
12455666.01422826
12456739.19131006
12457812.460856555
12458885.822875662
12459959.277375372
12461032.824363656
12462106.463848505
12463180.19583784
12464254.020339657
12465327.937361924
12466401.94691264
12467476.048999727
12468550.24363118
12469624.530814977
12470698.91055909
12471773.38287152
12472847.947760189
12473922.605233103
12474997.355298238
12476072.19796357
12477147.133237103
12478222.161126766
12479297.281640567
12480372.49478648
12481447.800572518
12482523.199006608
12483598.69009676
12484674.273850957
12485749.950277206
12486825.719383445
12487901.58117768
12488977.5356679
12490053.58286209
12491129.722768266
12492205.955394361
12493282.280748392
12494358.698838346
12495435.209672216
12496511.813258016
12497588.509603688
12498665.29871725
12499742.180606691
12500819.15528001
12501896.222745223
12502973.383010276
12504050.636083188
12505127.981971957
12506205.420684604
12507282.952229079
12508360.576613402
12509438.293845573
12510516.10393362
12511594.006885488
12512672.002709206
12513750.091412777
12514828.2730042
12515906.547491508
12516984.914882652
12518063.375185661
12519141.92840854
12520220.574559297
12521299.313645964
12522378.145676497
12523457.070658928
12524536.088601267
12525615.199511549
12526694.403397731
12527773.700267853
12528853.090129925
12529932.572991984
12531012.148861991
12532091.817747986
12533171.579657983
12534251.4346
12535331.382582072
12536411.423612168
12537491.557698332
12538571.78484858
12539652.105070928
12540732.518373424
12541813.024764037
12542893.62425081
12543974.316841766
12545055.102544952
12546135.981368339
12547216.953319976
12548298.018407889
12549379.176640125
12550460.428024659
12551541.772569545
12552623.210282804
12553704.74117247
12554786.365246594
12555868.082513152
12556949.892980201
12558031.79665577
12559113.79354789
12560195.88366462
12561278.067013936
12562360.343603903
12563442.71344255
12564525.176537938
12565607.732898053
12566690.382530952
12567773.125444675
12568855.961647283
12569938.891146764
12571021.91395118
12572105.030068573
12573188.239506979
12574271.542274466
12575354.938379023
12576438.427828722
12577522.010631599
12578605.686795702
12579689.456329098
12580773.319239782
12581857.275535826
12582941.325225271
12584025.468316196
12585109.704816593
12586194.034734536
12587278.458078077
12588362.974855287
12589447.585074168
12590532.288742794
12591617.085869217
12592701.976461492
12593786.960527696
12594872.03807583
12595957.209113978
12597042.473650191
12598127.831692524
12599213.283249063
12600298.828327814
12601384.466936857
12602470.199084252
12603556.024778059
12604641.944026362
12605727.956837172
12606814.063218575
12607900.263178634
12608986.556725435
12610072.943866992
12611159.424611397
12612245.99896671
12613332.666941026
12614419.428542359
12615506.283778798
12616593.232658416
12617680.275189279
12618767.411379479
12619854.64123704
12620941.96477005
12622029.38198659
12623116.892894724
12624204.497502552
12625292.195818098
12626379.987849459
12627467.873604711
12628555.853091955
12629643.926319214
12630732.093294593
12631820.354026165
12632908.708522039
12633997.156790236
12635085.698838867
12636174.33467601
12637263.064309746
12638351.887748182
12639440.804999346
12640529.816071352
12641618.920972278
12642708.119710214
12643797.412293267
12644886.79872947
12645976.279026939
12647065.853193758
12648155.521238042
12649245.283167828
12650335.138991231
12651425.08871634
12652515.13235127
12653605.269904064
12654695.501382837
12655785.826795684
12656876.246150695
12657966.759455994
12659057.36671962
12660148.0679497
12661238.863154322
12662329.752341589
12663420.735519622
12664511.812696468
12665602.983880254
12666694.249079075
12667785.60830106
12668877.061554259
12669968.608846797
12671060.250186779
12672151.985582333
12673243.81504151
12674335.738572441
12675427.756183233
12676519.86788199
12677612.073676845
12678704.373575851
12679796.767587148
12680889.255718838
12681981.837979035
12683074.514375873
12684167.28491741
12685260.149611786
12686353.108467111
12687446.161491526
12688539.308693092
12689632.550079947
12690725.885660209
12691819.315442016
12692912.839433437
12694006.457642611
12695100.17007766
12696193.976746697
12697287.877657872
12698381.87281925
12699475.96223898
12700570.145925183
12701664.423885977
12702758.796129515
12703853.262663867
12704947.823497182
12706042.478637587
12707137.228093207
12708232.071872192
12709327.009982618
12710422.04243264
12711517.169230385
12712612.390384007
12713707.705901586
12714803.115791278
12715898.620061211
12716994.218719548
12718089.911774363
12719185.699233823
12720281.581106054
12721377.557399195
12722473.628121408
12723569.793280775
12724666.052885458
12725762.406943595
12726858.855463326
12727955.398452815
12729052.035920147
12730148.767873492
12731245.594320986
12732342.515270803
12733439.530731028
12734536.640709832
12735633.84521536
12736731.14425578
12737828.537839185
12738926.025973748
12740023.608667616
12741121.285928937
12742219.05776588
12743316.924186548
12744414.885199113
12745512.940811725
12746611.091032535
12747709.33586972
12748807.675331382
12749906.109425697
12751004.638160821
12752103.261544934
12753201.979586136
12754300.792292612
12755399.699672516
12756498.701734034
12757597.79848527
12758696.989934407
12759796.276089607
12760895.656959027
12761995.132550856
12763094.7028732
12764194.367934251
12765294.12774217
12766393.982305119
12767493.931631291
12768593.975728795
12769694.114605825
12770794.348270549
12771894.676731154
12772995.09999576
12774095.618072562
12775196.230969727
12776296.938695451
12777397.741257852
12778498.638665127
12779599.63092545
12780700.718046991
12781801.90003795
12782903.17690645
12784004.54866069
12785106.015308846
12786207.576859094
12787309.233319638
12788410.984698601
12789512.83100419
12790614.77224458
12791716.80842798
12792818.939562518
12793921.165656399
12795023.486717805
12796125.902754948
12797228.413775954
12798331.019789035
12799433.720802376
12800536.516824162
12801639.407862604
12802742.393925836
12803845.475022074
12804948.651159504
12806051.922346316
12807155.288590726
12808258.749900868
12809362.306284962
12810465.957751201
12811569.704307774
12812673.545962902
12813777.482724726
12814881.514601467
12815985.641601318
12817089.863732506
12818194.181003168
12819298.593421532
12820403.100995796
12821507.703734182
12822612.401644839
12823717.194735995
12824822.083015846
12825927.066492597
12827032.145174475
12828137.319069631
12829242.588186296
12830347.952532671
12831453.412116963
12832558.966947405
12833664.617032148
12834770.362379428
12835876.202997452
12836982.138894454
12838088.17007859
12839194.296558099
12840300.51834119
12841406.8354361
12842513.24785099
12843619.755594097
12844726.358673636
12845833.05709782
12846939.850874892
12848046.740013013
12849153.724520428
12850260.80440535
12851367.979676
12852475.250340624
12853582.616407385
12854690.07788453
12855797.63478028
12856905.287102884
12858013.034860509
12859120.878061404
12860228.816713795
12861336.85082593
12862444.980405983
12863553.205462202
12864661.526002817
12865769.942036055
12866878.453570167
12867987.060613332
12869095.763173802
12870204.56125981
12871313.454879584
12872422.444041383
12873531.528753385
12874640.70902385
12875749.984861013
12876859.35627313
12877968.823268384
12879078.38585504
12880188.044041332
12881297.797835521
12882407.647245796
12883517.592280421
12884627.632947633
12885737.769255672
12886848.001212806
12887958.328827221
12889068.752107186
12890179.271060947
12891289.885696743
12892400.596022846
12893511.402047448
12894622.30377882
12895733.30122521
12896844.394394888
12897955.58329605
12899066.867936973
12900178.248325901
12901289.724471115
12902401.29638081
12903512.964063264
12904624.72752673
12905736.586779457
12906848.541829728
12907960.592685742
12909072.739355782
12910184.9818481
12911297.320170956
12912409.75433263
12913522.28434133
12914634.910205336
12915747.63193291
12916860.449532313
12917973.363011828
12919086.372379664
12920199.477644112
12921312.67881343
12922425.975895911
12923539.368899766
12924652.857833283
12925766.442704732
12926880.123522399
12927993.900294503
12929107.773029337
12930221.741735168
12931335.806420267
12932449.967092926
12933564.223761365
12934678.57643388
12935793.025118746
12936907.569824232
12938022.21055864
12939136.947330188
12940251.780147178
12941366.709017888
12942481.733950617
12943596.85495359
12944712.072035111
12945827.385203458
12946942.794466937
12948058.299833775
12949173.901312275
12950289.598910721
12951405.392637394
12952521.282500606
12953637.268508581
12954753.350669634
12955869.528992048
12956985.803484108
12958102.174154127
12959218.641010337
12960335.204061056
12961451.863314567
12962568.618779188
12963685.470463157
12964802.418374786
12965919.46252237
12967036.602914227
12968153.839558596
12969271.172463795
12970388.601638118
12971506.127089862
12972623.748827346
12973741.466858815
12974859.281192591
12975977.191836972
12977095.198800255
12978213.302090766
12979331.501716752
12980449.797686538
12981568.190008426
12982686.678690746
12983805.263741747
12984923.945169754
12986042.722983077
12987161.597190043
12988280.567798907
12989399.634817999
12990518.798255626
12991638.058120096
12992757.414419744
12993876.867162826
12994996.416357677
12996116.06201261
12997235.804135932
12998355.642735982
12999475.577821022
13000595.609399388
13001715.737479398
13002835.962069364
13003956.283177627
13005076.700812452
13006197.214982182
13007317.825695159
13008438.532959651
13009559.336784
13010680.237176528
13011801.234145556
13012922.327699428
13014043.517846417
13015164.804594869
13016286.187953107
13017407.667929458
13018529.24453227
13019650.917769816
13020772.687650448
13021894.554182494
13023016.517374283
13024138.577234166
13025260.73377042
13026382.986991402
13027505.336905442
13028627.7835209
13029750.326846048
13030872.966889253
13031995.703658843
13033118.53716318
13034241.467410546
13035364.494409302
13036487.618167784
13037610.83869433
13038734.155997304
13039857.570084991
13040981.080965754
13042104.688647937
13043228.393139876
13044352.19444994
13045476.092586422
13046600.087557685
13047724.179372076
13048848.368037963
13049972.65356364
13051097.035957476
13052221.51522782
13053346.091383046
13054470.764431447
13055595.534381395
13056720.401241245
13057845.36501934
13058970.425724063
13060095.58336371
13061220.837946657
13062346.18948126
13063471.63797587
13064597.18343887
13065722.825878559
13066848.56530332
13067974.401721511
13069100.335141513
13070226.365571631
13071352.493020251
13072478.717495732
13073605.03900646
13074731.457560742
13075857.973166965
13076984.585833494
13078111.295568688
13079238.102380939
13080365.00627856
13081492.007269938
13082619.10536344
13083746.300567435
13084873.592890313
13086000.982340392
13087128.468926063
13088256.052655699
13089383.733537694
13090511.511580369
13091639.386792116
13092767.359181313
13093895.428756354
13095023.595525565
13096151.85949734
13097280.220680062
13098408.6790821
13099537.23471186
13100665.887577666
13101794.637687922
13102923.485051004
13104052.429675296
13105181.471569203
13106310.610741049
13107439.847199246
13108569.180952176
13109698.61200822
13110828.14037579
13111957.766063215
13113087.48907891
13114217.309431283
13115347.22712867
13116477.242179485
13117607.354592115
13118737.56437495
13119867.871536404
13120998.276084814
13122128.7780286
13123259.377376152
13124390.07413586
13125520.86831615
13126651.759925354
13127782.7489719
13128913.83546418
13130045.01941059
13131176.300819553
13132307.679699415
13133439.1560586
13134570.729905507
13135702.40124856
13136834.170096107
13137966.036456577
13139098.00033837
13140230.061749917
13141362.220699565
13142494.477195747
13143626.831246868
13144759.28286133
13145891.832047569
13147024.478813937
13148157.223168869
13149290.06512077
13150423.004678054
13151556.041849153
13152689.176642427
13153822.409066312
13154955.739129221
13156089.166839592
13157222.692205785
13158356.315236242
13159490.035939377
13160623.854323633
13161757.77039737
13162891.784169035
13164025.895647045
13165160.104839817
13166294.411755797
13167428.81640335
13168563.318790926
13169697.918926945
13170832.61681983
13171967.41247803
13173102.305909913
13174237.297123931
13175372.386128511
13176507.572932104
13177642.857543081
13178778.239969898
13179913.720220983
13181049.298304789
13182184.974229693
13183320.748004153
13184456.619636599
13185592.58913546
13186728.656509198
13187864.821766192
13189001.0849149
13190137.445963759
13191273.904921204
13192410.461795695
13193547.116595617
13194683.869329432
13195820.720005581
13196957.668632528
13198094.715218658
13199231.85977244
13200369.102302311
13201506.442816744
13202643.881324125
13203781.417832926
13204919.052351587
13206056.784888556
13207194.615452304
13208332.544051223
13209470.570693787
13210608.695388442
13211746.918143637
13212885.23896785
13214023.657869473
13215162.174856987
13216300.78993884
13217439.503123485
13218578.3144194
13219717.223834988
13220856.231378725
13221995.337059097
13223134.540884504
13224273.842863427
13225413.243004328
13226552.74131566
13227692.337805908
13228832.03248348
13229971.825356862
13231111.716434514
13232251.705724897
13233391.7932365
13234531.978977732
13235672.262957085
13236812.645183021
13237953.125664005
13239093.70440853
13240234.38142501
13241375.156721937
13242516.03030778
13243657.002191031
13244798.072380112
13245939.240883514
13247080.507709712
13248221.8728672
13249363.336364402
13250504.898209812
13251646.558411907
13252788.31697916
13253930.173920076
13255072.129243074
13256214.182956656
13257356.335069304
13258498.585589493
13259640.934525728
13260783.381886438
13261925.927680127
13263068.571915276
13264211.314600397
13265354.155743914
13266497.095354341
13267640.13344016
13268783.27000988
13269926.505071938
13271069.838634845
13272213.270707086
13273356.801297149
13274500.43041355
13275644.158064723
13276787.984259186
13277931.90900543
13279075.932311945
13280220.05418725
13281364.274639783
13282508.593678067
13283653.011310594
13284797.527545886
13285942.142392384
13287086.855858613
13288231.667953068
13289376.578684276
13290521.58806068
13291666.696090806
13292811.902783157
13293957.20814623
13295102.612188555
13296248.11491858
13297393.716344833
13298539.416475823
13299685.215320049
13300831.112886045
13301977.109182265
13303123.204217238
13304269.397999475
13305415.690537509
13306562.081839796
13307708.571914872
13308855.160771247
13310001.84841746
13311148.634861968
13312295.52011331
13313442.504180001
13314589.58707055
13315736.768793507
13316884.049357325
13318031.428770553
13319178.907041704
13320326.484179297
13321474.160191879
13322621.935087912
13323769.808875944
13324917.781564496
13326065.85316209
13327214.023677273
13328362.293118514
13329510.661494365
13330659.128813349
13331807.695084019
13332956.360314844
13334105.12451438
13335253.987691153
13336402.94985372
13337552.011010552
13338701.171170209
13339850.430341218
13340999.78853211
13342149.245751444
13343298.802007701
13344448.457309438
13345598.211665189
13346748.065083489
13347898.0175729
13349048.069141906
13350198.219799066
13351348.469552923
13352498.818412038
13353649.266384896
13354799.813480066
13355950.459706087
13357101.205071528
13358252.049584875
13359402.993254699
13360554.036089543
13361705.17809795
13362856.419288496
13364007.759669667
13365159.199250039
13366310.738038156
13367462.37604257
13368614.113271857
13369765.949734507
13370917.8854391
13372069.920394188
13373222.054608347
13374374.288090074
13375526.620847953
13376679.052890535
13377831.584226403
13378984.214864055
13380136.944812076
13381289.774079023
13382442.702673452
13383595.73060395
13384748.857879018
13385902.084507246
13387055.410497194
13388208.835857421
13389362.360596517
13390515.984722989
13391669.70824543
13392823.531172402
13393977.453512497
13395131.475274226
13396285.596466184
13397439.817096934
13398594.137175076
13399748.55670912
13400903.075707663
13402057.694179276
13403212.41213253
13404367.22957602
13405522.146518268
13406677.162967872
13407832.278933404
13408987.494423442
13410142.809446584
13411298.224011356
13412453.738126358
13413609.351800168
13414765.065041391
13415920.877858553
13417076.790260259
13418232.80225509
13419388.913851654
13420545.125058478
13421701.435884172
13422857.846337317
13424014.3564265
13425170.96616033
13426327.675547343
13427484.484596144
13428641.393315328
13429798.401713477
13430955.50979921
13432112.71758106
13433270.025067644
13434427.432267554
13435584.939189378
13436742.54584174
13437900.252233174
13439058.058372302
13440215.96426772
13441373.969928047
13442532.075361827
13443690.280577684
13444848.585584212
13446006.990390038
13447165.495003708
13448324.099433847
13449482.803689053
13450641.60777793
13451800.511709107
13452959.51549113
13454118.61913263
13455277.822642213
13456437.12602848
13457596.529300066
13458756.032465521
13459915.63553348
13461075.338512551
13462235.14141137
13463395.04423849
13464555.047002546
13465715.149712155
13466875.35237595
13468035.655002492
13469196.057600416
13470356.560178341
13471517.16274488
13472677.865308674
13473838.667878283
13474999.570462354
13476160.573069502
13477321.675708344
13478482.87838753
13479644.181115622
13480805.583901266
13481967.086753113
13483128.689679703
13484290.392689764
13485452.195791842
13486614.098994585
13487776.102306645
13488938.205736596
13490100.409293087
13491262.712984748
13492425.116820205
13493587.620808115
13494750.22495705
13495912.929275671
13497075.733772608
13498238.638456488
13499401.643335974
13500564.748419642
13501727.953716157
13502891.259234149
13504054.664982256
13505218.170969138
13506381.777203381
13507545.483693646
13508709.2904486
13509873.197476827
13511037.204786994
13512201.312387738
13513365.520287706
13514529.828495564
13515694.237019898
13516858.745869383
13518023.35505266
13519188.064578373
13520352.874455197
13521517.784691721
13522682.795296622
13523847.906278547
13525013.117646143
13526178.429408088
13527343.841572978
13528509.354149487
13529674.9671463
13530840.680572009
13532006.494435297
13533172.408744818
13534338.423509223
13535504.5387372
13536670.754437346
13537837.070618346
13539003.487288859
13540170.00445754
13541336.622133078
13542503.340324078
13543670.159039225
13544837.078287182
13546004.098076612
13547171.218416205
13548338.439314567
13549505.76078039
13550673.182822367
13551840.70544911
13553008.328669311
13554176.052491639
13555343.87692476
13556511.801977372
13557679.827658087
13558847.953975603
13560016.180938594
13561184.508555727
13562352.936835704
13563521.465787144
13564690.095418748
13565858.82573919
13567027.656757144
13568196.588481316
13569365.620920327
13570534.75408288
13571703.987977684
13572873.322613362
13574042.757998621
13575212.29414214
13576381.931052603
13577551.66873872
13578721.507209115
13579891.446472501
13581061.486537563
13582231.627412986
13583401.869107483
13584572.211629685
13585742.654988308
13586913.19919204
13588083.844249567
13589254.590169609
13590425.436960801
13591596.38463186
13592767.433191506
13593938.58264835
13595109.833011195
13596281.184288653
13597452.636489442
13598624.18962229
13599795.843695838
13600967.598718807
13602139.454699898
13603311.41164781
13604483.469571266
13605655.628478914
13606827.888379483
13608000.24928167
13609172.711194184
13610345.27412575
13611517.938085018
13612690.703080721
13613863.569121564
13615036.536216253
13616209.604373524
13617382.773602026
13618556.043910498
13619729.415307673
13620902.88780221
13622076.461402843
13623250.136118285
13624423.911957249
13625597.788928475
13626771.767040621
13627945.84630243
13629120.026722612
13630294.308309888
13631468.691073002
13632643.175020615
13633817.760161472
13634992.446504291
13636167.234057793
13637342.122830728
13638517.112831758
13639692.204069633
13640867.396553105
13642042.69029084
13643218.085291592
13644393.581564084
13645569.179117043
13646744.87795922
13647920.67809929
13649096.579546008
13650272.5823081
13651448.686394298
13652624.89181336
13653801.198573958
13654977.606684856
13656154.116154782
13657330.726992471
13658507.439206686
13659684.252806103
13660861.167799488
13662038.184195602
13663215.302003128
13664392.521230834
13665569.841887452
13666747.263981726
13667924.787522422
13669102.412518226
13670280.138977904
13671457.966910202
13672635.896323862
13673813.927227654
13674992.059630267
13676170.293540476
13677348.628967024
13678527.065918658
13679705.604404157
13680884.244432207
13682062.98601159
13683241.829151083
13684420.773859378
13685599.820145257
13686778.968017468
13687958.217484767
13689137.568555934
13690317.021239668
13691496.575544752
13692676.231479941
13693855.989053993
13695035.84827569
13696215.809153736
13697395.871696915
13698576.035913993
13699756.301813724
13700936.669404898
13702117.138696223
13703297.709696488
13704478.382414484
13705659.156858893
13706840.033038588
13708021.010962253
13709202.090638682
13710383.27207667
13711564.555284929
13712745.940272255
13713927.427047417
13715109.015619185
13716290.705996357
13717472.498187652
13718654.392201865
13719836.388047773
13721018.48573415
13722200.685269797
13723382.986663433
13724565.389923863
13725747.895059863
13726930.502080211
13728113.210993715
13729296.021809094
13730478.934535159
13731661.949180719
13732845.065754497
13734028.284265304
13735211.604721924
13736395.02713314
13737578.551507764
13738762.177854525
13739945.906182239
13741129.73649969
13742313.668815665
13743497.703138983
13744681.839478374
13745866.077842658
13747050.418240625
13748234.860681064
13749419.405172799
13750604.051724564
13751788.80034518
13752973.651043471
13754158.603828173
13755343.658708114
13756528.815692088
13757714.07478889
13758899.436007353
13760084.899356212
13761270.4648443
13762456.132480413
13763641.902273357
13764827.774231957
13766013.748364963
13767199.824681204
13768386.003189484
13769572.28389861
13770758.666817414
13771945.151954647
13773131.739319146
13774318.428919742
13775505.220765192
13776692.11486433
13777879.11122597
13779066.20985892
13780253.410772022
13781440.713974029
13782628.119473785
13783815.627280103
13785003.237401798
13786190.949847713
13787378.76462661
13788566.68174733
13789754.701218696
13790942.823049523
13792131.047248658
13793319.373824866
13794507.802786997
13795696.3341439
13796884.967904339
13798073.704077167
13799262.542671207
13800451.483695285
13801640.527158255
13802829.673068885
13804018.921436029
13805208.272268517
13806397.725575177
13807587.281364866
13808776.939646356
13809966.700428508
13811156.563720152
13812346.529530123
13813536.597867278
13814726.768740397
13815917.042158341
13817107.418129977
13818297.896664051
13819488.477769518
13820679.161455126
13821869.947729746
13823060.83660224
13824251.828081397
13825442.922176084
13826634.11889514
13827825.41824741
13829016.820241762
13830208.324886985
13831399.932191953
13832591.642165508
13833783.454816498
13834975.370153798
13836167.388186198
13837359.508922575
13838551.732371777
13839744.058542656
13840936.487444088
13842129.019084869
13843321.65347388
13844514.39062
13845707.230532028
13846900.173218846
13848093.218689308
13849286.36695227
13850479.61801662
13851672.971891154
13852866.428584762
13854059.988106301
13855253.65046463
13856447.41566864
13857641.283727134
13858835.254649002
13860029.328443108
13861223.505118316
13862417.784683516
13863612.167147517
13864806.652519215
13866001.240807502
13867195.932021191
13868390.726169178
13869585.62326033
13870780.623303518
13871975.726307642
13873170.932281513
13874366.241234032
13875561.653174076
13876757.168110512
13877952.786052248
13879148.507008098
13880344.33098697
13881540.257997736
13882736.288049275
13883932.421150496
13885128.657310218
13886324.996537348
13887521.438840797
13888717.98422939
13889914.632712035
13891111.384297615
13892308.238995012
13893505.196813142
13894702.25776083
13895899.421846993
13897096.689080514
13898294.059470281
13899491.533025213
13900689.109754138
13901886.789665977
13903084.572769618
13904282.459073953
13905480.448587904
13906678.541320302
13907876.737280073
13909075.036476137
13910273.438917305
13911471.944612587
13912670.55357079
13913869.265800845
13915068.081311675
13916267.000112122
13917466.022211114
13918665.14761755
13919864.376340335
13921063.708388396
13922263.14377058
13923462.682495816
13924662.32457301
13925862.070011066
13927061.91881892
13928261.87100542
13929461.926579501
13930662.0855501
13931862.34792604
13933062.713716345
13934263.182929838
13935463.75557546
13936664.43166215
13937865.211198766
13939066.094194246
13940267.080657506
13941468.170597462
13942669.364023054
13943870.660943147
13945072.061366681
13946273.565302577
13947475.172759753
13948676.883747157
13949878.698273651
13951080.616348187
13952282.637979684
13953484.763177065
13954686.991949283
13955889.324305205
13957091.760253781
13958294.299803969
13959496.942964636
13960699.689744739
13961902.540153204
13963105.494198961
13964308.551890967
13965511.713238096
13966714.978249308
13967918.346933533
13969121.819299703
13970325.395356782
13971529.075113645
13972732.858579258
13973936.745762553
13975140.736672468
13976344.831317969
13977549.029707937
13978753.331851335
13979957.737757137
13981162.247434223
13982366.860891564
13983571.578138098
13984776.399182772
13985981.324034555
13987186.352702335
13988391.485195084
13989596.72152175
13990802.061691277
13992007.50571264
13993213.053594733
13994418.70534653
13995624.460976982
13996830.32049504
13998036.28390968
13999242.3512298
14000448.52246438
14001654.797622403
14002861.176712763
14004067.659744445
14005274.246726405
14006480.937667599
14007687.732577013
14008894.631463546
14010101.634336188
14011308.741203897
14012515.952075632
14013723.266960384
14014930.685867056
14016138.208804643
14017345.835782103
14018553.566808404
14019761.401892537
14020969.341043413
14022177.384270024
14023385.531581368
14024593.782986326
14025802.138493981
14027010.598113218
14028219.161853034
14029427.829722429
14030636.601730319
14031845.477885704
14033054.458197556
14034263.542674853
14035472.731326595
14036682.024161702
14037891.421189178
14039100.922418
14040310.527857147
14041520.237515626
14042730.05140236
14043939.969526356
14045149.991896627
14046360.118522065
14047570.349411769
14048780.684574638
14049991.12401968
14051201.667755915
14052412.315792266
14053623.068137752
14054833.924801359
14056044.885792073
14057255.951118913
14058467.120790811
14059678.394816788
14060889.773205832
14062101.255966937
14063312.843109123
14064524.534641327
14065736.330572573
14066948.230911853
14068160.235668166
14069372.344850535
14070584.558467899
14071796.876529288
14073009.299043728
14074221.82602016
14075434.457467616
14076647.193395093
14077860.033811597
14079072.978726158
14080286.028147724
14081499.182085322
14082712.440547964
14083925.803544652
14085139.271084422
14086352.843176225
14087566.519829098
14088780.301052049
14089994.186854087
14091208.177244252
14092422.272231497
14093636.471824866
14094850.776033398
14096065.184866048
14097279.69833186
14098494.316439852
14099709.039199037
14100923.86661846
14102138.798707085
14103353.835473953
14104568.976928087
14105784.223078508
14106999.57393426
14108215.029504314
14109430.589797715
14110646.25482349
14111862.024590658
14113077.899108278
14114293.878385313
14115509.96243082
14116726.151253855
14117942.444863386
14119158.843268473
14120375.346478142
14121591.954501426
14122808.667347383
14124025.485024987
14125242.407543298
14126459.43491135
14127676.567138178
14128893.804232845
14130111.146204326
14131328.59306169
14132546.144813972
14133763.801470209
14134981.563039469
14136199.429530734
14137417.400953071
14138635.477315554
14139853.658627134
14141071.94489697
14142290.336134018
14143508.832347354
14144727.433546048
14145946.139739087
14147164.95093555
14148383.867144482
14149602.88837493
14150822.014635975
14152041.245936604
14153260.582285898
14154480.02369291
14155699.570166688
14156919.221716316
14158138.97835079
14159358.84007919
14160578.806910574
14161798.878853997
14163019.055918543
14164239.338113211
14165459.72544709
14166680.217929266
14167900.815568741
14169121.518374607
14170342.326355921
14171563.239521747
14172784.257881176
14174005.381443214
14175226.610216955
14176447.94421146
14177669.3834358
14178890.927899068
14180112.577610275
14181334.332578516
14182556.19281286
14183778.158322379
14185000.22911617
14186222.405203247
14187444.686592711
14188667.073293665
14189889.565315124
14191112.16266619
14192334.86535594
14193557.673393449
14194780.586787824
14196003.605548082
14197226.729683332
14198449.959202653
14199673.294115124
14200896.734429857
14202120.280155873
14203343.931302285
14204567.687878175
14205791.549892625
14207015.517354751
14208239.590273581
14209463.768658228
14210688.052517809
14211912.441861354
14213136.936697979
14214361.537036773
14215586.242886828
14216811.054257264
14218035.971157115
14219260.993595498
14220486.121581512
14221711.355124244
14222936.694232825
14224162.13891629
14225387.689183762
14226613.345044341
14227839.106507123
14229064.973581238
14230290.946275724
14231517.024599712
14232743.208562333
14233969.49817263
14235195.893439732
14236422.394372748
14237649.000980778
14238875.713272955
14240102.53125833
14241329.454946037
14242556.484345185
14243783.619464878
14245010.860314257
14246238.206902374
14247465.659238366
14248693.217331346
14249920.881190425
14251148.650824746
14252376.526243364
14253604.507455423
14254832.594470065
14256060.787296321
14257289.085943423
14258517.490420403
14259746.000736404
14260974.616900578
14262203.338921987
14263432.166809779
14264661.100573074
14265890.140220998
14267119.2857627
14268348.537207246
14269577.894563792
14270807.35784146
14272036.92704938
14273266.602196705
14274496.383292504
14275726.270345936
14276956.263366131
14278186.362362219
14279416.567343358
14280646.878318625
14281877.295297176
14283107.81828818
14284338.447300706
14285569.182343923
14286800.023426965
14288030.970558967
14289262.023749096
14290493.183006434
14291724.448340146
14292955.819759373
14294187.297273256
14295418.880890962
14296650.570621578
14297882.366474273
14299114.268458193
14300346.27658248
14301578.39085631
14302810.611288771
14304042.937889036
14305275.370666284
14306507.909629604
14307740.554788174
14308973.306151142
14310206.163727663
14311439.127526915
14312672.19755799
14313905.373830073
14315138.656352315
14316372.045133874
14317605.540183932
14318839.141511586
14320072.849126024
14321306.663036402
14322540.58325188
14323774.609781645
14325008.7426348
14326242.981820535
14327477.327348039
14328711.779226417
14329946.337464862
14331181.002072535
14332415.773058606
14333650.650432266
14334885.634202624
14336120.724378875
14337355.920970188
14338591.223985733
14339826.633434707
14341062.149326222
14342297.77166948
14343533.500473648
14344769.335747905
14346005.277501449
14347241.3257434
14348477.480482956
14349713.741729328
14350950.109491631
14352186.583779074
14353423.164600832
14354659.851966087
14355896.645884046
14357133.54636383
14358370.553414654
14359607.667045696
14360844.88726614
14362082.2140852
14363319.647512002
14364557.18755576
14365794.834225658
14367032.587530887
14368270.447480662
14369508.41408411
14370746.487350455
14371984.667288912
14373222.953908585
14374461.347218785
14375699.847228615
14376938.453947296
14378177.167384053
14379415.987548023
14380654.914448429
14381893.948094469
14383133.088495338
14384372.335660266
14385611.68959839
14386851.150318941
14388090.71783112
14389330.392144127
14390570.173267193
14391810.061209463
14393050.05598017
14394290.157588515
14395530.36604371
14396770.681354983
14398011.103531485
14399251.632582452
14400492.268517125
14401733.01134465
14402973.861074269
14404214.81771519
14405455.881276628
14406697.051767822
14407938.329197926
14409179.713576186
14410421.204911815
14411662.803214027
14412904.50849207
14414146.3207551
14415388.240012366
14416630.266273087
14417872.39954648
14419114.639841795
14420356.987168197
14421599.441534933
14422842.002951259
14424084.671426337
14425327.446969422
14426570.329589738
14427813.31929651
14429056.416098997
14430299.620006364
14431542.93102787
14432786.349172745
14434029.874450218
14435273.506869547
14436517.246439908
14437761.093170559
14439005.047070734
14440249.10814967
14441493.276416626
14442737.55188078
14443981.934551401
14445226.42443775
14446471.021549009
14447715.725894446
14448960.537483297
14450205.456324806
14451450.482428242
14452695.615802787
14453940.856457714
14455186.204402266
14456431.659645686
14457677.22219725
14458922.892066143
14460168.669261642
14461414.553792993
14462660.545669446
14463906.644900277
14465152.85149468
14466399.165461931
14467645.586811313
14468892.11555202
14470138.75169333
14471385.495244501
14472632.346214786
14473879.30461347
14475126.37044975
14476373.54373291
14477620.824472211
14478868.212676909
14480115.708356293
14481363.311519567
14482611.022176016
14483858.840334905
14485106.766005497
14486354.799197083
14487602.93991887
14488851.188180149
14490099.543990217
14491348.007358251
14492596.578293638
14493845.256805556
14495094.042903304
14496342.93659618
14497591.937893396
14498841.046804253
14500090.263338024
14501339.587503977
14502589.019311422
14503838.558769569
14505088.205887726
14506337.960675165
14507587.823141167
14508837.793295037
14510087.871145995
14511338.05670335
14512588.34997638
14513838.750974366
14515089.259706624
14516339.87618237
14517590.600410921
14518841.43240159
14520092.372163601
14521343.419706272
14522594.575038886
14523845.838170733
14525097.20911113
14526348.687869305
14527600.274454579
14528851.968876239
14530103.771143582
14531355.681265924
14532607.699252501
14533859.825112637
14535112.058855625
14536364.400490759
14537616.850027367
14538869.407474685
14540122.072842043
14541374.846138764
14542627.727374092
14543880.716557356
14545133.813697854
14546387.018804891
14547640.331887797
14548893.752955815
14550147.282018282
14551400.9190845
14552654.664163776
14553908.517265445
14555162.478398755
14556416.547573045
14557670.724797623
14558925.010081798
14560179.40343491
14561433.904866211
14562688.514385043
14563943.232000748
14565198.057722582
14566452.991559885
14567708.033521978
14568963.183618171
14570218.441857817
14571473.808250168
14572729.282804575
14573984.865530357
14575240.556436835
14576496.355533358
14577752.262829186
14579008.278333677
14580264.40205615
14581520.63400593
14582776.974192373
14584033.422624743
14585289.979312398
14586546.644264692
14587803.417490896
14589060.29900037
14590317.28880244
14591574.386906438
14592831.593321726
14594088.908057576
14595346.33112335
14596603.862528384
14597861.502282009
14599119.250393592
14600377.10687241
14601635.071727829
14602893.144969186
14604151.32660582
14605409.6166471
14606668.015102308
14607926.521980813
14609185.137291986
14610443.861045083
14611702.693249563
14612961.633914683
14614220.683049817
14615479.840664342
14616739.106767543
14617998.481368797
14619257.964477453
14620517.55610286
14621777.2562544
14623037.064941358
14624296.98217312
14625557.007959038
14626817.142308462
14628077.38523078
14629337.736735282
14630598.196831359
14631858.76552836
14633119.44283565
14634380.22876261
14635641.123318542
14636902.126512835
14638163.23835488
14639424.458853977
14640685.788019517
14641947.225860864
14643208.772387382
14644470.427608464
14645732.191533417
14646994.064171635
14648256.045532484
14649518.135625333
14650780.33445958
14652042.642044535
14653305.058389597
14654567.583504137
14655830.217397526
14657092.960079167
14658355.811558373
14659618.77184455
14660881.840947097
14662145.018875334
14663408.305638669
14664671.701246476
14665935.205708133
14667198.81903305
14668462.541230548
14669726.372310035
14670990.312280891
14672254.361152502
14673518.51893428
14674782.785635546
14676047.161265716
14677311.645834176
14678576.239350311
14679840.941823538
14681105.753263187
14682370.673678674
14683635.703079417
14684900.841474751
14686166.088874092
14687431.445286835
14688696.910722371
14689962.485190123
14691228.168699428
14692493.961259708
14693759.862880358
14695025.87357078
14696291.993340394
14697558.222198544
14698824.560154656
14700091.007218132
14701357.563398372
14702624.228704806
14703891.003146777
14705157.88673372
14706424.879475066
14707691.981380131
14708959.192458441
14710226.512719313
14711493.94217218
14712761.480826488
14714029.128691576
14715296.88577689
14716564.75209184
14717832.727645835
14719100.812448317
14720369.006508641
14721637.30983625
14722905.722440556
14724174.244330978
14725442.875516959
14726711.616007857
14727980.465813119
14729249.424942195
14730518.493404415
14731787.671209315
14733056.95836623
14734326.354884611
14735595.86077391
14736865.476043489
14738135.200702803
14739405.034761278
14740674.97822834
14741945.031113444
14743215.193425959
14744485.465175342
14745755.846371023
14747026.337022431
14748296.937139027
14749567.646730185
14750838.465805361
14752109.394373994
14753380.432445517
14754651.580029393
14755922.837134996
14757194.203771796
14758465.67994926
14759737.265676765
14761008.960963778
14762280.765819741
14763552.680254092
14764824.704276307
14766096.837895762
14767369.081121935
14768641.433964267
14769913.896432202
14771186.468535218
14772459.150282698
14773731.941684121
14775004.842748934
14776277.853486586
14777550.973906556
14778824.204018235
14780097.543831103
14781370.99335464
14782644.552598244
14783918.221571393
14785192.000283545
14786465.888744153
14787739.886962704
14789013.994948594
14790288.21271131
14791562.540260311
14792836.977605058
14794111.524755038
14795386.181719653
14796660.948508395
14797935.825130725
14799210.811596109
14800485.907914039
14801761.11409392
14803036.430145247
14804311.856077518
14805587.391900139
14806863.03762261
14808138.793254398
14809414.658804974
14810690.634283837
14811966.719700402
14813242.915064165
14814519.220384605
14815795.635671195
14817072.160933435
14818348.796180746
14819625.541422632
14820902.396668568
14822179.361928035
14823456.437210541
14824733.622525506
14826010.917882439
14827288.323290851
14828565.838760136
14829843.464299895
14831121.199919522
14832399.045628533
14833677.001436442
14834955.067352675
14836233.243386747
14837511.52954815
14838789.92584637
14840068.432290927
14841347.04889125
14842625.77565686
14843904.612597251
14845183.559721915
14846462.617040373
14847741.784562062
14849021.062296506
14850300.450253231
14851579.948441643
14852859.556871362
14854139.275551794
14855419.104492469
14856699.043702915
14857979.093192577
14859259.252970982
14860539.523047635
14861819.903432041
14863100.394133732
14864380.99516215
14865661.706526836
14866942.528237294
14868223.46030303
14869504.502733586
14870785.655538408
14872066.918727037
14873348.292308982
14874629.776293756
14875911.3706909
14877193.07550987
14878474.890760208
14879756.816451458
14881038.852593077
14882320.99919461
14883603.256265575
14884885.62381549
14886168.101853903
14887450.690390276
14888733.389434157
14890016.198995069
14891299.119082531
14892582.149706101
14893865.290875237
14895148.5425995
14896431.90488841
14897715.377751496
14898998.961198313
14900282.65523833
14901566.459881106
14902850.375136202
14904134.401013086
14905418.53752132
14906702.784670433
14907987.142469963
14909271.61092947
14910556.19005843
14911840.87986641
14913125.680362942
14914410.591557564
14915695.613459846
14916980.746079264
14918265.98942539
14919551.343507761
14920836.808335919
14922122.383919438
14923408.0702678
14924693.867390575
14925979.775297342
14927265.793997584
14928551.923500875
14929838.163816765
14931124.5149548
14932410.97692456
14933697.549735531
14934984.233397296
14936271.027919404
14937557.933311408
14938844.949582892
14940132.076743344
14941419.314802354
14942706.663769474
14943994.12365426
14945281.6944663
14946569.37621509
14947857.168910218
14949145.072561275
14950433.08717773
14951721.212769262
14953009.449345345
14954297.79691557
14955586.255489532
14956874.825076733
14958163.50568677
14959452.297329206
14960741.20001361
14962030.213749576
14963319.338546617
14964608.57441433
14965897.92136228
14967187.379400047
14968476.948537225
14969766.628783328
14971056.420147961
14972346.322640728
14973636.33627111
14974926.461048806
14976216.696983302
14977507.044084204
14978797.502361123
14980088.071823575
14981378.752481168
14982669.544343486
14983960.44742011
14985251.461720653
14986542.587254636
14987833.824031672
14989125.172061348
14990416.631353248
14991708.20191699
14992999.8837621
14994291.676898196
14995583.581334867
14996875.5970817
14998167.724148322
14999459.962544259
15000752.312279133
15002044.77336257
15003337.3458041
15004630.029613351
15005922.824799916
15007215.731373394
15008508.74934341
15009801.878719501
15011095.119511299
15012388.4717284
15013681.935380405
15014975.510476949
15016269.19702757
15017562.995041901
15018856.904529547
15020150.925500112
15021445.057963233
15022739.301928453
15024033.657405412
15025328.124403747
15026622.702933004
15027917.393002827
15029212.194622822
15030507.107802603
15031802.132551812
15033097.26888
15034392.516796812
15035687.876311861
15036983.347434763
15038278.930175167
15039574.624542624
15040870.430546787
15042166.348197272
15043462.377503699
15044758.518475719
15046054.77112289
15047351.135454869
15048647.611481305
15049944.199211761
15051240.898655895
15052537.709823329
15053834.632723691
15055131.667366637
15056428.813761735
15057726.071918642
15059023.441846991
15060320.923556408
15061618.517056558
15062916.222357009
15064214.039467426
15065511.968397442
15066810.00915669
15068108.16175484
15069406.42620146
15070704.802506225
15072003.2906788
15073301.890728729
15074600.602665776
15075899.426499492
15077198.362239543
15078497.409895606
15079796.56947726
15081095.840994181
15082395.224456012
15083694.7198724
15084994.327253018
15086294.046607455
15087593.877945386
15088893.821276464
15090193.876610333
15091494.043956678
15092794.323325086
15094094.714725243
15095395.218166796
15096695.833659403
15097996.561212748
15099297.400836425
15100598.352540119
15101899.416333519
15103200.59222622
15104501.880227912
15105803.280348254
15107104.792596908
15108406.416983562
15109708.15351782
15111010.002209371
15112311.963067884
15113614.036103018
15114916.221324472
15116218.51874185
15117520.928364849
15118823.450203136
15120126.084266381
15121428.830564283
15122731.689106451
15124034.659902586
15125337.742962392
15126640.938295478
15127944.24591155
15129247.665820282
15130551.19803135
15131854.842554456
15133158.59939922
15134462.468575351
15135766.450092522
15137070.543960419
15138374.75018875
15139679.068787131
15140983.499765279
15142288.043132875
15143592.698899603
15144897.467075178
15146202.347669223
15147507.340691455
15148812.446151592
15150117.664059259
15151422.994424175
15152728.437256033
15154033.992564518
15155339.660359355
15156645.440650173
15157951.333446695
15159257.338758616
15160563.456595628
15161869.686967459
15163176.029883744
15164482.485354207
15165789.05338855
15167095.73399647
15168402.527187694
15169709.432971865
15171016.451358713
15172323.58235797
15173630.825979277
15174938.182232369
15176245.651126951
15177553.232672727
15178860.926879434
15180168.733756717
15181476.653314315
15182784.685561936
15184092.830509292
15185401.08816612
15186709.45854207
15188017.941646887
15189326.537490282
15190635.246081969
15191944.067431694
15193253.00154911
15194562.048443962
15195871.208126
15197180.480604848
15198489.86589035
15199799.363992129
15201108.97491994
15202418.698683532
15203728.535292568
15205038.4847568
15206348.54708595
15207658.722289745
15208969.01037794
15210279.411360199
15211589.925246282
15212900.552045912
15214211.291768823
15215522.144424772
15216833.11002343
15218144.188574556
15219455.380087884
15220766.684573146
15222078.102040106
15223389.63249844
15224701.275957908
15226013.032428283
15227324.901919238
15228636.884440541
15229948.980001932
15231261.188613148
15232573.510283966
15233885.945024058
15235198.492843201
15236511.153751137
15237823.92775761
15239136.814872397
15240449.815105177
15241762.928465733
15243076.154963806
15244389.49460915
15245702.94741154
15247016.513380667
15248330.192526309
15249643.98485825
15250957.890386183
15252271.909119885
15253586.041069116
15254900.286243629
15256214.644653209
15257529.116307551
15258843.701216444
15260158.399389645
15261473.210836913
15262788.13556804
15264103.173592722
15265418.324920755
15266733.589561896
15268048.967525912
15269364.458822597
15270680.063461654
15271995.781452877
15273311.612806069
15274627.557530928
15275943.61563726
15277259.787134828
15278576.072033405
15279892.470342793
15281208.9820727
15282525.60723293
15283842.345833257
15285159.197883451
15286476.163393322
15287793.242372584
15289110.434831042
15290427.740778472
15291745.160224658
15293062.693179404
15294380.33965243
15295698.09965355
15297015.973192573
15298333.96027922
15299652.060923308
15300970.275134617
15302288.602922937
15303607.04429808
15304925.599269774
15306244.267847834
15307563.050042052
15308881.945862215
15310200.955318145
15311520.07841957
15312839.315176312
15314158.665598163
15315478.12969492
15316797.707476405
15318117.398952354
15319437.20413259
15320757.123026943
15322077.155645117
15323397.301997036
15324717.562092403
15326037.935941052
15327358.423552815
15328679.024937429
15329999.74010473
15331320.56906452
15332641.511826606
15333962.568400823
15335283.738796912
15336605.023024714
15337926.421094038
15339247.933014687
15340569.558796508
15341891.298449244
15343213.151982741
15344535.119406808
15345857.20073126
15347179.395965941
15348501.705120603
15349824.12820509
15351146.665229255
15352469.31620285
15353792.08113572
15355114.96003769
15356437.952918574
15357761.059788229
15359084.28065641
15360407.615532972
15361731.064427735
15363054.627350528
15364378.304311203
15365702.095319524
15367026.00038535
15368350.019518506
15369674.15272882
15370998.400026154
15372322.761420272
15373647.23692104
15374971.826538317
15376296.530281875
15377621.348161578
15378946.28018726
15380271.326368755
15381596.48671593
15382921.761238558
15384247.14994651
15385572.652849624
15386898.269957736
15388224.001280721
15389549.846828355
15390875.80661051
15392201.880637031
15393528.068917759
15394854.37146257
15396180.788281247
15397507.319383668
15398833.964779709
15400160.724479154
15401487.598491887
15402814.586827751
15404141.689496603
15405468.906508321
15406796.237872694
15408123.683599606
15409451.243698912
15410778.918180466
15412106.707054155
15413434.61032977
15414762.6280172
15416090.760126304
15417419.00666694
15418747.367648998
15420075.843082277
15421404.432976667
15422733.137342064
15424061.956188265
15425390.88952517
15426719.937362637
15428049.099710537
15429378.376578765
15430707.767977124
15432037.273915516
15433366.89440381
15434696.62945187
15436026.479069605
15437356.44326682
15438686.52205342
15440016.715439277
15441347.023434263
15442677.446048288
15444007.98329116
15445338.635172792
15446669.40170309
15448000.282891836
15449331.278749038
15450662.389284479
15451993.614508074
15453324.954429733
15454656.409059277
15455987.97840662
15457319.662481647
15458651.461294241
15459983.374854323
15461315.403171713
15462647.54625633
15463979.804118063
15465312.176766803
15466644.664212469
15467977.26646489
15469309.983533992
15470642.815429661
15471975.762161797
15473308.823740322
15474642.000175068
15475975.291475965
15477308.69765294
15478642.218715826
15479975.854674557
15481309.605539028
15482643.471319143
15483977.452024832
15485311.547665935
15486645.758252386
15487980.083794089
15489314.524300948
15490649.079782901
15491983.75024979
15493318.535711555
15494653.436178101
15495988.45165934
15497323.582165213
15498658.827705564
15499994.18829034
15501329.663929483
15502665.254632842
15504000.960410364
15505336.781271962
15506672.717227554
15508008.768287087
15509344.934460413
15510681.215757485
15512017.612188222
15513354.12376254
15514690.750490397
15516027.492381647
15517364.349446245
15518701.321694115
15520038.409135181
15521375.6117794
15522712.929636633
15524050.36271684
15525387.91102998
15526725.574585918
15528063.353394615
15529401.247466002
15530739.256810006
15532077.381436596
15533415.621355638
15534753.9765771
15536092.447110912
15537431.032967012
15538769.734155368
15540108.550685855
15541447.48256844
15542786.52981306
15544125.69242966
15545464.97042821
15546804.363818584
15548143.87261076
15549483.496814713
15550823.236440321
15552163.091497563
15553503.061996382
15554843.147946725
15556183.349358572
15557523.666241806
15558864.098606411
15560204.646462332
15561545.309819525
15562886.08868797
15564226.983077556
15565567.992998268
15566909.118460063
15568250.359472893
15569591.716046745
15570933.188191514
15572274.775917191
15573616.479233762
15574958.298151094
15576300.232679272
15577642.282828165
15578984.448607763
15580326.730028063
15581669.127098963
15583011.63983046
15584354.268232523
15585697.012315111
15587039.87208823
15588382.847561777
15589725.938745758
15591069.145650141
15592412.468284898
15593755.906660028
15595099.460785443
15596443.130671147
15597786.916327113
15599130.817763317
15600474.834989766
15601818.968016373
15603163.216853146
15604507.581510095
15605852.061997138
15607196.658324284
15608541.370501515
15609886.198538812
15611231.14244619
15612576.202233568
15613921.377910962
15615266.66948836
15616612.076975742
15617957.60038313
15619303.23972045
15620648.99499772
15621994.866224928
15623340.853412066
15624686.956569158
15626033.17570613
15627379.510833006
15628725.961959815
15630072.529096486
15631419.212253045
15632766.011439491
15634112.926665818
15635459.957942057
15636807.105278146
15638154.368684111
15639501.748169957
15640849.243745685
15642196.855421325
15643544.583206821
15644892.427112209
15646240.38714749
15647588.463322673
15648936.655647796
15650284.9641328
15651633.38878773
15652981.929622622
15654330.586647427
15655679.359872183
15657028.249306906
15658377.254961606
15659726.376846328
15661075.614971025
15662424.969345743
15663774.439980498
15665124.026885305
15666473.730070217
15667823.549545188
15669173.485320266
15670523.537405478
15671873.70581084
15673223.990546405
15674574.391622137
15675924.90904809
15677275.54283432
15678626.292990755
15679977.159527551
15681328.142454641
15682679.241782082
15684030.457519937
15685381.789678173
15686733.23826685
15688084.803296
15689436.484775657
15690788.282715887
15692140.197126657
15693492.228018036
15694844.37540006
15696196.639282769
15697549.019676225
15698901.516590409
15700254.13003539
15701606.860021241
15702959.706557905
15704312.669655556
15705665.749324135
15707018.945573725
15708372.258414397
15709725.687856136
15711079.233909016
15712432.89658309
15713786.6758884
15715140.571835032
15716494.584432967
15717848.713692293
15719202.959623056
15720557.322235312
15721911.801539147
15723266.397544548
15724621.110261604
15725975.93970037
15727330.885870904
15728685.948783293
15730041.128447535
15731396.424873719
15732751.838071937
15734107.368052186
15735463.014824562
15736818.778399125
15738174.65878594
15739530.655995103
15740886.770036617
15742243.000920579
15743599.348657055
15744955.813256115
15746312.39472786
15747669.093082294
15749025.90832952
15750382.840479609
15751739.889542636
15753097.055528704
15754454.338447822
15755811.738310099
15757169.255125642
15758526.888904463
15759884.639656674
15761242.50739235
15762600.492121574
15763958.593854455
15765316.812601011
15766675.148371356
15768033.601175573
15769392.171023743
15770750.857925989
15772109.661892325
15773468.582932873
15774827.621057719
15776186.776276952
15777546.048600692
15778905.438038966
15780264.944601893
15781624.5682996
15782984.309142116
15784344.167139564
15785704.142302036
15787064.234639632
15788424.444162475
15789784.7708806
15791145.214804137
15792505.775943184
15793866.45430784
15795227.249908235
15796588.162754409
15797949.192856496
15799310.340224596
15800671.604868816
15802032.98679929
15803394.48602606
15804756.102559265
15806117.836409042
15807479.687585404
15808841.65609859
15810203.74195861
15811565.94517561
15812928.265759733
15814290.703721024
15815653.25906963
15817015.931815669
15818378.721969249
15819741.629540524
15821104.65453954
15822467.796976455
15823831.05686138
15825194.434204437
15826557.92901578
15827921.541305464
15829285.271083642
15830649.118360471
15832013.083145978
15833377.165450415
15834741.365283811
15836105.682656325
15837470.117578117
15838834.67005925
15840199.340109885
15841564.12774015
15842929.032960178
15844294.055780133
15845659.196210083
15847024.454260191
15848389.829940593
15849755.323261423
15851120.93423285
15852486.662864946
15853852.50916788
15855218.473151792
15856584.55482682
15857950.754203139
15859317.07129082
15860683.506100046
15862050.058640985
15863416.728923718
15864783.516958421
15866150.422755241
15867517.446324326
15868884.587675853
15870251.846819906
15871619.223766666
15872986.718526281
15874354.331108907
15875722.061524725
15877089.909783822
15878457.875896383
15879825.959872564
15881194.16172252
15882562.48145644
15883930.919084415
15885299.474616634
15886668.148063289
15888036.939434476
15889405.848740386
15890774.875991182
15892144.021197025
15893513.284368109
15894882.665514534
15896252.164646499
15897621.781774169
15898991.516907707
15900361.370057316
15901731.3412331
15903101.43044526
15904471.637703963
15905841.963019384
15907212.406401725
15908582.967861094
15909953.647407696
15911324.445051739
15912695.360803334
15914066.394672688
15915437.54666998
15916808.816805387
15918180.205089118
15919551.71153129
15920923.336142115
15922295.078931777
15923666.939910455
15925038.919088366
15926411.016475627
15927783.232082458
15929155.565919045
15930528.017995574
15931900.588322263
15933273.276909238
15934646.083766717
15936019.00890493
15937392.052333964
15938765.214064142
15940138.49410556
15941511.892468447
15942885.409163024
15944259.044199428
15945632.797587883
15947006.669338588
15948380.65946174
15949754.767967572
15951128.99486622
15952503.340167914
15953877.803882856
15955252.38602125
15956627.086593332
15958001.905609239
15959376.843079211
15960751.899013486
15962127.073422171
15963502.366315607
15964877.777703904
15966253.307597302
15967628.956006046
15969004.722940283
15970380.608410256
15971756.612426179
15973132.734998263
15974508.97613676
15975885.335851818
15977261.814153686
15978638.41105258
15980015.126558723
15981391.960682362
15982768.913433654
15984145.98482285
15985523.174860178
15986900.483555853
15988277.910920138
15989655.456963187
15991033.12169526
15992410.905126616
15993788.807267416
15995166.828127922
15996544.967718363
15997923.226048967
15999301.60313
16000680.098971624
16002058.713584106
16003437.446977682
16004816.299162582
16006195.270149076
16007574.359947335
16008953.568567626
16010332.896020189
16011712.342315262
16013091.907463118
16014471.59147393
16015851.394357972
16017231.31612552
16018611.356786752
16019991.516351942
16021371.794831337
16022752.192235183
16024132.708573757
16025513.343857244
16026894.098095922
16028274.971300041
16029655.96347985
16031037.074645637
16032418.304807585
16033799.653975978
16035181.122161072
16036562.70937312
16037944.415622413
16039326.240919137
16040708.185273588
16042090.24869605
16043472.431196721
16044854.732785892
16046237.153473822
16047619.693270776
16049002.352187047
16050385.130232833
16051768.02741843
16053151.043754106
16054534.179250125
16055917.433916785
16057300.80776429
16058684.300802942
16060067.91304301
16061451.644494763
16062835.495168507
16064219.465074448
16065603.55422289
16066987.76262414
16068372.090288378
16069756.537226008
16071141.103447208
16072525.78896229
16073910.593781563
16075295.517915241
16076680.561373638
16078065.724167034
16079451.006305713
16080836.407799987
16082221.928660076
16083607.568896297
16084993.328518938
16086379.20753828
16087765.20596465
16089151.323808262
16090537.561079444
16091923.917788485
16093310.393945673
16094696.989561336
16096083.704645697
16097470.539209086
16098857.493261829
16100244.566814153
16101631.75987639
16103019.072458835
16104406.504571788
16105794.056225577
16107181.72743044
16108569.518196708
16109957.428534683
16111345.458454667
16112733.607966995
16114121.877081908
16115510.26580974
16116898.7741608
16118287.402145395
16119676.149773864
16121065.017056448
16122454.004003493
16123843.11062534
16125232.336932234
16126621.682934523
16128011.148642514
16129400.734066525
16130790.439216906
16132180.2641039
16133570.208737863
16134960.27312911
16136350.457287956
16137740.761224756
16139131.184949765
16140521.728473337
16141912.39180579
16143303.174957452
16144694.077938676
16146085.100759722
16147476.243430946
16148867.50596271
16150258.888365276
16151650.390649002
16153042.012824217
16154433.754901255
16155825.616890473
16157217.598802144
16158609.700646628
16160001.92243426
16161394.264175374
16162786.72588034
16164179.307559427
16165572.009223003
16166964.83088141
16168357.772544982
16169750.834224094
16171144.015929021
16172537.317670137
16173930.739457816
16175324.281302337
16176717.943214076
16178111.725203378
16179505.62728059
16180899.64945609
16182293.79174016
16183688.054143183
16185082.436675506
16186476.939347481
16187871.562169494
16189266.305151828
16190661.16830487
16192056.151638974
16193451.255164493
16194846.47889182
16196241.822831241
16197637.286993148
16199032.871387934
16200428.576025857
16201824.40091741
16203220.346072856
16204616.411502589
16206012.597217003
16207408.9032264
16208805.329541173
16210201.87617169
16211598.543128317
16212995.330421453
16214392.238061404
16215789.266058568
16217186.414423315
16218583.68316602
16219981.072297081
16221378.581826812
16222776.211765615
16224173.962123865
16225571.832911938
16226969.824140243
16228367.935819091
16229766.167958893
16231164.52057006
16232562.993662909
16233961.58724785
16235360.301335266
16236759.13593554
16238158.091059087
16239557.166716227
16240956.362917377
16242355.679672923
16243755.11699325
16245154.674888784
16246554.353369843
16247954.152446853
16249354.072130201
16250754.112430282
16252154.27335752
16253554.55492224
16254954.95713487
16256355.480005842
16257756.12354548
16259156.88776422
16260557.772672452
16261958.77828058
16263359.904599037
16264761.151638156
16266162.51940837
16267564.00792008
16268965.617183693
16270367.347209644
16271769.198008273
16273171.169590015
16274573.261965282
16275975.475144478
16277377.809138045
16278780.263956327
16280182.839609766
16281585.536108809
16282988.353463797
16284391.29168518
16285794.350783372
16287197.530768786
16288600.831651872
16290004.253442978
16291407.796152556
16292811.459791025
16294215.244368803
16295619.149896344
16297023.176384004
16298427.323842235
16299831.59228146
16301235.981712107
16302640.49214463
16304045.123589387
16305449.87605684
16306854.74955745
16308259.744101577
16309664.859699685
16311070.096362201
16312475.45409956
16313880.932922224
16315286.532840561
16316692.253865035
16318098.096006084
16319504.05927414
16320910.143679677
16322316.349233061
16323722.675944766
16325129.12382523
16326535.692884892
16327942.38313423
16329349.194583613
16330756.127243523
16332163.181124432
16333570.356236687
16334977.652590865
16336385.070197314
16337792.609066514
16339200.269208945
16340608.05063499
16342015.953355132
16343423.977379821
16344832.122719511
16346240.389384685
16347648.77738573
16349057.286733136
16350465.917437356
16351874.669508846
16353283.5429581
16354692.537795503
16356101.65403155
16357510.891676703
16358920.25074142
16360329.731236197
16361739.333171427
16363149.05655761
16364558.901405243
16365968.867724722
16367378.95552655
16368789.164821189
16370199.49561911
16371609.947930817
16373020.52176671
16374431.217137292
16375842.034053037
16377252.972524416
16378664.032561935
16380075.214176003
16381486.517377127
16382897.942175781
16384309.488582447
16385721.156607633
16387132.94626175
16388544.857555313
16389956.890498836
16391369.04510273
16392781.321377514
16394193.71933367
16395606.238981681
16397018.880332068
16398431.643395249
16399844.528181743
16401257.534702037
16402670.662966622
16404083.91298602
16405497.284770655
16406910.778331049
16408324.393677698
16409738.130821092
16411151.989771761
16412565.97054013
16413980.07313673
16415394.297572091
16416808.643856645
16418223.112000922
16419637.702015422
16421052.413910646
16422467.247697126
16423882.203385301
16425297.280985706
16426712.480508843
16428127.80196522
16429543.245365374
16430958.810719745
16432374.498038875
16433790.307333272
16435206.238613445
16436622.291889938
16438038.467173195
16439454.764473762
16440871.183802186
16442287.725168912
16443704.388584489
16445121.174059432
16446538.081604261
16447955.111229524
16449372.262945672
16450789.53676326
16452206.932692807
16453624.450744836
16455042.0909299
16456459.853258453
16457877.737741059
16459295.744388236
16460713.873210514
16462132.12421845
16463550.497422509
16464968.992833247
16466387.610461231
16467806.350316891
16469225.21241089
16470644.196753658
16472063.303355766
16473482.532227779
16474901.883380163
16476321.35682349
16477740.952568294
16479160.670625115
16480580.511004524
16482000.473716993
16483420.558773095
16484840.766183373
16486261.095958365
16487681.548108652
16489102.12264471
16490522.819577115
16491943.638916414
16493364.580673153
16494785.644857915
16496206.831481177
16497628.140553527
16499049.572085546
16500471.126087718
16501892.802570628
16503314.60154483
16504736.523020878
16506158.56700936
16507580.733520763
16509003.02256568
16510425.434154665
16511847.96829828
16513270.625007115
16514693.404291665
16516116.306162525
16517539.330630254
16518962.477705417
16520385.747398611
16521809.139720334
16523232.654681185
16524656.292291764
16526080.052562572
16527503.93550421
16528927.941127246
16530352.069442254
16531776.320459837
16533200.694190498
16534625.190644845
16536049.809833452
16537474.551766893
16538899.41645578
16540324.403910616
16541749.51414202
16543174.747160565
16544600.10297683
16546025.581601435
16547451.183044886
16548876.907317804
16550302.754430804
16551728.724394403
16553154.817219218
16554581.032915836
16556007.371494843
16557433.83296686
16558860.41734241
16560287.124632115
16561713.954846563
16563140.907996347
16564567.984092092
16565995.183144325
16567422.505163673
16568849.950160732
16570277.518146096
16571705.209130395
16573133.02312416
16574560.960138023
16575989.020182617
16577417.203268476
16578845.509406233
16580273.938606493
16581702.490879854
16583131.16623696
16584559.964688344
16585988.886244647
16587417.930916475
16588847.098714435
16590276.389649171
16591705.803731225
16593135.34097124
16594565.001379829
16595994.7849676
16597424.691745205
16598854.721723186
16600284.874912195
16601715.15132288
16603145.550965756
16604576.073851578
16606006.719990863
16607437.48939426
16608868.382072428
16610299.39803592
16611730.537295388
16613161.79986146
16614593.185744759
16616024.694955941
16617456.327505568
16618888.083404299
16620319.96266276
16621751.965291582
16623184.091301428
16624616.340702862
16626048.713506546
16627481.209723113
16628913.829363199
16630346.57243747
16631779.438956494
16633212.42893094
16634645.54237148
16636078.779288681
16637512.13969322
16638945.623595733
16640379.231006863
16641812.961937284
16643246.816397572
16644680.794398403
16646114.89595042
16647549.12106427
16648983.469750633
16650417.942020088
16651852.537883315
16653287.257350966
16654722.100433689
16656157.067142168
16657592.157486988
16659027.371478833
16660462.709128393
16661898.170446254
16663333.755443104
16664769.4641296
16666205.2965164
16667641.252614193
16669077.332433572
16670513.535985231
16671949.86327983
16673386.314328033
16674822.889140533
16676259.587727927
16677696.410100915
16679133.356270159
16680570.426246326
16682007.62004012
16683444.93766214
16684882.379123088
16686319.944433667
16687757.633604482
16689195.446646238
16690633.383569608
16692071.444385264
16693509.629103916
16694947.937736172
16696386.370292742
16697824.926784301
16699263.60722153
16700702.411615143
16702141.339975746
16703580.392314062
16705019.568640769
16706458.868966548
16707898.293302119
16709337.841658099
16710777.514045205
16712217.310474161
16713657.23095555
16715097.275500199
16716537.444118692
16717977.736821754
16719418.15362011
16720858.694524387
16722299.359545307
16723740.148693569
16725181.061979864
16726622.099414922
16728063.261009373
16729504.546773948
16730945.956719346
16732387.490856266
16733829.149195442
16735270.931747507
16736712.838523198
16738154.869533252
16739597.02478827
16741039.304299096
16742481.708076328
16743924.236130713
16745366.888472987
16746809.665113796
16748252.56606388
16749695.591333952
16751138.74093472
16752582.014876934
16754025.413171235
16755468.935828375
16756912.582859067
16758356.354274029
16759800.250084009
16761244.27029966
16762688.414931731
16764132.683990946
16765577.077488022
16767021.595433718
16768466.237838684
16769911.00471368
16771355.896069467
16772800.911916697
16774246.052266132
16775691.317128502
16777136.70651453
16778582.220434982
16780027.85890052
16781473.621921908
16782919.50950988
16784365.521675166
16785811.65842853
16787257.919780646
16788704.30574228
16790150.816324167
16791597.451537047
16793044.211391687
16794491.095898766
16795938.105069052
16797385.23891332
16798832.49744225
16800279.88066661
16801727.38859715
16803175.02124461
16804622.778619777
16806070.660733324
16807518.66759603
16808966.79921865
16810415.05561193
16811863.436786655
16813311.942753505
16814760.573523268
16816209.3291067
16817658.20951455
16819107.21475761
16820556.344846565
16822005.59979221
16823454.979605332
16824904.484296627
16826354.113876883
16827803.86835686
16829253.747747328
16830703.752059072
16832153.881302796
16833604.135489292
16835054.514629327
16836505.01873367
16837955.64781312
16839406.40187837
16840857.280940235
16842308.285009477
16843759.41409687
16845210.668213215
16846662.047369223
16848113.551575694
16849565.18084344
16851016.935183134
16852468.81460569
16853920.81912178
16855372.948742222
16856825.20347782
16858277.583339293
16859730.088337447
16861182.718483075
16862635.473786954
16864088.354259904
16865541.359912638
16866994.490755975
16868447.746800706
16869901.128057618
16871354.63453753
16872808.26625116
16874262.02320934
16875715.905422892
16877169.912902504
16878624.045659106
16880078.30370339
16881532.687046185
16882987.19569832
16884441.82967053
16885896.588973634
16887351.47361844
16888806.483615745
16890261.61897638
16891716.879711084
16893172.265830692
16894627.777346004
16896083.414267823
16897539.176606994
16898995.06437425
16900451.077580433
16901907.216236353
16903363.480352815
16904819.86994067
16906276.38501065
16907733.025573608
16909189.791640386
16910646.68322173
16912103.700328495
16913560.842971485
16915018.111161526
16916475.504909467
16917933.024226055
16919390.66912214
16920848.43960855
16922306.335696105
16923764.357395653
16925222.504717957
16926680.777673867
16928139.176274214
16929597.70052982
16931056.35045155
16932515.12605016
16933974.027336508
16935433.054321464
16936892.207015786
16938351.485430345
16939810.889575966
16941270.41946348
16942730.075103767
16944189.856507584
16945649.763685804
16947109.79664926
16948569.955408793
16950030.239975277
16951490.65035948
16952951.18657228
16954411.848624516
16955872.63652703
16957333.5502907
16958794.589926302
16960255.755444717
16961717.04685682
16963178.464173395
16964640.00740532
16966101.676563445
16967563.471658625
16969025.392701738
16970487.439703573
16971949.612675007
16973411.911626905
16974874.336570118
16976336.88751553
16977799.564473934
16979262.36745622
16980725.29647325
16982188.351535875
16983651.532654997
16985114.839841407
16986578.273105998
16988041.832459666
16989505.517913178
16990969.329477534
16992433.267163493
16993897.33098196
16995361.520943835
16996825.837059915
16998290.279341113
16999754.847798288
17001219.542442318
17002684.36328411
17004149.310334463
17005614.38360429
17007079.58310447
17008544.908845868
17010010.360839404
17011475.939095885
17012941.64362622
17014407.47444133
17015873.43155199
17017339.514969215
17018805.724703792
17020272.06076663
17021738.523168657
17023205.11192068
17024671.827033628
17026138.668518383
17027605.636385836
17029072.730646912
17030539.951312426
17032007.29839331
17033474.77190045
17034942.371844742
17036410.098237116
17037877.951088395
17039345.930409513
17040814.03621136
17042282.26850484
17043750.62730088
17045219.112610318
17046687.72444408
17048156.46281311
17049625.327728234
17051094.319200397
17052563.437240496
17054032.68185944
17055502.053068172
17056971.550877526
17058441.175298445
17059910.926341835
17061380.804018613
17062850.80833972
17064320.939315993
17065791.19695839
17067261.581277817
17068732.092285194
17070202.729991466
17071673.494407482
17073144.385544192
17074615.403412554
17076086.54802341
17077557.819387723
17079029.21751641
17080500.742420394
17081972.394110627
17083444.172597975
17084916.077893388
17086388.110007793
17087860.26895212
17089332.55473733
17090804.96737428
17092277.50687394
17093750.173247233
17095222.966505095
17096695.886658493
17098168.93371829
17099642.107695453
17101115.408600956
17102588.836445663
17104062.391240545
17105536.072996538
17107009.88172459
17108483.817435667
17109957.880140644
17111432.069850493
17112906.386576165
17114380.830328595
17115855.40111877
17117330.09895756
17118804.92385595
17120279.875824884
17121754.954875313
17123230.161018223
17124705.494264487
17126180.9546251
17127656.542111043
17129132.256733168
17130608.09850257
17132084.06743009
17133560.16352673
17135036.386803474
17136512.737271216
17137989.214940943
17139465.81982362
17140942.551930208
17142419.4112717
17143896.39785899
17145373.511703074
17146850.752814922
17148328.121205494
17149805.616885796
17151283.239866722
17152760.990159277
17154238.867774427
17155716.872723144
17157195.00501644
17158673.264665205
17160151.651680455
17161630.166073196
17163108.807854336
17164587.577034883
17166066.473625813
17167545.497638106
17169024.649082776
17170503.92797073
17171983.334312983
17173462.868120518
17174942.52940432
17176422.318175405
17177902.234444685
17179382.278223183
17180862.44952188
17182342.748351775
17183823.17472388
17185303.728649117
17186784.41013851
17188265.21920309
17189746.155853774
17191227.22010159
17192708.411957532
17194189.731432598
17195671.178537816
17197152.75328411
17198634.455682516
17200116.285744034
17201598.243479658
17203080.328900427
17204562.542017274
17206044.882841233
17207527.351383306
17209009.9476545
17210492.67166586
17211975.52342831
17213458.5029529
17214941.610250674
17216424.845332567
17217908.208209623
17219391.698892858
17220875.31739328
17222359.063721936
17223842.937889773
17225326.939907838
17226811.06978715
17228295.327538718
17229779.7131736
17231264.226702746
17232748.868137207
17234233.637488004
17235718.53476616
17237203.559982732
17238688.71314867
17240173.994275033
17241659.403372884
17243144.94045318
17244630.605526976
17246116.39860531
17247602.3196992
17249088.36881972
17250574.54597783
17252060.85118459
17253547.284451038
17255033.845788203
17256520.535207164
17258007.352718875
17259494.298334412
17260981.372064814
17262468.573921118
17263955.9039144
17265443.36205563
17266930.94835588
17268418.662826233
17269906.505477622
17271394.47632123
17272882.575368006
17274370.802629024
17275859.15811537
17277347.641838014
17278836.253808044
17280324.994036514
17281813.86253447
17283302.859313
17284791.984383088
17286281.23775582
17287770.619442254
17289260.12945344
17290749.767800473
17292239.53449434
17293729.429546136
17295219.452966917
17296709.604767747
17298199.88495972
17299690.293553825
17301180.830561165
17302671.49599284
17304162.28985984
17305653.212173264
17307144.262944188
17308635.442183677
17310126.74990283
17311618.18611265
17313109.750824243
17314601.444048677
17316093.26579703
17317585.21608041
17319077.29490982
17320569.502296366
17322061.838251133
17323554.30278519
17325046.89590966
17326539.617635544
17328032.467973962
17329525.446936026
17331018.55453275
17332511.790775254
17334005.15567462
17335498.649241935
17336992.27148832
17338486.02242479
17339979.90206247
17341473.910412442
17342968.047485806
17344462.31329368
17345956.707847092
17347451.231157165
17348945.883234996
17350440.664091676
17351935.573738337
17353430.612186007
17354925.779445816
17356421.0755289
17357916.500446286
17359412.054209113
17360907.736828476
17362403.548315484
17363899.48868127
17365395.557936873
17366891.756093428
17368388.083162047
17369884.53915383
17371381.124079924
17372877.83795137
17374374.680779308
17375871.652574852
17377368.75334911
17378865.983113237
17380363.341878273
17381860.829655364
17383358.44645567
17384856.192290224
17386354.06717019
17387852.071106683
17389350.20411082
17390848.466193758
17392346.85736655
17393845.377640355
17395344.027026292
17396842.805535484
17398341.7131791
17399840.749968186
17401339.91591391
17402839.211027395
17404338.635319777
17405838.188802216
17407337.871485777
17408837.68338162
17410337.624500923
17411837.694854707
17413337.89445425
17414838.22331058
17416338.68143487
17417839.268838294
17419339.985531922
17420840.831526924
17422341.806834444
17423842.911465622
17425344.14543164
17426845.508743566
17428347.001412578
17429848.623449825
17431350.374866456
17432852.255673647
17434354.26588248
17435856.40550414
17437358.674549773
17438861.073030535
17440363.600957613
17441866.258342084
17443369.045195144
17444871.961527977
17446375.007351674
17447878.182677425
17449381.48751639
17450884.92187972
17452388.48577862
17453892.17922417
17455396.00222758
17456899.9548
17458404.0369526
17459908.24869658
17461412.590043034
17462917.061003167
17464421.66158814
17465926.391809124
17467431.251677327
17468936.241203845
17470441.360399883
17471946.609276652
17473451.987845257
17474957.496116903
17476463.13410277
17477968.901814025
17479474.79926189
17480980.826457467
17482486.983411975
17483993.270136587
17485499.68664249
17487006.2329409
17488512.90904293
17490019.714959797
17491526.650702685
17493033.71628278
17494540.91171131
17496048.23699938
17497555.69215823
17499063.27719907
17500570.99213303
17502078.83697133
17503586.81172517
17505094.916405737
17506603.151024263
17508111.51559187
17509620.010119796
17511128.634619236
17512637.389101382
17514146.273577478
17515655.28805865
17517164.432556134
17518673.707081128
17520183.11164484
17521692.64625851
17523202.310933273
17524712.10568037
17526222.030511037
17527732.085436415
17529242.270467754
17530752.585616257
17532263.030893136
17533773.60630964
17535284.31187691
17536795.147606198
17538306.113508713
17539817.209595673
17541328.435878336
17542839.79236784
17544351.279075444
17545862.896012366
17547374.643189825
17548886.520619083
17550398.528311286
17551910.666277695
17553422.934529573
17554935.33307803
17556447.861934446
17557960.521109935
17559473.31061576
17560986.23046319
17562499.280663382
17564012.4612276
17565525.77216708
17567039.213493053
17568552.78521679
17570066.48734945
17571580.319902316
17573094.282886613
17574608.376313586
17576122.600194506
17577636.954540543
17579151.439362973
17580666.05467304
17582180.800481983
17583695.67680108
17585210.683641512
17586725.821014557
17588241.088931493
17589756.487403505
17591272.016441867
17592787.676057834
17594303.466262657
17595819.387067623
17597335.438483912
17598851.620522812
17600367.93319558
17601884.37651347
17603400.950487774
17604917.65512968
17606434.49045048
17607951.45646143
17609468.5531738
17610985.780598875
17612503.138747852
17614020.62763203
17615538.24726271
17617055.99765108
17618573.87880845
17620091.89074608
17621610.03347524
17623128.307007235
17624646.711353265
17626165.246524636
17627683.912532616
17629202.709388483
17630721.637103546
17632240.695689008
17633759.885156173
17635279.20551633
17636798.65678075
17638318.238960747
17639837.95206753
17641357.79611242
17642877.771106724
17644397.87706166
17645918.11398855
17647438.481898673
17648958.98080332
17650479.610713802
17652000.37164135
17653521.263597276
17655042.28659288
17656563.44063944
17658084.725748293
17659606.141930655
17661127.689197857
17662649.36756119
17664171.177031957
17665693.11762148
17667215.189340994
17668737.392201826
17670259.726215314
17671782.191392682
17673304.787745275
17674827.51528439
17676350.37402133
17677873.363967434
17679396.48513394
17680919.73753218
17682443.12117347
17683966.63606912
17685490.282230463
17687014.05966875
17688537.968395315
17690062.00842148
17691586.179758556
17693110.48241789
17694634.91641072
17696159.48174841
17697684.178442303
17699209.00650361
17700733.9659438
17702259.056774076
17703784.2790058
17705309.632650323
17706835.117718905
17708360.7342229
17709886.48217363
17711412.361582424
17712938.37246065
17714464.51481955
17715990.7886705
17717517.19402482
17719043.73089385
17720570.39928895
17722097.199221384
17723624.130702518
17725151.19374369
17726678.38835623
17728205.71455152
17729733.172340814
17731260.76173549
17732788.482746925
17734316.335386388
17735844.319665253
17737372.43559486
17738900.683186557
17740429.062451724
17741957.57340163
17743486.216047656
17745014.990401156
17746543.89647347
17748072.93427599
17749602.10381999
17751131.405116852
17752660.838177938
17754190.403014593
17755720.099638212
17757249.928060073
17758779.88829157
17760309.980344098
17761840.204228938
17763370.559957486
17764901.047541104
17766431.666991152
17767962.418319024
17769493.301536016
17771024.31665352
17772555.46368291
17774086.742635544
17775618.15352283
17777149.696356058
17778681.371146638
17780213.177905932
17781745.116645318
17783277.1873762
17784809.390109878
17786341.724857762
17787874.191631265
17789406.790441684
17790939.521300435
17792472.384218898
17794005.379208446
17795538.506280497
17797071.765446357
17798605.156717446
17800138.680105146
17801672.33562084
17803206.123275943
17804740.043081775
17806274.095049758
17807808.279191274
17809342.595517714
17810877.0440405
17812411.624770958
17813946.337720506
17815481.182900574
17817016.16032245
17818551.26999767
17820086.511937525
17821621.88615344
17823157.39265685
17824693.031459086
17826228.802571576
17827764.706005722
17829300.741772927
17830836.909884628
17832373.210352153
17833909.64318694
17835446.208400402
17836982.90600394
17838519.736008998
17840056.69842691
17841593.79326912
17843131.020547073
17844668.380272076
17846205.872455683
17847743.497109193
17849281.254244063
17850819.143871743
17852357.16600357
17853895.320651006
17855433.607825458
17856972.02753835
17858510.579801142
17860049.264625177
17861588.08202191
17863127.03200277
17864666.114579175
17866205.329762585
17867744.67756436
17869284.157995958
17870823.771068804
17872363.51679433
17873903.395184003
17875443.406249177
17876983.55000132
17878523.8264519
17880064.23561228
17881604.77749393
17883145.452108286
17884686.259466782
17886227.199580893
17887768.272461984
17889309.47812153
17890850.816570975
17892392.287821755
17893933.891885348
17895475.62877313
17897017.498496577
17898559.501067135
17900101.63649625
17901643.904795405
17903186.305975977
17904728.840049453
17906271.507027317
17907814.306920946
17909357.23974183
17910900.30550142
17912443.504211172
17913986.835882578
17915530.300527018
17917073.898155987
17918617.628780946
17920161.49241335
17921705.489064697
17923249.618746374
17924793.88146988
17926338.27724668
17927882.80608823
17929427.46800604
17930972.2630115
17932517.191116113
17934062.252331384
17935607.446668707
17937152.77413959
17938698.2347555
17940243.828527916
17941789.555468343
17943335.415588178
17944881.40889894
17946427.535412095
17947973.79513913
17949520.188091554
17951066.714280773
17952613.373718303
17954160.166415624
17955707.09238422
17957254.151635606
17958801.3441812
17960348.670032512
17961896.129201077
17963443.72169826
17964991.447535705
17966539.306724783
17968087.299277026
17969635.425203957
17971183.684516992
17972732.07722767
17974280.603347477
17975829.262887906
17977378.055860493
17978926.98227666
17980476.042147942
17982025.235485837
17983574.562301844
17985124.022607498
17986673.616414234
17988223.343733583
17989773.20457709
17991323.198956147
17992873.326882407
17994423.58836727
17995973.983422272
17997524.512058962
17999075.17428878
18000625.970123265
18002176.899573937
18003727.962652303
18005279.159369916
18006830.48973821
18008381.95376875
18009933.551473036
18011485.2828626
18013037.147948988
18014589.146743648
18016141.27925814
18017693.54550398
18019245.945492696
18020798.479235847
18022351.146744877
18023903.948031355
18025456.883106843
18027009.951982792
18028563.154670767
18030116.4911823
18031669.961528923
18033223.565722197
18034777.30377359
18036331.17569466
18037885.18149695
18039439.321191996
18040993.594791364
18042548.002306525
18044102.543749046
18045657.219130475
18047212.028462343
18048766.971756235
18050322.049023617
18051877.26027607
18053432.605525173
18054988.0847824
18056543.69805933
18058099.445367515
18059655.3267185
18061211.34212387
18062767.491595104
18064323.77514379
18065880.19278148
18067436.74451972
18068993.43037011
18070550.25034413
18072107.20445337
18073664.29270939
18075221.515123747
18076778.871708035
18078336.36247374
18079893.98743246
18081451.7465958
18083009.639975242
18084567.667582393
18086125.82942881
18087684.125526067
18089242.555885762
18090801.120519392
18092359.81943856
18093918.652654845
18095477.62017981
18097036.722025063
18098595.95820211
18100155.32872255
18101714.833597973
18103274.472839944
18104834.246460084
18106394.154469892
18107954.196880985
18109514.37370498
18111074.68495335
18112635.13063782
18114195.710769866
18115756.425361108
18117317.274423167
18118878.257967554
18120439.376005895
18122000.628549777
18123562.01561079
18125123.537200563
18126685.19333061
18128246.984012555
18129808.909258
18131370.969078533
18132933.16348579
18134495.492491294
18136057.95610667
18137620.554343563
18139183.287213456
18140746.154728096
18142309.15689898
18143872.293737736
18145435.56525601
18146998.971465334
18148562.512377348
18150126.18800366
18151689.99835587
18153253.943445627
18154818.02328447
18156382.23788404
18157946.58725595
18159511.071411815
18161075.69036328
18162640.44412189
18164205.33269929
18165770.356107105
18167335.51435694
18168900.807460465
18170466.235429212
18172031.798274845
18173597.49600902
18175163.32864328
18176729.296189293
18178295.39865868
18179861.63606307
18181428.008414116
18182994.515723377
18184561.15800252
18186127.93526317
18187694.84751696
18189261.89477556
18190829.07705052
18192396.394353513
18193963.846696176
18195531.434090145
18197099.15654709
18198667.01407857
18200235.00669627
18201803.134411857
18203371.3972369
18204939.795183077
18206508.328262035
18208076.99648541
18209645.799864884
18211214.73841203
18212783.81213853
18214353.021056034
18215922.365176186
18217491.844510674
18219061.459071074
18220631.20886907
18222201.093916323
18223771.114224475
18225341.269805226
18226911.560670156
18228481.986830954
18230052.548299316
18231623.245086823
18233194.077205177
18234765.044666037
18236336.147481058
18237907.385661945
18239478.759220287
18241050.268167783
18242621.912516095
18244193.692276895
18245765.607461885
18247337.65808266
18248909.844150923
18250482.16567835
18252054.622676603
18253627.215157397
18255199.943132333
18256772.806613117
18258345.805611465
18259918.940138943
18261492.210207373
18263065.61582832
18264639.15701351
18266212.83377465
18267786.64612335
18269360.59407133
18270934.67763027
18272508.896811865
18274083.251627825
18275657.742089767
18277232.368209418
18278807.12999846
18280382.02746859
18281957.060631525
18283532.22949889
18285107.534082413
18286682.97439379
18288258.550444707
18289834.262246903
18291410.109811995
18292986.093151726
18294562.212277822
18296138.467201915
18297714.85793574
18299291.384490997
18300868.04687939
18302444.84511266
18304021.77920243
18305598.849160455
18307176.05499843
18308753.396728072
18310330.87436112
18311908.48790921
18313486.237384092
18315064.122797474
18316642.144161068
18318220.30148663
18319798.5947858
18321377.024070323
18322955.58935196
18324534.290642347
18326113.127953246
18327692.101296376
18329271.210683458
18330850.456126243
18332429.83763639
18334009.355225652
18335589.008905757
18337168.79868843
18338748.724585433
18340328.78660842
18341908.98476916
18343489.31907938
18345069.789550807
18346650.396195218
18348231.139024265
18349812.018049717
18351393.033283353
18352974.18473683
18354555.47242192
18356136.89635037
18357718.456533905
18359300.152984314
18360881.985713255
18362463.954732507
18364046.06005382
18365628.301688932
18367210.67964963
18368793.193947576
18370375.84459456
18371958.631602332
18373541.55498264
18375124.614747267
18376707.810907893
18378291.143476307
18379874.612464298
18381458.217883542
18383041.959745836
18384625.838062935
18386209.852846596
18387794.00410861
18389378.29186067
18390962.716114566
18392547.27688206
18394131.974174917
18395716.808004934
18397301.778383803
18398886.885323323
18400472.128835265
18402057.50893139
18403643.02562351
18405228.678923316
18406814.468842614
18408400.39539321
18409986.458586775
18411572.65843522
18413158.994950213
18414745.468143564
18416332.07802709
18417918.824612487
18419505.707911577
18421092.727936137
18422679.884697948
18424267.178208828
18425854.608480483
18427442.175524734
18429029.879353367
18430617.719978165
18432205.697410956
18433793.81166345
18435382.062747467
18436970.45067481
18438558.975457255
18440147.63710664
18441736.435634676
18443325.3710532
18444914.44337404
18446503.652608924
18448092.998769674
18449682.481868096
18451272.10191598
18452861.85892518
18454451.752907403
18456041.783874493
18457631.951838262
18459222.2568105
18460812.698803063
18462403.27782767
18463993.99389617
18465584.847020373
18467175.837212082
18468766.964483146
18470358.228845306
18471949.630310405
18473541.168890294
18475132.844596714
18476724.65744152
18478316.60743652
18479908.694593538
18481500.918924425
18483093.280440927
18484685.779154897
18486278.415078163
18487871.188222542
18489464.0985999
18491057.146221977
18492650.331100643
18494243.65324772
18495837.112675037
18497430.70939446
18499024.443417743
18500618.314756747
18502212.323423352
18503806.469429307
18505400.752786484
18506995.173506718
18508589.731601845
18510184.42708374
18511779.25996416
18513374.230254985
18514969.33796805
18516564.583115205
18518159.965708315
18519755.48575916
18521351.143279612
18522946.93828152
18524542.870776728
18526138.94077712
18527735.148294467
18529331.493340656
18530927.975927576
18532524.596066996
18534121.353770815
18535718.249050878
18537315.28191904
18538912.452387195
18540509.760467123
18542107.206170715
18543704.789509833
18545302.51049633
18546900.36914211
18548498.365458954
18550096.499458764
18551694.7711534
18553293.18055473
18554891.727674652
18556490.412524957
18558089.23511755
18559688.19546434
18561287.29357708
18562886.529467788
18564485.903148226
18566085.4146303
18567685.063925926
18569284.851046897
18570884.776005127
18572484.838812493
18574085.039480872
18575685.378022183
18577285.854448225
18578886.468770914
18580487.22100214
18582088.111153774
18583689.139237747
18585290.305265862
18586891.609250043
18588493.051202174
18590094.63113415
18591696.349057887
18593298.204985205
18594900.19892803
18596502.330898292
18598104.60090781
18599707.008968513
18601309.555092294
18602912.23929105
18604515.061576713
18606118.02196111
18607721.120456174
18609324.357073806
18610927.731825907
18612531.24472441
18614134.895781152
18615738.685008068
18617342.612417065
18618946.678020045
18620550.88182896
18622155.223855633
18623759.70411202
18625364.32261006
18626969.0793616
18628573.974378575
18630179.007672906
18631784.179256506
18633389.48914133
18634994.937339213
18636600.523862116
18638206.248721953
18639812.111930642
18641418.113500144
18643024.253442306
18644630.531769082
18646236.9484924
18647843.503624182
18649450.197176393
18651057.029160883
18652663.999589615
18654271.108474556
18655878.355827563
18657485.741660602
18659093.2659856
18660700.928814497
18662308.73015926
18663916.67003175
18665524.748443935
18667132.96540776
18668741.320935156
18670349.815038104
18671958.447728463
18673567.219018213
18675176.128919296
18676785.177443657
18678394.364603277
18680003.690410025
18681613.154875882
18683222.758012835
18684832.499832753
18686442.38034763
18688052.399569407
18689662.55751004
18691272.854181517
18692883.28959572
18694493.863764636
18696104.576700218
18697715.42841443
18699326.418919258
18700937.54822659
18702548.816348426
18704160.22329672
18705771.769083433
18707383.45372057
18708995.277220014
18710607.23959377
18712219.340853844
18713831.58101208
18715443.960080605
18717056.478071272
18718669.134996086
18720281.930867057
18721894.86569608
18723507.939495165
18725121.15227629
18726734.504051425
18728347.994832586
18729961.624631673
18731575.3934607
18733189.301331647
18734803.3482565
18736417.534247264
18738031.859315857
18739646.323474295
18741260.926734563
18742875.669108648
18744490.550608568
18746105.57124624
18747720.731033687
18749336.02998294
18750951.46810591
18752567.045414623
18754182.761921074
18755798.617637258
18757414.612575207
18759030.746746838
18760647.020164188
18762263.432839256
18763879.984784033
18765496.676010564
18767113.50653077
18768730.47635669
18770347.585500326
18771964.833973683
18773582.221788805
18775199.748957623
18776817.415492173
18778435.22140451
18780053.166706566
18781671.251410384
18783289.47552798
18784907.83907136
18786526.342052575
18788144.98448357
18789763.76637639
18791382.68774306
18793001.748595588
18794620.948946036
18796240.288806345
18797859.76818857
18799479.38710474
18801099.14556687
18802719.04358702
18804339.08117715
18805959.258349307
18807579.57511557
18809200.03148788
18810820.62747831
18812441.363098886
18814062.238361638
18815683.25327864
18817304.407861844
18818925.70212332
18820547.13607511
18822168.709729243
18823790.4230978
18825412.276192736
18827034.26902613
18828656.401610024
18830278.673956458
18831901.08607751
18833523.637985148
18835146.329691455
18836769.161208514
18838392.132548295
18840015.243722882
18841638.494744323
18843261.885624666
18844885.416376002
18846509.087010305
18848132.897539668
18849756.84797614
18851380.938331775
18853005.16861867
18854629.538848806
18856254.049034275
18857878.69918714
18859503.489319455
18861128.41944332
18862753.489570722
18864378.699713763
18866004.049884543
18867629.540095013
18869255.17035739
18870880.940683626
18872506.85108583
18874132.90157611
18875759.092166454
18877385.422868975
18879011.893695746
18880638.504658833
18882265.25577036
18883892.147042315
18885519.17848682
18887146.350115947
18888773.661941778
18890401.113976426
18892028.7062319
18893656.438720316
18895284.31145376
18896912.324444313
18898540.477704097
18900168.771245122
18901797.205079515
18903425.779219396
18905054.493676785
18906683.348463804
18908312.343592547
18909941.479075104
18911570.754923604
18913200.17115007
18914829.727766633
18916459.424785387
18918089.26221843
18919719.240077898
18921349.358375814
18922979.61712432
18924610.01633551
18926240.556021493
18927871.236194406
18929502.056866277
18931133.01804925
18932764.119755477
18934395.36199698
18936026.744785905
18937658.268134367
18939289.93205447
18940921.736558374
18942553.681658108
18944185.767365824
18945817.99369364
18947450.36065367
18949082.868258066
18950715.516518876
18952348.305448253
18953981.235058315
18955614.305361185
18957247.516369026
18958880.868093885
18960514.36054792
18962147.993743293
18963781.76769206
18965415.68240638
18967049.73789839
18968683.93418021
18970318.271264017
18971952.74916186
18973587.36788591
18975222.127448305
18976857.027861174
18978492.069136698
18980127.251286928
18981762.57432405
18983398.03826019
18985033.6431075
18986669.388878155
18988305.27558422
18989941.303237874
18991577.471851304
18993213.781436536
18994850.23200587
18996486.823571343
18998123.556145135
18999760.429739438
19001397.444366325
19003034.60003798
19004671.896766562
19006309.334564224
19007946.913443156
19009584.63341544
19011222.494493265
19012860.496688794
19014498.640014183
19016136.924481634
19017775.350103226
19019413.916891165
19021052.624857645
19022691.47401472
19024330.464374706
19025969.595949657
19027608.868751775
19029248.28279327
19030887.83808623
19032527.534642864
19034167.37247535
19035807.35159585
19037447.472016584
19039087.733749647
19040728.136807248
19042368.681201573
19044009.36694479
19045650.194049124
19047291.162526675
19048932.272389658
19050573.52365026
19052214.91632066
19053856.450413086
19055498.125939637
19057139.942912545
19058781.901344035
19060424.001246214
19062066.242631312
19063708.62551152
19065351.149899025
19066993.815806065
19068636.623244748
19070279.57222731
19071922.66276595
19073565.894872863
19075209.26856028
19076852.78384033
19078496.44072524
19080140.239227224
19081784.17935848
19083428.261131242
19085072.48455764
19086716.84964992
19088361.35642033
19090006.00488099
19091650.795044158
19093295.72692203
19094940.800526828
19096586.015870795
19098231.372966066
19099876.871824894
19101522.512459498
19103168.294882085
19104814.219104916
19106460.28514013
19108106.492999982
19109752.842696697
19111399.33424249
19113045.96764962
19114692.742930237
19116339.660096604
19117986.71916098
19119633.92013552
19121281.263032485
19122928.7478641
19124576.374642603
19126224.143380255
19127872.05408921
19129520.106781743
19131168.301470086
19132816.638166476
19134465.11688318
19136113.73763236
19137762.500426296
19139411.405277222
19141060.45219738
19142709.64119905
19144358.972294394
19146008.445495695
19147658.060815234
19149307.81826514
19150957.717857815
19152607.75960539
19154257.94352015
19155908.269614384
19157558.737900265
19159209.348390084
19160860.10109609
19162510.996030536
19164162.03320572
19165813.21263382
19167464.534327123
19169115.998297893
19170767.604558386
19172419.353120904
19174071.24399763
19175723.27720086
19177375.452742897
19179027.77063589
19180680.230892263
19182332.833524156
19183985.578543883
19185638.46596375
19187291.495795943
19188944.668052778
19190597.98274652
19192251.439889446
19193905.039493866
19195558.781571977
19197212.666136093
19198866.69319849
19200520.862771448
19202175.174867284
19203829.6294982
19205484.226676513
19207138.966414507
19208793.848724466
19210448.873618715
19212104.04110945
19213759.35120901
19215414.803929713
19217070.39928377
19218726.13728351
19220382.017941225
19222038.041269206
19223694.207279783
19225350.515985172
19227006.967397705
19228663.56152968
19230320.298393395
19231977.178001184
19233634.200365264
19235291.365497984
19236948.673411634
19238606.124118526
19240263.717630994
19241921.453961268
19243579.33312169
19245237.355124608
19246895.519982252
19248553.827706963
19250212.27831106
19251870.87180684
19253529.608206667
19255188.48752277
19256847.509767503
19258506.674953174
19260165.98309211
19261825.43419666
19263485.028279062
19265144.76535168
19266804.64542683
19268464.66851683
19270124.834634047
19271785.143790726
19273445.59599923
19275106.191271916
19276766.929621045
19278427.811058972
19280088.83559803
19281750.00325055
19283411.3140289
19285072.767945334
19286734.365012225
19288396.105241902
19290057.98864671
19291720.01523901
19293382.18503107
19295044.498035267
19296706.954263937
19298369.553729422
19300032.296444103
19301695.182420243
19303358.211670224
19305021.384206433
19306684.700041093
19308348.159186706
19310011.76165551
19311675.507459886
19313339.396612227
19315003.429124802
19316667.605010007
19318331.92428019
19319996.386947706
19321660.99302495
19323325.7425242
19324990.635457855
19326655.671838265
19328320.8516778
19329986.17498885
19331651.641783707
19333317.252074767
19334983.005874395
19336648.903194953
19338314.94404885
19339981.128448375
19341647.45640593
19343313.927933928
19344980.54304466
19346647.30175053
19348314.20406392
19349981.249997195
19351648.43956277
19353315.77277295
19354983.24964014
19356650.87017672
19358318.634395074
19359986.542307615
19361654.593926646
19363322.78926459
19364991.12833383
19366659.611146748
19368328.237715766
19369997.0080532
19371665.922171466
19373334.980082996
19375004.181800105
19376673.527335215
19378343.016700722
19380012.649909016
19381682.42697253
19383352.347903583
19385022.412714604
19386692.621417996
19388362.974026155
19390033.470551517
19391704.1110064
19393374.895403255
19395045.823754475
19396716.896072462
19398388.112369668
19400059.472658414
19401730.976951145
19403402.62526031
19405074.417598236
19406746.353977375
19408418.434410136
19410090.65890893
19411763.02748621
19413435.540154308
19415108.196925685
19416780.99781275
19418453.942827925
19420127.031983666
19421800.26529231
19423473.64276632
19425147.164418116
19426820.83026012
19428494.6403048
19430168.594564494
19431842.69305167
19433516.935778793
19435191.322758216
19436865.8540024
19438540.529523782
19440215.34933479
19441890.313447896
19443565.42187545
19445240.67462993
19446916.071723774
19448591.61316941
19450267.29897932
19451943.129165865
19453619.10374152
19455295.222718727
19456971.486109927
19458647.893927604
19460324.446184117
19462001.142891962
19463677.984063614
19465354.969711404
19467032.09984794
19468709.37448555
19470386.793636724
19472064.357313957
19473742.06552962
19475419.918296203
19477097.91562616
19478776.057531953
19480454.344026074
19482132.7751209
19483811.35082893
19485490.071162626
19487168.93613445
19488847.9457569
19490527.10004236
19492206.399003338
19493885.842652295
19495565.431001697
19497245.164064053
19498925.04185175
19500605.064377304
19502285.231653217
19503965.543691885
19505646.00050582
19507326.602107495
19509007.348509386
19510688.239724007
19512369.275763758
19514050.456641153
19515731.78236868
19517413.252958804
19519094.86842406
19520776.62877685
19522458.534029685
19524140.584195063
19525822.77928546
19527505.11931341
19529187.60429132
19530870.234231714
19532553.009147123
19534235.92904996
19535918.993952762
19537602.203868013
19539285.55880821
19540969.05878589
19542652.70381347
19544336.493903488
19546020.429068435
19547704.50932082
19549388.734673183
19551073.10513794
19552757.620727636
19554442.281454775
19556127.087331865
19557812.03837145
19559497.134585954
19561182.375987932
19562867.762589928
19564553.294404373
19566238.97144382
19567924.79372078
19569610.76124777
19571296.87403734
19572983.132101927
19574669.53545409
19576356.08410635
19578042.778071217
19579729.617361255
19581416.60198891
19583103.731966738
19584791.007307265
19586478.428023018
19588165.994126555
19589853.705630332
19591541.56254691
19593229.564888857
19594917.712668628
19596606.00589879
19598294.444591876
19599983.028760422
19601671.758416995
19603360.633574057
19605049.654244184
19606738.82043991
19608428.132173773
19610117.589458354
19611807.192306116
19613496.94072964
19615186.834741462
19616876.874354135
19618567.05958024
19620257.390432242
19621947.866922732
19623638.489064295
19625329.256869357
19627020.170350634
19628711.229520556
19630402.434391715
19632093.784976702
19633785.281287998
19635476.923338193
19637168.711139847
19638860.644705515
19640552.7240478
19642244.949179176
19643937.32011225
19645629.83685958
19647322.499433734
19649015.307847314
19650708.262112804
19652401.362242814
19654094.608249906
19655788.000146657
19657481.53794567
19659175.221659437
19660869.05130057
19662563.026881684
19664257.148415275
19665951.41591395
19667645.829390295
19669340.38885688
19671035.094326332
19672729.94581114
19674424.943323933
19676120.086877286
19677815.376483787
19679510.81215606
19681206.39390661
19682902.121748056
19684597.995692994
19686294.015754007
19687990.181943726
19689686.494274665
19691382.95275945
19693079.557410713
19694776.308240972
19696473.20526286
19698170.248488974
19699867.437931906
19701564.773604304
19703262.255518675
19704959.883687668
19706657.65812388
19708355.578839913
19710053.645848416
19711751.859161906
19713450.218793035
19715148.724754404
19716847.37705863
19718546.17571835
19720245.1207461
19721944.21215453
19723643.449956294
19725342.834163923
19727042.36479007
19728742.041847356
19730441.86534839
19732141.83530584
19733841.951732233
19735542.214640237
19737242.624042466
19738943.17995155
19740643.882380143
19742344.731340796
19744045.726846173
19745746.868908897
19747448.1575416
19749149.592756946
19750851.174567487
19752552.902985893
19754254.778024834
19755956.799696866
19757658.96801466
19759361.282990854
19761063.744638085
19762766.352969024
19764469.107996233
19766172.00973239
19767875.05819014
19769578.25338212
19771281.59532101
19772985.08401938
19774688.719489913
19776392.501745254
19778096.430798046
19779800.506660987
19781504.729346637
19783209.098867685
19784913.61523683
19786618.2784666
19788323.088569812
19790028.045558996
19791733.14944685
19793438.400246073
19795143.797969237
19796849.34262904
19798555.034238152
19800260.872809228
19801966.85835497
19803672.99088796
19805379.270420905
19807085.69696647
19808792.27053732
19810498.991146166
19812205.858805593
19813912.873528313
19815620.035326995
19817327.344214316
19819034.800202984
19820742.403305594
19822450.15353486
19824158.050903503
19825866.09542412
19827574.287109423
19829282.625972096
19830991.112024825
19832699.74528032
19834408.525751196
19836117.453450173
19837826.52838993
19839535.75058316
19841245.120042592
19842954.63678083
19844664.3008106
19846374.1121446
19848084.070795517
19849794.17677609
19851504.43009892
19853214.83077676
19854925.37882233
19856636.074248254
19858346.917067274
19860057.907292083
19861769.044935383
19863480.330009915
19865191.762528304
19866903.342503294
19868615.06994759
19870326.94487389
19872038.967294954
19873751.1372234
19875463.45467198
19877175.919653405
19878888.532180388
19880601.29226568
19882314.199921913
19884027.255161844
19885740.457998227
19887453.8084437
19889167.306511022
19890880.952212907
19892594.745562084
19894308.686571304
19896022.775253218
19897737.011620585
19899451.39568613
19901165.92746258
19902880.606962703
19904595.43419914
19906310.40918467
19908025.53193201
19909740.802453905
19911456.22076312
19913171.78687231
19914887.500794247
19916603.36254171
19918319.37212735
19920035.529563952
19921751.83486425
19923468.288040984
19925184.88910694
19926901.638074774
19928618.53495727
19930335.579767175
19932052.772517234
19933770.113220233
19935487.60188884
19937205.23853584
19938923.023173988
19940640.95581603
19942359.036474764
19944077.26516286
19945795.641893107
19947514.16667831
19949232.839531098
19950951.660464395
19952670.62949083
19954389.74662321
19956109.011874337
19957828.425256886
19959547.986783665
19961267.696467437
19962987.55432097
19964707.560357064
19966427.714588407
19968148.017027814
19969868.46768805
19971589.066581886
19973309.813722137
19975030.70912149
19976751.752792764
19978472.94474873
19980194.28500217
19981915.773565892
19983637.410452604
19985359.19567512
19987081.12924626
19988803.21117873
19990525.441485353
19992247.820178907
19993970.34727218
19995693.022778
19997415.846709073
19999138.819078226
20000861.939898245
20002585.20918193
20004308.626942106
20006032.193191487
20007755.907942906
20009479.77120916
20011203.783003043
20012927.943337396
20014652.25222493
20016376.70967849
20018101.315710913
20019826.070334923
20021550.973563362
20023276.02540903
20025001.225884743
20026726.575003337
20028452.07277754
20030177.7192202
20031903.51434413
20033629.458162136
20035355.550687075
20037081.79193167
20038808.181908786
20040534.72063123
20042261.40811182
20043988.244363416
20045715.229398753
20047442.36323069
20049169.645872086
20050897.077335685
20052624.65763435
20054352.386780903
20056080.26478817
20057808.291669015
20059536.467436183
20061264.79210255
20062993.265680935
20064721.888184175
20066450.65962514
20068179.58001658
20069908.64937137
20071637.867702346
20073367.235022344
20075096.751344237
20076826.41668079
20078556.231044874
20080286.194449373
20082016.30690701
20083746.568430785
20085476.97903342
20087207.5387278
20088938.247526817
20090669.10544323
20092400.112489935
20094131.26867977
20095862.574025594
20097594.028540295
20099325.632236645
20101057.38512754
20102789.28722583
20104521.338544376
20106253.539096072
20107985.888893697
20109718.387950145
20111451.036278326
20113183.83389097
20114916.780801106
20116649.87702148
20118383.12256499
20120116.517444544
20121850.06167293
20123583.755263053
20125317.598227788
20127051.590579998
20128785.7323326
20130520.02349838
20132254.464090254
20133989.0541211
20135723.79360379
20137458.682551246
20139193.720976256
20140928.90889175
20142664.246310595
20144399.733245686
20146135.36970994
20147871.155716155
20149607.09127726
20151343.176406186
20153079.41111573
20154815.795418825
20156552.32932836
20158289.01285722
20160025.846018348
20161762.828824542
20163499.961288746
20165237.24342385
20166974.675242748
20168712.25675838
20170449.987983562
20172187.868931234
20173925.899614297
20175664.080045648
20177402.410238232
20179140.890204877
20180879.51995852
20182618.29951211
20184357.228878472
20186096.308070555
20187835.53710127
20189574.915983524
20191314.44473027
20193054.12335434
20194793.951868687
20196533.930286225
20198274.058619868
20200014.336882576
20201754.765087187
20203495.34324666
20205236.07137391
20206976.949481864
20208717.977583483
20210459.15569161
20212200.483819205
20213941.961979244
20215683.590184562
20217425.368448135
20219167.29678289
20220909.375201754
20222651.603717703
20224393.982343588
20226136.51109238
20227879.189977013
20229622.01901043
20231364.9982056
20233108.12757538
20234851.407132752
20236594.83689066
20238338.41686204
20240082.14705988
20241826.02749704
20243570.058186498
20245314.23914125
20247058.570374116
20248803.051898208
20250547.683726355
20252292.465871543
20254037.39834677
20255782.481164902
20257527.714338936
20259273.097881824
20261018.631806523
20262764.316126034
20264510.150853228
20266256.136001106
20268002.271582633
20269748.557610765
20271494.994098507
20273241.58105874
20274988.31850447
20276735.20644871
20278482.244904295
20280229.43388436
20281976.77340175
20283724.26346948
20285471.904100556
20287219.695307877
20288967.63710445
20290715.729503255
20292463.972517267
20294212.3661595
20295960.91044285
20297709.605380345
20299458.45098496
20301207.447269674
20302956.594247516
20304705.891931385
20306455.340334304
20308204.939469263
20309954.68934925
20311704.58998729
20313454.64139629
20315204.843589287
20316955.19657931
20318705.700379267
20320456.3550022
20322207.160461094
20323958.116768952
20325709.22393881
20327460.481983587
20329211.89091632
20330963.450750012
20332715.16149766
20334467.023172315
20336219.03578689
20337971.199354436
20339723.51388796
20341475.979400467
20343228.59590501
20344981.36341451
20346734.281942025
20348487.351500604
20350240.572103176
20351993.9437628
20353747.46649249
20355501.140305262
20357254.965214174
20359008.94123216
20360763.068372287
20362517.346647568
20364271.77607103
20366026.356655736
20367781.088414624
20369535.971360765
20371291.005507186
20373046.19086691
20374801.52745301
20376557.01527843
20378312.65435624
20380068.444699526
20381824.386321224
20383580.479234416
20385336.723452132
20387093.11898742
20388849.665853344
20390606.36406287
20392363.213629078
20394120.214565005
20395877.366883695
20397634.670598235
20399392.12572158
20401149.732266825
20402907.49024701
20404665.399675187
20406423.460564442
20408181.672927745
20409940.036778186
20411698.55212886
20413457.218992695
20415216.037382916
20416975.007312447
20418734.128794387
20420493.40184184
20422252.82646778
20424012.402685303
20425772.13050748
20427532.009947367
20429292.04101807
20431052.223732565
20432812.558103967
20434573.044145342
20436333.681869756
20438094.47129032
20439855.412420016
20441616.505271964
20443377.749859277
20445139.146194898
20446900.694292076
20448662.394163754
20450424.245823056
20452186.2492831
20453948.40455688
20455710.711657524
20457473.170598105
20459235.78139171
20460998.544051465
20462761.458590366
20464524.52502155
20466287.743358094
20468051.11361309
20469814.635799676
20471578.30993085
20473342.136019748
20475106.11407946
20476870.244123083
20478634.526163757
20480398.960214484
20482163.546288416
20483928.284398682
20485693.174558304
20487458.21678042
20489223.41107814
20490988.757464558
20492754.25595282
20494519.906555954
20496285.709287103
20498051.664159376
20499817.77118588
20501584.03037977
20503350.441754065
20505117.005321927
20506883.721096467
20508650.589090798
20510417.609318078
20512184.781791337
20513952.106523737
20515719.583528437
20517487.212818477
20519254.994407013
20521022.928307172
20522791.014532074
20524559.253094885
20526327.64400865
20528096.187286537
20529864.882941674
20531633.730987184
20533402.731436245
20535171.884301905
20536941.18959733
20538710.647335663
20540480.25753003
20542250.020193618
20544019.93533947
20545790.002980772
20547560.223130703
20549330.59580232
20551101.121008802
20552871.798763297
20554642.629078947
20556413.61196894
20558184.74744633
20559956.035524316
20561727.47621604
20563499.069534652
20565270.81549335
20567042.71410519
20568814.765383378
20570586.96934106
20572359.325991396
20574131.835347578
20575904.497422684
20577677.312229916
20579450.27978247
20581223.400093384
20582996.673175983
20584770.09904331
20586543.677708566
20588317.409184963
20590091.29348558
20591865.330623627
20593639.52061227
20595413.86346468
20597188.35919407
20598963.007813532
20600737.809336275
20602512.76377547
20604287.871144306
20606063.131455988
20607838.544723615
20609614.11096041
20611389.830179546
20613165.70239421
20614941.72761762
20616717.905862883
20618494.23714322
20620270.72147186
20622047.358861905
20623824.149326585
20625601.092879087
20627378.189532604
20629155.43930037
20630932.842195492
20632710.3982312
20634488.107420698
20636265.969777178
20638043.985313874
20639822.154043905
20641600.475980513
20643378.95113689
20645157.57952625
20646936.361161828
20648715.29605675
20650494.38422426
20652273.6256776
20654053.0204299
20655832.56849441
20657612.269884337
20659392.124612894
20661172.132693335
20662952.29413878
20664732.6089625
20666513.0771777
20668293.698797595
20670074.47383545
20671855.402304392
20673636.484217692
20675417.719588563
20677199.108430233
20678980.650755964
20680762.346578892
20682544.195912294
20684326.198769428
20686108.355163444
20687890.66510761
20689673.12861516
20691455.74569932
20693238.51637337
20695021.44065045
20696804.518543843
20698587.750066783
20700371.13523251
20702154.674054295
20703938.366545305
20705722.21271881
20707506.21258806
20709290.366166294
20711074.673466798
20712859.134502735
20714643.749287385
20716428.51783405
20718213.44015588
20719998.516266175
20721783.746178184
20723569.129905157
20725354.667460386
20727140.358857047
20728926.204108436
20730712.203227803
20732498.35622841
20734284.663123563
20736071.123926423
20737857.738650307
20739644.50730847
20741431.42991417
20743218.506480724
20745005.737021305
20746793.121549226
20748580.66007779
20750368.35262015
20752156.199189737
20753944.199799698
20755732.354463346
20757520.663193997
20759309.126004837
20761097.742909193
20762886.513920333
20764675.43905154
20766464.518316127
20768253.7517273
20770043.13929838
20771832.681042645
20773622.37697338
20775412.227103915
20777202.231447447
20778992.39001731
20780782.702826787
20782573.16988917
20784363.791217793
20786154.566825863
20787945.49672671
20789736.580933675
20791527.819459967
20793319.212318927
20795110.759523846
20796902.461088028
20798694.317024812
20800486.327347413
20802278.492069177
20804070.811203413
20805863.284763414
20807655.912762534
20809448.695213992
20811241.63213114
20813034.72352729
20814827.969415747
20816621.369809862
20818414.92472287
20820208.63416812
20822002.498158973
20823796.516708657
20825590.689830534
20827385.017537918
20829179.49984413
20830974.136762537
20832768.928306367
20834563.874488994
20836358.975323733
20838154.230823915
20839949.64100291
20841745.205873948
20843540.925450414
20845336.79974563
20847132.82877293
20848929.012545682
20850725.35107714
20852521.84438068
20854318.492469676
20856115.295357384
20857912.253057178
20859709.365582403
20861506.63294639
20863304.055162534
20865101.632244084
20866899.36420443
20868697.25105691
20870495.292814877
20872293.489491712
20874091.841100685
20875890.34765519
20877689.009168565
20879487.825654168
20881286.797125395
20883085.923595514
20884885.205077924
20886684.641586017
20888484.23313307
20890283.979732484
20892083.881397616
20893883.938141827
20895684.149978522
20897484.516920976
20899285.0389826
20901085.716176756
20902886.54851681
20904687.536016174
20906488.678688128
20908289.976546086
20910091.429603416
20911893.0378735
20913694.80136974
20915496.720105436
20917298.794093996
20919101.02334885
20920903.40788324
20922705.94771072
20924508.64284454
20926311.49329812
20928114.49908489
20929917.66021815
20931720.97671132
20933524.448577795
20935328.07583095
20937131.85848423
20938935.796550926
20940739.89004448
20942544.13897828
20944348.543365717
20946153.103220228
20947957.818555128
20949762.68938385
20951567.715719793
20953372.897576354
20955178.23496698
20956983.72790498
20958789.376403805
20960595.180476893
20962401.14013757
20964207.255399283
20966013.526275437
20967819.95277944
20969626.53492474
20971433.27272467
20973240.166192677
20975047.215342175
20976854.420186576
20978661.78073934
20980469.297013797
20982276.969023407
20984084.79678159
20985892.780301753
20987700.919597376
20989509.214681786
20991317.66556845
20993126.272270836
20994935.03480228
20996743.953176253
20998553.027406186
21000362.257505503
21002171.643487673
21003981.18536605
21005790.883154105
21007600.73686527
21009410.74651298
21011220.912110712
21013031.233671818
21014841.71120978
21016652.344738036
21018463.134270027
21020274.079819236
21022085.181399018
21023896.43902286
21025707.852704253
21027519.422456555
21029331.148293253
21031143.0302278
21032955.06827364
21034767.262444276
21036579.612753063
21038392.119213503
21040204.781839047
21042017.60064315
21043830.575639315
21045643.70684091
21047456.99426144
21049270.43791436
21051084.037813134
21052897.79397127
21054711.706402138
21056525.77511925
21058340.000136115
21060154.381466113
21061968.91912275
21063783.613119505
21065598.46346984
21067413.470187273
21069228.63328519
21071043.952777106
21072859.4286765
21074675.060996845
21076490.84975166
21078306.79495434
21080122.896618407
21081939.15475734
21083755.56938462
21085572.140513778
21087388.868158206
21089205.75233144
21091022.793047
21092839.990318254
21094657.344158854
21096474.85458217
21098292.521601725
21100110.345231067
21101928.325483594
21103746.462372847
21105564.755912323
21107383.206115514
21109201.81299597
21111020.576567095
21112839.496842436
21114658.5738355
21116477.80755978
21118297.19802883
21120116.745256063
21121936.449255034
21123756.31003925
21125576.327622216
21127396.502017487
21129216.83323849
21131037.321298774
21132857.9662119
21134678.767991297
21136499.72665052
21138320.842203088
21140142.11466252
21141963.544042375
21143785.13035609
21145606.873617228
21147428.77383931
21149250.83103586
21151073.04522045
21152895.41640652
21154717.944607634
21156540.629837323
21158363.47210912
21160186.471436594
21162009.627833195
21163832.941312496
21165656.411888074
21167480.039573383
21169303.824381996
21171127.766327456
21172951.8654233
21174776.12168311
21176600.535120342
21178425.10574858
21180249.83358137
21182074.718632255
21183899.760914825
21185724.960442543
21187550.317228995
21189375.831287734
21191201.50263231
21193027.331276316
21194853.31723322
21196679.46051662
21198505.761140116
21200332.219117172
21202158.834461395
21203985.60718634
21205812.53730557
21207639.624832686
21209466.869781166
21211294.272164613
21213121.831996597
21214949.54929068
21216777.42406047
21218605.456319455
21220433.646081246
21222261.99335941
21224090.49816752
21225919.16051919
21227747.98042791
21229576.9579073
21231406.092970975
21233235.385632433
21235064.835905287
21236894.44380312
21238724.209339518
21240554.1325281
21242384.213382363
21244214.45191594
21246044.84814241
21247875.402075365
21249706.113728434
21251536.983115118
21253368.010249056
21255199.195143834
21257030.537813045
21258862.038270332
21260693.696529195
21262525.51260328
21264357.486506224
21266189.618251495
21268021.90785287
21269854.355323814
21271686.960677978
21273519.723929007
21275352.645090416
21277185.724175856
21279018.961198933
21280852.35617326
21282685.90911248
21284519.620030124
21286353.48893984
21288187.51585525
21290021.70078996
21291856.04375763
21293690.544771787
21295525.2038461
21297360.02099418
21299194.996229645
21301030.129566167
21302865.421017274
21304700.87059664
21306536.478317924
21308372.244194668
21310208.168240547
21312044.25046918
21313880.490894202
21315716.889529288
21317553.446387976
21319390.161483947
21321227.034830835
21323064.06644227
21324901.256331936
21326738.60451338
21328576.11100029
21330413.775806297
21332251.598945048
21334089.580430225
21335927.720275387
21337766.018494222
21339604.475100413
21341443.090107527
21343281.86352925
21345120.795379236
21346959.88567113
21348799.13441863
21350638.5416353
21352478.107334837
21354317.8315309
21356157.71423714
21357997.755467255
21359837.955234826
21361678.313553546
21363518.830437083
21365359.505899098
21367200.339953292
21369041.33261325
21370882.483892675
21372723.79380528
21374565.262364645
21376406.88958448
21378248.675478462
21380090.620060254
21381932.723343577
21383774.98534202
21385617.406069294
21387459.98553908
21389302.723765053
21391145.62076094
21392988.676540326
21394831.89111694
21396675.264504462
21398518.79671658
21400362.487767015
21402206.337669365
21404050.34643737
21405894.51408475
21407738.84062507
21409583.32607219
21411427.970439676
21413272.77374126
21415117.73599068
21416962.857201546
21418808.137387596
21420653.576562528
21422499.17474004
21424344.931933872
21426190.84815764
21428036.923425093
21429883.15774993
21431729.551145855
21433576.103626624
21435422.815205846
21437269.68589728
21439116.71571468
21440963.904671617
21442811.25278198
21444658.760059357
21446506.426517498
21448354.252170168
21450202.237030987
21452050.381113727
21453898.684432097
21455747.14699982
21457595.768830664
21459444.54993826
21461293.490336377
21463142.59003874
21464991.849059068
21466841.26741114
21468690.84510859
21470540.582165193
21472390.478594683
21474240.53441079
21476090.749627285
21477941.12425782
21479791.658316173
21481642.351816125
21483493.20477132
21485344.217195548
21487195.389102545
21489046.720506053
21490898.211419858
21492749.86185761
21494601.67183311
21496453.641360093
21498305.770452306
21500158.05912355
21502010.507387478
21503863.115257885
21505715.882748526
21507568.809873156
21509421.896645565
21511275.143079426
21513128.54918854
21514982.114986707
21516835.840487596
21518689.725705013
21520543.770652715
21522397.97534447
21524252.33979409
21526106.864015236
21527961.548021734
21529816.39182734
21531671.395445827
21533526.55889101
21535381.882176567
21537237.365316316
21539093.00832403
21540948.811213486
21542804.7739985
21544660.89669276
21546517.17931009
21548373.62186431
21550230.224369116
21552086.986838333
21553943.90928574
21555800.991725124
21557658.23417031
21559515.636635
21561373.199133024
21563230.92167817
21565088.80428423
21566946.846965034
21568805.049734287
21570663.41260583
21572521.935593456
21574380.618710957
21576239.46197218
21578098.46539083
21579957.628980752
21581816.95275579
21583676.43672961
21585536.0809162
21587395.88532922
21589255.84998253
21591115.97488997
21592976.260065272
21594836.705522276
21596697.3112748
21598558.07733665
21600419.003721684
21602280.09044363
21604141.337516345
21606002.744953644
21607864.312769342
21609726.040977303
21611587.92959126
21613449.978625078
21615312.18809262
21617174.558007576
21619037.08838395
21620899.779235434
21622762.6305759
21624625.64241921
21626488.814779118
21628352.147669494
21630215.641104165
21632079.295096964
21633943.109661777
21635807.08481234
21637671.220562536
21639535.51692621
21641399.97391719
21643264.591549367
21645129.369836487
21646994.308792442
21648859.408431076
21650724.668766227
21652590.089811787
21654455.671581518
21656321.414089307
21658187.317349054
21660053.381374512
21661919.606179584
21663785.99177812
21665652.538183976
21667519.24541105
21669386.11347311
21671253.142384052
21673120.332157746
21674987.68280804
21676855.194348853
21678722.866793945
21680590.700157233
21682458.694452576
21684326.849693846
21686195.165894944
21688063.643069662
21689932.281231906
21691801.080395594
21693670.040574506
21695539.161782563
21697408.444033638
21699277.887341607
21701147.49172039
21703017.257183775
21704887.183745686
21706757.271420006
21708627.520220615
21710497.930161435
21712368.50125627
21714239.233519044
21716110.12696364
21717981.181603953
21719852.39745391
21721723.774527315
21723595.312838104
21725467.01240021
21727338.873227444
21729210.895333737
21731083.078732986
21732955.423439093
21734827.929466
21736700.596827514
21738573.425537582
21740446.415610105
21742319.567058984
21744192.879898172
21746066.354141485
21747939.989802867
21749813.786896236
21751687.745435495
21753561.8654346
21755436.146907367
21757310.589867763
21759185.194329746
21761059.960307088
21762934.887813892
21764809.976863936
21766685.227471188
21768560.639649607
21770436.21341303
21772311.94877542
21774187.845750704
21776063.904352803
21777940.124595687
21779816.506493196
21781693.050059304
21783569.755307935
21785446.622253027
21787323.65090855
21789200.84128835
21791078.193406403
21792955.707276694
21794833.382913023
21796711.22032951
21798589.21953995
21800467.380558338
21802345.703398656
21804224.188074756
21806102.83460063
21807981.64299022
21809860.61325747
21811739.74541638
21813619.0394808
21815498.49546473
21817378.113382123
21819257.893246923
21821137.835073136
21823017.93887462
21824898.204665385
21826778.632459376
21828659.222270563
21830539.97411294
21832420.888000384
21834301.9639469
21836183.201966498
21838064.602073047
21839946.164280564
21841827.88860301
21843709.775054354
21845591.823648613
21847474.034399666
21849356.407321528
21851238.94242817
21853121.63973357
21855004.499251746
21856887.52099658
21858770.704982106
21860654.05122229
21862537.55973112
21864421.230522618
21866305.063610673
21868189.059009325
21870073.21673259
21871957.536794372
21873842.019208703
21875726.66398957
21877611.47115096
21879496.440706912
21881381.572671324
21883266.86705824
21885152.32388165
21887037.94315555
21888923.72489398
21890809.669110853
21892695.775820207
21894582.045036048
21896468.47677237
21898355.071043234
21900241.82786254
21902128.747244343
21904015.829202697
21905903.073751517
21907790.48090486
21909678.05067673
21911565.78308114
21913453.678132154
21915341.73584369
21917229.956229802
21919118.339304518
21921006.885081846
21922895.593575854
21924784.46480047
21926673.498769764
21928562.69549775
21930452.054998457
21932341.577285953
21934231.262374174
21936121.11027719
21938011.121009078
21939901.29458373
21941791.631015353
21943682.130317852
21945572.792505298
21947463.617591772
21949354.60559122
21951245.75651772
21953137.07038532
21955028.547208045
21956920.186999988
21958811.989775103
21960703.95554747
21962596.084331136
21964488.37614015
21966380.8309886
21968273.448890444
21970166.229859773
21972059.17391064
21973952.281057093
21975845.551313233
21977738.98469302
21979632.58121056
21981526.340879947
21983420.263715148
21985314.34973027
21987208.598939374
21989103.011356518
21990997.586995807
21992892.325871214
21994787.227996856
21996682.29338679
21998577.522055086
22000472.914015856
22002368.46928308
22004264.18787088
22006160.069793317
22008056.11506447
22009952.323698454
22011848.695709255
22013745.231110997
22015641.929917805
22017538.792143665
22019435.817802697
22021333.006908994
22023230.359476626
22025127.87551973
22027025.5550523
22028923.398088466
22030821.404642314
22032719.574727934
22034617.90835946
22036516.405550897
22038415.066316377
22040313.890669994
22042212.878625847
22044112.030198075
22046011.345400684
22047910.824247815
22049810.466753617
22051710.2729321
22053610.242797412
22055510.37636365
22057410.673644926
22059311.134655386
22061211.75940905
22063112.547920067
22065013.50020255
22066914.61627061
22068815.8961384
22070717.339819945
22072618.947329406
22074520.718680892
22076422.653888527
22078324.75296647
22080227.015928753
22082129.44278954
22084032.03356299
22085934.78826315
22087837.706904177
22089740.7895002
22091644.036065347
22093547.44661379
22095451.021159563
22097354.759716846
22099258.66229977
22101162.728922468
22103066.959599115
22104971.354343757
22106875.913170576
22108780.63609371
22110685.5231273
22112590.574285522
22114495.789582435
22116401.169032224
22118306.712649077
22120212.420447003
22122118.292440325
22124024.32864306
22125930.529069405
22127836.893733542
22129743.422649544
22131650.1158316
22133556.973293863
22135463.995050494
22137371.18111569
22139278.531503513
22141186.046228174
22143093.72530383
22145001.568744637
22146909.576564804
22148817.748778407
22150726.085399654
22152634.586442705
22154543.251921732
22156452.08185095
22158361.07624443
22160270.235116392
22162179.558481053
22164089.046352495
22165998.698744934
22167908.51567255
22169818.497149516
22171728.643190056
22173638.95380826
22175549.42901835
22177460.068834502
22179370.87327091
22181281.8423418
22183192.976061262
22185104.274443526
22187015.737502787
22188927.36525323
22190839.157709084
22192751.11488446
22194663.236793585
22196575.523450706
22198487.97486992
22200400.591065478
22202313.372051567
22204226.31784239
22206139.428452194
22208052.70389508
22209966.14418531
22211879.749337073
22213793.51936458
22215707.454282083
22217621.554103695
22219535.818843674
22221450.248516224
22223364.843135558
22225279.60271593
22227194.52727147
22229109.61681643
22231024.871365074
22232940.290931527
22234855.875530057
22236771.625174873
22238687.539880205
22240603.619660314
22242519.864529338
22244436.27450154
22246352.849591147
22248269.589812387
22250186.495179534
22252103.565706722
22254020.80140823
22255938.20229829
22257855.768391136
22259773.49970104
22261691.396242153
22263609.458028752
22265527.685075123
22267446.077395413
22269364.63500391
22271283.35791485
22273202.24614248
22275121.299701087
22277040.518604822
22278959.902867984
22280879.452504814
22282799.167529564
22284719.047956526
22286639.093799863
22288559.305073872
22290479.681792807
22292400.22397092
22294320.931622513
22296241.804761756
22298162.84340295
22300084.0475604
22302005.41724823
22303926.952480886
22305848.653272495
22307770.51963736
22309692.551589806
22311614.749143995
22313537.112314247
22315459.641114835
22317382.33556002
22319305.19566413
22321228.22144134
22323151.412905972
22325074.7700723
22326998.292954605
22328921.981567208
22330845.835924294
22332769.856040195
22334694.041929193
22336618.393605564
22338542.911083642
22340467.594377622
22342392.443501834
22344317.458470613
22346242.63929816
22348167.985998802
22350093.49858684
22352019.177076563
22353945.02148231
22355871.031818286
22357797.208098833
22359723.550338246
22361650.05855083
22363576.732750926
22365503.572952747
22367430.579170637
22369357.751418907
22371285.089711856
22373212.594063837
22375140.264489066
22377068.101001903
22378996.103616696
22380924.27234767
22382852.607209183
22384781.108215544
22386709.775381073
22388638.60872013
22390567.608246945
22392496.773975875
22394426.105921242
22396355.604097374
22398285.26851863
22400215.09919925
22402145.0961536
22404075.259396
22406005.58894079
22407936.08480234
22409866.746994887
22411797.575532805
22413728.570430476
22415659.73170214
22417591.05936218
22419522.55342493
22421454.213904724
22423386.040815953
22425318.03417286
22427250.193989836
22429182.520281218
22431115.013061352
22433047.67234463
22434980.498145305
22436913.490477767
22438846.64935637
22440779.97479546
22442713.466809433
22444647.12541255
22446580.950619213
22448514.942443818
22450449.10090063
22452383.426004056
22454317.917768452
22456252.576208174
22458187.40133763
22460122.393171094
22462057.551722974
22463992.87700763
22465928.36903943
22467864.02783279
22469799.85340198
22471735.845761422
22473672.004925486
22475608.330908537
22477544.823725
22479481.483389154
22481418.309915423
22483355.303318232
22485292.463611815
22487229.790810738
22489167.284929246
22491104.945981767
22493042.773982722
22494980.768946413
22496918.930887267
22498857.25981967
22500795.755758014
22502734.41871673
22504673.248710115
22506612.24575261
22508551.409858607
22510490.741042502
22512430.239318736
22514369.90470161
22516309.737205572
22518249.73684502
22520189.90363435
22522130.23758802
22524070.738720328
22526011.407045733
22527952.24257868
22529893.245333493
22531834.415324617
22533775.752566464
22535717.257073443
22537658.928860016
22539600.7679405
22541542.774329353
22543484.948040996
22545427.28908984
22547369.79749035
22549312.473256856
22551255.31640382
22553198.32694567
22555141.504896823
22557084.85027175
22559028.363084782
22560972.043350395
22562915.891083065
22564859.90629712
22566804.089007046
22568748.439227268
22570692.956972223
22572637.642256387
22574582.495094106
22576527.51549986
22578472.703488085
22580418.05907323
22582363.582269765
22584309.273092054
22586255.131554577
22588201.157671783
22590147.351458114
22592093.71292806
22594040.242095985
22595986.938976374
22597933.803583726
22599880.835932408
22601828.036036905
22603775.403911684
22605722.93957119
22607670.643029932
22609618.514302272
22611566.553402714
22613514.760345723
22615463.135145754
22617411.677817322
22619360.38837479
22621309.26683268
22623258.31320545
22625207.52750757
22627156.909753557
22629106.459957782
22631056.178134773
22633006.06429904
22634956.118464965
22636906.34064707
22638856.73085984
22640807.28911774
22642758.0154353
22644708.90982691
22646659.972307093
22648611.202890333
22650562.601591114
22652514.16842397
22654465.903403286
22656417.806543607
22658369.877859414
22660322.117365204
22662274.525075506
22664227.101004723
22666179.8451674
22668132.757578067
22670085.838251095
22672039.087201156
22673992.504442614
22675946.089990016
22677899.84385791
22679853.766060703
22681807.856612947
22683762.115529146
22685716.542823806
22687671.138511483
22689625.902606588
22691580.835123684
22693535.936077278
22695491.205481883
22697446.643352058
22699402.24970223
22701358.024546955
22703313.967900753
22705270.079778146
22707226.360193696
22709182.80916183
22711139.426697124
22713096.212814145
22715053.16752732
22717010.290851228
22718967.582800396
22720925.04338935
22722882.672632664
22724840.47054478
22726798.437140282
22728756.572433695
22730714.876439556
22732673.34917245
22734631.99064682
22736590.80087725
22738549.779878285
22740508.927664462
22742468.24425037
22744427.72965046
22746387.383879326
22748347.206951555
22750307.19888161
22752267.35968408
22754227.689373516
22756188.18796447
22758148.85547154
22760109.69190919
22762070.697292015
22764031.87163458
22765993.214951437
22767954.72725719
22769916.408566307
22771878.2588934
22773840.27825303
22775802.46665976
22777764.824128196
22779727.35067282
22781690.046308238
22783652.911049075
22785615.9449098
22787579.147905033
22789542.52004935
22791506.06135732
22793469.771843564
22795433.651522573
22797397.70040896
22799361.918517318
22801326.305862214
22803290.86245828
22805255.58832001
22807220.48346203
22809185.547898922
22811150.781645283
22813116.184715737
22815081.75712478
22817047.49888706
22819013.410017204
22820979.490529668
22822945.74043923
22824912.159760352
22826878.74850767
22828845.506695833
22830812.434339345
22832779.53145285
22834746.798050955
22836714.23414826
22838681.839759417
22840649.614898935
22842617.55958147
22844585.673821628
22846553.95763402
22848522.4110333
22850491.034033988
22852459.826650746
22854428.78889823
22856397.92079092
22858367.222343612
22860336.693570793
22862306.33448712
22864276.14510727
22866246.125445765
22868216.275517274
22870186.59533642
22872157.084917832
22874127.744276185
22876098.57342601
22878069.57238198
22880040.741158735
22882012.079770897
22883983.58823315
22885955.266560037
22887927.114766236
22889899.132866383
22891871.32087512
22893843.678807132
22895816.206676967
22897788.90449931
22899761.77228885
22901734.810060147
22903708.017827883
22905681.39560671
22907654.943411276
22909628.661256272
22911602.549156263
22913576.607125945
22915550.835179966
22917525.233332988
22919499.801599707
22921474.53999469
22923449.448532645
22925424.52722822
22927399.77609609
22929375.195150957
22931350.78440739
22933326.5438801
22935302.473583803
22937278.57353307
22939254.843742616
22941231.28422711
22943207.895001225
22945184.67607968
22947161.62747705
22949138.749208063
22951116.041287392
22953093.503729712
22955071.136549752
22957048.939762097
22959026.913381472
22961005.057422563
22962983.37190005
22964961.85682867
22966940.512223013
22968919.338097807
22970898.334467795
22972877.50134757
22974856.83875187
22976836.34669539
22978816.02519282
22980795.874258902
22982775.89390824
22984756.084155582
22986736.445015617
22988716.97650305
22990697.678632636
22992678.55141897
22994659.594876815
22996640.80902087
22998622.193865843
23000603.749426488
23002585.475717418
23004567.37275339
23006549.440549165
23008531.679119315
23010514.08847874
23012496.668642014
23014479.419623904
23016462.34143917
23018445.43410244
23020428.697628476
23022412.132032007
23024395.73732775
23026379.513530478
23028363.460654825
23030347.578715563
23032331.867727417
23034316.32770512
23036300.958663445
23038285.760617033
23040270.73358066
23042255.877569113
23044241.192596983
23046226.678679198
23048212.33583035
23050198.164065227
23052184.16339862
23054170.333845172
23056156.675419677
23058143.188136876
23060129.872011513
23062116.72705839
23064103.75329215
23066090.9507276
23068078.319379486
23070065.85926256
23072053.57039162
23074041.45278133
23076029.506446496
23078017.731401864
23080006.127662204
23081994.695242316
23083983.434156865
23085972.344420668
23087961.42604853
23089950.67905512
23091940.103455257
23093929.699263703
23095919.46649523
23097909.40516465
23099899.515286647
23101889.796876036
23103880.24994759
23105870.874516085
23107861.670596343
23109852.63820305
23111843.77735103
23113835.088055063
23115826.570329927
23117818.22419046
23119810.049651343
23121802.046727415
23123794.215433504
23125786.555784304
23127779.067794655
23129771.751479343
23131764.606853165
23133757.63393095
23135750.83272741
23137744.20325738
23139737.745535657
23141731.459577043
23143725.34539638
23145719.403008375
23147713.63242788
23149708.03366969
23151702.60674862
23153697.35167951
23155692.268477086
23157687.357156195
23159682.617731694
23161678.0502183
23163673.654630873
23165669.43098422
23167665.379293166
23169661.499572568
23171657.79183715
23173654.256101772
23175650.892381262
23177647.700690433
23179644.68104416
23181641.833457172
23183639.157944337
23185636.65452048
23187634.32320043
23189632.16399907
23191630.17693112
23193628.36201147
23195626.719254997
23197625.248676393
23199623.95029068
23201622.82411255
23203621.870156895
23205621.088438593
23207620.478972394
23209620.041773185
23211619.77685581
23213619.684235115
23215619.763925985
23217620.015943177
23219620.440301582
23221621.037016053
23223621.80610144
23225622.747572638
23227623.86144441
23229625.147731654
23231626.606449276
23233628.237611983
23235630.041234832
23237632.01733253
23239634.165919993
23241636.48701213
23243638.980623703
23245641.646769624
23247644.485464767
23249647.49672399
23251650.680562213
23253654.036994208
23255657.566034894
23257661.267699145
23259665.14200183
23261669.188957874
23263673.408582058
23265677.800889306
23267682.365894496
23269687.10361251
23271692.01405827
23273697.09724657
23275702.353192333
23277707.7819105
23279713.38341586
23281719.157723345
23283725.104847845
23285731.22480425
23287737.517607495
23289743.983272385
23291750.621813852
23293757.4332468
23295764.41758612
23297771.57484676
23299778.90504352
23301786.408191353
23303794.084305152
23305801.93339983
23307809.955490332
23309818.15059147
23311826.518718194
23313835.05988547
23315843.7741081
23317852.66140105
23319861.721779227
23321870.955257546
23323880.36185097
23325889.941574316
23327899.69444255
23329909.620470595
23331919.71967336
23333929.992065825
23335940.437662806
23337951.056479283
23339961.848530177
23341972.81383041
23343983.952394962
23345995.264238663
23348006.74937649
23350018.40782343
23352030.239594307
23354042.24470411
23356054.423167773
23358066.77500023
23360079.300216466
23362091.998831328
23364104.8708598
23366117.916316826
23368131.13521735
23370144.527576357
23372158.0934087
23374171.832729377
23376185.74555333
23378199.831895508
23380214.091770917
23382228.525194403
23384243.132180974
23386257.912745625
23388272.866903175
23390287.99466877
23392303.29605722
23394318.77108354
23396334.419762734
23398350.242109664
23400366.23813935
23402382.40786675
23404398.75130683
23406415.26847461
23408431.959384955
23410448.82405289
23412465.86249338
23414483.074721403
23416500.460751973
23418518.020599976
23420535.754280433
23422553.66180832
23424571.74319862
23426589.998466354
23428608.427626412
23430627.030693825
23432645.807683624
23434664.758610696
23436683.88349008
23438703.182336755
23440722.65516572
23442742.30199201
23444762.122830518
23446782.117696285
23448802.286604308
23450822.629569583
23452843.14660715
23454863.837731913
23456884.702958923
23458905.742303174
23460926.955779675
23462948.343403473
23464969.905189477
23466991.64115274
23469013.55130832
23471035.635671128
23473057.89425622
23475080.327078607
23477102.9341533
23479125.715495367
23481148.671119723
23483171.801041428
23485195.105275508
23487218.583836973
23489242.236740895
23491266.0640022
23493290.06563596
23495314.241657194
23497338.592080932
23499363.116922244
23501387.816196065
23503412.689917475
23505437.738101542
23507462.960763212
23509488.357917562
23511513.929579627
23513539.67576444
23515565.59648709
23517591.691762514
23519617.961605806
23521644.406032
23523671.025056142
23525697.81869332
23527724.78695849
23529751.92986674
23531779.247433115
23533806.73967267
23535834.406600498
23537862.248231553
23539890.264580943
23541918.45566376
23543946.82149497
23545975.362089675
23548004.07746293
23550032.967629798
23552062.032605387
23554091.27240466
23556120.687042728
23558150.276534654
23560180.040895507
23562209.9801404
23564240.094284307
23566270.38334234
23568300.84732957
23570331.486261077
23572362.300151974
23574393.289017245
23576424.452872008
23578455.79173139
23580487.30561033
23582518.99452409
23584550.858487617
23586582.89751604
23588615.111624483
23590647.50082794
23592680.065141544
23594712.804580387
23596745.719159547
23598778.808894176
23600812.07379926
23602845.51388994
23604879.12918131
23606912.91968847
23608946.885426562
23610981.026410587
23613015.342655692
23615049.83417698
23617084.50098955
23619119.343108553
23621154.360549
23623189.55332604
23625224.921454832
23627260.464950386
23629296.183827862
23631332.07810237
23633368.14778902
23635404.392902978
23637440.813459255
23639477.409473024
23641514.180959396
23643551.127933495
23645588.250410486
23647625.54840539
23649663.021933384
23651700.671009593
23653738.495649133
23655776.49586719
23657814.67167879
23659853.023099106
23661891.550143324
23663930.252826475
23665969.131163742
23668008.18517026
23670047.41486116
23672086.820251632
23674126.401356716
23676166.158191603
23678206.09077143
23680246.199111335
23682286.48322652
23684326.943132028
23686367.57884305
23688408.39037474
23690449.377742242
23692490.540960755
23694531.880045336
23696573.395011183
23698615.0858735
23700656.952647343
23702698.995347917
23704741.213990387
23706783.608589903
23708826.17916168
23710868.925720777
23712911.84828241
23714954.946861744
23716998.22147394
23719041.67213422
23721085.298857648
23723129.101659447
23725173.080554787
23727217.235558838
23729261.566686824
23731306.073953822
23733350.757375058
23735395.61696576
23737440.652741
23739485.864716016
23741531.252905987
23743576.817326095
23745622.55799157
23747668.47491751
23749714.568119135
23751760.837611645
23753807.28341022
23755853.90553011
23757900.703986403
23759947.678794336
23761994.82996911
23764042.157525923
23766089.661480017
23768137.341846492
23770185.198640596
23772233.23187758
23774281.441572502
23776329.82774076
23778378.390397407
23780427.129557703
23782476.045236904
23784525.137450125
23786574.406212617
23788623.851539597
23790673.473446272
23792723.271947913
23794773.247059632
23796823.398796696
23798873.727174323
23800924.232207734
23802974.913912196
23805025.772302832
23807076.80739492
23809128.019203678
23811179.407744337
23813230.97303217
23815282.715082306
23817334.633910026
23819386.729530614
23821439.001959197
23823491.45121106
23825544.077301446
23827596.88024558
23829649.860058755
23831703.01675611
23833756.35035293
23835809.860864468
23837863.54830596
23839917.412692696
23841971.45403983
23844025.67236265
23846080.067676414
23848134.63999637
23850189.389337808
23852244.31571589
23854299.419145916
23856354.69964319
23858410.157222874
23860465.79190027
23862521.60369064
23864577.592609238
23866633.75867138
23868690.10189223
23870746.622287095
23872803.31987125
23874860.194659956
23876917.24666853
23878974.475912143
23881031.882406116
23883089.466165718
23885147.227206226
23887205.165542964
23889263.281191103
23891321.574165978
23893380.04448291
23895438.692157082
23897497.517203826
23899556.519638423
23901615.69947616
23903675.056732364
23905734.59142223
23907794.30356109
23909854.193164237
23911914.260246955
23913974.504824594
23916034.92691234
23918095.526525542
23920156.303679492
23922217.258389488
23924278.39067088
23926339.700538866
23928401.188008796
23930462.853096023
23932524.695815753
23934586.716183335
23936648.91421408
23938711.28992329
23940773.843326334
23942836.57443841
23944899.48327489
23946962.569851078
23949025.834182292
23951089.276283897
23953152.89617111
23955216.693859298
23957280.66936378
23959344.822699882
23961409.153882965
23963473.662928265
23965538.349851146
23967603.21466699
23969668.257390972
23971733.47803862
23973798.876625113
23975864.453165837
23977930.20767617
23979996.140171345
23982062.250666752
23984128.539177727
23986195.005719602
23988261.65030777
23990328.47295747
23992395.4736841
23994462.65250299
23996530.009429496
23998597.544479012
24000665.25766678
24002733.149008203
24004801.21851863
24006869.46621341
24008937.89210794
24011006.49621749
24013075.27855745
24015144.23914323
24017213.377990093
24019282.69511344
24021352.190528635
24023421.864251044
24025491.71629607
24027561.746678986
24029631.955415204
24031702.342520088
24033772.908009015
24035843.651897393
24037914.574200504
24039985.67493376
24042056.95411254
24044128.411752224
24046200.047868226
24048271.86247583
24050343.85559047
24052416.027227566
24054488.377402406
24056560.906130422
24058633.613426995
24060706.499307513
24062779.563787412
24064852.806881983
24066926.22860666
24068999.828976836
24071073.608007904
24073147.565715306
24075221.70211434
24077296.01722045
24079370.51104903
24081445.183615483
24083520.03493526
24085595.065023653
24087670.273896128
24089745.66156813
24091821.228054967
24093896.973372098
24095972.897534925
24098049.000558864
24100125.28245937
24102201.74325176
24104278.382951494
24106355.201573987
24108432.199134655
24110509.375648968
24112586.73113224
24114664.26559994
24116741.979067497
24118819.87155033
24120897.943063907
24122976.19362356
24125054.623244762
24127133.231942996
24129212.019733585
24131290.986632016
24133370.132653713
24135449.457814116
24137528.962128706
24139608.64561282
24141688.508281946
24143768.55015152
24145848.771236986
24147929.171553828
24150009.751117397
24152090.509943184
24154171.44804663
24156252.565443188
24158333.86214835
24160415.33817747
24162496.993546043
24164578.828269575
24166660.84236337
24168743.035843078
24170825.40872401
24172907.961021673
24174990.692751568
24177073.603929065
24179156.694569666
24181239.96468884
24183323.41430205
24185407.043424807
24187490.852072485
24189574.84026059
24191659.008004606
24193743.35531999
24195827.882222272
24197912.588726822
24199997.47484917
24202082.54060478
24204167.78600914
24206253.211077772
24208338.815826062
24210424.600269534
24212510.56442373
24214596.70830402
24216683.031925954
24218769.53530501
24220856.218456674
24222943.08139649
24225030.12413985
24227117.346702293
24229204.74909931
24231292.3313464
24233380.093459103
24235468.03545282
24237556.157343104
24239644.459145445
24241732.94087535
24243821.602548372
24245910.444179915
24247999.46578553
24250088.667380776
24252178.048981063
24254267.61060195
24256357.352258943
24258447.273967557
24260537.375743356
24262627.65760175
24264718.119558316
24266808.761628557
24268899.583828
24270990.586172212
24273081.768676616
24275173.131356783
24277264.67422824
24279356.39730651
24281448.300607167
24283540.384145644
24285632.647937514
24287725.091998365
24289817.716343623
24291910.520988874
24294003.50594965
24296096.671241492
24298190.016879983
24300283.542880565
24302377.249258824
24304471.1360303
24306565.203210544
24308659.45081514
24310753.878859542
24312848.48735934
24314943.276330087
24317038.24578733
24319133.39574667
24321228.72622356
24323324.237233598
24325419.928792395
24327515.800915353
24329611.85361823
24331708.08691644
24333804.500825588
24335901.095361285
24337997.870538995
24340094.826374333
24342191.96288286
24344289.28008015
24346386.777981818
24348484.456603333
24350582.315960314
24352680.356068335
24354778.57694297
24356876.978599843
24358975.561054427
24361074.324322354
24363173.268419255
24365272.393360555
24367371.699162036
24369471.18583913
24371570.853407476
24373670.70188271
24375770.73128031
24377870.94161592
24379971.332905132
24382071.905163534
24384172.658406768
24386273.59265033
24388374.707909863
24390476.00420096
24392577.481539227
24394679.139940307
24396780.979419697
24398882.999993056
24400985.201675985
24403087.58448409
24405190.14843302
24407292.893538285
24409395.819815546
24411498.927280463
24413602.215948544
24415705.685835455
24417809.336956806
24419913.169328213
24422017.182965346
24424121.377883717
24426225.754099
24428330.31162681
24430435.050482776
24432539.97068257
24434645.07224171
24436750.355175875
24438855.819500696
24440961.4652318
24443067.292384863
24445173.30097542
24447279.491019152
24449385.862531744
24451492.415528733
24453599.1500258
24455706.06603859
24457813.16358274
24459920.442673936
24462027.903327722
24464135.545559797
24466243.3693858
24468351.37482138
24470459.561882235
24472567.93058391
24474676.480942108
24476785.212972477
24478894.126690675
24481003.222112406
24483112.49925322
24485221.95812883
24487331.59875494
24489441.421147108
24491551.42532105
24493661.611292426
24495771.9790769
24497882.528690185
24499993.260147855
24502104.173465617
24504215.268659145
24506326.54574411
24508438.00473623
24510549.645651083
24512661.46850439
24514773.473311834
24516885.66008908
24518998.028851867
24521110.579615768
24523223.312396515
24525336.227209844
24527449.324071288
24529562.60299673
24531676.06400171
24533789.70710196
24535903.532313228
24538017.539651096
24540131.72913131
24542246.100769565
24544360.654581554
24546475.39058302
24548590.308789566
24550705.409216937
24552820.691880833
24554936.15679696
24557051.803981062
24559167.633448754
24561283.645215783
24563399.83929791
24565516.21571069
24567632.774470035
24569749.515591506
24571866.439090867
24573983.54498388
24576100.833286155
24578218.304013465
24580335.95718153
24582453.792806055
24584571.810902826
24586690.011487458
24588808.394575726
24590926.960183352
24593045.708326064
24595164.63901964
24597283.752279703
24599403.048122037
24601522.526562374
24603642.18761645
24605762.031300038
24607882.05762878
24610002.266618468
24612122.65828488
24614243.23264366
24616363.989710603
24618484.92950144
24620606.052031927
24622727.35731785
24624848.84537486
24626970.51621875
24629092.369865276
24631214.40633018
24633336.62562927
24635459.027778193
24637581.612792756
24639704.38068872
24641827.331481833
24643950.46518791
24646073.781822607
24648197.281401735
24650320.963941112
24652444.829456396
24654568.8779634
24656693.1094779
24658817.524015658
24660942.121592492
24663066.90222407
24665191.865926225
24667317.012714718
24669442.342605334
24671567.85561389
24673693.55175607
24675819.431047697
24677945.493504558
24680071.73914243
24682198.167977143
24684324.780024387
24686451.575299997
24688578.55381981
24690705.715599507
24692833.06065494
24694960.589001887
24697088.300656147
24699216.195633564
24701344.273949835
24703472.5356208
24705600.980662264
24707729.609090023
24709858.420919925
24711987.416167673
24714116.594849125
24716245.95698008
24718375.502576344
24720505.23165378
24722635.14422809
24724765.240315136
24726895.519930784
24729025.98309069
24731156.629810873
24733287.460107
24735418.47399493
24737549.671490535
24739681.052609537
24741812.617367808
24743944.365781166
24746076.297865435
24748208.41363649
24750340.713110063
24752473.196302027
24754605.86322821
24756738.713904444
24758871.74834661
24761004.966570448
24763138.368591834
24765271.954426654
24767405.7240906
24769539.67759971
24771673.81496967
24773808.13621638
24775942.641355723
24778077.330403447
24780212.203375448
24782347.26028757
24784482.50115567
24786617.925995637
24788753.534823228
24790889.327654343
24793025.304504838
24795161.465390563
24797297.810327433
24799434.3393312
24801571.05241777
24803707.949603006
24805845.030902777
24807982.29633299
24810119.745909404
24812257.379647948
24814395.19756453
24816533.19967492
24818671.38599504
24820809.756540764
24822948.311327957
24825087.050372552
24827225.973690316
24829365.081297185
24831504.37320903
24833643.849441733
24835783.510011226
24837923.35493329
24840063.384223863
24842203.597898822
24844343.995974064
24846484.578465518
24848625.345388975
24850766.296760377
24852907.432595666
24855048.75291064
24857190.257721234
24859331.94704335
24861473.820892885
24863615.87928579
24865758.122237857
24867900.549765047
24870043.16188326
24872185.958608396
24874328.93995642
24876472.10594313
24878615.456584487
24880758.991896402
24882902.711894784
24885046.6165956
24887190.70601466
24889334.98016793
24891479.439071376
24893624.08274082
24895768.911192227
24897913.924441516
24900059.122504618
24902204.5053975
24904350.073135983
24906495.825736053
24908641.76321363
24910787.885584645
24912934.19286508
24915080.685070768
24917227.362217687
24919374.224321775
24921521.27139897
24923668.50346525
24925815.920536466
24927963.522628598
24930111.309757646
24932259.281939395
24934407.439189993
24936555.781525236
24938704.308961116
24940853.021513637
24943001.919198647
24945151.002032146
24947300.27003009
24949449.723208424
24951599.36158316
24953749.185170155
24955899.19398541
24958049.388044894
24960199.76736456
24962350.331960425
24964501.08184835
24966652.017044347
24968803.137564387
24970954.443424433
24973105.93464051
24975257.61122848
24977409.47320437
24979561.520584207
24981713.753383856
24983866.17161935
24986018.775306657
24988171.564461764
24990324.539100703
24992477.699239343
24994631.04489373
24996784.57607984
24998938.292813662
25001092.195111234
25003246.282988437
25005400.556461316
25007555.01554586
25009709.660258066
25011864.49061397
25014019.506629474
25016174.708320618
25018330.095703457
25020485.668793883
25022641.42760795
25024797.37216166
25026953.502471015
25029109.818552073
25031266.320420735
25033423.00809306
25035579.881585058
25037736.940912742
25039894.186092168
25042051.617139254
25044209.23407006
25046367.036900602
25048525.0256469
25050683.20032502
25052841.560950883
25055000.107540563
25057158.840110127
25059317.7586755
25061476.863252763
25063636.153857935
25065795.63050705
25067955.293216184
25070115.142001268
25072275.17687839
25074435.397863574
25076595.80497286
25078756.39822234
25080917.177627943
25083078.143205762
25085239.294971835
25087400.632942207
25089562.157132972
25091723.86756007
25093885.7642396
25096047.847187664
25098210.116420202
25100372.571953323
25102535.213803068
25104698.0419855
25106861.05651672
25109024.257412683
25111187.644689497
25113351.218363218
25115514.978449907
25117678.92496568
25119843.057926495
25122007.377348464
25124171.883247655
25126336.57564014
25128501.45454203
25130666.519969296
25132831.77193806
25134997.210464448
25137162.835564375
25139328.647254124
25141494.645549618
25143660.830466986
25145827.20202236
25147993.760231715
25150160.505111184
25152327.436676856
25154494.55494481
25156661.859931182
25158829.351651967
25160997.030123293
25163164.89536126
25165332.947381955
25167501.186201524
25169669.611835957
25171838.224301405
25174007.02361396
25176176.009789724
25178345.18284485
25180514.542795334
25182684.089657333
25184853.823446997
25187023.744180333
25189193.851873502
25191364.14654261
25193534.62820376
25195705.296873126
25197876.152566712
25200047.195300683
25202218.425091155
25204389.841954246
25206561.445906125
25208733.236962806
25210905.215140466
25213077.380455222
25215249.732923202
25217422.27256058
25219594.999383386
25221767.913407788
25223941.014649976
25226114.303125974
25228287.778851964
25230461.44184408
25232635.29211846
25234809.32969129
25236983.554578606
25239157.966796596
25241332.5663614
25243507.35328916
25245682.327596072
25247857.48929818
25250032.838411678
25252208.37495271
25254384.098937433
25256560.01038204
25258736.109302588
25260912.395715274
25263088.86963631
25265265.53108174
25267442.38006778
25269619.41661059
25271796.640726324
25273974.052431196
25276151.65174127
25278329.438672755
25280507.413241822
25282685.575464632
25284863.925357413
25287042.462936223
25289221.18821729
25291400.101216782
25293579.201950878
25295758.4904358
25297937.966687627
25300117.630722582
25302297.482556902
25304477.52220666
25306657.749688093
25308838.165017378
25311018.76821071
25313199.55928432
25315380.53825429
25317561.70513687
25319743.059948243
25321924.602704607
25324106.3334222
25326288.252117116
25328470.358805604
25330652.65350386
25332835.13622809
25335017.80699453
25337200.665819295
25339383.71271863
25341566.947708793
25343750.370805837
25345933.982026175
25348117.78138586
25350301.768901154
25352485.94458832
25354670.308463465
25356854.860542864
25359039.60084272
25361224.52937926
25363409.646168746
25365594.951227304
25367780.444571197
25369966.126216654
25372151.996179897
25374338.054477204
25376524.301124696
25378710.736138657
25380897.359535314
25383084.171330895
25385271.17154169
25387458.360183828
25389645.737273593
25391833.302827276
25394021.05686101
25396208.999391086
25398397.13043375
25400585.450005233
25402773.95812184
25404962.65479971
25407151.54005514
25409340.61390438
25411529.876363676
25413719.327449333
25415908.9671775
25418098.795564476
25420288.812626526
25422479.018379897
25424669.412840903
25426859.996025696
25429050.767950594
25431241.728631906
25433432.878085796
25435624.216328572
25437815.74337651
25440007.459245868
25442199.363952976
25444391.45751399
25446583.739945244
25448776.211263005
25450968.87148355
25453161.720623203
25455354.758698143
25457547.985724695
25459741.40171914
25461935.006697763
25464128.800676897
25466322.78367272
25468516.955701575
25470711.316779792
25472905.866923567
25475100.606149234
25477295.534473084
25479490.65191141
25481685.958480567
25483881.454196732
25486077.139076266
25488273.01313546
25490469.076390617
25492665.32885809
25494861.770554077
25497058.40149493
25499255.22169696
25501452.23117647
25503649.429949824
25505846.818033226
25508044.395443033
25510242.16219562
25512440.11830719
25514638.263794105
25516836.598672695
25519035.122959267
25521233.836670198
25523432.739821702
25525631.832430154
25527831.114511877
25530030.586083196
25532230.24716049
25534430.097759984
25536630.137898058
25538830.367591042
25541030.786855265
25543231.39570712
25545432.19416283
25547633.18223879
25549834.359951388
25552035.7273168
25554237.284351584
25556439.03107192
25558640.96749421
25560843.09363484
25563045.409510057
25565247.915136266
25567450.61052981
25569653.49570704
25571856.57068436
25574059.83547802
25576263.290104423
25578466.93457993
25580670.7689209
25582874.793143734
25585079.007264696
25587283.411300197
25589488.005266603
25591692.789180275
25593897.76305763
25596102.926914938
25598308.28076861
25600513.824635077
25602719.5585306
25604925.482471604
25607131.59647447
25609337.900555562
25611544.394731324
25613751.07901802
25615957.953432083
25618165.017989896
25620372.272707842
25622579.717602357
25624787.352689724
25626995.17798638
25629203.19350871
25631411.399273112
25633619.79529602
25635828.381593734
25638037.158182688
25640246.125079338
25642455.28229997
25644664.629861042
25646874.167778946
25649083.89607009
25651293.814750925
25653503.923837747
25655714.223347023
25657924.71329515
25660135.393698543
25662346.26457366
25664557.32593681
25666768.577804454
25668980.02019301
25671191.65311889
25673403.47659857
25675615.49064835
25677827.695284713
25680040.09052413
25682252.676382914
25684465.452877548
25686678.420024455
25688891.577840056
25691104.926340837
25693318.46554312
25695532.195463393
25697746.116118085
25699960.227523625
25702174.52969651
25704389.022653062
25706603.706409775
25708818.58098309
25711033.646389447
25713248.902645342
25715464.34976711
25717679.98777125
25719895.816674262
25722111.83649249
25724328.04724243
25726544.448940538
25728761.041603263
25730977.825247116
25733194.79988844
25735411.965543747
25737629.322229493
25739846.869962145
25742064.608758204
25744282.538634036
25746500.65960615
25748718.97169102
25750937.474905103
25753156.169264924
25755375.054786846
25757594.131487392
25759813.399383083
25762032.858490244
25764252.50882555
25766472.350405324
25768692.383246098
25770912.6073644
25773133.022776607
25775353.629499253
25777574.42754882
25779795.41694179
25782016.597694714
25784237.96982396
25786459.53334608
25788681.288277555
25790903.234634884
25793125.37243461
25795347.70169312
25797570.22242697
25799792.934652653
25802015.838386666
25804238.93364556
25806462.22044574
25808685.698803756
25810909.36873617
25813133.230259374
25815357.283389933
25817581.52814436
25819805.964539155
25822030.592590895
25824255.412315976
25826480.423730973
25828705.626852397
25830931.02169677
25833156.608280662
25835382.386620484
25837608.356732816
25839834.518634178
25842060.872341096
25844287.417870145
25846514.155237753
25848741.084460497
25850968.20555496
25853195.518537566
25855423.02342491
25857650.720233515
25859878.608979926
25862106.68968073
25864334.962352354
25866563.4270114
25868792.08367441
25871020.932357915
25873249.973078527
25875479.205852676
25877708.630696967
25879938.247627947
25882168.056662165
25884398.05781623
25886628.251106583
25888858.636549838
25891089.214162596
25893319.983961318
25895550.945962604
25897782.100183025
25900013.446639135
25902244.985347558
25904476.716324743
25906708.639587313
25908940.755151838
25911173.06303488
25913405.56325307
25915638.25582287
25917871.140760906
25920104.21808375
25922337.48780798
25924570.94995023
25926804.604526963
25929038.451554824
25931272.491050437
25933506.723030232
25935741.147511005
25937975.76450918
25940210.5740414
25942445.576124307
25944680.770774383
25946916.158008274
25949151.73784257
25951387.510293867
25953623.47537882
25955859.63311391
25958095.983515795
25960332.526601076
25962569.262386348
25964806.190888274
25967043.31212335
25969280.626108233
25971518.132859584
25973755.832393855
25975993.72472787
25978231.809878074
25980470.087861136
25982708.558693726
25984947.222392354
25987186.078973684
25989425.128454346
25991664.37085095
25993903.806180175
25996143.434458535
25998383.25570271
26000623.26992933
26002863.477155015
26005103.87739645
26007344.47067016
26009585.256992828
26011826.236381087
26014067.40885157
26016308.77442097
26018550.333105817
26020792.0849228
26023034.029888615
26025276.168019798
26027518.499333043
26029761.023844995
26032003.7415723
26034246.65253166
26036489.75673962
26038733.054212876
26040976.544968084
26043220.229021896
26045464.10639102
26047708.17709201
26049952.441141568
26052196.898556363
26054441.549353044
26056686.393548336
26058931.43115879
26061176.662201125
26063422.08669206
26065667.70464816
26067913.516086143
26070159.521022677
26072405.71947444
26074652.111458153
26076898.69699039
26079145.476087876
26081392.448767286
26083639.615045305
26085886.974938665
26088134.52846394
26090382.275637865
26092630.21647713
26094878.350998417
26097126.679218467
26099375.201153863
26101623.91682135
26103872.82623767
26106121.929419413
26108371.226383325
26110620.717146106
26112870.40172445
26115120.28013511
26117370.352394678
26119620.618519913
26121871.078527518
26124121.7324342
26126372.580256708
26128623.622011654
26130874.857715797
26133126.287385847
26135377.911038518
26137629.728690576
26139881.74035863
26142133.946059443
26144386.345809795
26146638.939626243
26148891.72752572
26151144.709524784
26153397.88564022
26155651.2558888
26157904.82028715
26160158.578852043
26162412.531600215
26164666.678548392
26166921.019713365
26169175.555111755
26171430.284760356
26173685.2086759
26175940.326875128
26178195.639374834
26180451.146191645
26182706.847342364
26184962.742843788
26187218.832712498
26189475.116965454
26191731.59561925
26193988.268690683
26196245.136196557
26198502.198153522
26200759.454578385
26203016.905487895
26205274.550898816
26207532.390827958
26209790.42529197
26212048.654307667
26214307.07789182
26216565.696061183
26218824.508832578
26221083.516222663
26223342.718248267
26225602.114926152
26227861.706273094
26230121.492305916
26232381.473041285
26234641.648496035
26236902.01868699
26239162.583630826
26241423.34334437
26243684.297844414
26245945.44714773
26248206.791271165
26250468.33023139
26252730.064045247
26254991.99272953
26257254.116301022
26259516.434776574
26261778.948172867
26264041.65650675
26266304.559795022
26268567.658054475
26270830.951301966
26273094.439554185
26275358.122827988
26277622.001140233
26279886.074507613
26282150.342946995
26284414.806475177
26286679.465108976
26288944.31886525
26291209.36776071
26293474.611812215
26295740.051036585
26298005.685450632
26300271.515071232
26302537.539915096
26304803.759999093
26307070.17534005
26309336.785954785
26311603.591860183
26313870.59307296
26316137.789609995
26318405.18148817
26320672.768724218
26322940.55133501
26325208.52933739
26327476.702748194
26329745.071584303
26332013.635862455
26334282.395599537
26336551.350812394
26338820.50151787
26341089.847732857
26343359.389474094
26345629.126758486
26347899.05960287
26350169.18802411
26352439.512039103
26354710.03166459
26356980.746917482
26359251.657814693
26361522.76437291
26363794.06660921
26366065.564540293
26368337.258183073
26370609.14755446
26372881.232671224
26375153.51355027
26377425.99020847
26379698.662662696
26381971.530929867
26384244.595026746
26386517.854970265
26388791.310777295
26391064.96246471
26393338.81004944
26395612.85354826
26397887.0929781
26400161.528355844
26402436.159698375
26404710.987022627
26406986.01034538
26409261.22968358
26411536.645054165
26413812.256473914
26416088.06395978
26418364.06752865
26420640.267197423
26422916.662983045
26425193.254902307
26427470.04297216
26429747.02720951
26432024.20763125
26434301.584254343
26436579.15709559
26438856.92617194
26441134.89150031
26443413.053097602
26445691.410980787
26447969.965166666
26450248.715672202
26452527.66251437
26454806.80570998
26457086.145275995
26459365.68122934
26461645.41358694
26463925.34236576
26466205.467582628
26468485.789254513
26470766.307398345
26473047.022031054
26475327.933169622
26477609.04083087
26479890.345031787
26482171.845789302
26484453.54312036
26486735.437041942
26489017.527570885
26491299.814724177
26493582.298518818
26495864.978971638
26498147.85609964
26500430.929919764
26502714.20044896
26504997.667704232
26507281.33170242
26509565.192460526
26511849.249995507
26514133.50432432
26516417.95546397
26518702.603431307
26520987.448243342
26523272.489917036
26525557.728469357
26527843.16391731
26530128.79627776
26532414.62556773
26534700.65180423
26536986.87500413
26539273.295184452
26541559.91236217
26543846.72655425
26546133.737777725
26548420.946049467
26550708.351386502
26552995.95380581
26555283.753324375
26557571.74995923
26559859.94372725
26562148.334645476
26564436.922730893
26566725.708000492
26569014.69047131
26571303.870160237
26573593.247084316
26575882.821260594
26578172.5927059
26580462.561437458
26582752.727472097
26585043.09082687
26587333.65151883
26589624.40956488
26591915.36498207
26594206.517787408
26596497.8679979
26598789.415630613
26601081.16070244
26603373.103230458
26605665.24323167
26607957.580723092
26610250.1157218
26612542.848244693
26614835.778308854
26617128.905931298
26619422.231129043
26621715.753919173
26624009.4743186
26626303.392344408
26628597.508013673
26630891.821343318
26633186.33235043
26635481.04105204
26637775.947465178
26640071.05160694
26642366.35349424
26644661.853144187
26646957.550573807
26649253.445800148
26651549.538840305
26653845.829711214
26656142.31842997
26658439.005013622
26660735.889479216
26663032.97184386
26665330.252124496
26667627.730338227
26669925.40650216
26672223.280633252
26674521.352748603
26676819.622865275
26679118.091000326
26681416.757170875
26683715.621393874
26686014.683686443
26688313.94406565
26690613.40254855
26692913.059152283
26695212.913893797
26697512.966790225
26699813.217858635
26702113.667116106
26704414.314579766
26706715.160266586
26709016.204193696
26711317.446378235
26713618.88683717
26715920.52558764
26718222.362646732
26720524.398031536
26722826.631759185
26725129.063846666
26727431.694311123
26729734.523169648
26732037.550439335
26734340.77613733
26736644.20028062
26738947.822886366
26741251.643971663
26743555.663553607
26745859.88164936
26748164.298275914
26750468.913450435
26752773.727190077
26755078.73951184
26757383.950432897
26759689.359970346
26761994.96814131
26764300.774962954
26766606.780452285
26768912.984626476
26771219.387502644
26773525.98909791
26775832.789429445
26778139.78851427
26780446.98636956
26782754.383012448
26785061.97846005
26787369.77272956
26789677.765837993
26791985.957802538
26794294.348640386
26796602.9383685
26798911.727004237
26801220.714564577
26803529.90106671
26805839.28652783
26808148.870964974
26810458.65439534
26812768.636836067
26815078.818304304
26817389.19881726
26819699.77839197
26822010.55704564
26824321.534795422
26826632.71165847
26828944.087651998
26831255.66279305
26833567.437098846
26835879.410586536
26838191.583273284
26840503.955176312
26842816.526312675
26845129.296699587
26847442.266354278
26849755.4352938
26852068.803535383
26854382.371096198
26856696.137993418
26859010.104244273
26861324.26986583
26863638.634875316
26865953.199289918
26868267.963126812
26870582.92640324
26872898.08913627
26875213.451343145
26877529.013041053
26879844.774247177
26882160.734978765
26884476.8952529
26886793.255086824
26889109.814497795
26891426.573502887
26893743.53211936
26896060.690364413
26898378.048255242
26900695.605809104
26903013.363043092
26905331.319974467
26907649.476620432
26909967.832998198
26912286.389125027
26914605.14501802
26916924.100694444
26919243.25617151
26921562.611466434
26923882.166596487
26926201.92157878
26928521.876430582
26930842.031169176
26933162.385811664
26935482.94037533
26937803.694877405
26940124.649335105
26942445.80376572
26944767.15818637
26947088.71261433
26949410.46706685
26951732.42156115
26954054.57611453
26956376.93074411
26958699.48546719
26961022.240301006
26963345.195262797
26965668.350369867
26967991.705639347
26970315.261088535
26972639.01673474
26974962.9725951
26977287.128686912
26979611.48502744
26981936.041633926
26984260.79852369
26986585.755713873
26988910.913221784
26991236.27106469
26993561.82925985
26995887.58782458
26998213.54677603
27000539.70613153
27002866.065908335
27005192.62612372
27007519.38679501
27009846.347939365
27012173.50957411
27014500.87171658
27016828.434383884
27019156.197593518
27021484.161362592
27023812.325708445
27026140.690648414
27028469.256199673
27030798.02237956
27033126.989205357
27035456.156694356
27037785.524863906
27040115.093731176
27042444.863313526
27044774.833628237
27047105.004692614
27049435.376524005
27051765.949139595
27054096.722556744
27056427.696792748
27058758.87186491
27061090.247790594
27063421.82458699
27065753.602271464
27068085.580861375
27070417.760373928
27072750.140826486
27075082.72223636
27077415.504620872
27079748.487997387
27082081.672383115
27084415.057795428
27086748.644251645
27089082.43176909
27091416.420365144
27093750.610057015
27096085.00086209
27098419.592797697
27100754.385881163
27103089.380129877
27105424.575561054
27107759.97219209
27110095.570040375
27112431.369123135
27114767.36945776
27117103.57106159
27119439.97395197
27121776.578146297
27124113.383661803
27126450.39051589
27128787.598725908
27131125.0083092
27133462.619283177
27135800.431665078
27138138.44547231
27140476.660722233
27142815.077432197
27145153.69561962
27147492.515301745
27149831.536495995
27152170.75921978
27154510.18349036
27156849.80932515
27159189.63674152
27161529.665756837
27163869.89638853
27166210.328653853
27168550.96257024
27170891.79815506
27173232.83542569
27175574.074399564
27177915.51509395
27180257.15752628
27182599.001713943
27184941.047674317
27187283.295424845
27189625.744982798
27191968.39636562
27194311.249590762
27196654.304675497
27198997.56163727
27201341.020493485
27203684.68126153
27206028.543958858
27208372.60860276
27210716.875210684
27213061.343800034
27215406.014388215
27217750.886992685
27220095.961630743
27222441.238319844
27224786.7170774
27227132.397920825
27229478.28086758
27231824.36593497
27234170.653140467
27236517.14250154
27238863.83403544
27241210.727759812
27243557.823691905
27245905.1218492
27248252.622249175
27250600.324909143
27252948.22984659
27255296.33707894
27257644.646623623
27259993.158498127
27262341.872719776
27264690.789306056
27267039.908274405
27269389.22964226
27271738.753427114
27274088.479646295
27276438.408317305
27278788.539457582
27281138.87308457
27283489.409215778
27285840.147868536
27288191.08906035
27290542.23280873
27292893.579131015
27295245.12804471
27297596.879567273
27299948.833716165
27302300.990508895
27304653.349962812
27307005.912095435
27309358.676924225
27311711.644466646
27314064.814740222
27316418.187762305
27318771.763550423
27321125.542122044
27323479.523494642
27325833.707685743
27328188.094712712
27330542.68459308
27332897.477344383
27335252.472983986
27337607.671529427
27339963.07299819
27342318.677407753
27344674.484775666
27347030.495119296
27349386.708456192
27351743.12480384
27354099.744179737
27356456.566601425
27358813.592086293
27361170.82065189
27363528.25231571
27365885.887095258
27368243.725008085
27370601.766071584
27372960.010303315
27375318.45772084
27377677.108341545
27380035.962183006
27382395.019262724
27384754.27959821
27387113.743207037
27389473.410106607
27391833.280314486
27394193.353848197
27396553.630725257
27398914.110963237
27401274.794579554
27403635.68159178
27405996.772017445
27408358.065874074
27410719.563179247
27413081.263950385
27415443.168205075
27417805.2759609
27420167.587235287
27422530.102045827
27424892.82041005
27427255.742345504
27429618.867869776
27431982.1970003
27434345.72975467
27436709.46615044
27439073.406205144
27441437.549936395
27443801.89736162
27446166.44849843
27448531.203364383
27450896.161977023
27453261.324353963
27455626.69051265
27457992.260470696
27460358.034245715
27462724.011855103
27465090.193316642
27467456.578647733
27469823.167865995
27472189.96098905
27474556.958034355
27476924.159019534
27479291.56396216
27481659.17287981
27484026.98579011
27486395.002710525
27488763.223658685
27491131.648652174
27493500.27770857
27495869.110845514
27498238.148080472
27500607.389431093
27502976.834914953
27505346.48454965
27507716.33835282
27510086.396341953
27512456.65853469
27514827.124948684
27517197.795601416
27519568.67051054
27521939.749693662
27524311.03316837
27526682.52095233
27529054.21306303
27531426.109518133
27533798.210335243
27536170.51553197
27538543.025125973
27540915.73913476
27543288.657575995
27545661.78046729
27548035.107826263
27550408.639670588
27552782.376017768
27555156.316885483
27557530.462291405
27559904.812253047
27562279.366788093
27564654.125914164
27567029.08964889
27569404.25800996
27571779.631014884
27574155.208681356
27576530.99102701
27578906.978069477
27581283.16982645
27583659.56631546
27586036.167554203
27588412.97356031
27590789.984351434
27593167.19994527
27595544.620359357
27597922.245611392
27600300.075719085
27602678.11069997
27605056.350571755
27607434.795352098
27609813.44505865
27612192.299709126
27614571.35932107
27616950.623912193
27619330.093500163
27621709.768102642
27624089.647737347
27626469.732421834
27628850.022173822
27631230.517010983
27633611.216950987
27635992.12201156
27638373.232210267
27640754.547564834
27643136.068092994
27645517.793812256
27647899.72474053
27650281.86089532
27652664.20229437
27655046.748955414
27657429.500896033
27659812.458133962
27662195.620686896
27664578.98857252
27666962.561808586
27669346.34041267
27671730.324402526
27674114.51379585
27676498.908610336
27678883.508863743
27681268.314573657
27683653.325757835
27686038.542434044
27688423.96461981
27690809.592333075
27693195.42559137
27695581.464412466
27697967.70881413
27700354.158813957
27702740.814429723
27705127.675679144
27707514.742579937
27709902.015149873
27712289.493406564
27714677.177367788
27717065.067051265
27719453.162474725
27721841.463655945
27724229.97061255
27726618.683362313
27729007.601922974
27731396.72631226
27733786.05654797
27736175.59264772
27738565.334629305
27740955.282510523
27743345.436308995
27745735.796042524
27748126.36172885
27750517.133385725
27752908.111030944
27755299.294682145
27757690.684357136
27760082.280073665
27762474.081849486
27764866.089702405
27767258.303650074
27769650.7237103
27772043.349900838
27774436.182239454
27776829.220743965
27779222.465432025
27781615.91632145
27784009.57343006
27786403.436775517
27788797.506375644
27791191.78224821
27793586.26441099
27795980.952881813
27798375.84767834
27800770.948818408
27803166.256319795
27805561.77020028
27807957.4904777
27810353.417169724
27812749.550294194
27815145.8898689
27817542.43591163
27819939.188440222
27822336.14747236
27824733.31302589
27827130.685118664
27829528.263768367
27831926.048992846
27834324.040809903
27836722.23923734
27839120.64429301
27841519.255994607
27843918.07435999
27846317.09940697
27848716.331153344
27851115.76961699
27853515.414815597
27855915.26676704
27858315.325489126
27860715.590999674
27863116.063316558
27865516.742457483
27867917.628440324
27870318.72128296
27872720.021003045
27875121.527618628
27877523.241147365
27879925.161607143
27882327.28901585
27884729.623391192
27887132.16475107
27889534.913113315
27891937.86849576
27894341.030916296
27896744.40039265
27899147.97694272
27901551.76058435
27903955.751335382
27906359.94921371
27908764.354237076
27911168.966423377
27913573.78579052
27915978.812356193
27918384.046138465
27920789.487155024
27923195.135423783
27925600.990962654
27928007.053789385
27930413.32392189
27932819.801378027
27935226.486175664
27937633.37833272
27940040.477866948
27942447.78479627
27944855.29913856
27947263.020911686
27949670.95013358
27952079.086821996
27954487.43099487
27956895.982670076
27959304.741865497
27961713.70859907
27964122.882888556
27966532.2647519
27968941.854207043
27971351.651271753
27973761.65596398
27976171.86830161
27978582.288302537
27980992.91598471
27983403.7513659
27985814.79446407
27988226.045297116
27990637.50388293
27993049.17023947
27995461.044384528
27997873.126336064
28000285.416111976
28002697.913730178
28005110.619208626
28007523.532565124
28009936.653817635
28012349.98298413
28014763.520082407
28017177.26513044
28019591.218146145
28022005.37914744
28024419.748152304
28026834.32517854
28029249.110244136
28031664.10336701
28034079.304565087
28036494.713856358
28038910.331258636
28041326.156789906
28043742.190468103
28046158.43231116
28048574.882337067
28050991.54056365
28053408.407008905
28055825.481690828
28058242.764627248
28060660.255836163
28063077.955335516
28065495.863143258
28067913.97927739
28070332.303755753
28072750.836596347
28075169.577817127
28077588.52743605
28080007.68547113
28082427.051940203
28084846.62686129
28087266.410252348
28089686.40213134
28092106.60251629
28094527.011425044
28096947.628875624
28099368.454886064
28101789.48947415
28104210.73265809
28106632.18445568
28109053.844884958
28111475.713963952
28113897.791710522
28116320.07814271
28118742.573278494
28121165.277135853
28123588.189732835
28126011.3110873
28128434.641217303
28130858.180140823
28133281.92787585
28135705.88444044
28138130.049852468
28140554.42412998
28142979.007290978
28145403.799353458
28147828.800335478
28150254.010254916
28152679.42912984
28155105.056978308
28157530.893818207
28159956.939667605
28162383.19454451
28164809.65846693
28167236.331452936
28169663.213520426
28172090.304687466
28174517.60497208
28176945.11439228
28179372.83296615
28181800.760711584
28184228.89764667
28186657.243789427
28189085.799157888
28191514.56377013
28193943.537644066
28196372.72079779
28198802.113249384
28201231.71501677
28203661.52611804
28206091.54657123
28208521.776394375
28210952.215605576
28213382.864222758
28215813.722264014
28218244.7897474
28220676.066690948
28223107.553112775
28225539.249030806
28227971.154463153
28230403.269427866
28232835.593943
28235268.128026664
28237700.871696804
28240133.824971527
28242566.98786896
28245000.360407047
28247433.9426039
28249867.734477594
28252301.736046188
28254735.947327808
28257170.36834041
28259604.99910212
28262039.83963101
28264474.88994515
28266910.15006268
28269345.620001554
28271781.299779914
28274217.18941584
28276653.288927406
28279089.59833276
28281526.117649864
28283962.84689687
28286399.786091916
28288836.93525298
28291274.294398207
28293711.863545693
28296149.642713528
28298587.63191987
28301025.831182692
28303464.240520157
28305902.859950364
28308341.689491414
28310780.729161467
28313219.97897851
28315659.438960716
28318099.109126184
28320538.989493024
28322979.080079406
28325419.38090333
28327859.891982965
28330300.613336485
28332741.544981834
28335182.68693736
28337624.039221007
28340065.601850964
28342507.374845408
28344949.358222343
28347391.55199996
28349833.956196383
28352276.570829745
28354719.39591823
28357162.431479864
28359605.67753283
28362049.13409527
28364492.801185317
28366936.67882117
28369380.76702085
28371825.065802567
28374269.575184457
28376714.295184664
28379159.225821394
28381604.367112685
28384049.719076738
28386495.281731766
28388941.055095807
28391387.03918707
28393833.234023713
28396279.639623895
28398726.25600583
28401173.08318757
28403620.121187326
28406067.37002327
28408514.82971356
28410962.500276428
28413410.381729923
28415858.474092275
28418306.777381655
28420755.29161624
28423204.016814254
28425652.95299377
28428102.10017301
28430551.458370224
28433001.02760347
28435450.807890993
28437900.799250975
28440351.0017016
28442801.41526112
28445252.0399476
28447702.875779293
28450153.922774393
28452605.180951092
28455056.65032764
28457508.330922123
28459960.2227528
28462412.325837858
28464864.64019551
28467317.165844016
28469769.902801465
28472222.851086117
28474676.010716237
28477129.381709926
28479582.96408545
28482036.75786102
28484490.763054844
28486944.97968521
28489399.40777021
28491854.04732812
28494308.898377165
28496763.960935563
28499219.2350216
28501674.72065338
28504130.417849194
28506586.326627266
28509042.447005823
28511498.779003162
28513955.322637398
28516412.07792682
28518869.044889722
28521326.223544225
28523783.613908634
28526241.216001183
28528699.029840115
28531157.055443738
28533615.292830173
28536073.742017727
28538532.403024655
28540991.275869202
28543450.36056968
28545909.657144222
28548369.165611144
28550828.885988705
28553288.818295162
28555748.962548833
28558209.31876786
28560669.886970565
28563130.667175274
28565591.659400076
28568052.863663472
28570514.279983554
28572975.908378653
28575437.748867102
28577899.801467054
28580362.066196848
28582824.543074757
28585287.232119057
28587750.133348092
28590213.246780027
28592676.5724332
28595140.1103259
28597603.86047641
28600067.822903074
28602531.997624073
28604996.38465775
28607460.984022405
28609925.795736324
28612390.819817863
28614856.056285206
28617321.50515671
28619787.166450735
28622253.040185463
28624719.126379255
28627185.425050423
28629651.936217267
28632118.65989816
28634585.59611129
28637052.744875032
28639520.106207695
28641987.6801276
28644455.466653116
28646923.465802442
28649391.677593965
28651860.102045998
28654328.73917687
28656797.58900496
28659266.65154848
28661735.92682581
28664205.414855342
28666675.115655288
28669145.029244043
28671615.155639935
28674085.494861305
28676556.046926543
28679026.811853874
28681497.789661698
28683968.98036835
28686440.38399218
28688912.000551593
28691383.83006481
28693855.872550245
28696328.128026243
28698800.596511155
28701273.2780234
28703746.172581207
28706219.280202992
28708692.600907173
28711166.134711992
28713639.881635867
28716113.841697164
28718588.01491424
28721062.401305523
28723537.000889264
28726011.81368389
28728486.839707766
28730962.078979272
28733437.531516835
28735913.19733871
28738389.076463338
28740865.168909095
28743341.474694364
28745817.993837576
28748294.726357006
28750771.672271088
28753248.831598274
28755726.204356834
28758203.790565215
28760681.5902418
28763159.603404995
28765637.830073245
28768116.270264827
28770594.923998196
28773073.79129176
28775552.872163907
28778032.166633103
28780511.67471764
28782991.39643597
28785471.331806507
28787951.48084766
28790431.843577895
28792912.420015506
28795393.210178964
28797874.214086745
28800355.431757085
28802836.86320864
28805318.508459654
28807800.367528602
28810282.44043397
28812764.727194063
28815247.227827366
28817729.942352302
28820212.870787308
28822696.013150863
28825179.36946129
28827662.939737078
28830146.72399666
28832630.72225848
28835114.934541024
28837599.360862624
28840084.001241777
28842568.855696928
28845053.92424652
28847539.206909057
28850024.70370287
28852510.41464647
28854996.33975836
28857482.479056884
28859968.832560547
28862455.40028781
28864942.18225713
28867429.178487025
28869916.388995837
28872403.813802086
28874891.452924237
28877379.306380756
28879867.374190167
28882355.656370822
28884844.15294125
28887332.86391992
28889821.789325316
28892310.929175958
28894800.28349021
28897289.85228661
28899779.6355837
28902269.633399837
28904759.84575357
28907250.272663374
28909740.914147742
28912231.77022522
28914722.840914175
28917214.126233164
28919705.626200672
28922197.340835202
28924689.2701553
28927181.414179347
28929673.772925906
28932166.34641347
28934659.13466055
28937152.1376857
28939645.35550731
28942138.78814395
28944632.435614184
28947126.297936402
28949620.375129174
28952114.66721102
28954609.17420045
28957103.89611604
28959598.83297619
28962093.984799474
28964589.351604424
28967084.933409553
28969580.73023345
28972076.742094517
28974572.969011348
28977069.41100247
28979566.068086408
28982062.940281756
28984560.027606938
28987057.33008054
28989554.847721156
28992052.580547214
28994550.52857731
28997048.691829987
28999547.070323788
29002045.664077315
29004544.473109
29007043.497437447
29009542.737081207
29012042.192058835
29014541.862388942
29017041.748089958
29019541.84918051
29022042.165679142
29024542.697604425
29027043.444974974
29029544.407809235
29032045.586125832
29034546.979943387
29037048.589280292
29039550.414155357
29042052.454586968
29044554.710593756
29047057.182194363
29049559.869407237
29052062.77225102
29054565.890744288
29057069.22490562
29059572.774753664
29062076.540306877
29064580.521583907
29067084.71860334
29069589.131383765
29072093.75994383
29074598.60430201
29077103.664476957
29079608.94048726
29082114.432351526
29084620.1400884
29087126.063716374
29089632.203254104
29092138.55872025
29094645.1301333
29097151.917511918
29099658.920874715
29102166.140240293
29104673.57562733
29107181.227054313
29109689.09453992
29112197.178102765
29114705.477761466
29117213.9935347
29119722.725440968
29122231.673498955
29124740.83772728
29127250.21814457
29129759.81476951
29132269.62762061
29134779.656716563
29137289.902076058
29139800.363717604
29142311.041659903
29144821.935921587
29147333.0465213
29149844.37347773
29152355.91680941
29154867.676535033
29157379.652673252
29159891.84524271
29162404.254262112
29164916.87974999
29167429.721725058
29169942.78020596
29172456.055211358
29174969.54675996
29177483.25487031
29179997.179561127
29182511.32085113
29185025.678758856
29187540.253303036
29190055.044502333
29192570.05237541
29195085.276941
29197600.718217656
29200116.376224104
29202632.250979017
29205148.342501074
29207664.650809012
29210181.175921384
29212697.917856935
29215214.876634344
29217732.052272294
29220249.44478953
29222767.054204617
29225284.880536307
29227802.923803344
29230321.184024245
29232839.661217935
29235358.355402935
29237877.266598
29240396.394821886
29242915.74009317
29245435.30243062
29247955.08185293
29250475.078378808
29252995.29202702
29255515.72281615
29258036.37076497
29260557.23589219
29263078.31821652
29265599.61775674
29268121.134531435
29270642.86855939
29273164.81985938
29275686.988449946
29278209.374350052
29280731.977578238
29283254.79815329
29285777.836093992
29288301.091418955
29290824.56414697
29293348.254296765
29295872.161887076
29298396.286936697
29300920.629464243
29303445.18948851
29305969.967028245
29308494.962102182
29311020.174729124
29313545.6049277
29316071.25271671
29318597.118114904
29321123.201141033
29323649.501813907
29326176.02015216
29328702.7561746
29331229.709900048
29333756.881347142
29336284.270534694
29338811.87748147
29341339.702206235
29343867.744727805
29346396.00506483
29348924.483236138
29351453.179260492
29353982.093156666
29356511.224943493
29359040.574639626
29361570.142263897
29364099.927835084
29366629.93137197
29369160.152893387
29371690.592418
29374221.24996465
29376752.12555219
29379283.219199277
29381814.530924764
29384346.060747433
29386877.80868609
29389409.774759572
29391941.95898656
29394474.361385915
29397006.981976427
29399539.820776902
29402072.877806194
29404606.15308299
29407139.646626152
29409673.35845449
29412207.288586803
29414741.437041968
29417275.80383867
29419810.38899579
29422345.19253219
29424880.21446657
29427415.454817817
29429950.913604736
29432486.59084615
29435022.48656095
29437558.60076783
29440094.93348568
29442631.48473332
29445168.254529588
29447705.24289337
29450242.449843377
29452779.875398505
29455317.519577585
29457855.382399455
29460393.463883013
29462931.764046982
29465470.282910258
29468009.02049175
29470547.976810116
29473087.15188445
29475626.545733415
29478166.158375923
29480705.98983088
29483246.040117025
29485786.309253268
29488326.79725847
29490867.504151486
29493408.429951232
29495949.574676454
29498490.938346073
29501032.520978954
29503574.32259396
29506116.34321002
29508658.58284588
29511201.04152048
29513743.719252743
29516286.616061367
29518829.731965467
29521373.06698374
29523916.621135123
29526460.39443856
29529004.38691281
29531548.59857682
29534093.029449474
29536637.679549657
29539182.548896316
29541727.63750823
29544272.94540434
29546818.472603545
29549364.21912474
29551910.184986882
29554456.37020875
29557002.7748093
29559549.398807436
29562096.242222063
29564643.305072147
29567190.587376468
29569738.089153998
29572285.81042371
29574833.75120439
29577381.911515012
29579930.291374493
29582478.890801746
29585027.70981575
29587576.74843531
29590126.0066794
29592675.48456695
29595225.182116874
29597775.099348165
29600325.236279633
29602875.59293026
29605426.16931898
29607976.96546473
29610527.9813865
29613079.217103105
29615630.672633547
29618182.34799682
29620734.243211746
29623286.35829733
29625838.693272512
29628391.248156242
29630944.022967525
29633497.01772519
29636050.232448246
29638603.667155646
29641157.321866345
29643711.19659936
29646265.291373525
29648819.60620786
29651374.141121324
29653928.89613288
29656483.871261552
29659039.066526186
29661594.481945805
29664150.117539443
29666705.973325945
29669262.049324345
29671818.345553618
29674374.862032738
29676931.59878074
29679488.555816483
29682045.733159006
29684603.130827293
29687160.74884033
29689718.587217152
29692276.645976637
29694834.925137825
29697393.424719706
29699952.14474128
29702511.08522159
29705070.246179514
29707629.627634108
29710189.229604434
29712749.052109305
29715309.09516797
29717869.35879924
29720429.843022194
29722990.547855888
29725551.473319214
29728112.61943124
29730673.986210976
29733235.573677436
29735797.381849695
29738359.410746645
29740921.66038737
29743484.130790886
29746046.82197621
29748609.733962435
29751172.866768453
29753736.220413357
29756299.794916235
29758863.59029593
29761427.60657172
29763991.84376245
29766556.301887218
29769120.980965123
29771685.881015077
29774251.002056178
29776816.34410747
29779381.907187995
29781947.691316858
29784513.696512982
29787079.92279547
29789646.370183382
29792213.038695756
29794779.928351715
29797347.039170187
29799914.371170282
29802481.924371067
29805049.698791597
29807617.694450993
29810185.91136819
29812754.34956232
29815323.009052508
29817891.889857695
29820460.99199701
29823030.31548953
29825599.86035432
29828169.626610518
29830739.614277072
29833309.823373128
29835880.253917757
29838450.905930042
29841021.779429123
29843592.87443397
29846164.190963715
29848735.729037452
29851307.48867427
29853879.469893325
29856451.672713574
29859024.09715418
29861596.743234295
29864169.610972896
29866742.70038914
29869316.011502124
29871889.54433096
29874463.298894797
29877037.27521263
29879611.47330362
29882185.893186875
29884760.534881506
29887335.398406688
29889910.48378141
29892485.79102484
29895061.32015611
29897637.07119432
29900213.044158664
29902789.239068132
29905365.655941915
29907942.294799197
29910519.155658975
29913096.23854045
29915673.54346274
29918251.07044498
29920828.819506362
29923406.790665902
29925984.983942796
29928563.39935618
29931142.036925193
29933720.896669038
29936299.97860674
29938879.28275749
29941458.80914045
29944038.55777476
29946618.52867963
29949198.72187409
29951779.137377355
29954359.775208637
29956940.635386907
29959521.717931572
29962103.022861604
29964684.550196227
29967266.299954664
29969848.27215595
29972430.466819327
29975012.883963946
29977595.523608986
29980178.385773677
29982761.470477067
29985344.777738392
29987928.307576824
29990512.060011547
29993096.035061795
29995680.23274663
29998264.653085295
30000849.296096973
30003434.161800846
30006019.250216167
30008604.561362002
30011190.095257603
30013775.851922218
30016361.831374925
30018948.033634976
30021534.458721567
30024121.106653903
30026707.977451243
30029295.071132664
30031882.38771743
30034469.92722475
30037057.68967383
30039645.67508394
30042233.883474167
30044822.314863782
30047410.969272003
30049999.846718043
30052588.94722118
30055178.270800512
30057767.817475315
30060357.58726488
30062947.5801883
30065537.79626487
30068128.235513806
30070718.897954345
30073309.783605777
30075900.892487213
30078492.22461794
30081083.7800172
30083675.558704227
30086267.560698323
30088859.786018603
30091452.23468437
30094044.90671487
30096637.802129347
30099230.92094711
30101824.263187278
30104417.82886917
30107011.618012097
30109605.63063519
30112199.866757765
30114794.326399077
30117389.009578384
30119983.91631501
30122579.046628095
30125174.400536958
30127769.97806087
30130365.779219095
30132961.804030962
30135558.05251562
30138154.524692398
30140751.220580574
30143348.140199423
30145945.283568278
30148542.6507063
30151140.241632823
30153738.0563672
30156336.09492858
30158934.357336324
30161532.843609706
30164131.553768016
30166730.48783061
30169329.64581665
30171929.0277455
30174528.63363645
30177128.463508792
30179728.51738189
30182328.795274924
30184929.29720725
30187530.02319818
30190130.973267008
30192732.14743311
30195333.54571567
30197935.168134056
30200537.014707647
30203139.085455563
30205741.380397372
30208343.899552204
30210946.642939437
30213549.610578455
30216152.802488454
30218756.21868882
30221359.85919888
30223963.724037953
30226567.813225437
30229172.126780532
30231776.66472264
30234381.427071083
30236986.413845204
30239591.6250644
30242197.06074788
30244802.72091505
30247408.605585255
30250014.71477783
30252621.048512187
30255227.60680755
30257834.389683325
30260441.397158924
30263048.629253577
30265656.085986696
30268263.76737764
30270871.673445765
30273479.804210484
30276088.159691043
30278696.73990686
30281305.5448773
30283914.574621722
30286523.82915956
30289133.308510058
30291743.01269265
30294352.9417267
30296963.09563159
30299573.474426746
30302184.078131434
30304794.90676508
30307405.96034714
30310017.23889686
30312628.74243369
30315240.470977016
30317852.424546223
30320464.603160758
30323077.006839894
30325689.635603078
30328302.489469703
30330915.56845917
30333528.872590933
30336142.40188427
30338756.156358637
30341370.13603344
30343984.340928078
30346598.77106202
30349213.426454555
30351828.307125144
30354443.41309326
30357058.744378198
30359674.300999425
30362290.08297636
30364906.090328418
30367522.32307508
30370138.781235643
30372755.464829586
30375372.37387634
30377989.508395325
30380606.868406028
30383224.45392776
30385842.264980003
30388460.3015822
30391078.563753776
30393697.05151423
30396315.764882877
30398934.703879215
30401553.868522745
30404173.258832786
30406792.874828845
30409412.716530368
30412032.7839568
30414653.077127647
30417273.59606224
30419894.340780094
30422515.311300658
30425136.50764339
30427757.92982781
30430379.57787325
30433001.45179923
30435623.551625215
30438245.87737067
30440868.42905512
30443491.206697907
30446114.21031856
30448737.43993662
30451360.895571362
30453984.577242512
30456608.484969363
30459232.618771445
30461856.97866831
30464481.564679302
30467106.376823977
30469731.41512181
30472356.679592285
30474982.17025496
30477607.887129195
30480233.83023454
30482859.999590486
30485486.395216536
30488113.017132238
30490739.865356967
30493366.939910285
30495994.240811694
30498621.768080693
30501249.52173685
30503877.501799546
30506505.70828835
30509134.14122283
30511762.800622378
30514391.686506562
30517020.7988949
30519650.13780691
30522279.703262165
30524909.495280065
30527539.513880186
30530169.759082057
30532800.2309052
30535430.929369204
30538061.854493465
30540693.006297585
30543324.384801086
30545955.990023505
30548587.821984436
30551219.880703293
30553852.16619967
30556484.678493176
30559117.41760322
30561750.38354941
30564383.576351292
30567016.996028412
30569650.642600376
30572284.51608661
30574918.616506726
30577552.94388028
30580187.498226825
30582822.27956598
30585457.287917174
30588092.52330003
30590727.985734113
30593363.67523898
30595999.591834266
30598635.735539403
30601272.106374025
30603908.704357766
30606545.52951007
30609182.581850573
30611819.861398846
30614457.36817447
30617095.102197085
30619733.06348614
30622371.252061285
30625009.667942103
30627648.311148174
30630287.18169915
30632926.27961449
30635565.60491385
30638205.15761682
30640844.937742997
30643484.945312034
30646125.1803434
30648765.64285676
30651406.332871776
30654047.250407923
30656688.39548487
30659329.768122215
30661971.36833957
30664613.196156606
30667255.251592804
30669897.534667842
30672540.04540133
30675182.783812884
30677825.749922186
30680468.943748727
30683112.36531219
30685756.014632195
30688399.89172837
30691043.996620398
30693688.32932778
30696332.889870215
30698977.678267386
30701622.694538742
30704267.938704167
30706913.41078311
30709559.110795267
30712205.038760338
30714851.194697846
30717497.578627486
30720144.19056891
30722791.030541755
30725438.09856574
30728085.394660383
30730732.918845396
30733380.671140436
30736028.651565153
30738676.860139266
30741325.29688231
30743973.961814
30746622.854954004
30749271.976321984
30751921.32593766
30754570.903820578
30757220.709990464
30759870.744467057
30762521.007269893
30765171.498418715
30767822.217933193
30770473.165833004
30773124.34213789
30775775.746867403
30778427.380041286
30781079.241679225
30783731.3318009
30786383.650426064
30789036.197574276
30791688.97326529
30794341.977518797
30796995.210354492
30799648.671792127
30802302.36185128
30804956.2805517
30807610.427913163
30810264.80395524
30812919.40869769
30815574.242160227
30818229.304362554
30820884.59532444
30823540.115065478
30826195.86360543
30828851.840964016
30831508.047160946
30834164.482216008
30836821.14614879
30839478.038979072
30842135.160726577
30844792.511411034
30847450.091052227
30850107.899669755
30852765.93728341
30855424.203912992
30858082.6995781
30860741.424298532
30863400.37809402
30866059.56098431
30868718.972989198
30871378.614128295
30874038.484421413
30876698.583888296
30879358.912548684
30882019.470422387
30884680.257529035
30887341.273888435
30890002.519520342
30892663.99444451
30895325.69868076
30897987.63224872
30900649.79516821
30903312.18745906
30905974.809140902
30908637.66023357
30911300.740756817
30913964.050730426
30916627.590174217
30919291.359107845
30921955.357551135
30924619.58552387
30927284.043045826
30929948.730136838
30932613.646816567
30935278.79310485
30937944.169021476
30940609.774586227
30943275.60981895
30945941.674739312
30948607.96936716
30951274.493722357
30953941.2478245
30956608.23169364
30959275.44534938
30961942.88881159
30964610.56210012
30967278.465234656
30969946.598235063
30972614.961121142
30975283.553912707
30977952.376629625
30980621.429291576
30983290.711918443
30985960.224530034
30988629.96714617
30991299.93978673
30993970.1424714
30996640.575220067
30999311.23805256
31001982.13098869
31004653.25404836
31007324.607251264
31009996.190617293
31012668.004166342
31015340.04791812
31018012.32189252
31020684.82610938
31023357.56058854
31026030.525349896
31028703.72041317
31031377.145798266
31034050.801525027
31036724.687613297
31039398.804082993
31042073.150953833
31044747.728245735
31047422.53597855
31050097.57417213
31052772.8428464
31055448.34202109
31058124.071716122
31060800.031951424
31063476.222746726
31066152.644121964
31068829.296096995
31071506.1786917
31074183.291926004
31076860.635819655
31079538.210392587
31082216.015664678
31084894.051655807
31087572.31838591
31090250.815874744
31092929.544142257
31095608.503208328
31098287.69309285
31100967.113815762
31103646.765396837
31106326.647856023
31109006.76121328
31111687.10548837
31114367.680701256
31117048.486871835
31119729.52402001
31122410.792165734
31125092.291328795
31127774.021529157
31130455.982786722
31133138.175121404
31135820.59855317
31138503.253101807
31141186.138787296
31143869.255629543
31146552.603648473
31149236.182864062
31151919.9932961
31154604.034964584
31157288.307889488
31159972.812090553
31162657.54758796
31165342.514401443
31168027.712551
31170713.142056625
31173398.802938122
31176084.69521549
31178770.818908673
31181457.174037598
31184143.76062228
31186830.578682527
31189517.62823835
31192204.909309696
31194892.421916507
31197580.1660788
31200268.141816396
31202956.34914931
31205644.788097564
31208333.45868092
31211022.360919595
31213711.49483335
31216400.860442214
31219090.457766213
31221780.286825184
31224470.34763916
31227160.6402281
31229851.16461198
31232541.920810837
31235232.908844516
31237924.12873305
31240615.580496423
31243307.264154606
31245999.179727647
31248691.3272354
31251383.706697915
31254076.318135172
31256769.16156716
31259462.23701393
31262155.544495344
31264849.084031463
31267542.85564234
31270236.859347846
31272931.09516804
31275625.56312292
31278320.26323249
31281015.195516814
31283710.359995767
31286405.75668942
31289101.38561778
31291797.246800862
31294493.340258732
31297189.66601128
31299886.224078584
31302583.014480658
31305280.03723752
31307977.292369258
31310674.779895764
31313372.49983712
31316070.452213418
31318768.63704456
31321467.054350633
31324165.70415167
31326864.586467702
31329563.701318823
31332263.048724946
31334962.628706172
31337662.441282533
31340362.486474074
31343062.7643009
31345763.27478293
31348464.017940264
31351164.993792962
31353866.202361066
31356567.643664688
31359269.31772376
31361971.224558394
31364673.364188712
31367375.736634646
31370078.34191631
31372781.180053778
31375484.251067106
31378187.554976426
31380891.09180167
31383594.861562975
31386298.864280406
31389003.09997404
31391707.568664014
31394412.27037027
31397117.205112953
31399822.37291214
31402527.77378791
31405233.407760408
31407939.274849594
31410645.375075612
31413351.708458617
31416058.275018506
31418765.07477562
31421472.107749864
31424179.373961397
31426886.873430375
31429594.60617677
31432302.572220743
31435010.7715824
31437719.204281833
31440427.870339222
31443136.769774538
31445845.902607955
31448555.26885958
31451264.86854953
31453974.701697975
31456684.768324908
31459395.068450503
31462105.602094952
31464816.36927817
31467527.370020546
31470238.604342006
31472950.072262738
31475661.773802936
31478373.7089826
31481085.877821926
31483798.28034104
31486510.91656008
31489223.786499247
31491936.890178546
31494650.227618184
31497363.7988383
31500077.603859033
31502791.642700598
31505505.91538301
31508220.42192648
31510935.162351158
31513650.136677194
31516365.344924804
31519080.78711402
31521796.463265058
31524512.37339814
31527228.5175333
31529944.895690758
31532661.507890686
31535378.354153242
31538095.434498664
31540812.748946983
31543530.29751844
31546248.080233205
31548966.09711145
31551684.348173417
31554402.833439156
31557121.55292891
31559840.506662857
31562559.694661178
31565279.116944127
31567998.773531757
31570718.66444432
31573438.789702073
31576159.149325076
31578879.743333586
31581600.5717478
31584321.63458791
31587042.931874182
31589764.463626686
31592486.22986569
31595208.23061139
31597930.465884004
31600652.93570379
31603375.640090834
31606098.579065412
31608821.75264773
31611545.16085801
31614268.803716525
31616992.681243367
31619716.79345882
31622441.140383165
31625165.7220365
31627890.53843911
31630615.589611225
31633340.875573065
31636066.396344934
31638792.15194693
31641518.14239935
31644244.367722422
31646970.827936396
31649697.523061562
31652424.45311804
31655151.61812613
31657879.018106084
31660606.653078135
31663334.5230626
31666062.628079604
31668790.968149453
31671519.54329247
31674248.353528712
31676977.398878694
31679706.679362476
31682436.195000388
31685165.94581275
31687895.9318197
31690626.15304156
31693356.609498605
31696087.301211096
31698818.22819937
31701549.39048357
31704280.78808403
31707012.42102103
31709744.28931484
31712476.39298581
31715208.732054085
31717941.306540016
31720674.116463944
31723407.16184597
31726140.442706633
31728873.95906603
31731607.710944515
31734341.698362447
31737075.92133999
31739810.379897498
31742545.07405528
31745280.00383363
31748015.16925291
31750750.5703333
31753486.20709516
31756222.07955881
31758958.187744543
31761694.531672742
31764431.11136359
31767167.926837463
31769904.978114676
31772642.265215542
31775379.78816045
31778117.54696959
31780855.541663345
31783593.772262104
31786332.238786068
31789070.941255625
31791809.879691105
31794549.054112837
31797288.46454122
31800028.11099646
31802767.993498955
31805508.112069044
31808248.466727067
31810989.05749343
31813729.884388346
31816470.947432224
31819212.24664541
31821953.782048255
31824695.55366117
31827437.561504386
31830179.80559831
31832922.285963368
31835665.002619784
31838407.955587987
31841151.144888334
31843894.570541188
31846638.23256698
31849382.13098594
31852126.265818506
31854870.637085047
31857615.244805932
31860360.0890016
31863105.169692297
31865850.48689846
31868596.04064047
31871341.830938704
31874087.857813615
31876834.121285453
31879580.621374667
31882327.35810171
31885074.33148684
31887821.541550513
31890568.98831312
31893316.671795055
31896064.592016783
31898812.748998564
31901561.14276087
31904309.773324095
31907058.640708644
31909807.74493499
31912557.086023405
31915306.663994364
31918056.478868276
31920806.530665554
31923556.819406673
31926307.34511192
31929058.10780178
31931809.10749673
31934560.344217002
31937311.817983273
31940063.528815772
31942815.476734992
31945567.661761425
31948320.083915368
31951072.74321732
31953825.63968771
31956578.773346975
31959332.144215614
31962085.752313938
31964839.597662453
31967593.68028159
31970348.000191808
31973102.557413604
31975857.351967297
31978612.383873407
31981367.653152376
31984123.159824666
31986878.903910786
31989634.885431062
31992391.104406025
31995147.56085619
31997904.25480189
32000661.186263658
32003418.35526195
32006175.76181724
32008933.40595006
32011691.287680738
32014449.407029822
32017207.764017787
32019966.358665098
32022725.190992303
32025484.26101975
32028243.568767983
32031003.114257485
32033762.89750874
32036522.918542296
32039283.177378513
32042043.67403794
32044804.408541143
32047565.380908474
32050326.5911605
32053088.03931771
32055849.725400604
32058611.649429753
32061373.811425522
32064136.21140848
32066898.84939913
32069661.725417987
32072424.839485615
32075188.1916224
32077951.781848915
32080715.610185675
32083479.6766532
32086243.981272064
32089008.524062663
32091773.30504558
32094538.324241403
32097303.581670526
32100069.07735354
32102834.811310973
32105600.783563357
32108366.994131286
32111133.443035163
32113900.130295586
32116667.055933096
32119434.219968233
32122201.622421596
32124969.2633136
32127737.142664857
32130505.260495905
32133273.616827298
32136042.21167965
32138811.04507338
32141580.117029104
32144349.42756744
32147118.976708822
32149888.764473867
32152658.790883135
32155429.05595719
32158199.55971666
32160970.302181978
32163741.283373773
32166512.50331262
32169283.96201909
32172055.659513813
32174827.595817238
32177599.770950004
32180372.18493269
32183144.837785874
32185917.729530204
32188690.86018613
32191464.2297743
32194237.83831537
32197011.685829733
32199785.772338234
32202560.097861275
32205334.66241951
32208109.466033604
32210884.50872402
32213659.79051142
32216435.311416414
32219211.07145959
32221987.070661634
32224763.30904301
32227539.78662439
32230316.503426388
32233093.459469616
32235870.654774748
32238648.089362275
32241425.76325287
32244203.676467158
32246981.829025753
32249760.22094935
32252538.852258436
32255317.722973704
32258096.83311585
32260876.18270536
32263655.771762945
32266435.60030923
32269215.66836485
32271995.975950506
32274776.523086704
32277557.309794154
32280338.336093493
32283119.602005363
32285901.10755048
32288682.852749355
32291464.837622706
32294247.062191177
32297029.526475426
32299812.23049617
32302595.174273934
32305378.35782944
32308161.781183418
32310945.44435639
32313729.347369086
32316513.490242172
32319297.87299632
32322082.495652255
32324867.358230516
32327652.460751846
32330437.803236917
32333223.3857064
32336009.208181042
32338795.27068139
32341581.573228188
32344368.11584212
32347154.89854387
32349941.921354186
32352729.18429363
32355516.687382955
32358304.430642918
32361092.41409408
32363880.6377572
32366669.10165298
32369457.80580211
32372246.750225365
32375035.93494331
32377825.359976716
32380615.025346287
32383404.93107273
32386195.077176824
32388985.463679146
32391776.090600472
32394566.957961522
32397358.065783005
32400149.41408571
32402941.002890225
32405732.832217336
32408524.90208783
32411317.212522306
32414109.76354155
32416902.555166297
32419695.587417275
32422488.860315282
32425282.37388092
32428076.12813499
32430870.123098228
32433664.35879138
32436458.83523525
32439253.55245045
32442048.510457784
32444843.709278006
32447639.148931865
32450434.829440173
32453230.75082355
32456026.913102817
32458823.316298798
32461619.960432045
32464416.845523592
32467213.97159399
32470011.33866408
32472808.946754683
32475606.795886435
32478404.886080176
32481203.217356667
32484001.789736684
32486800.603241067
32489599.657890458
32492398.953705702
32495198.490707576
32497998.26891686
32500798.288354404
32503598.549040858
32506399.05099708
32509199.794243846
32512000.778801955
32514802.004692264
32517603.471935432
32520405.18055232
32523207.13056379
32526009.32199051
32528811.754853345
32531614.429173097
32534417.34497057
32537220.502266638
32540023.90108197
32542827.54143745
32545631.423353884
32548435.546852086
32551239.911952935
32554044.518677115
32556849.367045514
32559654.457078952
32562459.788798247
32565265.362224292
32568071.177377775
32570877.234279595
32573683.532950643
32576490.07341162
32579296.855683427
32582103.879786894
32584911.14574286
32587718.653572224
32590526.4032957
32593334.394934192
32596142.628508545
32598951.104039602
32601759.82154828
32604568.78105529
32607377.982581556
32610187.42614792
32612997.111775246
32615807.039484452
32618617.20929626
32621427.621231604
32624238.275311403
32627049.171556395
32629860.309987504
32632671.6906256
32635483.313491553
32638295.178606298
32641107.285990573
32643919.635665324
32646732.227651417
32649545.06196974
32652358.13864123
32655171.457686644
32657985.019126922
32660798.822982956
32663612.869275626
32666427.158025894
32669241.68925451
32672056.46298244
32674871.479230635
32677686.738019865
32680502.23937109
32683317.98330521
32686133.969843127
32688950.19900581
32691766.67081403
32694583.385288756
32697400.342450902
32700217.542321377
32703034.984921157
32705852.670271024
32708670.598391958
32711488.769304875
32714307.1830307
32717125.83959041
32719944.739004806
32722763.881294873
32725583.266481604
32728402.89458573
32731222.76562844
32734042.87963047
32736863.236612823
32739683.836596496
32742504.679602295
32745325.765651226
32748147.094764225
32750968.66696224
32753790.48226628
32756612.540697157
32759434.842275888
32762257.387023415
32765080.1749607
32767903.206108753
32770726.4804884
32773549.998120666
32776373.75902651
32779197.763226885
32782022.01074283
32784846.50159517
32787671.235804938
32790496.213393167
32793321.4343807
32796146.898788564
32798972.60663774
32801798.5579492
32804624.75274399
32807451.19104295
32810277.87286713
32813104.798237514
32815931.96717508
32818759.37970089
32821587.03583579
32824414.93560084
32827243.079017024
32830071.466105346
32832900.096886862
32835728.97138243
32838558.089613125
32841387.451600008
32844217.057363946
32847046.906926014
32849877.000307214
32852707.337528553
32855537.918611113
32858368.743575767
32861199.81244359
32864031.12523561
32866862.681972828
32869694.48267634
32872526.527367026
32875358.81606598
32878191.348794222
32881024.125572775
32883857.14642274
32886690.41136501
32889523.92042068
32892357.67361085
32895191.670956425
32898025.912478503
32900860.398198128
32903695.128136333
32906530.102314234
32909365.320752736
32912200.78347295
32915036.49049593
32917872.44184272
32920708.637534436
32923545.077592
32926381.762036536
32929218.690889094
32932055.864170738
32934893.28190259
32937730.94410558
32940568.850800842
32943407.002009504
32946245.397752497
32949084.038050964
32951922.92292597
32954762.052398592
32957601.426489968
32960441.045221042
32963280.908612955
32966121.016686797
32968961.369463637
32971801.966964636
32974642.80921074
32977483.896223105
32980325.22802282
32983166.804630976
32986008.62606873
32988850.692357045
32991693.003517084
32994535.55957001
32997378.360536724
33000221.406438597
33003064.69729653
33005908.23313169
33008752.013965264
33011596.039818216
33014440.310711727
33017284.82666691
33020129.58770488
33022974.593846817
33025819.84511371
33028665.341526743
33031511.083107036
33034357.069875717
33037203.301853977
33040049.779062808
33042896.501523405
33045743.469256904
33048590.68228443
33051438.14062719
33054285.844306186
33057133.79334262
33059981.9877577
33062830.427572437
33065679.112808038
33068528.043485645
33071377.219626416
33074226.641251557
33077076.30838209
33079926.221039236
33082776.37924414
33085626.78301797
33088477.432381947
33091328.327357095
33094179.46796464
33097030.854225755
33099882.4861616
33102734.363793407
33105586.487142216
33108438.85622926
33111291.471075784
33114144.33170282
33116997.438131623
33119850.790383365
33122704.38847922
33125558.232440453
33128412.3222881
33131266.658043414
33134121.23972759
33136976.06736181
33139831.140967336
33142686.460565228
33145542.026176743
33148397.837823078
33151253.895525437
33154110.199305084
33156966.749183085
33159823.54518071
33162680.587319236
33165537.87561973
33168395.410103478
33171253.190791685
33174111.217705563
33176969.490866393
33179828.01029526
33182686.776013453
33185545.788042184
33188405.04640268
33191264.551116236
33194124.302203935
33196984.299687076
33199844.543586887
33202705.033924602
33205565.770721518
33208426.753998738
33211287.983777564
33214149.4600793
33217011.18292499
33219873.152336143
33222735.368333798
33225597.83093927
33228460.540173877
33231323.49605873
33234186.69861515
33237050.147864386
33239913.8438277
33242777.78652641
33245641.975981645
33248506.41221473
33251371.095246926
33254236.025099497
33257101.20179378
33259966.625350907
33262832.29579221
33265698.21313904
33268564.37741245
33271430.788634002
33274297.44682476
33277164.352006074
33280031.504199296
33282898.903425563
33285766.54970624
33288634.4430626
33291502.583515942
33294370.971087616
33297239.605798785
33300108.4876708
33302977.616724968
33305846.992982578
33308716.616465002
33311586.487193402
33314456.60518915
33317326.970473547
33320197.5830679
33323068.442993592
33325939.55027179
33328810.90492388
33331682.506971236
33334554.356435042
33337426.453336682
33340298.797697477
33343171.389538743
33346044.22888188
33348917.31574807
33351790.650158707
33354664.23213512
33357538.061698645
33360412.138870675
33363286.46367241
33366161.036125254
33369035.856250543
33371910.92406962
33374786.239603896
33377661.80287457
33380537.61390306
33383413.67271078
33386289.979318943
33389166.533748966
33392043.336022202
33394920.38616001
33397797.684183802
33400675.230114814
33403553.023974463
33406431.065784115
33409309.35556513
33412187.89333895
33415066.679126795
33417945.712950107
33420824.99483026
33423704.524788618
33426584.30284663
33429464.329025533
33432344.603346776
33435225.125831805
33438105.896501865
33440986.915378407
33443868.18248282
33446749.69783649
33449631.461460873
33452513.473377224
33455395.733607
33458278.242171604
33461160.99909243
33464044.004390936
33466927.2580884
33469810.76020628
33472694.510765985
33475578.50978892
33478462.75729656
33481347.253310177
33484231.997851256
33487116.99094127
33490002.232601438
33492887.722853445
33495773.461718503
33498659.449218106
33501545.685373742
33504432.170206696
33507318.90373846
33510205.885990474
33513093.116984155
33515980.59674101
33518868.32528233
33521756.302629627
33524644.52880433
33527533.00382788
33530421.727721788
33533310.70050736
33536199.922206108
33539089.392839544
33541979.112428915
33544869.080995943
33547759.298561875
33550649.765148234
33553540.480776537
33556431.44546811
33559322.65924449
33562214.12212712
33565105.83413748
33567997.79529709
33570890.00562729
33573782.465149604
33576675.17388551
33579568.131856486
33582461.33908407
33585354.795589596
33588248.501394615
33591142.4565206
33594036.660989046
33596931.11482149
33599825.81803929
33602720.770664
33605615.97271717
33608511.42422017
33611407.12519454
33614303.07566179
33617199.27564341
33620095.725160964
33622992.42423583
33625889.372889556
33628786.57114366
33631684.01901964
33634581.71653908
33637479.66372335
33640377.86059403
33643276.30717262
33646175.00348065
33649073.9495397
33651973.145371154
33654872.5909966
33657772.28643762
33660672.23171562
33663572.42685218
33666472.87186883
33669373.566787094
33672274.51162858
33675175.70641469
33678077.15116701
33680978.8459071
33683880.79065648
33686782.98543676
33689685.43026936
33692588.12517588
33695491.07017787
33698394.26529688
33701297.71055452
33704201.40597222
33707105.35157159
33710009.547374256
33712913.99340165
33715818.689675376
33718723.63621702
33721628.833048135
33724534.28019035
33727439.9776651
33730345.925494015
33733252.12369868
33736158.57230066
33739065.27132159
33741972.22078291
33744879.42070628
33747786.87111327
33750694.57202546
33753602.523464516
33756510.725451864
33759419.178009175
33762327.8811581
33765236.83492003
33768146.039316826
33771055.49436988
33773965.20010086
33776875.15653143
33779785.363683045
33782695.82157739
33785606.530236065
33788517.48968067
33791428.69993288
33794340.16101418
33797251.87294623
33800163.83575066
33803076.049449086
33805988.51406319
33808901.22961444
33811814.19612454
33814727.41361518
33817640.88210777
33820554.60162423
33823468.572185956
33826382.79381467
33829297.266532056
33832211.99035962
33835126.96531906
33838042.191432014
33840957.66872013
33843873.397205114
33846789.376908466
33849705.6078519
33852622.09005707
33855538.82354562
33858455.80833927
33861373.04445953
33864290.53192813
33867208.27076672
33870126.26099697
33873044.5026406
33875962.99571913
33878881.74025429
33881800.736267835
33884719.98378127
33887639.48281635
33890559.233394735
33893479.23553811
33896399.489268206
33899319.99460657
33902240.75157494
33905161.76019501
33908083.020488456
33911004.53247703
33913926.296182275
33916848.31162596
33919770.57882976
33922693.09781538
33925615.86860457
33928538.8912189
33931462.16568013
33934385.69201003
33937309.47023016
33940233.50036229
33943157.78242814
33946082.3164494
33949007.102447845
33951932.14044505
33954857.430462815
33957782.972522825
33960708.76664682
33963634.81285658
33966561.111173674
33969487.66161991
33972414.464217
33975341.51898667
33978268.82595072
33981196.38513074
33984124.19654854
33987052.2602259
33989980.57618443
33992909.14444593
33995837.96503215
33998767.03796482
34001696.36326575
34004625.940956555
34007555.77105904
34010485.853594966
34013416.18858606
34016346.776054166
34019277.61602089
34022208.708508044
34025140.053537406
34028071.65113073
34031003.501309834
34033935.604096346
34036867.959512115
34039800.56757896
34042733.42831845
34045666.54175262
34048599.90790305
34051533.52679158
34054467.39844005
34057401.5228701
34060335.900103584
34063270.530162275
34066205.41306796
34069140.5488425
34072075.93750753
34075011.579084925
34077947.47359647
34080883.62106395
34083820.02150923
34086756.674953975
34089693.58142005
34092630.740929246
34095568.15350339
34098505.81916433
34101443.73793374
34104381.9098335
34107320.33488549
34110259.01311138
34113197.944533065
34116137.12917234
34119076.56705103
34122016.25819103
34124956.20261401
34127896.400341876
34130836.85139644
34133777.555799544
34136718.51357307
34139659.72473872
34142601.18931838
34145542.90733391
34148484.87880712
34151427.10375994
34154369.58221405
34157312.31419138
34160255.29971383
34163198.53880311
34166142.03148113
34169085.77776975
34172029.77769082
34174974.031266265
34177918.53851779
34180863.29946732
34183808.31413673
34186753.582547866
34189699.104722664
34192644.88068285
34195590.910450354
34198537.194047056
34201483.731494814
34204430.52281558
34207377.56803108
34210324.86716326
34213272.42023407
34216220.22726525
34219168.28827875
34222116.60329645
34225065.172340244
34228013.99543208
34230963.072593704
34233912.40384708
34236861.989214115
34239811.82871668
34242761.92237675
34245712.27021609
34248662.872256674
34251613.728520386
34254564.83902913
34257516.2038049
34260467.82286946
34263419.696244776
34266371.82395284
34269324.206015415
34272276.8424545
34275229.733292006
34278182.878549844
34281136.278250016
34284089.9324143
34287043.8410647
34289998.00422312
34292952.42191151
34295907.09415186
34298862.02096596
34301817.20237583
34304772.638403386
34307728.329070576
34310684.27439941
34313640.47441168
34316596.929129414
34319553.638574615
34322510.60276903
34325467.82173488
34328425.295493916
34331383.02406815
34334341.00747961
34337299.245750114
34340257.73890169
34343216.486956306
34346175.48993591
34349134.74786255
34352094.26075804
34355054.02864443
34358014.051543675
34360974.329477765
34363934.86246873
34366895.65053841
34369856.69370885
34372817.99200204
34375779.54543995
34378741.35404464
34381703.41783794
34384665.73684193
34387628.31107865
34390591.14056997
34393554.22533793
34396517.56540454
34399481.16079179
34402445.01152176
34405409.11761629
34408373.47909746
34411338.09598728
34414302.96830776
34417268.09608097
34420233.479328774
34423199.11807326
34426165.01233645
34429131.16214035
34432097.567507036
34435064.22845841
34438031.14501655
34440998.31720355
34443965.7450413
34446933.4285519
34449901.36775736
34452869.56267973
34455838.0133411
34458806.719763376
34461775.68196865
34464744.89997897
34467714.373816386
34470684.10350299
34473654.08906069
34476624.33051161
34479594.82787779
34482565.58118129
34485536.59044422
34488507.8556885
34491479.37693626
34494451.15420961
34497423.18753048
34500395.47692101
34503368.02240324
34506340.823999256
34509313.88173119
34512287.19562097
34515260.76569073
34518234.591962546
34521208.67445849
34524183.013200715
34527157.60821115
34530132.45951196
34533107.56712521
34536082.931072995
34539058.55137747
34542034.42806057
34545010.56114447
34547986.950651325
34550963.59660308
34553940.49902192
34556917.65792993
34559895.07334921
34562872.745301925
34565850.67381004
34568828.85889575
34571807.300581135
34574785.998888314
34577764.953839466
34580744.16545657
34583723.6337618
34586703.35877728
34589683.34052512
34592663.579027526
34595644.07430646
34598624.82638413
34601605.83528272
34604587.10102416
34607568.62363085
34610550.40312472
34613532.439527966
34616514.7328628
34619497.28315121
34622480.09041541
34625463.15467755
34628446.47595975
34631430.054284245
34634413.88967304
34637397.98214834
34640382.33173231
34643366.938447095
34646351.80231492
34649336.92335781
34652322.301597975
34655307.93705759
34658293.829758815
34661279.979723886
34664266.38697482
34667253.051533855
34670239.973423235
34673227.152665
34676214.58928137
34679202.28329454
34682190.23472669
34685178.44360006
34688166.90993668
34691155.63375883
34694144.61508867
34697133.8539484
34700123.35036028
34703113.10434635
34706103.11592888
34709093.38513007
34712083.911972106
34715074.69647726
34718065.738667585
34721057.03856537
34724048.596192874
34727040.411572166
34730032.484725535
34733024.81567518
34736017.4044433
34739010.25105221
34742003.35552396
34744996.717880845
34747990.33814509
34750984.21633891
34753978.3524846
34756972.74660424
34759967.39872014
34762962.30885451
34765957.4770296
34768952.903267704
34771948.58759091
34774944.53002154
34777940.73058189
34780937.18929406
34783933.90618037
34786930.88126306
34789928.114564374
34792925.60610664
34795923.355911955
34798921.364002645
34801919.63040097
34804918.15512918
34807916.93820961
34810915.97966436
34813915.27951578
34816914.83778613
34819914.654497676
34822914.72967275
34825915.06333349
34828915.65550222
34831916.506201304
34834917.61545286
34837918.98327924
34840920.60970273
34843922.494745605
34846924.638430215
34849927.04077871
34852929.701813444
34855932.6215567
34858935.800030775
34861939.23725803
34864942.93326062
34867946.88806091
34870951.101681195
34873955.57414378
34876960.30547103
34879965.29568512
34882970.54480841
34885976.05286329
34888981.81987186
34891987.845856704
34894994.13083992
34898000.67484391
34901007.47789105
34904014.54000352
34907021.86120372
34910029.44151396
34913037.280956574
34916045.37955395
34919053.73732828
34922062.354301974
34925071.23049735
34928080.36593676
34931089.760642596
34934099.41463706
34937109.32794256
34940119.50058144
34943129.932576045
34946140.6239488
34949151.574721895
34952162.78491776
34955174.25455882
34958185.98366728
34961197.972265564
34964210.220376045
34967222.72802107
34970235.495223075
34973248.52200428
34976261.808387116
34979275.35439397
34982289.16004718
34985303.22536922
34988317.5503823
34991332.13510887
34994346.97957132
34997362.08379201
35000377.4477934
35003393.07159773
35006408.955227464
35009425.098705046
35012441.502052724
35015458.16529296
35018475.08844816
35021492.27154071
35024509.71459307
35027527.41762749
35030545.380666465
35033563.60373238
35036582.08684764
35039600.83003473
35042619.83331591
35045639.096713655
35048658.62025039
35051678.40394851
35054698.44783052
35057718.75191869
35060739.316235505
35063760.14080346
35066781.225644834
35069802.57078213
35072824.17623777
35075846.04203418
35078868.16819387
35081890.554739125
35084913.20169245
35087936.109076284
35090959.27691306
35093982.705225304
35097006.39403531
35100030.34336558
35103054.55323858
35106079.023676746
35109103.7547026
35112128.74633846
35115153.99860684
35118179.51153028
35121205.28513108
35124231.31943179
35127257.61445486
35130284.17022275
35133310.98675801
35136338.06408295
35139365.40222012
35142393.00119199
35145420.861021034
35148448.9817298
35151477.36334062
35154506.00587604
35157534.90935855
35160564.07381064
35163593.499254845
35166623.18571352
35169653.133209236
35172683.34176453
35175713.81140171
35178744.54214353
35181775.534012295
35184806.787030555
35187838.3012209
35190870.07660568
35193902.11320747
35196934.41104878
35199966.97015211
35202999.790540054
35206032.87223497
35209066.215259455
35212099.819636025
35215133.68538719
35218167.81253554
35221202.20110346
35224236.851113535
35227271.76258831
35230306.935550295
35233342.3700221
35236378.066026114
35239414.02358494
35242450.242721185
35245486.72345724
35248523.46581572
35251560.469819166
35254597.73549012
35257635.2628512
35260673.05192481
35263711.10273357
35266749.41530003
35269787.98964674
35272826.825796336
35275865.923771225
35278905.28359404
35281944.90528734
35284984.78887369
35288024.93437572
35291065.34181586
35294106.011216745
35297146.942601025
35300188.13599112
35303229.59140968
35306271.308879286
35309313.2884225
35312355.530062
35315398.033820204
35318440.79971977
35321483.827783294
35324527.11803336
35327570.67049263
35330614.48518354
35333658.56212877
35336702.90135091
35339747.502872564
35342792.36671639
35345837.492904864
35348882.881460644
35351928.53240643
35354974.44576465
35358020.621558025
35361067.05980913
35364113.76054061
35367160.72377514
35370207.94953518
35373255.43784344
35376303.188722536
35379351.202195086
35382399.478283785
35385448.01701112
35388496.8183998
35391545.88247245
35394595.209251694
35397644.79876024
35400694.6510206
35403744.766055465
35406795.14388756
35409845.7845393
35412896.68803362
35415947.85439295
35418999.28364003
35422050.97579755
35425102.93088804
35428155.14893422
35431207.62995875
35434260.373984285
35437313.38103355
35440366.651129074
35443420.18429359
35446473.98054976
35449528.039920256
35452582.36242782
35455636.94809498
35458691.796944484
35461746.90899907
35464802.2842812
35467857.92281386
35470913.824619494
35473969.98972087
35477026.41814075
35480083.10990165
35483140.065026365
35486197.283537574
35489254.76545796
35492312.5108103
35495370.519617155
35498428.791901276
35501487.327685386
35504546.126992166
35507605.189844415
35510664.51626468
35513724.106275745
35516783.95990033
35519844.07716113
35522904.458080955
35525965.10268237
35529026.010988146
35532087.1830211
35535148.6188038
35538210.31835905
35541272.28170957
35544334.50887808
35547396.9998874
35550459.75476011
35553522.77351902
35556586.056186855
35559649.60278636
35562713.41334036
35565777.48787144
35568841.82640242
35571906.42895604
35574971.29555505
35578036.42622228
35581101.82098033
35584167.47985203
35587233.40286021
35590299.59002748
35593366.04137667
35596432.756930545
35599499.73671187
35602566.98074348
35605634.489048
35608702.261648275
35611770.298567064
35614838.599827155
35617907.16545139
35620975.99546241
35624045.08988305
35627114.44873611
35630184.07204436
35633253.95983066
35636324.112117656
35639394.528928205
35642465.21028518
35645536.15621122
35648607.3667292
35651678.8418619
35654750.58163215
35657822.5860628
35660894.855176516
35663967.38899617
35667040.18754457
35670113.25084453
35673186.578918934
35676260.17179045
35679334.029481955
35682408.152016275
35685482.53941623
35688557.191704705
35691632.10890439
35694707.29103817
35697782.73812895
35700858.45019934
35703934.42727247
35707010.669370934
35710087.17651766
35713163.94873554
35716240.986047275
35719318.28847579
35722395.856043905
35725473.688774474
35728551.78669043
35731630.14981445
35734708.778169475
35737787.67177835
35740866.830663934
35743946.25484916
35747025.944356725
35750105.899209574
35753186.11943064
35756266.60504256
35759347.35606851
35762428.37253112
35765509.654453345
35768591.201858126
35771673.01476819
35774755.09320649
35777837.4371959
35780920.04675929
35784002.92191964
35787086.06269966
35790169.469122335
35793253.141210526
35796337.078987144
35799421.28247515
35802505.75169728
35805590.486676514
35808675.48743574
35811760.75399787
35814846.286385864
35817932.084622495
35821018.14873073
35824104.478733554
35827191.07465373
35830277.936514236
35833365.064338
35836452.45814792
35839540.117967
35842628.04381801
35845716.235723935
35848804.69370771
35851893.41779226
35854982.40800057
35858071.66435544
35861161.18687987
35864250.97559679
35867341.03052914
35870431.351699926
35873521.93913194
35876612.79284819
35879703.9128717
35882795.29922528
35885886.95193193
35888978.87101461
35892071.05649627
35895163.508399926
35898256.2267484
35901349.21156472
35904442.462871835
35907535.980692714
35910629.7650504
35913723.815967694
35916818.133467644
35919912.71757322
35923007.56830739
35926102.68569321
35929198.06975349
35932293.720511295
35935389.63798967
35938485.82221145
35941582.2731997
35944678.990977384
35947775.975567505
35950873.22699312
35953970.74527708
35957068.53044244
35960166.58251219
35963264.901509345
35966363.48745696
35969462.3403779
35972561.46029523
35975660.84723197
35978760.50121111
35981860.42225574
35984960.61038872
35988061.06563313
35991161.78801208
35994262.77754834
35997364.03426524
36000465.55818557
36003567.34933243
36006669.40772892
36009771.73339791
36012874.326362506
36015977.18664574
36019080.31427064
36022183.70926032
36025287.37163767
36028391.30142579
36031495.498647735
36034599.963326536
36037704.695485316
36040809.69514697
36043914.962334625
36047020.49707132
36050126.29938012
36053232.369284146
36056338.70680631
36059445.311969735
36062552.18479757
36065659.32531271
36068766.733538315
36071874.40949743
36074982.35321313
36078090.56470857
36081199.04400666
36084307.79113055
36087416.80610332
36090526.08894804
36093635.63968788
36096745.458345756
36099855.54494484
36102965.8995082
36106076.52205894
36109187.41262022
36112298.57121498
36115409.99786639
36118521.69259762
36121633.65543162
36124745.88639156
36127858.38550054
36130971.15278168
36134084.18825814
36137197.49195289
36140311.06388911
36143424.90408991
36146539.01257841
36149653.389377795
36152768.03451104
36155882.948001325
36158998.129871786
36162113.580145545
36165229.29884579
36168345.28599551
36171461.54161791
36174578.06573619
36177694.85837334
36180811.919552565
36183929.249297
36187046.8476298
36190164.714574166
36193282.850153096
36196401.25438981
36199519.92730746
36202638.868929185
36205758.07927822
36208877.55837757
36211997.30625047
36215117.322920054
36218237.60840951
36221358.162742056
36224478.98594071
36227600.078028716
36230721.43902931
36233843.06896552
36236964.96786059
36240087.13573769
36243209.57261999
36246332.278530754
36249455.253493
36252578.497530006
36255702.01066493
36258825.79292097
36261949.844321385
36265074.16488922
36268198.75464773
36271323.61362012
36274448.74182958
36277574.139299385
36280699.80605258
36283825.74211244
36286951.947502255
36290078.422244996
36293205.16636417
36296332.179882765
36299459.46282407
36302587.01521136
36305714.837067716
36308842.92841642
36311971.289280705
36315099.91968378
36318228.81964894
36321357.989199266
36324487.42835807
36327617.13714857
36330747.11559399
36333877.36371766
36337007.881542645
36340138.669092275
36343269.72638977
36346401.05345839
36349532.65032145
36352664.51700203
36355796.65352347
36358929.05990908
36362061.73618198
36365194.682365485
36368327.89848285
36371461.38455734
36374595.140612274
36377729.166670784
36380863.462756194
36383998.02889177
36387132.86510079
36390267.971406594
36393403.3478323
36396538.994401254
36399674.91113674
36402811.09806203
36405947.55520048
36409084.28257522
36412221.28020961
36415358.548127
36418496.08635055
36421633.89490361
36424771.97380947
36427910.32309143
36431048.94277286
36434187.8328769
36437326.99342693
36440466.42444625
36443606.12595817
36446746.09798606
36449886.34055308
36453026.85368263
36456167.637398
36459308.69172251
36462450.01667956
36465591.61229231
36468733.478584155
36471875.615578495
36475018.023298495
36478160.701767564
36481303.65100903
36484446.871046215
36487590.361902535
36490734.12360117
36493878.156165525
36497022.45961895
36500167.033984765
36503311.87928641
36506456.99554706
36509602.382790156
36512748.04103903
36515893.97031703
36519040.170647584
36522186.64205391
36525333.38455942
36528480.39818756
36531627.68296154
36534775.23890478
36537923.066040665
36541071.16439255
36544219.533983886
36547368.17483788
36550517.08697799
36553666.270427585
36556815.72521004
36559965.451348804
36563115.44886712
36566265.717788436
36569416.25813614
36572567.069933616
36575718.15320432
36578869.50797151
36582021.134258635
36585173.03208917
36588325.20148629
36591477.64247368
36594630.35507454
36597783.33931233
36600936.59521052
36604090.12279239
36607243.92208141
36610397.993100986
36613552.33587454
36616706.95042556
36619861.8367773
36623016.99495327
36626172.42497688
36629328.12687155
36632484.100660786
36635640.346367866
36638796.864016294
36641953.65362949
36645110.7152309
36648268.04884402
36651425.65449214
36654583.53219878
36657741.68198745
36660900.10388145
36664058.79790429
36667217.764079414
36670377.00243029
36673536.512980424
36676696.29575312
36679856.35077192
36683016.67806027
36686177.27764163
36689338.149539545
36692499.29377732
36695660.71037849
36698822.39936653
36701984.3607649
36705146.59459716
36708309.10088662
36711471.87965684
36714634.93093135
36717798.25473351
36720961.85108686
36724125.72001488
36727289.86154106
36730454.27568896
36733618.96248192
36736783.92194351
36739949.154097214
36743114.658966534
36746280.43657504
36749446.48694608
36752612.81010324
36755779.40607
36758946.27486989
36762113.41652648
36765280.83106314
36768448.518503435
36771616.478870966
36774784.7121891
36777953.21848144
36781121.99777148
36784291.05008275
36787460.37543886
36790629.973863184
36793799.84537931
36796969.99001078
36800140.407781124
36803311.09871394
36806482.06283263
36809653.3001608
36812824.810721986
36815996.59453973
36819168.65163766
36822340.98203915
36825513.58576785
36828686.462847374
36831859.61330111
36835033.03715271
36838206.734425716
36841380.70514368
36844554.949330255
36847729.467008844
36850904.25820308
36854079.32293654
36857254.661232784
36860430.27311546
36863606.15860799
36866782.317734025
36869958.75051714
36873135.45698091
36876312.43714899
36879489.691044815
36882667.21869205
36885845.02011435
36889023.095335074
36892201.444378115
36895380.06726685
36898558.96402494
36901738.13467606
36904917.57924365
36908097.297751404
36911277.290222906
36914457.55668176
36917638.09715167
36920818.91165607
36924000.00021865
36927181.36286304
36930362.99961284
36933544.91049174
36936727.09552322
36939909.55473097
36943092.288138606
36946275.295769766
36949458.57764814
36952642.13379722
36955825.9642407
36959010.06900229
36962194.44810549
36965379.101573996
36968564.02943145
36971749.23170149
36974934.70840784
36978120.459574
36981306.48522369
36984492.78538055
36987679.36006824
36990866.20931049
36994053.33313079
36997240.7315529
37000428.40460046
37003616.35229713
37006804.57466666
37009993.07173255
37013181.84351856
37016370.89004844
37019560.21134568
37022749.80743406
37025939.678337246
37029129.82407891
37032320.24468281
37035510.940172486
37038701.91057169
37041893.1559041
37045084.676193416
37048276.471463405
37051468.54173761
37054660.88703978
37057853.507393636
37061046.40282287
37064239.57335124
37067433.019002326
37070626.73979989
37073820.735767715
37077015.00692937
37080209.55330862
37083404.3749292
37086599.47181481
37089794.84398925
37092990.49147608
37096186.41429911
37099382.61248205
37102579.08604863
37105775.83502266
37108972.8594277
37112170.159287564
37115367.734625995
37118565.58546672
37121763.71183355
37124962.11375008
37128160.79124012
37131359.744327486
37134558.97303578
37137758.47738883
37140958.25741037
37144158.313124165
37147358.64455404
37150559.251723595
37153760.13465667
37156961.29337701
37160162.7279084
37163364.43827467
37166566.42449942
37169768.68660651
37172971.22461971
37176174.03856279
37179377.12845959
37182580.494333744
37185784.13620911
37188988.05410953
37192192.24805857
37195396.71808031
37198601.46419832
37201806.48643646
37205011.78481858
37208217.35936835
37211423.210109614
37214629.33706618
37217835.74026185
37221042.4197205
37224249.37546577
37227456.60752156
37230664.115911655
37233871.900659874
37237079.96179011
37240288.29932601
37243496.91329148
37246705.80371033
37249914.97060637
37253124.414003514
37256334.13392543
37259544.13039601
37262754.403439164
37265964.95307856
37269175.77933812
37272386.882241674
37275598.26181305
37278809.91807617
37282021.85105471
37285234.060772605
37288446.54725368
37291659.310521804
37294872.350600876
37298085.66751461
37301299.26128692
37304513.13194168
37307727.279502735
37310941.70399401
37314156.40543923
37317371.383862324
37320586.63928723
37323802.17173768
37327017.98123759
37330234.067810856
37333450.43148133
37336667.07227298
37339883.99020952
37343101.185314916
37346318.65761303
37349536.40712777
37352754.43388307
37355972.73790268
37359191.31921057
37362410.177830614
37365629.31378672
37368848.72710285
37372068.417802766
37375288.38591042
37378508.6314498
37381729.154444665
37384949.95491898
37388171.03289667
37391392.388401635
37394614.02145786
37397835.93208911
37401058.12031938
37404280.58617259
37407503.32967265
37410726.35084356
37413949.649709105
37417173.22629327
37420397.08062
37423621.212713204
37426845.622596905
37430070.31029489
37433295.275831155
37436520.51922973
37439746.040514395
37442971.83970917
37446197.916838
37449424.27192483
37452650.90499369
37455877.81606837
37459105.005172916
37462332.47233126
37465560.21756738
37468788.24090529
37472016.54236882
37475245.121982
37478473.97976879
37481703.11575317
37484932.52995917
37488162.22241063
37491392.19313157
37494622.44214608
37497852.96947787
37501083.77515125
37504314.859189965
37507546.22161808
37510777.862459645
37514009.78173851
37517241.97947874
37520474.45570431
37523707.210439235
37526940.243707575
37530173.555533186
37533407.14594013
37536641.01495243
37539875.162594065
37543109.58888914
37546344.2938615
37549579.27753524
37552814.53993436
37556050.08108289
37559285.90100491
37562521.99972429
37565758.37726514
37568995.03365154
37572231.96890738
37575469.18305675
37578706.67612368
37581944.44813222
37585182.49910645
37588420.82907028
37591659.43804781
37594898.32606308
37598137.49314014
37601376.93930311
37604616.66457587
37607856.66898255
37611096.95254721
37614337.51529389
37617578.35724673
37620819.47842962
37624060.87886672
37627302.558582135
37630544.5175998
37633786.75594384
37637029.27363834
37640272.07070734
37643515.147175014
37646758.50306527
37650002.13840227
37653246.05321007
37656490.24751277
37659734.721334524
37662979.47469925
37666224.507631116
37669469.82015422
37672715.41229264
37675961.284070544
37679207.43551187
37682453.866640806
37685700.57748151
37688947.56805794
37692194.83839426
37695442.38851459
37698690.218443036
37701938.32820377
37705186.71782075
37708435.38731818
37711684.33672016
37714933.56605081
37718183.075334325
37721432.86459468
37724682.93385607
37727933.28314261
37731183.91247844
37734434.82188776
37737686.011394545
37740937.48102301
37744189.23079737
37747441.260741524
37750693.57087992
37753946.16123647
37757199.0318354
37760452.182700925
37763705.613857046
37766959.32532798
37770213.31713788
37773467.58931091
37776722.141871296
37779976.97484304
37783232.088250384
37786487.48211749
37789743.15646852
37792999.11132772
37796255.3467191
37799511.86266691
37802768.65919541
37806025.73632852
37809283.094090745
37812540.73250602
37815798.65159862
37819056.85139279
37822315.33191257
37825574.09318221
37828833.135225914
37832092.45806787
37835352.06173235
37838611.94624339
37841872.11162527
37845132.55790219
37848393.28509834
37851654.293238014
37854915.58234526
37858177.15244436
37861439.00355954
37864701.135714985
37867963.54893501
37871226.243243665
37874489.21866525
37877752.47522406
37881016.01294417
37884279.83184988
37887543.9319654
37890808.31331499
37894072.97592293
37897337.91981331
37900603.14501045
37903868.65153857
37907134.43942193
37910400.50868483
37913666.859351374
37916933.49144587
37920200.40499258
37923467.600015745
37926735.076539695
37930002.834588535
37933270.87418659
37936539.1953582
37939807.79812748
37943076.68251875
37946345.84855629
37949615.296264365
37952885.02566731
37956155.03678925
37959425.32965454
37962695.90428744
37965966.76071224
37969237.898953296
37972509.31903473
37975781.0209809
37979053.0048161
37982325.27056461
37985597.8182508
37988870.6478988
37992143.759532996
37995417.153177746
37998690.828857206
38001964.78659574
38005239.02641766
38008513.54834727
38011788.35240895
38015063.438626856
38018338.80702537
38021614.45762882
38024890.3904615
38028166.605547816
38031443.102911934
38034719.88257825
38037996.944571085
38041274.28891476
38044551.915633686
38047829.82475204
38051108.016294226
38054386.49028466
38057665.246747434
38060944.28570721
38064223.60718808
38067503.21121448
38070783.09781083
38074063.2670013
38077343.71881034
38080624.45326229
38083905.4703815
38087186.77019241
38090468.35271921
38093750.217986345
38097032.366018176
38100314.796839066
38103597.51047345
38106880.50694556
38110163.78627981
38113447.34850068
38116731.19363229
38120015.321699336
38123299.73272596
38126584.42673663
38129869.403755784
38133154.66380767
38136440.206916735
38139726.033107385
38143012.142404
38146298.53483105
38149585.21041277
38152872.16917364
38156159.411138065
38159446.93633043
38162734.744775236
38166022.83649671
38169311.21151935
38172599.86986757
38175888.81156577
38179178.036638446
38182467.54510986
38185757.3370045
38189047.41234687
38192337.771161236
38195628.41347209
38198919.33930388
38202210.54868101
38205502.041628
38208793.818169124
38212085.8783289
38215378.22213175
38218670.84960213
38221963.760764554
38225256.955643296
38228550.434262894
38231844.196647786
38235138.24282243
38238432.57281135
38241727.18663884
38245022.084329434
38248317.265907675
38251612.73139787
38254908.48082454
38258204.51421216
38261500.8315852
38264797.4329682
38268094.318385474
38271391.48786157
38274688.94142098
38277986.67908816
38281284.70088767
38284583.00684385
38287881.59698124
38291180.47132434
38294479.62989763
38297779.07272568
38301078.79983282
38304378.81124363
38307679.106982686
38310979.68707431
38314280.5515431
38317581.70041355
38320883.13371016
38324184.85145753
38327486.85367999
38330789.14040214
38334091.711648494
38337394.567443565
38340697.707811944
38344001.132778004
38347304.84236633
38350608.83660145
38353913.11550789
38357217.67911026
38360522.527432926
38363827.660500504
38367133.0783376
38370438.78096852
38373744.7684181
38377051.04071067
38380357.597870834
38383664.43992322
38386971.56689221
38390278.978802435
38393586.675678454
38396894.65754481
38400202.92442613
38403511.47634683
38406820.31333154
38410129.435404815
38413438.842591226
38416748.53491542
38420058.5124018
38423368.77507501
38426679.32295963
38429990.15608023
38433301.27446147
38436612.678127766
38439924.36710378
38443236.34141416
38446548.60108335
38449861.14613601
38453173.97659672
38456487.092490084
38459800.49384076
38463114.1806732
38466428.15301207
38469742.41088197
38473056.954307504
38476371.78331335
38479686.89792396
38483002.298164025
38486317.98405814
38489633.95563093
38492950.21290708
38496266.75591106
38499583.584667556
38502900.69920127
38506218.099536665
38509535.78569845
38512853.75771125
38516172.01559968
38519490.55938848
38522809.389102094
38526128.50476526
38529447.906402595
38532767.594038755
38536087.56769845
38539407.827406175
38542728.37318665
38546049.20506451
38549370.32306443
38552691.727211125
38556013.41752909
38559335.39404307
38562657.65677781
38565980.20575778
38569303.04100776
38572626.16255239
38575949.57041634
38579273.26462437
38582597.245200984
38585921.51217093
38589246.0655589
38592570.90538956
38595896.03168767
38599221.44447775
38602547.143784575
38605873.12963282
38609199.40204718
38612525.96105242
38615852.80667308
38619179.938933924
38622507.35785974
38625835.06347506
38629163.05580466
38632491.33487326
38635819.90070555
38639148.75332633
38642477.892760135
38645807.31903177
38649137.032165945
38652467.032187365
38655797.31912085
38659127.89299094
38662458.753822446
38665789.90164009
38669121.33646861
38672453.05833279
38675785.067257226
38679117.36326672
38682449.946386084
38685782.816639826
38689115.974052995
38692449.4186501
38695783.15045595
38699117.1694954
38702451.475793004
38705786.069373615
38709120.95026198
38712456.11848285
38715791.574061066
38719127.31702122
38722463.34738816
38725799.66518664
38729136.27044144
38732473.16317739
38735810.34341911
38739147.81119145
38742485.56651918
38745823.60942708
38749161.939940006
38752500.55808257
38755839.46387965
38759178.6573561
38762518.13853654
38765857.90744586
38769197.96410883
38772538.30855025
38775878.940795
38779219.86086771
38782561.06879326
38785902.56459645
38789244.348302096
38792586.41993506
38795928.77952002
38799271.42708184
38802614.36264534
38805957.58623534
38809301.09787673
38812644.89759417
38815988.98541256
38819333.3613568
38822678.02545156
38826022.97772175
38829368.2181922
38832713.74688773
38836059.56383325
38839405.66905346
38842752.062573254
38846098.74441748
38849445.71461098
38852792.973178685
38856140.52014527
38859488.35553566
38862836.47937473
38866184.891687304
38869533.59249833
38872882.581832506
38876231.85971477
38879581.42617006
38882931.28122309
38886281.42489879
38889631.85722203
38892982.57821769
38896333.58791072
38899684.88632582
38903036.473487966
38906388.34942202
38909740.51415288
38913092.96770549
38916445.710104585
38919798.74137513
38923152.06154202
38926505.670630135
38929859.568664454
38933213.75566971
38936568.231670894
38939922.99669296
38943278.05076067
38946633.39389901
38949989.026132874
38953344.947487175
38956701.1579869
38960057.65765681
38963414.4465219
38966771.52460708
38970128.89193727
38973486.54853747
38976844.49443245
38980202.72964721
38983561.25420669
38986920.0681358
38990279.17145956
38993638.56420275
38996998.24639038
39000358.21804747
39003718.479198724
39007079.0298694
39010439.870084204
39013800.99986817
39017162.419246316
39020524.12824344
39023886.12688457
39027248.41519467
39030610.99319869
39033973.86092168
39037337.01838843
39040700.46562399
39044064.202653326
39047428.22950141
39050792.54619329
39054157.15275377
39057522.04920792
39060887.23558071
39064252.71189712
39067618.47818221
39070984.534460805
39074350.88075797
39077717.51709878
39081084.44350805
39084451.66001087
39087819.16663221
39091186.96339709
39094555.05033059
39097923.42745753
39101292.094803005
39104661.05239202
39108030.30024959
39111399.83840079
39114769.666870475
39118139.78568374
39121510.194865614
39124880.8944411
39128251.884435296
39131623.16487308
39134994.73577954
39138366.597179785
39141738.749098696
39145111.19156137
39148483.92459285
39151856.948218174
39155230.26246245
39158603.86735056
39161977.762907624
39165351.94915869
39168726.42612881
39172101.1938431
39175476.25232646
39178851.60160401
39182227.24170082
39185603.17264193
39188979.394452505
39192355.90715742
39195732.71078183
39199109.805350885
39202487.19088948
39205864.867422774
39209242.83497584
39212621.09357374
39215999.64324165
39219378.484004475
39222757.61588737
39226137.03891544
39229516.75311375
39232896.758507475
39236277.05512154
39239657.64298112
39243038.52211131
39246419.6925372
39249801.15428398
39253182.90737658
39256564.95184018
39259947.28769997
39263329.914980896
39266712.833708145
39270096.04390683
39273479.54560206
39276863.338819034
39280247.42358272
39283631.799918294
39287016.467850894
39290401.42740564
39293786.67860774
39297172.22148216
39300558.0560541
39303944.18234871
39307330.60039113
39310717.310206555
39314104.31181998
39317491.60525661
39320879.190541685
39324267.06770011
39327655.23675734
39331043.69773829
39334432.4506682
39337821.4955723
39341210.83247558
39344600.46140329
39347990.382380575
39351380.59543261
39354771.10058464
39358161.89786167
39361552.987288944
39364944.36889165
39368336.04269494
39371728.00872408
39375120.26700409
39378512.81756023
39381905.66041768
39385298.79560163
39388692.223137334
39392085.94304983
39395479.9553644
39398874.260106295
39402268.857300565
39405663.74697249
39409058.92914725
39412454.40385007
39415850.17110622
39419246.23094075
39422642.583378956
39426039.228446044
39429436.166167215
39432833.396567784
39436230.919672795
39439628.73550755
39443026.844097264
39446425.24546718
39449823.939642586
39453222.92664855
39456622.206510395
39460021.77925342
39463421.64490271
39466821.80348358
39470222.25502127
39473622.999541014
39477024.037068136
39480425.367627725
39483826.99124511
39487228.907945536
39490631.11775426
39494033.62069661
39497436.41679769
39500839.50608283
39504242.888577305
39507646.56430636
39511050.533295356
39514454.79556938
39517859.351153806
39521264.200073965
39524669.34235498
39528074.778022215
39531480.507100925
39534886.529616416
39538292.84559403
39541699.4550589
39545106.35803641
39548513.55455181
39551921.04463042
39555328.828297615
39558736.90557852
39562145.276498504
39565553.94108289
39568962.899356954
39572372.15134611
39575781.69707548
39579191.53657046
39582601.669856444
39586012.09695858
39589422.81790227
39592833.83271282
39596245.14141556
39599656.74403589
39603068.640598975
39606480.831130214
39609893.31565494
39613306.09419848
39616719.16678625
39620132.53344343
39623546.19419543
39626960.14906759
39630374.398085244
39633788.94127383
39637203.778658524
39640618.91026476
39644034.33611796
39647450.05624324
39650866.07066628
39654282.3794122
39657698.98250642
39661115.87997439
39664533.071841314
39667950.55813265
39671368.338873744
39674786.41408998
39678204.7838068
39681623.448049426
39685042.40684331
39688461.660213836
39691881.20818638
39695301.050786406
39698721.18803914
39702141.61997004
39705562.34660451
39708983.36796793
39712404.68408579
39715826.294983305
39719248.20068596
39722670.40121925
39726092.8966084
39729515.6868789
39732938.772056155
39736362.15216558
39739785.82723266
39743209.79728265
39746634.06234105
39750058.62243327
39753483.477584735
39756908.627820954
39760334.07316718
39763759.813648924
39767185.849291615
39770612.180120684
39774038.80616164
39777465.72743977
39780892.943980575
39784320.45580959
39787748.26295209
39791176.3654336
39794604.763279565
39798033.45651543
39801462.44516674
39804891.72925877
39808321.308817066
39811751.18386708
39815181.35443428
39818611.8205442
39822042.58222215
39825473.63949366
39828904.99238422
39832336.64091928
39835768.58512442
39839200.825024925
39842633.36064637
39846066.19201431
39849499.319154054
39852932.74209119
39856366.460851185
39859800.47545954
39863234.78594182
39866669.392323345
39870104.2946297
39873539.492886394
39876974.98711891
39880410.777352825
39883846.8636135
39887283.24592651
39890719.92431736
39894156.89881157
39897594.169434726
39901031.73621218
39904469.59916953
39907907.75833238
39911346.21372601
39914784.96537625
39918224.013308406
39921663.35754807
39925102.99812086
39928542.93505214
39931983.168367535
39935423.69809257
39938864.524252795
39942305.646873824
39945747.065981045
39949188.78160007
39952630.79375646
39956073.10247576
39959515.7077836
39962958.60970538
39966401.80826674
39969845.3034933
39973289.095410384
39976733.18404389
39980177.56941914
39983622.25156177
39987067.230497435
39990512.50625155
39993958.07884976
39997403.948317654
40000850.114680804
40004296.577964865
40007743.338195264
40011190.39539767
40014637.74959766
40018085.40082084
40021533.34909286
40024981.59443917
40028430.136885434
40031878.97645726
40035328.11318025
40038777.54708008
40042227.278182186
40045677.306512274
40049127.63209602
40052578.25495888
40056029.175126545
40059480.39262464
40062931.907478765
40066383.719714634
40069835.829357706
40073288.236433685
40076740.94096819
40080193.94298687
40083647.24251542
40087100.83957932
40090554.73420428
40094008.926415935
40097463.41623994
40100918.203702
40104373.28882761
40107828.6716425
40111284.35217239
40114740.33044277
40118196.60647938
40121653.18030787
40125110.051953904
40128567.22144321
40132024.68880131
40135482.45405393
40138940.51722674
40142398.878345415
40145857.53743571
40149316.49452312
40152775.74963342
40156235.302792266
40159695.15402536
40163155.30335846
40166615.750817075
40170076.496426985
40173537.54021396
40176998.88220351
40180460.522421435
40183922.46089342
40187384.69764516
40190847.232702434
40194310.06609079
40197773.197836004
40201236.62796379
40204700.35649985
40208164.383469984
40211628.70889974
40215093.3328149
40218558.2552412
40222023.47620436
40225488.99573017
40228954.8138442
40232420.93057225
40235887.34594014
40239354.05997335
40242821.072697945
40246288.38413941
40249755.99432357
40253223.90327623
40256692.11102299
40260160.61758966
40263629.42300199
40267098.52728573
40270567.93046673
40274037.63257054
40277507.633623034
40280977.93364994
40284448.53267705
40287919.43073018
40291390.62783494
40294862.12401718
40298333.91930275
40301806.01371716
40305278.40728654
40308751.1000364
40312224.091992594
40315697.383181
40319170.973627225
40322644.86335714
40326119.05239653
40329593.54077118
40333068.32850696
40336543.41562951
40340018.8021647
40343494.488138326
40346970.473576196
40350446.75850418
40353923.34294793
40357400.22693333
40360877.41048619
40364354.893632315
40367832.67639761
40371310.75880771
40374789.140888534
40378267.82266597
40381746.804165676
40385226.08541357
40388705.666435465
40392185.54725719
40395665.72790467
40399146.20840356
40402626.98877978
40406108.06905918
40409589.44926758
40413071.12943092
40416553.10957488
40420035.38972537
40423517.96990825
40427000.85014938
40430484.030474685
40433967.510909855
40437451.29148083
40440935.37221356
40444419.75313373
40447904.43426729
40451389.415640116
40454874.69727806
40458360.279207096
40461846.16145291
40465332.344041474
40468818.826998666
40472305.610350356
40475792.694122516
40479280.07834086
40482767.76303136
40486255.74821991
40489744.03393239
40493232.620194785
40496721.50703282
40500210.69447247
40503700.18253973
40507189.971260324
40510680.06066025
40514170.45076541
40517661.14160171
40521152.13319515
40524643.425571464
40528135.018756665
40531626.91277667
40535119.10765739
40538611.60342483
40542104.40010476
40545597.49772318
40549090.89630602
40552584.59587921
40556078.59646877
40559572.898100466
40563067.50080033
40566562.40459436
40570057.609508276
40573553.11556834
40577048.92280025
40580545.03123004
40584041.44088375
40587538.151787154
40591035.163966306
40594532.47744715
40598030.09225566
40601528.00841787
40605026.22595958
40608524.74490684
40612023.56528563
40615522.687121905
40619022.11044174
40622521.83527092
40626021.86163553
40629522.18956161
40633022.81907492
40636523.75020176
40640024.98296787
40643526.51739932
40647028.35352219
40650530.4913623
40654032.93094575
40657535.672298506
40661038.71544659
40664542.06041608
40668045.70723282
40671549.6559229
40675053.90651232
40678558.459027104
40682063.313493334
40685568.46993688
40689073.92838383
40692579.6888602
40696085.75139202
40699592.116005406
40703098.782726206
40706605.75158054
40710113.02259451
40713620.59579401
40717128.47120513
40720636.64885393
40724145.12876643
40727653.91096878
40731162.99548685
40734672.382346764
40738182.071574576
40741692.06319634
40745202.35723818
40748712.95372601
40752223.85268595
40755735.05414408
40759246.55812645
40762758.364659205
40766270.47376826
40769782.885479756
40773295.59981986
40776808.61681447
40780321.936489746
40783835.558871776
40787349.48398663
40790863.711860485
40794378.24251926
40797893.07598911
40801408.21229614
40804923.651466444
40808439.39352619
40811955.43850131
40815471.786418
40818988.437302336
40822505.39118045
40826022.64807851
40829540.20802247
40833058.071038514
40836576.237152845
40840094.7063914
40843613.478780404
40847132.55434595
40850651.93311417
40854171.61511128
40857691.600363225
40861211.88889623
40864732.480736405
40868253.3759099
40871774.57444294
40875296.07636148
40878817.88169174
40882339.99045988
40885862.40269203
40889385.118414424
40892908.137653045
40896431.46043413
40899955.08678391
40903479.01672829
40907003.25029376
40910527.78750624
40914052.62839196
40917577.77297718
40921103.2212879
40924628.97335036
40928155.02919075
40931681.38883523
40935208.05231006
40938735.01964125
40942262.29085507
40945789.865977705
40949317.74503533
40952845.92805421
40956374.415060386
40959903.206080124
40963432.301139615
40966961.700265065
40970491.40348274
40974021.41081868
40977551.72229918
40981082.33795052
40984613.25779874
40988144.48187013
40991676.01019091
40995207.842787296
40998739.979685575
41002272.42091181
41005805.166492306
41009338.21645327
41012871.57082095
41016405.22962164
41019939.192881405
41023473.46062657
41027008.03288336
41030542.90967802
41034078.09103687
41037613.57698598
41041149.36755167
41044685.462760285
41048221.8626379
41051758.567210846
41055295.57650538
41058832.89054775
41062370.5093643
41065908.432981126
41069446.66142457
41072985.194720894
41076524.03289636
41080063.175977334
41083602.62398991
41087142.37696044
41090682.43491521
41094222.797880486
41097763.465882644
41101304.43894779
41104845.71710229
41108387.30037252
41111929.1887846
41115471.3823649
41119013.88113972
41122556.68513534
41126099.79437817
41129643.20889432
41133186.928710185
41136730.953852065
41140275.28434627
41143819.92021918
41147364.86149696
41150910.108206004
41154455.660372615
41158001.51802311
41161547.68118391
41165094.14988116
41168640.92414127
41172188.00399065
41175735.38945546
41179283.08056212
41182831.07733697
41186379.379806325
41189927.98799663
41193476.90193405
41197026.121645
41200575.64715585
41204125.47849292
41207675.61568267
41211226.05875127
41214776.80772516
41218327.862630695
41221879.22349424
41225430.89034223
41228982.86320087
41232535.14209661
41236087.7270559
41239640.61810485
41243193.81527018
41246747.31857801
41250301.1280548
41253855.24372701
41257409.66562086
41260964.39376281
41264519.428179264
41268074.76889659
41271630.41594127
41275186.369339526
41278742.62911785
41282299.19530263
41285856.06792026
41289413.24699724
41292970.73255979
41296528.52463442
41300086.62324753
41303645.02842552
41307203.7401949
41310762.75858192
41314322.08361308
41317881.71531488
41321441.65371358
41325001.898835674
41328562.450707614
41332123.30935581
41335684.474806786
41339245.94708681
41342807.726222396
41346369.81223998
41349932.20516601
41353494.90502702
41357057.91184927
41360621.2256593
41364184.846483566
41367748.77434851
41371313.00928068
41374877.55130636
41378442.40045209
41382007.55674442
41385573.02020965
41389138.79087431
41392704.86876489
41396271.25390786
41399837.94632976
41403404.94605691
41406972.25311587
41410539.86753312
41414107.78933513
41417676.01854848
41421244.5551995
41424813.39931473
41428382.550920695
41431952.01004387
41435521.77671083
41439091.85094792
41442662.232781716
41446232.922238804
41449803.91934553
41453375.22412847
41456946.83661414
41460518.75682905
41464090.98479981
41467663.520552754
41471236.364114486
41474809.51551153
41478382.97477041
41481956.74191774
41485530.81697986
41489105.1999834
41492679.8909549
41496254.889920875
41499830.19690796
41503405.81194252
41506981.73505118
41510557.96626056
41514134.505597055
41517711.35308728
41521288.50875781
41524865.97263517
41528443.744746014
41532021.82511673
41535600.21377396
41539178.91074426
41542757.9160542
41546337.229730435
41549916.851799354
41553496.78228763
41557077.02122182
41560657.5686285
41564238.424534336
41567819.58896575
41571401.061949395
41574982.84351195
41578564.93367973
41582147.332479686
41585730.039938144
41589313.05608179
41592896.380937286
41596480.01453108
41600063.95688986
41603648.208040215
41607232.76800875
41610817.63682217
41614402.81450692
41617988.301089674
41621574.09659706
41625160.20105569
41628746.61449228
41632333.33693327
41635920.36840537
41639507.708935216
41643095.35854942
41646683.31727472
41650271.58513755
41653860.16216465
41657449.048382744
41661038.24381829
41664627.74849802
41668217.56244858
41671807.68569662
41675398.11826886
41678988.8601918
41682579.91149217
41686171.27219663
41689762.94233182
41693354.92192451
41696947.21100118
41700539.80958858
41704132.71771338
41707725.93540225
41711319.46268195
41714913.29957897
41718507.44612009
41722101.90233207
41725696.66824141
41729291.743874885
41732887.129259184
41736482.824420996
41740078.82938708
41743675.144183986
41747271.76883847
41750868.70337725
41754465.947827004
41758063.50221453
41761661.36656636
41765259.54090929
41768858.02527002
41772456.819675274
41776055.92415184
41779655.33872626
41783255.06342535
41786855.09827591
41790455.44330449
41794056.09853789
41797657.064002864
41801258.33972611
41804859.925734475
41808461.822054505
41812064.028713025
41815666.54573677
41819269.37315249
41822872.510987
41826475.959266886
41830079.71801898
41833683.78727003
41837288.16704679
41840892.8573761
41844497.85828454
41848103.16979897
41851708.79194622
41855314.724752896
41858920.96824584
41862527.522451825
41866134.387397625
41869741.5631101
41873349.049615845
41876956.846941724
41880564.95511453
41884173.374161035
41887782.10410812
41891391.14498238
41895000.49681071
41898610.15961989
41902220.133436725
41905830.41828809
41909441.014200605
41913051.92120117
41916663.13931667
41920274.66857365
41923886.508999266
41927498.66062006
41931111.123462945
41934723.897554815
41938336.982922316
41941950.379592344
41945564.08759174
41949178.10694731
41952792.437685974
41956407.079834394
41960022.033419475
41963637.29846806
41967252.87500698
41970868.76306316
41974484.96266327
41978101.47383424
41981718.296602905
41985335.43099612
41988952.87704082
41992570.63476369
41996188.704191655
41999807.085351676
42003425.77827042
42007044.782974854
42010664.09949183
42014283.72784822
42017903.668070965
42021523.92018677
42025144.484222606
42028765.36020533
42032386.548161834
42036008.04811907
42039629.860103756
42043251.98414286
42046874.420263276
42050497.16849188
42054120.228855655
42057743.601381324
42061367.286095865
42064991.28302627
42068615.59219926
42072240.21364182
42075865.147380866
42079490.3934433
42083115.951856114
42086741.82264606
42090368.00584012
42093994.50146523
42097621.309548296
42101248.430116326
42104875.86319608
42108503.60881456
42112131.66699871
42115760.037775435
42119388.721171774
42123017.71721449
42126647.0259306
42130276.64734712
42133906.581490844
42137536.82838879
42141167.38806789
42144798.260555126
42148429.44587751
42152060.94406182
42155692.75513513
42159324.879124366
42162957.3160565
42166590.06595858
42170223.128857404
42173856.504780024
42177490.19375341
42181124.19580453
42184758.510960445
42188393.13924796
42192028.080694154
42195663.335326076
42199298.90317055
42202934.78425464
42206570.97860534
42210207.48624964
42213844.30721462
42217481.4415271
42221118.88921417
42224756.65030283
42228394.72482007
42232033.112793
42235671.814248435
42239310.829213485
42242950.157715164
42246589.79978047
42250229.755436525
42253870.02471017
42257510.6076285
42261151.50421864
42264792.71450735
42268434.238522
42272076.07628936
42275718.22783657
42279360.69319073
42283003.47237871
42286646.56542764
42290289.97236456
42293933.69321651
42297577.72801063
42301222.0767738
42304866.73953314
42308511.716315724
42312157.0071486
42315802.61205891
42319448.53107355
42323094.76421966
42326741.3115243
42330388.17301456
42334035.348717585
42337682.83866027
42341330.64286978
42344978.761373274
42348627.19419767
42352275.94137013
42355925.00291774
42359574.378867574
42363224.06924682
42366874.0740824
42370524.39340148
42374175.02723117
42377825.97559856
42381477.23853084
42385128.81605493
42388780.70819804
42392432.914987266
42396085.436449714
42399738.272612594
42403391.42350284
42407044.889147654
42410698.669574246
42414352.764809564
42418007.17488082
42421661.899815135
42425316.93963964
42428972.29438155
42432627.96406783
42436283.9487257
42439940.2483823
42443596.863064766
42447253.79280033
42450911.03761596
42454568.597538896
42458226.47259628
42461884.662815265
42465543.168223105
42469201.988846764
42472861.1247135
42476520.57585056
42480180.34228493
42483840.424043864
42487500.821154535
42491161.5336441
42494822.561539836
42498483.90486874
42502145.563658066
42505807.537935
42509469.82772674
42513132.43306053
42516795.3539634
42520458.59046262
42524122.14258538
42527786.01035889
42531450.19381042
42535114.69296699
42538779.5078559
42542444.63850443
42546110.08493953
42549775.84718876
42553441.92527907
42557108.319237754
42560775.02909211
42564442.05486919
42568109.39659629
42571777.05430065
42575445.02800948
42579113.3177501
42582781.92354956
42586450.84543519
42590120.0834342
42593789.63757385
42597459.50788147
42601129.694384106
42604800.197109096
42608471.01608377
42612142.15133512
42615813.602890745
42619485.37077764
42623157.45502313
42626829.85565458
42630502.57269907
42634175.60618394
42637848.95613646
42641522.622583896
42645196.605553605
42648870.90507269
42652545.5211685
42656220.45386832
42659895.70319943
42663571.269189194
42667247.151864715
42670923.351253375
42674599.86738246
42678276.70027926
42681953.84997115
42685631.316485256
42689309.09984896
42692987.200089656
42696665.61723446
42700344.351310775
42704023.402345896
42707702.77036714
42711382.4554019
42715062.45747732
42718742.776620805
42722423.41285967
42726104.366221234
42729785.63673291
42733467.22442186
42737149.12931548
42740831.35144111
42744513.890826076
42748196.74749781
42751879.92148347
42755563.41281049
42759247.22150628
42762931.34759803
42766615.79111317
42770300.55207904
42773985.630522996
42777671.02647249
42781356.73995468
42785042.77099703
42788729.1196269
42792415.78587165
42796102.76975873
42799790.07131534
42803477.69056893
42807165.62754688
42810853.88227656
42814542.45478544
42818231.345100716
42821920.55324986
42825610.07926035
42829299.9231594
42832990.084974475
42836680.564732976
42840371.36246229
42844062.47818991
42847753.911943056
42851445.66374921
42855137.733635776
42858830.12163017
42862522.827759884
42866215.852052145
42869909.194534466
42873602.85523425
42877296.834178925
42880991.13139599
42884685.746912695
42888380.680756554
42892075.93295508
42895771.503535435
42899467.39252541
42903163.599952176
42906860.12584325
42910556.97022616
42914254.13312818
42917951.61457683
42921649.41459956
42925347.53322382
42929045.97047715
42932744.72638682
42936443.80098038
42940143.19428529
42943842.906329006
42947542.93713907
42951243.286742784
42954943.9551677
42958644.942441374
42962346.24859101
42966047.87364444
42969749.817628875
42973452.08057188
42977154.66250103
42980857.56344363
42984560.783427246
42988264.32247938
42991968.18062752
42995672.35789923
42999376.85432185
43003081.66992296
43006786.804730065
43010492.25877065
43014198.03207233
43017904.12466242
43021610.53656853
43025317.26781817
43029024.31843884
43032731.68845817
43036439.37790348
43040147.38680239
43043855.71518251
43047564.363071196
43051273.330496065
43054982.61748464
43058692.22406445
43062402.15026313
43066112.396108046
43069822.96162681
43073533.84684699
43077245.0517961
43080956.5765018
43084668.42099146
43088380.58529271
43092093.069433115
43095805.87344023
43099518.9973417
43103232.44116492
43106946.204937525
43110660.28868718
43114374.692441285
43118089.41622748
43121804.46007337
43125519.8240065
43129235.50805455
43132951.512244925
43136667.836605296
43140384.48116324
43144101.445946366
43147818.73098233
43151536.33629857
43155254.261922754
43158972.50788248
43162691.074205354
43166409.96091907
43170129.16805104
43173848.69562898
43177568.54368058
43181288.71223326
43185009.20131475
43188730.010952644
43192451.14117457
43196172.59200824
43199894.3634811
43203616.45562086
43207338.86845516
43211061.60201161
43214784.65631795
43218508.031401634
43222231.72729039
43225955.74401186
43229680.08159367
43233404.74006358
43237129.71944904
43240855.0197778
43244580.64107759
43248306.58337582
43252032.846700475
43255759.43107897
43259486.336539045
43263213.56310845
43266941.11081468
43270668.97968549
43274397.16974857
43278125.68103156
43281854.51356225
43285583.66736813
43289313.142476976
43293042.93891647
43296773.05671429
43300503.49589822
43304234.256495774
43307965.338534735
43311696.74204288
43315428.46704765
43319160.51357709
43322892.881658636
43326625.571320094
43330358.582589254
43334091.91549364
43337825.570061065
43341559.54631923
43345293.84429587
43349028.46401878
43352763.4055155
43356498.66881385
43360234.25394156
43363970.16092635
43367706.38979605
43371442.9405782
43375179.81330065
43378917.00799111
43382654.524677336
43386392.36338716
43390130.52414815
43393869.00698814
43397607.81193496
43401346.93901621
43405086.38825971
43408826.15969322
43412566.25334451
43416306.66924143
43420047.40741156
43423788.46788276
43427529.850682795
43431271.55583944
43435013.583380565
43438755.93333376
43442498.60572689
43446241.60058775
43449984.91794411
43453728.55782385
43457472.52025458
43461216.80526418
43464961.41288053
43468706.34313126
43472451.59604424
43476197.17164729
43479943.06996819
43483689.29103485
43487435.83487489
43491182.70151621
43494929.89098664
43498677.40331397
43502425.23852613
43506173.39665074
43509921.87771572
43513670.681748904
43517419.8087781
43521169.25883124
43524919.031935975
43528669.12812023
43532419.54741192
43536170.28983872
43539921.35542855
43543672.74420925
43547424.45620868
43551176.49145477
43554928.8499752
43558681.53179789
43562434.53695073
43566187.86546155
43569941.5173583
43573695.49266869
43577449.791420646
43581204.41364206
43584959.35936078
43588714.62860478
43592470.22140174
43596226.13777966
43599982.37776648
43603738.94138982
43607495.82867794
43611253.03965843
43615010.57435928
43618768.43280848
43622526.61503374
43626285.12106304
43630043.950924285
43633803.10464538
43637562.582254305
43641322.383778796
43645082.509246856
43648842.95868639
43652603.732125305
43656364.82959161
43660126.25111306
43663887.99671764
43667650.06643329
43671412.46028792
43675175.17830957
43678938.220525965
43682701.58696515
43686465.27765514
43690229.29262369
43693993.63189883
43697758.29550851
43701523.28348067
43705288.59584334
43709054.23262429
43712820.193851575
43716586.47955314
43720353.08975695
43724120.02449104
43727887.2837832
43731654.86766148
43735422.776153855
43739191.00928828
43742959.56709283
43746728.44959529
43750497.656823725
43754267.188806206
43758037.04557054
43761807.227144785
43765577.73355694
43769348.56483499
43773119.72100701
43776891.20210082
43780663.0081445
43784435.13916605
43788207.59519347
43791980.37625485
43795753.48237802
43799526.91359107
43803300.66992202
43807074.75139887
43810849.158049725
43814623.889902435
43818398.9469851
43822174.32932583
43825950.03695247
43829726.06989315
43833502.42817588
43837279.1118287
43841056.12087974
43844833.45535684
43848611.11528814
43852389.10070168
43856167.411625504
43859946.04808774
43863725.010116264
43867504.29773922
43871283.91098466
43875063.84988063
43878844.11445528
43882624.7047365
43886405.62075243
43890186.862531245
43893968.43010081
43897750.3234893
43901532.54272478
43905315.08783533
43909097.95884911
43912881.155794024
43916664.67869825
43920448.527589865
43924232.70249696
43928017.20344771
43931802.03047003
43935587.1835921
43939372.66284203
43943158.4682479
43946944.599837914
43950731.057639994
43954517.84168233
43958304.95199313
43962092.38860024
43965880.15153211
43969668.24081661
43973456.65648194
43977245.3985563
43981034.46706765
43984823.8620442
43988613.58351408
43992403.631505415
43996194.00604643
43999984.707165085
44003775.734889604
44007567.08924813
44011358.77026879
44015150.77797984
44018943.11240925
44022735.77358524
44026528.76153597
44030322.0762896
44034115.71787438
44037909.68631828
44041703.981649555
44045498.60389646
44049293.55308699
44053088.82924939
44056884.43241184
44060680.36260252
44064476.61984968
44068273.204181336
44072070.11562575
44075867.35421111
44079664.919965595
44083462.81291749
44087261.03309481
44091059.58052584
44094858.45523876
44098657.65726178
44102457.1866232
44106257.043351024
44110057.227473564
44113857.7390191
44117658.578015685
44121459.744491614
44125261.23847509
44129063.05999435
44132865.20907769
44136667.68575316
44140470.49004907
44144273.62199365
44148077.08161514
44151880.86894185
44155684.98400184
44159489.42682343
44163294.19743487
44167099.295864396
44170904.72214035
44174710.47629079
44178516.558344066
44182322.968328506
44186129.70627219
44189936.772203475
44193744.166150615
44197551.88814186
44201359.93820558
44205168.316369854
44208977.02266304
44212786.05711341
44216595.419749245
44220405.11059891
44224215.12969048
44228025.47705237
44231836.15271282
44235647.15670015
44239458.48904272
44243270.14976864
44247082.13890631
44250894.456484094
44254707.10253013
44258520.07707279
44262333.380140394
44266147.01176124
44269960.971963726
44273775.26077598
44277589.878226414
44281404.82434334
44285220.09915506
44289035.70269001
44292851.63497631
44296667.8960424
44300484.485916585
44304301.4046272
44308118.65220267
44311936.228671156
44315754.134061076
44319572.368400864
44323390.931718595
44327209.82404297
44331029.045402065
44334848.595824316
44338668.475338176
44342488.683971815
44346309.22175368
44350130.08871212
44353951.28487551
44357772.8102723
44361594.66493068
44365416.8488791
44369239.36214594
44373062.20475957
44376885.37674846
44380708.87814081
44384532.70896508
44388356.86924966
44392181.35902294
44396006.1783134
44399831.32714924
44403656.805558965
44407482.61357103
44411308.751213685
44415135.2185154
44418962.01550458
44422789.14220965
44426616.59865908
44430444.384881124
44434272.50090427
44438100.94675694
44441929.72246755
44445758.82806461
44449588.26357637
44453418.02903134
44457248.12445794
44461078.54988462
44464909.30533988
44468740.39085199
44472571.80644947
44476403.55216087
44480235.628014416
44484068.03403867
44487900.77026208
44491733.836713076
44495567.23342022
44499400.96041178
44503235.0177163
44507069.40536225
44510904.123378076
44514739.17179234
44518574.55063333
44522410.25992962
44526246.299709655
44530082.670001924
44533919.37083499
44537756.40223716
44541593.764236994
44545431.45686308
44549269.48014371
44553107.83410747
44556946.518782854
44560785.53419836
44564624.88038256
44568464.55736378
44572304.565170616
44576144.90383157
44579985.57337514
44583826.57382994
44587667.905224286
44591509.56758679
44595351.560945965
44599193.885330334
44603036.540768504
44606879.527288824
44610722.8449199
44614566.49369036
44618410.47362854
44622254.78476308
44626099.42712252
44629944.40073538
44633789.705630295
44637635.34183564
44641481.30938004
44645327.60829204
44649174.2386002
44653021.20033316
44656868.4935193
44660716.118187256
44664564.07436559
44668412.36208288
44672260.981367774
44676109.93224865
44679959.21475418
44683808.82891302
44687658.77475347
44691509.052304484
44695359.66159436
44699210.602651775
44703061.8755054
44706913.480183646
44710765.41671519
44714617.68512863
44718470.28545255
44722323.21771566
44726176.48194635
44730030.07817333
44733884.0064252
44737738.26673057
44741592.85911814
44745447.783616334
44749303.04025387
44753158.62905935
44757014.55006141
44760870.80328875
44764727.38876982
44768584.30653333
44772441.55660801
44776299.1390223
44780157.05380493
44784015.30098453
44787873.88058976
44791732.79264933
44795592.03719172
44799451.614245646
44803311.52383978
44807171.76600276
44811032.34076333
44814893.248149976
44818754.48819144
44822616.06091638
44826477.96635347
44830340.20453145
44834202.77547883
44838065.679224364
44841928.91579681
44845792.48522466
44849656.38753669
44853520.622761585
44857385.19092803
44861250.09206478
44865115.32620037
44868980.89336357
44872846.79358308
44876713.02688758
44880579.59330588
44884446.49286648
44888313.72559818
44892181.29152969
44896049.19068973
44899917.42310708
44903785.98881028
44907654.88782814
44911524.120189466
44915393.6859228
44919263.58505695
44923133.81762065
44927004.38364262
44930875.283151686
44934746.5161764
44938618.08274559
44942489.98288798
44946362.21663234
44950234.784007475
44954107.68504196
44957980.91976463
44961854.48820425
44965728.390389554
44969602.6263494
44973477.19611236
44977352.099707276
44981227.33716302
44985102.908508174
44988978.81377158
44992855.05298202
44996731.626168266
45000608.533359185
45004485.77458337
45008363.34986969
45012241.25924694
45016119.502743885
45019998.080389425
45023876.992212154
45027756.23824096
45031635.81850463
45035515.73303198
45039395.98185188
45043276.56499297
45047157.48248414
45051038.73435428
45054920.32063193
45058802.24134627
45062684.49652584
45066567.08619955
45070450.01039632
45074333.269144766
45078216.86247383
45082100.79041232
45085985.05298908
45089869.65023302
45093754.58217281
45097639.84883736
45101525.45025553
45105411.38645614
45109297.65746813
45113184.263320185
45117071.20404123
45120958.479660116
45124846.0902057
45128734.03570694
45132622.31619249
45136510.931691326
45140399.8822324
45144289.16784439
45148178.78855626
45152068.74439688
45155959.03539513
45159849.661579974
45163740.62298011
45167631.91962451
45171523.55154206
45175415.51876164
45179307.82131225
45183200.45922258
45187093.43252162
45190986.74123827
45194880.38540144
45198774.36504011
45202668.680183
45206563.33085911
45210458.31709745
45214353.63892674
45218249.29637599
45222145.289474115
45226041.618250035
45229938.28273276
45233835.28295104
45237732.61893389
45241630.290710226
45245528.298309006
45249426.64175923
45253325.32108967
45257224.33632935
45261123.68750721
45265023.3746522
45268923.397793345
45272823.75695943
45276724.45217949
45280625.48348257
45284526.85089744
45288428.55445316
45292330.59417868
45296232.97010297
45300135.6822551
45304038.730663836
45307942.11535825
45311845.836367324
45315749.89372002
45319654.287445426
45323559.01757233
45327464.0841298
45331369.48714684
45335275.22665243
45339181.30267566
45343087.71524532
45346994.46439053
45350901.55014036
45354808.97252354
45358716.73156945
45362624.8273068
45366533.259764716
45370442.02897229
45374351.13495836
45378260.57775202
45382170.35738229
45386080.47387821
45389990.927268885
45393901.71758316
45397812.844850145
45401724.309098884
45405636.11035842
45409548.24865786
45413460.72402607
45417373.536492184
45421286.68608534
45425200.17283431
45429113.9967685
45433028.157916695
45436942.65630804
45440857.49197169
45444772.664936505
45448688.17523165
45452604.02288619
45456520.20792918
45460436.730389796
45464353.590296924
45468270.787679724
45472188.32256727
45476106.19498865
45480024.40497304
45483942.95254932
45487861.837746695
45491781.06059424
45495700.62112105
45499620.51935631
45503540.75532893
45507461.32906811
45511382.24060304
45515303.48996264
45519225.0771761
45523147.00227254
45527069.265281074
45530991.866230905
45534914.80515096
45538838.082070455
45542761.69701852
45546685.650024265
45550609.941116914
45554534.57032542
45558459.537679
45562384.843206786
45566310.486937925
45570236.468901634
45574162.78912689
45578089.44764291
45582016.444478944
45585943.77966396
45589871.45322719
45593799.4651978
45597727.81560494
45601656.50447787
45605585.53184556
45609514.89773727
45613444.602182165
45617374.64520942
45621305.026848294
45625235.74712778
45629166.80607714
45633098.20372556
45637029.940102234
45640962.01523642
45644894.42915713
45648827.18189364
45652760.273475245
45656693.703930944
45660627.473290026
45664561.581581704
45668496.02883517
45672430.81507973
45676365.94034439
45680301.404658474
45684237.208051175
45688173.35055172
45692109.83218942
45696046.65299329
45699983.81299267
45703921.31221677
45707859.15069483
45711797.32845616
45715735.84552982
45719674.701945126
45723613.89773141
45727553.43291764
45731493.30753342
45735433.52160773
45739374.0751699
45743314.96824928
45747256.200874925
45751197.77307619
45755139.68488234
45759081.93632264
45763024.52742642
45766967.45822278
45770910.72874107
45774854.339010574
45778798.289060555
45782742.57892039
45786687.20861915
45790632.17818623
45794577.487651
45798523.137042455
45802469.12639027
45806415.45572346
45810362.12507139
45814309.13446347
45818256.4839288
45822204.173496775
45826152.203196704
45830100.57305788
45834049.283109725
45837998.33338135
45841947.72390216
45845897.45470147
45849847.5258086
45853797.937252976
45857748.68906372
45861699.78127026
45865651.213901915
45869602.98698802
45873555.100558005
45877507.55464102
45881460.34926649
45885413.48446386
45889366.96026228
45893320.77669119
45897274.93377994
45901229.43155787
45905184.27005445
45909139.44929883
45913094.96932047
45917050.83014873
45921007.03181297
45924963.57434266
45928920.45776697
45932877.682115376
45936835.24741724
45940793.153701946
45944751.40099897
45948709.9893375
45952668.918747015
45956628.189256996
45960587.800896645
45964547.75369544
45968508.04768279
45972468.68288808
45976429.65934081
45980390.97707019
45984352.636105716
45988314.6364768
45992276.97821285
45996239.661343366
46000202.68589759
46004166.05190501
46008129.75939506
46012093.808397174
46016058.19894084
46020022.93105532
46023988.00477014
46027953.42011481
46031919.177118585
46035885.275810994
46039851.71622148
46043818.498379484
46047785.62231455
46051753.08805592
46055720.89563316
46059689.045075715
46063657.53641304
46067626.369674675
46071595.5448899
46075565.06208828
46079534.92129927
46083505.12255234
46087475.66587706
46091446.5513027
46095417.77885885
46099389.34857507
46103361.26048055
46107333.51460517
46111306.11097812
46115279.04962898
46119252.33058734
46123225.9538825
46127199.91954406
46131174.22760151
46135148.878084354
46139123.87102219
46143099.20644432
46147074.88438037
46151050.90485984
46155027.26791225
46159003.973567195
46162981.02185402
46166958.41280234
46170936.14644176
46174914.22280153
46178892.64191156
46182871.40380109
46186850.508499764
46190829.95603719
46194809.74644274
46198789.87974604
46202770.355976634
46206751.175164066
46210732.33733798
46214713.84252775
46218695.690763004
46222677.88207331
46226660.41648824
46230643.29403743
46234626.514750265
46238610.078656405
46242593.98578542
46246578.23616687
46250562.829830445
46254547.76680552
46258533.04712178
46262518.67080889
46266504.63789625
46270490.948413536
46274477.60239035
46278464.59985627
46282451.940841004
46286439.625373945
46290427.65348479
46294416.025203146
46298404.74055862
46302393.7995809
46306383.20229942
46310372.94874389
46314363.03894392
46318353.47292912
46322344.25072922
46326335.37237365
46330326.83789212
46334318.64731436
46338310.80066981
46342303.297988206
46346296.13929917
46350289.324632354
46354282.85401748
46358276.72748401
46362270.94506168
46366265.50678015
46370260.412669055
46374255.66275816
46378251.25707692
46382247.195655085
46386243.47852232
46390240.10570831
46394237.077242784
46398234.39315523
46402232.05347543
46406230.05823314
46410228.40745785
46414227.10117933
46418226.13942727
46422225.52223135
46426225.24962135
46430225.32162676
46434225.73827739
46438226.49960292
46442227.60563305
46446229.05639757
46450230.851926
46454232.99224813
46458235.47739369
46462238.30739236
46466241.48227396
46470245.00206802
46474248.86680435
46478253.076512754
46482257.63122269
46486262.53096425
46490267.77576687
46494273.3656604
46498279.30067464
46502285.58083916
46506292.20618377
46510299.176738225
46514306.49253227
46518314.15359574
46522322.159958184
46526330.51164947
46530339.20869933
46534348.25113754
46538357.638993934
46542367.3722981
46546377.45107988
46550387.87536906
46554398.64519539
46558409.76058874
46562421.22157871
46566433.02819515
46570445.18046795
46574457.6784267
46578470.52210127
46582483.71152145
46586497.24671703
46590511.1277179
46594525.354553655
46598539.92725421
46602554.845849335
46606570.11036885
46610585.72084265
46614601.67730036
46618617.979771875
46622634.62828701
46626651.62287558
46630668.9635675
46634686.6503924
46638704.683380194
46642723.062560804
46646741.78796387
46650760.85961931
46654780.27755697
46658800.041806675
46662820.15239836
46666840.609361686
46670861.41272657
46674882.56252288
46678904.058780454
46682925.90152924
46686948.0907989
46690970.62661938
46694993.50902055
46699016.73803227
46703040.313684486
46707064.236006886
46711088.50502943
46715113.120782085
46719138.08329454
46723163.39259676
46727189.04871863
46731215.05169003
46735241.40154093
46739268.09830104
46743295.14200034
46747322.532668725
46751350.270336084
46755378.355032414
46759406.78678742
46763435.56563111
46767464.69159337
46771494.16470413
46775523.98499338
46779554.15249085
46783584.667226546
46787615.52923048
46791646.738532394
46795678.29516229
46799710.19915011
46803742.45052576
46807775.04931929
46811807.99556043
46815841.289279215
46819874.930505574
46823908.919269465
46827943.255600914
46831977.93952969
46836012.97108582
46840048.35029926
46844084.07719998
46848120.151818015
46852156.574183136
46856193.34432541
46860230.46227488
46864267.92806124
46868305.741714835
46872343.90326536
46876382.412742876
46880421.270177454
46884460.475598894
46888500.02903726
46892539.930522546
46896580.18008474
46900620.77775393
46904661.72355991
46908703.017532766
46912744.65970252
46916786.65009914
46920828.98875275
46924871.675693154
46928914.710950464
46932958.09455468
46937001.82653582
46941045.906923994
46945090.33574904
46949135.11304106
46953180.23883018
46957225.71314623
46961271.53601935
46965317.70747955
46969364.227556884
46973411.09628148
46977458.31368317
46981505.87979211
46985553.794638336
46989602.058251895
46993650.67066294
46997699.631901324
47001748.9419972
47005798.600980625
47009848.60888165
47013898.96573046
47017949.671556905
47022000.72639115
47026052.13026337
47030103.88320345
47034155.98524154
47038208.43640774
47042261.236732125
47046314.38624487
47050367.88497587
47054421.732955314
47058475.93021329
47062530.47677989
47066585.37268531
47070640.61795946
47074696.21263253
47078752.15673462
47082808.45029585
47086865.093346424
47090922.08591625
47094979.42803554
47099037.119734526
47103095.161043115
47107153.55199153
47111212.2926099
47115271.38292836
47119330.82297712
47123390.61278612
47127450.75238561
47131511.24180571
47135572.08107657
47139633.27022842
47143694.809291236
47147756.698295236
47151818.937270574
47155881.52624742
47159944.46525601
47164007.75432633
47168071.393488616
47172135.38277313
47176199.72220986
47180264.41182906
47184329.45166091
47188394.84173558
47192460.58208334
47196526.67273418
47200593.113718376
47204659.90506611
47208727.04680758
47212794.53897307
47216862.381592564
47220930.57469638
47224999.11831469
47229068.0124777
47233137.25721573
47237206.85255876
47241276.79853713
47245347.095181115
47249417.74252065
47253488.74058635
47257560.08940812
47261631.7890163
47265703.8394412
47269776.24071285
47273848.992861584
47277922.09591763
47281995.549911216
47286069.35487268
47290143.51083207
47294218.017819725
47298292.875865884
47302368.0850008
47306443.64525481
47310519.55665799
47314595.819240674
47318672.43303313
47322749.39806562
47326826.71436849
47330904.38197183
47334982.40090598
47339060.771201335
47343139.49288796
47347218.56599623
47351297.99055642
47355377.76659881
47359457.894153796
47363538.37325145
47367619.203922175
47371700.38619625
47375781.920103975
47379863.80567574
47383946.04294165
47388028.63193211
47392111.57267742
47396194.86520789
47400278.50955392
47404362.505745634
47408446.85381344
47412531.55378776
47416616.60569871
47420702.00957672
47424787.76545212
47428873.87335521
47432960.333316445
47437047.14536596
47441134.30953418
47445221.82585145
47449309.6943481
47453397.91505458
47457486.48800104
47461575.41321793
47465664.6907356
47469754.3205844
47473844.30279479
47477934.63739693
47482025.32442128
47486116.36389831
47490207.75585817
47494299.50033135
47498391.59734821
47502484.04693914
47506576.8491346
47510670.00396478
47514763.51146016
47518857.37165113
47522951.58456807
47527046.15024147
47531141.06870154
47535236.33997876
47539331.964103535
47543427.94110626
47547524.27101745
47551620.9538673
47555717.989686325
47559815.378505036
47563913.12035365
47568011.215262674
47572109.66326254
47576208.46438366
47580307.61865657
47584407.12611149
47588506.98677895
47592607.20068939
47596707.767873235
47600808.68836102
47604909.962183
47609011.589369714
47613113.5699516
47617215.90395912
47621318.5914228
47625421.63237292
47629525.02684003
47633628.774854675
47637732.87644704
47641837.33164797
47645942.14048763
47650047.30299661
47654152.81920546
47658258.68914447
47662364.91284421
47666471.49033516
47670578.42164781
47674685.70681273
47678793.34586022
47682901.33882087
47687009.68572517
47691118.386603616
47695227.4414868
47699336.85040504
47703446.61338892
47707556.73046896
47711667.20167566
47715778.02703964
47719889.20659121
47724000.74036098
47728112.62837958
47732224.87067733
47736337.46728485
47740450.41823267
47744563.72355132
47748677.383271426
47752791.397423334
47756905.76603768
47761020.489144996
47765135.566775836
47769250.99896083
47773366.78573034
47777482.927115016
47781599.423145406
47785716.27385207
47789833.47926567
47793951.03941656
47798068.95433541
47802187.22405287
47806305.84859934
47810424.82800546
47814544.16230183
47818663.85151902
47822783.8956877
47826904.29483826
47831025.04900139
47835146.15820767
47839267.62248769
47843389.44187214
47847511.616391435
47851634.146076255
47855757.03095721
47859880.27106489
47864003.866430014
47868127.81708299
47872252.12305453
47876376.78437534
47880501.801075846
47884627.17318676
47888752.90073871
47892878.98376232
47897005.422288306
47901132.21634712
47905259.36596948
47909386.87118602
47913514.73202738
47917642.948524304
47921771.520707235
47925900.448606916
47930029.732254
47934159.371679135
47938289.366913065
47942419.71798626
47946550.42492948
47950681.48777348
47954812.90654872
47958944.68128598
47963076.81201592
47967209.29876921
47971342.14157663
47975475.34046867
47979608.89547608
47983742.80662957
47987877.07395981
47992011.6974976
47996146.67727342
48000282.01331807
48004417.70566224
48008553.75433663
48012690.159372054
48016826.920799
48020964.03864828
48025101.5129507
48029239.343736686
48033377.53103733
48037516.07488307
48041654.975304715
48045794.23233309
48049933.84599872
48054073.81633243
48058214.14336495
48062354.82712702
48066495.86764947
48070637.264962845
48074779.01909798
48078921.13008561
48083063.5979565
48087206.42274149
48091349.60447113
48095493.14317628
48099637.03888769
48103781.29163612
48107925.90145244
48112070.8683672
48116216.19241128
48120361.873615555
48124507.91201059
48128654.30762725
48132801.06049633
48136948.170648605
48141095.63811496
48145243.46292597
48149391.645112544
48153540.18470546
48157689.08173551
48161838.33623359
48165987.94823031
48170137.91775657
48174288.24484317
48178438.92952091
48182589.97182072
48186741.37177319
48190893.12940925
48195045.24475982
48199197.717855506
48203350.548727244
48207503.73740585
48211657.283922166
48215811.188307114
48219965.450591326
48224120.07080574
48228275.048981205
48232430.38514855
48236586.07933872
48240742.13158238
48244898.541910455
48249055.31035381
48253212.4369433
48257369.92170988
48261527.764684215
48265685.96589726
48269844.52537999
48274003.443163075
48278162.71927747
48282322.353754066
48286482.34662373
48290642.69791745
48294803.407665886
48298964.475900054
48303125.90265082
48307287.68794907
48311449.831825815
48315612.33431173
48319775.19543783
48323938.41523501
48328101.993734166
48332265.93096631
48336430.22696215
48340594.88175269
48344759.895368956
48348925.26784156
48353090.99920181
48357257.08948035
48361423.53870818
48365590.34691634
48369757.514135554
48373925.04039687
48378092.9257312
48382261.170169495
48386429.773742795
48390598.73648184
48394768.05841767
48398937.73958124
48403107.78000351
48407278.17971552
48411448.93874803
48415620.0571321
48419791.53489879
48423963.37207877
48428135.5687034
48432308.12480335
48436481.04040969
48440654.31555351
48444827.95026557
48449001.94457696
48453176.29851866
48457351.012121655
48461526.08541703
48465701.51843559
48469877.31120841
48474053.4637665
48478229.97614086
48482406.84836257
48486584.08046246
48490761.672471635
48494939.62442109
48499117.936341844
48503296.60826501
48507475.64022142
48511655.03224217
48515834.7843584
48520014.89660093
48524195.36900089
48528376.20158931
48532557.39439723
48536738.94745577
48540920.86079579
48545103.134448424
48549285.76844471
48553468.7628157
48557652.117592536
48561835.83280609
48566019.9084875
48570204.34466782
48574389.141378134
48578574.29864958
48582759.81651304
48586945.69499967
48591131.93414065
48595318.533966854
48599505.49450946
48603692.81579954
48607880.49786818
48612068.54074656
48616256.94446558
48620445.709056415
48624634.834550165
48628824.320977926
48633014.168370895
48637204.37675997
48641394.94617636
48645585.87665116
48649777.16821549
48653968.82090055
48658160.83473727
48662353.20975686
48666545.94599053
48670739.04346921
48674932.50222413
48679126.32228641
48683320.50368719
48687515.046457686
48691709.95062884
48695905.2162319
48700100.843297996
48704296.83185828
48708493.18194398
48712689.89358607
48716886.966815785
48721084.40166429
48725282.198162735
48729480.356342375
48733678.87623418
48737877.757869415
48742077.00127935
48746276.606494844
48750476.57354748
48754676.90246813
48758877.59328808
48763078.6460386
48767280.06075068
48771481.8374556
48775683.97618456
48779886.47696874
48784089.33983945
48788292.56482768
48792496.15196472
48796700.101281784
48800904.41281007
48805109.086580895
48809314.12262527
48813519.520974495
48817725.28165989
48821931.404712394
48826137.8901636
48830344.73804445
48834551.94838627
48838759.52122037
48842967.45657781
48847175.75448991
48851384.414987914
48855593.43810305
48859802.82386667
48864012.57230983
48868222.68346386
48872433.15736002
48876643.99402956
48880855.193503834
48885066.75581391
48889278.68099115
48893490.96906681
48897703.62007216
48901916.63403858
48906130.01099713
48910343.750979185
48914557.85401613
48918772.32013905
48922987.14937931
48927202.34176822
48931417.89733705
48935633.8161172
48939850.098139755
48944066.74343612
48948283.7520376
48952501.123975486
48956718.85928119
48960936.95798582
48965155.42012078
48969374.24571739
48973593.434806965
48977812.98742092
48982032.90359037
48986253.18334675
48990473.82672149
48994694.8337457
48998916.20445083
49003137.93886821
49007360.03702918
49011582.49896517
49015805.32470733
49020028.5142871
49024252.067735836
49028475.985084884
49032700.2663657
49036924.91160944
49041149.920847565
49045375.29411143
49049601.031432405
49053827.13284195
49058053.598371245
49062280.428051755
49066507.62191496
49070735.179992035
49074963.10231446
49079191.38891362
49083420.0398209
49087649.05506779
49091878.434685476
49096108.17870546
49100338.28715914
49104568.7600779
49108799.59749326
49113030.79943642
49117262.36593889
49121494.297032066
49125726.592747375
49129959.253116325
49134192.278170146
49138425.66794034
49142659.422458455
49146893.541755594
49151128.0258636
49155362.87481361
49159598.08863714
49163833.66736575
49168069.61103066
49172305.91966342
49176542.593295485
49180779.63195829
49185017.03568339
49189254.80450204
49193492.9384458
49197731.43754612
49201970.30183447
49206209.53134241
49210449.12610121
49214689.086142436
49218929.41149767
49223170.10219807
49227411.15827553
49231652.57976123
49235894.36668674
49240136.519083664
49244379.036983274
49248621.920417175
49252865.16941685
49257108.78401381
49261352.76423964
49265597.11012565
49269841.82170345
49274086.89900454
49278332.34206043
49282578.15090274
49286824.32556278
49291070.86607218
49295317.77246244
49299565.0447651
49303812.68301179
49308060.68723383
49312309.057462856
49316557.793730505
49320806.8960681
49325056.36450731
49329306.199079655
49333556.39981669
49337806.96675006
49342057.89991113
49346309.19933153
49350560.86504283
49354812.89707659
49359065.29546447
49363318.06023784
49367571.19142836
49371824.68906761
49376078.553187154
49380332.78381867
49384587.38099354
49388842.34474344
49393097.67510006
49397353.37209478
49401609.4357593
49405865.866125196
49410122.66322408
49414379.82708764
49418637.35774727
49422895.255234696
49427153.5195815
49431412.1508193
49435671.148979805
49439930.514094435
49444190.24619491
49448450.34531283
49452710.81147983
49456971.64472764
49461232.84508768
49465494.41259167
49469756.34727137
49474018.649158195
49478281.318283886
49482544.35468009
49486807.75837845
49491071.52941071
49495335.667808324
49499600.173603036
49503865.046826504
49508130.28751039
49512395.89568645
49516661.87138615
49520928.21464125
49525194.92548342
49529462.00394434
49533729.45005577
49537997.263849206
49542265.445356406
49546533.99460916
49550802.91163886
49555072.19647759
49559341.84915674
49563611.86970809
49567882.25816346
49572153.01455433
49576424.13891251
49580695.63126969
49584967.4916576
49589239.72010803
49593512.31665251
49597785.28132283
49602058.61415073
49606332.31516792
49610606.38440623
49614880.82189718
49619155.62767259
49623430.80176421
49627706.34420376
49631982.25502309
49636258.534253724
49640535.18192752
49644812.1980763
49649089.582731634
49653367.33592537
49657645.45768925
49661923.94805504
49666202.80705459
49670482.03471947
49674761.63108153
49679041.59617256
49683321.9300243
49687602.63266865
49691883.70413718
49696165.14446175
49700446.95367415
49704729.13180617
49709011.6788897
49713294.59495631
49717577.880037904
49721861.53416638
49726145.55737332
49730429.94969063
49734714.711150125
49738999.8417836
49743285.341622956
49747571.21069982
49751857.44904609
49756144.056693584
49760431.033674136
49764718.38001965
49769006.09576176
49773294.18093239
49777582.635563366
49781871.45968653
49786160.65333381
49790450.21653685
49794740.14932758
49799030.45173796
49803321.12379962
49807612.165544525
49811903.57700451
49816195.35821144
49820487.50919727
49824780.02999366
49829072.92063257
49833366.18114588
49837659.81156543
49841953.81192322
49846248.1822509
49850542.92258047
49854838.03294379
49859133.51337275
49863429.36389934
49867725.58455524
49872022.17537244
49876319.13638293
49880616.46761841
49884914.16911089
49889212.24089225
49893510.6829944
49897809.495449364
49902108.67828883
49906408.23154482
49910708.15524925
49915008.44943404
49919309.114131205
49923610.149372466
49927911.55518985
49932213.331615284
49936515.478680715
49940817.996418156
49945120.88485936
49949424.14403636
49953727.7739812
49958031.77472552
49962336.14630167
49966640.88874131
49970946.002076484
49975251.48633925
49979557.34156137
49983863.5677749
49988170.16501181
49992477.13330406
49996784.472683735
50001092.18318259
50005400.26483271
50009708.717666075
50014017.54171467
50018326.73701056
50022636.30358555
50026946.24147172
50031256.55070107
50035567.231305584
50039878.283317365
50044189.706768215
50048501.50169024
50052813.668115534
50057126.20607592
50061439.1156035
50065752.39673029
50070066.049488306
50074380.07390968
50078694.47002621
50083009.237870045
50087324.3774732
50091639.888867706
50095955.7720857
50100272.02715901
50104588.6541198
50108905.65300008
50113223.02383191
50117540.766647436
50121858.88147851
50126177.368357286
50130496.22731591
50134815.45838625
50139135.06160046
50143455.036990605
50147775.384588756
50152096.104427084
50156417.19653746
50160738.66095205
50165060.497702934
50169382.7068222
50173705.28834203
50178028.242294304
50182351.568711214
50186675.267624855
50190999.33906732
50195323.783070795
50199648.59966719
50203973.78888871
50208299.35076755
50212625.28533563
50216951.592625156
50221278.272668235
50225605.325496994
50229932.75114365
50234260.54964011
50238588.72101862
50242917.2653113
50247246.182550274
50251575.47276778
50255905.13599575
50260235.17226643
50264565.58161195
50268896.36406447
50273227.51965622
50277559.04841916
50281890.95038554
50286223.225587614
50290555.874057345
50294888.89582698
50299222.2909287
50303556.05939466
50307890.20125713
50312224.716548085
50316559.60529979
50320894.86754444
50325230.503314205
50329566.51264137
50333902.89555791
50338239.65209613
50342576.78228821
50346914.28616635
50351252.16376284
50355590.41510969
50359929.040239185
50364268.03918365
50368607.411974974
50372947.15864579
50377287.27922799
50381627.7737539
50385968.642255835
50390309.88476582
50394651.501316175
50398993.491939135
50403335.85666693
50407678.59553188
50412021.70856604
50416365.19580173
50420709.0572712
50425053.29300669
50429397.90304055
50433742.88740483
50438088.24613188
50442433.979253955
50446780.08680332
50451126.56881232
50455473.42531303
50459820.65633781
50464168.261919044
50468516.24208879
50472864.596879415
50477213.32632321
50481562.43045245
50485911.90929952
50490261.76289651
50494611.991275795
50498962.594469674
50503313.57251044
50507664.9254305
50512016.65326193
50516368.75603715
50520721.23378847
50525074.08654818
50529427.314348705
50533780.91722215
50538134.89520094
50542489.24831748
50546843.97660391
50551199.08009264
50555554.55881599
50559910.41280632
50564266.642096035
50568623.24671729
50572980.226702504
50577337.58208403
50581695.31289421
50586053.4191655
50590411.90093003
50594770.75822027
50599129.991068564
50603489.59950728
50607849.58356887
50612209.9432855
50616570.678689644
50620931.789813764
50625293.27669003
50629655.13935091
50634017.3778288
50638379.992156066
50642742.9823652
50647106.34848838
50651470.090558104
50655834.20860676
50660198.70266673
50664563.57277053
50668928.81895034
50673294.44123869
50677660.439667955
50682026.81427056
50686393.56507902
50690760.69212554
50695128.19544263
50699496.075062834
50703864.33101834
50708232.963341706
50712601.97206534
50716971.35722167
50721341.11884325
50725711.2569623
50730081.771611355
50734452.662822865
50738823.930629276
50743195.57506314
50747567.59615669
50751939.99394249
50756312.768452995
50760685.91972066
50765059.44777805
50769433.35265744
50773807.63439137
50778182.29301243
50782557.32855278
50786932.74104532
50791308.5305222
50795684.69701601
50800061.24055934
50804438.16118447
50808815.45892399
50813193.13381039
50817571.185876176
50821949.61515393
50826328.421675965
50830707.60547488
50835087.16658317
50839467.10503337
50843847.42085807
50848228.114089586
50852609.18476055
50856990.63290346
50861372.458550856
50865754.66173536
50870137.2424893
50874520.2008453
50878903.536836006
50883287.25049375
50887671.34185117
50892055.8109408
50896440.657795206
50900825.88244703
50905211.48492861
50909597.4652726
50913983.82351157
50918370.55967808
50922757.67380478
50927145.16592404
50931533.03606853
50935921.284270816
50940309.91056348
50944698.91497919
50949088.29755033
50953478.05830957
50957868.197289616
50962258.71452283
50966649.610041924
50971040.88387948
50975432.5360681
50979824.566640474
50984216.97562901
50988609.76306641
50993002.92898528
50997396.473418236
51001790.396397986
51006184.69795694
51010579.37812783
51014974.43694326
51019369.87443587
51023765.69063838
51028161.885583214
51032558.45930311
51036955.41183081
51041352.74319874
51045750.453439645
51050148.54258617
51054547.01067095
51058945.85772677
51063345.08378603
51067744.688881524
51072144.673045896
51076545.03631181
51080945.77871203
51085346.900279015
51089748.40104554
51094150.28104427
51098552.54030789
51102955.178869165
51107358.19676059
51111761.59401493
51116165.37066499
51120569.52674325
51124974.062282495
51129378.977315426
51133784.27187474
51138189.94599324
51142595.99970342
51147002.43303809
51151409.24602996
51155816.43871174
51160224.011116244
51164631.96327599
51169040.295223795
51173449.006992385
51177858.09861448
51182267.57012291
51186677.421550214
51191087.65292921
51195498.264292754
51199909.25567326
51204320.627103895
51208732.37861709
51213144.5102457
51217557.022022575
51221969.91398026
51226383.18615162
51230796.83856941
51235210.87126639
51239625.284275435
51244040.0776291
51248455.25136026
51252870.80550169
51257286.74008617
51261703.05514657
51266119.75071547
51270536.82682577
51274954.283510245
51279372.12080169
51283790.33873299
51288208.93733675
51292627.91664586
51297047.27669324
51301467.01751147
51305887.13913347
51310307.64159205
51314728.52492002
51319149.7891503
51323571.434315495
51327993.46044854
51332415.86758226
51336838.65574948
51341261.82498312
51345685.37531582
51350109.30678052
51354533.619410045
51358958.31323725
51363383.38829508
51367808.84461617
51372234.68223347
51376660.90117994
51381087.50148823
51385514.4831913
51389941.84632201
51394369.59091323
51398797.71699792
51403226.22460875
51407655.11377869
51412084.38454062
51416514.03692741
51420944.070972055
51425374.486707225
51429805.28416591
51434236.46338101
51438668.0243854
51443099.96721209
51447532.29189376
51451964.99846342
51456398.08695409
51460831.557398446
51465265.40982951
51469699.6442802
51474134.26078343
51478569.25937221
51483004.64007927
51487440.40293761
51491876.54798019
51496313.07523991
51500749.984749824
51505187.276542656
51509624.95065144
51514063.00710911
51518501.44594863
51522940.26720304
51527379.47090508
51531819.0570878
51536259.02578427
51540699.377027124
51545140.110849746
51549581.22728478
51554022.726365305
51558464.60812439
51562906.87259479
51567349.519809596
51571792.549801774
51576235.962604314
51580679.7582503
51585123.93677251
51589568.49820403
51594013.442577854
51598458.76992698
51602904.48028451
51607350.57368323
51611797.05015625
51616243.909736685
51620691.15245722
51625138.77835129
51629586.7874516
51634035.179791264
51638483.9554034
51642933.114320844
51647382.65657671
51651832.58220402
51656282.89123581
51660733.58370524
51665184.65964511
51669636.119088575
51674087.96206868
51678540.18861846
51682992.79877108
51687445.79255938
51691899.17001651
51696352.93117554
51700807.07606951
51705261.60473161
51709716.51719468
51714171.8134919
51718627.49365645
51723083.55772118
51727540.00571929
51731996.83768384
51736454.05364793
51740911.65364474
51745369.637707144
51749828.00586835
51754286.75816145
51758745.89461953
51763205.415275805
51767665.32016316
51772125.609314814
51776586.282763876
51781047.34054344
51785508.78268674
51789970.60922668
51794432.82019649
51798895.41562939
51803358.39555828
51807821.76001643
51812285.509036936
51816749.64265295
51821214.16089771
51825679.06380414
51830144.3514055
51834610.02373493
51839076.08082557
51843542.52271068
51848009.34942321
51852476.56099641
51856944.15746345
51861412.1388575
51865880.50521181
51870349.25655934
51874818.39293338
51879287.91436721
51883757.82089378
51888228.112546384
51892698.789358206
51897169.85136242
51901641.29859234
51906113.131080925
51910585.34886149
51915057.951967224
51919530.94043133
51924004.3142871
51928478.07356756
51932952.218306
51937426.748535626
51941901.664289676
51946376.96560145
51950852.65250397
51955328.72503056
51959805.18321454
51964282.027088836
51968759.2566871
51973236.87204224
51977714.87318761
51982193.26015655
51986672.03298208
51991151.19169757
51995630.73633626
52000110.6669314
52004590.98351634
52009071.686124146
52013552.77478817
52018034.24954168
52022516.11041793
52026998.357450314
52031480.99067187
52035964.010115996
52040447.41581607
52044931.20780504
52049415.386116624
52053899.9507838
52058384.901839934
52062870.23931845
52067355.963252425
52071842.073675245
52076328.57062023
52080815.45412067
52085302.72420999
52089790.38092127
52094278.42428793
52098766.854343295
52103255.67112068
52107744.874653496
52112234.46497487
52116724.44211823
52121214.8061169
52125705.55700421
52130196.69481362
52134688.21957822
52139180.13133148
52143672.43010685
52148165.11593746
52152658.18885675
52157151.648898095
52161645.49609483
52166139.73048043
52170634.35208804
52175129.360951126
52179624.75710306
52184120.5405772
52188616.71140704
52193113.26962573
52197610.21526675
52202107.54836349
52206605.26894933
52211103.37705777
52215601.87272197
52220100.75597543
52224600.02685167
52229099.68538385
52233599.7316055
52238100.16555
52242600.987250775
52247102.196741335
52251603.79405487
52256105.77922492
52260608.152284876
52265110.913268186
52269614.06220836
52274117.599138625
52278621.5240925
52283125.837103434
52287630.538204856
52292135.62743031
52296641.104813024
52301146.97038654
52305653.22418443
52310159.86623991
52314666.89658655
52319174.3152578
52323682.122287124
52328190.31770808
52332698.90155393
52337207.873858236
52341717.23465448
52346226.98397612
52350737.12185675
52355247.64832962
52359758.56342834
52364269.867186375
52368781.55963722
52373293.640814476
52377806.110751405
52382318.969481625
52386832.217038736
52391345.853455916
52395859.8787671
52400374.29300548
52404889.09620466
52409404.28839827
52413919.86961961
52418435.8399023
52422952.19927986
52427468.947785825
52431986.08545382
52436503.61231717
52441021.5284095
52445539.83376437
52450058.52841529
52454577.61239593
52459097.08573961
52463616.948479995
52468137.20065062
52472657.842285044
52477178.873416945
52481700.29407965
52486222.104306825
52490744.304132156
52495266.89358899
52499789.87271101
52504313.241531774
52508837.00008488
52513361.148404
52517885.686522506
52522410.61447409
52526935.932292335
52531461.64001084
52535987.7376633
52540514.2252831
52545041.10290395
52549568.37055944
52554096.028283186
52558624.0761089
52563152.51406999
52567681.34220016
52572210.56053314
52576740.16910234
52581270.16794148
52585800.557084195
52590331.336564116
52594862.50641497
52599394.06667019
52603926.0173635
52608458.35852856
52612991.09019901
52617524.21240859
52622057.72519075
52626591.62857924
52631125.92260772
52635660.60730984
52640195.68271937
52644731.14886977
52649267.00579479
52653803.25352824
52658339.89210354
52662876.9215545
52667414.34191478
52671952.15321807
52676490.355498165
52681028.94878852
52685567.933122955
52690107.308535144
52694647.07505879
52699187.23272769
52703727.781575345
52708268.72163555
52712810.05294203
52717351.775528476
52721893.88942872
52726436.39467625
52730979.291304916
52735522.57934853
52740066.25884059
52744610.329814956
52749154.792305335
52753699.646345474
52758244.89196922
52762790.52921008
52767336.558101915
52771882.97867847
52776429.79097349
52780976.99502083
52785524.590854034
52790072.57850696
52794620.95801337
52799169.72940702
52803718.892721795
52808268.44799124
52812818.39524923
52817368.73452966
52821919.46586596
52826470.58929236
52831022.10484232
52835574.01254972
52840126.312448464
52844679.00457212
52849232.088954605
52853785.5656297
52858339.43463121
52862893.69599305
52867448.349748805
52872003.3959324
52876558.834577635
52881114.665718324
52885670.889388405
52890227.50562147
52894784.51445146
52899341.91591219
52903899.7100375
52908457.89686132
52913016.47641728
52917575.44873931
52922134.81386138
52926694.57181709
52931254.722640425
52935815.26636521
52940376.20302531
52944937.53265468
52949499.25528698
52954061.37095615
52958623.87969608
52963186.781540625
52967750.07652376
52972313.76467915
52976877.84604078
52981442.32064251
52986007.18851825
52990572.449701965
52995138.10422734
52999704.152128376
53004270.59343907
53008837.42819311
53013404.656424485
53017972.278167106
53022540.29345488
53027108.70232183
53031677.50480163
53036246.70092832
53040816.29073581
53045386.27425802
53049956.65152898
53054527.422582395
53059098.587452315
53063670.14617265
53068242.098777354
53072814.44530047
53077387.185775705
53081960.32023712
53086533.84871878
53091107.77125439
53095682.08787804
53100256.798623666
53104831.90352523
53109407.40261681
53113983.29593214
53118559.58350529
53123136.26537024
53127713.34156097
53132290.81211154
53136868.67705573
53141446.93642762
53146025.590261206
53150604.63859046
53155184.08144949
53159763.91887206
53164344.15089229
53168924.777544275
53173505.7988618
53178087.214878984
53182669.02562983
53187251.231148355
53191833.83146867
53196416.82662458
53201000.21665021
53205584.00157958
53210168.18144672
53214752.75628577
53219337.72613054
53223923.09101516
53228508.85097368
53233095.00604013
53237681.55624868
53242268.50163314
53246855.84222767
53251443.57806643
53256031.70918315
53260620.235612325
53265209.15738768
53269798.4745434
53274388.18711365
53278978.29513228
53283568.79863348
53288159.69765131
53292750.99221986
53297342.682373315
53301934.76814555
53306527.249570735
53311120.12668299
53315713.39951638
53320307.06810513
53324901.13248312
53329495.592684545
53334090.448743515
53338685.70069414
53343281.34857064
53347877.3924069
53352473.83223716
53357070.66809564
53361667.90001624
53366265.528033204
53370863.55218065
53375461.97249271
53380060.789003626
53384660.00174732
53389259.61075804
53393859.61606992
53398460.01771712
53403060.81573389
53407662.01015416
53412263.60101219
53416865.588342145
53421467.97217818
53426070.75255458
53430673.92950527
53435277.50306455
53439881.47326668
53444485.84014563
53449090.60373569
53453695.76407103
53458301.32118584
53462907.27511441
53467513.62589072
53472120.37354906
53476727.51812363
53481335.059648626
53485942.998158365
53490551.333686836
53495160.06626834
53499769.1959371
53504378.72272732
53508988.64667334
53513598.96780914
53518209.68616906
53522820.801787436
53527432.31469828
53532044.22493593
53536656.532534614
53541269.23752857
53545882.33995215
53550495.83983938
53555109.7372246
53559724.03214208
53564338.724626064
53568953.81471091
53573569.30243065
53578185.187819675
53582801.470912226
53587418.151742585
53592035.230345115
53596652.70675389
53601270.58100327
53605888.853127666
53610507.52316112
53615126.59113804
53619746.057092704
53624365.92105941
53628986.183072545
53633606.8431662
53638227.90137478
53642849.35773258
53647471.21227391
53652093.46503319
53656716.1160445
53661339.16534227
53665962.61296082
53670586.45893446
53675210.70329764
53679835.34608444
53684460.38732932
53689085.827066705
53693711.66533061
53698337.9021558
53702964.5375763
53707591.57162656
53712219.00434102
53716846.83575383
53721475.06589944
53726103.6948122
53730732.72252648
53735362.149076745
53739991.97449714
53744622.19882213
53749252.82208611
53753883.84432343
53758515.26556858
53763147.08585572
53767779.30521935
53772411.92369384
53777044.94131359
53781678.35811309
53786312.17412652
53790946.38938838
53795581.003933184
53800216.017795116
53804851.43100869
53809487.2436083
53814123.45562838
53818760.067103446
53823397.07806768
53828034.48855563
53832672.29860172
53837310.50824036
53841949.117506094
53846588.12643315
53851227.53505605
53855867.34340924
53860507.551527165
53865148.15944438
53869789.167195104
53874430.574813895
53879072.38233533
53883714.58979363
53888357.197223365
53893000.20465901
53897643.61213501
53902287.41968595
53906931.62734609
53911576.23515
53916221.24313217
53920866.651327066
53925512.45976928
53930158.66849309
53934805.277533084
53939452.28692375
53944099.6966996
53948747.506895214
53953395.7175449
53958044.32868325
53962693.34034489
53967342.75256411
53971992.56537552
53976642.77881365
53981293.39291301
53985944.40770824
53990595.823233634
53995247.63952383
53999899.85661335
54004552.47453675
54009205.49332865
54013858.91302339
54018512.7336556
54023166.95525985
54027821.57787067
54032476.60152272
54037132.02625034
54041787.8520882
54046444.07907096
54051100.70723297
54055757.7366089
54060415.167233326
54065072.99914081
54069731.23236604
54074389.866943374
54079048.90290751
54083708.34029302
54088368.179134496
54093028.41946664
54097689.061323814
54102350.10474073
54107011.54975198
54111673.39639218
54116335.64469604
54120998.29469793
54125661.3464326
54130324.799934745
54134988.65523866
54139652.912379414
54144317.571391284
54148982.63230902
54153648.09516735
54158313.96000069
54162980.226843774
54167646.89573125
54172313.96669776
54176981.43977805
54181649.31500655
54186317.592418015
54190986.272047095
54195655.353928454
54200324.83809686
54204994.72458674
54209665.01343288
54214335.704669945
54219006.7983326
54223678.29445564
54228350.1930735
54233022.494220994
54237695.1979329
54242368.30424368
54247041.813188136
54251715.72480095
54256390.03911684
54261064.75617059
54265739.87599669
54270415.39862995
54275091.32410507
54279767.65245677
54284444.38371986
54289121.517928846
54293799.05511855
54298476.995323695
54303155.338579
54307834.0849193
54312513.23437912
54317192.78699329
54321872.74279666
54326553.10182374
54331233.86410939
54335915.02968835
54340596.59859537
54345278.57086532
54349960.94653272
54354643.72563244
54359326.90819924
54364010.49426789
54368694.483873256
54373378.877049886
54378063.67383267
54382748.87425637
54387434.47835578
54392120.486165784
54396806.89772094
54401493.71305615
54406180.93220631
54410868.55520599
54415556.58209011
54420245.01289345
54424933.847650826
54429623.08639715
54434312.729167
54439002.77599531
54443693.22691688
54448384.081966534
54453075.3411792
54457767.00458948
54462459.07223232
54467151.54414254
54471844.42035496
54476537.70090454
54481231.385825895
54485925.475153975
54490619.96892373
54495314.86716968
54500010.16992711
54504705.877230555
54509401.98911496
54514098.50561532
54518795.426766254
54523492.75260274
54528190.48315966
54532888.61847187
54537587.15857436
54542286.10350178
54546985.45328913
54551685.20797128
54556385.36758313
54561085.93215968
54565786.901735574
54570488.27634585
54575190.0560255
54579892.24080909
54584594.83073197
54589297.82582872
54594001.22613436
54598705.03168391
54603409.242512055
54608113.858653836
54612818.88014417
54617524.30701799
54622230.13931033
54626936.37705589
54631643.02028973
54636350.06904677
54641057.523361966
54645765.38327036
54650473.64880668
54655182.32000599
54659891.39690324
54664600.87953338
54669310.767931476
54674021.062132284
54678731.76217086
54683442.868082285
54688154.37990132
54692866.29766303
54697578.621402405
54702291.351154424
54707004.486954175
54711718.028836414
54716431.97683626
54721146.33098868
54725861.09132869
54730576.25789138
54735291.830711536
54740007.80982427
54744724.1952646
54749440.98706752
54754158.185268156
54758875.7899013
54763593.80100209
54768312.21860565
54773031.04274679
54777750.273460634
54782469.910782225
54787189.9547466
54791910.405388884
54796631.26274392
54801352.52684684
54806074.19773271
54810796.27543656
54815518.75999357
54820241.65143855
54824964.94980668
54829688.65513303
54834412.76745265
54839137.28680073
54843862.2132121
54848587.54672196
54853313.28736548
54858039.435177535
54862765.9901933
54867492.95244788
54872220.321976334
54876948.09881389
54881676.28299541
54886404.8745561
54891133.873531066
54895863.2799554
54900593.09386433
54905323.31529273
54910053.94427583
54914784.98084876
54919516.42504661
54924248.27690463
54928980.53645771
54933713.203741096
54938446.278790034
54943179.76163931
54947913.65232452
54952647.95088045
54957382.657342374
54962117.77174554
54966853.294124864
54971589.224515624
54976325.562952965
54981062.30947204
54985799.46410813
54990537.02689618
54995274.99787145
55000013.37706913
55004752.16452437
55009491.360272475
55014230.9643484
55018970.97678742
55023711.39762485
55028452.226895526
55033193.464635104
55037935.11087843
55042677.16566082
55047419.62901758
55052162.500983685
55056905.781594455
55061649.470885105
55066393.56889085
55071138.075647
55075882.99118856
55080628.315550864
55085374.04876913
55090120.19087859
55094866.741914585
55099613.70191213
55104361.07090656
55109108.848933116
55113857.036027044
55118605.63222371
55123354.637558125
55128104.052065656
55132853.87578167
55137604.1087412
55142354.75097962
55147105.802532196
55151857.26343419
55156609.13372097
55161361.41342761
55166114.10258949
55170867.20124188
55175620.70942006
55180374.62715945
55185128.95449508
55189883.691462375
55194638.838096626
55199394.39443312
55204150.36050728
55208906.73635418
55213663.52200924
55218420.71750788
55223178.32288518
55227936.33817658
55232694.76341739
55237453.59864294
55242212.843888655
55246972.49918964
55251732.56458134
55256493.0400991
55261253.92577823
55266015.22165421
55270776.927762136
55275539.04413748
55280301.570815586
55285064.5078318
55289827.85522159
55294591.6130201
55299355.78126279
55304120.35998514
55308885.3492223
55313650.74900975
55318416.55938285
55323182.780376986
55327949.41202765
55332716.45437
55337483.90743953
55342251.77127162
55347020.045901686
55351788.73136521
55356557.827697374
55361327.33493369
55366097.25310956
55370867.58226039
55375638.322421715
55380409.47362871
55385181.035916895
55389953.009321816
55394725.39387855
55399498.189622976
55404271.39659019
55409045.01481572
55413819.04433512
55418593.4851836
55423368.33739671
55428143.601009905
55432919.27605862
55437695.36257843
55442471.86060455
55447248.77017254
55452026.09131788
55456803.82407601
55461581.968482524
55466360.524572656
55471139.49238199
55475918.87194611
55480698.66330016
55485478.86648007
55490259.48152098
55495040.508458495
55499821.94732821
55504603.798165396
55509386.06100566
55514168.735884495
55518951.82283741
55523735.32190002
55528519.233107604
55533303.556495786
55538088.29210007
55542873.439955994
55547659.000099175
55552444.97256491
55557231.357388854
55562018.154606506
55566805.364253424
55571592.986365244
55576381.02097728
55581169.46812518
55585958.32784461
55590747.600170895
55595537.28513968
55600327.382786535
55605117.893147014
55609908.81625678
55614700.152151175
55619491.900865875
55624284.062436454
55629076.63689849
55633869.62428765
55638663.02463929
55643456.83798912
55648251.06437272
55653045.70382566
55657840.756383665
55662636.222082086
55667432.10095663
55672228.39304303
55677025.09837664
55681822.21699319
55686619.74892828
55691417.69421753
55696216.05289666
55701014.825001076
55705814.010566495
55710613.60962855
55715413.62222286
55720214.04838518
55725014.88815091
55729816.141555786
55734617.80863547
55739419.88942559
55744222.383961916
55749025.292279854
55753828.614415176
55758632.35040365
55763436.500280716
55768241.06408213
55773046.04184356
55777851.433600694
55782657.239389285
55787463.459244795
55792270.093203016
55797077.14129962
55801884.60357028
55806692.48005082
55811500.77077668
55816309.475783676
55821118.595107496
55825928.12878384
55830738.076848514
55835548.43933701
55840359.21628513
55845170.40772872
55849982.01370313
55854794.034244545
55859606.469388336
55864419.31917034
55869232.5836264
55874046.262792006
55878860.35670301
55883674.86539515
55888489.78890417
55893305.1272659
55898120.88051587
55902937.04868995
55907753.631823875
55912570.62995341
55917388.04311441
55922205.87134241
55927024.1146733
55931842.77314284
55936661.84678678
55941481.33564103
55946301.23974112
55951121.55912294
55955942.2938224
55960763.44387505
55965585.00931678
55970406.99018339
55975229.38651068
55980052.19833454
55984875.425690554
55989699.06861463
55994523.12714259
55999347.60131023
56004172.49115347
56008997.796707906
56013823.51800947
56018649.655093975
56023476.207997255
56028303.17675524
56033130.561403535
56037958.3619781
56042786.57851487
56047615.21104945
56052444.25961781
56057273.7242558
56062103.60499926
56066933.901884146
56071764.614946105
56076595.74422109
56081427.28974498
56086259.251553625
56091091.62968301
56095924.42416877
56100757.63504691
56105591.262353286
56110425.30612379
56115259.76639442
56120094.64320083
56124929.93657902
56129765.64656499
56134601.77319442
56139438.316503316
56144275.276527576
56149112.65330311
56153950.44686594
56158788.65725174
56163627.28449654
56168466.32863626
56173305.78970682
56178145.66774425
56182985.96278425
56187826.67486288
56192667.80401604
56197509.35027969
56202351.31368988
56207193.69428231
56212036.49209305
56216879.70715815
56221723.33951335
56226567.3891947
56231411.856238164
56236256.7406797
56241102.0425554
56245947.76190098
56250793.898752525
56255640.453146026
56260487.42511744
56265334.81470287
56270182.621938065
56275030.84685912
56279879.48950203
56284728.54990278
56289578.02809748
56294427.92412191
56299278.238012165
56304128.96980437
56308980.11953419
56313831.68723809
56318683.67295174
56323536.07671128
56328388.89855283
56333242.13851218
56338095.79662548
56342949.87292876
56347804.36745804
56352659.28024948
56357514.61133887
56362370.36076239
56367226.528556064
56372083.11475594
56376940.1193982
56381797.54251865
56386655.38415347
56391513.64433871
56396372.32311045
56401231.420504846
56406090.93655775
56410950.87130535
56415811.22478383
56420671.99702904
56425533.188077174
56430394.79796432
56435256.82672657
56440119.274400115
56444982.14102083
56449845.42662492
56454709.13124848
56459573.25492763
56464437.79769857
56469302.7595972
56474168.14065972
56479033.940922275
56483900.16042096
56488766.799192026
56493633.85727136
56498501.334695205
56503369.231499806
56508237.547721066
56513106.283395246
56517975.438558474
56522845.0132469
56527715.00749679
56532585.42134405
56537456.25482495
56542327.50797565
56547199.18083232
56552071.27343122
56556943.78580829
56561816.71799981
56566690.070041955
56571563.84197089
56576438.03382293
56581312.645634
56586187.67744042
56591063.12927847
56595939.00118413
56600815.2931937
56605692.00534337
56610569.13766935
56615446.69020794
56620324.66299514
56625203.05606725
56630081.8694605
56634961.10321109
56639840.75735537
56644720.83192931
56649601.326969266
56654482.24251146
56659363.578592114
56664245.33524759
56669127.51251389
56674010.110427365
56678893.12902438
56683776.568340935
56688660.42841341
56693544.70927806
56698429.41097113
56703314.53352899
56708200.076987684
56713086.04138359
56717972.42675296
56722859.23313208
56727746.46055734
56732634.10906478
56737522.1786908
56742410.66947167
56747299.581443705
56752188.91464329
56757078.66910648
56761968.84486971
56766859.44196937
56771750.46044143
56776641.90032266
56781533.76164901
56786426.04445692
56791318.74878281
56796211.87466277
56801105.422133245
56805999.391230546
56810893.781991005
56815788.59445106
56820683.82864684
56825579.48461477
56830475.56239119
56835372.062012464
56840268.98351504
56845166.32693503
56850064.092308916
56854962.27967305
56859860.88906378
56864759.92051759
56869659.37407062
56874559.249759346
56879459.54762026
56884360.2676895
56889261.41000356
56894162.97459882
56899064.961511664
56903967.3707786
56908870.20243578
56913773.45651971
56918677.13306679
56923581.23211343
56928485.75369613
56933390.69785107
56938296.06461478
56943201.85402367
56948108.06611416
56953014.70092277
56957921.7584857
56962829.238839485
56967737.14202067
56972645.468065456
56977554.217010394
56982463.38889192
56987372.98374647
56992283.00161061
56997193.442520544
57002104.30651285
57007015.593623966
57011927.30389036
57016839.437348604
57021751.99403493
57026664.97398592
57031578.37723803
57036492.203827746
57041406.45379165
57046321.127165996
57051236.22398737
57056151.74429238
57061067.68811728
57065984.055498675
57070900.84647306
57075818.06107693
57080735.6993469
57085653.76131925
57090572.247030586
57095491.15651743
57100410.48981629
57105330.2469638
57110250.42799624
57115171.03295026
57120092.06186237
57125013.51476911
57129935.39170712
57134857.69271271
57139780.41782252
57144703.56707322
57149627.14050112
57154551.13814288
57159475.56003504
57164400.40621418
57169325.676716946
57174251.37157968
57179177.49083906
57184104.03453164
57189031.002694
57193958.39536283
57198886.21257447
57203814.4543656
57208743.12077283
57213672.211832725
57218601.727582
57223531.668057
57228462.03329445
57233392.82333105
57238324.03820307
57243255.67794756
57248187.74260078
57253120.232199475
57258053.14678036
57262986.48637981
57267920.25103458
57272854.44078128
57277789.055656545
57282724.095697105
57287659.56093938
57292595.451420106
57297531.76717593
57302468.50824349
57307405.67465954
57312343.26646051
57317281.28368316
57322219.726364136
57327158.59454011
57332097.888247855
57337037.60752379
57341977.75240472
57346918.32292741
57351859.31912831
57356800.741044216
57361742.588711806
57366684.86216775
57371627.56144887
57376570.68659161
57381514.23763278
57386458.21460908
57391402.6175572
57396347.446513966
57401292.701515846
57406238.38259967
57411184.48980214
57416131.02315997
57421077.982710004
57426025.36848873
57430973.18053297
57435921.41887959
57440870.08356507
57445819.174626276
57450768.69209993
57455718.63602278
57460669.00643168
57465619.80336314
57470571.02685403
57475522.67694111
57480474.753661126
57485427.257050954
57490380.187147126
57495333.54398652
57500287.32760591
57505241.53804206
57510196.17533186
57515151.23951187
57520106.73061896
57525062.64869006
57530018.9937617
57534975.7658708
57539932.965054154
57544890.59134856
57549848.64479092
57554807.12541781
57559766.033266164
57564725.36837278
57569685.130774476
57574645.32050818
57579605.937610485
57584566.982118316
57589528.45406851
57594490.35349789
57599452.680443406
57604415.434941664
57609378.61702961
57614342.226744205
57619306.26412206
57624270.72920014
57629235.62201529
57634200.94260438
57639166.69100436
57644132.86725187
57649099.47138389
57654066.503437296
57659033.963448934
57664001.851455815
57668970.167494565
57673938.91160219
57678908.08381557
57683877.68417159
57688847.71270726
57693818.16945923
57698789.05446451
57703760.36776014
57708732.10938263
57713704.279369384
57718676.87775695
57723649.90458235
57728623.35988262
57733597.243694454
57738571.55605487
57743546.297000796
57748521.46656917
57753497.06479703
57758473.09172107
57763449.54737836
57768426.43180583
57773403.74504042
57778381.48711919
57783359.65807887
57788338.25795652
57793317.28678909
57798296.74461354
57803276.63146696
57808256.94738608
57813237.69240797
57818218.866569735
57823200.4699081
57828182.502460174
57833164.964262925
57838147.85535335
57843131.17576855
57848114.925545275
57853099.10472064
57858083.71333164
57863068.751415275
57868054.21900867
57873040.1161486
57878026.442872174
57883013.199216425
57888000.38521835
57892988.00091511
57897976.046343476
57902964.52154059
57907953.4265436
57912942.76138931
57917932.526114866
57922922.720757306
57927913.34535368
57932904.39994114
57937895.8845565
57942887.79923693
57947880.14401949
57952872.91894124
57957866.12403934
57962859.759350635
57967853.8249123
57972848.32076142
57977843.24693505
57982838.60347039
57987834.3904043
57992830.60777396
57997827.25561658
58002824.33396902
58007821.842868485
58012819.782352075
58017818.15245688
58022816.95322013
58027816.184678696
58032815.84686979
58037815.93983054
58042816.46359805
58047817.41820956
58052818.80370196
58057820.620112486
58062822.867478274
58067825.54583644
58072828.65522425
58077832.1956786
58082836.16723675
58087840.56993596
58092845.40381303
58097850.66890557
58102856.36525039
58107862.492884755
58112869.05184595
58117876.042170905
58122883.46389689
58127891.3170611
58132899.60170068
58137908.31785294
58142917.46555481
58147927.0448436
58152937.0557565
58157947.49833069
58162958.37260348
58167969.67861184
58172981.416393064
58177993.5859845
58183006.18742297
58188019.220746174
58193032.68599097
58198046.58319467
58203060.91239463
58208075.67362782
58213090.866931595
58218106.49234318
58223122.549899794
58228139.0396388
58233155.96159719
58238173.315812334
58243191.10232146
58248209.32116182
58253227.972370796
58258247.05598538
58263266.572042964
58268286.520580806
58273306.90163615
58278327.71524641
58283348.961448595
58288370.6402801
58293392.75177832
58298415.2959803
58303438.27292344
58308461.682645015
58313485.52518233
58318509.80057278
58323534.50885343
58328559.65006169
58333585.22423487
58338611.231410265
58343637.67162531
58348664.54491707
58353691.85132298
58358719.59088036
58363747.76362653
58368776.369598925
58373805.40883464
58378834.881371126
58383864.78724583
58388895.12649586
58393925.899158664
58398957.105271585
58403988.74487197
58409020.81799729
58414053.32468466
58419086.26497155
58424119.638895325
58429153.44649334
58434187.68780309
58439222.36286169
58444257.47170664
58449293.01437532
58454328.9909051
58459365.40133348
58464402.24569761
58469439.524035
58474477.236383155
58479515.38277923
58484553.96326075
58489592.9778651
58494632.42662969
58499672.30959206
58504712.62678937
58509753.37825915
58514794.56403883
58519836.18416581
58524878.23867765
58529920.727611534
58534963.65100501
58540007.0088955
58545050.801320456
58550095.02831744
58555139.68992363
58560184.786176614
58565230.31711396
58570276.28277274
58575322.68319092
58580369.51840558
58585416.7884543
58590464.493374676
58595512.63320392
58600561.20797965
58605610.217739314
58610659.66252041
58615709.54236052
58620759.857296914
58625810.60736717
58630861.792608805
58635913.4130593
58640965.46875627
58646017.95973699
58651070.88603906
58656124.24770013
58661178.04475735
58666232.277248695
58671286.945211336
58676342.04868291
58681397.58770106
58686453.56230307
58691509.9725266
58696566.818409175
58701624.09998833
58706681.81730172
58711739.97038666
58716798.55928081
58721857.58402172
58726917.04464694
58731976.94119415
58737037.27370066
58742098.042204164
58747159.24674222
58752220.8873524
58757282.96407239
58762345.47693953
58767408.42599152
58772471.811266065
58777535.6328005
58782599.89063253
58787664.58479977
58792729.71533978
58797795.28229031
58802861.2856887
58807927.72557268
58812994.60197986
58818061.91494785
58823129.664514385
58828197.85071684
58833266.47359295
58838335.533180356
58843405.02951667
58848474.96263964
58853545.33258667
58858616.13939551
58863687.38310392
58868759.063749306
58873831.18136944
58878903.73600196
58883976.72768452
58889050.156454906
58894124.02235053
58899198.325409174
58904273.06566851
58909348.24316619
58914423.85794003
58919499.91002746
58924576.39946627
58929653.32629414
58934730.69054876
58939808.492267944
58944886.731489144
58949965.40825017
58955044.522588834
58960124.074542604
58965204.06414931
58970284.49144665
58975365.35647235
58980446.65926423
58985528.39985977
58990610.57829682
58995693.1946131
59000776.24884633
59005859.741034366
59010943.67121471
59016028.03942521
59021112.8457036
59026198.090087645
59031283.772615194
59036369.893323764
59041456.452251226
59046543.44943546
59051630.88491386
59056718.758724675
59061807.07090531
59066895.82149366
59071985.01052762
59077074.63804471
59082164.70408284
59087255.20867979
59092346.15187335
59097437.533701435
59102529.35420158
59107621.61341172
59112714.311369635
59117807.44811314
59122901.023680165
59127995.038108274
59133089.49143539
59138184.38369946
59143279.71493794
59148375.485189125
59153471.69449049
59158568.34287998
59163665.43039554
59168762.95707478
59173860.92295564
59178959.328075975
59184058.172473624
59189157.45618656
59194257.179252386
59199357.341709085
59204457.94359451
59209558.98494653
59214660.46580311
59219762.386201896
59224864.74618087
59229967.54577792
59235070.7850309
59240174.46397783
59245278.58265634
59250383.14110445
59255488.13936017
59260593.57746114
59265699.45544538
59270805.773350805
59275912.5312153
59281019.729076914
59286127.366973296
59291235.44494249
59296343.9630224
59301452.92125097
59306562.31966622
59311672.15830585
59316782.4372079
59321893.156410314
59327004.31595101
59332115.91586807
59337227.956199184
59342340.436982416
59347453.35825584
59352566.72005717
59357680.52242448
59362794.76539572
59367909.449008875
59373024.57330201
59378140.138312854
59383256.14407951
59388372.59063995
59393489.47803215
59398606.80629421
59403724.57546388
59408842.78557927
59413961.43667837
59419080.528799176
59424200.0619798
59429320.036258005
59434440.45167192
59439561.30825968
59444682.60605904
59449804.345108144
59454926.525445014
59460049.14710766
59465172.21013424
59470295.71456253
59475419.66043068
59480544.04777674
59485668.876638725
59490794.14705482
59495919.85906281
59501046.01270088
59506172.60800706
59511299.64501942
59516427.12377613
59521555.04431502
59526683.40667426
59531812.210892044
59536941.457006074
59542071.14505493
59547201.2750763
59552331.847108394
59557462.86118942
59562594.31735722
59567726.21565
59572858.55610587
59577991.33876291
59583124.56365935
59588258.23083304
59593392.34032222
59598526.89216499
59603661.88639947
59608797.3230639
59613933.20219615
59619069.52383447
59624206.28801698
59629343.494781815
59634481.14416722
59639619.236211106
59644757.77095172
59649896.748427324
59655036.168675825
59660176.0317355
59665316.337644495
59670457.086440966
59675598.278163195
59680739.9128491
59685881.990536965
59691024.51126497
59696167.47507128
59701310.88199419
59706454.73207164
59711599.02534193
59716743.76184324
59721888.94161378
59727034.56469184
59732180.631115384
59737327.140922725
59742474.0941522
59747621.490841754
59752769.33102973
59757917.61475433
59763066.34205377
59768215.5129664
59773365.127530195
59778515.18578349
59783665.687764525
59788816.63351153
59793968.02306286
59799119.8564565
59804272.133730836
59809424.85492409
59814578.020074524
59819731.6292205
59824885.68240004
59830040.17965151
59835195.12101331
59840350.50652345
59845506.336220324
59850662.610142194
59855819.32832734
59860976.49081417
59866134.097640716
59871292.148845375
59876450.644466445
59881609.58454221
59886768.969111085
59891928.798211135
59897089.07188077
59902249.7901583
59907410.95308204
59912572.5606904
59917734.61302148
59922897.110113695
59928060.05200549
59933223.438734956
59938387.27034054
59943551.54686057
59948716.26833337
59953881.43479741
59959047.04629079
59964213.102851965
59969379.60451929
59974546.55133111
59979713.94332591
59984881.780541785
59990050.06301723
59995218.7907906
60000387.96390028
60005557.58238474
60010727.64628213
60015898.15563093
60021069.110469654
60026240.51083631
60031412.35676978
60036584.64830808
60041757.38548974
60046930.568353266
60052104.19693682
60057278.27127892
60062452.79141798
60067627.75739241
60072803.16924073
60077979.02700113
60083155.33071215
60088332.0804122
60093509.27613972
60098686.917933255
60103865.005830996
60109043.53987151
60114222.52009321
60119401.94653457
60124581.81923413
60129762.13823012
60134942.90356111
60140124.11526566
60145305.77338201
60150487.877948724
60155670.42900428
60160853.42658714
60166036.87073591
60171220.76148881
60176405.09888445
60181589.88296131
60186775.11375787
60191960.79131275
60197146.91566419
60202333.48685081
60207520.504911125
60212707.96988361
60217895.88180692
60223084.240719296
60228273.04665939
60233462.29966583
60238651.9997769
60243842.14703123
60249032.741467364
60254223.78312382
60259415.27203926
60264607.20825196
60269799.59180059
60274992.422723696
60280185.701059826
60285379.426847644
60290573.600125454
60295768.22093195
60300963.28930567
60306158.8052852
60311354.76890921
60316551.18021603
60321748.03924435
60326945.34603287
60332143.100619934
60337341.30304424
60342539.95334436
60347739.051558904
60352938.597726576
60358138.59188573
60363339.03407508
60368539.924333245
60373741.262698814
60378943.04921052
60384145.283906735
60389347.9668262
60394551.09800753
60399754.67748934
60404958.70531039
60410163.181509055
60415368.106124096
60420573.47919427
60425779.30075797
60430985.57085395
60436192.289520875
60441399.45679738
60446607.07272224
60451815.13733387
60457023.65067105
60462232.61277244
60467442.023676716
60472651.88342266
60477862.19204869
60483072.94959362
60488284.156096116
60493495.81159487
60498707.916128695
60503920.46973602
60509133.47245566
60514346.92432644
60519560.825386696
60524775.175675616
60529989.97523153
60535205.22409327
60540420.92229968
60545637.06988923
60550853.666900754
60556070.713372976
60561288.209344625
60566506.15485455
60571724.54994124
60576943.39464355
60582162.68900022
60587382.43304999
60592602.62683173
60597823.27038395
60603044.36374551
60608265.906955175
60613487.900051706
60618710.34307398
60623933.23606052
60629156.57905023
60634380.37208198
60639604.61519432
60644829.30842615
60650054.451816246
60655280.04540339
60660506.08922651
60665732.58332413
60670959.52773518
60676186.922498465
60681414.76765277
60686643.06323705
60691871.80928984
60697101.00585009
60702330.65295662
60707560.75064824
60712791.2989639
60718022.29794217
60723253.74762201
60728485.64804238
60733717.99924186
60738950.80125941
60744184.05413389
60749417.757904135
60754651.91260911
60759886.51828743
60765121.57497807
60770357.08271989
60775593.04155176
60780829.45151266
60786066.31264121
60791303.62497641
60796541.38855714
60801779.60342228
60807018.26961082
60812257.38716142
60817496.95611308
60822736.976504825
60827977.44837529
60833218.37176351
60838459.746708386
60843701.57324882
60848943.851423845
60854186.58127213
60859429.762832716
60864673.39614452
60869917.48124646
60875162.01817759
60880407.00697659
60885652.44768252
60890898.34033432
60896144.68497092
60901391.4816314
60906638.730354436
60911886.43117912
60917134.584144525
60922383.18928936
60927632.24665271
60932881.75627353
60938131.71819079
60943382.13244359
60948632.99907065
60953884.31811107
60959136.08960383
60964388.31358791
60969640.99010243
60974894.119186126
60980147.70087812
60985401.73521739
60990656.22224297
60995911.16199395
61001166.55450912
61006422.399827585
61011678.69798851
61016935.449030526
61022192.65299314
61027450.30991503
61032708.41983532
61037966.98279318
61043225.99882739
61048485.46797711
61053745.39028138
61059005.76577925
61064266.594509885
61069527.876512095
61074789.61182505
61080051.8004878
61085314.44253942
61090577.5380191
61095841.08696564
61101105.089418255
61106369.545416005
61111634.45499797
61116899.81820337
61122165.63507102
61127431.90564014
61132698.62994994
61137965.808039285
61143233.43994737
61148501.52571331
61153770.065376215
61159039.0589753
61164308.50654944
61169578.40813787
61174848.763779715
61180119.57351408
61185390.83738023
61190662.55541704
61195934.727663755
61201207.35415953
61206480.434943475
61211753.97005488
61217027.95953263
61222302.403416
61227577.301744275
61232852.65455634
61238128.461891495
61243404.723788895
61248681.4402877
61253958.61142722
61259236.237246364
61264514.31778443
61269792.8530806
61275071.84317406
61280351.28810412
61285631.18790971
61290911.54263015
61296192.35230464
61301473.61697238
61306755.336672686
61312037.51144453
61317320.14132723
61322603.226360135
61327886.766582206
61333170.762032785
61338455.21275109
61343740.11877636
61349025.48014794
61354311.29690482
61359597.56908634
61364884.29673177
61370171.47988033
61375459.1185714
61380747.21284398
61386035.762737446
61391324.76829105
61396614.22954406
61401904.14653585
61407194.51930545
61412485.347892255
61417776.632335655
61423068.37267468
61428360.56894874
61433653.221197106
61438946.32945907
61444239.893774055
61449533.9141811
61454828.390719615
61460123.323428914
61465418.7123483
61470714.5575172
61476010.85897467
61481307.616760164
61486604.830912985
61491902.50147246
61497200.628478035
61502499.21196879
61507798.25198417
61513097.748563655
61518397.70174619
61523698.11157162
61528998.97807892
61534300.30130755
61539602.081297
61544904.31808637
61550207.011715144
61555510.162222676
61560813.76964833
61566117.83403161
61571422.355411634
61576727.33382789
61582032.76931977
61587338.66192666
61592645.011688046
61597951.818643086
61603259.08283129
61608566.80429206
61613874.983064786
61619183.619189
61624492.712703854
61629802.26364888
61635112.27206362
61640422.73798724
61645733.66145928
61651045.04251917
61656356.88120632
61661669.17756029
61666981.93162028
61672295.14342583
61677608.813016385
61682922.940431386
61688237.52571041
61693552.56889265
61698868.07001769
61704184.02912498
61709500.446253985
61714817.321444295
61720134.65473512
61725452.44616605
61730770.6957767
61736089.40360628
61741408.56969441
61746728.194080554
61752048.276804216
61757368.81790501
61762689.817422174
61768011.27539533
61773333.19186398
61778655.56686762
61783978.40044589
61789301.69263806
61794625.443483755
61799949.6530225
61805274.32129381
61810599.44833734
61815925.03419236
61821251.078898534
61826577.58249552
61831904.5450226
61837231.96651945
61842559.8470256
61847888.18658062
61853216.98522417
61858546.24299555
61863875.959934466
61869206.13608046
61874536.7714731
61879867.866152085
61885199.42015674
61890531.433526754
61895863.906301714
61901196.838521205
61906530.23022492
61911864.08145223
61917198.39224282
61922533.16263643
61927868.39267227
61933204.08239046
61938540.23183022
61943876.84103128
61949213.91003339
61954551.43887591
61959889.42759859
61965227.87624105
61970566.78484291
61975906.15344393
61981245.9820835
61986586.27080137
61991927.01963719
61997268.228630595
62002609.89782137
62007952.0272489
62013294.61695297
62018637.66697337
62023981.17734937
62029325.14812115
62034669.57932799
62040014.4710097
62045359.82320607
62050705.635956526
62056051.90930088
62061398.64327881
62066745.83793001
62072093.49329429
62077441.609411106
62082790.18632027
62088139.22406149
62093488.72267447
62098838.682199046
62104189.10267467
62109539.9841412
62114891.32663833
62120243.13020581
62125595.394883476
62130948.120710805
62136301.30772766
62141654.9559739
62147009.06548902
62152363.63631287
62157718.66848522
62163074.1620458
62168430.1170345
62173786.53349082
62179143.411454655
62184500.75096575
62189858.55206389
62195216.81478897
62200575.539180495
62205934.725278385
62211294.37312242
62216654.48275237
62222015.05420816
62227376.087529324
62232737.58275578
62238099.53992746
62243461.959083915
62248824.84026506
62254188.18351071
62259551.98886069
62264916.25635492
62270280.98603298
62275646.1779348
62281011.832100235
62286377.94856909
62291744.52738133
62297111.56857654
62302479.07219468
62307847.03827559
62313215.46685913
62318584.357985266
62323953.71169359
62329323.5280241
62334693.80701677
62340064.54871121
62345435.75314742
62350807.420365274
62356179.55040463
62361552.1433055
62366925.19910751
62372298.71785067
62377672.69957487
62383047.144319996
62388422.052126065
62393797.42303273
62399173.25708001
62404549.55430781
62409926.31475605
62415303.53846475
62420681.22547358
62426059.37582259
62431437.98955181
62436817.0667008
62442196.60731
62447576.61141894
62452957.0790677
62458338.010296345
62463719.40514455
62469101.26365239
62474483.58585983
62479866.37180681
62485249.62153341
62490633.335079335
62496017.512484685
62501402.153789416
62506787.2590335
62512172.82825704
62517558.86149976
62522945.35880175
62528332.32020314
62533719.74574353
62539107.63546342
62544495.98940241
62549884.80760065
62555274.09009823
62560663.83693494
62566054.04815088
62571444.723786086
62576835.86388056
62582227.46847445
62587619.53760751
62593012.071319915
62598405.069651686
62603798.53264284
62609192.460333556
62614586.85276361
62619981.70997317
62625377.032002285
62630772.818891004
62636169.0706795
62641565.787407584
62646962.969115436
62652360.615843244
62657758.727630824
62663157.30451837
62668556.346545964
62673955.85375366
62679355.826181695
62684756.263869874
62690157.16685842
62695558.53518742
62700960.368896976
62706362.668027304
62711765.43261825
62717168.662710056
62722572.35834281
62727976.51955664
62733381.14639179
62738786.2388881
62744191.79708584
62749597.82102525
62755004.310746215
62760411.26628899
62765818.6876937
62771226.575000495
62776634.92824964
62782043.74748103
62787453.03273494
62792862.784051515
62798273.001470916
62803683.68503343
62809094.83477897
62814506.45074782
62819918.53298015
62825331.08151615
62830744.0963961
62836157.57765994
62841571.52534798
62846985.93950053
62852400.82015753
62857816.16735929
62863231.98114602
62868648.26155792
62874065.00863533
62879482.222418174
62884899.902946815
62890318.05026146
62895736.66440233
62901155.74540977
62906575.293323755
62911995.30818464
62917415.79003265
62922836.73890803
62928258.15485114
62933680.037901975
62939102.3881009
62944525.205488294
62949948.49010403
62955372.241988875
62960796.4611827
62966221.1477259
62971646.30165887
62977071.92302163
62982498.01185457
62987924.56819797
62993351.59209212
62998779.08357742
63004207.042693906
63009635.469482
63015064.36398199
63020493.72623418
63025923.556279
63031353.8541565
63036784.61990711
63042215.85357127
63047647.55518892
63053079.72480088
63058512.36244709
63063945.468168005
63069379.04200409
63074813.08399542
63080247.59418245
63085682.57260551
63091118.019304976
63096553.9343213
63101990.317694575
63107427.169465296
63112864.4896738
63118302.27836047
63123740.53556578
63129179.26132985
63134618.45569318
63140058.11869614
63145498.25037911
63150938.850782596
63156379.91994673
63161821.457912035
63167263.46471902
63172705.94040783
63178148.88501898
63183592.298592895
63189036.18116996
63194480.53279072
63199925.35349534
63205370.643324345
63210816.40231817
63216262.63051724
63221709.32796209
63227156.49469292
63232604.130750276
63238052.2361746
63243500.81100632
63248949.85528603
63254399.3690539
63259849.352350526
63265299.805216484
63270750.72769198
63276202.119817585
63281653.98163379
63287106.31318104
63292559.11449996
63298012.38563075
63303466.12661402
63308920.33749025
63314375.01829994
63319830.1690837
63325285.78988176
63330741.88073475
63336198.441683166
63341655.47276752
63347112.97402843
63352570.94550617
63358029.38724138
63363488.29927469
63368947.68164637
63374407.53439708
63379867.85756735
63385328.651197694
63390789.91532879
63396251.650000915
63401713.85525474
63407176.531130806
63412639.67766967
63418103.294912
63423567.38289811
63429031.941668674
63434496.971264265
63439962.47172544
63445428.44309291
63450894.88540698
63456361.79870836
63461829.18303776
63467297.03843536
63472765.36494229
63478234.16259874
63483703.43144543
63489173.171523094
63494643.38287207
63500114.065533094
63505585.21954677
63511056.84495372
63516528.94179468
63522001.51011001
63527474.54994047
63532948.06132667
63538422.04430924
63543896.498928964
63549371.425226204
63554846.823241726
63560322.69301618
63565799.03459021
63571275.848004594
63576753.13329973
63582230.8905164
63587709.1196954
63593187.820877135
63598666.994102396
63604146.63941185
63609626.75684619
63615107.34644621
63620588.408252336
63626069.94230538
63631551.94864604
63637034.42731499
63642517.378353074
63648000.80180072
63653484.697698765
63658969.06608792
63664453.90700889
63669939.22050251
63675425.006609246
63680911.26536995
63686397.99682547
63691885.20101628
63697372.87798323
63702861.02776706
63708349.65040852
63713838.74594846
63719328.314427376
63724818.355886154
63730308.87036552
63735799.85790626
63741291.318549246
63746783.25233498
63752275.659304366
63757768.539498165
63763261.89295716
63768755.71972224
63774250.019833945
63779744.79333317
63785240.04026085
63790735.760657504
63796231.95456406
63801728.62202131
63807225.76307006
63812723.37775125
63818221.46610542
63823720.028173506
63829219.06399634
63834718.573614724
63840218.55706962
63845719.01440159
63851219.94565159
63856721.35086046
63862223.230069034
63867725.583318286
63873228.410648786
63878731.71210152
63884235.487717465
63889739.73753722
63895244.461601764
63900749.65995196
63906255.33262868
63911761.47967292
63917268.101125285
63922775.19702678
63928282.76741829
63933790.81234069
63939299.331835
63944808.32594185
63950317.79470226
63955827.73815713
63961338.15634735
63966849.04931396
63972360.417097606
63977872.259739324
63983384.577280164
63988897.369760655
63994410.63722223
63999924.37970542
64005438.597251296
64010953.289900914
64016468.45769495
64021984.10067446
64027500.2188804
64033016.81235371
64038533.88113547
64044051.42526637
64049569.4447875
64055087.93973982
64060606.91016429
64066126.35610201
64071646.27759369
64077166.67468042
64082687.547403194
64088208.89580298
64093730.71992091
64099253.0197977
64104775.79547446
64110299.04699234
64115822.77439206
64121346.97771476
64126871.657001436
64132396.81229311
64137922.44363092
64143448.55105561
64148975.13460835
64154502.19433015
64160029.73026203
64165557.74244517
64171086.23092033
64176615.195728675
64182144.63691126
64187674.55450911
64193204.94856342
64198735.819114976
64204267.16620495
64209798.98987456
64215331.290164575
64220864.06711621
64226397.32077053
64231931.051168606
64237465.25835165
64242999.94236047
64248535.10323628
64254070.74102018
64259606.85575326
64265143.44747673
64270680.51623143
64276218.0620586
64281756.08499934
64287294.58509475
64292833.56238609
64298373.0169142
64303912.94872032
64309453.35784573
64314994.24433128
64320535.60821822
64326077.4495477
64331619.768360846
64337162.564698935
64342705.83860284
64348249.59011385
64353793.8192731
64359338.526121765
64364883.710701115
64370429.37305206
64375975.513215885
64381522.131233774
64387069.22714689
64392616.800996535
64398164.85282363
64403713.382669486
64409262.39057543
64414811.87658238
64420361.84073166
64425912.28306447
64431463.20362201
64437014.60244562
64442566.47957622
64448118.83505519
64453671.66892372
64459224.98122303
64464778.77199448
64470333.041279025
64475887.78911803
64481443.01555272
64486998.72062434
64492554.904374264
64498111.56684346
64503668.7080733
64509226.32810519
64514784.426979974
64520343.004739426
64525902.06142443
64531461.59707637
64537021.611736655
64542582.10544628
64548143.07824666
64553704.53017907
64559266.461284794
64564828.871605255
64570391.76118147
64575955.130054854
64581518.97826672
64587083.305858366
64592648.11287123
64598213.39934634
64603779.16532514
64609345.41084897
64614912.13595911
64620479.340697035
64626047.02510381
64631615.18922088
64637183.83308972
64642752.95675139
64648322.56024737
64653892.643619
64659463.20690763
64665034.25015474
64670605.77340141
64676177.77668914
64681750.26005928
64687323.2235532
64692896.667212404
64698470.59107799
64704044.99519147
64709619.87959422
64715195.24432762
64720771.08943319
64726347.414952055
64731924.22092574
64737501.50739577
64743079.274403274
64748657.5219898
64754236.25019675
64759815.45906553
64765395.14863769
64770975.31895438
64776555.97005716
64782137.101987444
64787718.71478666
64793300.80849639
64798883.38315778
64804466.43881242
64810049.975501746
64815633.9932672
64821218.49215037
64826803.47219243
64832388.933434986
64837974.875919625
64843561.29968754
64849148.20478034
64854735.59123949
64860323.45910647
64865911.808422886
64871500.639229946
64877089.95156928
64882679.74548238
64888270.02101073
64893860.778195955
64899452.017079294
64905043.737702385
64910635.940106735
64916228.62433384
64921821.790425375
64927415.43842256
64933009.56836707
64938604.180300556
64944199.27426428
64949794.85029991
64955390.90844897
64960987.44875301
64966584.4712537
64972181.97599232
64977779.963010564
64983378.432349965
64988977.3840521
64994576.81815864
65000176.7347109
65005777.13375058
65011378.01531924
65016979.37945847
65022581.22620997
65028183.55561505
65033786.36771544
65039389.66255286
65044993.44016851
65050597.7006045
65056202.44390204
65061807.670102865
65067413.37924872
65073019.57138094
65078626.24654129
65084233.404771365
65089841.046112806
65095449.17060736
65101057.77829638
65106666.86922165
65112276.4434248
65117886.50094746
65123497.04183141
65129108.06611804
65134719.57384912
65140331.565066315
65145944.03981127
65151556.998125784
65157170.44005126
65162784.36562949
65168398.774902284
65174013.667911045
65179629.0446976
65185244.90530361
65190861.249770775
65196478.078140914
65202095.390455455
65207713.18675622
65213331.46708493
65218950.23148326
65224569.47999307
65230189.2126558
65235809.42951329
65241430.13060727
65247051.31597945
65252672.98567171
65258295.139725484
65263917.778182656
65269540.901085086
65275164.50847425
65280788.600392036
65286413.17688017
65292038.237980425
65297663.78373467
65303289.814184405
65308916.32937152
65314543.32933778
65320170.814124964
65325798.783774965
65331427.2383293
65337056.17782987
65342685.60231847
65348315.51183688
65353945.906427026
65359576.786130436
65365208.15098904
65370840.001044765
65376472.33633916
65382105.15691416
65387738.46281158
65393372.25407323
65399006.530741066
65404641.29285664
65410276.54046192
65415912.27359873
65421548.4923089
65427185.19663441
65432822.38661682
65438460.06229812
65444098.22372015
65449736.87092476
65455376.003953956
65461015.62284931
65466655.72765282
65472296.318406485
65477937.39515191
65483578.957931116
65489221.00678596
65494863.54175832
65500506.56289023
65506150.0702233
65511794.06379956
65517438.543660894
65523083.50984921
65528728.96240654
65534374.90137453
65540021.326795205
65545668.23871049
65551315.637162305
65556963.522192694
65562611.893843316
65568260.752156235
65573910.09717351
65579559.92893668
65585210.247488216
65590861.052869655
65596512.34512308
65602164.12429057
65607816.39041381
65613469.1435349
65619122.38369578
65624776.11093844
65630430.32530495
65636085.02683703
65641740.21557679
65647395.8915662
65653052.05484725
65658708.70546205
65664365.84345233
65670023.4688602
65675681.58172767
65681340.18209674
65686999.27000954
65692658.84550781
65698318.908633694
65703979.459429346
65709640.49793651
65715302.02419734
65720964.03825386
65726626.5401481
65732289.52992223
65737953.00761802
65743616.973277636
65749281.426943116
65754946.368656516
65760611.79846002
65766277.716395415
65771944.12250488
65777611.01683049
65783278.39941429
65788946.27029851
65794614.62952494
65800283.477135785
65805952.813173264
65811622.63767919
65817292.95069578
65822963.75226513
65828635.042429335
65834306.82123062
65839979.088710815
65845651.844912164
65851325.08987678
65856998.82364677
65862673.04626437
65868347.757771455
65874022.95821027
65879698.64762294
65885374.82605159
65891051.49353851
65896728.65012554
65902406.29585497
65908084.43076907
65913763.054909736
65919442.16831924
65925121.77103974
65930801.863113396
65936482.44458251
65942163.51548897
65947845.07587508
65953527.125783026
65959209.66525497
65964892.69433324
65970576.213059746
65976260.22147681
65981944.71962661
65987629.707551375
65993315.185293406
65999001.15289465
66004687.61039745
66010374.55784415
66016061.99527655
66021749.92273741
66027438.34026855
66033127.24791233
66038816.64571112
66044506.53370686
66050196.91194194
66055887.780458584
66061579.13929905
66067270.988505706
66072963.32812054
66078656.15818594
66084349.47874415
66090043.28983745
66095737.591508225
66101432.38379849
66107127.66675063
66112823.44040707
66118519.70480967
66124216.460001275
66129913.70602375
66135611.44291952
66141309.67073102
66147008.38950028
66152707.599269725
66158407.30008166
66164107.49197841
66169808.175002396
66175509.34919568
66181211.01460072
66186913.17125982
66192615.81921532
66198318.95850969
66204022.58918498
66209726.71128367
66215431.3248481
66221136.429920614
66226842.02654369
66232548.11475942
66238254.6946103
66243961.7661388
66249669.32938703
66255377.384397484
66261085.931212544
66266794.96987457
66272504.500426084
66278214.522909194
66283925.03736641
66289636.04384014
66295347.54237276
66301059.53300681
66306772.01578441
66312484.990748115
66318198.45794031
66323912.417403415
66329626.86917999
66335341.81331216
66341057.249842495
66346773.178813554
66352489.6002675
66358206.51424689
66363923.92079416
66369641.819951765
66375360.211762264
66381079.09626785
66386798.47351109
66392518.343534455
66398238.7063804
66403959.562091514
66409680.91071
66415402.752278455
66421125.08683935
66426847.91443517
66432571.23510853
66438295.04890163
66444019.35585711
66449744.15601758
66455469.44942527
66461195.236122824
66466921.516152725
66472648.289557494
66478375.556379765
66484103.31666178
66489831.5704462
66495560.31777553
66501289.558692314
66507019.293239206
66512749.521458454
66518480.24339274
66524211.45908461
66529943.16857659
66535675.37191137
66541408.06913122
66547141.26027884
66552874.945396915
66558609.1245276
66564343.79771401
66570078.96499829
66575814.62642316
66581550.78203132
66587287.43186508
66593024.57596717
66598762.21438017
66604500.34714665
66610238.97430937
66615978.09591064
66621717.711993195
66627457.82259964
66633198.42777259
66638939.52755479
66644681.12198857
66650423.21111671
66656165.79498195
66661908.87362651
66667652.44709357
66673396.515425354
66679141.07866464
66684886.136854194
66690631.69003639
66696377.738254026
66702124.281549744
66707871.3199662
66713618.85354619
66719366.88233211
66725115.40636675
66730864.4256928
66736613.94035292
66742363.95038992
66748114.45584622
66753865.45676464
66759616.95318787
66765368.94515859
66771121.432719655
66776874.41591347
66782627.894782886
66788381.86937075
66794136.33971949
66799891.30587196
66805646.76787089
66811402.725758985
66817159.17957911
66822916.12937374
66828673.575185716
66834431.5170578
66840189.95503271
66845948.88915335
66851708.31946218
66857468.246002086
66863228.66881584
66868989.58794618
66874751.00343601
66880512.91532783
66886275.323664546
66892038.22848907
66897801.6298439
66903565.52777195
66909329.922316015
66915094.813518874
66920860.20142346
66926626.0860723
66932392.46750832
66938159.34577434
66943926.72091314
66949694.59296769
66955462.96198052
66961231.82799459
66967001.19105272
66972771.05119774
66978541.4084726
66984312.26291987
66990083.61458252
66995855.46350354
67001627.80972548
67007400.65329134
67013173.99424395
67018947.832626194
67024722.168481044
67030497.0018511
67036272.332779355
67042048.16130868
67047824.48748197
67053601.31134221
67059378.63293202
67065156.45229442
67070934.76947229
67076713.584508546
67082492.89744619
67088272.70832787
67094053.0171966
67099833.82409545
67105615.129066914
67111396.93215445
67117179.23340055
67122962.03284828
67128745.33054073
67134529.12652051
67140313.42083073
67146098.2135143
67151883.50461416
67157669.2941734
67163455.5822347
67169242.36884113
67175029.65403566
67180817.43786123
67186605.72036096
67192394.50157753
67198183.78155404
67203973.56033362
67209763.83795881
67215554.61447316
67221345.88991924
67227137.66434017
67232929.93777907
67238722.71027867
67244515.98188211
67250309.7526324
67256104.02257252
67261898.79174563
67267694.06019448
67273489.8279622
67279286.09509185
67285082.86162642
67290880.12760909
67296677.89308262
67302476.15809017
67308274.9226748
67314074.18687955
67319873.95074758
67325674.21432169
67331474.97764505
67337276.2407609
67343078.00371198
67348880.26654151
67354683.02929257
67360486.2920082
67366290.05473167
67372094.31750573
67377899.08037363
67383704.34337847
67389510.1065633
67395316.3699714
67401123.13364555
67406930.39762902
67412738.16196492
67418546.42669633
67424355.19186653
67430164.45751835
67435974.22369507
67441784.4904399
67447595.25779577
67453406.52580588
67459218.29451339
67465030.56396146
67470843.33419335
67476656.60525194
67482470.37718052
67488284.65002224
67494099.42382024
67499914.69861786
67505730.47445798
67511546.75138387
67517363.52943875
67523180.80866578
67528998.58910827
67534816.87080914
67540635.65381171
67546454.93815932
67552274.72389486
67558095.01106171
67563915.79970305
67569737.0898621
67575558.88158217
67581381.17490625
67587203.96987766
67593027.26653965
67598851.06493542
67604675.36510834
67610500.16710138
67616325.47095792
67622151.27672118
67627977.58443442
67633804.394141
67639631.70588394
67645459.51970659
67651287.83565238
67657116.65376413
67662945.97408569
67668775.79665989
67674606.12153015
67680436.94873989
67686268.2783321
67692100.11035024
67697932.44483756
67703765.28183736
67709598.62139308
67715432.46354775
67721266.80834483
67727101.65582757
67732937.00603934
67738772.85902356
67744609.21482328
67750446.07348196
67756283.43504293
67762121.29954952
67767959.6670452
67773798.53757304
67779637.9111765
67785477.78789908
67791318.16778384
67797159.05087428
67803000.43721375
67808842.32684562
67814684.71981338
67820527.61616011
67826371.01592936
67832214.91916445
67838059.32590881
67843904.23620594
67849749.65009893
67855595.56763133
67861441.98884653
67867288.91378793
67873136.34249906
67878984.27502306
67884832.71140346
67890681.65168384
67896531.0959073
67902381.04411742
67908231.49635762
67914082.45267133
67919933.91310214
67925785.87769315
67931638.34648798
67937491.31953008
67943344.79686287
67949198.77852994
67955053.26457448
67960908.2550401
67966763.74997021
67972619.74940832
67978476.25339802
67984333.2619825
67990190.77520539
67996048.7931103
68001907.31574042
68007766.34313941
68013625.87535073
68019485.91241789
68025346.45438452
68031207.50129385
68037069.05318952
68042931.11011504
68048793.67211393
68054656.73922984
68060520.311506
68066384.38898611
68072248.97171366
68078114.0597322
68083979.65308541
68089845.75181654
68095712.35596927
68101579.46558729
68107447.08071388
68113315.20139273
68119183.8276674
68125052.95958143
68130922.59717856
68136792.74050206
68142663.38959564
68148534.5445029
68154406.2052674
68160278.37193285
68166151.0445426
68172024.22314034
68177897.90776971
68183772.09847426
68189646.79529777
68195521.99828357
68201397.70747536
68207273.92291696
68213150.64465153
68219027.87272327
68224905.60717537
68230783.8480516
68236662.59539574
68242541.84925115
68248421.60966161
68254301.87667076
68260182.65032226
68266063.93065989
68271945.71772702
68277828.01156747
68283710.8122249
68289594.11974294
68295477.93416545
68301362.25553581
68307247.08389783
68313132.41929519
68319018.26177157
68324904.61137083
68330791.46813637
68336678.83211201
68342566.70334162
68348455.08186859
68354343.9677368
68360233.36098994
68366123.26167175
68372013.66982606
68377904.58549634
68383796.00872645
68389687.9395601
68395580.37804106
68401473.32421319
68407366.77811995
68413260.73980524
68419155.20931278
68425050.18668637
68430945.67196988
68436841.66520678
68442738.166441
68448635.17571642
68454532.69307657
68460430.71856533
68466329.2522265
68472228.29410388
68478127.84424137
68484027.90268248
68489928.46947117
68495829.54465121
68501731.12826642
68507633.22036076
68513535.82097773
68519438.93016131
68525342.5479553
68531246.67440353
68537151.30954997
68543056.45343816
68548962.10611208
68554868.26761569
68560774.93799259
68566682.11728671
68572589.80554195
68578498.00280212
68584406.70911124
68590315.9245129
68596225.64905107
68602135.88276963
68608046.62571247
68613957.87792358
68619869.63944657
68625781.91032547
68631694.69060415
68637607.9803265
68643521.77953658
68649436.08827797
68655350.90659472
68661266.2345309
68667182.07213011
68673098.41943642
68679015.27649374
68684932.643346
68690850.52003725
68696768.90661113
68702687.80311173
68708607.20958298
68714527.12606882
68720447.55261332
68726368.48926017
68732289.93605344
68738211.89303708
68744134.36025508
68750057.33775151
68755980.82557006
68761904.82375486
68767829.33235
68773754.35139905
68779679.88094653
68785605.92103603
68791532.47171168
68797459.53301759
68803387.10499749
68809315.1876955
68815243.78115565
68821172.88542193
68827102.50053851
68833032.62654911
68838963.26349789
68844894.41142885
68850826.07038607
68856758.24041367
68862690.92155543
68868624.11385551
68874557.81735797
68880492.03210685
68886426.75814633
68892361.99552017
68898297.7442726
68904234.00444782
68910170.77608958
68916108.05924211
68922045.85394947
68927984.16025576
68933922.97820517
68939862.30784151
68945802.14920902
68951742.50235179
68957683.3673139
68963624.7441396
68969566.6328727
68975509.03355746
68981451.94623798
68987395.37095837
68993339.3077629
68999283.75669542
69005228.71780016
69011174.19112141
69017120.17670302
69023066.67458928
69029013.6848243
69034961.20745225
69040909.24251741
69046857.79006365
69052806.85013527
69058756.4227764
69064706.50803125
69070657.1059441
69076608.21655884
69082559.83991979
69088511.97607112
69094464.62505703
69100417.78692183
69106371.46170942
69112325.64946418
69118280.35023038
69124235.564052
69130191.29097335
69136147.53103864
69142104.2842921
69148061.55077808
69154019.33054051
69159977.62362376
69165936.43007205
69171895.74992964
69177855.58324087
69183815.93004972
69189776.79040056
69195738.16433765
69201700.05190523
69207662.45314771
69213625.36810905
69219588.79683365
69225552.73936592
69231517.19574986
69237482.16602989
69243447.65025026
69249413.64845526
69255380.16068934
69261347.18699646
69267314.7274211
69273282.78200753
69279251.35080007
69285220.43384314
69291190.03118077
69297160.14285743
69303130.76891743
69309101.90940507
69315073.56436484
69321045.73384076
69327018.41787733
69332991.616519
69338965.3298097
69344939.55779433
69350914.30051681
69356889.55802165
69362865.33035332
69368841.6175559
69374818.4196739
69380795.73675169
69386773.56883362
69392751.91596422
69398730.77818757
69404710.15554821
69410690.04809052
69416670.45585887
69422651.3788978
69428632.81725144
69434614.77096432
69440597.24008083
69446580.2246454
69452563.72470258
69458547.74029648
69464532.27147168
69470517.31827272
69476502.88074379
69482488.9589294
69488475.55287404
69494462.66262211
69500450.28821822
69506438.4297065
69512427.08713157
69518416.26053788
69524405.94996986
69530396.15547214
69536386.8770889
69542378.11486474
69548369.86884412
69554362.13907155
69560354.92559163
69566348.22844855
69572342.04768696
69578336.38335149
69584331.23548633
69590326.60413615
69596322.48934543
69602318.8911587
69608315.80962059
69614313.24477534
69620311.19666761
69626309.66534191
69632308.6508428
69638308.15321492
69644308.17250252
69650308.7087503
69656309.76200278
69662311.33230451
69668313.41970019
69674316.02423409
69680319.14595088
69686322.7848953
69692326.94111162
69698331.61464454
69704336.80553862
69710342.51383847
69716348.7395888
69722355.48283389
69728362.74361847
69734370.52198717
69740378.81798454
69746387.63165535
69752396.9630439
69758406.81219494
69764417.1791531
69770428.06396297
69776439.46666932
69782451.3873165
69788463.82594925
69794476.78261237
69800490.25735019
69806504.2502075
69812518.76122893
69818533.79045914
69824549.33794291
69830565.40372461
69836581.98784903
69842599.09036085
69848616.71130472
69854634.85072546
69860653.50866745
69866672.68517551
69872692.38029431
69878712.59406856
69884733.32654305
69890754.57776222
69896776.3477709
69902798.63661392
69908821.44433556
69914844.7709811
69920868.61659482
69926892.98122159
69932917.86490625
69938943.26769324
69944969.18962744
69950995.63075356
69957022.59111637
69963050.07076071
69969078.06973106
69975106.58807229
69981135.62582916
69987165.18304643
69993195.259769
69999225.85604131
70005256.97190832
70011288.60741475
70017320.7626054
70023353.43752518
70029386.6322186
70035420.34673056
70041454.58110599
70047489.33538944
70053524.60962579
70059560.40385987
70065596.71813649
70071633.55250058
70077670.90699667
70083708.78166972
70089747.17656454
70095786.09172598
70101825.52719897
70107865.48302808
70113905.95925829
70119946.95593442
70125988.47310132
70132030.51080397
70138073.06908695
70144116.14799525
70150159.74757385
70156203.86786735
70162248.50892076
70168293.67077893
70174339.35348673
70180385.55708921
70186432.28163093
70192479.52715693
70198527.29371211
70204575.58134134
70210624.39008966
70216673.72000171
70222723.57112251
70228773.94349699
70234824.83717002
70240876.2521867
70246928.18859166
70252980.64642994
70259033.62574662
70265087.12658635
70271141.1489942
70277195.69301513
70283250.75869405
70289306.34607607
70295362.45520584
70301419.08612847
70307476.23888892
70313533.91353214
70319592.11010323
70325650.8286469
70331710.06920823
70337769.83183224
70343830.11656387
70349890.92344828
70355952.25253016
70362014.10385464
70368076.47746687
70374139.3734114
70380202.79173382
70386266.73247872
70392331.19569124
70398396.18141654
70404461.68969937
70410527.72058487
70416594.27411808
70422661.35034405
70428728.94930792
70434797.07105447
70440865.71562888
70446934.88307619
70453004.57344145
70459074.78676988
70465145.52310622
70471216.78249569
70477288.56498352
70483360.87061432
70489433.69943374
70495507.05148645
70501580.92681764
70507655.32547258
70513730.24749604
70519805.69293328
70525881.66182937
70531958.15422943
70538035.17017871
70544112.70972203
70550190.77290463
70556269.35977165
70562348.4703682
70568428.10473956
70574508.26293054
70580588.94498645
70586670.15095241
70592751.88087356
70598834.13479519
70604916.91276215
70611000.21481976
70617084.04101329
70623168.39138763
70629253.26598808
70635338.66485982
70641424.58804801
70647511.03559797
70653598.00755458
70659685.50396319
70665773.52486897
70671862.0703171
70677951.14035295
70684040.73502141
70690130.85436784
70696221.49843743
70702312.6672754
70708404.36092709
70714496.57943745
70720589.32285185
70726682.59121564
70732776.38457377
70738870.70297162
70744965.54645443
70751060.91506743
70757156.80885601
70763253.22786514
70769350.17214023
70775447.64172651
70781545.63666925
70787644.15701386
70793743.20280531
70799842.77408904
70805942.87091032
70812043.4933144
70818144.64134674
70824246.31505235
70830348.51447661
70836451.23966503
70842554.49066257
70848658.2675147
70854762.57026672
70860867.39896396
70866972.75365186
70873078.63437544
70879185.0411802
70885291.97411144
70891399.4332145
70897507.41853486
70903615.93011758
70909724.96800812
70915834.53225185
70921944.62289411
70928055.23998041
70934166.38355581
70940278.05366582
70946390.25035594
70952502.97367112
70958616.22365732
70964730.00035946
70970844.30382308
70976959.13409372
70983074.49121645
70989190.37523684
70995306.78620026
71001423.72415213
71007541.189138
71013659.181203
71019777.70039265
71025896.74675238
71032016.32032764
71038136.42116398
71044257.04930654
71050378.20480089
71056499.88769262
71062622.09802672
71068744.83584926
71074868.1012052
71080991.89414015
71087116.21469973
71093241.0629291
71099366.43887387
71105492.3425795
71111618.77409147
71117745.7334554
71123873.22071648
71130001.23592032
71136129.77911244
71142258.85033831
71148388.44964358
71154518.57707345
71160649.23267357
71166780.41648947
71172912.12856662
71179044.36895071
71185177.13768695
71191310.43482102
71197444.2603986
71203578.6144649
71209713.49706563
71215848.90824631
71221984.8480525
71228121.31652987
71234258.3137237
71240395.83967967
71246533.89444336
71252672.4780603
71258811.59057625
71264951.23203644
71271091.4024866
71277232.10197234
71283373.33053921
71289515.08823295
71295657.37509885
71301800.19118267
71307943.53653014
71314087.41118655
71320231.81519769
71326376.74860914
71332522.21146652
71338668.2038156
71344814.7257017
71350961.7771706
71357109.35826792
71363257.4690393
71369406.10953052
71375555.27978693
71381704.9798543
71387855.20977831
71394005.9696046
71400157.25937897
71406309.07914679
71412461.42895387
71418614.30884601
71424767.71886861
71430921.6590675
71437076.12948833
71443231.1301768
71449386.66117874
71455542.72253956
71461699.3143051
71467856.43652104
71474014.0892331
71480172.27248712
71486330.98632854
71492490.23080322
71498650.00595686
71504810.31183518
71510971.1484841
71517132.515949
71523294.41427578
71529456.84351034
71535619.80369799
71541783.29488504
71547947.3171168
71554111.87043919
71560276.9548981
71566442.570539
71572608.71740782
71578775.39555031
71584942.60501225
71591110.34583959
71597278.61807777
71603447.42177276
71609616.75697035
71615786.62371631
71621957.02205661
71628127.95203674
71634299.41370267
71640471.40710019
71646643.93227512
71652816.98927344
71658990.57814066
71665164.69892277
71671339.35166572
71677514.53641507
71683690.2532168
71689866.50211675
71696043.28316078
71702220.59639487
71708398.44186458
71714576.81961592
71720755.72969474
71726935.17214692
71733115.14701846
71739295.65435496
71745476.69420242
71751658.26660675
71757840.3716138
71764023.00926964
71770206.17961985
71776389.88271049
71782574.11858757
71788758.88729674
71794944.18888403
71801130.02339539
71807316.3908767
71813503.29137403
71819690.72493301
71825878.69159974
71832067.19142014
71838256.22444014
71844445.79070583
71850635.89026286
71856826.52315733
71863017.68943518
71869209.38914238
71875401.62232503
71881594.3890288
71887787.6892998
71893981.52318418
71900175.89072758
71906370.79197615
71912566.22697587
71918762.19577272
71924958.69841285
71931155.73494196
71937353.3054062
71943551.40985155
71949750.04832405
71955949.22086984
71962148.92753464
71968349.16836463
71974549.9434058
71980751.25270423
71986953.09630607
71993155.47425707
71999358.3866034
72005561.83339125
72011765.8146664
72017970.33047502
72024175.38086319
72030380.96587694
72036587.08556251
72042793.73996565
72049000.9291326
72055208.6531094
72061416.91194217
72067625.70567712
72073835.03436004
72080044.89803718
72086255.29675463
72092466.23055847
72098677.69949497
72104889.70360996
72111102.24294966
72117315.31756036
72123528.92748772
72129743.07277845
72135957.75347826
72142172.9696334
72148388.72129017
72154605.0084944
72160821.83129239
72167039.18973029
72173257.08385424
72179475.51371054
72185694.47934507
72191913.98080413
72198134.0181339
72204354.5913805
72210575.70059031
72216797.3458092
72223019.52708349
72229242.24445936
72235465.49798302
72241689.2877008
72247913.61365859
72254138.47590277
72260363.87447968
72266589.80943522
72272816.28081578
72279043.28866754
72285270.83303677
72291498.91396981
72297727.5315126
72303956.68571153
72310186.37661284
72316416.60426277
72322647.3687077
72328878.6699936
72335110.50816686
72341342.88327375
72347575.79536054
72353809.2444736
72360043.23065896
72366277.75396301
72372512.81443219
72378748.41211247
72384984.5470503
72391221.21929196
72397458.42888375
72403696.1758721
72409934.46030304
72416173.28222302
72422412.64167833
72428652.5387153
72434892.9733804
72441133.94571964
72447375.45577951
72453617.50360632
72459860.08924642
72466103.2127463
72472346.87415199
72478591.07351
72484835.81086682
72491081.0862685
72497326.89976156
72503573.25139235
72509820.14120723
72516067.56925274
72522315.53557496
72528564.0402204
72534813.08323543
72541062.66466644
72547312.78456
72553563.44296217
72559814.63991952
72566066.37547845
72572318.64968534
72578571.46258678
72584824.81422888
72591078.70465818
72597333.13392128
72603588.10206431
72609843.60913382
72616099.65517627
72622356.24023809
72628613.36436588
72634871.02760576
72641129.23000434
72647387.9716081
72653647.25246347
72659907.07261707
72666167.43211506
72672428.33100407
72678689.76933058
72684951.74714103
72691214.2644821
72697477.32139996
72703740.91794123
72710005.05415256
72716269.73008002
72722534.9457707
72728800.70127065
72735066.99662653
72741333.83188501
72747601.2070923
72753869.12229508
72760137.57753988
72766406.57287322
72772676.10834178
72778946.1839918
72785216.79987
72791487.95602289
72797759.65249702
72804031.88933912
72810304.66659543
72816577.98431267
72822851.8425374
72829126.24131618
72835401.18069576
72841676.6607224
72847952.68144284
72854229.24290381
72860506.3451516
72866783.98823297
72873062.17219448
72879340.89708278
72885620.16294459
72891899.96982624
72898180.31777447
72904461.20683594
72910742.63705723
72917024.60848513
72923307.12116599
72929590.17514656
72935873.77047352
72942157.90719347
72948442.58535324
72954727.80499914
72961013.56617802
72967299.86893666
72973586.71332143
72979874.09937915
72986162.02715649
72992450.49670012
72998739.50805686
73005029.06127311
73011319.1563957
73017609.79347132
73023900.97254665
73030192.69366857
73036484.95688346
73042777.76223817
73049071.10977945
73055364.99955396
73061659.4316086
73067954.4059898
73074249.92274441
73080545.98191933
73086842.583561
73093139.7277163
73099437.41443196
73105735.64375474
73112034.41573155
73118333.73040883
73124633.5878335
73130933.9880523
73137234.93111202
73143536.41705959
73149838.44594145
73156141.01780455
73162444.13269569
73168747.79066162
73175051.99174932
73181356.73600525
73187662.02347638
73193967.85420965
73200274.22825159
73206581.14564914
73212888.60644913
73219196.61069836
73225505.15844381
73231814.24973203
73238123.88460997
73244434.0631245
73250744.78532241
73257056.05125074
73263367.86095603
73269680.21448526
73275993.1118853
73282306.553203
73288620.5384854
73294935.06777902
73301250.14113094
73307565.75858814
73313881.92019707
73320198.62600522
73326515.87605901
73332833.6704055
73339152.00909172
73345470.89216429
73351790.31967025
73358110.2916565
73364430.80816996
73370751.8692577
73377073.47496635
73383395.62534297
73389718.32043448
73396041.56028783
73402365.34495011
73408689.67446795
73415014.54888844
73421339.96825853
73427665.93262519
73433992.44203551
73440319.49653615
73446647.09617424
73452975.24099688
73459303.93105076
73465633.166383
73471962.94704056
73478293.27307047
73484624.14451982
73490955.56143534
73497287.52386418
73503620.0318533
73509953.08544976
73516286.68470067
73522620.82965276
73528955.52035321
73535290.75684904
73541626.53918725
73547962.86741506
73554299.74157916
73560637.16172677
73566975.12790509
73573313.64016081
73579652.6985412
73585992.30309327
73592332.45386408
73598673.15090087
73605014.39425038
73611356.18395983
73617698.5200763
73624041.40264688
73630384.8317188
73636728.80733882
73643073.32955422
73649418.39841206
73655764.01395945
73662110.17624365
73668456.88531147
73674804.14121015
73681151.94398698
73687500.29368876
73693849.19036277
73700198.63405614
73706548.62481599
73712899.16268961
73719250.24772385
73725601.87996599
73731954.05946317
73738306.78626257
73744660.06041148
73751013.88195676
73757368.25094572
73763723.16742551
73770078.63144335
73776434.64304651
73782791.20228192
73789148.30919689
73795505.96383874
73801864.1662544
73808222.91649118
73814582.2145963
73820942.06061697
73827302.45460054
73833663.39659391
73840024.88664447
73846386.92479943
73852749.511106
73859112.64561157
73865476.32836309
73871840.55940792
73878205.33879331
73884570.66656652
73890936.54277492
73897302.96746549
73903669.94068561
73910037.46248274
73916405.53290363
73922774.1519962
73929143.31980725
73935513.0363842
73941883.3017745
73948254.11602513
73954625.47918354
73960997.391297
73967369.85241283
73973742.86257847
73980116.42184094
73986490.53024766
73992865.18784599
73999240.39468324
74005616.15080686
74011992.4562639
74018369.31110182
74024746.71536797
74031124.66910967
74037503.17237444
74043882.22520933
74050261.8276618
74056641.97977938
74063022.68160912
74069403.93319856
74075785.73459503
74082168.08584593
74088550.98699878
74094934.43810065
74101318.43919906
74107702.99034144
74114088.09157515
74120473.74294773
74126859.94450629
74133246.6962984
74139633.99837145
74146021.85077286
74152410.25355017
74158799.20675054
74165188.71042153
74171578.76461071
74177969.36936522
74184360.52473263
74190752.23076041
74197144.48749599
74203537.29498696
74209930.6532805
74216324.56242418
74222719.02246548
74229114.03345187
74235509.59543097
74241905.70844993
74248302.3725564
74254699.58779787
74261097.3542218
74267495.67187585
74273894.5408072
74280293.9610635
74286693.93269241
74293094.45574114
74299495.53025733
74305897.1562885
74312299.33388218
74318702.06308605
74325105.3439473
74331509.17651366
74337913.56083263
74344318.49695176
74350723.98491873
74357130.02478081
74363536.61658567
74369943.76038091
74376351.45621406
74382759.70413283
74389168.50418448
74395577.85641676
74401987.76087739
74408398.21761364
74414809.22667323
74421220.78810377
74427632.90195286
74434045.56826822
74440458.78709717
74446872.55848745
74453286.88248667
74459701.75914246
74466117.18850258
74472533.17061433
74478949.70552552
74485366.79328375
74491784.43393666
74498202.62753204
74504621.37411723
74511040.67374003
74517460.52644823
74523880.93228905
74530301.89131074
74536723.4035605
74543145.46908617
74549568.08793555
74555991.26015602
74562414.98579541
74568839.2649014
74575264.09752168
74581689.48370409
74588115.42349602
74594541.91694532
74600968.96409969
74607396.56500685
74613824.71971466
74620253.42827052
74626682.69072232
74633112.50711775
74639542.87750457
74645973.80193065
74652405.28044343
74658837.3130908
74665269.89992066
74671703.04098043
74678136.73631804
74684570.98598123
74691005.79001777
74697441.14847559
74703877.06140213
74710313.52884531
74716750.55085294
74723188.12747279
74729626.25875278
74736064.9447404
74742504.1854836
74748943.98103018
74755384.33142795
74761825.23672485
74768266.6969684
74774708.71220657
74781151.2824873
74787594.40785815
74794038.08836706
74800482.32406189
74806927.11499044
74813372.46120074
74819818.36274032
74826264.81965716
74832711.83199914
74839159.39981407
74845607.52315001
74852056.20205449
74858505.43657555
74864955.22676103
74871405.57265884
74877856.47431698
74884307.93178308
74890759.94510512
74897212.51433119
74903665.63950886
74910119.32068619
74916573.55791108
74923028.35123144
74929483.70069535
74935939.60635039
74942396.06824467
74948853.0864261
74955310.66094258
74961768.79184225
74968227.47917272
74974686.72298208
74981146.52331826
74987606.88022925
74994067.79376313
75000529.26396754
75006991.29089063
75013453.87458052
75019917.01508468
75026380.71245173
75032844.96672918
75039309.77796517
75045775.14620784
75052241.07150488
75058707.55390441
75065174.59345448
75071642.19020306
75078110.34419832
75084579.05548795
75091048.32412015
75097518.15014291
75103988.53360428
75110459.47455242
75116930.97303508
75123403.02910043
75129875.64279668
75136348.8141714
75142822.54327327
75149296.83014986
75155771.6748494
75162247.0774201
75168723.03790973
75175199.55636649
75181676.63283847
75188154.26737374
75194632.46002056
75201111.21082668
75207590.51984036
75214070.38710968
75220550.81268276
75227031.79660784
75233513.33893274
75239995.4397057
75246478.09897485
75252961.31678832
75259445.09319437
75265929.42824082
75272414.32197596
75278899.77444808
75285385.78570503
75291872.3557951
75298359.48476642
75304847.17266716
75311335.41954562
75317824.22544968
75324313.59042762
75330803.51452765
75337293.9977979
75343785.04028675
75350276.64204204
75356768.80311212
75363261.52354519
75369754.80338942
75376248.64269319
75382743.04150438
75389237.99987134
75395733.51784247
75402229.59546566
75408726.23278926
75415223.42986153
75421721.18673067
75428219.50344509
75434718.3800527
75441217.81660189
75447717.81314093
75454218.36971804
75460719.48638165
75467221.1631797
75473723.4001606
75480226.19737262
75486729.55486402
75493233.47268324
75499737.95087825
75506242.98949747
75512748.58858936
75519254.74820189
75525761.46838352
75532268.74918254
75538776.59064725
75545284.9928261
75551793.95576712
75558303.47951877
75564813.56412937
75571324.20964722
75577835.41612084
75584347.18359822
75590859.51212786
75597372.40175812
75603885.85253732
75610399.86451398
75616914.43773612
75623429.57225227
75629945.26811095
75636461.52536005
75642978.34404856
75649495.72422439
75656013.66593608
75662532.16923214
75669051.23416069
75675570.86077024
75682091.04910919
75688611.79922596
75695133.11116907
75701654.98498665
75708177.42072725
75714700.4184393
75721223.97817118
75727748.09997153
75734272.78388841
75740798.02997045
75747323.83826621
75753850.20882368
75760377.14169192
75766904.63691893
75773432.69455329
75779961.31464362
75786490.49723808
75793020.2423853
75799550.55013372
75806081.42053184
75812612.85362828
75819144.8494712
75825677.40810926
75832210.52959096
75838744.21396478
75845278.46127935
75851813.2715829
75858348.64492409
75864884.5813514
75871421.08091338
75877958.14365868
75884495.76963553
75891033.9588926
75897572.71147858
75904112.02744171
75910651.90683067
75917192.349694
75923733.35608026
75930274.92603818
75936817.05961595
75943359.75686234
75949903.0178259
75956446.84255518
75962991.23109894
75969536.18350542
75976081.69982336
75982627.78010137
75989174.42438804
75995721.63273208
76002269.40518181
76008817.741786
76015366.64259338
76021916.10765228
76028466.13701145
76035016.73071952
76041567.8888251
76048119.61137702
76054671.89842354
76061224.75001349
76067778.1661955
76074332.14701821
76080886.69253044
76087441.80278051
76093997.47781725
76100553.71768934
76107110.5224454
76113667.8921343
76120225.82680435
76126784.32650445
76133343.3912834
76139903.02118957
76146463.21627183
76153023.97657886
76159585.30215937
76166147.19306222
76172709.64933579
76179272.67102896
76185836.25819044
76192400.41086896
76198965.12911339
76205530.41297217
76212096.26249415
76218662.6777281
76225229.65872276
76231797.20552701
76238365.31818931
76244933.99675855
76251503.24128366
76258073.05181293
76264643.42839576
76271214.37108043
76277785.8799159
76284357.95495108
76290930.59623446
76297503.80381496
76304077.57774141
76310651.91806257
76317226.82482742
76323802.29808444
76330378.3378826
76336954.9442707
76343532.11729757
76350109.8570122
76356688.16346309
76363267.03669922
76369846.47676942
76376426.48372255
76383007.05760759
76389588.19847308
76396169.90636803
76402752.18134145
76409335.0234419
76415918.43271837
76422502.40921974
76429086.9529949
76435672.06409284
76442257.74256219
76448843.98845194
76455430.801811
76462018.18268825
76468606.13113277
76475194.64719312
76481783.73091836
76488373.38235743
76494963.60155922
76501554.38857283
76508145.74344683
76514737.66623032
76521330.15697241
76527923.2157217
76534516.84252729
76541111.03743811
76547705.80050313
76554301.13177145
76560897.03129171
76567493.49911304
76574090.53528439
76580688.13985473
76587286.3128732
76593885.05438845
76600484.36444962
76607084.24310571
76613684.6904057
76620285.70639874
76626887.29113352
76633489.4446592
76640092.16702494
76646695.45827943
76653299.31847186
76659903.74765123
76666508.74586658
76673114.3131671
76679720.44960147
76686327.15521893
76692934.4300685
76699542.27419922
76706150.68766029
76712759.67050047
76719369.22276898
76725979.34451485
76732590.03578717
76739201.29663515
76745813.12710758
76752425.52725366
76759038.49712266
76765652.03676333
76772266.14622493
76778880.82555656
76785496.0748073
76792111.89402644
76798728.28326276
76805345.24256553
76811962.77198385
76818580.87156686
76825199.54136385
76831818.78142361
76838438.59179546
76845058.97252852
76851679.92367193
76858301.44527501
76864923.53738657
76871546.20005594
76878169.43333244
76884793.23726475
76891417.61190267
76898042.5572949
76904668.07349078
76911294.16053966
76917920.81849037
76924548.04739228
76931175.84729458
76937804.21824649
76944433.16029733
76951062.67349601
76957692.7578919
76964323.41353421
76970954.64047216
76977586.43875512
76984218.80843201
76990851.74955224
76997485.26216501
77004119.34631957
77010754.00206533
77017389.22945122
77024025.02852666
77030661.39934105
77037298.34194332
77043935.85638294
77050573.94270913
77057212.60097119
77063851.83121856
77070491.63350017
77077132.00786552
77083772.95436387
77090414.4730445
77097056.56395689
77103699.22715002
77110342.46267335
77116986.27057621
77123630.6509079
77130275.60371791
77136921.12905523
77143567.22696936
77150213.8975098
77156861.14072555
77163508.95666613
77170157.34538086
77176806.30691911
77183455.8413304
77190105.94866374
77196756.62896869
77203407.8822946
77210059.70869082
77216712.10820693
77223365.08089195
77230018.62679544
77236672.74596679
77243327.4384554
77249982.7043108
77256638.54358211
77263294.95631887
77269951.94257064
77276609.50238654
77283267.63581613
77289926.34290883
77296585.62371409
77303245.47828147
77309905.90666011
77316566.9088996
77323228.48504938
77329890.63515891
77336553.3592778
77343216.65745516
77349880.52974065
77356544.97618371
77363209.99683382
77369875.5917406
77376541.76095322
77383208.50452133
77389875.82249455
77396543.71492207
77403212.18185355
77409881.22333847
77416550.83942634
77423221.03016683
77429891.79560915
77436563.13580295
77443235.05079776
77449907.54064311
77456580.60538867
77463254.24508367
77469928.45977782
77476603.24952063
77483278.61436167
77489954.55435063
77496631.06953678
77503308.15996979
77509985.82569942
77516664.06677476
77523342.88324599
77530022.27516222
77536702.2425732
77543382.78552867
77550063.9040779
77556745.59827064
77563427.8681565
77570110.71378504
77576794.13520607
77583478.13246886
77590162.7056232
77596847.8547187
77603533.57980497
77610219.88093181
77616906.75814854
77623594.21150494
77630282.24105065
77636970.84683532
77643660.02890876
77650349.7873203
77657040.12211977
77663731.03335698
77670422.52108127
77677114.58534247
77683807.22619027
77690500.44367433
77697194.2378445
77703888.60875015
77710583.55644114
77717279.08096714
77723975.18237789
77730671.86072321
77737369.11605251
77744066.94841567
77750765.3578624
77757464.34444241
77764163.9082056
77770864.04920137
77777564.76747963
77784266.06309025
77790967.93608269
77797670.38650683
77804373.41441242
77811077.01984924
77817781.2028672
77824485.96351571
77831191.30184476
77837897.21790408
77844603.71174344
77851310.78341283
77858018.43296166
77864726.66043991
77871435.46589738
77878144.84938385
77884854.81094928
77891565.35064319
77898276.46851552
77904988.16461624
77911700.43899487
77918413.2917014
77925126.72278564
77931840.73229744
77938555.32028677
77945270.48680317
77951986.23189667
77958702.55561708
77965419.45801426
77972136.93913825
77978854.99903856
77985573.63776526
77992292.8553682
77999012.65189724
78005733.02740245
78012453.98193337
78019175.51554006
78025897.62827258
78032620.32018049
78039343.59131385
78046067.4417226
78052791.87145661
78059516.88056599
78066242.4691003
78072968.63710965
78079695.38464396
78086422.71175316
78093150.61848736
78099879.10489616
78106608.17102967
78113337.81693785
78120068.04267064
78126798.84827816
78133530.23381007
78140262.19931646
78146994.74484749
78153727.87045266
78160461.57618256
78167195.86208671
78173930.72821526
78180666.17461835
78187402.20134568
78194138.80844738
78200875.99597348
78207613.76397398
78214352.11249904
78221091.04159838
78227830.55132218
78234570.64172046
78241311.31284323
78248052.56474072
78254794.39746264
78261536.81105918
78268279.80558039
78275023.38107634
78281767.53759722
78288512.27519281
78295257.5939133
78302003.49380893
78308749.97492945
78315497.03732511
78322244.68104598
78328992.90614216
78335741.71266389
78342491.10066095
78349241.0701836
78355991.62128194
78362742.75400609
78369494.4684063
78376246.76453239
78382999.64243463
78389753.10216315
78396507.14376807
78403261.76729971
78410016.97280785
78416772.76034284
78423529.12995493
78430286.081694
78437043.61561036
78443801.73175415
78450560.43017554
78457319.71092486
78464079.57405198
78470840.01960722
78477601.04764076
78484362.65820278
78491124.85134366
78497887.62711325
78504650.98556192
78511414.92673987
78518179.4506973
78524944.5574846
78531710.24715164
78538476.51974884
78545243.37532654
78552010.81393468
78558778.83562365
78565547.44044368
78572316.628445
78579086.39967805
78585856.75419274
78592627.69203949
78599399.21326856
78606171.3179302
78612944.00607488
78619717.27775249
78626491.13301352
78633265.57190822
78640040.5944869
78646816.2008
78653592.39089748
78660369.16482982
78667146.52264747
78673924.46440043
78680702.99013916
78687482.09991397
78694261.7937752
78701042.07177332
78707822.93395835
78714604.38038076
78721386.41109093
78728169.02613916
78734952.22557598
78741736.0094514
78748520.37781598
78755305.33072002
78762090.86821392
78768876.9903482
78775663.69717292
78782450.98873861
78789238.86509581
78796027.32629442
78802816.37238547
78809606.0034189
78816396.21944523
78823187.02051505
78829978.40667845
78836770.37798597
78843562.93448806
78850356.07623513
78857149.80327775
78863944.11566605
78870739.01345061
78877534.49668185
78884330.56541026
78891127.21968642
78897924.45956044
78904722.28508297
78911520.69630444
78918319.69327535
78925119.27604629
78931919.44466743
78938720.1991894
78945521.53966285
78952323.46613795
78959125.97866534
78965929.0772955
78972732.76207896
78979537.03306635
78986341.89030789
78993147.33385423
78999953.36375588
79006759.98006338
79013567.18282741
79020374.97209817
79027183.34792636
79033992.31036252
79040801.85945718
79047611.99526106
79054422.71782438
79061234.02719787
79068045.92343223
79074858.40657772
79081671.47668505
79088485.13380481
79095299.37798756
79102114.20928407
79108929.62774459
79115745.63341984
79122562.22636047
79129379.40661703
79136197.17424032
79143015.5292806
79149834.47178866
79156654.0018151
79163474.11941054
79170294.82462579
79177116.11751114
79183937.99811739
79190760.46649532
79197583.52269527
79204407.16676806
79211231.3987643
79218056.21873468
79224881.62673001
79231707.62280063
79238534.20699738
79245361.37937091
79252189.13997193
79259017.48885125
79265846.42605925
79272675.95164678
79279506.06566453
79286336.76816322
79293168.05919367
79299999.93880631
79306832.407052
79313665.4639816
79320499.10964537
79327333.34409466
79334168.16737975
79341003.57955149
79347839.58066082
79354676.17075813
79361513.34989433
79368351.1181202
79375189.47548647
79382028.42204407
79388867.95784344
79395708.08293551
79402548.79737106
79409390.10120085
79416231.99447584
79423074.4772465
79429917.54956377
79436761.21147859
79443605.4630413
79450450.30430336
79457295.73531507
79464141.7561274
79470988.36679135
79477835.5673574
79484683.35787655
79491531.73839962
79498380.70897746
79505230.26966107
79512080.42050095
79518931.16154811
79525782.49285342
79532634.41446774
79539486.92644207
79546340.02882697
79553193.72167346
79560048.0050324
79566902.87895472
79573758.34349142
79580614.39869307
79587471.04461072
79594328.28129546
79601186.10879783
79608044.52716891
79614903.53645961
79621763.13672085
79628623.32800369
79635484.11035874
79642345.4838371
79649207.44848968
79656070.00436743
79662933.15152144
79669796.89000235
79676661.21986125
79683526.14114912
79690391.65391688
79697257.75821567
79704124.45409614
79710991.74160941
79717859.62080663
79724728.09173846
79731597.15445602
79738466.80901031
79745337.05545235
79752207.89383325
79759079.32420371
79765951.34661491
79772823.96111785
79779697.16776355
79786570.96660317
79793445.35768744
79800320.34106752
79807195.91679446
79814072.08491929
79820948.84549323
79827826.19856697
79834704.14419174
79841582.68241876
79848461.81329876
79855341.53688295
79862221.85322243
79869102.76236823
79875984.26437163
79882866.35928336
79889749.04715466
79896632.32803665
79903516.20198041
79910400.6690372
79917285.72925778
79924171.38269344
79931057.62939528
79937944.46941441
79944831.90280215
79951719.92960925
79958608.54988705
79965497.7636868
79972387.57105917
79979277.97205596
79986168.96672782
79993060.55512606
79999952.737302
80006845.5133065
80013738.88319084
80020632.84700622
80027527.40480381
80034422.55663493
80041318.30255046
80048214.64260176
80055111.57683998
80062009.10531634
80068907.2280822
80075805.94518843
80082705.25668642
80089605.16262753
80096505.66306248
80103406.75804317
80110308.44762032
80117210.73184532
80124113.61076957
80131017.084444
80137921.15292
80144825.8162488
80151731.07448168
80158636.92767006
80165543.37586488
80172450.41911754
80179358.05747932
80186266.29100151
80193175.11973555
80200084.54373239
80206994.56304348
80213905.1777201
80220816.38781357
80227728.19337533
80234640.59445639
80241553.5911082
80248467.18338224
80255381.3713295
80262296.15500149
80269211.5344495
80276127.50972489
80283044.08087915
80289961.2479633
80296879.01102883
80303797.37012711
80310716.32530949
80317635.87662749
80324556.02413215
80331476.76787497
80338398.10790737
80345320.0442807
80352242.5770465
80359165.70625584
80366089.43196027
80373013.75421135
80379938.67306015
80386864.18855822
80393790.30075699
80400717.00970785
80407644.31546241
80414572.21807173
80421500.71758743
80428429.8140609
80435359.50754361
80442289.79808715
80449220.68574263
80456152.17056166
80463084.25259571
80470016.93189621
80476950.2085148
80483884.0825026
80490818.55391127
80497753.62279242
80504689.28919724
80511625.55317733
80518562.4147842
80525499.87406933
80532437.93108441
80539376.58588058
80546315.83850951
80553255.68902273
80560196.13747174
80567137.18390822
80574078.82838337
80581021.07094888
80587963.91165628
80594907.3505571
80601851.38770306
80608796.02314536
80615741.25693573
80622687.08912587
80629633.51976685
80636580.5489109
80643528.17660908
80650476.40291315
80657425.22787482
80664374.65154535
80671324.6739765
80678275.29521984
80685226.51532699
80692178.33434969
80699130.75233921
80706083.76934735
80713037.3854257
80719991.60062587
80726946.41499966
80733901.82859838
80740857.84147377
80747814.45367768
80754771.66526124
80761729.47627674
80768687.88677533
80775646.89680885
80782606.5064291
80789566.71568742
80796527.52463563
80803488.93332541
80810450.94180843
80817413.55013654
80824376.75836107
80831340.5665339
80838304.9747067
80845269.98293117
80852235.59125917
80859201.7997421
80866168.60843182
80873136.01738003
80880104.02663846
80887072.636259
80894041.84629306
80901011.6567925
80907982.06780925
80914953.07939471
80921924.6916008
80928896.90447925
80935869.71808183
80942843.13246047
80949817.14766657
80956791.7637521
80963766.98076881
80970742.79876848
80977719.21780306
80984696.237924
80991673.85918325
80998652.08163261
81005630.9053239
81012610.33030903
81019590.35663955
81026570.98436737
81033552.21354452
81040534.04422246
81047516.4764532
81054499.51028857
81061483.14578038
81068467.38298066
81075452.2219409
81082437.66271314
81089423.70534922
81096410.34990099
81103397.59642047
81110385.44495921
81117373.89556925
81124362.94830243
81131352.60321067
81138342.860346
81145333.71975999
81152325.18150467
81159317.24563213
81166309.91219391
81173303.18124211
81180297.05282862
81187291.52700539
81194286.60382445
81201282.28333744
81208278.56559643
81215275.45065336
81222272.93856016
81229271.02936894
81236269.72313131
81243269.0198994
81250268.91972515
81257269.42266053
81264270.52875766
81271272.2380682
81278274.55064425
81285277.46653798
81292280.98580086
81299285.10848556
81306289.83464356
81313295.16432703
81320301.0975881
81327307.63447848
81334314.77505034
81341322.51935568
81348330.86744653
81355339.81937507
81362349.375193
81369359.5349525
81376370.29870564
81383381.66650443
81390393.63840109
81397406.21444733
81404419.39469537
81411433.1791973
81418447.56800513
81425462.56117113
81432478.15874702
81439494.36078507
81446511.16733748
81453528.57845604
81460546.594193
81467565.21460044
81474584.43973048
81481604.26963536
81488624.70436688
81495645.7439773
81502667.38851875
81509689.63804334
81516712.49260338
81523735.95225063
81530760.01703744
81537784.6870159
81544809.96223818
81551835.8427566
81558862.32862297
81565889.4198896
81572917.11660884
81579945.41883251
81586974.32661295
81594003.84000233
81601033.95905285
81608064.68381682
81615096.01434612
81622127.95069312
81629160.49291
81636193.64104897
81643227.39516239
81650261.75530215
81657296.72152063
81664332.29387005
81671368.47240262
81678405.25717075
81685442.64822635
81692480.64562179
81699519.24940951
81706558.45964141
81713598.27636991
81720638.69964728
81727679.72952576
81734721.36605778
81741763.6092953
81748806.45929071
81755849.91609634
81762893.97976446
81769938.65034752
81776983.92789747
81784029.81246679
81791076.30410774
81798123.40287268
81805171.10881406
81812219.42198385
81819268.34243456
81826317.87021866
81833368.00538816
81840418.74799554
81847470.09809315
81854522.05573334
81861574.6209686
81868627.79385094
81875681.57443292
81882735.96276689
81889790.95890518
81896846.56290035
81903902.77480444
81910959.59467
81918017.02254939
81925075.05849501
81932133.70255941
81939192.95479468
81946252.81525335
81953313.283988
81960374.36105055
81967436.04649407
81974498.34037049
81981561.24273239
81988624.75363237
81995688.87312251
82002753.60125543
82009818.93808357
82016884.88365938
82023951.43803546
82031018.60126394
82038086.37339744
82045154.75448842
82052223.74458937
82059293.3437529
82066363.55203117
82073434.36947684
82080505.79614235
82087577.83208025
82094650.47734316
82101723.73198326
82108797.59605321
82115872.06960571
82122947.1526929
82130022.8453675
82137099.14768201
82144176.05968899
82151253.58144109
82158331.71299054
82165410.45439003
82172489.80569214
82179569.76694939
82186650.33821449
82193731.51953968
82200813.3109777
82207895.71258111
82214978.72440247
82222062.34649454
82229146.57890955
82236231.42170025
82243316.87491943
82250402.93861932
82257489.6128527
82264576.89767215
82271664.79313031
82278753.29927993
82285842.41617332
82292932.14386326
82300022.48240235
82307113.43184327
82314204.99223877
82321297.1636412
82328389.94610335
82335483.33967786
82342577.3444174
82349671.96037479
82356767.18760236
82363863.02615292
82370959.47607934
82378056.53743397
82385154.21026962
82392252.494639
82399351.3905948
82406450.89818986
82413551.01747657
82420651.74850778
82427753.09133622
82434855.04601458
82441957.61259575
82449060.79113214
82456164.5816766
82463268.9842819
82470373.99900074
82477479.62588607
82484585.86499026
82491692.71636625
82498800.18006696
82505908.25614479
82513016.94465268
82520126.2456434
82527236.15916975
82534346.68528463
82541457.8240405
82548569.57549031
82555681.93968686
82562794.91668294
82569908.5065315
82577022.70928504
82584137.52499652
82591252.95371874
82598368.99550451
82605485.65040687
82612602.91847825
82619720.79977168
82626839.29434016
82633958.40223603
82641078.12351279
82648198.4582228
82655319.40641908
82662440.96815464
82669563.14348203
82676685.93245426
82683809.33512421
82690933.35154477
82698057.98176898
82705183.22584939
82712309.08383904
82719435.55579086
82726562.64175771
82733690.3417927
82740818.65594837
82747947.58427781
82755077.12683395
82762207.28366968
82769338.05483814
82776469.44039188
82783601.44038403
82790734.0548677
82797867.28389548
82805001.1275205
82812135.58579572
82819270.65877406
82826406.34650871
82833542.64905225
82840679.56645785
82847817.09877847
82854955.2460671
82862094.0083769
82869233.3857605
82876373.37827109
82883513.98596165
82890655.20888518
82897797.04709488
82904939.5006434
82912082.56958395
82919226.25396971
82926370.55385338
82933515.46928813
82940661.00032702
82947807.14702308
82954953.90942954
82962101.28759909
82969249.28158498
82976397.89144023
82983547.11721793
82990696.95897132
82997847.41675311
83004998.49061659
83012150.18061478
83019302.48680082
83026455.40922795
83033608.94794892
83040763.103017
83047917.87448548
83055073.26240711
83062229.26683518
83069385.8878228
83076543.12542312
83083700.97968942
83090859.45067449
83098018.53843163
83105178.24301398
83112338.5644747
83119499.50286712
83126661.05824402
83133823.23065875
83140986.02016447
83148149.42681436
83155313.45066175
83162478.09175949
83169643.3501609
83176809.22591938
83183975.71908775
83191142.82971938
83198310.55786748
83205478.90358527
83212647.86692609
83219817.44794285
83226987.64668892
83234158.46321753
83241329.8975819
83248501.94983545
83255674.62003106
83262847.90822214
83270021.81446196
83277196.33880374
83284371.48130094
83291547.24200644
83298723.6209737
83305900.61825615
83313078.23390657
83320256.46797891
83327435.32052593
83334614.7916011
83341794.88125788
83348975.58954923
83356156.91652861
83363338.86224934
83370521.42676473
83377704.61012825
83384888.4123929
83392072.83361214
83399257.87383935
83406443.53312783
83413629.8115311
83420816.70910214
83428004.2258945
83435192.3619615
83442381.11735652
83449570.4921331
83456760.48634423
83463951.10004349
83471142.3332844
83478334.18612
83485526.65860385
83492719.75078933
83499913.46272986
83507107.79447897
83514302.74608976
83521498.31761578
83528694.50911044
83535891.32062718
83543088.75221957
83550286.80394071
83557485.47584419
83564684.76798345
83571884.68041193
83579085.21318324
83586286.3663505
83593488.1399673
83600690.53408732
83607893.54876363
83615097.1840499
83622301.4399996
83629506.31666619
83636711.81410332
83643917.93236417
83651124.67150235
83658332.03157139
83665540.01262477
83672748.61471619
83679957.83789879
83687167.68222626
83694378.14775212
83701589.23452991
83708800.9426133
83716013.27205549
83723226.2229102
83730439.79523112
83737653.98907146
83744868.80448495
83752084.24152514
83759300.3002456
83766516.98070003
83773734.2829417
83780952.20702432
83788170.75300148
83795389.92092678
83802609.71085395
83809830.12283625
83817051.15692745
83824272.81318115
83831495.09165096
83838717.99239065
83845941.51545349
83853165.66089329
83860390.42876382
83867615.8191184
83874841.83201079
83882068.46749467
83889295.72562365
83896523.60645157
83903752.11003174
83910981.23641796
83918210.98566392
83925441.35782327
83932672.35294986
83939903.971097
83947136.21231858
83954369.07666826
83961602.56419973
83968836.67496684
83976071.40902299
83983306.766422
83990542.74721777
83997779.35146353
84005016.57921362
84012254.4305213
84019492.90544043
84026732.00402494
84033971.72632821
84041212.07240415
84048453.0423065
84055694.63608901
84062936.85380562
84070179.69550973
84077423.16125527
84084667.25109603
84091911.96508574
84099157.3032784
84106403.2657274
84113649.85248674
84120897.06361018
84128144.89915153
84135393.35916476
84142642.44370332
84149892.15282121
84157142.4865724
84164393.44501036
84171645.0281891
84178897.23616244
84186150.06898421
84193403.52670842
84200657.60938857
84207912.31707868
84215167.6498326
84222423.60770418
84229680.19074745
84236937.39901595
84244195.2325637
84251453.69144458
84258712.77571248
84265972.48542142
84273232.82062499
84280493.78137723
84287755.3677322
84295017.57974347
84302280.41746514
84309543.88095108
84316807.97025523
84324072.68543167
84331338.026534
84338603.99361631
84345870.58673252
84353137.8059366
84360405.65128264
84367674.12282427
84374943.22061557
84382212.94471054
84389483.29516312
84396754.27202748
84404025.8753572
84411298.10520646
84418570.9616294
84425844.44467966
84433118.55441143
84440393.29087867
84447668.65413539
84454944.64423577
84462221.26123348
84469498.50518268
84476776.37613742
84484054.8741517
84491333.99927975
84498613.75157522
84505894.13109234
84513175.13788514
84520456.77200767
84527739.03351417
84535021.92245832
84542305.43889438
84549589.58287656
84556874.35445844
84564159.75369476
84571445.7806391
84578732.4353457
84586019.71786883
84593307.62826224
84600596.16658019
84607885.33287679
84615175.12720613
84622465.54962252
84629756.6001797
84637048.278932
84644340.58593352
84651633.52123839
84658927.08490093
84666221.27697492
84673516.09751469
84680811.54657455
84688107.62420812
84695404.3304703
84702701.66541468
84709999.62909563
84717298.22156748
84724597.44288407
84731897.29309975
84739197.7722687
84746498.88044512
84753800.61768338
84761102.98403734
84768405.97956134
84775709.60430965
84783013.85833642
84790318.74169609
84797624.2544425
84804930.39663008
84812237.16831304
84819544.56954564
84826852.60038228
84834161.26087688
84841470.55108382
84848780.47105758
84856091.02085203
84863402.20052165
84870714.01012067
84878026.4497034
84885339.51932427
84892653.21903723
84899967.54889673
84907282.50895707
84914598.09927255
84921914.31989764
84929231.17088631
84936548.65229303
84943866.76417212
84951185.50657792
84958504.87956491
84965824.88318709
84973145.51749894
84980466.78255501
84987788.67840928
84995111.20511626
85002434.36273032
85009758.15130582
85017082.5708973
85024407.62155877
85031733.30334479
85039059.6163097
85046386.56050794
85053714.13599403
85061042.34282202
85068371.18104649
85075700.65072183
85083030.75190246
85090361.48464297
85097692.84899738
85105024.84502034
85112357.47276643
85119690.73228972
85127024.62364481
85134359.14688617
85141694.30206822
85149030.08924559
85156366.50847237
85163703.55980322
85171041.24329257
85178379.55899492
85185718.50696488
85193058.08725661
85200398.29992473
85207739.14502376
85215080.62260818
85222422.73273265
85229765.47545132
85237108.85081889
85244452.85889001
85251797.4997187
85259142.77336015
85266488.67986839
85273835.21929808
85281182.39170398
85288530.19714023
85295878.63566157
85303227.70732255
85310577.41217771
85317927.75028178
85325278.72168899
85332630.32645406
85339982.56463157
85347335.43627608
85354688.94144236
85362043.08018462
85369397.85255767
85376753.25861624
85384109.29841441
85391465.9720075
85398823.27944957
85406181.22079541
85413539.79609983
85420899.0054171
85428258.84880199
85435619.32630916
85442980.43799324
85450342.18390906
85457704.56411088
85465067.57865354
85472431.22759172
85479795.51098005
85487160.42887338
85494525.98132601
85501892.16839282
85509258.99012847
85516626.44658765
85523994.53782523
85531363.26389551
85538732.62485342
85546102.6207538
85553473.25165102
85560844.51759996
85568216.41865534
85575588.95487186
85582962.12630446
85590335.9330075
85597710.37503588
85605085.45244436
85612461.16528766
85619837.51362072
85627214.49749795
85634592.11697426
85641970.37210444
85649349.26294324
85656728.7895456
85664108.95196597
85671489.7502593
85678871.18448053
85686253.25468414
85693635.96092507
85701019.30325814
85708403.28173813
85715787.89642006
85723173.14735837
85730559.03460807
85737945.55822396
85745332.71826088
85752720.51477386
85760108.94781737
85767498.01744643
85774887.72371589
85782278.0666806
85789669.0463956
85797060.6629154
85804452.91629502
85811845.80658953
85819239.33385345
85826633.49814186
85834028.2995096
85841423.7380116
85848819.8137029
85856216.52663808
85863613.8768722
85871011.86446016
85878410.48945689
85885809.7519175
85893209.65189654
85900610.18944912
85908011.36463016
85915413.17749462
85922815.62809761
85930218.71649371
85937622.44273809
85945026.80688582
85952431.8089914
85959837.44911045
85967243.72729744
85974650.64360751
85982058.19809583
85989466.39081702
85996875.22182626
86004284.69117852
86011694.79892881
86019105.54513232
86026516.92984371
86033928.95311815
86041341.61501068
86048754.91557631
86056168.85487023
86063583.43294716
86070998.64986227
86078414.50567082
86085831.00042729
86093248.13418746
86100665.90700585
86108084.3189377
86115503.37003826
86122923.06036222
86130343.38996486
86137764.35890125
86145185.96722648
86152608.2149958
86160031.10226399
86167454.62908627
86174878.79551779
86182303.60161363
86189729.04742908
86197155.13301894
86204581.85843846
86212009.22374281
86219437.2289871
86226865.87422666
86234295.15951625
86241725.08491121
86249155.65046689
86256586.85623805
86264018.70228006
86271451.18864806
86278884.31539725
86286318.08258297
86293752.49026002
86301187.5384838
86308623.22730948
86316059.55679226
86323496.52698751
86330934.13795008
86338372.38973536
86345811.28239857
86353250.8159949
86360690.99057978
86368131.80620807
86375573.26293519
86383015.36081655
86390458.09990703
86397901.48026204
86405345.50193685
86412790.16498673
86420235.46946709
86427681.41543286
86435128.00293948
86442575.23204221
86450023.10279636
86457471.61525737
86464920.76948018
86472370.56552027
86479821.00343293
86487272.08327346
86494723.80509736
86502176.16895957
86509629.1749156
86517082.82302094
86524537.11333056
86531992.04589999
86539447.62078455
86546903.83803958
86554360.69772062
86561818.19988264
86569276.3445812
86576735.13187166
86584194.56180936
86591654.63444985
86599115.3498482
86606576.7080599
86614038.70914038
86621501.353145
86628964.64012936
86636428.5701485
86643893.14325798
86651358.35951339
86658824.21896963
86666290.7216828
86673757.86770782
86681225.65710029
86688694.0899158
86696163.16620944
86703632.88603684
86711103.24945344
86718574.25651468
86726045.90727623
86733518.20179315
86740991.14012112
86748464.72231558
86755938.94843203
86763413.81852612
86770889.33265297
86778365.49086826
86785842.29322748
86793319.73978613
86800797.83059989
86808276.56572391
86815755.9452139
86823235.96912552
86830716.63751398
86838197.95043495
86845679.907944
86853162.51009662
86860645.75694858
86868129.64855503
86875614.18497172
86883099.3662542
86890585.19245805
86898071.66363898
86905558.77985224
86913046.54115357
86920534.94759853
86928023.99924274
86935513.69614194
86943004.03835139
86950495.02592686
86957986.65892413
86965478.93739846
86972971.86140564
86980465.43100128
86987959.64624101
86995454.50718063
87002950.01387544
87010446.16638122
87017942.96475364
87025440.40904835
87032938.49932118
87040437.2356274
87047936.61802287
87055436.64656328
87062937.32130428
87070438.64230171
87077940.60961092
87085443.22328776
87092946.48338811
87100450.3899673
87107954.94308122
87115460.14278556
87122965.98913604
87130472.48218855
87137979.62199844
87145487.40862165
87152995.84211387
87160504.92253086
87168014.64992853
87175525.02436225
87183036.04588796
87190547.71456142
87198060.03043838
87205572.9935748
87213086.60402605
87220600.86184812
87228115.76709695
87235631.31982796
87243147.52009712
87250664.36796023
87258181.86347307
87265700.00669165
87273218.79767138
87280738.23646827
87288258.32313815
87295779.05773681
87303300.44032027
87310822.470944
87318345.14966403
87325868.47653617
87333392.45161629
87340917.0749604
87348442.346624
87355968.26666313
87363494.83513385
87371022.05209148
87378549.91759259
87386078.43169254
87393607.5944474
87401137.40591322
87408667.86614555
87416198.97520044
87423730.73313384
87431263.14000161
87438796.19585985
87446329.90076414
87453864.25477056
87461399.25793506
87468934.91031355
87476471.21196213
87484008.16293643
87491545.76329254
87499084.01308642
87506622.91237402
87514162.4612115
87521702.65965444
87529243.50775899
87536785.00558133
87544327.15317705
87551869.95060235
87559413.39791319
87566957.49516556
87574502.24241565
87582047.63971911
87589593.68713214
87597140.38471071
87604687.73251088
87612235.73058882
87619784.37900023
87627333.67780131
87634883.62704808
87642434.22679661
87649985.4771031
87657537.37802327
87665089.92961334
87672643.13192955
87680196.98502761
87687751.48896377
87695306.6437941
87702862.44957471
87710418.90636183
87717976.01421121
87725533.77317911
87733092.18332165
87740651.24469493
87748210.95735523
87755771.32135831
87763332.33676048
87770894.00361784
87778456.32198653
87786019.29192288
87793582.91348265
87801147.18672216
87808712.11169776
87816277.68846524
87823843.91708092
87831410.79760097
87838978.33008157
87846546.51457906
87854115.35114926
87861684.83984853
87869254.98073307
87876825.77385905
87884397.21928288
87891969.31706037
87899542.06724791
87907115.46990174
87914689.52507804
87922264.23283324
87929839.59322318
87937415.6063043
87944992.272133
87952569.59076515
87960147.56225719
87967726.18666537
87975305.46404594
87982885.39445534
87990465.97794947
87998047.2145848
88005629.10441758
88013211.6475041
88020794.84390083
88028378.69366369
88035963.19684915
88043548.35351352
88051134.16371311
88058720.6275044
88066307.74494332
88073895.5160864
88081483.94099014
88089073.0197103
88096662.75230397
88104253.13882692
88111844.17933568
88119435.8738868
88127028.22253624
88134621.22534053
88142214.88235608
88149809.1936392
88157404.15924649
88164999.77923395
88172596.05365811
88180192.9825754
88187790.5660422
88195388.80411507
88202987.69685006
88210587.24430375
88218187.44653256
88225788.3035929
88233389.81554139
88240991.98243406
88248594.80432753
88256198.28127843
88263802.41334283
88271407.20057736
88279012.64303845
88286618.74078259
88294225.49386637
88301832.90234594
88309440.96627793
88317049.6857188
88324659.06072506
88332269.09135334
88339879.77765979
88347491.11970109
88355103.1175337
88362715.77121416
88370329.08079915
88377943.04634482
88385557.66790785
88393172.94554496
88400788.87931232
88408405.46926664
88416022.71546444
88423640.6179623
88431259.17681691
88438878.39208446
88446498.26382172
88454118.79208522
88461739.97693154
88469361.81841743
88476984.3165991
88484607.47153331
88492231.28327666
88499855.75188573
88507480.8774173
88515106.6599276
88522733.09947343
88530360.19611156
88537987.94989827
88545616.36089034
88553245.4291444
88560875.15471709
88568505.5376652
88576136.57804503
88583768.2759134
88591400.63132696
88599033.64434236
88606667.31501643
88614301.64340551
88621936.6295664
88629572.2735558
88637208.5754304
88644845.53524703
88652483.15306205
88660121.4289323
88667760.3629147
88675399.95506555
88683040.20544176
88690681.11410004
88698322.68109712
88705964.90648988
88713607.79033469
88721251.33268848
88728895.53360797
88736540.39314991
88744185.91137122
88751832.0883283
88759478.92407808
88767126.41867733
88774774.5721828
88782423.38465145
88790072.8561397
88797722.98670453
88805373.77640286
88813025.22529097
88820677.33342637
88828330.10086532
88835983.52766481
88843637.61388183
88851292.35957283
88858947.76479481
88866603.8296046
88874260.55405903
88881917.9382151
88889575.98212932
88897234.68585868
88904894.04946005
88912554.07299028
88920214.75650643
88927876.10006496
88935538.10372294
88943200.76753727
88950864.09156479
88958528.07586259
88966192.72048718
88973858.02549563
88981523.99094506
88989190.61689197
88996857.90339345
89004525.85050644
89012194.45828784
89019863.72679475
89027533.65608375
89035204.24621195
89042875.49723628
89050547.40921369
89058219.98220131
89065893.21625572
89073567.11143407
89081241.66779332
89088916.88539043
89096592.76428255
89104269.30452631
89111946.50617887
89119624.3692974
89127302.89393851
89134982.0801594
89142661.92801705
89150342.43756849
89158023.6088709
89165705.44198093
89173387.93695578
89181071.09385249
89188754.9127281
89196439.3936398
89204124.53664428
89211810.34179877
89219496.8091603
89227183.93878597
89234871.73073299
89242560.18505806
89250249.30181845
89257939.08107139
89265629.52287363
89273320.62728241
89281012.39435484
89288704.824148
89296397.91671917
89304091.6721251
89311786.09042309
89319481.17167024
89327176.91592367
89334873.3232407
89342570.39367808
89350268.12729312
89357966.524143
89365665.58428481
89373365.30777591
89381065.69467309
89388766.7450337
89396468.45891505
89404170.83637398
89411873.87746784
89419577.58225378
89427281.95078903
89434986.98313093
89442692.67933631
89450399.03946255
89458106.06356688
89465813.75170647
89473522.10393874
89481231.12032053
89488940.80090927
89496651.14576215
89504362.15493642
89512073.82848951
89519786.16647829
89527499.1689602
89535212.83599265
89542927.16763237
89550642.16393736
89558357.82496431
89566074.15077071
89573791.14141399
89581508.79695109
89589227.11743945
89596946.10293639
89604665.75349921
89612386.06918536
89620107.05005182
89627828.69615607
89635551.00755543
89643273.9843072
89650997.62646891
89658721.93409753
89666446.90725057
89674172.54598537
89681898.85035928
89689625.82042983
89697353.45625402
89705081.75788939
89712810.72539349
89720540.35882331
89728270.65823643
89736001.62369022
89743733.25524206
89751465.55294955
89759198.5168697
89766932.14706008
89774666.44357811
89782401.40648122
89790137.03582698
89797873.33167246
89805610.29407525
89813347.9230928
89821086.21878254
89828825.1812021
89836564.81040855
89844305.10645951
89852046.06941265
89859787.69932504
89867529.99625434
89875272.960258
89883016.59139353
89890760.88971858
89898505.85529023
89906251.48816621
89913997.78840399
89921744.75606105
89929492.39119512
89937240.6938633
89944989.66412331
89952739.30203268
89960489.60764892
89968240.58102974
89975992.22223231
89983744.53131437
89991497.50833362
89999251.15334725
90007005.46641302
90014760.44758847
90022516.09693116
90030272.41449885
90038029.40034875
90045787.05453862
90053545.37712604
90061304.3681686
90069064.02772409
90076824.35584971
90084585.35260329
90092347.0180424
90100109.3522247
90107872.35520793
90115636.02704939
90123400.3678069
90131165.37753823
90138931.05630052
90146697.40415213
90154464.42115013
90162232.10735239
90170000.46281675
90177769.48760049
90185539.18176147
90193309.54535738
90201080.57844587
90208852.2810848
90216624.65333155
90224397.69524392
90232171.40687966
90239945.78829648
90247720.83955222
90255496.56070426
90263272.95181051
90271050.01292886
90278827.7441165
90286606.14543188
90294385.21693219
90302164.95867537
90309945.37071934
90317726.4531215
90325508.20593978
90333290.62923194
90341073.72305577
90348857.48746918
90356641.92252962
90364427.02829506
90372212.80482326
90379999.25217204
90387786.37039936
90395574.15956266
90403362.61971994
90411151.750929
90418941.55324768
90426732.02673395
90434523.17144531
90442314.98743975
90450107.4747753
90457900.63350943
90465694.46370019
90473488.9654054
90481284.13868295
90489079.98359087
90496876.50018665
90504673.68852837
90512471.5486739
90520270.0806811
90528069.28460808
90535869.16051233
90543669.70845194
90551470.92848484
90559272.8206689
90567075.38506223
90574878.62172239
90582682.53070748
90590487.1120756
90598292.36588432
90606098.29219177
90613904.89105588
90621712.16253461
90629520.10668609
90637328.72356792
90645138.01323822
90652947.97575498
90660758.61117616
90668569.91955993
90676381.9009639
90684194.55544624
90692007.88306496
90699821.88387802
90707636.55794364
90715451.90531945
90723267.92606363
90731084.62023441
90738901.98788942
90746720.02908689
90754538.74388483
90762358.1323413
90770178.19451451
90777998.93046214
90785820.34024245
90793642.42391346
90801465.18153326
90809288.61316009
90817112.71885166
90824937.49866623
90832762.95266186
90840589.08089668
90848415.88342893
90856243.36031637
90864071.51161726
90871900.33738989
90879729.83769184
90887560.01258196
90895390.8621178
90903222.3863577
90911054.58535996
90918887.45918234
90926721.00788319
90934555.23152064
90942390.13015285
90950225.70383815
90958061.95263435
90965898.8765998
90973736.47579266
90981574.75027113
90989413.70009354
90997253.32531774
91005093.62600209
91012934.602205
91020776.25398406
91028618.5813983
91036461.58450529
91044305.2633635
91052149.61803131
91059994.64856656
91067840.3550277
91075686.73747297
91083533.79596058
91091381.53054897
91099229.94129606
91107079.02826025
91114928.79149982
91122779.23107304
91130630.34703836
91138482.13945368
91146334.60837749
91154187.75386807
91162041.5759837
91169896.07478288
91177751.25032353
91185607.10266416
91193463.63186325
91201320.83797875
91209178.72106917
91217037.28119285
91224896.5184081
91232756.43277347
91240617.02434692
91248478.29318698
91256340.239352
91264202.86290035
91272066.16389056
91279930.14238064
91287794.79842916
91295660.13209449
91303526.14343499
91311392.83250926
91319260.19937533
91327128.24409176
91334996.96671715
91342866.36730954
91350736.44592752
91358607.2026295
91366478.63747394
91374350.75051942
91382223.54182403
91390097.01144636
91397971.15944488
91405845.98587802
91413721.49080445
91421597.67428222
91429474.53637001
91437352.07712626
91445230.29660948
91453109.1948783
91460988.77199084
91468869.0280058
91476749.96298182
91484631.57697707
91492513.8700502
91500396.84225976
91508280.49366423
91516164.82432233
91524049.8342922
91531935.52363259
91539821.89240198
91547708.94065896
91555596.66846223
91563485.07586998
91571374.16294095
91579263.9297337
91587154.37630677
91595045.50271897
91602937.30902845
91610829.795294
91618722.96157439
91626616.80792764
91634511.33441311
91642406.54108882
91650302.42801358
91658198.99524617
91666096.24284485
91673994.17086841
91681892.77937548
91689792.06842469
91697692.03807487
91705592.68838428
91713494.01941174
91721396.03121594
91729298.72385548
91737202.09738925
91745106.15187553
91753010.88737318
91760916.30394106
91768822.40163727
91776729.18052128
91784636.6406512
91792544.78208591
91800453.60488431
91808363.10910472
91816273.29480605
91824184.162047
91832095.7108863
91840007.94138288
91847920.85359508
91855834.44758181
91863748.72340184
91871663.6811139
91879579.32077692
91887495.64244932
91895412.64619002
91903330.33205777
91911248.70011137
91919167.75040978
91927087.48301141
91935007.89797522
91942928.99536021
91950850.77522479
91958773.23762794
91966696.38262849
91974620.21028522
91982544.72065717
91990469.91380276
91998395.78978103
92006322.3486508
92014249.5904709
92022177.51530038
92030106.12319769
92038035.41422188
92045965.38843182
92053896.04588637
92061827.38664456
92069759.41076492
92077692.1183065
92085625.50932837
92093559.58388905
92101494.34204762
92109429.78386296
92117365.90939401
92125302.71869984
92133240.211839
92141178.3888706
92149117.24985354
92157056.79484677
92164997.0239094
92172937.93710001
92180879.53447773
92188821.81610149
92196764.78203025
92204708.43232319
92212652.76703885
92220597.78623642
92228543.48997505
92236489.87831335
92244436.95131049
92252384.70902546
92260333.15151726
92268282.27884506
92276232.09106751
92284182.58824381
92292133.77043296
92300085.63769399
92308038.1900861
92315991.42766796
92323945.3504988
92331899.95863764
92339855.25214353
92347811.23107573
92355767.8954929
92363725.2454543
92371683.28101917
92379642.00224602
92387601.40919471
92395561.50192371
92403522.28049232
92411483.74495983
92419445.89538494
92427408.73182695
92435372.25434496
92443336.46299808
92451301.35784563
92459266.93894635
92467233.20635955
92475200.16014437
92483167.80035995
92491136.1270656
92499105.14032012
92507074.84018283
92515045.2267129
92523016.29996948
92530988.06001194
92538960.50689907
92546933.64069024
92554907.46144482
92562881.96922162
92570857.16408004
92578833.04607925
92586809.61527845
92594786.87173708
92602764.81551394
92610743.44666845
92618722.76525983
92626702.77134731
92634683.46499033
92642664.84624773
92650646.91517895
92658629.67184325
92666613.11629987
92674597.24860826
92682582.06882732
92690567.5770165
92698553.77323526
92706540.65754251
92714528.22999772
92722516.49066019
92730505.43958922
92738495.07684427
92746485.4024843
92754476.41656879
92762468.11915706
92770460.51030844
92778453.59008244
92786447.35853802
92794441.81573468
92802436.9617318
92810432.7965887
92818429.32036494
92826426.53311947
92834424.43491188
92842423.02580169
92850422.30584791
92858422.27511011
92866422.93364766
92874424.28151998
92882426.3187866
92890429.0455066
92898432.46173953
92906436.5675448
92914441.36298184
92922446.84811024
92930453.02298908
92938459.88767794
92946467.44223626
92954475.68672349
92962484.62119927
92970494.24572265
92978504.56035328
92986515.56515083
92994527.26017435
93002539.64548352
93010552.72113782
93018566.48719673
93026580.94371991
93034596.09076647
93042611.92839612
93050628.45666833
93058645.67564264
93066663.5853787
93074682.1859357
93082701.47737332
93090721.45975108
93098742.13312855
93106763.49756542
93114785.55312085
93122808.2998546
93130831.7378264
93138855.86709523
93146880.68772143
93154906.19976398
93162932.40328266
93170959.2983372
93178986.88498686
93187015.16329136
93195044.13331035
93203073.79510337
93211104.14873025
93219135.19425021
93227166.93172304
93235199.3612084
93243232.48276585
93251266.29645526
93259300.80233587
93267336.0004675
93275371.89090979
93283408.47372241
93291445.7489652
93299483.71669742
93307522.37697895
93315561.72986963
93323601.77542877
93331642.51371622
93339683.94479169
93347726.06871486
93355768.88554561
93363812.39534326
93371856.59816772
93379901.49407868
93387947.08313587
93395993.36539921
93404040.34092803
93412088.00978227
93420136.37202165
93428185.4277059
93436235.17689498
93444285.61964826
93452336.75602569
93460388.5860872
93468441.10989219
93476494.32750064
93484548.2389723
93492602.84436698
93500658.14374465
93508714.1371647
93516770.82468714
93524828.20637178
93532886.28227842
93540945.05246705
93549004.51699713
93557064.67592867
93565125.52932149
93573187.07723543
93581249.31973054
93589312.25686625
93597375.8887026
93605440.21529967
93613505.23671693
93621570.9530144
93629637.364252
93637704.47048958
93645772.2717872
93653840.76820439
93661909.95980123
93669979.84663759
93678050.4287734
93686121.70626876
93694193.67918317
93702266.34757677
93710339.71150945
93718413.77104117
93726488.52623203
93734563.9771416
93742640.12383002
93750716.96635741
93758794.50478335
93766872.73916799
93774951.66957128
93783031.29605322
93791111.61867395
93799192.63749307
93807274.35257076
93815356.763967
93823439.87174182
93831523.67595536
93839608.17666727
93847693.37393776
93855779.26782681
93863865.85839449
93871953.14570098
93880041.12980594
93888129.81076959
93896219.18865217
93904309.26351315
93912400.03541335
93920491.50441226
93928583.67057012
93936676.53394718
93944770.09460315
93952864.3525983
93960959.3079927
93969054.96084642
93977151.31121978
93985248.35917248
93993346.10476482
94001444.5480569
94009543.68910883
94017643.52798094
94025744.06473295
94033845.2994252
94041947.2321178
94050049.8628709
94058153.19174485
94066257.21879941
94074361.94409491
94082467.36769173
94090573.48964962
94098680.31002897
94106787.82888994
94114896.04629272
94123004.96229768
94131114.57696463
94139224.89035396
94147335.90252589
94155447.61354059
94163560.02345848
94171673.1323394
94179786.94024377
94187901.4472318
94196016.65336373
94204132.55870001
94212249.16330045
94220366.46722555
94228484.47053571
94236603.17329082
94244722.57555135
94252842.67737754
94260963.4788297
94269084.97996826
94277207.18085316
94285330.08154486
94293453.68210366
94301577.98258987
94309702.98306397
94317828.6835859
94325955.08421616
94334082.18501507
94342209.98604296
94350338.48736037
94358467.68902722
94366597.59110408
94374728.19365145
94382859.49672933
94390991.50039825
94399124.20471859
94407257.6097507
94415391.71555516
94423526.52219196
94431662.02972168
94439798.23820469
94447935.1477014
94456072.7582724
94464211.0699777
94472350.08287792
94480489.79703346
94488630.21250474
94496771.3293524
94504913.14763646
94513055.66741754
94521198.8887563
94529342.8117128
94537487.43634766
94545632.76272134
94553778.79089434
94561925.52092728
94570072.95288025
94578221.08681393
94586369.92278881
94594519.46086536
94602669.70110427
94610820.64356567
94618972.28831023
94627124.63539848
94635277.68489093
94643431.43684827
94651585.89133066
94659741.04839882
94667896.90811348
94676053.47053458
94684210.73572347
94692368.70374009
94700527.37464522
94708686.74849959
94716846.82536338
94725007.60529736
94733169.08836211
94741331.27461821
94749494.16412644
94757657.756947
94765822.05314068
94773987.0527681
94782152.75588985
94790319.16256674
94798486.27285899
94806654.08682744
94814822.6045327
94822991.82603543
94831161.75139642
94839332.38067596
94847503.71393488
94855675.75123404
94863848.4926337
94872021.93819474
94880196.0879778
94888370.94204356
94896546.50045292
94904722.76326615
94912899.73054415
94921077.40234762
94929255.77873726
94937434.85977396
94945614.64551805
94953795.13603045
94961976.33137187
94970158.23160304
94978340.8367849
94986524.14697778
94994708.16224264
95002892.88264039
95011078.30823144
95019264.4390767
95027451.27523698
95035638.81677301
95043827.06374577
95052016.01621567
95060205.67424366
95068396.03789055
95076587.10721713
95084778.8822844
95092971.36315279
95101164.54988328
95109358.44253668
95117553.04117386
95125748.34585579
95133944.35664295
95142141.07359636
95150338.49677704
95158536.62624548
95166735.4620627
95174935.00428958
95183135.25298698
95191336.20821597
95199537.870037
95207740.23851119
95215943.3136994
95224147.09566252
95232351.58446164
95240556.78015728
95248762.68281054
95256969.29248235
95265176.60923357
95273384.63312538
95281593.36421828
95289802.8025734
95298012.94825189
95306223.80131428
95314435.36182174
95322647.62983519
95330860.60541563
95339074.28862417
95347288.67952143
95355503.77816856
95363719.58462654
95371936.09895638
95380153.32121922
95388371.25147569
95396589.88978699
95404809.23621412
95413029.2908181
95421250.05366011
95429471.52480082
95437693.70430143
95445916.59222318
95454140.18862651
95462364.49357325
95470589.50712386
95478815.2293396
95487041.6602817
95495268.80001085
95503496.6485883
95511725.20607515
95519954.47253245
95528184.4480215
95536415.132603
95544646.52633823
95552878.62928829
95561111.4415143
95569344.96307755
95577579.19403876
95585814.13445927
95594049.7844002
95602286.14392267
95610523.21308802
95618760.99195701
95626999.48059098
95635238.67905127
95643478.58739865
95651719.20569447
95659960.53399992
95668202.57237616
95676445.32088459
95684688.77958596
95692932.94854169
95701177.82781295
95709423.41746096
95717669.71754713
95725916.72813226
95734164.44927776
95742412.88104486
95750662.0234948
95758911.87668899
95767162.44068827
95775413.7155541
95783665.70134792
95791918.39813057
95800171.80596352
95808425.92490804
95816680.75502539
95824936.29637705
95833192.54902388
95841449.5130274
95849707.18844889
95857965.57534963
95866224.67379111
95874484.48383427
95882745.00554061
95891006.23897144
95899268.18418808
95907530.84125207
95915794.21022433
95924058.29116641
95932323.08413982
95940588.58920556
95948854.80642515
95957121.73585998
95965389.37757136
95973657.7316209
95981926.79806957
95990196.57697894
95998467.0684104
96006738.27242535
96015010.18908536
96023282.81845148
96031556.16058527
96039830.21554816
96048104.98340155
96056380.4642071
96064656.6580258
96072933.56491931
96081211.18494925
96089489.51817647
96097768.56466322
96106048.32447034
96114328.79765952
96122609.9842924
96130891.88443007
96139174.49813418
96147457.82546623
96155741.8664877
96164026.62126029
96172312.08984508
96180598.27230377
96188885.16869788
96197172.77908893
96205461.10353862
96213750.14210808
96222039.89485905
96230330.36185324
96238621.5431516
96246913.43881649
96255206.04890883
96263499.3734904
96271793.41262294
96280088.16636764
96288383.63478625
96296679.81794035
96304976.71589154
96313274.32870157
96321572.65643166
96329871.6991436
96338171.456899
96346471.92975946
96354773.1177868
96363075.02104221
96371377.63958757
96379680.97348446
96387985.02279451
96396289.78757961
96404595.26790096
96412901.46382044
96421208.37539987
96429516.00270055
96437824.34578434
96446133.40471287
96454443.17954788
96462753.67035119
96471064.87718414
96479376.8001086
96487689.43918626
96496002.79447883
96504316.86604823
96512631.65395576
96520947.15826334
96529263.37903272
96537580.31632559
96545897.97020392
96554216.34072903
96562535.42796287
96570855.2319674
96579175.75280397
96587496.99053454
96595818.94522089
96604141.61692478
96612465.00570819
96620789.1116325
96629113.9347597
96637439.4751516
96645765.73286998
96654092.70797685
96662420.40053362
96670748.8106023
96679077.93824475
96687407.78352273
96695738.34649831
96704069.62723292
96712401.62578861
96720734.34222743
96729067.7766108
96737401.92900082
96745736.79945934
96754072.3880482
96762408.69482951
96770745.71986474
96779083.46321596
96787421.92494509
96795761.10511398
96804101.00378478
96812441.62101896
96820782.95687865
96829125.01142575
96837467.7847222
96845811.2768301
96854155.48781103
96862500.4177271
96870846.06664044
96879192.43461241
96887539.52170578
96895887.32798187
96904235.8535029
96912585.09833099
96920935.06252773
96929285.74615532
96937637.14927574
96945989.27195096
96954342.11424318
96962695.67621402
96971049.95792569
96979404.95944019
96987760.68081953
96996117.12212594
97004474.28342105
97012832.16476712
97021190.76622634
97029550.08786018
97037910.1297315
97046270.89190175
97054632.37443319
97062994.57738806
97071357.50082807
97079721.14481549
97088085.50941238
97096450.59468083
97104816.40068316
97113182.92748106
97121550.1751368
97129918.14371254
97138286.83327034
97146656.24387257
97155026.37558092
97163397.22845775
97171768.80256517
97180141.09796533
97188514.11472057
97196887.85289265
97205262.31254394
97213637.49373677
97222013.39653294
97230390.0209948
97238767.36718455
97247145.43516435
97255524.2249966
97263903.73674309
97272283.97046624
97280664.92622824
97289046.60409129
97297429.00411782
97305812.12636966
97314195.97090921
97322580.53779872
97330965.82710043
97339351.83887678
97347738.57318962
97356126.03010139
97364514.20967455
97372903.11197099
97381292.73705316
97389683.08498333
97398074.1558238
97406465.94963703
97414858.46648493
97423251.70643
97431645.66953452
97440040.35586083
97448435.7654714
97456831.89842819
97465228.75479369
97473626.33463025
97482024.6380002
97490423.66496608
97498823.41558982
97507223.88993399
97515625.08806114
97524027.01003322
97532429.6559128
97540833.02576227
97549237.11964399
97557641.93762054
97566047.47975391
97574453.74610671
97582860.73674132
97591268.45172015
97599676.89110582
97608086.05496031
97616495.94334628
97624906.55632614
97633317.89396231
97641729.95631744
97650142.74345356
97658556.25543334
97666970.4923194
97675385.45417362
97683801.14105926
97692217.5530382
97700634.69017307
97709052.55252661
97717471.14016086
97725890.45313852
97734310.49152209
97742731.25537407
97751152.74475718
97759574.9597335
97767997.90036578
97776421.56671652
97784845.95884825
97793271.07682371
97801696.92070505
97810123.49055499
97818550.7864361
97826978.8084109
97835407.55654219
97843837.03089212
97852267.23152345
97860698.15849899
97869129.81188089
97877562.19173193
97885995.29811473
97894429.13109188
97902863.69072616
97911298.97707982
97919734.99021564
97928171.73019625
97936609.19708428
97945047.39094256
97953486.3118333
97961925.95981939
97970366.33496344
97978807.4373281
97987249.26697625
97995691.82397014
98004135.10837263
98012579.1202466
98021023.85965434
98029469.32665871
98037915.52132243
98046362.44370817
98054810.09387884
98063258.47189674
98071707.57782479
98080157.4117257
98088607.9736622
98097059.26369722
98105511.28189307
98113964.02831271
98122417.50301887
98130871.70607431
98139326.63754198
98147782.29748423
98156238.68596405
98164695.8030444
98173153.64878763
98181612.22325675
98190071.52651455
98198531.5586238
98206992.31964752
98215453.8096481
98223916.02868855
98232378.97683169
98240842.65414032
98249307.06067748
98257772.19650562
98266238.06168774
98274704.65628669
98283171.98036534
98291640.0339867
98300108.81721327
98308578.33010809
98317048.57273424
98325519.54515417
98333991.24743098
98342463.67962754
98350936.84180675
98359410.73403172
98367885.35636492
98376360.70886947
98384836.79160829
98393313.60464427
98401791.14804056
98410269.42185968
98418748.42616476
98427228.16101874
98435708.62648456
98444189.82262538
98452671.74950375
98461154.40718281
98469637.79572576
98478121.91519494
98486606.76565415
98495092.34716576
98503578.65979296
98512065.70359895
98520553.47864631
98529041.98499826
98537531.22271779
98546021.19186795
98554511.89251192
98563003.32471235
98571495.48853245
98579988.38403529
98588482.01128389
98596976.37034148
98605471.46127075
98613967.28413492
98622463.8389971
98630961.12592031
98639459.14496785
98647957.8962024
98656457.37968723
98664957.59548564
98673458.54366034
98681960.2242746
98690462.63739157
98698965.7830743
98707469.66138618
98715974.27238987
98724479.61614874
98732985.69272591
98741492.50218453
98750000.04458791
98758508.31999885
98767017.32848066
98775527.07009652
98784037.54490961
98792548.75298329
98801060.69438034
98809573.36916414
98818086.77739808
98826600.91914494
98835115.79446815
98843631.40343088
98852147.74609637
98860664.82252802
98869182.63278866
98877701.1769417
98886220.4550504
98894740.46717796
98903261.21338785
98911782.69374292
98920304.9083066
98928827.85714217
98937351.54031289
98945875.95788223
98954401.10991307
98962926.99646887
98971453.61761315
98979980.97340877
98988509.06391926
98997037.88920788
99005567.44933799
99014097.74437307
99022628.77437603
99031160.53941041
99039693.03953956
99048226.27482678
99056760.24533564
99065294.95112906
99073830.39227062
99082366.56882365
99090903.48085153
99099441.12841783
99107979.51158552
99116518.63041817
99125058.48497938
99133599.07533212
99142140.40154
99150682.46366642
99159225.2617748
99167768.79592872
99176313.06619123
99184858.07262592
99193403.81529625
99201950.29426563
99210497.50959772
99219045.46135554
99227594.14960277
99236143.57440284
99244693.73581922
99253244.63391559
99261796.268755
99270348.64040115
99278901.7489177
99287455.59436755
99296010.176815
99304565.49632294
99313121.55295508
99321678.34677513
99330235.8778462
99338794.14623202
99347353.1519961
99355912.895202
99364473.37591344
99373034.59419356
99381596.55010612
99390159.24371468
99398722.67508277
99407286.84427418
99415851.75135209
99424417.39638023
99432983.77942224
99441550.90054166
99450118.75980231
99458687.35726738
99467256.69300067
99475826.76706602
99484397.57952659
99492969.13044623
99501541.41988856
99510114.44791722
99518688.21459603
99527262.71998826
99535837.96415773
99544413.9471681
99552990.66908303
99561568.12996638
99570146.32988143
99578725.26889205
99587304.94706191
99595885.36445472
99604466.52113435
99613048.41716409
99621631.05260786
99630214.42752957
99638798.54199252
99647383.39606063
99655968.98979764
99664555.32326725
99673142.39653343
99681730.2096595
99690318.76270941
99698908.05574691
99707498.08883576
99716088.86203992
99724680.37542278
99733272.62904827
99741865.62298019
99750459.35728234
99759053.83201869
99767649.04725266
99776245.00304821
99784841.69946939
99793439.13657957
99802037.3144428
99810636.2331229
99819235.89268368
99827836.29318921
99836437.43470289
99845039.31728877
99853641.94101073
99862245.3059326
99870849.41211845
99879454.25963174
99888059.84853655
99896666.17889677
99905273.25077626
99913881.06423911
99922489.61934884
99931098.91616954
99939708.95476529
99948319.73519963
99956931.25753668
99965543.52184033
99974156.52817453
99982770.27660343
99991384.76719053
100000000.0
