0.01
400.01799995999914
800.0259999199983
1200.0339998799975
1600.0419998399966
2000.0499997999957
2400.0579997599953
2800.065999719994
3200.0739996799934
3600.081999639993
4000.0899995999916
4400.097999559991
4800.10599951999
5200.11399947999
5600.121999439988
6000.129999399987
6400.137999359987
6800.145999319986
7200.153999279985
7600.161999239984
8000.169999199983
8400.177999159983
8800.185999119982
9200.19399907998
9600.20199903998
10000.209998999979
10400.217998959979
10800.225998919977
11200.233998879976
11600.241998839976
12000.249998799974
12400.257998759975
12800.265998719973
13200.273998679972
13600.281998639972
14000.28999859997
14400.29799855997
14800.305998519969
15200.313998479967
15600.321998439968
16000.329998399966
16400.337998359963
16800.345998319965
17200.353998279963
17600.36199823996
18000.36999819996
18400.37799815996
18800.38599811996
19200.39399807996
19600.401998039957
20000.409997999956
20400.417997959954
20800.425997919956
21200.433997879954
21600.441997839953
22000.44999779995
22400.45799775995
22800.46599771995
23200.47399767995
23600.48199763995
24000.489997599947
24400.497997559945
24800.505997519947
25200.513997479946
25600.521997439944
26000.529997399943
26400.53799735994
26800.545997319943
27200.55399727994
27600.56199723994
28000.56999719994
28400.577997159937
28800.58599711994
29200.593997079937
29600.601997039936
30000.609996999934
30400.617996959932
30800.625996919935
31200.633996879933
31600.64199683993
32000.64999679993
32400.65799675993
32800.66599671993
33200.67399667993
33600.681996639934
34000.68999659993
34400.69799655993
34800.70599651993
35200.71399647993
35600.72199643993
36000.729996399925
36400.73799635992
36800.74599631992
37200.75399627992
37600.761996239926
38000.769996199924
38400.77799615992
38800.78599611992
39200.79399607992
39600.80199603992
40000.809995999916
40400.817995959915
40800.82599591991
41200.83399587991
41600.84199583992
42000.849995799916
42400.857995759914
42800.86599571991
43200.87399567991
43600.88199563991
44000.88999559991
44400.897995559906
44800.905995519905
45200.9139954799
45600.92199543991
46000.92999539991
46400.937995359905
46800.945995319904
47200.9539952799
47600.9619952399
48000.9699951999
48400.9779951599
48800.985995119896
49200.993995079894
49601.0019950399
50001.0099949999
50401.0179949599
50801.025994919895
51201.033994879894
51601.04199483989
52001.04999479989
52401.05799475989
52801.06599471989
53201.07399467989
53601.08199463989
54001.08999459989
54401.09799455989
54801.10599451989
55201.113994479885
55601.12199443988
56001.12999439988
56401.13799435988
56801.14599431988
57201.153994279885
57601.16199423988
58001.16999419988
58401.17799415988
58801.18599411988
59201.19399407988
59601.201994039875
60001.20999399987
60401.21799395987
60801.22599391987
61201.233993879876
61601.241993839874
62001.24999379987
62401.25799375987
62801.26599371987
63201.27399367987
63601.28199363987
64001.289993599865
64401.29799355986
64801.30599351986
65201.31399347987
65601.32199343985
66001.32999339985
66401.33799335985
66801.34599331985
67201.35399327986
67601.36199323986
68001.36999319986
68401.37799315985
68801.38599311985
69201.39399307985
69601.40199303985
70001.40999299985
70401.41799295985
70801.42599291985
71201.43399287984
71601.44199283984
72001.44999279984
72401.45799275984
72801.46599271984
73201.47399267984
73601.48199263983
74001.48999259983
74401.49799255983
74801.50599251983
75201.51399247984
75601.52199243984
76001.52999239984
76401.53799235984
76801.54599231984
77201.55399227983
77601.56199223983
78001.56999219983
78401.57799215983
78801.58599211983
79201.59399207983
79601.60199203982
80001.60999199982
80401.61799195982
80801.62599191982
81201.63399187982
81601.64199183982
82001.64999179982
82401.65799175981
82801.66599171983
83201.67399167983
83601.68199163982
84001.68999159982
84401.69799155982
84801.70599151982
85201.71399147982
85601.72199143982
86001.72999139981
86401.73799135981
86801.74599131981
87201.75399127981
87601.76199123981
88001.7699911998
88401.7779911598
88801.7859911198
89201.7939910798
89601.8019910398
90001.8099909998
90401.8179909598
90801.82599091981
91201.83399087981
91601.8419908398
92001.8499907998
92401.8579907598
92801.8659907198
93201.8739906798
93601.8819906398
94001.8899905998
94401.8979905598
94801.9059905198
95201.91399047979
95601.92199043979
96001.92999039979
96401.93799035979
96801.94599031979
97201.95399027978
97601.96199023978
98001.96999019978
98401.97799015978
98801.98599011979
99201.99399007979
99602.00199003979
100002.00998999979
100402.01798995979
100802.02598991978
101202.03398987978
101602.04198983978
102002.04998979978
102402.05798975978
102802.06598971978
103202.07398967977
103602.08198963977
104002.08998959977
104402.09798955977
104802.10598951977
105202.11398947977
105602.12198943977
106002.12998939976
106402.13798935978
106802.14598931978
107202.15398927977
107602.16198923977
108002.16998919977
108402.17798915977
108802.18598911977
109202.19398907977
109602.20198903976
110002.20998899976
110402.21798895976
110802.22598891976
111202.23398887976
111602.24198883976
112002.24998879975
112402.25798875975
112802.26598871975
113202.27398867975
113602.28198863975
114002.28998859975
114402.29798855976
114802.30598851976
115202.31398847976
115602.32198843975
116002.32998839975
116402.33798835975
116802.34598831975
117202.35398827975
117602.36198823975
118002.36998819975
118402.37798815974
118802.38598811974
119202.39398807974
119602.40198803974
120002.40998799974
120402.41798795974
120802.42598791973
121202.43398787973
121602.44198783973
122002.44998779973
122402.45798775974
122802.46598771974
123202.47398767974
123602.48198763974
124002.48998759974
124402.49798755973
124802.50598751973
125202.51398747973
125602.52198743973
126002.52998739973
126402.53798735973
126802.54598731973
127202.55398727972
127602.56198723972
128002.56998719972
128402.57798715972
128802.58598711972
129202.59398707972
129602.60198703971
130002.60998699973
130402.61798695973
130802.62598691972
131202.63398687972
131602.64198683974
132002.64998679972
132402.65798675973
132802.66598671972
133202.67398667973
133602.6819866397
134002.68998659973
134402.69798655974
134802.70598651972
135202.71398647974
135602.72198643972
136002.72998639973
136402.73798635972
136802.74598631973
137202.7539862797
137602.76198623973
138002.7699861997
138402.77798615972
138802.7859861197
139202.79398607972
139602.8019860397
140002.80998599972
140402.8179859597
140802.8259859197
141202.8339858797
141602.8419858397
142002.84998579972
142402.8579857597
142802.86598571972
143202.8739856797
143602.88198563972
144002.8899855997
144402.8979855597
144802.9059855197
145202.9139854797
145602.9219854397
146002.9299853997
146402.9379853597
146802.9459853197
147202.9539852797
147602.9619852397
148002.96998519968
148402.9779851597
148802.98598511968
149202.9939850797
149603.00198503968
150003.0099849997
150403.0179849597
150803.0259849197
151203.0339848797
151603.04198483969
152003.0499847997
152403.05798475968
152803.0659847197
153203.07398467968
153603.0819846397
154003.08998459968
154403.0979845597
154803.10598451967
155203.11398447969
155603.12198443967
156003.12998439968
156403.13798435967
156803.14598431968
157203.15398427966
157603.16198423968
158003.1699841997
158403.17798415967
158803.1859841197
159203.19398407967
159603.20198403968
160003.20998399967
160403.21798395968
160803.22598391966
161203.23398387968
161603.24198383966
162003.24998379967
162403.25798375966
162803.26598371967
163203.27398367965
163603.28198363967
164003.28998359965
164403.29798355966
164803.30598351965
165203.31398347966
165603.32198343967
166003.32998339966
166403.33798335967
166803.34598331965
167203.35398327967
167603.36198323965
168003.36998319966
168403.37798315965
168803.38598311966
169203.39398307964
169603.40198303966
170003.40998299964
170403.41798295965
170803.42598291964
171203.43398287965
171603.44198283963
172003.44998279965
172403.45798275963
172803.46598271964
173203.47398267963
173603.48198263964
174003.48998259965
174403.49798255964
174803.50598251965
175203.51398247964
175603.52198243965
176003.52998239963
176403.53798235964
176803.54598231963
177203.55398227964
177603.56198223963
178003.56998219964
178403.57798215962
178803.58598211964
179203.59398207962
179603.60198203963
180003.60998199962
180403.61798195963
180803.6259819196
181203.63398187963
181603.64198183964
182003.64998179962
182403.65798175964
182803.66598171962
183203.67398167963
183603.68198163962
184003.68998159963
184403.6979815596
184803.70598151963
185203.7139814796
185603.72198143962
186003.7299813996
186403.73798135962
186803.7459813196
187203.75398127962
187603.7619812396
188003.7699811996
188403.7779811596
188803.7859811196
189203.79398107962
189603.8019810396
190003.80998099962
190403.8179809596
190803.82598091962
191203.8339808796
191603.8419808396
192003.8499807996
192403.8579807596
192803.8659807196
193203.8739806796
193603.8819806396
194003.8899805996
194403.8979805596
194803.9059805196
195203.91398047959
195603.9219804396
196003.92998039958
196403.9379803596
196803.94598031958
197203.9539802796
197603.9619802396
198003.9699801996
198403.9779801596
198803.98598011959
199203.9939800796
199604.00198003958
200004.0099799996
200404.01797995958
200804.0259799196
201204.03397987958
201604.0419798396
202004.04997979957
202404.0579797596
202804.06597971957
203204.07397967958
203604.08197963957
204004.08997959958
204404.09797955956
204804.10597951958
205204.1139794796
205604.12197943957
206004.1299793996
206404.13797935957
206804.14597931958
207204.15397927957
207604.16197923958
208004.16997919956
208404.17797915958
208804.18597911956
209204.19397907957
209604.20197903956
210004.20997899957
210404.21797895955
210804.22597891957
211204.23397887955
211604.24197883956
212004.24997879955
212404.25797875956
212804.26597871957
213204.27397867956
213604.28197863957
214004.28997859955
214404.29797855957
214804.30597851955
215204.31397847956
215604.32197843955
216004.32997839956
216404.33797835954
216804.34597831956
217204.35397827954
217604.36197823955
218004.36997819954
218404.37797815955
218804.38597811954
219204.39397807955
219604.40197803953
220004.40997799954
220404.41797795953
220804.42597791954
221204.43397787955
221604.44197783954
222004.44997779955
222404.45797775954
222804.46597771955
223204.47397767953
223604.48197763955
224004.48997759953
224404.49797755954
224804.50597751953
225204.51397747954
225604.52197743952
226004.52997739954
226404.53797735952
226804.54597731953
227204.55397727952
227604.56197723953
228004.5699771995
228404.57797715953
228804.58597711954
229204.59397707952
229604.60197703954
230004.60997699952
230404.61797695953
230804.62597691952
231204.63397687953
231604.6419768395
232004.64997679953
232404.6579767595
232804.66597671952
233204.6739766795
233604.68197663952
234004.6899765995
234404.69797655952
234804.7059765195
235204.7139764795
235604.7219764395
236004.7299763995
236404.73797635952
236804.7459763195
237204.75397627952
237604.7619762395
238004.76997619952
238404.7779761595
238804.7859761195
239204.7939760795
239604.8019760395
240004.8099759995
240404.8179759595
240804.8259759195
241204.8339758795
241604.8419758395
242004.8499757995
242404.85797575949
242804.8659757195
243204.87397567948
243604.8819756395
244004.88997559948
244404.8979755595
244804.9059755195
245204.9139754795
245604.9219754395
246004.9299753995
246404.9379753595
246804.94597531948
247204.9539752795
247604.96197523948
248004.9699751995
248404.97797515948
248804.9859751195
249204.99397507947
249605.0019750395
250005.00997499947
250405.01797495948
250805.02597491947
251205.03397487948
251605.04197483946
252005.04997479948
252405.0579747595
252805.06597471947
253205.0739746795
253605.08197463947
254005.08997459948
254405.09797455947
254805.10597451948
255205.11397447946
255605.12197443948
256005.12997439946
256405.13797435947
256805.14597431946
257205.15397427947
257605.16197423945
258005.16997419947
258405.17797415945
258805.18597411946
259205.19397407945
259605.20197403946
260005.20997399947
260405.21797395946
260805.22597391947
261205.23397387945
261605.24197383947
262005.24997379945
262405.25797375944
262805.2659737195
263205.27397367946
263605.28197363944
264005.2899735994
264405.29797355947
264805.30597351945
265205.31397347944
265605.3219734394
266005.32997339946
266405.33797335945
266805.34597331943
267205.3539732794
267605.36197323946
268005.36997319944
268405.3779731594
268805.38597311947
269205.39397307945
269605.40197303944
270005.4099729994
270405.41797295946
270805.42597291945
271205.43397287943
271605.4419728394
272005.44997279946
272405.45797275944
272805.4659727194
273205.4739726794
273605.48197263945
274005.48997259943
274405.4979725594
274805.5059725194
275205.51397247944
275605.5219724394
276005.5299723994
276405.53797235945
276805.54597231944
277205.5539722794
277605.5619722394
278005.56997219945
278405.57797215943
278805.5859721194
279205.5939720794
279605.60197203944
280005.6099719994
280405.6179719594
280805.6259719194
281205.63397187943
281605.6419718394
282005.6499717994
282405.6579717594
282805.6659717194
283205.6739716794
283605.6819716394
284005.68997159944
284405.6979715594
284805.7059715194
285205.7139714794
285605.72197143943
286005.7299713994
286405.7379713594
286805.7459713194
287205.7539712794
287605.7619712394
288005.7699711994
288405.7779711594
288805.7859711194
289205.7939710794
289605.8019710394
290005.80997099937
290405.8179709594
290805.8259709194
291205.8339708794
291605.8419708394
292005.8499707994
292405.8579707594
292805.8659707194
293205.8739706794
293605.8819706394
294005.8899705994
294405.89797055937
294805.9059705194
295205.9139704794
295605.9219704394
296005.92997039936
296405.9379703594
296805.9459703194
297205.95397027937
297605.96197023935
298005.9699701994
298405.9779701594
298805.98597011936
299205.99397007935
299606.0019700394
300006.0099699994
300406.01796995936
300806.0259699194
301206.0339698794
301606.04196983937
302006.04996979935
302406.0579697594
302806.0659697194
303206.07396967936
303606.08196963934
304006.0899695994
304406.09796955937
304806.10596951935
305206.11396947934
305606.1219694394
306006.12996939936
306406.13796935935
306806.14596931933
307206.1539692794
307606.16196923936
308006.16996919934
308406.1779691594
308806.18596911937
309206.19396907935
309606.20196903934
310006.2099689994
310406.21796895936
310806.22596891935
311206.2339688793
311606.2419688394
312006.24996879935
312406.25796875934
312806.2659687193
313206.27396867936
313606.28196863935
314006.28996859933
314406.2979685593
314806.30596851936
315206.31396847934
315606.3219684393
316006.32996839937
316406.33796835935
316806.34596831934
317206.3539682793
317606.36196823936
318006.36996819935
318406.37796815933
318806.3859681193
319206.39396807936
319606.40196803934
320006.4099679993
320406.4179679593
320806.42596791935
321206.43396787933
321606.4419678393
322006.4499677993
322406.45796775934
322806.4659677193
323206.4739676793
323606.48196763935
324006.48996759934
324406.4979675593
324806.5059675193
325206.51396747935
325606.52196743933
326006.5299673993
326406.5379673593
326806.54596731934
327206.5539672793
327606.5619672393
328006.5699671993
328406.57796715933
328806.5859671193
329206.5939670793
329606.6019670393
330006.6099669993
330406.6179669593
330806.6259669193
331206.63396687934
331606.6419668393
332006.6499667993
332406.6579667593
332806.66596671933
333206.6739666793
333606.6819666393
334006.6899665993
334406.6979665593
334806.7059665193
335206.7139664793
335606.7219664393
336006.7299663993
336406.7379663593
336806.7459663193
337206.75396627927
337606.7619662393
338006.7699661993
338406.7779661593
338806.7859661193
339206.7939660793
339606.8019660393
340006.8099659993
340406.8179659593
340806.8259659193
341206.8339658793
341606.84196583927
342006.8499657993
342406.8579657593
342806.8659657193
343206.87396567926
343606.8819656393
344006.8899655993
344406.89796555927
344806.90596551925
345206.9139654793
345606.9219654393
346006.92996539926
346406.93796535925
346806.9459653193
347206.9539652793
347606.96196523926
348006.9699651993
348406.9779651593
348806.98596511927
349206.99396507925
349607.0019650393
350007.0099649993
350407.01796495926
350807.02596491924
351207.0339648793
351607.04196483927
352007.04996479925
352407.05796475924
352807.0659647193
353207.07396467926
353607.08196463925
354007.08996459923
354407.0979645593
354807.10596451926
355207.11396447924
355607.1219644393
356007.12996439927
356407.13796435925
356807.14596431924
357207.1539642793
357607.16196423926
358007.16996419925
358407.17796415923
358807.1859641193
359207.19396407926
359607.20196403924
360007.2099639992
360407.21796395927
360807.22596391925
361207.23396387923
361607.2419638392
362007.24996379926
362407.25796375924
362807.2659637192
363207.27396367927
363607.28196363925
364007.28996359924
364407.2979635592
364807.30596351926
365207.31396347925
365607.32196343923
366007.3299633992
366407.33796335926
366807.34596331924
367207.3539632792
367607.3619632392
368007.36996319925
368407.37796315923
368807.3859631192
369207.3939630792
369607.40196303924
370007.4099629992
370407.4179629592
370807.42596291925
371207.43396287924
371607.4419628392
372007.4499627992
372407.45796275925
372807.46596271923
373207.4739626792
373607.4819626392
374007.48996259924
374407.4979625592
374807.5059625192
375207.5139624792
375607.52196243923
376007.5299623992
376407.5379623592
376807.5459623192
377207.5539622792
377607.5619622392
378007.5699621992
378407.57796215924
378807.5859621192
379207.5939620792
379607.6019620392
380007.60996199923
380407.6179619592
380807.6259619192
381207.6339618792
381607.6419618392
382007.6499617992
382407.6579617592
382807.6659617192
383207.6739616792
383607.6819616392
384007.6899615992
384407.69796155917
384807.7059615192
385207.7139614792
385607.7219614392
386007.7299613992
386407.7379613592
386807.7459613192
387207.7539612792
387607.7619612392
388007.7699611992
388407.7779611592
388807.78596111917
389207.7939610792
389607.8019610392
390007.8099609992
390407.81796095916
390807.8259609192
391207.8339608792
391607.84196083917
392007.84996079915
392407.8579607592
392807.8659607192
393207.87396067916
393607.88196063915
394007.8899605992
394407.8979605592
394807.90596051916
395207.9139604792
395607.9219604392
396007.92996039917
396407.93796035915
396807.9459603192
397207.9539602792
397607.96196023916
398007.96996019915
398407.9779601592
398807.9859601192
399207.99396007915
399608.00196003914
400008.0099599992
400408.01795995916
400808.02595991915
401208.03395987913
401608.0419598392
402008.04995979916
402408.05795975914
402808.0659597192
403208.07395967917
403608.08195963915
404008.08995959914
404408.0979595592
404808.10595951916
405208.11395947915
405608.12195943913
406008.1299593992
406408.13795935916
406808.14595931914
407208.1539592791
407608.16195923917
408008.16995919915
408408.17795915913
408808.1859591191
409208.19395907916
409608.20195903914
410008.2099589991
410408.21795895917
410808.22595891915
411208.23395887914
411608.2419588391
412008.24995879916
412408.25795875915
412808.26595871913
413208.2739586791
413608.28195863916
414008.28995859914
414408.2979585591
414808.3059585191
415208.31395847915
415608.32195843913
416008.3299583991
416408.3379583591
416808.34595831914
417208.3539582791
417608.3619582391
418008.36995819915
418408.37795815914
418808.3859581191
419208.3939580791
419608.40195803915
420008.40995799913
420408.4179579591
420808.4259579191
421208.43395787914
421608.4419578391
422008.4499577991
422408.4579577591
422808.46595771913
423208.4739576791
423608.4819576391
424008.4899575991
424408.4979575591
424808.5059575191
425208.5139574791
425608.52195743914
426008.5299573991
426408.5379573591
426808.5459573191
427208.55395727913
427608.5619572391
428008.5699571991
428408.5779571591
428808.5859571191
429208.5939570791
429608.6019570391
430008.6099569991
430408.6179569591
430808.6259569191
431208.6339568791
431608.64195683907
432008.6499567991
432408.6579567591
432808.6659567191
433208.67395667906
433608.6819566391
434008.6899565991
434408.6979565591
434808.7059565191
435208.7139564791
435608.7219564391
436008.72995639907
436408.7379563591
436808.7459563191
437208.7539562791
437608.76195623906
438008.7699561991
438408.7779561591
438808.78595611907
439208.79395607905
439608.8019560391
440008.8099559991
440408.81795595906
440808.82595591905
441208.8339558791
441608.8419558391
442008.84995579906
442408.8579557591
442808.8659557191
443208.87395567907
443608.88195563905
444008.8899555991
444408.8979555591
444808.90595551906
445208.91395547905
445608.9219554391
446008.9299553991
446408.93795535906
446808.94595531904
447208.9539552791
447608.96195523906
448008.96995519905
448408.97795515903
448808.9859551191
449208.99395507906
449609.00195503904
450009.0099549991
450409.01795495907
450809.02595491905
451209.03395487904
451609.0419548391
452009.04995479906
452409.05795475905
452809.06595471903
453209.0739546791
453609.08195463906
454009.08995459904
454409.097954559
454809.10595451907
455209.11395447905
455609.12195443903
456009.129954399
456409.13795435906
456809.14595431904
457209.153954279
457609.16195423907
458009.16995419905
458409.17795415904
458809.185954119
459209.19395407906
459609.20195403905
460009.20995399903
460409.217953959
460809.22595391906
461209.23395387904
461609.241953839
462009.249953799
462409.25795375905
462809.26595371903
463209.273953679
463609.281953639
464009.28995359904
464409.297953559
464809.305953519
465209.31395347905
465609.32195343904
466009.329953399
466409.337953359
466809.34595331905
467209.35395327903
467609.361953239
468009.369953199
468409.37795315904
468809.385953119
469209.393953079
469609.401953039
470009.40995299903
470409.417952959
470809.425952919
471209.433952879
471609.441952839
472009.449952799
472409.457952759
472809.46595271904
473209.473952679
473609.481952639
474009.489952599
474409.49795255903
474809.505952519
475209.513952479
475609.521952439
476009.529952399
476409.537952359
476809.545952319
477209.553952279
477609.561952239
478009.569952199
478409.577952159
478809.58595211897
479209.593952079
479609.601952039
480009.609951999
480409.61795195896
480809.625951919
481209.633951879
481609.641951839
482009.649951799
482409.657951759
482809.665951719
483209.67395167897
483609.681951639
484009.689951599
484409.697951559
484809.70595151896
485209.713951479
485609.721951439
486009.729951399
486409.73795135895
486809.745951319
487209.753951279
487609.76195123896
488009.76995119895
488409.777951159
488809.785951119
489209.79395107896
489609.801951039
490009.809950999
490409.81795095897
490809.82595091895
491209.833950879
491609.841950839
492009.84995079896
492409.85795075895
492809.865950719
493209.873950679
493609.88195063896
494009.88995059894
494409.897950559
494809.90595051897
495209.91395047895
495609.92195043893
496009.929950399
496409.93795035896
496809.94595031894
497209.953950279
497609.96195023897
498009.96995019895
498409.97795015894
498809.985950119
499209.99395007896
499610.00195003895
500010.00994999893
500410.017949959
500810.02594991896
501210.03394987894
501610.0419498389
502010.04994979897
502410.05794975895
502810.06594971893
503210.0739496789
503610.08194963896
504010.08994959894
504410.0979495589
504810.10594951897
505210.11394947895
505610.12194943894
506010.1299493989
506410.13794935896
506810.14594931895
507210.15394927893
507610.1619492389
508010.16994919896
508410.17794915894
508810.1859491189
509210.1939490789
509610.20194903895
510010.20994899893
510410.2179489589
510810.2259489189
511210.23394887894
511610.2419488389
512010.2499487989
512410.25794875895
512810.26594871894
513210.2739486789
513610.2819486389
514010.28994859895
514410.29794855893
514810.3059485189
515210.3139484789
515610.32194843894
516010.3299483989
516410.3379483589
516810.3459483189
517210.35394827893
517610.3619482389
518010.3699481989
518410.3779481589
518810.3859481189
519210.3939480789
519610.4019480389
520010.40994799894
520410.4179479589
520810.4259479189
521210.4339478789
521610.44194783893
522010.4499477989
522410.4579477589
522810.4659477189
523210.4739476789
523610.4819476389
524010.4899475989
524410.4979475589
524810.5059475189
525210.5139474788
525610.521947439
526010.5299473989
526410.5379473589
526810.5459473189
527210.5539472789
527610.5619472389
528010.5699471988
528410.577947159
528810.5859471189
529210.5939470789
529610.6019470389
530010.6099469989
530410.6179469589
530810.6259469189
531210.6339468788
531610.6419468389
532010.6499467989
532410.6579467589
532810.6659467189
533210.6739466789
533610.6819466389
534010.6899465988
534410.6979465588
534810.7059465189
535210.7139464789
535610.7219464389
536010.7299463989
536410.7379463589
536810.7459463188
537210.7539462788
537610.7619462389
538010.7699461989
538410.7779461589
538810.7859461189
539210.7939460789
539610.8019460388
540010.8099459988
540410.8179459588
540810.8259459189
541210.8339458789
541610.8419458389
542010.8499457989
542410.8579457588
542810.8659457188
543210.8739456788
543610.8819456389
544010.8899455989
544410.8979455589
544810.9059455189
545210.9139454789
545610.9219454388
546010.9299453988
546410.9379453588
546810.9459453189
547210.9539452789
547610.9619452389
548010.9699451989
548410.9779451588
548810.9859451188
549210.9939450788
549611.0019450388
550011.0099449989
550411.0179449589
550811.0259449189
551211.0339448788
551611.0419448388
552011.0499447988
552411.0579447588
552811.0659447189
553211.0739446789
553611.0819446389
554011.0899445988
554411.0979445588
554811.1059445188
555211.1139444788
555611.1219444388
556011.1299443989
556411.1379443589
556811.1459443189
557211.1539442788
557611.1619442388
558011.1699441988
558411.1779441588
558811.1859441188
559211.1939440789
559611.2019440389
560011.2099439988
560411.2179439588
560811.2259439188
561211.2339438788
561611.2419438388
562011.2499437989
562411.2579437589
562811.2659437188
563211.2739436788
563611.2819436388
564011.2899435988
564411.2979435588
564811.3059435188
565211.3139434789
565611.3219434388
566011.3299433988
566411.3379433588
566811.3459433188
567211.3539432788
567611.3619432388
568011.3699431989
568411.3779431588
568811.3859431188
569211.3939430788
569611.4019430388
570011.4099429988
570411.4179429588
570811.4259429188
571211.4339428789
571611.4419428388
572011.4499427988
572411.4579427588
572811.4659427188
573211.4739426788
573611.4819426388
574011.4899425987
574411.4979425588
574811.5059425188
575211.5139424788
575611.5219424388
576011.5299423988
576411.5379423588
576811.5459423187
577211.5539422788
577611.5619422388
578011.5699421988
578411.5779421588
578811.5859421188
579211.5939420788
579611.6019420387
580011.6099419987
580411.6179419588
580811.6259419188
581211.6339418788
581611.6419418388
582011.6499417988
582411.6579417587
582811.6659417187
583211.6739416788
583611.6819416388
584011.6899415988
584411.6979415588
584811.7059415188
585211.7139414788
585611.7219414387
586011.7299413987
586411.7379413588
586811.7459413188
587211.7539412788
587611.7619412388
588011.7699411988
588411.7779411587
588811.7859411187
589211.7939410787
589611.8019410388
590011.8099409988
590411.8179409588
590811.8259409188
591211.8339408787
591611.8419408387
592011.8499407987
592411.8579407588
592811.8659407188
593211.8739406788
593611.8819406388
594011.8899405987
594411.8979405587
594811.9059405187
595211.9139404787
595611.9219404388
596011.9299403988
596411.9379403588
596811.9459403188
597211.9539402787
597611.9619402387
598011.9699401987
598411.9779401587
598811.9859401188
599211.9939400788
599612.0019400388
600012.0099399987
600412.0179399587
600812.0259399187
601212.0339398787
601612.0419398388
602012.0499397988
602412.0579397588
602812.0659397187
603212.0739396787
603612.0819396387
604012.0899395987
604412.0979395587
604812.1059395188
605212.1139394788
605612.1219394387
606012.1299393987
606412.1379393587
606812.1459393187
607212.1539392787
607612.1619392388
608012.1699391988
608412.1779391587
608812.1859391187
609212.1939390787
609612.2019390387
610012.2099389987
610412.2179389587
610812.2259389188
611212.2339388788
611612.2419388387
612012.2499387987
612412.2579387587
612812.2659387187
613212.2739386787
613612.2819386387
614012.2899385988
614412.2979385587
614812.3059385187
615212.3139384787
615612.3219384387
616012.3299383987
616412.3379383587
616812.3459383188
617212.3539382787
617612.3619382387
618012.3699381987
618412.3779381587
618812.3859381187
619212.3939380787
619612.4019380386
620012.4099379987
620412.4179379587
620812.4259379187
621212.4339378787
621612.4419378387
622012.4499377987
622412.4579377586
622812.4659377187
623212.4739376787
623612.4819376387
624012.4899375987
624412.4979375587
624812.5059375187
625212.5139374787
625612.5219374386
626012.5299373987
626412.5379373587
626812.5459373187
627212.5539372787
627612.5619372387
628012.5699371987
628412.5779371586
628812.5859371186
629212.5939370787
629612.6019370387
630012.6099369987
630412.6179369587
630812.6259369187
631212.6339368786
631612.6419368386
632012.6499367987
632412.6579367587
632812.6659367187
633212.6739366787
633612.6819366387
634012.6899365986
634412.6979365586
634812.7059365186
635212.7139364787
635612.7219364387
636012.7299363987
636412.7379363587
636812.7459363186
637212.7539362786
637612.7619362386
638012.7699361986
638412.7779361587
638812.7859361187
639212.7939360787
639612.8019360387
640012.8099359986
640412.8179359586
640812.8259359186
641212.8339358787
641612.8419358387
642012.8499357987
642412.8579357587
642812.8659357186
643212.8739356786
643612.8819356386
644012.8899355986
644412.8979355587
644812.9059355187
645212.9139354787
645612.9219354386
646012.9299353986
646412.9379353586
646812.9459353186
647212.9539352787
647612.9619352387
648012.9699351987
648412.9779351586
648812.9859351186
649212.9939350786
649613.0019350386
650013.0099349986
650413.0179349587
650813.0259349187
651213.0339348787
651613.0419348386
652013.0499347986
652413.0579347586
652813.0659347186
653213.0739346786
653613.0819346387
654013.0899345987
654413.0979345586
654813.1059345186
655213.1139344786
655613.1219344386
656013.1299343986
656413.1379343587
656813.1459343187
657213.1539342786
657613.1619342386
658013.1699341986
658413.1779341586
658813.1859341186
659213.1939340786
659613.2019340387
660013.2099339986
660413.2179339586
660813.2259339186
661213.2339338786
661613.2419338386
662013.2499337986
662413.2579337587
662813.2659337186
663213.2739336786
663613.2819336386
664013.2899335986
664413.2979335586
664813.3059335186
665213.3139334786
665613.3219334387
666013.3299333986
666413.3379333586
666813.3459333186
667213.3539332786
667613.3619332386
668013.3699331986
668413.3779331585
668813.3859331186
669213.3939330786
669613.4019330386
670013.4099329986
670413.4179329586
670813.4259329186
671213.4339328785
671613.4419328386
672013.4499327986
672413.4579327586
672813.4659327186
673213.4739326786
673613.4819326386
674013.4899325985
674413.4979325585
674813.5059325186
675213.5139324786
675613.5219324386
676013.5299323986
676413.5379323586
676813.5459323185
677213.5539322785
677613.5619322386
678013.5699321986
678413.5779321586
678813.5859321186
679213.5939320786
679613.6019320386
680013.6099319985
680413.6179319585
680813.6259319186
681213.6339318786
681613.6419318386
682013.6499317986
682413.6579317586
682813.6659317185
683213.6739316785
683613.6819316385
684013.6899315986
684413.6979315586
684813.7059315186
685213.7139314786
685613.7219314385
686013.7299313985
686413.7379313585
686813.7459313186
687213.7539312786
687613.7619312386
688013.7699311986
688413.7779311585
688813.7859311185
689213.7939310785
689613.8019310385
690013.8099309986
690413.8179309586
690813.8259309186
691213.8339308786
691613.8419308385
692013.8499307985
692413.8579307585
692813.8659307185
693213.8739306786
693613.8819306386
694013.8899305986
694413.8979305585
694813.9059305185
695213.9139304785
695613.9219304385
696013.9299303986
696413.9379303586
696813.9459303186
697213.9539302785
697613.9619302385
698013.9699301985
698413.9779301585
698813.9859301185
699213.9939300786
699614.0019300386
700014.0099299985
700414.0179299585
700814.0259299185
701214.0339298785
701614.0419298385
702014.0499297986
702414.0579297586
702814.0659297185
703214.0739296785
703614.0819296385
704014.0899295985
704414.0979295585
704814.1059295185
705214.1139294786
705614.1219294386
706014.1299293985
706414.1379293585
706814.1459293185
707214.1539292785
707614.1619292385
708014.1699291985
708414.1779291586
708814.1859291185
709214.1939290785
709614.2019290385
710014.2099289985
710414.2179289585
710814.2259289185
711214.2339288786
711614.2419288385
712014.2499287985
712414.2579287585
712814.2659287185
713214.2739286785
713614.2819286385
714014.2899285984
714414.2979285585
714814.3059285185
715214.3139284785
715614.3219284385
716014.3299283985
716414.3379283585
716814.3459283184
717214.3539282785
717614.3619282385
718014.3699281985
718414.3779281585
718814.3859281185
719214.3939280785
719614.4019280385
720014.4099279984
720414.4179279585
720814.4259279185
721214.4339278785
721614.4419278385
722014.4499277985
722414.4579277585
722814.4659277184
723214.4739276784
723614.4819276385
724014.4899275985
724414.4979275585
724814.5059275185
725214.5139274785
725614.5219274384
726014.5299273984
726414.5379273585
726814.5459273185
727214.5539272785
727614.5619272385
728014.5699271985
728414.5779271584
728814.5859271184
729214.5939270784
729614.6019270385
730014.6099269985
730414.6179269585
730814.6259269185
731214.6339268785
731614.6419268384
732014.6499267984
732414.6579267584
732814.6659267185
733214.6739266785
733614.6819266385
734014.6899265985
734414.6979265584
734814.7059265184
735214.7139264784
735614.7219264385
736014.7299263985
736414.7379263585
736814.7459263185
737214.7539262784
737614.7619262384
738014.7699261984
738414.7779261584
738814.7859261185
739214.7939260785
739614.8019260385
740014.8099259984
740414.8179259584
740814.8259259184
741214.8339258784
741614.8419258385
742014.8499257985
742414.8579257585
742814.8659257184
743214.8739256784
743614.8819256384
744014.8899255984
744414.8979255584
744814.9059255185
745214.9139254785
745614.9219254385
746014.9299253984
746414.9379253584
746814.9459253184
747214.9539252784
747614.9619252384
748014.9699251985
748414.9779251585
748814.9859251184
749214.9939250784
749615.0019250384
750015.0099249984
750415.0179249584
750815.0259249185
751215.0339248785
751615.0419248384
752015.0499247984
752415.0579247584
752815.0659247184
753215.0739246784
753615.0819246384
754015.0899245985
754415.0979245584
754815.1059245184
755215.1139244784
755615.1219244384
756015.1299243984
756415.1379243584
756815.1459243185
757215.1539242784
757615.1619242384
758015.1699241984
758415.1779241584
758815.1859241184
759215.1939240784
759615.2019240384
760015.2099239985
760415.2179239584
760815.2259239184
761215.2339238784
761615.2419238384
762015.2499237984
762415.2579237584
762815.2659237183
763215.2739236784
763615.2819236384
764015.2899235984
764415.2979235584
764815.3059235184
765215.3139234784
765615.3219234383
766015.3299233984
766415.3379233584
766815.3459233184
767215.3539232784
767615.3619232384
768015.3699231984
768415.3779231583
768815.3859231183
769215.3939230784
769615.4019230384
770015.4099229984
770415.4179229584
770815.4259229184
771215.4339228784
771615.4419228383
772015.4499227984
772415.4579227584
772815.4659227184
773215.4739226784
773615.4819226384
774015.4899225984
774415.4979225583
774815.5059225183
775215.5139224784
775615.5219224384
776015.5299223984
776415.5379223584
776815.5459223184
777215.5539222783
777615.5619222383
778015.5699221983
778415.5779221584
778815.5859221184
779215.5939220784
779615.6019220384
780015.6099219983
780415.6179219583
780815.6259219183
781215.6339218784
781615.6419218384
782015.6499217984
782415.6579217584
782815.6659217183
783215.6739216783
783615.6819216383
784015.6899215983
784415.6979215584
784815.7059215184
785215.7139214784
785615.7219214384
786015.7299213983
786415.7379213583
786815.7459213183
787215.7539212783
787615.7619212384
788015.7699211984
788415.7779211584
788815.7859211183
789215.7939210783
789615.8019210383
790015.8099209983
790415.8179209584
790815.8259209184
791215.8339208784
791615.8419208383
792015.8499207983
792415.8579207583
792815.8659207183
793215.8739206783
793615.8819206384
794015.8899205984
794415.8979205583
794815.9059205183
795215.9139204783
795615.9219204383
796015.9299203983
796415.9379203584
796815.9459203184
797215.9539202783
797615.9619202383
798015.9699201983
798415.9779201583
798815.9859201183
799215.9939200783
799616.0019200384
800016.0099199984
800416.0179199583
800816.0259199183
801216.0339198783
801616.0419198383
802016.0499197983
802416.0579197583
802816.0659197184
803216.0739196783
803616.0819196383
804016.0899195983
804416.0979195583
804816.1059195183
805216.1139194783
805616.1219194384
806016.1299193983
806416.1379193583
806816.1459193183
807216.1539192783
807616.1619192383
808016.1699191983
808416.1779191582
808816.1859191183
809216.1939190783
809616.2019190383
810016.2099189983
810416.2179189583
810816.2259189183
811216.2339188782
811616.2419188384
812016.2499187983
812416.2579187583
812816.2659187183
813216.2739186783
813616.2819186383
814016.2899185983
814416.2979185582
814816.3059185183
815216.3139184783
815616.3219184383
816016.3299183983
816416.3379183583
816816.3459183183
817216.3539182782
817616.3619182382
818016.3699181983
818416.3779181583
818816.3859181183
819216.3939180783
819616.4019180383
820016.4099179982
820416.4179179582
820816.4259179183
821216.4339178783
821616.4419178383
822016.4499177983
822416.4579177583
822816.4659177182
823216.4739176782
823616.4819176382
824016.4899175983
824416.4979175583
824816.5059175183
825216.5139174783
825616.5219174383
826016.5299173982
826416.5379173582
826816.5459173182
827216.5539172783
827616.5619172383
828016.5699171983
828416.5779171583
828816.5859171182
829216.5939170782
829616.6019170382
830016.6099169983
830416.6179169583
830816.6259169183
831216.6339168783
831616.6419168382
832016.6499167982
832416.6579167582
832816.6659167182
833216.6739166783
833616.6819166383
834016.6899165983
834416.6979165582
834816.7059165182
835216.7139164782
835616.7219164382
836016.7299163983
836416.7379163583
836816.7459163183
837216.7539162782
837616.7619162382
838016.7699161982
838416.7779161582
838816.7859161182
839216.7939160783
839616.8019160383
840016.8099159983
840416.8179159582
840816.8259159182
841216.8339158782
841616.8419158382
842016.8499157982
842416.8579157583
842816.8659157183
843216.8739156782
843616.8819156382
844016.8899155982
844416.8979155582
844816.9059155182
845216.9139154783
845616.9219154383
846016.9299153982
846416.9379153582
846816.9459153182
847216.9539152782
847616.9619152382
848016.9699151982
848416.9779151583
848816.9859151182
849216.9939150782
849617.0019150382
850017.0099149982
850417.0179149582
850817.0259149182
851217.0339148783
851617.0419148382
852017.0499147982
852417.0579147582
852817.0659147182
853217.0739146782
853617.0819146382
854017.0899145982
854417.0979145583
854817.1059145182
855217.1139144782
855617.1219144382
856017.1299143982
856417.1379143582
856817.1459143182
857217.1539142781
857617.1619142382
858017.1699141982
858417.1779141582
858817.1859141182
859217.1939140782
859617.2019140382
860017.2099139981
860417.2179139582
860817.2259139182
861217.2339138782
861617.2419138382
862017.2499137982
862417.2579137582
862817.2659137181
863217.2739136781
863617.2819136382
864017.2899135982
864417.2979135582
864817.3059135182
865217.3139134782
865617.3219134382
866017.3299133981
866417.3379133581
866817.3459133182
867217.3539132782
867617.3619132382
868017.3699131982
868417.3779131582
868817.3859131181
869217.3939130781
869617.4019130382
870017.4099129982
870417.4179129582
870817.4259129182
871217.4339128782
871617.4419128381
872017.4499127981
872417.4579127581
872817.4659127182
873217.4739126782
873617.4819126382
874017.4899125982
874417.4979125581
874817.5059125181
875217.5139124781
875617.5219124382
876017.5299123982
876417.5379123582
876817.5459123182
877217.5539122781
877617.5619122381
878017.5699121981
878417.5779121581
878817.5859121182
879217.5939120782
879617.6019120382
880017.6099119982
880417.6179119581
880817.6259119181
881217.6339118781
881617.6419118381
882017.6499117982
882417.6579117582
882817.6659117182
883217.6739116781
883617.6819116381
884017.6899115981
884417.6979115581
884817.7059115182
885217.7139114782
885617.7219114382
886017.7299113981
886417.7379113581
886817.7459113181
887217.7539112781
887617.7619112381
888017.7699111982
888417.7779111582
888817.7859111181
889217.7939110781
889617.8019110381
890017.8099109981
890417.8179109581
890817.8259109182
891217.8339108782
891617.8419108381
892017.8499107981
892417.8579107581
892817.8659107181
893217.8739106781
893617.8819106381
894017.8899105982
894417.8979105582
894817.9059105181
895217.9139104781
895617.9219104381
896017.9299103981
896417.9379103581
896817.945910318
897217.9539102782
897617.9619102381
898017.9699101981
898417.9779101581
898817.9859101181
899217.9939100781
899618.0019100381
900018.0099099982
900418.0179099581
900818.0259099181
901218.0339098781
901618.0419098381
902018.0499097981
902418.0579097581
902818.065909718
903218.0739096781
903618.0819096381
904018.0899095981
904418.0979095581
904818.1059095181
905218.1139094781
905618.121909438
906018.1299093982
906418.1379093581
906818.1459093181
907218.1539092781
907618.1619092381
908018.1699091981
908418.177909158
908818.185909118
909218.1939090781
909618.2019090381
910018.2099089981
910418.2179089581
910818.2259089181
911218.233908878
911618.241908838
912018.249908798
912418.2579087581
912818.2659087181
913218.2739086781
913618.2819086381
914018.2899085981
914418.297908558
914818.305908518
915218.3139084781
915618.3219084381
916018.3299083981
916418.3379083581
916818.3459083181
917218.353908278
917618.361908238
918018.369908198
918418.3779081581
918818.3859081181
919218.3939080781
919618.4019080381
920018.409907998
920418.417907958
920818.425907918
921218.433907878
921618.4419078381
922018.4499077981
922418.4579077581
922818.465907718
923218.473907678
923618.481907638
924018.489907598
924418.4979075581
924818.5059075181
925218.5139074781
925618.5219074381
926018.529907398
926418.537907358
926818.545907318
927218.553907278
927618.5619072381
928018.5699071981
928418.5779071581
928818.585907118
929218.593907078
929618.601907038
930018.609906998
930418.6179069581
930818.6259069181
931218.6339068781
931618.641906838
932018.649906798
932418.657906758
932818.665906718
933218.673906678
933618.6819066381
934018.6899065981
934418.697906558
934818.705906518
935218.713906478
935618.721906438
936018.729906398
936418.737906358
936818.7459063181
937218.753906278
937618.761906238
938018.769906198
938418.777906158
938818.785906118
939218.793906078
939618.8019060381
940018.8099059981
940418.817905958
940818.825905918
941218.833905878
941618.841905838
942018.849905798
942418.857905758
942818.8659057181
943218.873905678
943618.881905638
944018.889905598
944418.897905558
944818.905905518
945218.913905478
945618.9219054381
946018.929905398
946418.937905358
946818.945905318
947218.953905278
947618.961905238
948018.969905198
948418.977905158
948818.985905118
949218.993905078
949619.001905038
950019.009904998
950419.017904958
950819.025904918
951219.033904878
951619.0419048379
952019.049904798
952419.057904758
952819.065904718
953219.073904678
953619.081904638
954019.089904598
954419.097904558
954819.105904518
955219.113904478
955619.121904438
956019.129904398
956419.137904358
956819.145904318
957219.153904278
957619.1619042379
958019.169904198
958419.177904158
958819.185904118
959219.193904078
959619.201904038
960019.209903998
960419.2179039579
960819.2259039179
961219.233903878
961619.241903838
962019.249903798
962419.257903758
962819.265903718
963219.2739036779
963619.2819036379
964019.289903598
964419.297903558
964819.305903518
965219.313903478
965619.321903438
966019.329903398
966419.3379033579
966819.3459033179
967219.353903278
967619.361903238
968019.369903198
968419.377903158
968819.385903118
969219.3939030779
969619.4019030379
970019.409902998
970419.417902958
970819.425902918
971219.433902878
971619.441902838
972019.4499027979
972419.4579027579
972819.4659027179
973219.473902678
973619.481902638
974019.489902598
974419.497902558
974819.5059025179
975219.5139024779
975619.5219024379
976019.5299023979
976419.537902358
976819.545902318
977219.553902278
977619.5619022379
978019.5699021979
978419.5779021579
978819.5859021179
979219.593902078
979619.601902038
980019.609901998
980419.617901958
980819.6259019179
981219.6339018779
981619.6419018379
982019.6499017979
982419.657901758
982819.665901718
983219.673901678
983619.6819016379
984019.6899015979
984419.6979015579
984819.7059015179
985219.713901478
985619.721901438
986019.729901398
986419.7379013579
986819.7459013179
987219.7539012779
987619.7619012379
988019.7699011979
988419.777901158
988819.785901118
989219.7939010779
989619.8019010379
990019.8099009979
990419.8179009579
990819.8259009179
991219.8339008779
991619.841900838
992019.8499007979
992419.8579007579
992819.8659007179
993219.8739006779
993619.8819006379
994019.8899005979
994419.897900558
994819.905900518
995219.9139004779
995619.9219004379
996019.9299003979
996419.9379003579
996819.9459003179
997219.9539002778
997619.961900238
998019.9699001979
998419.9779001579
998819.9859001179
999219.9939000779
999620.0019000379
1000020.0098999979
1000420.017899958
1000820.0258999179
1001220.0338998779
1001620.0418998379
1002020.0498997979
1002420.0578997579
1002820.0658997179
1003220.0738996778
1003620.0818996379
1004020.0898995979
1004420.0978995579
1004820.1058995179
1005220.1138994779
1005620.1218994379
1006020.1298993978
1006420.1378993578
1006820.1458993179
1007220.1538992779
1007620.1618992379
1008020.1698991979
1008420.1778991579
1008820.1858991178
1009220.1938990778
1009620.2018990379
1010020.2098989979
1010420.2178989579
1010820.2258989179
1011220.2338988779
1011620.2418988378
1012020.2498987978
1012420.2578987578
1012820.2658987179
1013220.2738986779
1013620.2818986379
1014020.2898985979
1014420.2978985579
1014820.3058985178
1015220.3138984778
1015620.3218984378
1016020.3298983979
1016420.3378983579
1016820.3458983179
1017220.3538982779
1017620.3618982378
1018020.3698981978
1018420.3778981578
1018820.3858981179
1019220.3938980779
1019620.4018980379
1020020.4098979979
1020420.4178979578
1020820.4258979178
1021220.4338978778
1021620.4418978378
1022020.4498977979
1022420.4578977579
1022820.4658977179
1023220.4738976778
1023620.4818976378
1024020.4898975978
1024420.4978975578
1024820.5058975179
1025220.5138974779
1025620.5218974379
1026020.5298973978
1026420.5378973578
1026820.5458973178
1027220.5538972778
1027620.5618972378
1028020.5698971979
1028420.5778971579
1028820.5858971179
1029220.5938970778
1029620.6018970378
1030020.6098969978
1030420.6178969578
1030820.6258969178
1031220.6338968779
1031620.6418968379
1032020.6498967978
1032420.6578967578
1032820.6658967178
1033220.6738966778
1033620.6818966378
1034020.6898965979
1034420.6978965579
1034820.7058965178
1035220.7138964778
1035620.7218964378
1036020.7298963978
1036420.7378963578
1036820.7458963178
1037220.7538962779
1037620.7618962378
1038020.7698961978
1038420.7778961578
1038820.7858961178
1039220.7938960778
1039620.8018960378
1040020.8098959979
1040420.8178959579
1040820.8258959178
1041220.8338958778
1041620.8418958378
1042020.8498957978
1042420.8578957578
1042820.8658957178
1043220.8738956779
1043620.8818956378
1044020.8898955978
1044420.8978955578
1044820.9058955178
1045220.9138954778
1045620.9218954378
1046020.9298953977
1046420.9378953578
1046820.9458953178
1047220.9538952778
1047620.9618952378
1048020.9698951978
1048420.9778951578
1048820.9858951177
1049220.9938950778
1049621.0018950377
1050021.0098949978
1050421.0178949577
1050821.0258949178
1051221.0338948779
1051621.0418948377
1052021.0498947978
1052421.0578947577
1052821.0658947178
1053221.0738946777
1053621.0818946378
1054021.089894598
1054421.0978945578
1054821.1058945179
1055221.1138944777
1055621.1218944378
1056021.1298943977
1056421.1378943578
1056821.145894318
1057221.1538942778
1057621.1618942379
1058021.1698941977
1058421.1778941578
1058821.1858941177
1059221.1938940778
1059621.2018940377
1060021.2098939978
1060421.2178939579
1060821.2258939177
1061221.2338938778
1061621.2418938377
1062021.2498937978
1062421.2578937577
1062821.2658937178
1063221.2738936779
1063621.2818936377
1064021.2898935978
1064421.2978935577
1064821.3058935178
1065221.3138934777
1065621.3218934378
1066021.3298933979
1066421.3378933577
1066821.3458933178
1067221.3538932777
1067621.3618932378
1068021.3698931977
1068421.3778931578
1068821.3858931176
1069221.3938930777
1069621.4018930378
1070021.4098929977
1070421.4178929578
1070821.4258929177
1071221.4338928778
1071621.4418928376
1072021.4498927977
1072421.4578927578
1072821.4658927177
1073221.4738926778
1073621.4818926377
1074021.4898925978
1074421.4978925576
1074821.5058925177
1075221.5138924778
1075621.5218924377
1076021.5298923978
1076421.5378923577
1076821.5458923178
1077221.5538922776
1077621.5618922377
1078021.5698921976
1078421.5778921577
1078821.5858921178
1079221.5938920777
1079621.6018920378
1080021.6098919977
1080421.6178919578
1080821.6258919176
1081221.6338918777
1081621.6418918378
1082021.6498917977
1082421.6578917578
1082821.6658917177
1083221.6738916778
1083621.6818916376
1084021.6898915977
1084421.6978915578
1084821.7058915177
1085221.7138914778
1085621.7218914377
1086021.7298913978
1086421.7378913576
1086821.7458913177
1087221.7538912778
1087621.7618912377
1088021.7698911978
1088421.7778911577
1088821.7858911178
1089221.7938910776
1089621.8018910377
1090021.8098909976
1090421.8178909577
1090821.8258909178
1091221.8338908777
1091621.8418908378
1092021.8498907976
1092421.8578907577
1092821.8658907176
1093221.8738906777
1093621.8818906378
1094021.8898905977
1094421.8978905578
1094821.9058905176
1095221.9138904777
1095621.9218904376
1096021.9298903977
1096421.9378903578
1096821.9458903177
1097221.9538902778
1097621.9618902376
1098021.9698901977
1098421.9778901576
1098821.9858901177
1099221.9938900776
1099622.0018900377
1100022.0098899978
1100422.0178899576
1100822.0258899177
1101222.0338898776
1101622.0418898377
1102022.0498897976
1102422.0578897577
1102822.0658897178
1103222.0738896776
1103622.0818896377
1104022.0898895976
1104422.0978895577
1104822.1058895176
1105222.1138894777
1105622.1218894378
1106022.1298893976
1106422.1378893577
1106822.1458893176
1107222.1538892777
1107622.1618892376
1108022.1698891977
1108422.1778891576
1108822.1858891177
1109222.1938890778
1109622.2018890376
1110022.2098889977
1110422.2178889576
1110822.2258889177
1111222.2338888776
1111622.2418888377
1112022.2498887978
1112422.2578887576
1112822.2658887177
1113222.2738886776
1113622.2818886377
1114022.2898885976
1114422.2978885577
1114822.3058885178
1115222.3138884776
1115622.3218884377
1116022.3298883976
1116422.3378883577
1116822.3458883176
1117222.3538882777
1117622.3618882375
1118022.3698881976
1118422.3778881577
1118822.3858881176
1119222.3938880777
1119622.4018880376
1120022.4098879977
1120422.4178879575
1120822.4258879176
1121222.4338878777
1121622.4418878376
1122022.4498877977
1122422.4578877576
1122822.4658877177
1123222.4738876775
1123622.4818876376
1124022.4898875977
1124422.4978875576
1124822.5058875177
1125222.5138874776
1125622.5218874377
1126022.5298873975
1126422.5378873576
1126822.5458873177
1127222.5538872776
1127622.5618872377
1128022.5698871976
1128422.5778871577
1128822.5858871175
1129222.5938870776
1129622.6018870375
1130022.6098869976
1130422.6178869577
1130822.6258869176
1131222.6338868777
1131622.6418868375
1132022.6498867976
1132422.6578867575
1132822.6658867176
1133222.6738866777
1133622.6818866376
1134022.6898865977
1134422.6978865576
1134822.7058865177
1135222.7138864775
1135622.7218864376
1136022.7298863977
1136422.7378863576
1136822.7458863177
1137222.7538862776
1137622.7618862377
1138022.7698861975
1138422.7778861576
1138822.7858861175
1139222.7938860776
1139622.8018860377
1140022.8098859976
1140422.8178859577
1140822.8258859175
1141222.8338858776
1141622.8418858375
1142022.8498857976
1142422.8578857577
1142822.8658857176
1143222.8738856777
1143622.8818856375
1144022.8898855976
1144422.8978855575
1144822.9058855176
1145222.9138854777
1145622.9218854376
1146022.9298853977
1146422.9378853575
1146822.9458853176
1147222.9538852775
1147622.9618852376
1148022.9698851975
1148422.9778851576
1148822.9858851177
1149222.9938850775
1149623.0018850376
1150023.0098849975
1150423.0178849576
1150823.0258849175
1151223.0338848776
1151623.0418848377
1152023.0498847975
1152423.0578847576
1152823.0658847175
1153223.0738846776
1153623.0818846375
1154023.0898845976
1154423.0978845577
1154823.1058845175
1155223.1138844776
1155623.1218844375
1156023.1298843976
1156423.1378843575
1156823.1458843176
1157223.1538842774
1157623.1618842375
1158023.1698841976
1158423.1778841575
1158823.1858841176
1159223.1938840775
1159623.2018840376
1160023.2098839974
1160423.2178839575
1160823.2258839177
1161223.2338838775
1161623.2418838376
1162023.2498837975
1162423.2578837576
1162823.2658837175
1163223.2738836776
1163623.2818836377
1164023.2898835975
1164423.2978835576
1164823.3058835175
1165223.3138834776
1165623.3218834375
1166023.3298833976
1166423.3378833577
1166823.3458833175
1167223.3538832776
1167623.3618832375
1168023.3698831976
1168423.3778831575
1168823.3858831176
1169223.3938830774
1169623.4018830375
1170023.4098829976
1170423.4178829575
1170823.4258829176
1171223.4338828775
1171623.4418828376
1172023.4498827974
1172423.4578827575
1172823.4658827176
1173223.4738826775
1173623.4818826376
1174023.4898825975
1174423.4978825576
1174823.5058825174
1175223.5138824775
1175623.5218824376
1176023.5298823975
1176423.5378823576
1176823.5458823175
1177223.5538822776
1177623.5618822374
1178023.5698821975
1178423.5778821574
1178823.5858821175
1179223.5938820776
1179623.6018820375
1180023.6098819976
1180423.6178819574
1180823.6258819175
1181223.6338818774
1181623.6418818375
1182023.6498817976
1182423.6578817575
1182823.6658817176
1183223.6738816774
1183623.6818816375
1184023.6898815974
1184423.6978815575
1184823.7058815176
1185223.7138814775
1185623.7218814376
1186023.7298813974
1186423.7378813575
1186823.7458813174
1187223.7538812775
1187623.7618812374
1188023.7698811975
1188423.7778811576
1188823.7858811175
1189223.7938810776
1189623.8018810374
1190023.8098809975
1190423.8178809574
1190823.8258809175
1191223.8338808776
1191623.8418808375
1192023.8498807976
1192423.8578807574
1192823.8658807175
1193223.8738806774
1193623.8818806375
1194023.8898805976
1194423.8978805575
1194823.9058805176
1195223.9138804774
1195623.9218804375
1196023.9298803974
1196423.9378803575
1196823.9458803174
1197223.9538802775
1197623.9618802376
1198023.9698801974
1198423.9778801575
1198823.9858801174
1199223.9938800775
1199624.0018800374
1200024.0098799975
1200424.0178799576
1200824.0258799174
1201224.0338798775
1201624.0418798374
1202024.0498797975
1202424.0578797574
1202824.0658797175
1203224.0738796776
1203624.0818796374
1204024.0898795975
1204424.0978795574
1204824.1058795175
1205224.1138794774
1205624.1218794375
1206024.1298793976
1206424.1378793574
1206824.1458793175
1207224.1538792774
1207624.1618792375
1208024.1698791974
1208424.1778791575
1208824.1858791173
1209224.1938790774
1209624.2018790375
1210024.2098789974
1210424.2178789575
1210824.2258789174
1211224.2338788775
1211624.2418788373
1212024.2498787974
1212424.2578787575
1212824.2658787174
1213224.2738786775
1213624.2818786374
1214024.2898785975
1214424.2978785574
1214824.3058785175
1215224.3138784776
1215624.3218784374
1216024.3298783975
1216424.3378783574
1216824.3458783175
1217224.3538782774
1217624.3618782375
1218024.3698781973
1218424.3778781574
1218824.3858781175
1219224.3938780774
1219624.4018780375
1220024.4098779974
1220424.4178779575
1220824.4258779173
1221224.4338778774
1221624.4418778375
1222024.4498777974
1222424.4578777575
1222824.4658777174
1223224.4738776775
1223624.4818776373
1224024.4898775974
1224424.4978775575
1224824.5058775174
1225224.5138774775
1225624.5218774374
1226024.5298773975
1226424.5378773573
1226824.5458773174
1227224.5538772773
1227624.5618772374
1228024.5698771975
1228424.5778771574
1228824.5858771175
1229224.5938770773
1229624.6018770374
1230024.6098769973
1230424.6178769574
1230824.6258769175
1231224.6338768774
1231624.6418768375
1232024.6498767973
1232424.6578767574
1232824.6658767173
1233224.6738766774
1233624.6818766375
1234024.6898765974
1234424.6978765575
1234824.7058765173
1235224.7138764774
1235624.7218764373
1236024.7298763974
1236424.7378763573
1236824.7458763174
1237224.7538762775
1237624.7618762373
1238024.7698761974
1238424.7778761573
1238824.7858761174
1239224.7938760773
1239624.8018760374
1240024.8098759975
1240424.8178759573
1240824.8258759174
1241224.8338758773
1241624.8418758374
1242024.8498757973
1242424.8578757574
1242824.8658757175
1243224.8738756774
1243624.8818756375
1244024.8898755973
1244424.8978755574
1244824.9058755173
1245224.9138754774
1245624.9218754375
1246024.9298753974
1246424.9378753575
1246824.9458753173
1247224.9538752774
1247624.9618752373
1248024.9698751974
1248424.9778751573
1248824.9858751174
1249224.9938750775
1249625.0018750373
1250025.0098749974
1250425.0178749573
1250825.0258749174
1251225.0338748773
1251625.0418748374
1252025.0498747975
1252425.0578747573
1252825.0658747174
1253225.0738746773
1253625.0818746374
1254025.0898745973
1254425.0978745574
1254825.1058745175
1255225.1138744773
1255625.1218744374
1256025.1298743973
1256425.1378743574
1256825.1458743173
1257225.1538742774
1257625.1618742372
1258025.1698741973
1258425.1778741574
1258825.1858741173
1259225.1938740774
1259625.2018740373
1260025.2098739974
1260425.2178739572
1260825.2258739173
1261225.2338738774
1261625.2418738373
1262025.2498737974
1262425.2578737573
1262825.2658737174
1263225.2738736772
1263625.2818736373
1264025.2898735974
1264425.2978735573
1264825.3058735174
1265225.3138734773
1265625.3218734374
1266025.3298733972
1266425.3378733573
1266825.3458733172
1267225.3538732773
1267625.3618732374
1268025.3698731973
1268425.3778731574
1268825.3858731173
1269225.3938730774
1269625.4018730372
1270025.4098729973
1270425.4178729574
1270825.4258729173
1271225.4338728774
1271625.4418728373
1272025.4498727974
1272425.4578727572
1272825.4658727173
1273225.4738726774
1273625.4818726373
1274025.4898725974
1274425.4978725573
1274825.5058725174
1275225.5138724772
1275625.5218724373
1276025.5298723972
1276425.5378723573
1276825.5458723174
1277225.5538722773
1277625.5618722374
1278025.5698721972
1278425.5778721573
1278825.5858721172
1279225.5938720773
1279625.6018720374
1280025.6098719973
1280425.6178719574
1280825.6258719172
1281225.6338718773
1281625.6418718372
1282025.6498717973
1282425.6578717574
1282825.6658717173
1283225.6738716774
1283625.6818716372
1284025.6898715973
1284425.6978715572
1284825.7058715173
1285225.7138714774
1285625.7218714373
1286025.7298713974
1286425.7378713572
1286825.7458713173
1287225.7538712772
1287625.7618712373
1288025.7698711972
1288425.7778711573
1288825.7858711174
1289225.7938710772
1289625.8018710373
1290025.8098709972
1290425.8178709573
1290825.8258709172
1291225.8338708773
1291625.8418708374
1292025.8498707972
1292425.8578707573
1292825.8658707172
1293225.8738706773
1293625.8818706372
1294025.8898705973
1294425.8978705574
1294825.9058705173
1295225.9138704774
1295625.9218704372
1296025.9298703973
1296425.9378703572
1296825.9458703173
1297225.9538702772
1297625.9618702373
1298025.9698701974
1298425.9778701572
1298825.9858701173
1299225.9938700772
1299626.0018700373
1300026.0098699972
1300426.0178699573
1300826.0258699174
1301226.0338698772
1301626.0418698373
1302026.0498697972
1302426.0578697573
1302826.0658697172
1303226.0738696773
1303626.0818696374
1304026.0898695972
1304426.0978695573
1304826.1058695172
1305226.1138694773
1305626.1218694372
1306026.1298693973
1306426.1378693571
1306826.1458693172
1307226.1538692773
1307626.1618692372
1308026.1698691973
1308426.1778691572
1308826.1858691173
1309226.1938690771
1309626.2018690372
1310026.2098689973
1310426.2178689572
1310826.2258689173
1311226.2338688772
1311626.2418688373
1312026.2498687971
1312426.2578687572
1312826.2658687173
1313226.2738686772
1313626.2818686373
1314026.2898685972
1314426.2978685573
1314826.3058685171
1315226.3138684772
1315626.3218684373
1316026.3298683972
1316426.3378683573
1316826.3458683172
1317226.3538682773
1317626.3618682371
1318026.3698681972
1318426.377868157
1318826.3858681172
1319226.3938680773
1319626.4018680372
1320026.4098679973
1320426.4178679571
1320826.4258679172
1321226.4338678771
1321626.4418678372
1322026.4498677973
1322426.4578677572
1322826.4658677173
1323226.4738676772
1323626.4818676373
1324026.4898675971
1324426.4978675572
1324826.5058675173
1325226.5138674772
1325626.5218674373
1326026.5298673972
1326426.5378673573
1326826.5458673171
1327226.5538672772
1327626.561867237
1328026.5698671972
1328426.5778671573
1328826.5858671172
1329226.5938670773
1329626.6018670371
1330026.6098669972
1330426.617866957
1330826.6258669172
1331226.6338668773
1331626.6418668372
1332026.6498667973
1332426.6578667571
1332826.6658667172
1333226.673866677
1333626.6818666372
1334026.6898665973
1334426.6978665572
1334826.7058665173
1335226.7138664771
1335626.7218664372
1336026.729866397
1336426.7378663572
1336826.745866317
1337226.7538662772
1337626.7618662373
1338026.7698661971
1338426.7778661572
1338826.785866117
1339226.7938660772
1339626.801866037
1340026.8098659972
1340426.8178659573
1340826.8258659171
1341226.8338658772
1341626.841865837
1342026.8498657972
1342426.857865757
1342826.8658657172
1343226.8738656773
1343626.8818656371
1344026.8898655972
1344426.897865557
1344826.9058655172
1345226.913865477
1345626.9218654372
1346026.929865397
1346426.9378653571
1346826.9458653172
1347226.953865277
1347626.9618652372
1348026.969865197
1348426.9778651572
1348826.985865117
1349226.9938650772
1349627.0018650373
1350027.0098649971
1350427.0178649572
1350827.025864917
1351227.0338648772
1351627.041864837
1352027.0498647972
1352427.0578647573
1352827.0658647171
1353227.0738646772
1353627.081864637
1354027.0898645972
1354427.097864557
1354827.1058645172
1355227.1138644773
1355627.1218644371
1356027.1298643972
1356427.137864357
1356827.1458643172
1357227.153864277
1357627.1618642372
1358027.169864197
1358427.1778641571
1358827.1858641172
1359227.193864077
1359627.2018640372
1360027.209863997
1360427.2178639572
1360827.225863917
1361227.2338638771
1361627.2418638372
1362027.249863797
1362427.2578637572
1362827.265863717
1363227.2738636772
1363627.281863637
1364027.2898635971
1364427.2978635572
1364827.305863517
1365227.3138634772
1365627.321863437
1366027.3298633972
1366427.337863357
1366827.3458633171
1367227.353863277
1367627.361863237
1368027.3698631972
1368427.377863157
1368827.3858631172
1369227.393863077
1369627.4018630371
1370027.409862997
1370427.417862957
1370827.4258629172
1371227.433862877
1371627.4418628372
1372027.449862797
1372427.4578627571
1372827.465862717
1373227.473862677
1373627.4818626372
1374027.489862597
1374427.4978625572
1374827.505862517
1375227.5138624771
1375627.521862437
1376027.5298623971
1376427.537862357
1376827.545862317
1377227.5538622772
1377627.561862237
1378027.5698621972
1378427.577862157
1378827.5858621171
1379227.593862077
1379627.601862037
1380027.6098619972
1380427.617861957
1380827.6258619172
1381227.633861877
1381627.6418618371
1382027.649861797
1382427.657861757
1382827.6658617172
1383227.673861677
1383627.6818616372
1384027.689861597
1384427.6978615571
1384827.705861517
1385227.713861477
1385627.721861437
1386027.729861397
1386427.7378613572
1386827.745861317
1387227.7538612771
1387627.761861237
1388027.769861197
1388427.777861157
1388827.785861117
1389227.7938610772
1389627.801861037
1390027.8098609971
1390427.817860957
1390827.825860917
1391227.833860877
1391627.841860837
1392027.8498607972
1392427.857860757
1392827.8658607171
1393227.873860677
1393627.881860637
1394027.889860597
1394427.897860557
1394827.9058605172
1395227.913860477
1395627.9218604371
1396027.929860397
1396427.937860357
1396827.945860317
1397227.953860277
1397627.961860237
1398027.969860197
1398427.9778601571
1398827.985860117
1399227.993860077
1399628.001860037
1400028.009859997
1400428.017859957
1400828.025859917
1401228.0338598771
1401628.041859837
1402028.049859797
1402428.057859757
1402828.065859717
1403228.073859677
1403628.081859637
1404028.0898595972
1404428.097859557
1404828.1058595171
1405228.113859477
1405628.121859437
1406028.129859397
1406428.137859357
1406828.145859317
1407228.153859277
1407628.1618592371
1408028.169859197
1408428.177859157
1408828.185859117
1409228.193859077
1409628.201859037
1410028.209858997
1410428.2178589571
1410828.225858917
1411228.233858877
1411628.241858837
1412028.249858797
1412428.257858757
1412828.265858717
1413228.2738586771
1413628.281858637
1414028.289858597
1414428.297858557
1414828.305858517
1415228.313858477
1415628.321858437
1416028.329858397
1416428.337858357
1416828.345858317
1417228.353858277
1417628.361858237
1418028.369858197
1418428.377858157
1418828.385858117
1419228.393858077
1419628.401858037
1420028.409857997
1420428.417857957
1420828.425857917
1421228.433857877
1421628.441857837
1422028.449857797
1422428.457857757
1422828.465857717
1423228.473857677
1423628.481857637
1424028.489857597
1424428.497857557
1424828.505857517
1425228.5138574769
1425628.521857437
1426028.529857397
1426428.537857357
1426828.545857317
1427228.553857277
1427628.561857237
1428028.5698571969
1428428.577857157
1428828.585857117
1429228.593857077
1429628.601857037
1430028.609856997
1430428.617856957
1430828.625856917
1431228.633856877
1431628.641856837
1432028.649856797
1432428.657856757
1432828.665856717
1433228.673856677
1433628.681856637
1434028.689856597
1434428.697856557
1434828.705856517
1435228.713856477
1435628.721856437
1436028.729856397
1436428.737856357
1436828.745856317
1437228.7538562769
1437628.761856237
1438028.769856197
1438428.777856157
1438828.785856117
1439228.793856077
1439628.801856037
1440028.8098559969
1440428.817855957
1440828.825855917
1441228.833855877
1441628.841855837
1442028.849855797
1442428.857855757
1442828.8658557169
1443228.873855677
1443628.881855637
1444028.889855597
1444428.897855557
1444828.905855517
1445228.913855477
1445628.9218554369
1446028.929855397
1446428.9378553568
1446828.945855317
1447228.953855277
1447628.961855237
1448028.969855197
1448428.9778551569
1448828.985855117
1449228.9938550768
1449629.001855037
1450029.009854997
1450429.017854957
1450829.025854917
1451229.0338548769
1451629.041854837
1452029.0498547968
1452429.057854757
1452829.065854717
1453229.073854677
1453629.081854637
1454029.0898545969
1454429.097854557
1454829.1058545168
1455229.113854477
1455629.1218544368
1456029.129854397
1456429.137854357
1456829.145854317
1457229.153854277
1457629.1618542369
1458029.169854197
1458429.1778541568
1458829.185854117
1459229.193854077
1459629.201854037
1460029.209853997
1460429.2178539569
1460829.225853917
1461229.2338538768
1461629.241853837
1462029.249853797
1462429.257853757
1462829.265853717
1463229.2738536769
1463629.281853637
1464029.2898535968
1464429.297853557
1464829.3058535168
1465229.313853477
1465629.321853437
1466029.3298533969
1466429.337853357
1466829.3458533168
1467229.353853277
1467629.3618532368
1468029.369853197
1468429.377853157
1468829.3858531169
1469229.393853077
1469629.4018530368
1470029.409852997
1470429.4178529568
1470829.425852917
1471229.433852877
1471629.4418528369
1472029.449852797
1472429.4578527568
1472829.465852717
1473229.4738526768
1473629.481852637
1474029.489852597
1474429.4978525569
1474829.505852517
1475229.5138524768
1475629.521852437
1476029.5298523968
1476429.537852357
1476829.5458523168
1477229.5538522769
1477629.561852237
1478029.5698521968
1478429.577852157
1478829.5858521168
1479229.593852077
1479629.6018520368
1480029.6098519969
1480429.617851957
1480829.6258519168
1481229.633851877
1481629.6418518368
1482029.649851797
1482429.6578517568
1482829.6658517169
1483229.673851677
1483629.6818516369
1484029.689851597
1484429.6978515568
1484829.705851517
1485229.7138514768
1485629.721851437
1486029.7298513968
1486429.7378513569
1486829.745851317
1487229.7538512768
1487629.761851237
1488029.7698511968
1488429.777851157
1488829.7858511168
1489229.7938510769
1489629.801851037
1490029.8098509968
1490429.817850957
1490829.8258509168
1491229.833850877
1491629.8418508368
1492029.8498507969
1492429.857850757
1492829.8658507168
1493229.873850677
1493629.8818506368
1494029.889850597
1494429.8978505568
1494829.9058505169
1495229.9138504767
1495629.9218504368
1496029.929850397
1496429.9378503568
1496829.945850317
1497229.9538502768
1497629.9618502369
1498029.9698501967
1498429.9778501568
1498829.985850117
1499229.9938500768
1499630.001850037
1500030.0098499968
1500430.0178499569
1500830.0258499167
1501230.0338498768
1501630.041849837
1502030.0498497968
1502430.057849757
1502830.0658497168
1503230.0738496769
1503630.0818496367
1504030.0898495968
1504430.0978495567
1504830.1058495168
1505230.113849477
1505630.1218494368
1506030.1298493969
1506430.1378493567
1506830.1458493168
1507230.1538492767
1507630.1618492368
1508030.169849197
1508430.1778491568
1508830.1858491169
1509230.1938490767
1509630.2018490369
1510030.2098489967
1510430.2178489568
1510830.225848917
1511230.2338488768
1511630.241848837
1512030.2498487968
1512430.2578487569
1512830.2658487167
1513230.2738486768
1513630.281848637
1514030.2898485968
1514430.297848557
1514830.3058485168
1515230.3138484769
1515630.3218484367
1516030.3298483968
1516430.3378483567
1516830.3458483168
1517230.353848277
1517630.3618482368
1518030.3698481969
1518430.3778481567
1518830.3858481168
1519230.3938480767
1519630.4018480368
1520030.409847997
1520430.4178479568
1520830.4258479169
1521230.4338478767
1521630.4418478368
1522030.4498477967
1522430.4578477568
1522830.465847717
1523230.4738476768
1523630.4818476369
1524030.4898475967
1524430.4978475568
1524830.5058475167
1525230.5138474768
1525630.5218474367
1526030.5298473968
1526430.5378473569
1526830.5458473167
1527230.5538472768
1527630.5618472367
1528030.5698471968
1528430.5778471567
1528830.5858471168
1529230.5938470769
1529630.6018470367
1530030.6098469968
1530430.6178469567
1530830.6258469168
1531230.6338468767
1531630.6418468368
1532030.6498467969
1532430.6578467567
1532830.6658467168
1533230.6738466767
1533630.6818466368
1534030.6898465967
1534430.6978465568
1534830.7058465166
1535230.7138464767
1535630.7218464368
1536030.7298463967
1536430.7378463568
1536830.7458463167
1537230.7538462768
1537630.7618462367
1538030.7698461968
1538430.7778461569
1538830.7858461167
1539230.7938460768
1539630.8018460367
1540030.8098459968
1540430.8178459567
1540830.8258459168
1541230.8338458769
1541630.8418458367
1542030.8498457968
1542430.8578457567
1542830.8658457168
1543230.8738456767
1543630.8818456368
1544030.8898455969
1544430.8978455567
1544830.9058455168
1545230.9138454767
1545630.9218454368
1546030.9298453967
1546430.9378453568
1546830.9458453166
1547230.9538452767
1547630.9618452368
1548030.9698451967
1548430.9778451568
1548830.9858451167
1549230.9938450768
1549631.0018450366
1550031.0098449967
1550431.0178449568
1550831.0258449167
1551231.0338448768
1551631.0418448367
1552031.0498447968
1552431.0578447566
1552831.0658447167
1553231.0738446768
1553631.0818446367
1554031.0898445968
1554431.0978445567
1554831.1058445168
1555231.1138444766
1555631.1218444367
1556031.1298443966
1556431.1378443567
1556831.1458443168
1557231.1538442767
1557631.1618442368
1558031.1698441966
1558431.1778441567
1558831.1858441166
1559231.1938440767
1559631.2018440368
1560031.2098439967
1560431.2178439568
1560831.2258439166
1561231.2338438767
1561631.2418438366
1562031.2498437967
1562431.2578437568
1562831.2658437167
1563231.2738436768
1563631.2818436367
1564031.2898435968
1564431.2978435566
1564831.3058435167
1565231.3138434766
1565631.3218434367
1566031.3298433968
1566431.3378433567
1566831.3458433168
1567231.3538432766
1567631.3618432367
1568031.3698431966
1568431.3778431567
1568831.3858431168
1569231.3938430767
1569631.4018430368
1570031.4098429966
1570431.4178429567
1570831.4258429166
1571231.4338428767
1571631.4418428368
1572031.4498427967
1572431.4578427568
1572831.4658427166
1573231.4738426767
1573631.4818426366
1574031.4898425967
1574431.4978425566
1574831.5058425167
1575231.5138424768
1575631.5218424366
1576031.5298423967
1576431.5378423566
1576831.5458423167
1577231.5538422766
1577631.5618422367
1578031.5698421968
1578431.5778421566
1578831.5858421167
1579231.5938420766
1579631.6018420367
1580031.6098419966
1580431.6178419567
1580831.6258419168
1581231.6338418766
1581631.6418418367
1582031.6498417966
1582431.6578417567
1582831.6658417166
1583231.6738416767
1583631.6818416368
1584031.6898415966
1584431.6978415567
1584831.7058415166
1585231.7138414767
1585631.7218414366
1586031.7298413967
1586431.7378413565
1586831.7458413166
1587231.7538412767
1587631.7618412366
1588031.7698411967
1588431.7778411566
1588831.7858411167
1589231.7938410765
1589631.8018410366
1590031.8098409967
1590431.8178409566
1590831.8258409167
1591231.8338408766
1591631.8418408367
1592031.8498407966
1592431.8578407567
1592831.8658407168
1593231.8738406766
1593631.8818406367
1594031.8898405966
1594431.8978405567
1594831.9058405166
1595231.9138404767
1595631.9218404365
1596031.9298403966
1596431.9378403567
1596831.9458403166
1597231.9538402767
1597631.9618402366
1598031.9698401967
1598431.9778401565
1598831.9858401166
1599231.9938400767
1599632.0018400366
1600032.0098399967
1600432.0178399566
1600832.0258399167
1601232.0338398765
1601632.0418398366
1602032.0498397967
1602432.0578397566
1602832.0658397167
1603232.0738396766
1603632.0818396367
1604032.0898395965
1604432.0978395566
1604832.1058395165
1605232.1138394766
1605632.1218394367
1606032.1298393966
1606432.1378393567
1606832.1458393165
1607232.1538392766
1607632.1618392365
1608032.1698391966
1608432.1778391567
1608832.1858391166
1609232.1938390767
1609632.2018390365
1610032.2098389966
1610432.2178389565
1610832.2258389166
1611232.2338388767
1611632.2418388366
1612032.2498387967
1612432.2578387565
1612832.2658387166
1613232.2738386765
1613632.2818386366
1614032.2898385965
1614432.2978385566
1614832.3058385167
1615232.3138384765
1615632.3218384366
1616032.3298383965
1616432.3378383566
1616832.3458383165
1617232.3538382766
1617632.3618382367
1618032.3698381966
1618432.3778381567
1618832.3858381165
1619232.3938380766
1619632.4018380365
1620032.4098379966
1620432.4178379567
1620832.4258379166
1621232.4338378767
1621632.4418378365
1622032.4498377966
1622432.4578377565
1622832.4658377166
1623232.4738376767
1623632.4818376366
1624032.4898375967
1624432.4978375565
1624832.5058375166
1625232.5138374765
1625632.5218374366
1626032.5298373965
1626432.5378373566
1626832.5458373167
1627232.5538372765
1627632.5618372366
1628032.5698371965
1628432.5778371566
1628832.5858371165
1629232.5938370766
1629632.6018370367
1630032.6098369965
1630432.6178369566
1630832.6258369165
1631232.6338368766
1631632.6418368365
1632032.6498367966
1632432.6578367567
1632832.6658367165
1633232.6738366766
1633632.6818366365
1634032.6898365966
1634432.6978365565
1634832.7058365166
1635232.7138364764
1635632.7218364365
1636032.7298363966
1636432.7378363565
1636832.7458363166
1637232.7538362765
1637632.7618362366
1638032.7698361964
1638432.7778361565
1638832.7858361166
1639232.7938360765
1639632.8018360366
1640032.8098359965
1640432.8178359566
1640832.8258359164
1641232.8338358765
1641632.8418358366
1642032.8498357965
1642432.8578357566
1642832.8658357165
1643232.8738356766
1643632.8818356364
1644032.8898355966
1644432.8978355564
1644832.9058355165
1645232.9138354766
1645632.9218354365
1646032.9298353966
1646432.9378353565
1646832.9458353166
1647232.9538352764
1647632.9618352365
1648032.9698351966
1648432.9778351565
1648832.9858351166
1649232.9938350765
1649633.0018350366
1650033.0098349964
1650433.0178349565
1650833.0258349166
1651233.0338348765
1651633.0418348366
1652033.0498347965
1652433.0578347566
1652833.0658347164
1653233.0738346765
1653633.0818346364
1654033.0898345965
1654433.0978345566
1654833.1058345165
1655233.1138344766
1655633.1218344364
1656033.1298343965
1656433.1378343564
1656833.1458343165
1657233.1538342766
1657633.1618342365
1658033.1698341966
1658433.1778341564
1658833.1858341165
1659233.1938340764
1659633.2018340365
1660033.2098339966
1660433.2178339565
1660833.2258339166
1661233.2338338764
1661633.2418338365
1662033.2498337964
1662433.2578337565
1662833.2658337166
1663233.2738336765
1663633.2818336366
1664033.2898335964
1664433.2978335565
1664833.3058335164
1665233.3138334765
1665633.3218334364
1666033.3298333965
1666433.3378333566
1666833.3458333164
1667233.3538332765
1667633.3618332364
1668033.3698331965
1668433.3778331564
1668833.3858331165
1669233.3938330766
1669633.4018330364
1670033.4098329965
1670433.4178329564
1670833.4258329165
1671233.4338328764
1671633.4418328365
1672033.4498327966
1672433.4578327565
1672833.4658327166
1673233.4738326764
1673633.4818326365
1674033.4898325964
1674433.4978325565
1674833.5058325164
1675233.5138324765
1675633.5218324366
1676033.5298323964
1676433.5378323565
1676833.5458323164
1677233.5538322765
1677633.5618322364
1678033.5698321965
1678433.5778321566
1678833.5858321164
1679233.5938320765
1679633.6018320364
1680033.6098319965
1680433.6178319564
1680833.6258319165
1681233.6338318766
1681633.6418318364
1682033.6498317965
1682433.6578317564
1682833.6658317165
1683233.6738316764
1683633.6818316365
1684033.6898315963
1684433.6978315564
1684833.7058315165
1685233.7138314764
1685633.7218314365
1686033.7298313964
1686433.7378313565
1686833.7458313163
1687233.7538312764
1687633.7618312365
1688033.7698311964
1688433.7778311565
1688833.7858311164
1689233.7938310765
1689633.8018310363
1690033.8098309964
1690433.8178309565
1690833.8258309164
1691233.8338308765
1691633.8418308364
1692033.8498307965
1692433.8578307563
1692833.8658307164
1693233.8738306763
1693633.8818306364
1694033.8898305965
1694433.8978305564
1694833.9058305165
1695233.9138304763
1695633.9218304364
1696033.9298303963
1696433.9378303564
1696833.9458303165
1697233.9538302764
1697633.9618302365
1698033.9698301964
1698433.9778301565
1698833.9858301163
1699233.9938300764
1699634.0018300365
1700034.0098299964
1700434.0178299565
1700834.0258299164
1701234.0338298765
1701634.0418298363
1702034.0498297964
1702434.0578297565
1702834.0658297164
1703234.0738296765
1703634.0818296364
1704034.0898295965
1704434.0978295563
1704834.1058295164
1705234.1138294763
1705634.1218294364
1706034.1298293965
1706434.1378293564
1706834.1458293165
1707234.1538292763
1707634.1618292364
1708034.1698291963
1708434.1778291564
1708834.1858291165
1709234.1938290764
1709634.2018290365
1710034.2098289963
1710434.2178289564
1710834.2258289163
1711234.2338288764
1711634.2418288365
1712034.2498287964
1712834.2658287126
1712973.5969309385
1713112.939367098
1713252.2931381206
1713391.6582449242
1713531.034688431
1713670.42246956
1713809.82158924
1713949.2320483907
1714088.65384793
1714228.0869887879
1714367.5314718834
1714506.9872981356
1714646.4544684745
1714785.932983819
1714925.422845092
1715064.924053213
1715204.4366091122
1715343.9605137089
1715483.495767923
1715623.0423726847
1715762.6003289137
1715902.1696375334
1716041.7502994637
1716181.3423156354
1716320.9456869685
1716460.5604143832
1716600.18649881
1716739.8239411695
1716879.4727423857
1717019.132903379
1717158.8044250803
1717298.4873084102
1717438.1815542898
1717577.8871636502
1717717.6041374123
1717857.3324765002
1717997.0721818353
1718136.8232543492
1718276.5856949629
1718416.3595045977
1718556.1446841855
1718695.9412346475
1718835.7491569053
1718975.568451891
1719115.399120526
1719255.2411637357
1719395.0945824417
1719534.9593775766
1719674.8355500621
1719814.7231008203
1719954.6220307837
1720094.5323408744
1720234.454032018
1720374.3871051373
1720514.331561165
1720654.287401023
1720794.2546256345
1720934.2332359322
1721074.223232839
1721214.2246172775
1721354.237390181
1721494.2615524726
1721634.2971050786
1721774.344048922
1721914.4023849363
1722054.4721140454
1722194.5532371718
1722334.6457552498
1722474.7496692024
1722614.864979957
1722754.991688437
1722895.1297955767
1723035.2793022997
1723175.4402095298
1723315.6125182016
1723455.7962292386
1723595.9913435685
1723736.1978621157
1723876.4157858146
1724016.6451155897
1724156.885852365
1724297.1379970754
1724437.401550646
1724577.6765140041
1724717.9628880746
1724858.2606737928
1724998.5698720834
1725138.8904838713
1725279.2225100922
1725419.5659516705
1725559.9208095318
1725700.2870846114
1725840.664777835
1725981.053890131
1726121.4544224248
1726261.8663756526
1726402.28975074
1726542.724548612
1726683.1707702056
1726823.628416446
1726964.097488263
1727104.577986582
1727245.06991234
1727385.5732664627
1727526.0880498763
1727666.6142635175
1727807.151908313
1727947.700985192
1728088.2614950815
1728228.8334389185
1728369.416817629
1728510.0116321403
1728650.6178833896
1728791.2355723034
1728931.8646998086
1729072.5052668431
1729213.1572743338
1729353.820723211
1729494.4956144022
1729635.181948845
1729775.879727467
1729916.5889511956
1730057.3096209685
1730198.0417377136
1730338.7853023617
1730479.540315841
1730620.3067790896
1730761.0846930353
1730901.874058606
1731042.6748767407
1731183.487148367
1731324.3108744167
1731465.1460558183
1731605.9926935104
1731746.8507884215
1731887.7203414799
1732028.601353625
1732169.4938257854
1732310.3977588895
1732451.313153877
1732592.2400116764
1732733.1783332203
1732874.128119438
1733015.0893712686
1733156.0620896416
1733297.046275486
1733438.041929742
1733579.0490533388
1733720.0676472092
1733861.097712283
1734002.1392495004
1734143.1922597908
1734284.2567440842
1734425.3327033208
1734566.4201384308
1734707.519050344
1734848.6294400007
1734989.7513083317
1735130.8846562705
1735272.0294847472
1735413.1857947027
1735554.353587068
1735695.5328627727
1735836.7236227589
1735977.9258679566
1736119.1395993002
1736260.3648177208
1736401.6015241595
1736542.8497195477
1736684.1094048163
1736825.3805809068
1736966.6632487504
1737107.957409282
1737249.263063433
1737390.5802121453
1737531.9088563507
1737673.2489969805
1737814.6006349768
1737955.9637712718
1738097.3384068003
1738238.7245424944
1738380.1221792968
1738521.5313181395
1738662.9519599543
1738804.3841056842
1738945.8277562617
1739087.2829126187
1739228.7495756983
1739370.227746433
1739511.7174257592
1739653.2186146092
1739794.7313139266
1739936.2555246437
1740077.7912476938
1740219.3384840204
1740360.8972345563
1740502.4675002384
1740644.0492819995
1740785.642580784
1740927.2473975245
1741068.863733155
1741210.4915886195
1741352.1309648512
1741493.7818627877
1741635.4442833622
1741777.1182275196
1741918.8036961935
1742060.5006903177
1742202.209210837
1742343.9292586856
1742485.6608347974
1742627.4039401172
1742769.1585755798
1742910.9247421226
1743052.7024406802
1743194.4916721978
1743336.2924376102
1743478.1047378518
1743619.928573868
1743761.7639465937
1743903.6108569675
1744045.4693059244
1744187.3392944096
1744329.220823359
1744471.1138937073
1744613.0185064005
1744754.934662374
1744896.8623625669
1745038.8016079147
1745180.7523993636
1745322.714737849
1745464.688624307
1745606.6740596842
1745748.6710449161
1745890.679580939
1746032.6996686994
1746174.7313091336
1746316.774503181
1746458.8292517783
1746600.8955558722
1746742.9734163994
1746885.0628342964
1747027.1638105102
1747169.2763459776
1747311.400441639
1747453.5360984309
1747595.683317301
1747737.8420991867
1747880.0124450244
1748022.194355762
1748164.387832337
1748306.5928756867
1748448.8094867587
1748591.0376664908
1748733.2774158237
1748875.5287356954
1749017.7916270539
1749160.066090837
1749302.3521279825
1749444.6497394391
1749586.9589261448
1749729.2796890407
1749871.6120290656
1750013.955947168
1750156.3114442858
1750298.6785213582
1750441.0571793334
1750583.4474191505
1750725.8492417515
1750868.2626480751
1751010.6876390704
1751153.1242156764
1751295.572378832
1751438.0321294868
1751580.5034685798
1751722.9863970538
1751865.4809158477
1752007.9870259117
1752150.504728185
1752293.0340236071
1752435.5749131283
1752578.1273976879
1752720.6914782254
1752863.2671556917
1753005.8544310261
1753148.4533051725
1753291.0637790705
1753433.685853671
1753576.3195299138
1753718.9648087395
1753861.621691099
1754004.2901779322
1754146.9702701834
1754289.661968793
1754432.3652747124
1754575.080188882
1754717.8067122428
1754860.544845746
1755003.2945903325
1755146.0559469434
1755288.8289165304
1755431.6135000344
1755574.4096984004
1755717.2175125694
1755860.0369434934
1756002.8679921143
1756145.7106593729
1756288.564946222
1756431.430853603
1756574.308382461
1756717.197533738
1756860.0983083867
1757003.0107073488
1757145.9347315663
1757288.8703819923
1757431.8176595687
1757574.7765652414
1757717.7470999525
1757860.7292646554
1758003.7230602927
1758146.7284878064
1758289.7455481503
1758432.774242267
1758575.8145711028
1758718.8665356005
1758861.9301367141
1759005.0053753862
1759148.09225256
1759291.1907691895
1759434.3009262178
1759577.4227245883
1759720.5561652551
1759863.7012491617
1760006.8579772552
1760150.026350479
1760293.2063697882
1760436.3980361258
1760579.6013504362
1760722.8163136737
1760866.0429267825
1761009.2811907101
1761152.531106401
1761295.79267481
1761439.065896881
1761582.3507735592
1761725.6473057992
1761868.9554945456
1762012.2753407431
1762155.6068453474
1762298.950009303
1762442.3048335584
1762585.6713190584
1762729.049466759
1762872.439277605
1763015.8407525418
1763159.2538925253
1763302.6786985009
1763446.1151714174
1763589.5633122204
1763733.023121866
1763876.4946013002
1764019.9777514683
1764163.4725733271
1764306.9790678222
1764450.4972359035
1764594.0270785165
1764737.5685966187
1764881.1217911555
1765024.6866630737
1765168.2632133302
1765311.8514428714
1765455.4513526473
1765599.0629436045
1765742.6862167004
1765886.3211728814
1766029.9678130948
1766173.6261382978
1766317.2961494378
1766460.9778474611
1766604.6712333262
1766748.37630798
1766892.0930723734
1767035.8215274534
1767179.5616741786
1767323.3135134964
1767467.077046354
1767610.85227371
1767754.6391965125
1767898.4378157123
1768042.2481322575
1768186.0701471067
1768329.903861208
1768473.7492755095
1768617.60639097
1768761.4752085381
1768905.3557291653
1769049.2479538
1769193.151883402
1769337.0675189192
1769480.9948613006
1769624.9339115056
1769768.8846704827
1769912.8471391813
1770056.8213185607
1770200.8072095702
1770344.8048131624
1770488.8141302862
1770632.835161902
1770776.867908959
1770920.9123724066
1771064.9685532048
1771209.0364523036
1771353.1160706559
1771497.2074092117
1771641.3104689312
1771785.4252507645
1771929.5517556616
1772073.6899845833
1772217.8399384795
1772362.0016183043
1772506.1750250075
1772650.3601595506
1772794.5570228838
1772938.7656159578
1773082.9859397337
1773227.2179951624
1773371.4617831944
1773515.7173047913
1773659.984560904
1773804.2635524874
1773948.554280492
1774092.8567458799
1774237.1709496023
1774381.4968926106
1774525.8345758666
1774670.184000322
1774814.5451669318
1774958.9180766474
1775103.3027304318
1775247.6991292362
1775392.1072740124
1775536.5271657233
1775680.9588053208
1775825.4021937568
1775969.8573319945
1776114.3242209859
1776258.8028616868
1776403.2932550497
1776547.795402038
1776692.3093036036
1776836.8349606995
1776981.3723742892
1777125.9215453255
1777270.4824747646
1777415.0551635593
1777559.6396126735
1777704.2358230604
1777848.843795673
1777993.463531475
1778138.0950314205
1778282.7382964655
1778427.393327564
1778572.0601256802
1778716.7386917677
1778861.42902678
1779006.1311316818
1779150.845007427
1779295.5706549732
1779440.3080752739
1779585.0572692945
1779729.8182379887
1779874.590982311
1780019.3755032264
1780164.1718016893
1780308.9798786542
1780453.7997350863
1780598.63137194
1780743.4747901743
1780888.3299907432
1781033.1969746125
1781178.0757427376
1781322.9662960728
1781467.8686355846
1781612.7827622278
1781757.7086769613
1781902.6463807405
1782047.5958745312
1782192.5571592895
1782337.5302359704
1782482.5151055404
1782627.5117689555
1782772.5202271712
1782917.5404811543
1783062.5725318606
1783207.6163802498
1783352.6720272778
1783497.739473912
1783642.8187211081
1783787.9097698228
1783933.0126210235
1784078.127275666
1784223.2537347109
1784368.3919991148
1784513.542069845
1784658.7039478587
1784803.8776341123
1784949.0631295738
1785094.2604352003
1785239.4695519523
1785384.690480787
1785529.923222673
1785675.1677785667
1785820.424149426
1785965.6923362194
1786110.972339904
1786256.2641614415
1786401.5678017891
1786546.883261916
1786692.2105427799
1786837.5496453384
1786982.900570561
1787128.263319405
1787273.6378928293
1787419.0242918027
1787564.4225172834
1787709.8325702336
1787855.2544516118
1788000.6881623876
1788146.1337035194
1788291.5910759657
1788437.0602806967
1788582.5413186708
1788728.034190851
1788873.538898196
1789019.0554416762
1789164.5838222504
1789310.1240408777
1789455.6760985288
1789601.239996163
1789746.8157347394
1789892.403315229
1790038.0027385913
1790183.6140057896
1790329.2371177836
1790474.8720755442
1790620.5188800315
1790766.1775322054
1790911.8480330368
1791057.530383486
1791203.2245845168
1791348.93063709
1791494.6485421765
1791640.378300737
1791786.119913732
1791931.873382133
1792077.6387069009
1792223.415889
1792369.2049293914
1792515.005829047
1792660.8185889276
1792806.6432099948
1792952.47969322
1793098.3280395651
1793244.188249995
1793390.060325471
1793535.9442669658
1793681.8400754407
1793827.7477518574
1793973.667297189
1794119.5987123966
1794265.5419984427
1794411.4971563
1794557.464186931
1794703.443091301
1794849.4338703721
1794995.436525118
1795141.4510565011
1795287.4774654834
1795433.5157530387
1795579.5659201297
1795725.6279677225
1795871.70189678
1796017.7877082757
1796163.8854031733
1796309.994982435
1796456.1164470352
1796602.249797937
1796748.395036104
1796894.5521625096
1797040.7211781181
1797186.9020838963
1797333.0948808077
1797479.2995698268
1797625.5161519176
1797771.7446280436
1797917.9849991798
1798064.2372662902
1798210.5014303424
1798356.7774923004
1798503.0654531396
1798649.365313824
1798795.6770753183
1798942.0007385975
1799088.3363046262
1799234.6837743726
1799381.0431488017
1799527.4144288886
1799673.7976155987
1799820.1927098967
1799966.5997127583
1800113.0186251488
1800259.449448037
1800405.8921823879
1800552.346829178
1800698.8133893725
1800845.291863937
1800991.7822538477
1801138.2845600704
1801284.7987835708
1801431.3249253256
1801577.8629863008
1801724.4129674656
1801870.9748697863
1802017.5486942397
1802164.1344417923
1802310.73211341
1802457.3417100701
1802603.9632327394
1802750.5966823876
1802897.2420599812
1803043.8993664982
1803190.5686029051
1803337.2497701684
1803483.9428692665
1803630.6479011658
1803777.3648668337
1803924.093767248
1804070.834603376
1804217.5873761887
1804364.3520866535
1804511.1287357484
1804657.9173244413
1804804.7178536993
1804951.5303245017
1805098.354737816
1805245.1910946132
1805392.0393958616
1805538.89964254
1805685.7718356166
1805832.6559760594
1805979.5520648477
1806126.4601029495
1806273.3800913373
1806420.3120309792
1806567.2559228546
1806714.2117679324
1806861.179567181
1807008.1593215805
1807155.1510320993
1807302.1546997104
1807449.1703253824
1807596.1979100956
1807743.237454819
1807890.288960522
1808037.3524281848
1808184.4278587769
1808331.5152532675
1808478.6146126373
1808625.7259378561
1808772.849229897
1808919.9844897296
1809067.1317183354
1809214.2909166839
1809361.4620857448
1809508.6452265
1809655.840339919
1809803.0474269763
1809950.2664886415
1810097.4975258966
1810244.740539712
1810391.995531058
1810539.2625009164
1810686.5414502579
1810833.8323800536
1810981.1352912849
1811128.4501849234
1811275.777061943
1811423.1159233155
1811570.4667700229
1811717.8296030362
1811865.2044233272
1812012.5912318781
1812159.9900296605
1812307.4008176497
1812454.823596817
1812602.258368146
1812749.7051326076
1812897.1638911741
1813044.634644829
1813192.1173945435
1813339.612141294
1813487.1188860526
1813634.6376298026
1813782.1683735163
1813929.7111181663
1814077.2658647362
1814224.8326141983
1814372.4113675295
1814520.002125702
1814667.6048897004
1814815.219660497
1814962.8464390652
1815110.4852263888
1815258.1360234413
1815405.798831196
1815553.4736506368
1815701.1604827377
1815848.8593284753
1815996.5701888236
1816144.2930647673
1816292.02795728
1816439.7748673353
1816587.5337959183
1816735.304744003
1816883.0877125675
1817030.8827025853
1817178.689715042
1817326.5087509116
1817474.3398111688
1817622.1828967992
1817770.0380087767
1817917.9051480766
1818065.784315684
1818213.6755125744
1818361.5787397258
1818509.493998113
1818657.4212887224
1818805.360612529
1818953.3119705082
1819101.2753636457
1819249.2507929173
1819397.2382593018
1819545.2377637748
1819693.2493073232
1819841.2728909221
1819989.3085155475
1820137.3561821864
1820285.4158918143
1820433.4876454112
1820581.5714439529
1820729.6672884265
1820877.7751798087
1821025.8951190752
1821174.0271072136
1821322.1711452005
1821470.327234016
1821618.4953746365
1821766.67556805
1821914.867815233
1822063.0721171626
1822211.2884748266
1822359.5168892022
1822507.757361266
1822656.0098920066
1822804.2744824013
1822952.551133431
1823100.8398460727
1823249.1406213157
1823397.453460137
1823545.778363514
1823694.115332436
1823842.4643678807
1823990.8254708296
1824139.1986422604
1824287.5838831626
1824435.9811945138
1824584.3905772928
1824732.8120324884
1824881.2455610794
1825029.6911640475
1825178.1488423715
1825326.618597041
1825475.1004290343
1825623.5943393307
1825772.1003289197
1825920.6183987805
1826069.1485498918
1826217.6907832439
1826366.245099816
1826514.8115005908
1826663.3899865476
1826811.9805586773
1826960.583217959
1827109.1979653721
1827257.8248019074
1827406.463728545
1827555.114746268
1827703.777856056
1827852.4530589005
1828001.1403557817
1828149.839747679
1828298.551235584
1828447.274820477
1828596.0105033421
1828744.7582851597
1828893.518166921
1829042.2901496072
1829191.0742341985
1829339.8704216871
1829488.6787130535
1829637.4991092787
1829786.3316113546
1829935.1762202624
1830084.0329369872
1830232.9017625097
1830381.782697823
1830530.6757439075
1830679.5809017455
1830828.4981723293
1830977.4275566405
1831126.3690556644
1831275.3226703831
1831424.2884017893
1831573.266250865
1831722.2562185924
1831871.2583059643
1832020.2725139633
1832169.298843575
1832318.3372957818
1832467.3878715774
1832616.4505719442
1832765.5253978649
1832914.6123503328
1833063.7114303312
1833212.8226388427
1833361.9459768613
1833511.08144537
1833660.2290453555
1833809.3887778008
1833958.5606437006
1834107.744644038
1834256.9407797963
1834406.14905197
1834555.369461543
1834704.6020095022
1834853.8466968315
1835003.1035245259
1835152.3724935693
1835301.6536049452
1835450.946859649
1835600.2522586647
1835749.5698029806
1835898.8994935805
1836048.24133146
1836197.5953176033
1836346.9614529954
1836496.3397386316
1836645.7301754968
1836795.1327645755
1836944.5475068637
1837093.9744033464
1837243.4134550123
1837392.8646628463
1837542.328027845
1837691.803550993
1837841.2912332762
1837990.7910756909
1838140.3030792226
1838289.8272448606
1838439.36357359
1838588.9120664084
1838738.4727243013
1838888.0455482542
1839037.6305392648
1839187.2276983184
1839336.8370264056
1839486.458524512
1839636.0921936352
1839785.7380347615
1839935.3960488774
1840085.0662369805
1840234.7486000573
1840384.4431390946
1840534.1498550903
1840683.868749031
1840833.5998219077
1840983.3430747068
1841133.0985084272
1841282.8661240556
1841432.6459225793
1841582.437904997
1841732.2420722959
1841882.0584254668
1842031.8869654979
1842181.7276933875
1842331.5806101237
1842481.445716694
1842631.3230140975
1842781.2125033222
1842931.1141853598
1843081.0280611983
1843230.9541318372
1843380.892398265
1843530.8428614694
1843680.8055224507
1843830.780382197
1843980.7674416967
1844130.7667019502
1844280.778163946
1844430.8018286766
1844580.8376971309
1844730.885770309
1844880.9460492001
1845031.0185347935
1845181.1032280894
1845331.200130077
1845481.3092417496
1845631.4305640967
1845781.564098119
1845931.7098448062
1846081.8678051478
1846232.0379801448
1846382.2203707874
1846532.4149780653
1846682.6218029798
1846832.8408465208
1846983.0721096827
1847133.3155934552
1847283.5712988405
1847433.8392268284
1847584.1193784098
1847734.4117545865
1847884.716356349
1848035.0331846918
1848185.362240606
1848335.7035250934
1848486.0570391451
1848636.4227837524
1848786.8007599176
1848937.1909686315
1849087.5934108899
1849238.0080876835
1849388.4350000154
1849538.874148877
1849689.3255352604
1849839.7891601678
1849990.2650245915
1850140.753129527
1850291.2534759662
1850441.7660649125
1850592.290897358
1850742.8279742948
1850893.3772967267
1851043.9388656456
1851194.5126820444
1851345.0987469265
1851495.697061285
1851646.3076261159
1851796.930442412
1851947.5655111775
1852098.2128334055
1852248.8724100888
1852399.5442422316
1852550.2283308276
1852700.9246768733
1852851.633281362
1853002.354145299
1853153.087269677
1853303.8326554901
1853454.590303743
1853605.3602154297
1853756.1423915436
1853906.9368330901
1854057.7435410635
1854208.562516461
1854359.393760277
1854510.237273517
1854661.0930571756
1854811.9611122466
1854962.8414397363
1855113.734040639
1855264.6389159528
1855415.5560666728
1855566.485493805
1855717.4271983444
1855868.3811812855
1856019.3474436349
1856170.3259863877
1856321.316810543
1856472.3199170958
1856623.3353070528
1856774.3629814098
1856925.4029411618
1857076.4551873158
1857227.5197208677
1857378.5965428168
1857529.6856541592
1857680.7870559017
1857831.9007490408
1857983.0267345724
1858134.1650135037
1858285.3155868312
1858436.4784555512
1858587.6536206712
1858738.841083188
1858890.040844102
1859041.2529044093
1859192.4772651184
1859343.7139272261
1859494.962891729
1859646.2241596358
1859797.4977319431
1859948.7836096522
1860100.0817937602
1860251.3922852755
1860402.7150851958
1860554.0501945182
1860705.3976142518
1860856.7573453942
1861008.129388943
1861159.5137459077
1861310.9104172855
1861462.3194040786
1861613.7407072848
1861765.174327914
1861916.6202669635
1862068.0785254324
1862219.54910433
1862371.0320046546
1862522.527227409
1862674.0347735912
1862825.5546442117
1862977.0868402692
1863128.631362762
1863280.188212701
1863431.757391085
1863583.3388989165
1863734.9327371952
1863886.5389069314
1864038.1574091245
1864189.7882447739
1864341.4314148906
1864493.0869204737
1864644.754762527
1864796.4349420504
1864948.1274600546
1865099.8323175397
1865251.5495155056
1865403.279054964
1865555.0209369147
1865706.775162358
1865858.541732306
1866010.3206477584
1866162.1119097196
1866313.9155191905
1866465.7314771828
1866617.5597846974
1866769.4004427348
1866921.2534523075
1867073.1188144165
1867224.9965300662
1867376.8866002583
1867528.7890260047
1867680.7038083074
1867832.630948167
1867984.5704465972
1868136.5223045987
1868288.4865231733
1868440.4631033344
1868592.4520460835
1868744.4533524264
1868896.4670233647
1869048.493059912
1869200.5314630705
1869352.5822338425
1869504.645373241
1869656.720882269
1869808.8087619324
1869960.9090132336
1870113.0216371869
1870265.1466347948
1870417.2840070599
1870569.4337549966
1870721.5958796076
1870873.7703819
1871025.9572628767
1871178.1565235523
1871330.3681649298
1871482.5921880128
1871634.828593816
1871787.0773833427
1871939.3385576005
1872091.612117593
1872243.898064335
1872396.196398831
1872548.5071220843
1872700.8302351104
1872853.1657389135
1873005.5136344973
1873157.8739228782
1873310.2466050596
1873462.6316820504
1873615.0291548546
1873767.4390244884
1873919.8612919564
1874072.295958263
1874224.7430244249
1874377.2024914466
1874529.674360337
1874682.1586321008
1874834.655307755
1874987.1643883048
1875139.685874755
1875292.2197681228
1875444.7660694134
1875597.3247796325
1875749.8958997969
1875902.4794309125
1876055.0753739888
1876207.6837300316
1876360.3045000583
1876512.9376850748
1876665.5832860875
1876818.2413041135
1876970.9117401596
1877123.5945952355
1877276.289870348
1877428.9975665149
1877581.7176847425
1877734.450226038
1877887.195191419
1878039.9525818927
1878192.72239847
1878345.5046421573
1878498.2993139736
1878651.1064149258
1878803.9259460212
1878956.7579082788
1879109.6023027056
1879262.4591303132
1879415.3283921091
1879568.2100891124
1879721.1042223307
1879874.010792772
1880026.9298014555
1880179.8612493891
1880332.8051375812
1880485.761467051
1880638.7302388072
1880791.7114538613
1880944.7051132221
1881097.7112179094
1881250.7297689319
1881403.760767298
1881556.8042140282
1881709.8601101309
1881862.928456619
1882016.0092545014
1882169.1025047987
1882322.20820852
1882475.3263666744
1882628.4569802827
1882781.6000503544
1882934.7555778988
1883087.923563937
1883241.1040094786
1883394.296915537
1883547.5022831222
1883700.7201132553
1883853.9504069465
1884007.1931652057
1884160.4483890543
1884313.7160795028
1884466.996237565
1884620.2888642517
1884773.5939605844
1884926.9115275738
1885080.2415662303
1885233.5840775764
1885386.9390626226
1885540.3065223838
1885693.6864578708
1885847.078870106
1886000.4837601008
1886153.901128866
1886307.3309774245
1886460.7733067877
1886614.228117971
1886767.6954119855
1886921.1751898548
1887074.66745259
1887228.1722012034
1887381.689436718
1887535.2191601456
1887688.7613724987
1887842.3160748004
1887995.883268063
1888149.4629533028
1888303.0551315318
1888456.6598037742
1888610.2769710424
1888763.9066343487
1888917.5487947178
1889071.203453162
1889224.8706106981
1889378.550268339
1889532.2424271093
1889685.947088022
1889839.6642520903
1889993.3939203387
1890147.1360937809
1890300.89077343
1890454.6579603113
1890608.437655438
1890762.2298598278
1890916.0345744942
1891069.8518004632
1891223.6815387479
1891377.5237903625
1891531.378556333
1891685.245837673
1891839.1256354009
1891993.0179505309
1892146.9227840889
1892300.8401370894
1892454.770010547
1892608.7124054877
1892762.6673229265
1892916.6347638818
1893070.6147293686
1893224.6072204134
1893378.612238031
1893532.6297832371
1893686.659857058
1893840.702460509
1893994.7575946094
1894148.825260375
1894302.9054588322
1894456.9981909972
1894611.1034578856
1894765.2212605246
1894919.35159993
1895073.4944771181
1895227.6498931162
1895381.8178489406
1895535.9983456112
1895690.1913841444
1895844.396965568
1895998.6150908985
1896152.8457611524
1896307.0889773583
1896461.3447405323
1896615.6130516953
1896769.8939118641
1896924.1873220676
1897078.493283322
1897232.8117966454
1897387.1428630657
1897541.486483601
1897695.8426592678
1897850.2113910955
1898004.592680102
1898158.9865273081
1898313.3929337321
1898467.811900403
1898622.2434283388
1898776.687518557
1898931.144172088
1899085.6133899493
1899240.0951731633
1899394.5895227478
1899549.0964397334
1899703.615925138
1899858.1479799803
1900012.6926052906
1900167.2498020872
1900321.8195713933
1900476.4019142273
1900630.9968316199
1900785.6043245902
1900940.224394157
1901094.8570413517
1901249.5022671928
1901404.160072704
1901558.8304589046
1901713.5134268256
1901868.208977487
1902022.9171119079
1902177.63783112
1902332.371136143
1902487.117027997
1902641.8755077138
1902796.646576313
1902951.430234819
1903106.226484252
1903261.0353256436
1903415.8567600148
1903570.6907883857
1903725.5374117887
1903880.3966312443
1904035.2684477775
1904190.1528624087
1904345.0498761707
1904499.9594900846
1904654.881705171
1904809.8165224632
1904964.7639429823
1905119.7239677496
1905274.6965977983
1905429.6818341496
1905584.6796778291
1905739.6901298587
1905894.7131912715
1906049.7488630894
1906204.7971463343
1906359.8580420401
1906514.9315512285
1906670.0176749257
1906825.1164141542
1906980.2277699476
1907135.3517433284
1907290.4883353193
1907445.6375469544
1907600.7993792563
1907755.9738332517
1907911.1609099633
1908066.360610426
1908221.5729356625
1908376.7978866962
1908532.0354645613
1908687.2856702819
1908842.5485048844
1908997.8239693928
1909153.112064842
1909308.4127922554
1909463.726152657
1909619.0521470823
1909774.3907765546
1909929.7420420984
1910085.105944749
1910240.4824855307
1910395.8716654712
1910551.2734855951
1910706.6879469382
1910862.1150505252
1911017.5547973802
1911173.0071885397
1911328.4722250283
1911483.9499078747
1911639.4402381037
1911794.9432167518
1911950.4588448443
1912105.9871234058
1912261.5280534734
1912417.0816360724
1912572.647872228
1912728.2267629774
1912883.818309346
1913039.4225123634
1913195.0393730553
1913350.668892459
1913506.3110716003
1913661.9659115053
1913817.6334132114
1913973.3135777449
1914129.0064061359
1914284.7118994105
1914440.430058607
1914596.1608847512
1914751.9043788703
1914907.6605420022
1915063.4293751738
1915219.2108794153
1915375.005055754
1915530.8119052283
1915686.6314288653
1915842.4636276918
1915998.3085027472
1916154.1660550584
1916310.0362856567
1916465.9191955694
1916621.8147858358
1916777.7230574836
1916933.6440115403
1917089.5776490455
1917245.5239710268
1917401.4829785123
1917557.454672542
1917713.4390541434
1917869.436124349
1918025.4458841868
1918181.468334697
1918337.503476908
1918493.5513118482
1918649.611840558
1918805.6850640662
1918961.7709834054
1919117.8695996043
1919273.9809137036
1919430.1049267321
1919586.2416397196
1919742.3910537062
1919898.5531697215
1920054.7279887947
1920210.9155119674
1920367.1157402685
1920523.328674732
1920679.554316387
1920835.7926662758
1920992.0437254275
1921148.3074948725
1921304.5839756522
1921460.873168797
1921617.1750753408
1921773.489696314
1921929.8170327586
1922086.157085705
1922242.5098561838
1922398.875345237
1922555.253553896
1922711.644483195
1922868.0481341647
1923024.464507848
1923180.893605276
1923337.3354274798
1923493.789975502
1923650.2572503744
1923806.7372531318
1923963.229984806
1924119.7354464398
1924276.2536390652
1924432.784563714
1924589.3282214291
1924745.8846132432
1924902.4537401877
1925059.0356033063
1925215.6302036315
1925372.237542199
1925528.8576200416
1925685.4904382029
1925842.1359977154
1925998.794299612
1926155.4653449368
1926312.1491347228
1926468.8456700062
1926625.5549518203
1926782.2769812094
1926939.011759207
1927095.7592868458
1927252.519565171
1927409.292595216
1927566.078378014
1927722.8769146102
1927879.6882060382
1928036.5122533354
1928193.3490575359
1928350.1986196847
1928507.060940816
1928663.9360219638
1928820.823864174
1928977.7244684806
1929134.6378359215
1929291.5639675313
1929448.502864356
1929605.4545274302
1929762.4189577883
1929919.396156477
1930076.3861245306
1930233.3888629882
1930390.4043728844
1930547.432655266
1930704.4737111684
1930861.5275416262
1931018.5941476868
1931175.6735303856
1931332.7656907614
1931489.87062985
1931646.988348699
1931804.1188483436
1931961.2621298197
1932118.4181941748
1932275.587042445
1932432.768675666
1932589.9630948862
1932747.1703011412
1932904.3902954715
1933061.623078913
1933218.8686525144
1933376.127017312
1933533.398174342
1933690.6821246536
1933847.9788692829
1934005.288409271
1934162.6107456544
1934319.9458794827
1934477.293811792
1934634.6545436203
1934792.028076016
1934949.414410017
1935106.8135466601
1935264.2254869952
1935421.6502320594
1935579.0877828947
1935736.5381405386
1935894.001306041
1936051.4772804396
1936208.9660647723
1936366.4676600893
1936523.9820674285
1936681.5092878323
1936839.049322339
1936996.602171999
1937154.1678378503
1937311.746320932
1937469.3376222944
1937626.9417429764
1937784.5586840208
1937942.188446466
1938099.8310313637
1938257.4864397526
1938415.1546726718
1938572.8357311722
1938730.5296162937
1938888.2363290794
1939045.955870569
1939203.6882418136
1939361.433443853
1939519.1914777271
1939676.9623444877
1939834.7460451745
1939992.5425808278
1940150.3519524992
1940308.1741612293
1940466.0092080622
1940623.857094038
1940781.7178202095
1940939.5913876167
1941097.4777973006
1941255.3770503136
1941413.2891476967
1941571.2140904944
1941729.1518797479
1941887.10251651
1942045.066001822
1942203.0423367247
1942361.031522272
1942519.0335595044
1942677.048449468
1942835.0761932041
1942993.1167917661
1943151.170246196
1943309.2365575354
1943467.315726838
1943625.407755146
1943783.5126435014
1943941.6303929582
1944099.7610045585
1944257.9044793488
1944416.0608183714
1944574.2300226805
1944732.412093319
1944890.6070313293
1945048.814837766
1945207.035513672
1945365.2690600944
1945523.515478076
1945681.7747686717
1945840.0469329248
1945998.3319718784
1946156.6298865876
1946314.9406780964
1946473.2643474517
1946631.6008956973
1946789.9503238886
1946948.3126330697
1947106.6878242842
1947265.075898588
1947423.476857025
1947581.8907006392
1947740.3174304871
1947898.7570476127
1948057.2095530643
1948215.6749478865
1948374.1532331356
1948532.644409856
1948691.1484790929
1948849.6654419026
1949008.19529933
1949166.738052424
1949325.29370223
1949483.8622498047
1949642.4436961932
1949801.0380424408
1949959.6452896053
1950118.2654387313
1950276.8984908692
1950435.544447064
1950594.2033083737
1950752.8750758437
1950911.5597505204
1951070.2573334612
1951228.9678257124
1951387.6912283204
1951546.4275423428
1951705.176768826
1951863.938908821
1952022.7139633733
1952181.5019335423
1952340.302820374
1952499.1166249155
1952657.9433482254
1952816.7829913506
1952975.6355553423
1953134.5010412473
1953293.3794501247
1953452.2707830218
1953611.175040986
1953770.0922250766
1953929.022336341
1954087.9653758311
1954246.921344594
1954405.89024369
1954564.8720741668
1954723.866837072
1954882.8745334656
1955041.8951643961
1955200.9287309113
1955359.9752340717
1955519.0346749255
1955678.107054525
1955837.192373919
1955996.2906341678
1956155.4018363203
1956314.525981425
1956473.6630705432
1956632.8131047233
1956791.9760850188
1956951.1520124783
1957110.3408881635
1957269.5427131234
1957428.7574884074
1957587.985215077
1957747.2258941815
1957906.479526775
1958065.7461139068
1958225.0256566387
1958384.318156021
1958543.623613103
1958702.9420289472
1958862.2734046038
1959021.6177411228
1959180.9750395664
1959340.3453009853
1959499.728526434
1959659.1247169627
1959818.5338736342
1959977.9559974994
1960137.391089609
1960296.8391510257
1960456.300182801
1960615.7741859895
1960775.2611616426
1960934.7611108236
1961094.2740345837
1961253.7999339744
1961413.338810059
1961572.8906638892
1961732.455496521
1961892.0333090057
1962051.6241024074
1962211.227877778
1962370.8446361695
1962530.4743786461
1962690.1171062598
1962849.772820063
1963009.44152112
1963169.1232104835
1963328.8178892098
1963488.5255583515
1963648.2462189735
1963807.9798721285
1963967.7265188692
1964127.4861602606
1964287.2587973562
1964447.0444312128
1964606.8430628835
1964766.6546934338
1964926.479323917
1965086.316955387
1965246.1675889087
1965406.031225536
1965565.9078663269
1965725.797512335
1965885.7001646264
1966045.6158242547
1966205.5444922743
1966365.4861697515
1966525.4408577401
1966685.4085572949
1966845.389269482
1967005.3829953563
1967165.3897359762
1967325.4094923963
1967485.4422656833
1967645.4880568923
1967805.546867078
1967965.6186973078
1968125.7035486363
1968285.8014221233
1968445.9123188236
1968606.036239805
1968766.1731861224
1968926.3231588318
1969086.4861590008
1969246.662187685
1969406.8512459444
1969567.0533348348
1969727.2684554239
1969887.4966087681
1970047.7377959234
1970207.992017958
1970368.2592759286
1970528.539570891
1970688.8329039144
1970849.139276055
1971009.4586883732
1971169.791141926
1971330.1366377827
1971490.4951769996
1971650.866760634
1971811.2513897547
1971971.6490654193
1972132.059788689
1972292.483560621
1972452.9203822848
1972613.370254738
1972773.8331790383
1972934.3091562549
1973094.7981874463
1973255.3002736738
1973415.815415996
1973576.3436154823
1973736.8848731911
1973897.4391901807
1974058.0065675213
1974218.5870062716
1974379.1805074895
1974539.787072246
1974700.4067015997
1974861.0393966134
1975021.6851583456
1975182.3439878677
1975343.0158862385
1975503.7008545168
1975664.3988937743
1975825.1100050698
1975985.834189467
1976146.5714480248
1976307.3217818155
1976468.085191898
1976628.8616793326
1976789.6512451905
1976950.453890532
1977111.269616421
1977272.0984239173
1977432.9403140931
1977593.7952880089
1977754.6633467248
1977915.5444913132
1978076.4387228342
1978237.346042349
1978398.26645093
1978559.1999496378
1978720.1465395375
1978881.1062216896
1979042.0789971673
1979203.064867032
1979364.0638323443
1979525.075894178
1979686.1010535937
1979847.1393116578
1980008.190669431
1980169.2551279871
1980330.3326883882
1980491.4233516955
1980652.5271189834
1980813.6439913134
1980974.7739697478
1981135.9170553605
1981297.073249214
1981458.2425523745
1981619.424965904
1981780.6204908777
1981941.8291283573
1982103.0508794063
1982264.2857450987
1982425.5337264978
1982586.7948246703
1982748.0690406791
1982909.3563755995
1983070.6568304945
1983231.9704064273
1983393.2971044735
1983554.6369256962
1983715.9898711632
1983877.355941938
1984038.7351390962
1984200.1274637016
1984361.532916818
1984522.9514995215
1984684.383212876
1984845.8280579497
1985007.2860358069
1985168.7571475236
1985330.2413941643
1985491.7387767935
1985653.2492964878
1985814.772954312
1985976.3097513304
1986137.85968862
1986299.422767246
1986460.9989882768
1986622.5883527778
1986784.1908618263
1986945.8065164874
1987107.4353178265
1987269.0772669208
1987430.7323648361
1987592.4006126418
1987754.0820114035
1987915.7765621992
1988077.4842660949
1988239.205124156
1988400.939137461
1988562.686307076
1988724.4466340668
1988886.220119512
1989048.006764478
1989209.8065700352
1989371.6195372501
1989533.4456672014
1989695.2849609558
1989857.1374195802
1990019.0030441536
1990180.8818357426
1990342.7737954187
1990504.6789242486
1990666.597223312
1990828.528693676
1990990.473336408
1991152.4311525875
1991314.4021432824
1991476.386309564
1991638.3836525003
1991800.3941731714
1991962.4178726447
1992124.4547519884
1992286.5048122827
1992448.568054596
1992610.6444800003
1992772.734089564
1992934.8368843677
1993096.95286548
1993259.0820339695
1993421.2243909168
1993583.3799373908
1993745.5486744605
1993907.730603207
1994069.925724699
1994232.1340400097
1994394.3555502086
1994556.5902563771
1994718.8381595844
1994881.0992609002
1995043.373561406
1995205.6610621714
1995367.9617642704
1995530.2756687729
1995692.6027767605
1995854.9430893036
1996017.296607472
1996179.6633323482
1996342.0432650023
1996504.436406505
1996666.8427579384
1996829.2623203734
1996991.6950948844
1997154.1410825422
1997316.6002844297
1997479.0727016178
1997641.5583351774
1997804.057186192
1997966.569255732
1998129.0945448733
1998291.633054687
1998454.1847862569
1998616.749740654
1998779.32791895
1998941.919322229
1999104.5239515626
1999267.1418080265
1999429.7728926926
1999592.4172066455
1999755.0747509568
1999917.745526699
2000080.429534956
2000243.126776801
2000405.8372533098
2000568.5609655553
2000731.297914622
2000894.0481015828
2001056.8115275102
2001219.5881934897
2001382.3781005938
2001545.1812498958
2001707.997642481
2001870.8272794227
2002033.670161798
2002196.5262906805
2002359.3956671557
2002522.2782922974
2002685.174167179
2002848.0832928866
2003011.0056704942
2003173.9413010795
2003336.8901857163
2003499.8523254914
2003662.8277214787
2003825.8163747524
2003988.8182863994
2004151.8334574937
2004314.86188911
2004477.9035823352
2004640.9585382438
2004804.026757915
2004967.1082424233
2005130.2029928563
2005293.3110102885
2005456.4322957955
2005619.5668504646
2005782.714675371
2005945.8757715945
2006109.05014021
2006272.2377823058
2006435.4386989574
2006598.6528912405
2006761.8803602434
2006925.1211070416
2007088.3751327156
2007251.6424383412
2007414.923025007
2007578.2168937891
2007741.524045764
2007904.8444820205
2008068.178203635
2008231.5252116881
2008394.8855072565
2008558.2590914294
2008721.6459652837
2008885.0461298963
2009048.4595863565
2009211.8863357415
2009375.3263791283
2009538.7797176067
2009702.2463522542
2009865.7262841521
2010029.2195143783
2010192.7260440225
2010356.2458741625
2010519.779005876
2010683.3254402536
2010846.885178373
2011010.4582213166
2011174.0445701624
2011337.6442260009
2011501.2571899109
2011664.8834629701
2011828.5230462702
2011992.1759408894
2012155.8421479063
2012319.521668412
2012483.2145034857
2012646.9206542103
2012810.6401216649
2012974.3729069408
2013138.1190111174
2013301.8784352741
2013465.6511805025
2013629.437247882
2013793.2366384964
2013957.0493534256
2014120.8753937613
2014284.7147605836
2014448.5674549723
2014612.43347802
2014776.3128308065
2014940.2055144163
2015104.1115299296
2015268.030878439
2015431.9635610254
2015595.909578769
2015759.8689327626
2015923.8416240874
2016087.827653828
2016251.8270230656
2016415.8397328933
2016579.8657843922
2016743.9051786433
2016907.9579167406
2017072.0239997653
2017236.1034287985
2017400.1962049345
2017564.3023292548
2017728.421802845
2017892.5546267873
2018056.7008021756
2018220.8603300918
2018385.0332116182
2018549.219447849
2018713.4190398667
2018877.6319887575
2019041.8582956041
2019206.0979615012
2019370.3509875312
2019534.6173747769
2019698.8971243335
2019863.1902372837
2020027.4967147105
2020191.8165577094
2020356.1497673632
2020520.4963447596
2020684.8562909816
2020849.229607125
2021013.6162942732
2021178.0163535099
2021342.429785931
2021506.8565926203
2021671.2967746656
2021835.7503331508
2022000.2172691724
2022164.6975838146
2022329.1912781612
2022493.6983533092
2022658.2188103425
2022822.7526503499
2022987.299874416
2023151.8604836378
2023316.4344790997
2023481.0218618868
2023645.6226330963
2023810.2367938128
2023974.864345126
2024139.5052881208
2024304.1596238948
2024468.8273535331
2024633.5084781216
2024798.2029987576
2024962.9109165273
2025127.6322325158
2025292.3669478216
2025457.1150635302
2025621.876580732
2025786.6515005128
2025951.4398239714
2026116.2415521936
2026281.056686266
2026445.8852272872
2026610.7271763438
2026775.5825345262
2026940.4513029212
2027105.333482628
2027270.2290747336
2027435.1380803243
2027600.0605005
2027764.9963363477
2027929.9455889543
2028094.90825942
2028259.8843488314
2028424.8738582807
2028589.8767888553
2028754.8931416548
2028919.9229177674
2029084.9661182808
2029250.0227442952
2029415.0927968982
2029580.1762771828
2029745.2731862364
2029910.38352516
2030075.5072950418
2030240.6444969703
2030405.7951320463
2030570.9592013587
2030736.1367059997
2030901.3276470588
2031066.5320256366
2031231.7498428226
2031396.9810997052
2031562.2257973866
2031727.4839369557
2031892.7555195058
2032058.0405461264
2032223.3390179197
2032388.6509359747
2032553.9763013816
2032719.315115242
2032884.667378646
2033050.0330926839
2033215.4122584576
2033380.8048770572
2033546.2109495774
2033711.630477108
2033877.0634607524
2034042.5099016004
2034207.969800743
2034373.443159283
2034538.9299783113
2034704.4302589227
2034869.944002208
2035035.471209271
2035201.0118812025
2035366.5660190936
2035532.133624048
2035697.7146971573
2035863.3092395125
2036028.9172522181
2036194.5387363653
2036360.17369305
2036525.8221233638
2036691.4840284116
2036857.1594092848
2037022.8482670756
2037188.5506028887
2037354.2664178163
2037519.9957129546
2037685.7384893964
2037851.4947482464
2038017.2644905972
2038183.0477175415
2038348.8444301845
2038514.654629619
2038680.4783169422
2038846.315493247
2039012.1661596391
2039178.0303172118
2039343.9079670582
2039509.799110284
2039675.7037479829
2039841.6218812526
2040007.5535111867
2040173.4986388914
2040339.4572654606
2040505.429391988
2040671.4150195804
2040837.4141493316
2041003.426782336
2041169.4529197002
2041335.4925625185
2041501.5457118896
2041667.612368908
2041833.692534681
2041999.7862103032
2042165.893396869
2042332.0140954864
2042498.14830725
2042664.2960332595
2042830.4572746092
2042996.6320324077
2043162.8203077498
2043329.022101731
2043495.2374154595
2043661.466250031
2043827.7086065407
2043993.9644860975
2044160.2338897965
2044326.5168187388
2044492.8132740196
2044659.1232567478
2044825.44676802
2044991.783808932
2045158.134380593
2045324.4984840993
2045490.876120552
2045657.2672910471
2045823.6719966948
2045990.0902385912
2046156.5220178335
2046322.9673355315
2046489.4261927817
2046655.898590686
2046822.3845303417
2046988.8840128584
2047155.3970393336
2047321.9236108651
2047488.463728563
2047655.017393525
2047821.584606853
2047988.165369645
2048154.7596830118
2048321.367548051
2048487.9889658613
2048654.6239375533
2048821.272464225
2048987.9345469754
2049154.6101869154
2049321.2993851437
2049488.0021427628
2049654.718460872
2049821.4483405827
2049988.1917829935
2050154.9487892038
2050321.7193603255
2050488.5034974574
2050655.3012017033
2050822.1124741626
2050988.9373159474
2051155.775728157
2051322.6277118917
2051489.4932682635
2051656.3723983723
2051823.265103318
2051990.1713842135
2052157.0912421586
2052324.024678258
2052490.971693612
2052657.9322893333
2052824.906466523
2052991.894226281
2053158.895569721
2053325.9104979436
2053492.9390120541
2053659.981113153
2053827.0368023545
2053994.1060807593
2054161.188949469
2054328.285409597
2054495.3954622452
2054662.5191085187
2054829.6563495197
2054996.8071863623
2055163.971620148
2055331.1496519789
2055498.3412829693
2055665.5465142215
2055832.7653468417
2055999.9977819321
2056167.2438206077
2056334.5034639705
2056501.7767131235
2056669.0635691816
2056836.3640332476
2057003.678106424
2057171.0057898264
2057338.3470845576
2057505.7019917252
2057673.070512432
2057840.4526477936
2058007.8483989136
2058175.2577668952
2058342.6807528548
2058510.1173578957
2058677.5675831258
2058845.0314296486
2059012.508898581
2059179.9999910265
2059347.5047080894
2059515.023050886
2059682.5550205212
2059850.1006180986
2060017.6598447354
2060185.232701536
2060352.8191896095
2060520.41931006
2060688.0330640052
2060855.6604525498
2061023.301476799
2061190.9561378697
2061358.6244368677
2061526.306374902
2061694.001953078
2061861.7111725137
2062029.4340343142
2062197.1705395856
2062364.920689446
2062532.6844850008
2062700.4619273602
2062868.25301763
2063036.0577569292
2063203.8761463633
2063371.708187039
2063539.5538800748
2063707.4132265772
2063875.2862276568
2064043.1728844203
2064211.0731979867
2064378.9871694627
2064546.9147999554
2064714.856090584
2064882.8110424557
2065050.7796566773
2065218.7619343689
2065386.7578766376
2065554.767484595
2065722.7907593485
2065890.8277020182
2066058.8783137116
2066226.9425955368
2066395.020548614
2066563.1121740509
2066731.2174729598
2066899.336446449
2067067.469095639
2067235.615421638
2067403.7754255545
2067571.9491085096
2067740.136471612
2067908.3375159695
2068076.5522427044
2068244.780652925
2068413.0227477443
2068581.2785282715
2068749.547995628
2068917.8311509234
2069086.1279952666
2069254.43852978
2069422.762755572
2069591.1006737575
2069759.4522854455
2069927.8175917584
2070096.1965938061
2070264.5892926983
2070432.9956895576
2070601.4157854943
2070769.8495816225
2070938.2970790525
2071106.7582789073
2071275.2331822973
2071443.721790333
2071612.2241041376
2071780.740124822
2071949.2698535009
2072117.8132912852
2072286.3704392987
2072454.9412986524
2072623.5258704573
2072792.1241558373
2072960.736155904
2073129.3618717683
2073298.0013045548
2073466.654455375
2073635.3213253445
2073804.0019155752
2073972.696227192
2074141.4042613064
2074310.1260190308
2074478.8615014895
2074647.6107097953
2074816.3736450642
2074985.150308409
2075153.9407009548
2075322.744823814
2075491.5626780991
2075660.3942649362
2075829.2395854376
2075998.0986407164
2076166.9714318984
2076335.8579600966
2076504.7582264284
2076673.6722320074
2076842.5999779592
2077011.5414653977
2077180.4966954363
2077349.4656692015
2077518.4483878068
2077687.4448523705
2077856.4550640064
2078025.4790238414
2078194.5167329896
2078363.5681925649
2078532.6334036945
2078701.712367493
2078870.8050850788
2079039.9115575666
2079209.031786084
2079378.1657717451
2079547.3135156655
2079716.4750189723
2079885.6502827809
2080054.8393082104
2080224.042096376
2080393.258648406
2080562.4889654154
2080731.73304852
2080900.9908988478
2081070.2625175149
2081239.5479056365
2081408.8470643414
2081578.1599947459
2081747.4866979695
2081916.827175129
2082086.1814273528
2082255.5494557577
2082424.9312614598
2082594.3268455884
2082763.73620926
2082933.1593535955
2083102.5962797117
2083272.046988738
2083441.5114817915
2083610.9897599893
2083780.4818244611
2083949.987676324
2084119.5073166958
2084289.040746706
2084458.5879674724
2084628.1489801167
2084797.7237857566
2084967.3123855228
2085136.9147805327
2085306.5309719045
2085476.160960769
2085645.8047482444
2085815.462335453
2085985.1337235128
2086154.8189135555
2086324.517906699
2086494.2307040624
2086663.957306777
2086833.6977159614
2087003.4519327385
2087173.2199582276
2087343.0017935603
2087512.797439856
2087682.6068982335
2087852.430169825
2088022.2672557498
2088192.1181571318
2088361.9828750906
2088531.8614107585
2088701.7537652552
2088871.6599397007
2089041.5799352275
2089211.513752956
2089381.461394006
2089551.4228595104
2089721.3981505895
2089891.3872683684
2090061.390213967
2090231.406988519
2090401.437593145
2090571.4820289658
2090741.540297115
2090911.6123987131
2091081.6983348862
2091251.7981067547
2091421.911715453
2091592.0391621024
2091762.1804478238
2091932.3355737522
2092102.5045410087
2092272.687350715
2092442.8840040057
2092613.094502003
2092783.3188458323
2092953.5570366164
2093123.8090754899
2093294.0749635748
2093464.3547019938
2093634.648291882
2093804.9557343617
2093975.27703056
2094145.6121815993
2094315.961188615
2094486.3240527308
2094656.7007750687
2094827.091356765
2094997.4957989429
2095167.9141027294
2095338.3462692485
2095508.7922996357
2095679.252195015
2095849.7259565098
2096020.2135852568
2096190.7150823793
2096361.230449006
2096531.7596862603
2096702.3027952793
2096872.8597771872
2097043.4306331081
2097214.015364179
2097384.613971525
2097555.2264562696
2097725.852819551
2097896.4930624934
2098067.147186226
2098237.815191874
2098408.4970805747
2098579.192853453
2098749.902511635
2098920.6260562576
2099091.3634884465
2099262.114809332
2099432.8800200387
2099603.6591217057
2099774.4521154584
2099945.2590024224
2100116.0797837367
2100286.9144605277
2100457.7630339204
2100628.6255050544
2100799.501875056
2100970.3921450553
2101141.2963161794
2101312.2143895673
2101483.1463663457
2101654.092247641
2101825.052034593
2101996.025728329
2102167.01332998
2102338.0148406727
2102509.0302615473
2102680.059593731
2102851.1028383514
2103022.1599965487
2103193.2310694503
2103364.316058188
2103535.41496389
2103706.527787696
2103877.654530735
2104048.7951941346
2104219.949779035
2104391.1182865654
2104562.3007178577
2104733.4970740406
2104904.707356255
2105075.93156563
2105247.169703293
2105418.4217703873
2105589.6877680407
2105760.9676973824
2105932.261559554
2106103.569355685
2106274.891086908
2106446.226754353
2106617.576359162
2106788.939902465
2106960.3173853904
2107131.708809082
2107303.1141746687
2107474.5334832845
2107645.9667360596
2107817.413934137
2107988.875078647
2108160.350170719
2108331.839211497
2108503.3422021107
2108674.859143691
2108846.390037381
2109017.9348843116
2109189.4936856176
2109361.0664424305
2109532.653155893
2109704.253827137
2109875.868457293
2110047.497047506
2110219.139598906
2110390.79611263
2110562.4665898085
2110734.1510315863
2110905.849439095
2111077.5618134663
2111249.288155845
2111421.028467363
2111592.7827491574
2111764.551002359
2111936.3332281136
2112108.1294275536
2112279.9396018106
2112451.763752031
2112623.601879347
2112795.4539848957
2112967.32006981
2113139.2001352347
2113311.0941823036
2113483.0022121496
2113654.924225919
2113826.8602247443
2113998.810209759
2114170.77418211
2114342.752142931
2114514.7440933585
2114686.7500345274
2114858.769967584
2115030.803893662
2115202.851813896
2115374.913729432
2115546.989641405
2115719.0795509536
2115891.183459211
2116063.3013673257
2116235.433276432
2116407.5791876637
2116579.73910217
2116751.913021084
2116924.100945541
2117096.30287669
2117268.518815665
2117440.748763606
2117612.9927216475
2117785.250690939
2117957.5226726145
2118129.8086678106
2118302.1086776755
2118474.4227033453
2118646.750745959
2118819.092806654
2118991.4488865784
2119163.818986868
2119336.2031086595
2119508.601253102
2119681.013421332
2119853.43961449
2120025.8798337127
2120198.3340801494
2120370.8023549374
2120543.284659213
2120715.7809941266
2120888.291360814
2121060.8157604183
2121233.354194076
2121405.906662937
2121578.4731681384
2121751.0537108188
2121923.648292128
2122096.2569132033
2122268.8795751836
2122441.5162792183
2122614.1670264467
2122786.83181801
2122959.5106550474
2123132.203538709
2123304.9104701336
2123477.63145046
2123650.366480839
2123823.115562409
2123995.878696314
2124168.655883692
2124341.447125695
2124514.2524234625
2124687.0717781326
2124859.905190858
2125032.752662778
2125205.614195031
2125378.4897887707
2125551.379445136
2125724.2831652705
2125897.2009503143
2126070.1328014205
2126243.078719728
2126416.038706378
2126589.0127625223
2126762.000889302
2126935.0030878615
2127108.019359341
2127281.0497048935
2127454.0941256606
2127627.1526227817
2127800.225197411
2127973.31185069
2128146.4125837632
2128319.5273977714
2128492.656293869
2128665.7992731975
2128838.956336898
2129012.127486124
2129185.312722018
2129358.5120457257
2129531.7254583887
2129704.9529611617
2129878.194555186
2130051.4502416044
2130224.7200215715
2130398.0038962294
2130571.3018667204
2130744.6139341993
2130917.9400998093
2131091.280364697
2131264.6347300047
2131438.003196888
2131611.38576649
2131784.782439953
2131958.193218434
2132131.6181030753
2132305.0570950243
2132478.5101954243
2132651.9774054317
2132825.4587261905
2132998.954158843
2133172.463704547
2133345.9873644453
2133519.525139682
2133693.077031414
2133866.6430407856
2134040.223168945
2134213.817417036
2134387.4257862163
2134561.04827763
2134734.6848924216
2134908.3356317487
2135082.000496756
2135255.6794885923
2135429.3726084027
2135603.079857345
2135776.8012365643
2135950.5367472055
2136124.2863904266
2136298.0501673734
2136471.8280791957
2136645.620127038
2136819.42631206
2136993.246635407
2137167.0810982245
2137340.9297016715
2137514.7924468936
2137688.669335042
2137862.560367262
2138036.465544713
2138210.384868542
2138384.3183398945
2138558.2659599306
2138732.2277297964
2138906.2036506394
2139080.193723618
2139254.1979498807
2139428.2163305776
2139602.248866856
2139776.2955598766
2139950.3564107865
2140124.4314207323
2140298.5205908753
2140472.623922363
2140646.7414163463
2140820.873073974
2140995.018896407
2141169.1788847926
2141343.353040279
2141517.541364027
2141691.7438571854
2141865.960520902
2142040.1913563386
2142214.4363646433
2142388.6955469693
2142562.968904465
2142737.256438292
2142911.5581495995
2143085.8740395363
2143260.2041092645
2143434.5483599333
2143608.906792696
2143783.279408702
2143957.666209114
2144132.0671950807
2144306.4823677526
2144480.9117282922
2144655.355277849
2144829.813017577
2145004.284948627
2145178.7710721614
2145353.2713893303
2145527.7859012843
2145702.3146091867
2145876.8575141877
2146051.4146174425
2146225.9859201014
2146400.5714233285
2146575.1711282744
2146749.78503609
2146924.4131479394
2147099.055464973
2147273.7119883434
2147448.3827192136
2147623.067658736
2147797.766808065
2147972.4801683538
2148147.207740766
2148321.949526454
2148496.705526569
2148671.4757422763
2148846.260174728
2149021.0588250803
2149195.8716944857
2149370.6987841097
2149545.540095104
2149720.395628622
2149895.265385828
2150070.1493678764
2150245.0475759185
2150419.9600111214
2150594.886674637
2150769.8275676235
2150944.782691234
2151119.752046634
2151294.7356349775
2151469.733457418
2151644.745515122
2151819.7718092427
2151994.812340939
2152169.8671113634
2152344.9361216845
2152520.019373055
2152695.1168666296
2152870.228603575
2153045.3545850464
2153220.4948122017
2153395.6492861956
2153570.818008196
2153746.0009793574
2153921.1982008344
2154096.4096737946
2154271.6353993937
2154446.875378791
2154622.129613141
2154797.398103612
2154972.6808513603
2155147.9778575404
2155323.289123321
2155498.614649858
2155673.9544383064
2155849.308489836
2156024.676805602
2156200.059386765
2156375.456234481
2156550.86734992
2156726.2927342365
2156901.732388588
2157077.1863141446
2157252.6545120617
2157428.1369835003
2157603.633729618
2157779.144751584
2157954.670050556
2158130.20962769
2158305.7634841567
2158481.3316211132
2158656.9140397166
2158832.510741138
2159008.1217265343
2159183.7469970677
2159359.3865538957
2159535.0403981893
2159710.708531106
2159886.3909538044
2160062.087667455
2160237.7986732163
2160413.5239722505
2160589.263565717
2160765.0174547858
2160940.7856406164
2161116.568124367
2161292.3649072098
2161468.1759903035
2161644.001374811
2161819.8410618915
2161995.6950527173
2162171.5633484474
2162347.445950241
2162523.342859271
2162699.2540766965
2162875.179603681
2163051.1194413854
2163227.0735909813
2163403.042053629
2163579.0248304885
2163755.021922733
2163931.0333315227
2164107.059058017
2164283.0991033907
2164459.153468803
2164635.222155419
2164811.3051644
2164987.402496919
2165163.514154137
2165339.640137215
2165515.7804473275
2165691.9350856347
2165868.1040533027
2166044.2873514923
2166220.4849813785
2166396.6969441227
2166572.923240886
2166749.1638728436
2166925.4188411566
2167101.6881469875
2167277.9717915114
2167454.26977589
2167630.582101289
2167806.908768872
2167983.2497798135
2168159.6051352764
2168335.974836423
2168512.358884429
2168688.757280457
2168865.170025674
2169041.5971212434
2169218.0385683407
2169394.4943681294
2169570.964521772
2169747.449030446
2169923.9478953136
2170100.4611175433
2170276.988698298
2170453.5306387553
2170630.0869400785
2170806.657603431
2170983.2426299904
2171159.8420209205
2171336.45577739
2171513.083900563
2171689.7263916163
2171866.383251715
2172043.0544820237
2172219.740083719
2172396.4400579673
2172573.154405932
2172749.883128791
2172926.6262277104
2173103.383703859
2173280.1555584017
2173456.941792517
2173633.7424073704
2173810.5574041274
2173987.3867839663
2174164.230548053
2174341.088697558
2174517.9612336457
2174694.8481574967
2174871.7494702763
2175048.6651731506
2175225.5952672986
2175402.539753888
2175579.498634083
2175756.471909065
2175933.4595799996
2176110.4616480586
2176287.478114408
2176464.508980228
2176641.554246686
2176818.6139149484
2176995.687986196
2177172.776461596
2177349.87934232
2177526.9966295348
2177704.128324422
2177881.274428149
2178058.434941883
2178235.609866806
2178412.7992040846
2178590.002954892
2178767.2211203957
2178944.453701778
2179121.700700206
2179298.962116849
2179476.2379528885
2179653.5282094926
2179830.832887835
2180008.1519890837
2180185.485514421
2180362.833465016
2180540.195842038
2180717.572646668
2180894.9638800775
2181072.3695434337
2181249.78963792
2181427.224164706
2181604.6731249657
2181782.136519869
2181959.6143505983
2182137.106618324
2182314.6133242156
2182492.1344694565
2182669.6700552176
2182847.220082673
2183024.7845529923
2183202.3634673604
2183379.956826947
2183557.564632924
2183735.1868864736
2183912.823588768
2184090.4747409774
2184268.1403442863
2184445.8203998664
2184623.514908892
2184801.2238725354
2184978.947291981
2185156.6851684004
2185334.437502965
2185512.20429686
2185689.9855512567
2185867.781267332
2186045.591446257
2186223.416089218
2186401.255197387
2186579.1087719356
2186756.97681405
2186934.8593249028
2187112.7563056704
2187290.667757525
2187468.5936816544
2187646.5340792295
2187824.488951424
2188002.458299425
2188180.4421244045
2188358.4404275403
2188536.4532100055
2188714.480472988
2188892.5222176597
2189070.578445195
2189248.6491567814
2189426.7343535917
2189604.8340368005
2189782.9482075945
2189961.076867148
2190139.220016639
2190317.377657243
2190495.549790147
2190673.7364165257
2190851.937537553
2191030.153154417
2191208.383268293
2191386.62788036
2191564.886991793
2191743.1606037794
2191921.448717496
2192099.7513341163
2192278.0684548304
2192456.4000808126
2192634.746213239
2192813.1068532984
2192991.4820021666
2193169.8716610232
2193348.2758310447
2193526.69451342
2193705.127709326
2193883.5754199377
2194062.037646446
2194240.5143900258
2194419.005651859
2194597.5114331217
2194776.031735004
2194954.566558683
2195133.1159053347
2195311.6797761503
2195490.258172306
2195668.8510949844
2195847.4585453616
2196026.080524629
2196204.7170339637
2196383.368074543
2196562.033647558
2196740.7137541873
2196919.4083956117
2197098.11757301
2197276.841287573
2197455.5795404795
2197634.332332907
2197813.099666047
2197991.8815410784
2198170.6779591795
2198349.4889215427
2198528.3144293455
2198707.154483772
2198886.0090860007
2199064.878237224
2199243.7619386213
2199422.660191371
2199601.572996666
2199780.500355686
2199959.442269615
2200138.3987396313
2200317.3697669287
2200496.355352687
2200675.355498086
2200854.3702043192
2201033.3994725663
2201212.443304011
2201391.501699835
2201570.574661231
2201749.66218938
2201928.764285462
2202107.8809506707
2202287.0121861873
2202466.157993193
2202645.3183728806
2202824.4933264325
2203003.6828550333
2203182.8869598648
2203362.1056421213
2203541.3389029843
2203720.5867436347
2203899.849165268
2204079.1261690655
2204258.417756214
2204437.7239278946
2204617.044685303
2204796.3800296206
2204975.7299620304
2205155.094483728
2205334.473595895
2205513.8672997183
2205693.275596381
2205872.698487079
2206052.1359729944
2206231.588055311
2206411.0547352233
2206590.536013916
2206770.031892572
2206949.542372387
2207129.067454545
2207308.6071402337
2207488.161430636
2207667.7303269496
2207847.3138303575
2208026.9119420443
2208206.5246632067
2208386.1519950284
2208565.7939386982
2208745.4504954005
2208925.1216663327
2209104.8074526787
2209284.507855624
2209464.2228763653
2209643.9525160883
2209823.696775981
2210003.4556572293
2210183.2291610315
2210363.0172885717
2210542.820041036
2210722.637419622
2210902.4694255157
2211082.3160599023
2211262.1773239807
2211442.0532189365
2211621.94374596
2211801.8489062367
2211981.768700966
2212161.7031313344
2212341.652198527
2212521.615903744
2212701.5942481714
2212881.5872330004
2213061.594859417
2213241.617128622
2213421.6540418006
2213601.7056001406
2213781.771804842
2213961.852657092
2214141.9481580816
2214322.0583089986
2214502.183111043
2214682.3225654024
2214862.4766732645
2215042.6454358296
2215222.828854286
2215403.026929821
2215583.239663636
2215763.4670569184
2215943.7091108616
2216123.965826653
2216304.2372054947
2216484.523248574
2216664.823957081
2216845.1393322162
2217025.4693751684
2217205.8140871315
2217386.1734692934
2217566.547522857
2217746.936249011
2217927.3396489443
2218107.75772386
2218288.190474947
2218468.6379033993
2218649.100010406
2218829.576797171
2219010.0682648825
2219190.5744147315
2219371.095247921
2219551.6307656406
2219732.1809690804
2219912.745859444
2220093.3254379225
2220273.9197057094
2220454.5286639957
2220635.1523139854
2220815.790656869
2220996.443693837
2221177.1114260945
2221357.7938548313
2221538.490981244
2221719.2028065226
2221899.9293318726
2222080.670558485
2222261.426487551
2222442.197120276
2222622.982457851
2222803.7825014726
2222984.5972523326
2223165.426711636
2223346.2708805758
2223527.129760342
2223708.0033521424
2223888.891657168
2224069.7946766117
2224250.7124116793
2224431.644863563
2224612.5920334607
2224793.5539225643
2224974.5305320807
2225155.5218632026
2225336.5279171234
2225517.5486950492
2225698.5841981736
2225879.634427694
2226060.6993848043
2226241.779070711
2226422.8734866087
2226603.9826336903
2226785.106513163
2226966.2451262213
2227147.3984740633
2227328.5665578833
2227509.749378889
2227690.9469382744
2227872.1592372344
2228053.386276976
2228234.6280586952
2228415.884583586
2228597.1558528566
2228778.4418677017
2228959.7426293213
2229141.05813891
2229322.3883976773
2229503.7334068175
2229685.093167526
2229866.4676810126
2230047.8569484726
2230229.2609711057
2230410.679750108
2230592.113286689
2230773.561582044
2230955.02463737
2231136.5024538757
2231317.995032758
2231499.502375218
2231681.0244824514
2231862.5613556686
2232044.112996066
2232225.679404841
2232407.2605832033
2232588.85653235
2232770.4672534782
2232952.0927477987
2233133.733016508
2233315.388060809
2233497.0578818982
2233678.7424809877
2233860.4418592737
2234042.156017955
2234223.8849582425
2234405.628681334
2234587.3871884327
2234769.160480736
2234950.9485594556
2235132.75142579
2235314.5690809377
2235496.4015261107
2235678.2487625075
2235860.1107913316
2236041.987613781
2236223.879231069
2236405.785644394
2236587.7068549553
2236769.6428639656
2236951.5936726243
2237133.5592821306
2237315.5396936974
2237497.5349085247
2237679.5449278164
2237861.569752772
2238043.609384605
2238225.663824516
2238407.733073704
2238589.8171333834
2238771.916004754
2238954.029689022
2239136.1581873856
2239318.301501061
2239500.4596312474
2239682.6325791464
2239864.8203459717
2240047.022932925
2240229.240341211
2240411.4725720314
2240593.7196266013
2240775.981506121
2240958.258211793
2241140.5497448314
2241322.8561064387
2241505.1772978157
2241687.5133201787
2241869.864174729
2242052.229862673
2242234.610385214
2242417.0057435664
2242599.415938933
2242781.840972516
2242964.2808455317
2243146.735559183
2243329.2051146766
2243511.6895132153
2243694.188756016
2243876.702844281
2244059.2317792145
2244241.775562032
2244424.3341939375
2244606.907676139
2244789.4960098392
2244972.099196256
2245154.717236593
2245337.3501320537
2245519.997883856
2245702.660493203
2245885.3379612993
2246068.0302893627
2246250.7374785976
2246433.4595302125
2246616.196445412
2246798.948225415
2246981.7148714247
2247164.4963846467
2247347.2927662996
2247530.104017588
2247712.930139721
2247895.771133905
2248078.6270013577
2248261.497743285
2248444.383360892
2248627.2838553987
2248810.1992280097
2248993.1294799354
2249176.074612382
2249359.034626569
2249542.0095237023
2249724.999304988
2249908.003971646
2250091.0235248827
2250274.057965904
2250457.107295931
2250640.1715161693
2250823.250627831
2251006.344632122
2251189.453530264
2251372.577323463
2251555.7160129263
2251738.869599875
2251922.0380855165
2252105.221471062
2252288.41975772
2252471.632946711
2252654.8610392427
2252838.1040365235
2253021.3619397744
2253204.634750203
2253387.922469023
2253571.225097442
2253754.5426366823
2253937.8750879513
2254121.2224524585
2254304.584731425
2254487.961926061
2254671.354037574
2254854.7610671874
2255038.1830161093
2255221.619885554
2255405.0716767306
2255588.538390862
2255772.020029157
2255955.5165928253
2256139.0280830907
2256322.554501162
2256506.0958482544
2256689.652125577
2256873.223334354
2257056.809475795
2257240.41055111
2257424.0265615233
2257607.6575082457
2257791.3033924913
2257974.964215471
2258158.639978409
2258342.3306825166
2258526.0363290035
2258709.7569190958
2258893.492454003
2259077.2429349376
2259261.0083631235
2259444.7887397725
2259628.5840661004
2259812.394343319
2259996.219572653
2260180.059755315
2260363.9148925166
2260547.7849854827
2260731.670035426
2260915.570043563
2261099.4850111054
2261283.41493928
2261467.3598292996
2261651.319682375
2261835.2944997344
2262019.284282589
2262203.289032157
2262387.3087496515
2262571.3434362984
2262755.393093311
2262939.4577219035
2263123.5373233017
2263307.6318987194
2263491.74144937
2263675.865976481
2263860.0054812664
2264044.159964944
2264228.3294287277
2264412.513873846
2264596.7133015115
2264780.9277129397
2264965.1571093583
2265149.4014919815
2265333.660862028
2265517.9352207133
2265702.2245692653
2265886.5289088986
2266070.8482408286
2266255.1825662833
2266439.5318864784
2266623.896202633
2266808.2755159633
2266992.6698276973
2267177.0791390515
2267361.503451241
2267545.9427654953
2267730.39708303
2267914.866405061
2268099.3507328182
2268283.8500675173
2268468.3644103794
2268652.893762621
2268837.4381254716
2269021.9975001477
2269206.571887866
2269391.1612898577
2269575.765707338
2269760.38514153
2269945.0195936495
2270129.6690649274
2270314.3335565813
2270499.013069828
2270683.7076058993
2270868.417166012
2271053.1417513886
2271237.881363246
2271422.636002817
2271607.4056713185
2271792.190369969
2271976.9900999996
2272161.804862629
2272346.634659075
2272531.4794905703
2272716.339358333
2272901.2142635863
2273086.104207549
2273271.009191453
2273455.929216518
2273640.864283962
2273825.814395019
2274010.779550907
2274195.7597528505
2274380.7550020684
2274565.7652997943
2274750.7906472473
2274935.831045647
2275120.886496228
2275305.957000209
2275491.042558815
2275676.1431732653
2275861.2588447947
2276046.389574623
2276231.5353639713
2276416.696214073
2276601.872126148
2276787.0631014183
2276972.269141118
2277157.4902464673
2277342.7264186926
2277527.977659014
2277713.2439686675
2277898.5253488733
2278083.821800853
2278269.1333258427
2278454.4599250625
2278639.8015997396
2278825.1583510954
2279010.530180366
2279195.917088772
2279381.3190775365
2279566.7361478955
2279752.168301071
2279937.6155382893
2280123.077860774
2280308.5552697605
2280494.0477664713
2280679.55535213
2280865.0780279725
2281050.615795222
2281236.168655101
2281421.736608848
2281607.3196576843
2281792.9178028386
2281978.531045534
2282164.1593870088
2282349.8028284856
2282535.4613711885
2282721.135016355
2282906.8237652094
2283092.5276189796
2283278.2465788904
2283463.980646179
2283649.729822071
2283835.4941077894
2284021.273504574
2284207.0680136476
2284392.8776362413
2284578.7023735787
2284764.542226899
2284950.397197427
2285136.267286388
2285322.152495021
2285508.0528245517
2285693.9682762045
2285879.8988512196
2286065.8445508224
2286251.8053762433
2286437.7813287075
2286623.7724094554
2286809.7786197127
2286995.799960706
2287181.8364336747
2287367.888039845
2287553.9547804487
2287740.0366567117
2287926.1336698746
2288112.245821164
2288298.373111807
2288484.515543044
2288670.673116102
2288856.8458322086
2289043.0336926044
2289229.2366985166
2289415.4548511775
2289601.6881518145
2289787.9366016695
2289974.200201969
2290160.478953942
2290346.77285883
2290533.081917861
2290719.406132267
2290905.745503277
2291092.1000321326
2291278.469720063
2291464.854568296
2291651.254578074
2291837.669750626
2292024.100087186
2292210.545588982
2292397.006257257
2292583.48209324
2292769.973098161
2292956.4792732624
2293143.0006197738
2293329.537138929
2293516.0888319584
2293702.6557001052
2293889.237744599
2294075.83496667
2294262.4473675615
2294449.074948504
2294635.717710728
2294822.375655477
2295009.048783982
2295195.737097478
2295382.440597195
2295569.159284379
2295755.8931602594
2295942.6422260674
2296129.406483048
2296316.1859324328
2296502.980575457
2296689.790413352
2296876.615447364
2297063.455678723
2297250.3111086613
2297437.1817384246
2297624.0675692447
2297810.9686023532
2297997.8848389965
2298184.8162804064
2298371.7629278195
2298558.7247824688
2298745.7018456
2298932.6941184453
2299119.701602238
2299306.724298225
2299493.762207638
2299680.8153317156
2299867.8836716902
2300054.967228809
2300242.0660043047
2300429.1799994116
2300616.309215376
2300803.4536534324
2300990.6133148186
2301177.7882007677
2301364.978312528
2301552.183651334
2301739.404218419
2301926.6400150307
2302113.891042404
2302301.1573017775
2302488.4387943856
2302675.735521477
2302863.047484286
2303050.374684048
2303237.717122011
2303425.0747994096
2303612.4477174794
2303799.8358774697
2303987.2392806155
2304174.6579281567
2304362.0918213283
2304549.54096138
2304737.005349548
2304924.484987067
2305111.979875188
2305299.490015146
2305487.0154081816
2305674.5560555314
2305862.1119584455
2306049.68311816
2306237.2695359113
2306424.87121295
2306612.488150513
2306800.1203498365
2306987.7678121715
2307175.430538755
2307363.1085308283
2307550.8017896293
2307738.5103164082
2307926.2341124034
2308113.9731788514
2308301.727517004
2308489.497128099
2308677.282013379
2308865.0821740814
2309052.897611458
2309240.728326747
2309428.5743211866
2309616.435596029
2309804.3121525124
2309992.20399188
2310180.1111153704
2310368.0335242357
2310555.9712197157
2310743.924203048
2310931.8924754867
2311119.8760382696
2311307.874892642
2311495.8890398415
2311683.9184811222
2311871.963217724
2312060.023250886
2312248.0985818612
2312436.1892118906
2312624.295142213
2312812.4163740827
2313000.55290874
2313188.7047474296
2313376.8718913915
2313565.05434188
2313753.252100136
2313941.4651673995
2314129.6935449257
2314317.937233955
2314506.196235733
2314694.4705515006
2314882.760182513
2315071.065130011
2315259.385395237
2315447.7209794447
2315636.0718838763
2315824.4381097737
2316012.819658392
2316201.2165309736
2316389.628728764
2316578.0562530067
2316766.499104956
2316954.957285856
2317143.4307969473
2317331.9196394873
2317520.4238147177
2317708.9433238865
2317897.4781682356
2318086.0283490224
2318274.5938674896
2318463.17472488
2318651.7709224513
2318840.382461446
2319029.0093431124
2319217.651568693
2319406.309139447
2319594.982056617
2319783.6703214464
2319972.3739351933
2320161.092899102
2320349.8272144203
2320538.576882393
2320727.3419042784
2320916.12228132
2321104.918014763
2321293.7291058656
2321482.5555558726
2321671.3973660283
2321860.2545375917
2322049.1270718076
2322238.0149699263
2322426.918233192
2322615.836862865
2322804.770860189
2322993.7202264112
2323182.68496279
2323371.6650705715
2323560.660551006
2323749.671405339
2323938.697634831
2324127.7392407274
2324316.7962242747
2324505.8685867335
2324694.9563293494
2324884.059453369
2325073.1779600536
2325262.311850649
2325451.4611264067
2325640.6257885736
2325829.8058384107
2326019.0012771655
2326208.2121060845
2326397.438326429
2326586.679939447
2326775.93694639
2326965.209348506
2327154.497147056
2327343.800343288
2327533.1189384502
2327722.4529338046
2327911.802330599
2328101.167130086
2328290.547333515
2328479.9429421467
2328669.35395723
2328858.780380015
2329048.2222117623
2329237.679453722
2329427.1521071475
2329616.6401732876
2329806.1436534054
2329995.6625487497
2330185.19686057
2330374.7465901305
2330564.3117386797
2330753.8923074673
2330943.488297757
2331133.0997107993
2331322.7265478484
2331512.368810154
2331702.0264989804
2331891.6996155777
2332081.3881611964
2332271.0921371006
2332460.8115445417
2332650.5463847737
2332840.296659048
2333030.0623686295
2333219.8435147693
2333409.6400987175
2333599.4521217407
2333789.2795850886
2333979.1224900135
2334168.98083778
2334358.854629641
2334548.7438668516
2334738.6485506636
2334928.5686823437
2335118.504263143
2335308.455294314
2335498.4217771227
2335688.403712821
2335878.401102667
2336068.413947912
2336258.4422498234
2336448.4860096527
2336638.545228654
2336828.6199080935
2337018.710049224
2337208.815653304
2337398.9367215857
2337589.073255337
2337779.225255811
2337969.3927242616
2338159.575661956
2338349.774070148
2338539.9879500954
2338730.2173030535
2338920.462130289
2339110.7224330567
2339300.9982126104
2339491.2894702186
2339681.596207136
2339871.9184246166
2340062.2561239293
2340252.6093063285
2340442.9779730737
2340633.3621254205
2340823.761764637
2341014.176891979
2341204.6075087013
2341395.0536160734
2341585.5152153503
2341775.9923077933
2341966.484894657
2342156.9929772113
2342347.5165567123
2342538.0556344157
2342728.6102115917
2342919.1802894967
2343109.7658693865
2343300.3669525315
2343490.983540188
2343681.615633618
2343872.2632340775
2344062.926342837
2344253.604961154
2344444.2990902853
2344635.0087315016
2344825.733886061
2345016.474555224
2345207.230740249
2345398.0024424074
2345588.7896629567
2345779.5924031544
2345970.410664272
2346161.2444475684
2346352.093754305
2346542.958585741
2346733.838943148
2346924.7348277844
2347115.646240908
2347306.5731837926
2347497.5156576964
2347688.473663882
2347879.4472036087
2348070.4362781495
2348261.4408887634
2348452.4610367096
2348643.4967232607
2348834.5479496773
2349025.614717217
2349216.697027155
2349407.7948807506
2349598.9082792676
2349790.0372239663
2349981.1817161203
2350172.3417569897
2350363.517347835
2350554.7084899303
2350745.915184536
2350937.137432917
2351128.375236334
2351319.6285960614
2351510.8975133607
2351702.181989492
2351893.4820257304
2352084.7976233372
2352276.1287835734
2352467.475507715
2352658.8377970224
2352850.215652762
2353041.6090761954
2353233.0180685986
2353424.4426312335
2353615.8827653616
2353807.3384722588
2353998.8097531875
2354190.2966094143
2354381.799042202
2354573.3170528268
2354764.8506425507
2354956.399812637
2355147.964564362
2355339.544898989
2355531.140817785
2355722.752322014
2355914.379412952
2356106.0220918627
2356297.6803600094
2356489.3542186697
2356681.043669107
2356872.7487125895
2357064.4693503813
2357256.20558376
2357447.95741399
2357639.7248423346
2357831.5078700725
2358023.306498468
2358215.120728785
2358406.9505623025
2358598.796000285
2358790.6570440014
2358982.533694717
2359174.4259537105
2359366.333822247
2359558.2573015913
2359750.1963930232
2359942.151097807
2360134.1214172137
2360326.1073525087
2360518.1089049713
2360710.126075867
2360902.158866462
2361094.2072780365
2361286.271311856
2361478.3509691865
2361670.446251309
2361862.557159489
2362054.6836949983
2362246.825859103
2362438.983653084
2362631.157078208
2362823.3461357416
2363015.550826966
2363207.7711531483
2363400.00711556
2363592.258715469
2363784.5259541557
2363976.808832889
2364169.107352935
2364361.421515576
2364553.75132208
2364746.0967737194
2364938.457871762
2365130.83461749
2365323.227012172
2365515.6350570754
2365708.0587534835
2365900.4981026645
2366092.9531058916
2366285.4237644332
2366477.910079573
2366670.412052579
2366862.929684721
2367055.462977282
2367248.01193153
2367440.576548736
2367633.1568301828
2367825.75277714
2368018.3643908817
2368210.9916726775
2368403.634623812
2368596.2932455544
2368788.9675391754
2368981.657505959
2369174.363147175
2369367.0844640983
2369559.821458
2369752.5741301654
2369945.3424818637
2370138.1265143664
2370330.926228958
2370523.7416269104
2370716.5727094933
2370909.419477993
2371102.281933681
2371295.1600778326
2371488.0539117195
2371680.9634366273
2371873.8886538283
2372066.8295645933
2372259.7861702093
2372452.7584719476
2372645.746471085
2372838.7501688944
2373031.7695666617
2373224.8046656596
2373417.8554671598
2373610.9219724503
2373804.004182803
2373997.1020994955
2374190.2157238005
2374383.345057006
2374576.4901003847
2374769.650855209
2374962.827322768
2375156.0195043343
2375349.227401186
2375542.4510145965
2375735.6903458545
2375928.9453962334
2376122.216167007
2376315.502659464
2376508.804874878
2376702.122814524
2376895.4564796896
2377088.80587165
2377282.170991685
2377475.5518410676
2377668.948421088
2377862.360733021
2378055.788778141
2378249.232557738
2378442.692073087
2378636.1673254683
2378829.6583161564
2379023.1650464414
2379216.687517599
2379410.2257309053
2379603.7796876496
2379797.3493891084
2379990.9348365576
2380184.536031287
2380378.152974574
2380571.785667699
2380765.4341119374
2380959.0983085814
2381152.7782589076
2381346.473964192
2381540.1854257258
2381733.9126447863
2381927.6556226555
2382121.41436061
2382315.1888599414
2382508.9791219276
2382702.7851478453
2382896.6069389866
2383090.4444966293
2383284.2978220563
2383478.1669165445
2383672.0517813875
2383865.952417862
2384059.868827247
2384253.801010835
2384447.748969904
2384641.712705738
2384835.6922196145
2385029.6875128276
2385223.6985866553
2385417.7254423774
2385611.768081286
2385805.8265046617
2385999.9007137823
2386193.9907099423
2386388.096494421
2386582.2180685024
2386776.3554334664
2386970.508590607
2387164.6775412043
2387358.8622865374
2387553.062827902
2387747.279166577
2387941.511303848
2388135.7592409956
2388330.0229793144
2388524.302520085
2388718.597864588
2388912.909014118
2389107.2359699565
2389301.5787333846
2389495.9373056977
2389690.3116881764
2389884.7018821076
2390079.107888772
2390273.529709466
2390467.9673454706
2390662.4207980684
2390856.890068555
2391051.375158212
2391245.876068327
2391440.3928001816
2391634.9253550726
2391829.473734282
2392024.0379390926
2392218.617970802
2392413.2138306913
2392607.8255200493
2392802.453040158
2392997.0963923153
2393191.7555778045
2393386.430597908
2393581.121453924
2393775.8281471357
2393970.5506788315
2394165.289050295
2394360.0432628244
2394554.813317703
2394749.599216215
2394944.400959659
2395139.2185493186
2395334.0519864787
2395528.9012724375
2395723.76640848
2395918.6473958944
2396113.5442359666
2396308.4569299947
2396503.3854792644
2396698.3298850604
2396893.290148682
2397088.2662714142
2397283.2582545476
2397478.266099367
2397673.2898071725
2397868.32937925
2398063.3848168845
2398258.4561213767
2398453.543294012
2398648.6463360772
2398843.7652488723
2399038.900033684
2399234.0506918025
2399429.2172245146
2399624.3996331217
2399819.59791891
2400014.812083166
2400210.0421271916
2400405.2880522734
2400600.549859703
2400795.827550768
2400991.1211267696
2401186.4305889956
2401381.7559387335
2401577.097177285
2401772.4543059375
2401967.827325984
2402163.2162387124
2402358.621045425
2402554.0417474103
2402749.4783459557
2402944.930842364
2403140.3992379247
2403335.8835339304
2403531.3837316693
2403726.899832445
2403922.431837546
2404117.979748262
2404313.543565896
2404509.123291737
2404704.718927074
2404900.3304732116
2405095.957931439
2405291.60130305
2405487.2605893346
2405682.9357915972
2405878.6269111275
2406074.3339492157
2406270.056907166
2406465.7957862685
2406661.550587819
2406857.3213131074
2407053.1079634386
2407248.910540103
2407444.7290443922
2407640.5634776107
2407836.4138410497
2408032.280136
2408228.162363767
2408424.060525643
2408619.9746229234
2408815.904656899
2409011.8506288775
2409207.8125401493
2409403.7903920063
2409599.784185755
2409795.7939226874
2409991.8196041007
2410187.861231286
2410383.9188055517
2410579.992328189
2410776.0818004906
2410972.1872237637
2411168.308599301
2411364.4459284004
2411560.5992123545
2411756.7684524707
2411952.9536500424
2412149.154806363
2412345.37192274
2412541.6050004666
2412737.854040842
2412934.119045159
2413130.4000147264
2413326.696950838
2413523.0098547875
2413719.3387278835
2413915.6835714206
2414112.044386693
2414308.421175009
2414504.8139376636
2414701.2226759563
2414897.6473911814
2415094.088084649
2415290.544757653
2415487.0174114886
2415683.5060474663
2415880.0106668808
2416076.531271032
2416273.0678612157
2416469.620438742
2416666.1890049065
2416862.773561005
2417059.3741083476
2417255.99064823
2417452.6231819494
2417649.271710816
2417845.9362361254
2418042.6167591796
2418239.3132812744
2418436.025803722
2418632.7543278183
2418829.49885486
2419026.2593861595
2419223.035923013
2419419.8284667227
2419616.637018586
2419813.461579914
2420010.3021520055
2420207.1587361568
2420404.0313336807
2420600.919945875
2420797.8245740426
2420994.7452194807
2421191.6818835023
2421388.634567406
2421585.6032724897
2421782.5880000666
2421979.588751435
2422176.6055278983
2422373.6383307553
2422570.6871613194
2422767.7520208894
2422964.8329107645
2423161.9298322583
2423359.0427866704
2423556.1717752996
2423753.31679946
2423950.4778604517
2424147.6549595785
2424344.8480981407
2424542.0572774527
2424739.282498814
2424936.5237635253
2425133.781072901
2425331.0544282417
2425528.343830852
2425725.649282033
2425922.9707831
2426120.3083353536
2426317.661940094
2426515.031598638
2426712.4173122854
2426909.8190823374
2427107.236910111
2427304.6707969066
2427502.120744031
2427699.586752785
2427897.0688244854
2428094.5669604344
2428292.081161933
2428489.6114302985
2428687.157766833
2428884.720172843
2429082.2986496314
2429279.893198515
2429477.5038207956
2429675.130517777
2429872.7732907757
2430070.4321410954
2430268.1070700428
2430465.798078922
2430663.50516905
2430861.228341731
2431058.967598267
2431256.722939977
2431454.4943681643
2431652.281884138
2431850.085489201
2432047.9051846727
2432245.7409718563
2432443.5928520565
2432641.460826592
2432839.3448967673
2433037.245063886
2433235.1613292685
2433433.0936942184
2433631.042160046
2433829.0067280554
2434026.987399567
2434224.9841758856
2434422.997058316
2434621.026048179
2434819.071146779
2435017.132355427
2435215.2096754285
2435413.303108103
2435611.412654758
2435809.538316698
2436007.680095244
2436205.8379917024
2436404.0120073794
2436602.2021435956
2436800.408401658
2436998.6307828776
2437196.8692885614
2437395.1239200304
2437593.3946785918
2437791.6815655525
2437989.984582234
2438188.3037299444
2438386.639009995
2438584.990423693
2438783.357972361
2438981.741657307
2439180.141479838
2439378.557441277
2439576.989542932
2439775.4377861153
2439973.902172135
2440172.382702315
2440370.8793779635
2440569.392200388
2440767.9211709127
2440966.4662908455
2441165.027561501
2441363.6049841875
2441562.1985602286
2441760.8082909337
2441959.4341776115
2442158.0762215867
2442356.7344241687
2442555.408786666
2442754.099310404
2442952.8059966927
2443151.528846846
2443350.2678621737
2443549.0230440013
2443747.7943936386
2443946.581912396
2444145.3856015983
2444344.2054625563
2444543.0414965856
2444741.8937049964
2444940.762089115
2445139.6466502515
2445338.5473897173
2445537.4643088384
2445736.3974089255
2445935.3466912904
2446134.312157259
2446333.293808143
2446532.291645259
2446731.305669919
2446930.3358834493
2447129.382287162
2447328.4448823687
2447527.523670397
2447726.6186525584
2447925.7298301714
2448124.8572045476
2448324.0007770145
2448523.160548885
2448722.336521472
2448921.528696103
2449120.737074091
2449319.961656754
2449519.2024454055
2449718.4594413736
2449917.7326459717
2450117.0220605135
2450316.3276863275
2450515.649524727
2450714.987577031
2450914.341844554
2451113.712328624
2451313.099030556
2451512.501951664
2451711.9210932776
2451911.356456711
2452110.8080432788
2452310.27585431
2452509.7598911207
2452709.26015503
2452908.7766473526
2453108.3093694192
2453307.8583225454
2453507.4235080453
2453707.00492725
2453906.6025814754
2454106.216472042
2454305.846600265
2454505.492967475
2454705.155574989
2454904.8344241227
2455104.5295162075
2455304.240852559
2455503.968434494
2455703.712263344
2455903.4723404255
2456103.2486670604
2456303.0412445655
2456502.8500742726
2456702.675157499
2456902.5164955617
2457102.3740897924
2457302.2479415094
2457502.1380520347
2457702.044422686
2457901.967054796
2458101.905949682
2458301.8611086626
2458501.8325330704
2458701.8202242237
2458901.8241834454
2459101.8444120544
2459301.880911384
2459501.9336827523
2459702.0027274783
2459902.088046896
2460102.189642323
2460302.307515085
2460502.4416665
2460702.592097903
2460902.758810613
2461102.9418059485
2461303.141085245
2461503.356649822
2461703.588500999
2461903.8366401107
2462104.1010684776
2462304.3817874244
2462504.6787982713
2462704.992102354
2462905.3217009916
2463105.667595506
2463306.029787232
2463506.4082774906
2463706.803067608
2463907.2141589043
2464107.6415527156
2464308.0852503637
2464508.5452531693
2464709.0215624687
2464909.514179584
2465110.0231058365
2465310.5483425623
2465511.0898910835
2465711.6477527274
2465912.2219288154
2466112.8124206853
2466313.4192296583
2466514.042357058
2466714.6818042207
2466915.3375724694
2467116.009663132
2467316.6980775306
2467517.4028170034
2467718.123882874
2467918.861276464
2468119.614999113
2468320.385052144
2468521.171436885
2468721.9741546595
2468922.7932068063
2469123.628594649
2469324.4803195116
2469525.3483827333
2469726.2327856375
2469927.133529554
2470128.0506158066
2470328.9840457346
2470529.933820663
2470730.899941916
2470931.8824108336
2471132.88122874
2471333.8963969606
2471534.9279168355
2471735.97578969
2471937.0400168533
2472138.1205996517
2472339.217539426
2472540.3308375003
2472741.460495202
2472942.6065138704
2473143.768894832
2473344.9476394183
2473546.1427489542
2473747.3542247824
2473948.582068228
2474149.826280618
2474351.086863294
2474552.363817582
2474753.6571448096
2474954.966846318
2475156.2929234346
2475357.6353774914
2475558.9942098157
2475760.3694217494
2475961.76101462
2476163.168989755
2476364.5933484975
2476566.034092175
2476767.49122212
2476968.9647396607
2477170.4546461403
2477371.960942887
2477573.483631228
2477775.022712508
2477976.578188055
2478178.1500592027
2478379.7383272797
2478581.34299363
2478782.9640595824
2478984.6015264657
2479186.2553956243
2479387.925668387
2479589.6123460894
2479791.3154300596
2479993.034921643
2480194.7708221683
2480396.5231329664
2480598.291855382
2480800.0769907446
2481001.8785403846
2481203.696505647
2481405.5308878627
2481607.3816883666
2481809.2489084895
2482011.132549577
2482213.03261296
2482414.9490999687
2482616.8820119505
2482818.831350235
2483020.797116159
2483222.7793110544
2483424.7779362667
2483626.792993128
2483828.824482969
2484030.872407138
2484232.936766966
2484435.0175637845
2484637.114798941
2484839.228473768
2485041.358589603
2485243.5051477775
2485445.6681496394
2485647.8475965215
2485850.0434897565
2486052.255830692
2486254.484620661
2486456.729861002
2486658.991553047
2486861.269698146
2487063.564297631
2487265.8753528357
2487468.2028651093
2487670.546835785
2487872.907266202
2488075.2841576934
2488277.677511609
2488480.087329283
2488682.513612049
2488884.956361257
2489087.4155782415
2489289.8912643413
2489492.3834208916
2489694.8920492423
2489897.4171507284
2490099.958726684
2490302.5167784607
2490505.091307393
2490707.6823148155
2490910.2898020796
2491112.9137705206
2491315.554221479
2491518.2111562914
2491720.8845763076
2491923.574482864
2492126.2808772963
2492329.0037609567
2492531.743135181
2492734.49900131
2492937.2713606814
2493140.060214646
2493342.865564541
2493545.6874117027
2493748.5257574837
2493951.3806032212
2494154.2519502514
2494357.139799928
2494560.044153587
2494762.965012572
2494965.90237822
2495168.856251884
2495371.826634902
2495574.8135286113
2495777.816934366
2495980.8368535037
2496183.873287367
2496386.926237296
2496589.9957046425
2496793.081690746
2496996.1841969453
2497199.3032245934
2497402.4387750304
2497605.5908495993
2497808.7594496403
2498011.9445765065
2498215.1462315386
2498418.3644160745
2498621.5991314705
2498824.850379065
2499028.1181602036
2499231.4024762255
2499434.7033284865
2499638.0207183263
2499841.354647085
2500044.705116119
2500248.072126767
2500451.4556803713
2500654.8557782867
2500858.272421854
2501061.7056124196
2501265.155351324
2501468.6216399237
2501672.1044795597
2501875.603871573
2502079.119817321
2502282.6523181447
2502486.201375391
2502689.7669904013
2502893.349164533
2503096.9478991274
2503300.563195527
2503504.19505509
2503707.843479157
2503911.5084690712
2504115.1900261906
2504318.888151857
2504522.602847419
2504726.334114219
2504930.0819536154
2505133.846366951
2505337.6273555686
2505541.4249208276
2505745.2390640704
2505949.069786646
2506152.917089898
2506356.7809751853
2506560.6614438514
2506764.5584972408
2506968.4721367117
2507172.4023636095
2507376.349179283
2507580.312585076
2507784.292582349
2507988.289172446
2508192.3023567116
2508396.332136506
2508600.378513175
2508804.441488067
2509008.5210625287
2509212.6172379195
2509416.730015585
2509620.8593968707
2509825.005383137
2510029.1679757307
2510233.3471759963
2510437.5429852954
2510641.7554049743
2510845.984436384
2511050.23008087
2511254.4923397945
2511458.7712145043
2511663.0667063454
2511867.3788166796
2512071.707546854
2512276.0528982203
2512480.4148721257
2512684.7934699324
2512889.1886929874
2513093.6005426385
2513298.0290202475
2513502.474127163
2513706.935864732
2513911.414234318
2514115.909237268
2514320.420874935
2514524.9491486684
2514729.4940598304
2514934.05560977
2515138.6337998356
2515343.2286313903
2515547.8401057827
2515752.4682243676
2515957.112988493
2516161.7743995236
2516366.452458808
2516571.1471676957
2516775.8585275514
2516980.586539724
2517185.3312055683
2517390.092526434
2517594.870503686
2517799.6651386744
2518004.4764327486
2518209.304387274
2518414.1490036016
2518619.0102830855
2518823.888227077
2519028.782836942
2519233.69411403
2519438.6220596926
2519643.566675296
2519848.5279621906
2520053.5059217275
2520258.500555273
2520463.5118641793
2520668.539849802
2520873.584513493
2521078.6458566184
2521283.723880531
2521488.8185865814
2521693.929976138
2521899.058050552
2522104.202811181
2522309.3642593776
2522514.5423965086
2522719.737223927
2522924.9487429853
2523130.1769550513
2523335.421861478
2523540.6834636186
2523745.961762841
2523951.256760498
2524156.568457949
2524361.8968565464
2524567.241957659
2524772.603762641
2524977.9822728457
2525183.3774896422
2525388.7894143844
2525594.2180484314
2525799.663393137
2526005.1254498716
2526210.604219989
2526416.0997048435
2526621.6119058053
2526827.140824229
2527032.6864614743
2527238.2488188962
2527443.8278978653
2527649.423699736
2527855.0362258647
2528060.665477621
2528266.3114563604
2528471.974163444
2528677.653600227
2528883.349768081
2529089.062668362
2529294.7923024255
2529500.5386716435
2529706.301777371
2529912.081620966
2530117.878203799
2530323.691527227
2530529.521592612
2530735.3684013104
2530941.2319546943
2531147.1122541213
2531353.0093009477
2531558.923096547
2531764.8536422756
2531970.8009394966
2532176.764989567
2532382.745793861
2532588.7433537347
2532794.7576705473
2533000.7887456715
2533206.8365804655
2533412.901176288
2533618.9825345115
2533825.0806564954
2534031.195543603
2534237.327197193
2534443.47561864
2534649.640809302
2534855.8227705387
2535062.021503724
2535268.2370102177
2535474.469291384
2535680.7183485813
2535886.984183186
2536093.266796557
2536299.566190054
2536505.882365053
2536712.215322913
2536918.5650649997
2537124.931592673
2537331.314907309
2537537.7150102677
2537744.1319029103
2537950.5655866116
2538157.0160627337
2538363.4833326414
2538569.967397697
2538776.4682592754
2538982.985918739
2539189.5203774483
2539396.071636781
2539602.639698098
2539809.224562761
2540015.826232147
2540222.444707618
2540429.079990541
2540635.7320822785
2540842.400984208
2541049.086697691
2541255.789224091
2541462.508564785
2541669.2447211365
2541875.997694513
2542082.767486277
2542289.554097807
2542496.3575304663
2542703.177785618
2542910.014864641
2543116.8687688983
2543323.739499754
2543530.627058586
2543737.531446759
2543944.4526656424
2544151.3907165993
2544358.345601009
2544565.317320237
2544772.305875646
2544979.311268617
2545186.333500514
2545393.3725727065
2545600.4284865595
2545807.5012434535
2546014.5908447537
2546221.6972918245
2546428.8205860467
2546635.960728786
2546843.1177214123
2547050.2915652916
2547257.4822618044
2547464.6898123175
2547671.9142181957
2547879.1554808207
2548086.413601559
2548293.6885817815
2548500.9804228544
2548708.28912616
2548915.6146930647
2549122.9571249345
2549330.3164231526
2549537.692589085
2549745.085624099
2549952.495529577
2550159.9223068864
2550367.3659573994
2550574.8264824837
2550782.303883522
2550989.798161882
2551197.3093189313
2551404.8373560538
2551612.382274617
2551819.9440759937
2552027.522761553
2552235.118332678
2552442.7307907376
2552650.3601370994
2552858.006373149
2553065.6695002536
2553273.3495197827
2553481.046433121
2553688.7602416375
2553896.4909467064
2554104.2385496967
2554312.0030519934
2554519.7844549664
2554727.5827599852
2554935.397968435
2555143.2300816854
2555351.0791011117
2555558.9450280843
2555766.8278639885
2555974.727610194
2556182.6442680727
2556390.5778390095
2556598.5283243754
2556806.495725546
2557014.4800438927
2557222.4812808014
2557430.4994376437
2557638.53451579
2557846.5865166285
2558054.655441529
2558262.7412918694
2558470.844069021
2558678.9637743705
2558887.1004092903
2559095.253975152
2559303.424473344
2559511.6119052377
2559719.8162722057
2559928.037575636
2560136.2758169007
2560344.5309973783
2560552.8031184413
2560761.0921814777
2560969.398187861
2561177.7211389635
2561386.0610361747
2561594.417880868
2561802.7916744216
2562011.182418209
2562219.5901136193
2562428.0147620267
2562636.456364805
2562844.914923343
2563053.390439016
2563261.882913197
2563470.392347276
2563678.918742629
2563887.462100634
2564096.0224226657
2564304.599710115
2564513.1939643575
2564721.8051867667
2564930.433378734
2565139.0785416346
2565347.740676849
2565556.4197857524
2565765.115869736
2565973.828930176
2566182.558968447
2566391.3059859416
2566600.069984035
2566808.850964109
2567017.6489275396
2567226.463875719
2567435.295810023
2567644.1447318285
2567853.010642528
2568061.893543498
2568270.7934361203
2568479.7103217724
2568688.6442018473
2568897.595077721
2569106.562950772
2569315.5478223925
2569524.5496939607
2569733.568566854
2569942.604442466
2570151.657322174
2570360.7272073617
2570569.8140994073
2570778.9179997044
2570988.0389096313
2571197.1768305665
2571406.331763904
2571615.5037110234
2571824.6926733074
2572033.8986521354
2572243.1216489025
2572452.361664987
2572661.6187017686
2572870.892760643
2573080.1838429878
2573289.491950184
2573498.817083627
2573708.1592446957
2573917.518434776
2574126.894655247
2574336.287907506
2574545.6981929317
2574755.1255129054
2574964.5698688226
2575174.0312620644
2575383.509694016
2575593.0051660594
2575802.51767959
2576012.047235989
2576221.593836638
2576431.157482934
2576640.7381762583
2576850.3359179967
2577059.950709532
2577269.5825522607
2577479.231447565
2577688.8973968267
2577898.580401444
2578108.280462798
2578317.9975822773
2578527.731761263
2578737.483001155
2578947.2513033347
2579157.036669185
2579366.8391001043
2579576.658597476
2579786.495162682
2579996.348797123
2580206.219502181
2580416.107279245
2580626.012129698
2580835.9340549395
2581045.873056354
2581255.8291353243
2581465.802293251
2581675.792531517
2581885.7998515125
2582095.8242546218
2582305.865742245
2582515.9243157664
2582725.9999765703
2582936.092726058
2583146.2025656137
2583356.3294966226
2583566.473520485
2583776.634638587
2583986.8128523184
2584197.0081630647
2584407.220572227
2584617.450081192
2584827.6966913445
2585037.960404086
2585248.2412208025
2585458.539142886
2585668.854171722
2585879.186308713
2586089.5355552454
2586299.901912705
2586510.2853824953
2586720.6859660023
2586931.103664618
2587141.53847973
2587351.990412741
2587562.459465038
2587772.9456380084
2587983.448933055
2588193.9693515664
2588404.5068949345
2588615.061564547
2588825.6333618085
2589036.2222881066
2589246.828344829
2589457.45153338
2589668.091855148
2589878.749311521
2590089.4239039044
2590300.1156336856
2590510.8245022595
2590721.5505110146
2590932.293661356
2591143.053954672
2591353.8313923534
2591564.625975804
2591775.4377064137
2591986.2665855773
2592197.1126146843
2592407.975795141
2592618.8561283364
2592829.7536156615
2593040.6682585212
2593251.6000583065
2593462.5490164077
2593673.5151342307
2593884.4984131665
2594095.4988546106
2594306.516459954
2594517.551230604
2594728.603167951
2594939.6722733863
2595150.758548317
2595361.8619941347
2595572.982612236
2595784.1204040125
2595995.275370872
2596206.4475142057
2596417.636835406
2596628.843335881
2596840.0670170225
2597051.3078802284
2597262.565926891
2597473.841158418
2597685.1335762027
2597896.4431816377
2598107.769976132
2598319.113961078
2598530.4751378745
2598741.8535079146
2598953.2490726076
2599164.6618333464
2599376.091791525
2599587.5389485527
2599799.003305823
2600010.4848647304
2600221.9836266846
2600433.499593079
2600645.0327653144
2600856.583144784
2601068.150732898
2601279.735531052
2601491.33754064
2601702.956763073
2601914.5931997453
2602126.2468520575
2602337.9177214047
2602549.605809198
2602761.3111168332
2602973.0336457053
2603184.773397226
2603396.53037279
2603608.304573795
2603820.096001651
2604031.904657755
2604243.730543508
2604455.5736603066
2604667.4340095627
2604879.3115926734
2605091.2064110343
2605303.118466059
2605515.047759144
2605726.994291691
2605938.958065098
2606150.9390807776
2606362.9373401264
2606574.952844543
2606786.98559544
2606999.035594215
2607211.102842272
2607423.1873410074
2607635.289091836
2607847.408096156
2608059.544355365
2608271.6978708776
2608483.868644092
2608696.0566764125
2608908.2619692367
2609120.4845239804
2609332.724342042
2609544.98142482
2609757.2557737306
2609969.5473901723
2610181.856275544
2610394.182431262
2610606.525858725
2610818.8865593383
2611031.264534502
2611243.6597856316
2611456.072314127
2611668.5021213884
2611880.9492088323
2612093.413577859
2612305.8952298737
2612518.3941662777
2612730.910388487
2612943.443897903
2613155.9946959256
2613368.5627839733
2613581.148163446
2613793.7508357456
2614006.3708022893
2614219.008064478
2614431.66262372
2614644.334481416
2614857.0236389833
2615069.7300978247
2615282.4538593423
2615495.194924954
2615707.9532960616
2615920.7289740737
2616133.521960392
2616346.3322564363
2616559.159863608
2616772.0047833105
2616984.8670169627
2617197.746565968
2617410.6434317343
2617623.5576156653
2617836.4891191805
2618049.437943683
2618262.4040905773
2618475.387561282
2618688.388357202
2618901.406479746
2619114.4419303187
2619327.4947103397
2619540.5648212135
2619753.652264345
2619966.757041154
2620179.879153046
2620393.0186014245
2620606.175387712
2620819.349513313
2621032.5409796373
2621245.7497880906
2621458.9759400943
2621672.2194370544
2621885.4802803756
2622098.75847148
2622312.0540117733
2622525.366902667
2622738.6971455673
2622952.044741896
2623165.4096930595
2623378.792000464
2623592.1916655325
2623805.6086896714
2624019.043074287
2624232.494820803
2624445.963930626
2624659.4504051683
2624872.954245837
2625086.4754540557
2625300.014031232
2625513.5699787727
2625727.143298102
2625940.733990628
2626154.342057763
2626367.967500916
2626581.6103215106
2626795.2705209553
2627008.948100658
2627222.643062044
2627436.355406521
2627650.085135503
2627863.8322504
2628077.5967526357
2628291.3786436194
2628505.1779247606
2628718.9945974844
2628932.8286632
2629146.680123323
2629360.548979262
2629574.4352324433
2629788.338884277
2630002.259936172
2630216.1983895553
2630430.154245837
2630644.1275064275
2630858.118172753
2631072.126246224
2631286.1517282566
2631500.1946202614
2631714.2549236654
2631928.33263988
2632142.4277703157
2632356.5403163997
2632570.670279544
2632784.817661165
2632998.982462674
2633213.164685499
2633427.364331052
2633641.5814007446
2633855.815896005
2634070.0678182454
2634284.337168878
2634498.623949331
2634712.9281610176
2634927.2498053545
2635141.5888837557
2635355.9453976494
2635570.3193484484
2635784.7107375665
2635999.119566432
2636213.545836459
2636427.9895490655
2636642.4507056656
2636856.929307689
2637071.425356549
2637285.93885366
2637500.469800452
2637715.0181983383
2637929.584048739
2638144.167353069
2638358.768112758
2638573.386329221
2638788.0220038723
2639002.675138143
2639217.345733448
2639432.0337912077
2639646.739312837
2639861.4622997674
2640076.2027534144
2640290.960675193
2640505.7360665356
2640720.5289288573
2640935.3392635738
2641150.167072118
2641365.012355905
2641579.875116357
2641794.75535489
2642009.6530729365
2642224.5682719126
2642439.5009532357
2642654.4511183384
2642869.4187686373
2643084.4039055547
2643299.4065305083
2643514.4266449306
2643729.464250239
2643944.5193478516
2644159.591939202
2644374.6820257073
2644589.7896087854
2644804.91468987
2645020.05727038
2645235.217351739
2645450.394935364
2645665.59002269
2645880.802615136
2646096.03271412
2646311.280321077
2646526.545437426
2646741.828064591
2646957.1282039913
2647172.445857062
2647387.781025223
2647603.1337098926
2647818.503912507
2648033.891634486
2648249.2968772547
2648464.7196422326
2648680.159930856
2648895.617744545
2649111.09308472
2649326.585952817
2649542.096350257
2649757.6242784653
2649973.1697388627
2650188.732732887
2650404.313261958
2650619.911327497
2650835.5269309417
2651051.160073713
2651266.8107572324
2651482.478982937
2651698.164752249
2651913.868066596
2652129.5889273984
2652345.3273360953
2652561.0832941085
2652776.85680286
2652992.6478637885
2653208.4564783163
2653424.282647871
2653640.126373876
2653855.9876577696
2654071.8665009746
2654287.7629049146
2654503.676871028
2654719.608400739
2654935.5574954697
2655151.524156661
2655367.5083857356
2655583.5101841227
2655799.529553246
2656015.5664945464
2656231.621009447
2656447.6930993726
2656663.782765763
2656879.890010043
2657096.014833642
2657312.1572379856
2657528.3172245137
2657744.4947946514
2657960.6899498235
2658176.902691472
2658393.1330210213
2658609.3809399023
2658825.6464495407
2659041.929551378
2659258.2302468396
2659474.5485373517
2659690.884424356
2659907.237909279
2660123.608993551
2660339.9976786
2660556.403965867
2660772.8278567796
2660989.269352764
2661205.7284552627
2661422.205165703
2661638.699485511
2661855.211416131
2662071.7409589896
2662288.2881155196
2662504.8528871485
2662721.4352753195
2662938.0352814607
2663154.652907
2663371.288153381
2663587.941022032
2663804.6115143863
2664021.2996318717
2664238.005375934
2664454.728748
2664671.4697494996
2664888.228381877
2665105.004646561
2665321.798544981
2665538.6100785816
2665755.4392487924
2665972.2860570475
2666189.150504777
2666406.0325934263
2666622.9323244244
2666839.849699202
2667056.7847192045
2667273.737385862
2667490.70770061
2667707.695664879
2667924.701280115
2668141.724547749
2668358.7654692107
2668575.8240459478
2668792.9002793906
2669009.9941709754
2669227.1057221335
2669444.234934312
2669661.381808942
2669878.546347455
2670095.728551299
2670312.9284219053
2670530.145960711
2670747.381169148
2670964.634048664
2671181.9046006915
2671399.1928266627
2671616.498728026
2671833.822306214
2672051.163562659
2672268.5224988097
2672485.8991160993
2672703.293415966
2672920.705399842
2673138.135069178
2673355.5824254057
2673573.04746996
2673790.530204289
2674008.0306298276
2674225.5487480145
2674443.084560283
2674660.6380680837
2674878.209272851
2675095.7981760176
2675313.4047790356
2675531.029083339
2675748.671090362
2675966.3308015554
2676184.008218354
2676401.703342199
2676619.4161745235
2676837.1467167805
2677054.8949704044
2677272.6609368306
2677490.444617511
2677708.246013881
2677926.0651273816
2678143.901959449
2678361.756511535
2678579.6287850756
2678797.5187815074
2679015.4265022823
2679233.351948837
2679451.295122613
2679669.256025048
2679887.2346575935
2680105.2310216874
2680323.2451187666
2680541.2769502834
2680759.3265176765
2680977.393822388
2681195.4788658544
2681413.581649531
2681631.7021748545
2681849.8404432633
2682067.996456211
2682286.1702151354
2682504.3617214756
2682722.5709766857
2682940.797982204
2683159.0427394737
2683377.3052499346
2683595.5855150414
2683813.883536232
2684032.1993149463
2684250.53285264
2684468.884150751
2684687.253210725
2684905.6400340004
2685124.0446220343
2685342.466976266
2685560.9070981345
2685779.3649890968
2685997.8406505925
2686216.334084062
2686434.8452909617
2686653.374272732
2686871.9210308185
2687090.485566662
2687309.0678817197
2687527.6679774323
2687746.28585524
2687964.9215166015
2688183.5749629573
2688402.246195754
2688620.9352164334
2688839.642026453
2689058.366627254
2689277.1090202793
2689495.869206986
2689714.6471888167
2689933.4429672193
2690152.256543635
2690371.0879195235
2690589.937096326
2690808.8040754865
2691027.6888584634
2691246.5914466996
2691465.511841643
2691684.450044737
2691903.4060574416
2692122.379881199
2692341.371517454
2692560.380967665
2692779.408233276
2692998.4533157316
2693217.516216492
2693436.596937
2693655.6954787057
2693874.8118430534
2694093.946031504
2694313.098045502
2694532.2678864915
2694751.4555559335
2694970.661055274
2695189.8843859616
2695409.1255494426
2695628.384547178
2695847.661380613
2696066.956051194
2696286.2685603816
2696505.598909622
2696724.947100361
2696944.3131340607
2697163.697012167
2697383.0987361316
2697602.518307401
2697821.955727437
2698041.410997687
2698260.8841195973
2698480.3750946308
2698699.883924234
2698919.4106098604
2699138.955152956
2699358.5175549844
2699578.0978173935
2699797.6959416303
2700017.311929159
2700236.9457814265
2700456.597499887
2700676.2670859876
2700895.954541193
2701115.6598669514
2701335.3830647105
2701555.1241359357
2701774.883082075
2701994.659904583
2702214.4546049074
2702434.2671845146
2702654.0976448525
2702873.945987371
2703093.812213535
2703313.696324794
2703533.5983225973
2703753.518208411
2703973.4559836853
2704193.4116498744
2704413.3852084284
2704633.376660814
2704853.3860084815
2705073.413252881
2705293.4583954783
2705513.521437725
2705733.602381077
2705953.7012269846
2706173.8179769157
2706393.9526323206
2706614.10519465
2706834.2756653726
2707054.464045939
2707274.670337801
2707494.894542426
2707715.1366612655
2707935.396695778
2708155.6746474137
2708375.9705176423
2708596.2843079153
2708816.6160196853
2709036.965654421
2709257.3332135747
2709477.7186986045
2709698.122110963
2709918.54345212
2710138.9827235276
2710359.4399266397
2710579.9150629253
2710800.4081338383
2711020.919140837
2711241.448085375
2711461.994968923
2711682.559792934
2711903.1425588625
2712123.7432681783
2712344.3619223363
2712564.9985227957
2712785.6530710114
2713006.3255684534
2713227.0160165774
2713447.724416837
2713668.4507707045
2713889.1950796344
2714109.9573450815
2714330.737568518
2714551.535751399
2714772.351895185
2714993.1860013325
2715214.038071313
2715434.908106582
2715655.796108596
2715876.702078827
2716097.6260187314
2716318.5679297713
2716539.5278134025
2716760.505671098
2716981.5015043146
2717202.515314509
2717423.547103155
2717644.596871709
2717865.664621628
2718086.750354386
2718307.85407144
2718528.9757742537
2718750.1154642836
2718971.273143005
2719192.4488118747
2719413.642472351
2719634.8541259086
2719856.083774005
2720077.3314181054
2720298.5970596666
2720519.8807001645
2720741.1823410573
2720962.501983804
2721183.83962988
2721405.195280744
2721626.5689378614
2721847.9606026905
2722069.370276707
2722290.7979613715
2722512.2436581426
2722733.7073684973
2722955.1890938943
2723176.6888358
2723398.206595674
2723619.7423749934
2723841.296175218
2724062.867997809
2724284.457844242
2724506.065715979
2724727.69161448
2724949.335541223
2725170.997497669
2725392.677485284
2725614.3755055293
2725836.0915598837
2726057.8256498077
2726279.577776763
2726501.347942229
2726723.136147666
2726944.942394542
2727166.7666843194
2727388.6090184767
2727610.469398476
2727832.3478257805
2728054.2443018686
2728276.1588282026
2728498.0914062466
2728720.0420374786
2728942.0107233627
2729163.997465367
2729386.002264955
2729608.0251236064
2729830.066042785
2730052.1250239545
2730274.2020685948
2730496.2971781697
2730718.4103541495
2730940.5415979973
2731162.6909111943
2731384.858295205
2731607.0437514936
2731829.2472815416
2732051.468886813
2732273.7085687793
2732495.966328904
2732718.2421686696
2732940.5360895414
2733162.848092984
2733385.17818048
2733607.5263534947
2733829.8926134994
2734052.2769619594
2734274.679400358
2734497.09993016
2734719.538552833
2734941.9952698583
2735164.4700827035
2735386.9629928344
2735609.4740017345
2735832.0031108707
2736054.550321715
2736277.115635734
2736499.699054412
2736722.3005792163
2736944.9202116136
2737167.5579530885
2737390.2138051083
2737612.887769146
2737835.57984667
2738058.290039164
2738281.018348097
2738503.764774936
2738726.5293211667
2738949.311988258
2739172.112777677
2739394.9316909094
2739617.7687294246
2739840.6238946966
2740063.4971881947
2740286.3886114038
2740509.298165794
2740732.225852834
2740955.1716740103
2741178.1356307925
2741401.1177246557
2741624.11795707
2741847.1363295214
2742070.17284348
2742293.227500417
2742516.3003018177
2742739.391249154
2742962.5003439016
2743185.6275875308
2743408.7729815287
2743631.936527367
2743855.1182265165
2744078.3180804653
2744301.5360906837
2744524.772258649
2744748.0265858336
2744971.2990737245
2745194.5897237943
2745417.8985375143
2745641.2255163738
2745864.5706618438
2746087.9339753976
2746311.315458524
2746534.715112695
2746758.132939389
2746981.5689400784
2747205.0231162533
2747428.495469386
2747651.9860009504
2747875.494712435
2748099.0216053147
2748322.5666810675
2748546.1299411664
2748769.711387103
2748993.3110203505
2749216.9288423825
2749440.5648546903
2749664.2190587474
2749887.8914560284
2750111.5820480245
2750335.29083621
2750559.017822065
2750782.7630070643
2751006.5263926997
2751230.3079804457
2751454.1077717775
2751677.9257681877
2751901.7619711505
2752125.6163821477
2752349.489002655
2752573.379834164
2752797.288878151
2753021.216136092
2753245.1616094797
2753469.1252997904
2753693.1072085053
2753917.107337102
2754141.1256870725
2754365.162259894
2754589.217057043
2754813.290080014
2755037.3813302834
2755261.490809334
2755485.6185186426
2755709.7644597036
2755933.9286339944
2756158.111042993
2756382.311688194
2756606.530571074
2756830.7676931126
2757055.023055804
2757279.296660626
2757503.5885090623
2757727.8986025923
2757952.226942711
2758176.5735308966
2758400.9383686287
2758625.3214574023
2758849.7227986967
2759074.1423939965
2759298.5802447814
2759523.0363525474
2759747.510718774
2759972.0033449405
2760196.5142325438
2760421.043383064
2760645.590797981
2760870.156478791
2761094.7404269753
2761319.342644019
2761543.9631314036
2761768.6018906254
2761993.2589231655
2762217.934230505
2762442.6278141416
2762667.3396755564
2762892.069816236
2763116.818237662
2763341.584941332
2763566.369928729
2763791.1732013333
2764015.9947606437
2764240.834608143
2764465.692745318
2764690.5691736513
2764915.463894642
2765140.376909772
2765365.308220525
2765590.257828399
2765815.225734878
2766040.2119414494
2766265.2164495974
2766490.239260821
2766715.280376604
2766940.3397984295
2767165.417527798
2767390.5135661936
2767615.6279150993
2767840.760576016
2768065.9115504273
2768291.0808398235
2768516.2684456888
2768741.4743695245
2768966.6986128143
2769191.9411770436
2769417.2020637137
2769642.4812743096
2769867.7788103214
2770093.094673234
2770318.4288645503
2770543.781385755
2770769.152238334
2770994.541423789
2771219.9489436066
2771445.374799272
2771670.818992288
2771896.2815241404
2772121.7623963216
2772347.2616103175
2772572.779167631
2772798.3150697495
2773023.8693181593
2773249.4419143638
2773475.0328598497
2773700.6421561106
2773926.2698046323
2774151.91580692
2774377.5801644605
2774603.262878741
2774828.9639512673
2775054.683383526
2775280.4211770105
2775506.177333209
2775731.951853627
2775957.7447397523
2776183.5559930727
2776409.3856150946
2776635.233607306
2776861.0999712013
2777086.984708269
2777312.8878200157
2777538.8093079296
2777764.7491735006
2777990.7074182346
2778216.6840436207
2778442.679051149
2778668.692442326
2778894.724218641
2779120.77438159
2779346.842932663
2779572.929873367
2779799.035205192
2780025.158929629
2780251.3010481843
2780477.46156235
2780703.6404736214
2780929.8377834903
2781156.053493464
2781382.2876050333
2781608.54011969
2781834.811038942
2782061.100364282
2782287.4080971996
2782513.734239205
2782740.0787917897
2782966.4417564506
2783192.8231346807
2783419.222927989
2783645.6411378672
2783872.0777658084
2784098.5328133223
2784325.0062819007
2784551.498173043
2784778.0084882416
2785004.537229006
2785231.0843968308
2785457.6499932082
2785684.234019649
2785910.8364776466
2786137.4573687008
2786364.0966943046
2786590.754455969
2786817.4306551884
2787044.125293457
2787270.838372286
2787497.569893169
2787724.3198576076
2787951.0882670954
2788177.875123144
2788404.6804272495
2788631.5041809054
2788858.3463856247
2789085.2070429027
2789312.0861542346
2789538.9837211324
2789765.8997450923
2789992.8342276155
2790219.787170198
2790446.758574352
2790673.748441575
2790900.756773362
2791127.783571227
2791354.8288366664
2791581.892571182
2791808.974776271
2792036.0754534467
2792263.194604207
2792490.332230048
2792717.488332484
2792944.662913013
2793171.8559731315
2793399.067514355
2793626.297538181
2793853.546046112
2794080.813039647
2794308.098520301
2794535.4024895714
2794762.7249489576
2794990.0658999737
2795217.4253441193
2795444.803282899
2795672.19971781
2795899.6146503696
2796127.048082076
2796354.5000144294
2796581.970448945
2796809.4593871227
2797036.966830468
2797264.4927804796
2797492.037238675
2797719.600206554
2797947.1816856163
2798174.7816773797
2798402.400183344
2798630.0372050144
2798857.692743893
2799085.3668014966
2799313.0593793257
2799540.770478882
2799768.5001016823
2799996.248249229
2800224.0149230226
2800451.8001245814
2800679.603855407
2800907.426117007
2801135.2669108827
2801363.1262385533
2801591.0041015204
2801818.900501286
2802046.81543937
2802274.748917274
2802502.700936507
2802730.6714985706
2802958.660604985
2803186.6682572532
2803414.6944568777
2803642.7392053786
2803870.8025042596
2804098.8843550235
2804326.9847591915
2804555.1037182664
2804783.241233757
2805011.3973071687
2805239.5719400216
2805467.76513382
2805695.976890067
2805924.2072102856
2806152.456095979
2806380.723548658
2806609.009569827
2806837.3141610078
2807065.6373237055
2807293.9790594247
2807522.3393696886
2807750.7182560014
2807979.1157198744
2808207.531762813
2808435.966386341
2808664.419591963
2808892.891381185
2809121.3817555304
2809349.890716505
2809578.418265621
2809806.9644043846
2810035.5291343196
2810264.1124569327
2810492.71437373
2810721.334886236
2810949.9739959575
2811178.6317044017
2811407.308013093
2811636.0029235384
2811864.7164372513
2812093.448555739
2812322.199280527
2812550.968613122
2812779.7565550334
2813008.5631077853
2813237.388272886
2813466.2320518503
2813695.094446186
2813923.9754574182
2814152.8750870572
2814381.7933366103
2814610.7302076044
2814839.685701548
2815068.6598199513
2815297.6525643393
2815526.6639362224
2815755.693937116
2815984.7425685287
2816213.8098319885
2816442.895729005
2816672.000261088
2816901.123429765
2817130.2652365463
2817359.425682948
2817588.6047704807
2817817.802500672
2818047.018875033
2818276.253895074
2818505.507562324
2818734.7798782936
2818964.0708445
2819193.380462454
2819422.7087336853
2819652.055659705
2819881.4212420243
2820110.8054821733
2820340.2083816635
2820569.6299420125
2820799.070164733
2821028.5290513546
2821258.006603389
2821487.50282235
2821717.0177097665
2821946.5512671517
2822176.103496019
2822405.674397898
2822635.2639743024
2822864.8722267514
2823094.4991567577
2823324.144765853
2823553.809055551
2823783.4920273647
2824013.1936828257
2824242.9140234487
2824472.653050753
2824702.410766253
2824932.1871714797
2825161.9822679493
2825391.7960571754
2825621.62854069
2825851.479720009
2826081.349596652
2826311.238172135
2826541.14544799
2826771.071425733
2827001.0161068793
2827230.9794929614
2827460.961585496
2827690.9623859986
2827920.9818960023
2828151.0201170235
2828381.0770505844
2828611.152698201
2828841.247061407
2829071.36014172
2829301.491940656
2829531.6424597497
2829761.811700518
2829991.999664483
2830222.206353163
2830452.4317680923
2830682.6759107886
2830912.9387827693
2831143.2203855696
2831373.5207207073
2831603.8397897063
2831834.1775940848
2832064.5341353784
2832294.9094151054
2832525.303434784
2832755.7161959508
2832986.147700124
2833216.5979488227
2833447.066943583
2833677.5546859247
2833908.0611773725
2834138.586419445
2834369.1304136803
2834599.693161597
2834830.274664716
2835060.874924573
2835291.493942689
2835522.1317205895
2835752.7882597954
2835983.4635618436
2836214.1576282545
2836444.87046055
2836675.6020602663
2836906.3524289257
2837137.121568055
2837367.9094791743
2837598.7161638224
2837829.5416235216
2838060.3858597926
2838291.2488741744
2838522.1306681884
2838753.0312433573
2838983.95060122
2839214.8887432986
2839445.8456711215
2839676.82138621
2839907.815890105
2840138.829184328
2840369.8612704035
2840600.91214987
2840831.981824251
2841063.0702950754
2841294.1775638666
2841525.3036321653
2841756.4485014947
2841987.612173379
2842218.794649358
2842449.9959309567
2842681.2160197045
2842912.4549171254
2843143.7126247613
2843374.989144136
2843606.2844767743
2843837.5986242183
2844068.9315879922
2844300.2833696213
2844531.6539706476
2844763.0433925968
2844994.451636999
2845225.87870538
2845457.324599283
2845688.7893202323
2845920.272869755
2846151.7752493937
2846383.2964606746
2846614.836505129
2846846.3953842837
2847077.9730996825
2847309.569652851
2847541.1850453163
2847772.819278623
2848004.472354297
2848236.1442738716
2848467.8350388734
2848699.5446508476
2848931.273111321
2849163.0204218216
2849394.7865838935
2849626.5715990653
2849858.375468864
2850090.198194836
2850322.039778508
2850553.900221415
2850785.779525085
2851017.6776910634
2851249.5947208796
2851481.5306160618
2851713.4853781564
2851945.4590086923
2852177.451509204
2852409.462881221
2852641.4931262904
2852873.542245941
2853105.6102417023
2853337.6971151214
2853569.802867729
2853801.92750106
2854034.0710166446
2854266.2334160306
2854498.414700748
2854730.614872327
2854962.833932317
2855195.0718822465
2855427.328723648
2855659.6044580694
2855891.899087041
2856124.212612101
2856356.54503478
2856588.896356627
2856821.2665791735
2857053.655703951
2857286.063732509
2857518.490666379
2857750.9365071
2857983.4012562027
2858215.884915238
2858448.3874857374
2858680.908969234
2858913.449367278
2859146.0086814016
2859378.586913144
2859611.1840640386
2859843.8001356353
2860076.435129468
2860309.089047069
2860541.7618899904
2860774.453659766
2861007.1643579286
2861239.8939860305
2861472.6425456055
2861705.410038193
2861938.196465328
2862171.001828562
2862403.82612943
2862636.6693694657
2862869.5315502225
2863102.412673235
2863335.3127400433
2863568.2317521833
2863801.169711208
2864034.126618652
2864267.1024760515
2864500.097284959
2864733.111046911
2864966.143763449
2865199.195436109
2865432.2660664446
2865665.355655992
2865898.4642062876
2866131.591718886
2866364.738195323
2866597.903637136
2866831.0880458793
2867064.29142309
2867297.51377031
2867530.7550890786
2867764.0153809492
2867997.29464746
2868230.592890148
2868463.9101105696
2868697.246310262
2868930.6014907686
2869163.9756536284
2869397.368800397
2869630.7809326127
2869864.212051814
2870097.6621595575
2870331.1312573813
2870564.6193468305
2870798.126429444
2871031.652506779
2871265.1975803743
2871498.7616517693
2871732.344722521
2871965.9467941695
2872199.567868254
2872433.207946333
2872666.8670299454
2872900.545120638
2873134.24221995
2873367.9583294406
2873601.6934506497
2873835.4475851185
2874069.2207344044
2874303.0129000493
2874536.8240835993
2874770.654286596
2875004.5035105986
2875238.371757148
2875472.259027785
2875706.1653240705
2875940.090647545
2876174.034999757
2876407.9983822485
2876641.9807965783
2876875.98224429
2877110.002726925
2877344.042246044
2877578.10080319
2877812.1783999046
2878046.2750377497
2878280.390718267
2878514.5254430063
2878748.6792135113
2878982.8520313418
2879217.0438980423
2879451.2548151566
2879685.484784245
2879919.7338068527
2880154.001884529
2880388.2890188177
2880622.5952112814
2880856.920463464
2881091.264776911
2881325.6281531835
2881560.010593827
2881794.412100392
2882028.832674423
2882263.272317484
2882497.73103112
2882732.2088168757
2882966.705676315
2883201.2216109834
2883435.756622426
2883670.3107122076
2883904.8838818735
2884139.476132976
2884374.087467061
2884608.717885693
2884843.367390419
2885078.0359827843
2885312.7236643545
2885547.4304366764
2885782.1563013024
2886016.9012597804
2886251.6653136746
2886486.448464533
2886721.250713903
2886956.07206335
2887190.912514422
2887425.7720686723
2887660.6507276497
2887895.548492919
2888130.4653660296
2888365.4013485294
2888600.3564419844
2888835.330647944
2889070.3239679565
2889305.3364035888
2889540.3679563897
2889775.4186279145
2890010.4884197125
2890245.5773333507
2890480.6853703787
2890715.8125323467
2890950.9588208213
2891186.1242373534
2891421.308783498
2891656.5124608064
2891891.7352708457
2892126.9772151667
2892362.23829532
2892597.5185128744
2892832.81786938
2893068.1363663943
2893303.4740054677
2893538.83078817
2893774.206716052
2894009.6017906647
2894245.0160135785
2894480.4493863443
2894715.9019105146
2894951.373587658
2895186.864419328
2895422.374407082
2895657.903552472
2895893.451857069
2896129.0193224247
2896364.605950093
2896600.211741643
2896835.836698629
2897071.4808226093
2897307.144115138
2897542.8265777845
2897778.528212104
2898014.2490196493
2898249.9890019917
2898485.748160686
2898721.526497291
2898957.3240133617
2899193.1407104693
2899428.9765901687
2899664.8316540145
2899900.7059035785
2900136.599340416
2900372.511966082
2900608.4437821484
2900844.3947901707
2901080.364991711
2901316.354388323
2901552.3629815816
2901788.3907730416
2902024.437764259
2902260.5039568073
2902496.5893522426
2902732.693952127
2902968.8177580163
2903204.960771485
2903441.1229940904
2903677.3044273877
2903913.5050729527
2904149.724932342
2904385.964007118
2904622.2222988377
2904858.4998090775
2905094.7965393933
2905331.1124913436
2905567.447666504
2905803.8020664314
2906040.175692684
2906276.568546838
2906512.980630452
2906749.4119450888
2906985.862492308
2907222.3322736854
2907458.82129078
2907695.32954515
2907931.857038373
2908168.4037720077
2908404.969747619
2908641.554966766
2908878.159431027
2909114.7831419604
2909351.4261011262
2909588.0883101025
2909824.769770449
2910061.4704837315
2910298.1904515107
2910534.929675364
2910771.6881568525
2911008.465897536
2911245.262898994
2911482.0791627867
2911718.9146904754
2911955.769483639
2912192.643543838
2912429.5368726407
2912666.449471608
2912903.3813423193
2913140.3324863366
2913377.3029052215
2913614.292600554
2913851.3015738963
2914088.329826816
2914325.377360876
2914562.444177657
2914799.5302787204
2915036.63566563
2915273.760339966
2915510.904303292
2915748.067557176
2915985.250103182
2916222.4519428913
2916459.673077867
2916696.913509673
2916934.1732398905
2917171.452270084
2917408.7506018174
2917646.0682366723
2917883.405176213
2918120.7614220106
2918358.1369756283
2918595.53183865
2918832.9460126394
2919070.379499162
2919307.8322998006
2919545.3044161205
2919782.7958496925
2920020.306602082
2920257.8366748733
2920495.3860696307
2920732.954787921
2920970.5428313278
2921208.150201417
2921445.7768997606
2921683.4229279254
2921921.088287495
2922158.772980037
2922396.477007117
2922634.20037032
2922871.9430712136
2923109.7051113644
2923347.486492357
2923585.2872157595
2923823.1072831447
2924060.9466960807
2924298.8054561527
2924536.683564929
2924774.5810239767
2925012.4978348827
2925250.4339992153
2925488.389518548
2925726.364394449
2925964.3586285063
2926202.3722222876
2926440.405177362
2926678.457495316
2926916.5291777193
2927154.6202261467
2927392.730642168
2927630.86042737
2927869.009583323
2928107.1781115956
2928345.366013777
2928583.573291437
2928821.799946144
2929060.0459794886
2929298.3113930398
2929536.5961883743
2929774.900367063
2930013.223930694
2930251.566880839
2930489.9292190685
2930728.3109469716
2930966.71206612
2931205.1325780908
2931443.572484455
2931682.031786803
2931920.5104867066
2932159.0085857376
2932397.5260854852
2932636.0629875227
2932874.6192934276
2933113.195004773
2933351.7901231484
2933590.4046501275
2933829.038587283
2934067.691936205
2934306.3646984673
2934545.0568756433
2934783.7684693234
2935022.499481082
2935261.2499124976
2935500.019765145
2935738.8090406153
2935977.617740483
2936216.4458663217
2936455.293419724
2936694.1604022635
2936933.0468155215
2937171.9526610724
2937410.877940509
2937649.822655406
2937888.786807338
2938127.7703978987
2938366.773428663
2938605.7959012124
2938844.8378171227
2939083.899177987
2939322.9799853815
2939562.0802408815
2939801.1999460817
2940040.339102558
2940279.497711886
2940518.675775661
2940757.8732954594
2940997.090272864
2941236.3267094507
2941475.582606815
2941714.857966534
2941954.152790185
2942193.467079363
2942432.8008356453
2942672.154060616
2942911.526755852
2943150.91892295
2943390.3305634875
2943629.7616790426
2943869.2122712117
2944108.682341573
2944348.1718917103
2944587.680923203
2944827.209437648
2945066.7574366233
2945306.3249217086
2945545.9118945003
2945785.5183565784
2946025.144309522
2946264.7897549286
2946504.4546943777
2946744.1391294547
2946983.8430617405
2947223.5664928323
2947463.30942431
2947703.0718577546
2947942.8537947643
2948182.6552369194
2948422.4761858066
2948662.3166430066
2948902.1766101187
2949142.0560887232
2949381.9550804025
2949621.873586755
2949861.811609362
2950101.769149811
2950341.7462096848
2950581.7427905817
2950821.758894085
2951061.794521776
2951301.849675255
2951541.9243561043
2951782.018565906
2952022.132306262
2952262.265578754
2952502.4183849706
2952742.5907264957
2952982.7826049295
2953222.9940218558
2953463.2249788577
2953703.4754775367
2953943.745519477
2954184.0351062673
2954424.3442394924
2954664.6729207537
2954905.021151636
2955145.388933723
2955385.776268617
2955626.183157903
2955866.6096031717
2956107.055606007
2956347.521168013
2956588.0062907743
2956828.510975876
2957069.035224921
2957309.5790394954
2957550.142421184
2957790.7253715917
2958031.3278923035
2958271.9499849114
2958512.591651001
2958753.252892178
2958993.933710027
2959234.634106136
2959475.3540821085
2959716.093639531
2959956.852779998
2960197.631505095
2960438.4298164276
2960679.247715583
2960920.0852041487
2961160.94228373
2961401.818955915
2961642.715222297
2961883.6310844636
2962124.5665440215
2962365.5216025584
2962606.4962616633
2962847.4905229416
2963088.5043879827
2963329.5378583744
2963570.5909357243
2963811.663621621
2964052.75591766
2964293.86782543
2964534.9993465384
2964776.1504825745
2965017.321235128
2965258.511605807
2965499.721596201
2965740.9512079055
2965982.2004425116
2966223.469301627
2966464.757786842
2966706.0658997474
2966947.3936419515
2967188.741015045
2967430.108020625
2967671.4946602825
2967912.9009356266
2968154.326848249
2968395.77239974
2968637.23759171
2968878.7224257505
2969120.2269034535
2969361.7510264283
2969603.2947962675
2969844.8582145693
2970086.4412829257
2970328.044002947
2970569.666376226
2970811.308404356
2971052.970088947
2971294.651431592
2971536.3524338906
2971778.0730974358
2972019.8134238385
2972261.5734146927
2972503.353071592
2972745.152396148
2972986.9713899544
2973228.810054612
2973470.668391714
2973712.5464028725
2973954.444089683
2974196.361453739
2974438.298496654
2974680.255220022
2974922.231625438
2975164.227714516
2975406.24348885
2975648.278950042
2975890.334099687
2976132.4089393993
2976374.503470774
2976616.6176954065
2976858.7516149115
2977100.905230885
2977343.0785449287
2977585.271558639
2977827.4842736316
2978069.716691502
2978311.9688138464
2978554.240642281
2978796.532178402
2979038.8434238127
2979281.1743801106
2979523.5250489106
2979765.8954318105
2980008.2855304084
2980250.695346319
2980493.1248811414
2980735.5741364723
2980978.043113929
2981220.53181511
2981463.0402416186
2981705.568395054
2981948.116277033
2982190.6838891543
2982433.2712330166
2982675.878310237
2982918.5051224157
2983161.1516711568
2983403.81795806
2983646.5039847433
2983889.2097528065
2984131.9352638493
2984374.6805194896
2984617.445521327
2984860.230270969
2985103.034770015
2985345.8590200846
2985588.703022777
2985831.566779694
2986074.450292454
2986317.3535626587
2986560.276591908
2986803.2193818227
2987046.1819340037
2987289.164250058
2987532.1663315883
2987775.1881802133
2988018.229797536
2988261.291185158
2988504.372344699
2988747.4732777625
2988990.593985956
2989233.734470883
2989476.8947341633
2989720.0747774006
2989963.274602197
2990206.494210175
2990449.7336029364
2990692.9927820917
2990936.2717492436
2991179.570506014
2991422.8890540074
2991666.2273948267
2991909.585530095
2992152.963461415
2992396.361190392
2992639.7787186494
2992883.21604779
2993126.6731794253
2993370.1501151603
2993613.6468566176
2993857.1634054026
2994100.69976312
2994344.2559313937
2994587.8319118293
2994831.427706038
2995075.043315626
2995318.678742217
2995562.3339874167
2995806.0090528317
2996049.7039400856
2996293.418650786
2996537.1531865443
2996780.9075489677
2997024.681739681
2997268.4757602913
2997512.289612405
2997756.123297648
2997999.9768176274
2998243.8501739507
2998487.7433682433
2998731.656402113
2998975.589277174
2999219.5419950336
2999463.5145573188
2999707.5069656367
2999951.519221597
3000195.5513268253
3000439.603282931
3000683.675091528
3000927.7667542254
3001171.8782726503
3001416.0096484125
3001660.1608831207
3001904.3319784026
3002148.5229358673
3002392.7337571313
3002636.9644438033
3002881.2149975123
3003125.485419868
3003369.7757124803
3003614.085876978
3003858.415914972
3004102.7658280716
3004347.1356179067
3004591.5252860873
3004835.9348342316
3005080.3642639495
3005324.813576871
3005569.2827746077
3005813.7718587704
3006058.280830989
3006302.809692876
3006547.3584460486
3006791.9270921187
3007036.515632717
3007281.1240694555
3007525.7524039466
3007770.4006378218
3008015.0687726927
3008259.7568101785
3008504.4647518923
3008749.1925994656
3008993.9403545107
3009238.7080186415
3009483.49559349
3009728.303080669
3009973.1304817926
3010217.977798493
3010462.8450323837
3010707.7321850853
3010952.639258212
3011197.566253396
3011442.5131722526
3011687.4800163954
3011932.466787458
3012177.473487055
3012422.500116808
3012667.546678331
3012912.6131732594
3013157.699603207
3013402.8059697896
3013647.9322746415
3013893.078519379
3014138.2447056226
3014383.4308349895
3014628.636909114
3014873.8629296124
3015119.1088981014
3015364.374816215
3015609.6606855704
3015854.966507785
3016100.2922844933
3016345.6380173126
3016591.0037078667
3016836.389357772
3017081.7949686656
3017327.220542164
3017572.6660798853
3017818.1315834657
3018063.617054524
3018309.122494683
3018554.647905562
3018800.1932887975
3019045.758646008
3019291.3439788125
3019536.949288848
3019782.574577733
3020028.219847093
3020273.885098547
3020519.570333733
3020765.2755542705
3021011.000761779
3021256.7459578966
3021502.511144243
3021748.2963224384
3021994.101494121
3022239.926660911
3022485.771824436
3022731.636986315
3022977.5221481873
3023223.4273116747
3023469.352478397
3023715.2976499945
3023961.262828088
3024207.248014305
3024453.2532102666
3024699.278417613
3024945.323637966
3025191.388872947
3025437.4741241974
3025683.579393338
3025929.704681998
3026175.8499917993
3026422.0153243835
3026668.2006813725
3026914.4060643893
3027160.631475075
3027406.876915053
3027653.142385946
3027899.4278893964
3028145.7334270272
3028392.059000468
3028638.404611342
3028884.770261293
3029131.1559519432
3029377.5616849177
3029623.9874618584
3029870.4332843907
3030116.8991541443
3030363.385072744
3030609.8910418334
3030856.417063037
3031102.9631379796
3031349.529268305
3031596.1154556386
3031842.7217016118
3032089.34800785
3032335.9943759977
3032582.6608076803
3032829.347304524
3033076.053868173
3033322.780500254
3033569.527202393
3033816.2939762347
3034063.0808234056
3034309.887745539
3034556.7147442624
3034803.5618212195
3035050.428978039
3035297.3162163473
3035544.2235377906
3035791.150943996
3036038.0984365977
3036285.0660172235
3036532.0536875194
3036779.0614491142
3037026.089303635
3037273.1372527294
3037520.2052980256
3037767.2934411583
3038014.401683756
3038261.530027467
3038508.678473919
3038755.8470247416
3039003.0356815825
3039250.2444460713
3039497.4733198374
3039744.7223045286
3039991.991401775
3040239.2806132124
3040486.589940471
3040733.9193852
3040981.2689490286
3041228.638633588
3041476.028440527
3041723.4383714763
3041970.8684280734
3042218.3186119483
3042465.788924751
3042713.2793681133
3042960.7899436657
3043208.3206530586
3043455.8714979235
3043703.4424798987
3043951.033600616
3044198.644861725
3044446.2762648594
3044693.92781165
3044941.599503749
3045189.2913427884
3045437.0033304
3045684.735468237
3045932.487757931
3046180.2602011217
3046428.0527994423
3046675.8655545446
3046923.698468062
3047171.5515416283
3047419.424776896
3047667.3181754984
3047915.231739076
3048163.1654692627
3048411.1193677117
3048659.093436057
3048907.087675934
3049155.102088995
3049403.1366768754
3049651.1914412156
3049899.2663836516
3050147.3615058362
3050395.4768094057
3050643.612295995
3050891.7679672586
3051139.943824832
3051388.1398703507
3051636.35610547
3051884.592531826
3052132.8491510605
3052381.12596481
3052629.4229747304
3052877.740182458
3053126.077589629
3053374.4351979
3053622.8130089073
3053871.211024294
3054119.6292456985
3054368.067674776
3054616.5263131643
3054865.0051625012
3055113.5042244433
3055362.023500629
3055610.5629926953
3055859.1227022996
3056107.7026310805
3056356.3027806827
3056604.923152745
3056853.563748924
3057102.2245708597
3057350.905620197
3057599.6068985746
3057848.3284076513
3058097.070149066
3058345.832124458
3058594.614335486
3058843.4167837906
3059092.239471011
3059341.082398806
3059589.945568816
3059838.828982687
3060087.7326420606
3060336.656548596
3060585.600703933
3060834.5651097135
3061083.5497675966
3061332.554679224
3061581.579846243
3061830.6252702945
3062079.69095304
3062328.77689612
3062577.8831011774
3062827.009569872
3063076.1563038463
3063325.323304743
3063574.510574222
3063823.718113927
3064072.9459255068
3064322.1940106032
3064571.462370879
3064820.7510079765
3065070.059923539
3065319.389119229
3065568.738596689
3065818.1083575697
3066067.4984035147
3066316.9087361866
3066566.339357229
3066815.7902682857
3067065.261471021
3067314.7529670782
3067564.264758102
3067813.796845756
3068063.349231685
3068312.92191754
3068562.514904966
3068812.1281956276
3069061.761791169
3069311.415693243
3069561.089903495
3069810.7844235883
3070060.49925517
3070310.234399886
3070559.9898594003
3070809.7656353605
3071059.5617294116
3071309.37814322
3071559.214878432
3071809.0719367
3072058.949319672
3072308.847029013
3072558.7650663713
3072808.7034333926
3073058.6621317444
3073308.641163074
3073558.640529035
3073808.660231276
3074058.700271463
3074308.760651245
3074558.8413722687
3074808.9424362034
3075059.063844696
3075309.205599396
3075559.367701971
3075809.550154069
3076059.752957347
3076309.9761134526
3076560.2196240546
3076810.4834908023
3077060.767715346
3077311.0722993533
3077561.397244475
3077811.742552366
3078062.1082246783
3078312.4942630795
3078562.9006692204
3078813.327444752
3079063.7745913435
3079314.2421106454
3079564.730004309
3079815.238274005
3080065.766921383
3080316.315948101
3080566.885355812
3080817.4751461847
3081068.0853208713
3081318.7158815307
3081569.3668298144
3081820.038167393
3082070.7298959196
3082321.442017046
3082572.1745324438
3082822.9274437656
3083073.700752665
3083324.4944608123
3083575.308569862
3083826.143081473
3084076.997997299
3084327.8733190116
3084578.769048265
3084829.6851867135
3085080.621736029
3085331.578697866
3085582.5560738845
3085833.553865739
3086084.5720751034
3086335.6107036313
3086586.6697529783
3086837.749224818
3087088.8491208046
3087339.969442594
3087591.11019186
3087842.2713702577
3088093.4529794496
3088344.655021091
3088595.8774968567
3088847.1204084023
3089098.3837573845
3089349.6675454774
3089600.9717743383
3089852.2964456296
3090103.6415610076
3090355.0071221483
3090606.3931307085
3090857.7995883455
3091109.226496734
3091360.6738575334
3091612.1416723994
3091863.629943009
3092115.13867102
3092366.6678580963
3092618.2175058965
3092869.7876160964
3093121.3781903554
3093372.989230337
3093624.6207377007
3093876.2727141236
3094127.945161265
3094379.6380807823
3094631.351474355
3094883.0853436417
3095134.839690302
3095386.6145160133
3095638.4098224365
3095890.2256112364
3096142.0618840735
3096393.9186426266
3096645.795888556
3096897.693623522
3097149.611849203
3097401.55056726
3097653.5097793606
3097905.489487165
3098157.489692353
3098409.510396586
3098661.551601525
3098913.61330885
3099165.6955202227
3099417.798237305
3099669.9214617773
3099922.065195301
3100174.2294395454
3100426.414196172
3100678.6194668617
3100930.8452532776
3101183.091557082
3101435.3583799563
3101687.6457235636
3101939.9535895735
3102192.281979648
3102444.6308954703
3102697.0003387034
3102949.3903110106
3103201.800814075
3103454.2318495596
3103706.683419129
3103959.1555244657
3104211.648167234
3104464.1613491047
3104716.6950717424
3104969.2493368303
3105221.8241460333
3105474.419501022
3105727.035403462
3105979.6718550376
3106232.3288574135
3106485.006412255
3106737.704521247
3106990.4231860554
3107243.1624083454
3107495.922189802
3107748.7025320916
3108001.5034368862
3108254.324905853
3108507.1669406765
3108760.0295430236
3109012.9127145614
3109265.8164569754
3109518.740771933
3109771.6856611073
3110024.651126166
3110277.6371687944
3110530.643790662
3110783.6709934343
3111036.7187787998
3111289.787148426
3111542.8761039805
3111795.9856471512
3112049.115779606
3112302.26650302
3112555.437819062
3112808.629729419
3113061.8422357608
3113315.0753397564
3113568.329043093
3113821.6033474416
3114074.8982544765
3114328.213765868
3114581.549883304
3114834.906608456
3115088.283942993
3115341.6818886036
3115595.100446959
3115848.539619729
3116101.9994086036
3116355.4798152535
3116608.980841356
3116862.502488581
3117116.0447586197
3117369.6076531434
3117623.191173829
3117876.7953223484
3118130.4201003923
3118384.0655096327
3118637.7315517412
3118891.418228409
3119145.125541308
3119398.8534921105
3119652.6020825086
3119906.3713141745
3120160.161188787
3120413.9717080193
3120667.8028735635
3120921.6546870926
3121175.52715028
3121429.420264818
3121683.33403238
3121937.268454646
3122191.2235332904
3122445.199270006
3122699.195666466
3122953.2127243457
3123207.2504453384
3123461.308831118
3123715.3878833596
3123969.4876037566
3124223.6079939846
3124477.7490557246
3124731.9107906516
3124986.09320046
3125240.2962868256
3125494.520051424
3125748.7644959493
3126003.029622078
3126257.3154314924
3126511.6219258686
3126765.9491069014
3127020.2969762683
3127274.6655356446
3127529.054786727
3127783.4647311918
3128037.895370716
3128292.3467069967
3128546.8187417095
3128801.3114765394
3129055.824913163
3129310.359053278
3129564.913898561
3129819.4894506973
3130074.085711364
3130328.7026822595
3130583.3403650615
3130837.998761448
3131092.677873118
3131347.3777017486
3131602.0982490196
3131856.839516629
3132111.601506256
3132366.384219586
3132621.1876582988
3132876.0118240924
3133130.8567186473
3133385.7223436423
3133640.6087007774
3133895.5157917324
3134150.4436181937
3134405.3921818417
3134660.3614843762
3134915.351527478
3135170.3623128273
3135425.393842125
3135680.446117051
3135935.519139287
3136190.6129105343
3136445.727432473
3136700.862706792
3136956.0187351727
3137211.195519316
3137466.393060904
3137721.6113616186
3137976.850423162
3138232.1102472157
3138487.3908354696
3138742.6921896054
3138998.0143113257
3139253.357202313
3139508.720864251
3139764.1052988414
3140019.510507768
3140274.936492714
3140530.383255383
3140785.850797458
3141041.3391206292
3141296.8482265812
3141552.3781170174
3141807.9287936217
3142063.5002580853
3142319.0925120926
3142574.7055573473
3142830.3393955347
3143085.9940283396
3143341.6694574663
3143597.3656846005
3143853.082711427
3144108.820539651
3144364.579170958
3144620.3586070403
3144876.158849584
3145131.979900294
3145387.821760857
3145643.684432959
3145899.567918306
3146155.4722185847
3146411.397335488
3146667.343270703
3146923.3100259365
3147179.2976028747
3147435.3060032055
3147691.3352286355
3147947.3852808527
3148203.456161544
3148459.5478724176
3148715.6604151605
3148971.793791468
3149227.948003028
3149484.1230515484
3149740.3189387177
3149996.5356662245
3150252.773235777
3150509.0316490643
3150765.3109077816
3151021.6110136188
3151277.931968284
3151534.2737734667
3151790.636430857
3152047.019942163
3152303.424309076
3152559.8495332855
3152816.2956165005
3153072.7625604123
3153329.250366717
3153585.759037106
3153842.2885732884
3154098.8389769555
3154355.4102498055
3154612.0023935284
3154868.6154098357
3155125.2493004184
3155381.9040669682
3155638.5797111965
3155895.2762347944
3156151.9936394547
3156408.731926888
3156665.4910987876
3156922.271156851
3157179.0721027725
3157435.893938263
3157692.736665015
3157949.600284722
3158206.484799097
3158463.390209832
3158720.316518628
3158977.263727178
3159234.2318371944
3159491.2208503718
3159748.230768404
3160005.261593004
3160262.3133258666
3160519.3859686856
3160776.4795231754
3161033.59399103
3161290.729373951
3161547.885673633
3161805.0628917906
3162062.2610301194
3162319.4800903136
3162576.720074089
3162833.9809831404
3163091.262819171
3163348.565583876
3163605.88927897
3163863.233906151
3164120.5994671136
3164377.985963574
3164635.3933972297
3164892.8217697763
3165150.2710829303
3165407.7413383885
3165665.232537855
3165922.7446830263
3166180.2777756196
3166437.8318173327
3166695.406809869
3166953.0027549267
3167210.6196542233
3167468.2575094565
3167725.916322325
3167983.5960945454
3168241.296827818
3168499.01852384
3168756.761184329
3169014.524810986
3169272.309405515
3169530.1149696154
3169787.941505006
3170045.7890133862
3170303.657496456
3170561.546955934
3170819.45739352
3171077.388810921
3171335.341209837
3171593.314591987
3171851.3089590725
3172109.3243127936
3172367.36065487
3172625.417987003
3172883.496310893
3173141.5956282616
3173399.715940809
3173657.857250244
3173916.0195582667
3174174.2028666
3174432.4071769444
3174690.632491002
3174948.8788104947
3175207.146137125
3175465.4344726005
3175723.743818625
3175982.07417692
3176240.425549188
3176498.7979371324
3176757.191342476
3177015.605766921
3177274.0412121713
3177532.4976799497
3177790.97517196
3178049.473689912
3178307.99323551
3178566.5338104772
3178825.095416518
3179083.6780553428
3179342.2817286565
3179600.906438183
3179859.5521856267
3180118.2189726927
3180376.906801106
3180635.61567257
3180894.345588792
3181153.096551496
3181411.8685623873
3181670.661623178
3181929.4757355745
3182188.310901302
3182447.1671220665
3182706.0443995744
3182964.9427355514
3183223.862131704
3183482.8025897453
3183741.7641113824
3184000.7466983413
3184259.7503523296
3184518.7750750543
3184777.8208682416
3185036.8877335996
3185295.9756728364
3185555.084687678
3185814.2147798333
3186073.3659510165
3186332.5382029363
3186591.7315373193
3186850.9459558753
3187110.181460312
3187369.438052358
3187628.7157337223
3187888.01450612
3188147.3343712604
3188406.6753308726
3188666.037386666
3188925.4205403496
3189184.8247936536
3189444.2501482866
3189703.69660596
3189963.164168402
3190222.652837324
3190482.1626144424
3190741.693501468
3191001.2455001306
3191260.8186121415
3191520.4128392176
3191780.0281830705
3192039.664645431
3192299.3222280103
3192559.00093252
3192818.700760691
3193078.4217142356
3193338.1637948654
3193597.9270043117
3193857.7113442873
3194117.516816511
3194377.343422695
3194637.191164572
3194897.0600438537
3195156.9500622544
3195416.861221506
3195676.7935233214
3195936.746969421
3196196.7215615176
3196456.7173013454
3196716.734190617
3196976.7722310475
3197236.8314243695
3197496.911772297
3197757.013276546
3198017.1359388484
3198277.27976092
3198537.4447444817
3198797.630891248
3199057.8382029547
3199318.0666813157
3199578.316328047
3199838.587144883
3200098.8791335397
3200359.1922957394
3200619.5266331974
3200879.8821476502
3201140.258840813
3201400.6567144026
3201661.0757701546
3201921.5160097857
3202181.977435013
3202442.460047572
3202702.9638491804
3202963.4888415616
3203224.035026433
3203484.6024055313
3203745.190980574
3204005.800753286
3204266.431725384
3204527.0838986062
3204787.757274671
3205048.451855296
3205309.167642219
3205569.904637159
3205830.6628418346
3206091.442257984
3206352.242887326
3206613.0647315867
3206873.907792485
3207134.772071759
3207395.65757113
3207656.5642923163
3207917.4922370575
3208178.4414070738
3208439.4118040917
3208700.403429831
3208961.4162860317
3209222.4503744147
3209483.5056967
3209744.5822546287
3210005.6800499214
3210266.799084299
3210527.9393595015
3210789.100877252
3211050.283639277
3211311.4876472983
3211572.7129030577
3211833.959408277
3212095.2271646783
3212356.5161740026
3212617.826437973
3212879.157958318
3213140.5107367607
3213401.884775043
3213663.2800748874
3213924.696638018
3214186.1344661764
3214447.5935610863
3214709.0739244716
3214970.5755580748
3215232.0984636196
3215493.6426428366
3215755.20809745
3216016.7948292033
3216278.4028398204
3216540.032131033
3216801.682704565
3217063.354562161
3217325.047705546
3217586.7621364444
3217848.497856601
3218110.254867742
3218372.0331715913
3218633.832769895
3218895.653664379
3219157.4958567745
3219419.3593488084
3219681.2441422264
3219943.150238754
3220205.077640119
3220467.0263480656
3220728.996364322
3220990.987690621
3221253.000328689
3221515.0342802736
3221777.0895471014
3222039.1661309
3222301.2640334168
3222563.3832563786
3222825.523801514
3223087.6856705705
3223349.8688652753
3223612.073387364
3223874.299238565
3224136.5464206254
3224398.8149352754
3224661.1047842423
3224923.4159692754
3225185.748492103
3225448.1023544623
3225710.477558081
3225972.8741047094
3226235.2919960762
3226497.731233912
3226760.191819966
3227022.6737559675
3227285.1770436475
3227547.701684756
3227810.2476810236
3228072.8150341865
3228335.403745976
3228598.013818143
3228860.645252418
3229123.298050538
3229385.9722142364
3229648.6677452624
3229911.3846453484
3230174.122916226
3230436.8825596464
3230699.663577342
3230962.4659710447
3231225.2897425066
3231488.13489346
3231751.0014256444
3232013.889340792
3232276.798640656
3232539.729326968
3232802.6814014628
3233065.654865892
3233328.6497219903
3233591.6659714966
3233854.7036161455
3234117.76265769
3234380.843097864
3234643.944938402
3234907.0681810575
3235170.2128275656
3235433.3788796603
3235696.566339096
3235959.7752076075
3236223.005486937
3236486.2571788183
3236749.5302850073
3237012.824807239
3237276.1407472496
3237539.478106794
3237802.8368876074
3238066.2170914332
3238329.618720007
3238593.0417750855
3238856.4862584043
3239119.9521716996
3239383.4395167287
3239646.948295228
3239910.478508935
3240174.030159605
3240437.6032489766
3240701.1977787935
3240964.8137507928
3241228.4511667322
3241492.1100283493
3241755.7903373884
3242019.4920955882
3242283.2153047062
3242546.9599664807
3242810.726082651
3243074.5136549743
3243338.3226851895
3243602.1531750364
3243866.0051262733
3244129.8785406398
3244393.773419881
3244657.689765737
3244921.6275799666
3245185.5868643103
3245449.567620508
3245713.5698503186
3245977.593555483
3246241.6387377484
3246505.705398855
3246769.7935405625
3247033.903164612
3247298.0342727453
3247562.1868667225
3247826.3609482846
3248090.556519173
3248354.773581149
3248619.0121359546
3248883.2721853377
3249147.5537310406
3249411.8567748247
3249676.181318432
3249940.5273636053
3250204.894912107
3250469.283965679
3250733.6945260707
3250998.126595026
3251262.5801743064
3251527.0552656557
3251791.551870818
3252056.0699915546
3252320.609629611
3252585.1707867295
3252849.753464675
3253114.357665191
3253378.9833900277
3253643.6306409305
3253908.2994196624
3254172.9897279693
3254437.7015676014
3254702.434940304
3254967.1898478423
3255231.966291961
3255496.7642744053
3255761.583796941
3256026.4248613133
3256291.287469268
3256556.1716225706
3256821.0773229674
3257086.004572211
3257350.9533720473
3257615.9237242434
3257880.9156305455
3258145.9290927
3258410.964112474
3258676.020691614
3258941.098831875
3259206.1985350023
3259471.319802765
3259736.4626369094
3260001.6270391843
3260266.8130113566
3260532.0205551744
3260797.249672386
3261062.5003647595
3261327.7726340434
3261593.0664819926
3261858.381910356
3262123.718920903
3262389.077515381
3262654.45769554
3262919.8594631497
3263185.282819959
3263450.7277677236
3263716.194308194
3263981.6824431396
3264247.1921743103
3264512.723503456
3264778.2764323475
3265043.850962735
3265309.4470963683
3265575.064835019
3265840.7041804376
3266106.365134381
3266372.0476986016
3266637.7518748697
3266903.4776649373
3267169.2250705617
3267434.994093495
3267700.7847355097
3267966.5969983563
3268232.430883788
3268498.2863935772
3268764.163529475
3269030.062293235
3269295.98268663
3269561.924711412
3269827.888369341
3270093.87366217
3270359.880591673
3270625.9091596017
3270891.959367711
3271158.0312177744
3271424.124711545
3271690.239850784
3271956.376637246
3272222.535072704
3272488.7151589133
3272754.9168976275
3273021.1402906226
3273287.385339652
3273553.6520464723
3273819.9404128566
3274086.2504405617
3274352.5821313495
3274618.9354869747
3274885.3105092132
3275151.7071998212
3275418.1255605547
3275684.565593189
3275951.0272994814
3276217.5106811943
3276484.0157400845
3276750.5424779286
3277017.090896483
3277283.6609975053
3277550.2527827723
3277816.8662540414
3278083.50141307
3278350.1582616353
3278616.836801495
3278883.5370344142
3279150.25896215
3279417.002586481
3279683.7679091655
3279950.5549319685
3280217.3636566484
3280484.1940849843
3280751.0462187342
3281017.9200596577
3281284.815609534
3281551.7328701215
3281818.671843181
3282085.632530491
3282352.614933811
3282619.6190549084
3282886.6448955424
3283153.692457494
3283420.7617425225
3283687.8527523885
3283954.965488873
3284222.0999537366
3284489.2561487462
3284756.434075664
3285023.6337362695
3285290.855132325
3285558.098265592
3285825.363137852
3286092.649750866
3286359.9581063963
3286627.2882062253
3286894.6400521146
3287162.013645833
3287429.4089891436
3287696.826083828
3287964.26493165
3288231.7255343716
3288499.2078937762
3288766.712011627
3289034.2378896936
3289301.7855297397
3289569.354933549
3289836.9461028846
3290104.5590395113
3290372.193745212
3290639.8502217517
3290907.5284708943
3291175.2284944244
3291442.9502941067
3291710.6938717123
3291978.459229006
3292246.246367773
3292514.0552897784
3292781.8859967943
3293049.7384905857
3293317.6127729393
3293585.5088456194
3293853.426710393
3294121.366369045
3294389.3278233428
3294657.311075052
3294925.3161259587
3295193.3429778307
3295461.39163244
3295729.4620915544
3295997.554356961
3296265.6684304266
3296533.8043137183
3296801.962008624
3297070.141516911
3297338.342840354
3297606.565980721
3297874.8109397995
3298143.077719358
3298411.3663211646
3298679.676747008
3298948.0089986576
3299216.3630778803
3299484.738986467
3299753.136726185
3300021.5562988115
3300289.9977061152
3300558.4609498857
3300826.9460318927
3301095.452953906
3301363.981717715
3301632.5323250904
3301901.1047778088
3302169.6990776407
3302438.3152263765
3302706.953225787
3302975.6130776424
3303244.2947837343
3303512.9983458337
3303781.7237657113
3304050.471045159
3304319.240185948
3304588.0311898566
3304856.844058657
3305125.678794141
3305394.53539808
3305663.413872254
3305932.3142184345
3306201.2364384145
3306470.1805339665
3306739.146506863
3307008.134358898
3307277.144091843
3307546.1757074725
3307815.2292075795
3308084.304593938
3308353.4018683275
3308622.521032522
3308891.662088316
3309160.825037483
3309430.0098817977
3309699.2166230544
3309968.445263027
3310237.6958034984
3310506.968246242
3310776.2625930533
3311045.5788457072
3311314.9170059795
3311584.277075665
3311853.6590565396
3312123.062950379
3312392.4887589794
3312661.936484116
3312931.406127572
3313200.8976911237
3313470.411176568
3313739.9465856804
3314009.5039202385
3314279.0831820387
3314548.684372858
3314818.307494481
3315087.952548684
3315357.6195372655
3315627.308462002
3315897.0193246715
3316166.7521270723
3316436.5068709822
3316706.2835581796
3316976.0821904624
3317245.9027696094
3317515.745297406
3317785.6097756303
3318055.4962060815
3318325.404590539
3318595.3349307883
3318865.287228609
3319135.2614858
3319405.257704142
3319675.275885414
3319945.3160314155
3320215.3781439275
3320485.4622247294
3320755.5682756226
3321025.6962983864
3321295.846294809
3321566.0182666704
3321836.2122157724
3322106.4281438957
3322376.666052821
3322646.9259443507
3322917.2078202656
3323187.511682354
3323457.8375323983
3323728.1853722
3323998.5552035407
3324268.9470282034
3324539.3608479905
3324809.7966646845
3325080.254480067
3325350.734295943
3325621.2361140936
3325891.759936309
3326162.3057643725
3326432.873600088
3326703.463445239
3326974.075301608
3327244.7091710004
3327515.3650551992
3327786.042955996
3328056.742875174
3328327.4648145386
3328598.208775874
3328868.974760965
3329139.762771616
3329410.572809613
3329681.40487674
3329952.2589748036
3330223.135105588
3330494.0332708857
3330764.953472483
3331035.8957121857
3331306.8599917796
3331577.846313057
3331848.854677805
3332119.8850878305
3332390.9375449186
3332662.0120508573
3332933.1086074533
3333204.2272164933
3333475.3678797646
3333746.530599075
3334017.7153762113
3334288.922212968
3334560.151111133
3334831.4020725144
3335102.6750989
3335373.970192078
3335645.287353857
3335916.6265860256
3336187.987890379
3336459.3712687055
3336730.7767228144
3337002.204254495
3337273.6538655367
3337545.125557748
3337816.61933292
3338088.1351928404
3338359.67313932
3338631.2331741494
3338902.815299125
3339174.4195160363
3339446.045826694
3339717.6942328895
3339989.3647364127
3340261.0573390746
3340532.7720426666
3340804.5088489857
3341076.2677598237
3341348.048776992
3341619.8519022823
3341891.677137486
3342163.5244844155
3342435.3939448623
3342707.285520619
3342979.1992134973
3343251.1350252903
3343523.092957797
3343795.0730128097
3344067.075192142
3344339.099497587
3344611.1459309435
3344883.2144940062
3345155.305188588
3345427.418016482
3345699.5529794823
3345971.7100794036
3346243.889318039
3346516.0906971833
3346788.3142186506
3347060.5598842353
3347332.827695739
3347605.1176549564
3347877.429763702
3348149.7640237715
3348422.12043696
3348694.499005083
3348966.899729936
3349239.322613321
3349511.7676570336
3349784.2348628906
3350056.7242326876
3350329.235768221
3350601.7694713073
3350874.325343743
3351146.9033873244
3351419.503603869
3351692.1259951736
3351964.770563042
3352237.437309271
3352510.126235679
3352782.837344063
3353055.5706362203
3353328.3261139696
3353601.1037791087
3353873.9036334422
3354146.7256787685
3354419.5699169063
3354692.436349654
3354965.3249788103
3355238.2358061946
3355511.1688336055
3355784.1240628418
3356057.1014957237
3356330.10113405
3356603.122979628
3356876.167034256
3357149.233299755
3357422.3217779254
3357695.432470573
3357968.5653794985
3358241.7205065233
3358514.897853447
3358788.097422071
3359061.319214216
3359334.563231683
3359607.8294762736
3359881.1179498094
3360154.4286540914
3360427.7615909283
3360701.1167621217
3360974.4941694937
3361247.8938148464
3361521.3156999825
3361794.759826724
3362068.2261968735
3362341.7148122406
3362615.225674628
3362888.7587858588
3363162.3141477364
3363435.8917620634
3363709.491630664
3363983.1137553416
3364256.7581379
3364530.424780163
3364804.113683935
3365077.824851026
3365351.558283241
3365625.313982405
3365899.0919503216
3366172.892188796
3366446.714699653
3366720.5594846983
3366994.4265457434
3367268.3158845934
3367542.2275030743
3367816.1614029915
3368090.1175861508
3368364.0960543784
3368638.0968094803
3368912.119853263
3369186.165187552
3369460.232814155
3369734.3227348854
3370008.4349515485
3370282.569465973
3370556.7262799656
3370830.9053953397
3371105.106813903
3371379.3305374836
3371653.5765678887
3371927.8449069266
3372202.135556425
3372476.448518192
3372750.783794036
3373025.141385786
3373299.52129525
3373573.9235242438
3373848.348074576
3374122.794948076
3374397.264146553
3374671.755671816
3374946.2695256947
3375220.805709999
3375495.364226545
3375769.945077143
3376044.5482636234
3376319.1737877955
3376593.8216514704
3376868.491856478
3377143.18440463
3377417.8992977366
3377692.636537629
3377967.396126118
3378242.178065022
3378516.982356152
3378791.80900134
3379066.6580023975
3379341.5293611363
3379616.4230793887
3379891.3391589667
3380166.2776016896
3380441.238409369
3380716.221583838
3380991.2271269104
3381266.2550403974
3381541.305326133
3381816.3779859305
3382091.4730216027
3382366.590434984
3382641.7302278867
3382916.8924021325
3383192.0769595345
3383467.283901928
3383742.5132311257
3384017.76494895
3384293.0390572143
3384568.335557754
3384843.654452384
3385118.995742919
3385394.359431194
3385669.745519025
3385945.1540082265
3386220.5849006344
3386496.038198065
3386771.51390234
3387047.012015276
3387322.532538709
3387598.0754744555
3387873.6408243314
3388149.228590174
3388424.8387737996
3388700.471377032
3388976.126401688
3389251.8038496054
3389527.503722601
3389803.226022492
3390078.9707511174
3390354.737910294
3390630.5275018397
3390906.339527593
3391182.173989372
3391458.030889001
3391733.9102283
3392009.812009107
3392285.7362332405
3392561.68290252
3392837.6520187845
3393113.6435838533
3393389.657599552
3393665.694067701
3393941.7529901396
3394217.834368688
3394493.938205166
3394770.0645014136
3395046.2132592513
3395322.384480499
3395598.578166999
3395874.794320571
3396151.032943042
3396427.2940362333
3396703.577601987
3396979.883642124
3397256.2121584727
3397532.563152854
3397808.9366271105
3398085.3325830637
3398361.751022536
3398638.1919473694
3398914.655359387
3399191.14126041
3399467.6496522827
3399744.180536827
3400020.733915873
3400297.309791243
3400573.9081647815
3400850.5290383114
3401127.172413656
3401403.8382926593
3401680.5266771456
3401957.237568945
3402233.9709698823
3402510.7268818016
3402787.505306527
3403064.3062458835
3403341.129701716
3403617.9756758492
3403894.844170108
3404171.7351863384
3404448.648726365
3404725.5847920207
3405002.5433851304
3405279.5245075407
3405556.5281610773
3405833.554347566
3406110.6030688533
3406387.674326766
3406664.768123137
3406941.8844597926
3407219.023338581
3407496.184761328
3407773.368729861
3408050.5752460277
3408327.8043116555
3408605.055928571
3408882.330098624
3409159.626823641
3409436.946105457
3409714.2879459
3409991.652346819
3410269.0393100423
3410546.4488374046
3410823.8809307353
3411101.335591884
3411378.812822678
3411656.3126249486
3411933.835000544
3412211.379951294
3412488.9474790283
3412766.537585597
3413044.1502728304
3413321.7855425645
3413599.4433966298
3413877.1238368773
3414154.826865137
3414432.55248324
3414710.3006930375
3414988.0714963605
3415265.864895046
3415543.680890926
3415821.519485852
3416099.3806816563
3416377.2644801694
3416655.170883244
3416933.099892712
3417211.051510406
3417489.0257381783
3417767.0225778613
3418045.0420312947
3418323.08410031
3418601.1487867623
3418879.2360924836
3419157.346019307
3419435.4785690866
3419713.633743656
3419991.8115448547
3420270.0119745173
3420548.235034498
3420826.480726631
3421104.74905275
3421383.0400147103
3421661.353614346
3421939.6898534917
3422218.0487340037
3422496.4302577158
3422774.83442647
3423053.261242102
3423331.7107064673
3423610.182821402
3423888.6775887483
3424167.1950103417
3424445.7350880387
3424724.2978236764
3425002.88321909
3425281.4912761366
3425560.1219966537
3425838.775382477
3426117.451435464
3426396.150157452
3426674.8715502853
3426953.6156158005
3427232.3823558562
3427511.17177229
3427789.9838669393
3428068.818641663
3428347.6760982987
3428626.5562386923
3428905.4590646806
3429184.384578124
3429463.3327808613
3429742.3036747305
3430021.2972615915
3430300.3135432834
3430579.352521645
3430858.4141985374
3431137.4985757987
3431416.605655277
3431695.735438811
3431974.887928262
3432254.0631254693
3432533.261032274
3432812.4816505373
3433091.724982099
3433370.9910288076
3433650.279792503
3433929.5912750475
3434208.9254782824
3434488.282404049
3434767.6620542086
3435047.064430604
3435326.4895350765
3435605.9373694886
3435885.4079356827
3436164.901235508
3436444.4172708057
3436723.956043441
3437003.5175552545
3437283.1018080977
3437562.708803812
3437842.3385442626
3438121.9910312924
3438401.666266744
3438681.3642524825
3438961.084990352
3439240.8284821953
3439520.5947298775
3439800.383735243
3440080.195500144
3440360.030026423
3440639.887315946
3440919.7673705583
3441199.6701921048
3441479.5957824513
3441759.5441434425
3442039.515276931
3442319.5091847624
3442599.525868803
3442879.565330899
3443159.6275728955
3443439.71259666
3443719.8204040388
3443999.950996878
3444280.1043770458
3444560.2805463877
3444840.4795067585
3445120.701260004
3445400.9458079934
3445681.213152574
3445961.503295592
3446241.816238917
3446522.1519843964
3446802.510533885
3447082.891889231
3447363.296052303
3447643.72302495
3447924.17280902
3448204.6454063826
3448485.140818887
3448765.6590483817
3449046.2000967367
3449326.763965802
3449607.3506574323
3449887.960173479
3450168.5925158113
3450449.24768628
3450729.9256867412
3451010.626519046
3451291.350185065
3451572.0966866487
3451852.8660256476
3452133.658203934
3452414.473223358
3452695.311085771
3452976.171793045
3453257.0553470314
3453537.9617495886
3453818.891002569
3454099.843107844
3454380.8180672666
3454661.815882688
3454942.8365559825
3455223.8800890017
3455504.9464836055
3455786.0357416463
3456067.1478649983
3456348.282855514
3456629.4407150466
3456910.621445471
3457191.8250486404
3457473.0515264077
3457754.300880648
3458035.573113216
3458316.868225972
3458598.1862207702
3458879.527099486
3459160.8908639736
3459442.2775160884
3459723.687057706
3460005.1194906808
3460286.574816875
3460568.053038145
3460849.5541563653
3461131.0781733934
3461412.6250910833
3461694.1949113132
3461975.7876359383
3462257.403266815
3462539.041805821
3462820.7032548124
3463102.3876156528
3463384.0948901987
3463665.8250803286
3463947.578187899
3464229.354214775
3464511.153162813
3464792.975033892
3465074.8198298695
3465356.687552604
3465638.5782039734
3465920.491785837
3466202.428300052
3466484.3877484985
3466766.370133035
3467048.3754555266
3467330.4037178336
3467612.4549218346
3467894.5290693897
3468176.6261623576
3468458.7462026197
3468740.8891920345
3469023.05513247
3469305.2440257855
3469587.455873862
3469869.6906785597
3470151.9484417397
3470434.229165283
3470716.53285105
3470998.8595009027
3471281.2091167225
3471563.58170037
3471845.977253714
3472128.3957786164
3472410.8372769593
3472693.301750605
3472975.7892014147
3473258.299631272
3473540.8330420386
3473823.3894355847
3474105.9688137723
3474388.571178485
3474671.1965315863
3474953.8448749385
3475236.516210426
3475519.2105399123
3475801.9278652603
3476084.6681883554
3476367.431511061
3476650.2178352475
3476933.0271627796
3477215.8594955425
3477498.7148354
3477781.5931842243
3478064.4945438798
3478347.4189162524
3478630.366303207
3478913.3367066085
3479196.3301283433
3479479.346570277
3479762.3860342754
3480045.448522225
3480328.5340359914
3480611.642577448
3480894.774148461
3481177.9287509173
3481461.106386684
3481744.3070576275
3482027.5307656354
3482310.777512575
3482594.04730032
3482877.3401307384
3483160.656005718
3483443.994927126
3483727.356896831
3484010.7419167217
3484294.1499886657
3484577.5811145315
3484861.035296208
3485144.5125355646
3485428.0128344763
3485711.5361948116
3485995.0826184605
3486278.652107293
3486562.2446631775
3486845.8602880044
3487129.498983644
3487413.160751972
3487696.8455948588
3487980.553514195
3488264.2845118516
3488548.0385896983
3488831.8157496266
3489115.615993507
3489399.4393232106
3489683.28574063
3489967.1552476343
3490251.0478461036
3490534.963537908
3490818.902324941
3491102.864209074
3491386.849192186
3491670.8572761477
3491954.888462854
3492238.9427541764
3492523.0201519877
3492807.1206581807
3493091.2442746293
3493375.3910032054
3493659.5608458035
3493943.753804297
3494227.969880566
3494512.209076484
3494796.471393946
3495080.7568348255
3495365.0654009967
3495649.3970943545
3495933.751916773
3496218.1298701344
3496502.5309563125
3496786.9551772038
3497071.402534683
3497355.873030624
3497640.3666669247
3497924.8834454594
3498209.423368104
3498493.986436755
3498778.5726532885
3499063.182019587
3499347.814537527
3499632.470209006
3499917.1490359
3500201.8510200856
3500486.576163461
3500771.324467902
3501056.095935294
3501340.890567513
3501625.708366459
3501910.5493340073
3502195.4134720373
3502480.300782447
3502765.2112671146
3503050.1449279184
3503335.101766757
3503620.08178551
3503905.084986062
3504190.1113702916
3504475.160940099
3504760.233697364
3505045.3296439718
3505330.448781802
3505615.591112755
3505900.756638711
3506185.945361549
3506471.1572831706
3506756.3924054555
3507041.6507302844
3507326.9322595582
3507612.2369951583
3507897.5649389713
3508182.9160928787
3508468.2904587826
3508753.6880385643
3509039.1088341046
3509324.5528473062
3509610.0200800514
3509895.510534228
3510181.0242117182
3510466.561114426
3510752.1212442326
3511037.7046030206
3511323.311192694
3511608.9410151355
3511894.5940722274
3512180.2703658743
3512465.9698979594
3512751.692670373
3513037.4386849976
3513323.207943739
3513609.0004484807
3513894.8162011066
3514180.655203522
3514466.517457611
3514752.402965265
3515038.3117283685
3515324.2437488274
3515610.199028526
3515896.17756935
3516182.1793732056
3516468.204441978
3516754.2527775527
3517040.324381836
3517326.419256714
3517612.53740408
3517898.678825819
3518184.8435238395
3518471.0315000275
3518757.2427562764
3519043.477294473
3519329.735116525
3519616.0162243196
3519902.3206197442
3520188.648304707
3520474.9992810953
3520761.373550797
3521047.7711157207
3521334.1919777542
3521620.6361387935
3521907.1036007255
3522193.594365461
3522480.1084348876
3522766.645810894
3523053.206495391
3523339.7904902673
3523626.3977974183
3523913.028418734
3524199.682356125
3524486.359611481
3524773.0601866907
3525059.7840836667
3525346.531304298
3525633.3018504754
3525920.09572411
3526206.9129270925
3526493.753461321
3526780.6173286857
3527067.504531099
3527354.4150704523
3527641.3489486366
3527928.3061675644
3528215.286729128
3528502.2906352254
3528789.3178877486
3529076.368488611
3529363.4424397056
3529650.539742924
3529937.660400179
3530224.804413365
3530511.971784374
3530799.16251512
3531086.376607497
3531373.6140634045
3531660.874884736
3531948.159073407
3532235.46663131
3532522.7975603472
3532810.151862412
3533097.5295394203
3533384.930593266
3533672.355025844
3533959.80283907
3534247.274034839
3534534.7686150456
3534822.2865816066
3535109.8279364174
3535397.39268138
3535684.98081839
3535972.5923493644
3536260.2272762
3536547.885600792
3536835.567325058
3537123.2724508946
3537411.000980205
3537698.752914886
3537986.5282568564
3538274.327008012
3538562.1491702506
3538849.994745491
3539137.8637356306
3539425.7561425664
3539713.671968218
3540001.6112144827
3540289.5738832667
3540577.559976467
3540865.569496004
3541153.602443776
3541441.658821682
3541729.7386316415
3542017.841875554
3542305.968555326
3542594.118672856
3542882.2922300654
3543170.4892288535
3543458.7096711197
3543746.9535587863
3544035.2208937523
3544323.5116779185
3544611.825913206
3544900.1636015167
3545188.524744757
3545476.9093448278
3545765.3174036522
3546053.7489231313
3546342.2039051726
3546630.6823516786
3546919.184264572
3547207.7096457537
3547496.2584971264
3547784.830820614
3548073.426618118
3548362.04589154
3548650.688642806
3548939.354873817
3549228.0445864834
3549516.7577827084
3549805.4944644165
3550094.254633511
3550383.0382918953
3550671.845441494
3550960.6760842116
3551249.530221959
3551538.4078566395
3551827.30899018
3552116.233624484
3552405.1817614557
3552694.1534030223
3552983.1485510883
3553272.167207558
3553561.209374359
3553850.275053396
3554139.3642465817
3554428.4769558213
3554717.613183043
3555006.7729301522
3555295.9561990546
3555585.1629916783
3555874.39330993
3556163.647155723
3556452.924530964
3556742.225437581
3557031.549877482
3557320.8978525735
3557610.269364784
3557899.6644160217
3558189.0830081934
3558478.5251432294
3558767.9908230365
3559057.480049531
3559346.9928246206
3559636.529150235
3559926.0890282835
3560215.6724606813
3560505.279449337
3560794.909996182
3561084.5641031256
3561374.241772076
3561663.943004965
3561953.667803702
3562243.416170197
3562533.1881063813
3562822.9836141653
3563112.8026954657
3563402.645352194
3563692.5115862815
3563982.401399639
3564272.3147941777
3564562.25177183
3564852.212334507
3565142.1964841275
3565432.204222603
3565722.2355518662
3566012.2904738295
3566302.3689904045
3566592.4711035253
3566882.5968151037
3567172.746127052
3567462.9190413053
3567753.115559776
3568043.3356843833
3568333.5794170415
3568623.8467596844
3568914.137714226
3569204.452282579
3569494.79046668
3569785.152268442
3570075.537689786
3570365.9467326263
3570656.3793988996
3570946.8356905193
3571237.3156094
3571527.819157479
3571818.3463366707
3572108.89714889
3572399.471596074
3572690.0696801376
3572980.6914030043
3573271.3367665894
3573562.0057728305
3573852.698423643
3574143.4147209516
3574434.1546666715
3574724.918262741
3575015.7055110773
3575306.5164135965
3575597.3509722375
3575888.209188917
3576179.0910655535
3576469.9966040845
3576760.9258064283
3577051.87867451
3577342.855210247
3577633.8554155794
3577924.8792924252
3578215.926842703
3578506.998068352
3578798.092971293
3579089.2115534497
3579380.353816742
3579671.519763111
3579962.7093944754
3580253.9227127554
3580545.1597198914
3580836.420417804
3581127.704808412
3581419.0128936586
3581710.344675463
3582001.700155753
3582293.079336449
3582584.482219494
3582875.908806808
3583167.3591003125
3583458.83310195
3583750.3308136426
3584041.852237318
3584333.3973748987
3584624.9662283277
3584916.558799527
3585208.1750904187
3585499.815102947
3585791.4788390337
3586083.166300602
3586374.8774895957
3586666.6124079386
3586958.37105756
3587250.1534403837
3587541.9595583547
3587833.7894133963
3588125.6430074396
3588417.5203424077
3588709.4214202478
3589001.346242883
3589293.294812237
3589585.267130257
3589877.2631988674
3590169.283019993
3590461.32659558
3590753.393927554
3591045.4850178473
3591337.599868385
3591629.7384811146
3591921.900857962
3592214.087000853
3592506.2969117346
3592798.530592534
3593090.788045184
3593383.069271612
3593675.3742737654
3593967.7030535717
3594260.055612957
3594552.431953871
3594844.832078241
3595137.255987994
3595429.7036850792
3595722.1751714246
3596014.6704489654
3596307.1895196293
3596599.7323853667
3596892.2990481057
3597184.889509775
3597477.5037723253
3597770.141837685
3598062.80370779
3598355.48938457
3598648.198869976
3598940.932165938
3599233.689274384
3599526.470197268
3599819.2749365172
3600112.1034940635
3600404.9558718586
3600697.832071833
3600990.7320959237
3601283.6559460624
3601576.6036242014
3601869.5751322713
3602162.5704722116
3602455.5896459525
3602748.632655448
3603041.699502629
3603334.7901894287
3603627.9047177997
3603921.043089675
3604214.2053069854
3604507.3913716865
3604800.601285711
3605093.8350509983
3605387.092669481
3605680.374143115
3605973.6794738327
3606267.008663568
3606560.361714276
3606853.7386278906
3607147.139406353
3607440.5640515964
3607734.012565578
3608027.4849502314
3608320.981207491
3608614.501339314
3608908.0453476342
3609201.6132343877
3609495.2050015302
3609788.8206509985
3610082.460184734
3610376.1236046725
3610669.810912772
3610963.522110969
3611257.2572011976
3611551.016185418
3611844.799065565
3612138.605843584
3612432.43652141
3612726.291101003
3613020.1695842994
3613314.0719732363
3613607.998269773
3613901.9484758475
3614195.9225933966
3614489.9206243805
3614783.942570737
3615077.9884344116
3615372.0582173425
3615666.1519214897
3615960.2695487924
3616254.4111011964
3616548.5765806404
3616842.7659890857
3617136.979328471
3617431.2166007357
3617725.4778078417
3618019.762951729
3618314.072034336
3618608.4050576263
3618902.7620235393
3619197.142934022
3619491.547791016
3619785.976596483
3620080.4293523645
3620374.9060606007
3620669.406723155
3620963.931341969
3621258.479918991
3621553.0524561624
3621847.6489554476
3622142.2694187877
3622436.913848125
3622731.582245424
3623026.2746126265
3623320.9909516755
3623615.731264536
3623910.4955531494
3624205.2838194673
3624500.0960654323
3624794.9322930104
3625089.792504144
3625384.6767007774
3625679.584884876
3625974.517058384
3626269.473223253
3626564.453381427
3626859.4575348725
3627154.485685534
3627449.537835356
3627744.613986306
3628039.714140328
3628334.8382993685
3628629.986465394
3628925.15864035
3629220.3548261905
3629515.57502486
3629810.819238327
3630106.0874685384
3630401.379717447
3630696.695986999
3630992.036279164
3631287.4005958885
3631582.788939119
3631878.2013108246
3632173.637712953
3632469.098147452
3632764.58261629
3633060.091121416
3633355.6236647847
3633651.180248344
3633946.7608740637
3634242.3655438935
3634537.9942597807
3634833.6470236965
3635129.32383759
3635425.0247034174
3635720.7496231273
3636016.498598692
3636312.2716320604
3636608.068725182
3636903.8898800295
3637199.735098552
3637495.6043826994
3637791.497734445
3638087.4151557386
3638383.3566485387
3638679.3222147953
3638975.3118564817
3639271.325575549
3639567.3633739483
3639863.4252536534
3640159.511216616
3640455.621264794
3640751.7554001403
3641047.913624629
3641344.095940212
3641640.302348841
3641936.532852492
3642232.7874531164
3642529.0661526676
3642825.368953121
3643121.6958564287
3643418.0468645524
3643714.421979445
3644010.8212030823
3644307.244537418
3644603.691984413
3644900.1635460225
3645196.6592242224
3645493.1790209664
3645789.72293821
3646086.2909779293
3646382.883142079
3646679.4994326155
3646976.139851515
3647272.8044007327
3647569.4930822323
3647866.205897969
3648162.9428499206
3648459.7039400437
3648756.489170294
3649053.2985426495
3649350.1320590675
3649646.9897215115
3649943.8715319387
3650240.777492328
3650537.7076046364
3650834.661870821
3651131.6402928615
3651428.642872716
3651725.6696123416
3652022.7205137187
3652319.7955788053
3652616.8948095664
3652914.018207961
3653211.1657759706
3653508.337515552
3653805.5334286657
3654102.753517292
3654399.9977833903
3654697.2662289273
3654994.558855863
3655291.8756661783
3655589.2166618337
3655886.581844789
3656183.971217026
3656481.384780506
3656778.8225371884
3657076.284489057
3657373.770638072
3657671.280986202
3657968.8155354075
3658266.3742876723
3658563.9572449583
3658861.5644092336
3659159.1957824603
3659456.851366623
3659754.5311636827
3660052.235175602
3660349.9634043663
3660647.715851937
3660945.4925202774
3661243.2934113727
3661541.118527185
3661838.967869686
3662136.8414408383
3662434.7392426278
3662732.6612770185
3663030.6075459733
3663328.578051479
3663626.5727955
3663924.5917800074
3664222.635006966
3664520.7024783622
3664818.7941961614
3665116.9101623283
3665415.0503788497
3665713.2148476914
3666011.4035708187
3666309.6165502197
3666607.8537878594
3666906.1152857114
3667204.401045742
3667502.711069939
3667801.04536027
3668099.4039187003
3668397.7867472195
3668696.193847794
3668994.6252223984
3669293.080873
3669591.560801588
3669890.0650101304
3670188.5935005946
3670487.146274971
3670785.7233352265
3671084.3246833305
3671382.9503212725
3671681.600251022
3671980.274474554
3672278.9729938377
3672577.6958108647
3672876.4429276036
3673175.2143460307
3673474.0100681162
3673772.830095852
3674071.6744312067
3674370.5430761515
3674669.436032678
3674968.3533027563
3675267.294888357
3675566.260791473
3675865.2510140752
3676164.2655581417
3676463.304425643
3676762.367618573
3677061.455138903
3677360.5669886046
3677659.703169672
3677958.863684076
3678258.048533797
3678557.2577208066
3678856.4912471
3679155.7491146484
3679455.0313254255
3679754.3378814263
3680053.668784624
3680353.0240369905
3680652.403640522
3680951.807597193
3681251.235908983
3681550.6885778657
3681850.1656058384
3682149.666994875
3682449.192746949
3682748.7428640574
3683048.3173481748
3683347.9162012837
3683647.539425358
3683947.1870223964
3684246.8589943727
3684546.5553432633
3684846.2760710656
3685146.021179755
3685445.790671308
3685745.5845477222
3686045.4028109745
3686345.245463048
3686645.1125059193
3686945.0039415876
3687244.91977203
3687544.85999923
3687844.824625165
3688144.8136518355
3688444.827081218
3688744.86491529
3689044.927156052
3689345.0138054825
3689645.1248655585
3689945.2603382813
3690245.4202256287
3690545.6045295876
3690845.8132521356
3691146.046395275
3691446.303960984
3691746.5859512426
3692046.892368052
3692347.223213392
3692647.5784892496
3692947.9581976044
3693248.362340459
3693548.7909197942
3693849.243937589
3694149.721395848
3694450.22329655
3694750.7496416774
3695051.3004332324
3695351.8756731967
3695652.4753635596
3695953.0995063013
3696253.7481034263
3696554.4211569172
3696855.1186687546
3697155.8406409444
3697456.5870754677
3697757.357974315
3698058.153339469
3698358.9731729343
3698659.817476694
3698960.6862527314
3699261.5795030524
3699562.49722964
3699863.439434477
3700164.406119571
3700465.3972869054
3700766.4129384714
3701067.453076253
3701368.517702258
3701669.6068184697
3701970.720426881
3702271.858529477
3702573.0211282643
3702874.2082252284
3703175.419822355
3703476.6559216515
3703777.916525104
3704079.201634698
3704380.511252442
3704681.8453803225
3704983.204020333
3705284.5871744594
3705585.994844712
3705887.4270330765
3706188.8837415404
3706490.364972113
3706791.870726782
3707093.401007542
3707394.95581638
3707696.535155308
3707998.139026312
3708299.7674313807
3708601.420372525
3708903.097851734
3709204.799870995
3709506.5264323195
3709808.277537697
3710110.053189124
3710411.853388589
3710713.678138104
3711015.527439659
3711317.4012952433
3711619.2997068698
3711921.2226765277
3712223.170206215
3712525.142297923
3712827.1389536634
3713129.1601754273
3713431.2059652056
3713733.2763250116
3714035.371256837
3714337.490762673
3714639.6348445327
3714941.803504409
3715243.9967443
3715546.214566198
3715848.4569721185
3716150.723964053
3716453.015544002
3716755.3317139572
3717057.672475935
3717360.037831927
3717662.427783928
3717964.8423339524
3718267.2814839943
3718569.7452360466
3718872.2335921265
3719174.7465542275
3719477.284124351
3719779.8463044916
3720082.433096666
3720385.044502869
3720687.6805250947
3720990.341165361
3721293.026425663
3721595.7363080033
3721898.4708143775
3722201.2299468033
3722504.013707277
3722806.822097793
3723109.655120372
3723412.5127770086
3723715.3950696997
3724018.3020004644
3724321.2335712994
3724624.189784209
3724927.17064119
3725230.176144262
3725533.2062954227
3725836.2610966694
3726139.3405500227
3726442.44465748
3726745.573421047
3727048.7268427215
3727351.904924525
3727655.107668455
3727958.335076511
3728261.587150714
3728564.863893063
3728868.165305557
3729171.491390218
3729474.842149046
3729778.217584047
3730081.617697221
3730385.0424905913
3730688.4919661577
3730991.9661259274
3731295.464971901
3731598.9885061025
3731902.5367305316
3732206.1096471893
3732509.7072581
3732813.3295652648
3733116.976570684
3733420.648276383
3733724.3446843633
3734028.065796634
3734331.811615197
3734635.5821420774
3734939.3773792777
3735243.1973288003
3735547.04199267
3735850.9113728907
3736154.805471472
3736458.7242904175
3736762.6678317534
3737066.6360974824
3737370.6290896093
3737674.6468101596
3737978.689261138
3738282.756444548
3738586.848362417
3738890.965016749
3739195.106409557
3739499.2725428455
3739803.463418642
3740107.6790389516
3740411.9194057793
3740716.184521154
3741020.474387081
3741324.789005573
3741629.1283786367
3741933.4925083006
3742237.881396571
3742542.2950454545
3742846.7334569804
3743151.1966331555
3743455.684575986
3743760.1972875027
3744064.734769712
3744369.2970246295
3744673.8840542627
3744978.495860642
3745283.1324457745
3745587.793811677
3745892.4799603573
3746197.190893846
3746501.9266141527
3746806.687123285
3747111.472423276
3747416.282516133
3747721.1174038663
3748025.9770885073
3748330.8615720663
3748635.77085656
3748940.7049439987
3749245.663836415
3749550.6475358186
3749855.6560442206
3750160.689363654
3750465.747496129
3750770.830443665
3751075.938208272
3751381.0707919844
3751686.2281968137
3751991.4104247713
3752296.6174778915
3752601.849358186
3752907.106067667
3753212.3876083693
3753517.6939823055
3753823.025191495
3754128.381237951
3754433.762123709
3754739.167850782
3755044.5984211834
3755350.0538369487
3755655.534100091
3755961.039212633
3756266.5691765873
3756572.1239939905
3756877.7036668574
3757183.308197202
3757488.937587062
3757794.591838451
3758100.2709533847
3758405.9749339004
3758711.7037820136
3759017.4574997462
3759323.2360891146
3759629.039552157
3759934.867890889
3760240.721107334
3760546.5992035083
3760852.502181451
3761158.430043178
3761464.3827907066
3761770.3604260758
3762076.362951303
3762382.390368405
3762688.4426794215
3762994.5198863703
3763300.6219912767
3763606.748996158
3763912.9009030554
3764219.077713987
3764525.27943097
3764831.506056047
3765137.7575912355
3765444.0340385623
3765750.3354000463
3766056.661677729
3766363.01287363
3766669.3889897685
3766975.790028187
3767282.215990905
3767588.6668799426
3767895.1426973427
3768201.643445125
3768508.1691253176
3768814.7197399414
3769121.29529104
3769427.8957806337
3769734.521210744
3770041.1715834145
3770347.846900667
3770654.5471645305
3770961.2723770263
3771268.0225401996
3771574.7976560723
3771881.597726666
3772188.4227540265
3772495.2727401764
3772802.1476871376
3773109.0475969566
3773415.972471656
3773722.9223132664
3774029.8971238118
3774336.896905338
3774643.9216598687
3774950.971389435
3775258.046096062
3775565.145781796
3775872.270448661
3776179.4200986815
3776486.5947339055
3776793.794356358
3777101.018968063
3777408.2685710695
3777715.543167402
3778022.842759094
3778330.1673481716
3778637.5169366826
3778944.8915266534
3779252.29112011
3779559.715719102
3779867.165325655
3780174.639941804
3780482.1395695754
3780789.6642110194
3781097.2138681626
3781404.7885430325
3781712.38823768
3782020.0129541317
3782327.662694416
3782635.3374605835
3782943.0372546627
3783250.7620786894
3783558.5119346916
3783866.286824721
3784174.0867508063
3784481.9117149767
3784789.7617192846
3785097.636765758
3785405.5368564352
3785713.461993345
3786021.4121785406
3786329.387414051
3786637.3877019077
3786945.413044163
3787253.4634428476
3787561.5388999917
3787869.6394176492
3788177.764997851
3788485.9156426364
3788794.0913540353
3789102.2921341034
3789410.5179848718
3789718.768908379
3790027.0449066586
3790335.345981764
3790643.672135729
3790952.0233705845
3791260.399688387
3791568.8010911685
3791877.2275809622
3792185.6791598247
3792494.155829788
3792802.6575928945
3793111.1844511773
3793419.7364066923
3793728.3134614746
3794036.9156175572
3794345.542876998
3794654.1952418312
3794962.8727140985
3795271.5752958353
3795580.302989099
3795889.0557959257
3796197.8337183488
3796506.636758428
3796815.4649181985
3797124.318199696
3797433.196604979
3797742.1001360845
3798051.028795055
3798359.982583928
3798668.9615047625
3798977.9655595957
3799286.994750464
3799596.049079427
3799905.128548523
3800214.2331597963
3800523.362915285
3800832.517817049
3801141.6978671267
3801450.9030675557
3801760.1334203975
3802069.388927691
3802378.669591474
3802687.975413808
3802997.3063967326
3803306.6625422942
3803616.043852532
3803925.450329508
3804234.8819752624
3804544.338791842
3804853.8207812873
3805163.3279456603
3805472.8602870023
3805782.4178073527
3806092.000508776
3806401.608393312
3806711.241463002
3807020.8997199098
3807330.5831660773
3807640.291803553
3807950.0256343777
3808259.7846606174
3808569.568884313
3808879.3783075074
3809189.212932265
3809499.0727606285
3809808.9577946486
3810118.868036367
3810428.80348785
3810738.7641511406
3811048.7500282824
3811358.761121341
3811668.7974323607
3811978.8589633848
3812288.9457164803
3812599.057693691
3812909.1948970687
3813219.357328658
3813529.544990527
3813839.7578847194
3814149.9960132805
3814460.259378278
3814770.5479817577
3815080.8618257726
3815391.2009123676
3815701.565243612
3816011.954821551
3816322.3696482317
3816632.8097257223
3816943.2750560697
3817253.76564132
3817564.2814835436
3817874.8225847865
3818185.388947104
3818495.9805725436
3818806.5974631747
3819117.2396210455
3819427.9070482114
3819738.59974672
3820049.3177186423
3820360.060966027
3820670.829490922
3820981.623295399
3821292.442381507
3821603.2867512936
3821914.156406833
3822225.051350172
3822535.97158337
3822846.9171084748
3823157.8879275597
3823468.884042675
3823779.90545587
3824090.9521692186
3824402.0241847704
3824713.1215045843
3825024.2441307106
3825335.392065224
3825646.565310174
3825957.7638676134
3826268.9877396156
3826580.236928233
3826891.511435516
3827202.8112635408
3827514.1364143593
3827825.4868900306
3828136.862692607
3828448.2638241653
3828759.690286758
3829071.1420824365
3829382.6192132784
3829694.1216813363
3830005.649488671
3830317.202637337
3830628.7811294105
3830940.3849669453
3831252.014151995
3831563.668686638
3831875.348572928
3832187.053812919
3832498.7844086904
3832810.5403622957
3833122.321675798
3833434.1283512525
3833745.9603907377
3834057.8177963095
3834369.7005700306
3834681.6087139575
3834993.542230169
3835305.5011207215
3835617.4853876713
3835929.495033098
3836241.5300590587
3836553.5904676095
3836865.6762608313
3837177.7874407815
3837489.9240095243
3837802.0859691175
3838114.2733216425
3838426.486069157
3838738.7242137184
3839050.987757409
3839363.2767022867
3839675.5910504176
3839987.9308038605
3840300.295964698
3840612.686534988
3840925.1025167913
3841237.543912189
3841550.0107232416
3841862.5029520085
3842175.020600572
3842487.563670994
3842800.1321653407
3843112.726085673
3843425.345434075
3843737.9902126077
3844050.6604233305
3844363.3560683294
3844676.0771496645
3844988.8236694057
3845301.595629614
3845614.3930323743
3845927.2158797486
3846240.064173799
3846552.9379166113
3846865.8371102475
3847178.7617567703
3847491.7118582656
3847804.6874167966
3848117.6884344337
3848430.7149132397
3848743.7668553023
3849056.8442626847
3849369.9471374582
3849683.0754816867
3849996.2292974577
3850309.408586835
3850622.6133518834
3850935.843594691
3851249.099317322
3851562.3805218413
3851875.687210338
3852189.019384877
3852502.3770475304
3852815.760200365
3853129.1688454696
3853442.6029849104
3853756.0626207525
3854069.5477550863
3854383.058389978
3854696.594527502
3855010.1561697247
3855323.7433187366
3855637.355976605
3855950.9941453966
3856264.6578272027
3856578.3470240906
3856892.0617381283
3857205.8019714067
3857519.567725994
3857833.3590039667
3858147.175807392
3858461.018138364
3858774.885998949
3859088.7793912175
3859402.6983172614
3859716.6427791505
3860030.612778961
3860344.608318764
3860658.629400651
3860972.6760266926
3861286.7481989595
3861600.8459195443
3861914.969190519
3862229.118013952
3862543.2923919396
3862857.492326551
3863171.7178198667
3863485.9688739567
3863800.245490917
3864114.547672818
3864428.87542174
3864743.2287397548
3865057.6076289583
3865372.012091422
3865686.442129219
3866000.8977444456
3866315.3789391736
3866629.8857154767
3866944.418075451
3867258.9760211706
3867573.559554716
3867888.168678161
3868202.8033936033
3868517.4637031164
3868832.1496087746
3869146.8611126756
3869461.598216894
3869776.3609235124
3870091.149234605
3870405.9631522708
3870720.8026785846
3871035.667815622
3871350.558565482
3871665.4749302403
3871980.416911972
3872295.384512778
3872610.377734733
3872925.3965799217
3873240.441050421
3873555.5111483308
3873870.6068757274
3874185.7282346888
3874500.875227315
3874816.047855683
3875131.246121879
3875446.470027981
3875761.7195760887
3876076.994768282
3876392.2956066374
3876707.622093258
3877022.974230222
3877338.3520196076
3877653.7554635177
3877969.184564031
3878284.6393232355
3878600.1197432093
3878915.625826056
3879231.157573856
3879546.7149886955
3879862.2980726557
3880177.90682784
3880493.541256329
3880809.201360203
3881124.8871415663
3881440.5986025
3881756.335745085
3882072.098571426
3882387.8870836045
3882703.70128371
3883019.541173824
3883335.4067560523
3883651.298032477
3883967.21500518
3884283.1576762674
3884599.126047822
3884915.120121934
3885231.1399006867
3885547.185386187
3885863.2565805176
3886179.3534857617
3886495.4761040276
3886811.6244373983
3887127.7984879576
3887443.9982578135
3887760.22374905
3888076.47496376
3888392.7519040275
3888709.0545719615
3889025.3829696467
3889341.737099168
3889658.116962634
3889974.522562131
3890290.953899752
3890607.410977583
3890923.8937977334
3891240.40236229
3891556.936673338
3891873.496732988
3892190.082543327
3892506.6941064415
3892823.331424442
3893139.994499416
3893456.683333459
3893773.3979286575
3894090.1382871233
3894406.904410945
3894723.696302217
3895040.5139630283
3895357.3573954916
3895674.2266016942
3895991.121583725
3896308.042343697
3896624.9888836993
3896941.9612058206
3897258.9593121745
3897575.98320485
3897893.0328859445
3898210.1083575487
3898527.209621776
3898844.336680716
3899161.48953646
3899478.6681911214
3899795.872646792
3900113.1029055696
3900430.3589695455
3900747.640840835
3901064.9485215293
3901382.2820137194
3901699.6413195217
3902017.026441028
3902334.4373803292
3902651.8741395427
3902969.3367207604
3903286.825126083
3903604.3393576024
3903921.879417436
3904239.4453076776
3904557.037030419
3904874.654587778
3905192.2979818485
3905509.9672147315
3905827.662288522
3906145.383205337
3906463.129967271
3906780.902576418
3907098.701034898
3907416.525344804
3907734.375508232
3908052.2515273006
3908370.153404105
3908688.0811407487
3909006.034739327
3909324.0142019605
3909642.0195307443
3909960.050727783
3910278.1077951724
3910596.1907350332
3910914.299549462
3911232.4342405554
3911550.5948104346
3911868.7812611964
3912186.9935949384
3912505.231813782
3912823.495919825
3913141.7859151727
3913460.1018019235
3913778.443582199
3914096.811258098
3914415.2048317194
3914733.6243051854
3915052.0696805944
3915370.540960054
3915689.0381456628
3916007.561239545
3916326.110243799
3916644.685160526
3916963.2859918484
3917281.912739867
3917600.565406682
3917919.243994417
3918237.948505174
3918556.6789410603
3918875.4353041775
3919194.21759665
3919513.0258205803
3919831.8599780686
3920150.7200712413
3920469.6061021993
3920788.518073053
3921107.455985905
3921426.4198428807
3921745.4096460827
3922064.425397614
3922383.467099601
3922702.5347541473
3923021.628363355
3923340.747929352
3923659.8934542416
3923979.0649401355
3924298.262389138
3924617.485803376
3924936.7351849545
3925256.010535985
3925575.3118585735
3925894.6391548472
3926213.9924269114
3926533.3716768716
3926852.7769068563
3927172.208118971
3927491.665315321
3927811.1484980374
3928130.6576692243
3928450.1928309966
3928769.75398546
3929089.3411347456
3929408.9542809594
3929728.5934262085
3930048.2585726236
3930367.949722312
3930687.666877388
3931007.4100399604
3931327.17921216
3931646.9743960947
3931966.7955938727
3932286.6428076257
3932606.516039462
3932926.41529149
3933246.340565843
3933566.291864629
3933886.2691899654
3934206.272543961
3934526.30192875
3934846.35734644
3935166.438799143
3935486.546288991
3935806.6798180947
3936126.8393885726
3936447.0250025345
3936767.236662115
3937087.4743694253
3937407.7381265755
3937728.027935701
3938048.3437989135
3938368.685718323
3938689.0536960666
3939009.4477342553
3939329.867835009
3939650.31400044
3939970.7862326843
3940291.284533854
3940611.8089060704
3940932.359351446
3941252.9358721175
3941573.538470198
3941894.1671478013
3942214.821907064
3942535.5027501006
3942856.2096790243
3943176.9426959734
3943497.7018030616
3943818.487002412
3944139.298296138
3944460.13568638
3944780.9991752505
3945101.888764866
3945422.8044573655
3945743.746254864
3946064.714159486
3946385.7081733453
3946706.7282985835
3947027.774537316
3947348.846891659
3947669.945363753
3947991.0699557145
3948312.22066966
3948633.397507731
3948954.6004720437
3949275.829564724
3949597.084787889
3949918.3661436806
3950239.6736342167
3950561.007261615
3950882.367028017
3951203.752935542
3951525.1649863156
3951846.603182457
3952168.067526109
3952489.5580193903
3952811.0746644204
3953132.6174633424
3953454.186418276
3953775.78153134
3954097.4028046792
3954419.0502404133
3954740.7238406707
3955062.4236075715
3955384.14954326
3955705.901649858
3956027.679929493
3956349.484384287
3956671.3150163847
3956993.1718279077
3957315.0548209776
3957636.96399774
3957958.899360317
3958280.8609108306
3958602.8486514273
3958924.862584229
3959246.902711367
3959568.9690349633
3959891.061557166
3960213.180280097
3960535.32520588
3960857.496336663
3961179.693674569
3961501.9172217306
3961824.1669802708
3962146.442952338
3962468.7451400575
3962791.073545553
3963113.4281709734
3963435.8090184433
3963758.216090088
3964080.6493880567
3964403.1089144745
3964725.5946714757
3965048.106661185
3965370.6448857533
3965693.2093473063
3966015.80004797
3966338.416989895
3966661.060175208
3966983.729606044
3967306.425284529
3967629.1472128155
3967951.89539303
3968274.6698272997
3968597.4705177764
3968920.2974665887
3969243.150675864
3969566.030147754
3969888.935884388
3970211.867887902
3970534.8261604244
3970857.810704109
3971180.8215210834
3971503.8586134864
3971826.921983446
3972150.0116331168
3972473.127564628
3972796.2697801096
3973119.438281716
3973442.6330715767
3973765.8541518226
3974089.1015246087
3974412.3751920653
3974735.675156331
3975059.0014195377
3975382.35398384
3975705.73285137
3976029.138024259
3976352.5695046624
3976676.0272947135
3976999.511396551
3977323.021812308
3977646.558544141
3977970.1215941827
3978293.710964565
3978617.3266574466
3978940.96867496
3979264.637019238
3979588.3316924386
3979912.052696696
3980235.8000341514
3980559.5737069394
3980883.3737172177
3981207.200067121
3981531.052758784
3981854.931794366
3982178.8371760007
3982502.7689058324
3982826.726985995
3983150.71141865
3983474.722205932
3983798.7593499757
3984122.822852943
3984446.912716969
3984771.02894419
3985095.1715367674
3985419.340496837
3985743.5358265443
3986067.7575280257
3986392.005603443
3986716.2800549334
3987040.5808846424
3987364.9080947074
3987689.261687291
3988013.641664531
3988338.0480285655
3988662.4807815575
3988986.939925645
3989311.425462967
3989635.9373956863
3989960.4757259428
3990285.0404558824
3990609.631587646
3990934.249123397
3991258.893065274
3991583.563415419
3991908.260175994
3992232.9833491417
3992557.7329370086
3992882.5089417365
3993207.3113654903
3993532.1402104106
3993856.995478639
3994181.8771723406
3994506.7852936573
3994831.7198447306
3995156.680827727
3995481.668244788
3995806.6820980636
3996131.722389697
3996456.7891218546
3996781.8822966795
3997107.001916314
3997432.1479829256
3997757.320498658
3998082.519465662
3998407.7448860817
3998732.9967620852
3999058.2750958162
3999383.5798894186
3999708.9111450617
4000034.2688648896
4000359.653051046
4000685.063705702
4001010.500831001
4001335.964429097
4001661.4545021346
4001986.9710522844
4002312.514081692
4002638.083592511
4002963.679586887
4003289.3020669916
4003614.9510349706
4003940.6264929706
4004266.328443163
4004592.056887694
4004917.8118287115
4005243.5932683866
4005569.401208867
4005895.2356523075
4006221.096600857
4006546.9840566874
4006872.898021947
4007198.838498784
4007524.805489371
4007850.798995857
4008176.8190203984
4008502.865565145
4008828.9386322694
4009155.038223922
4009481.1643422516
4009807.316989432
4010133.496167614
4010459.701878947
4010785.934125606
4011112.192909741
4011438.4782335106
4011764.790099066
4012091.1285085827
4012417.493464211
4012743.8849681024
4013070.3030224335
4013396.747629355
4013723.2187910276
4014049.716509602
4014376.2407872565
4014702.7916261423
4015029.369028412
4015355.972996243
4015682.603531787
4016009.260637199
4016335.9443146554
4016662.65456631
4016989.3913943237
4017316.154800851
4017642.94478807
4017969.761358135
4018296.604513208
4018623.474255443
4018950.3705870206
4019277.293510094
4019604.2430268186
4019931.219139375
4020258.2218499165
4020585.2511606
4020912.3070736057
4021239.3895910885
4021566.4987152135
4021893.6344481357
4022220.7967920373
4022547.9857490743
4022875.2013214026
4023202.4435112043
4023529.712320637
4023857.007751865
4024184.329807046
4024511.678488362
4024839.0537979715
4025166.4557380313
4025493.8843107247
4025821.33951821
4026148.8213626454
4026476.329846214
4026803.864971075
4027131.426739395
4027459.0151533335
4027786.6302150744
4028114.271926777
4028441.9402906005
4028769.6353087304
4029097.356983326
4029425.1053165556
4029752.8803105797
4030080.681967584
4030408.510289728
4030736.365279174
4031064.2469381066
4031392.1552686873
4031720.0902730776
4032048.051953464
4032376.0403120075
4032704.055350879
4033032.0970722404
4033360.1654782784
4033688.260571155
4034016.3823530427
4034344.530826103
4034672.705992523
4035000.9078544676
4035329.1364140986
4035657.391673605
4035985.6736351503
4036313.9823008985
4036642.3176730378
4036970.679753733
4037299.068545156
4037627.484049472
4037955.9262688705
4038284.395205516
4038612.890861574
4038941.413239234
4039269.962340662
4039598.538168031
4039927.1407235074
4040255.770009282
4040584.4260275206
4040913.10878039
4041241.8182700807
4041570.55449876
4041899.3174685948
4042228.107181776
4042556.923640472
4042885.766846857
4043214.6368031
4043543.5335113923
4043872.456973903
4044201.407192799
4044530.384170274
4044859.387908496
4045188.4184096423
4045517.475675882
4045846.5597094074
4046175.6705123894
4046504.808086996
4046833.9724354222
4047163.1635598373
4047492.381462411
4047821.6261453386
4048150.89761079
4048480.1958609438
4048809.520897971
4049138.8727240665
4049468.251341401
4049797.656752155
4050127.0889584986
4050456.547962629
4050786.0337667167
4051115.5463729342
4051445.0857834783
4051774.652000521
4052104.2450262345
4052433.864862816
4052763.5115124388
4053093.1849772832
4053422.8852595226
4053752.612361355
4054082.366284954
4054412.147032493
4054741.95460617
4055071.7890081597
4055401.650240644
4055731.5383057976
4056061.4532058192
4056391.394942884
4056721.363519166
4057051.358936866
4057381.3811981585
4057711.430305219
4058041.5062602474
4058371.60906542
4058701.738722921
4059031.8952349257
4059362.0786036355
4059692.2888312275
4060022.525919877
4060352.7898717867
4060683.0806891327
4061013.3983741007
4061343.742928868
4061674.114355637
4062004.512656586
4062334.937833891
4062665.3898897558
4062995.868826359
4063326.3746458786
4063656.907350518
4063987.4669424556
4064318.0534238787
4064648.666796967
4064979.307063923
4065309.974226928
4065640.668288169
4065971.3892498254
4066302.137114102
4066632.91188318
4066963.7135592387
4067294.5421444834
4067625.3976410953
4067956.2800512547
4068287.189377168
4068618.125621016
4068949.0887849885
4069280.0788712674
4069611.095882058
4069942.139819544
4070273.210685906
4070604.308483352
4070935.4332140638
4071266.584880233
4071597.763484041
4071928.9690276976
4072260.2015133845
4072591.460943286
4072922.7473196094
4073254.060644539
4073585.4009202584
4073916.768148977
4074248.1623328784
4074579.583474156
4074911.0315749934
4075242.506637601
4075574.0086641638
4075905.537656866
4076237.0936179184
4076568.6765495064
4076900.286453824
4077231.923333057
4077563.5871894164
4077895.278025088
4078226.995842258
4078558.740643138
4078890.5124299154
4079222.311204776
4079554.1369699324
4079885.989727572
4080217.86947989
4080549.7762290738
4080881.709977337
4081213.670726867
4081545.6584798596
4081877.673238504
4082209.7150050136
4082541.783781577
4082873.8795703826
4083206.002373644
4083538.152193552
4083870.329032294
4084202.532892086
4084534.7637751168
4084867.021683585
4085199.3066196805
4085531.618585619
4085863.9575835904
4086196.323615785
4086528.7166844197
4086861.1367916847
4087193.583939779
4087526.058130895
4087858.5593672483
4088191.087651031
4088523.642984435
4088856.2253696774
4089188.83480895
4089521.471304445
4089854.134858381
4090186.82547295
4090519.5431503532
4090852.287892784
4091185.05970246
4091517.858581576
4091850.6845323243
4092183.5375569244
4092516.4176575704
4092849.324836464
4093182.2590958006
4093515.220437799
4093848.208864655
4094181.2243785616
4094514.2669817405
4094847.336676386
4095180.4334646943
4095513.5573488856
4095846.708331156
4096179.8864137093
4096513.0915987417
4096846.3238884746
4097179.583285105
4097512.869790837
4097846.1834078687
4098179.5241384213
4098512.891984692
4098846.2869488783
4099179.709033203
4099513.1582398633
4099846.634571058
4100180.13802901
4100513.668615917
4100847.2263339865
4101180.8111854163
4101514.4231724315
4101848.06229723
4102181.7285620114
4102515.4219690007
4102849.142520396
4103182.890218407
4103516.665065232
4103850.4670630977
4104184.2962142034
4104518.1525207497
4104852.0359849627
4105185.9466090426
4105519.8843951905
4105853.849345633
4106187.8414625707
4106521.860748214
4106855.9072047644
4107189.9808344496
4107524.0816394705
4107858.20962203
4108192.3647843553
4108526.5471286494
4108860.756657123
4109194.993371979
4109529.257275446
4109863.548369727
4110197.8666570256
4110532.2121395706
4110866.5848195655
4111200.984699215
4111535.411780748
4111869.8660663688
4112204.34755829
4112538.856258717
4112873.3921698797
4113207.9552939828
4113542.5456332406
4113877.1631898577
4114211.8079660656
4114546.47996407
4114881.1791860764
4115215.9056343166
4115550.6593109965
4115885.440218323
4116220.248358528
4116555.083733818
4116889.9463464087
4117224.8361985073
4117559.753292347
4117894.697630134
4118229.6692140773
4118564.6680464093
4118899.694129339
4119234.747465082
4119569.8280558474
4119904.935903869
4120240.071011356
4120575.233380517
4120910.423013586
4121245.6399127734
4121580.8840802885
4121916.1555183656
4122251.454229215
4122586.7802150557
4122922.133478097
4123257.5140205757
4123592.9218447013
4123928.3569526854
4124263.819346764
4124599.309029149
4124934.826002059
4125270.370267706
4125605.941828327
4125941.540686134
4126277.166843339
4126612.8203021795
4126948.501064868
4127284.209133617
4127619.944510665
4127955.7071982245
4128291.497198517
4128627.314513756
4128963.1591461804
4129299.031098004
4129634.930371449
4129970.8569687293
4130306.8108920846
4130642.792143729
4130978.8007258778
4131314.8366407705
4131650.899890622
4131986.9904776476
4132323.1084040883
4132659.253672159
4132995.426284084
4133331.6262420793
4133667.853548386
4134004.1082052207
4134340.3902147994
4134676.6995793646
4135013.0363011323
4135349.4003823283
4135685.7918251697
4136022.2106318986
4136358.6568047334
4136695.130345891
4137031.6312576155
4137368.1595421243
4137704.7152016354
4138041.2982383925
4138377.9086546144
4138714.546452529
4139051.2116343537
4139387.904202334
4139724.624158689
4140061.371505638
4140398.1462454265
4140734.9483802738
4141071.777912408
4141408.6348440507
4141745.519177446
4142082.4309148155
4142419.3700583796
4142756.3366103848
4143093.3305730517
4143430.351948602
4143767.4007392824
4144104.4769473146
4144441.580574929
4144778.7116243467
4145115.870097816
4145453.05599756
4145790.269325808
4146127.510084784
4146464.7782767364
4146802.073903887
4147139.39696846
4147476.747472705
4147814.1254188437
4148151.530809101
4148488.9636457264
4148826.4239309444
4149163.9116669865
4149501.4268560787
4149838.96950047
4150176.539602386
4150514.1371640507
4150851.7621877166
4151189.4146756073
4151527.0946299583
4151864.8020529943
4152202.5369469677
4152540.2993141036
4152878.089156629
4153215.906476796
4153553.7512768307
4153891.6235589604
4154229.5233254377
4154567.4505784893
4154905.405320352
4155243.3875532523
4155581.397279444
4155919.4345011553
4156257.4992206143
4156595.591440074
4156933.7111617643
4157271.858387921
4157610.0331207737
4157948.235362577
4158286.4651155593
4158624.722381951
4158963.0071640066
4159301.3194639566
4159639.65928403
4159978.026626483
4160316.4214935456
4160654.843887457
4160993.293810448
4161331.7712647747
4161670.2762526684
4162008.808776369
4162347.3688381067
4162685.9564401405
4163024.5715847006
4163363.2142740195
4163701.884510355
4164040.5822959393
4164379.3076330046
4164718.06052381
4165056.8409705875
4165395.6489755786
4165734.484541017
4166073.3476691614
4166412.2383622457
4166751.156622503
4167090.1024521934
4167429.075853551
4167768.076828818
4168107.1053802297
4168446.1615100456
4168785.2452205014
4169124.3565138313
4169463.495392297
4169802.6618581326
4170141.855913575
4170481.077560885
4170820.326802298
4171159.6036400595
4171498.908076405
4171838.240113598
4172177.5997538734
4172516.986999469
4172856.4018526473
4173195.8443156458
4173535.3143907096
4173874.812080077
4174214.3373860116
4174553.8903107503
4174893.4708565325
4175233.079025621
4175572.7148202546
4175912.3782426724
4176252.0692951386
4176591.7879798925
4176931.5342991813
4177271.3082552445
4177611.109850348
4177950.9390867306
4178290.7959666415
4178630.6804923206
4178970.5926660337
4179310.532490021
4179650.499966524
4179990.495097809
4180330.5178861166
4180670.568333688
4181010.646442791
4181350.7522156667
4181690.885654565
4182031.046761729
4182371.2355394247
4182711.451989896
4183051.696115385
4183391.9679181594
4183732.267400463
4184072.594564547
4184412.9494126546
4184753.3319470547
4185093.742169991
4185434.1800837074
4185774.6456904737
4186115.1389925336
4186455.659992132
4186796.2086915383
4187136.7850929974
4187477.3891987633
4187818.021011081
4188158.6805322208
4188499.3677644283
4188840.0827099495
4189180.825371056
4189521.595749993
4189862.3938490152
4190203.2196703698
4190544.073216329
4190884.9544891384
4191225.863491046
4191566.8002243238
4191907.764691219
4192248.7568939803
4192589.7768348795
4192930.824516165
4193271.899940094
4193613.0031089135
4193954.1340248985
4194295.2926902967
4194636.479107366
4194977.6932783555
4195318.935205539
4195660.204891167
4196001.502337487
4196342.827546777
4196684.180521285
4197025.561263261
4197366.969774983
4197708.406058698
4198049.870116668
4198391.361951143
4198732.881564397
4199074.428958685
4199416.004136257
4199757.60709939
4200099.237850334
4200440.896391352
4200782.582724694
4201124.29685264
4201466.03877744
4201807.808501348
4202149.606026643
4202491.431355577
4202833.284490403
4203175.1654334
4203517.074186822
4203859.010752932
4204200.9751339825
4204542.967332253
4204884.98735
4205227.035189475
4205569.11085296
4205911.21434271
4206253.345660987
4206595.504810047
4206937.691792172
4207279.906609617
4207622.149264636
4207964.419759514
4208306.718096504
4208649.044277863
4208991.398305873
4209333.780182793
4209676.189910885
4210018.627492408
4210361.0929296445
4210703.586224851
4211046.107380295
4211388.656398233
4211731.23328095
4212073.838030703
4212416.470649751
4212759.131140376
4213101.81950484
4213444.5357454
4213787.279864341
4214130.051863923
4214472.851746412
4214815.679514068
4215158.535169179
4215501.418714002
4215844.330150799
4216187.2694818545
4216530.23670943
4216873.231835795
4217216.254863209
4217559.305793961
4217902.38463031
4218245.491374519
4218588.626028874
4218931.788595637
4219274.979077071
4219618.197475463
4219961.443793076
4220304.718032181
4220648.02019504
4220991.350283942
4221334.70830115
4221678.094248928
4222021.508129564
4222364.949945322
4222708.419698475
4223051.917391287
4223395.443026047
4223738.99660502
4224082.57813047
4224426.187604688
4224769.825029939
4225113.490408489
4225457.183742626
4225800.905034618
4226144.654286739
4226488.431501254
4226832.236680456
4227176.069826611
4227519.930941992
4227863.8200288685
4228207.7370895315
4228551.682126247
4228895.655141284
4229239.656136935
4229583.685115466
4229927.742079147
4230271.82703027
4230615.939971104
4230960.080903925
4231304.249831003
4231648.446754631
4231992.671677077
4232336.924600612
4232681.20552753
4233025.5144601
4233369.851400601
4233714.216351301
4234058.6093144985
4234403.030292462
4234747.47928746
4235091.9563017925
4235436.461337727
4235780.994397536
4236125.555483515
4236470.144597937
4236814.761743081
4237159.406921218
4237504.080134646
4237848.781385638
4238193.510676464
4238538.268009424
4238883.05338679
4239227.866810842
4239572.708283855
4239917.577808127
4240262.47538593
4240607.401019539
4240952.354711253
4241297.336463345
4241642.34627809
4241987.384157788
4242332.4501047125
4242677.544121147
4243022.666209367
4243367.816371672
4243712.9946103385
4244058.200927649
4244403.435325879
4244748.697807331
4245093.988374279
4245439.307029001
4245784.653773799
4246130.0286109485
4246475.431542726
4246820.862571434
4247166.32169935
4247511.80892876
4247857.324261941
4248202.867701195
4248548.439248802
4248894.038907039
4249239.666678209
4249585.322564591
4249931.006568472
4250276.71869213
4250622.45893787
4250968.2273079725
4251314.023804715
4251659.848430403
4252005.701187315
4252351.582077733
4252697.491103961
4253043.42826828
4253389.393572979
4253735.387020336
4254081.408612662
4254427.458352234
4254773.536241336
4255119.642282272
4255465.776477325
4255811.938828786
4256158.129338935
4256504.348010081
4256850.594844506
4257196.869844492
4257543.173012348
4257889.504350356
4258235.863860799
4258582.251545986
4258928.667408201
4259275.111449734
4259621.583672872
4259968.084079921
4260314.612673168
4260661.169454904
4261007.754427414
4261354.367593009
4261701.008953973
4262047.67851259
4262394.376271173
4262741.102232006
4263087.856397375
4263434.638769592
4263781.449350942
4264128.28814372
4264475.155150211
4264822.05037273
4265168.973813562
4265515.925474994
4265862.905359338
4266209.913468883
4266556.949805924
4266904.014372747
4267251.107171669
4267598.228204976
4267945.377474955
4268292.554983922
4268639.760734165
4268986.994727972
4269334.256967659
4269681.547455514
4270028.866193835
4270376.213184911
4270723.588431059
4271070.991934568
4271418.423697727
4271765.883722853
4272113.372012237
4272460.888568177
4272808.433392963
4273156.006488915
4273503.607858321
4273851.237503473
4274198.895426689
4274546.58163026
4274894.296116478
4275242.038887662
4275589.809946102
4275937.609294102
4276285.436933951
4276633.292867971
4276981.177098453
4277329.0896277
4277677.030458004
4278024.999591686
4278372.997031038
4278721.022778355
4279069.076835956
4279417.159206137
4279765.269891191
4280113.40889344
4280461.576215177
4280809.771858706
4281157.9958263235
4281506.24812035
4281854.528743081
4282202.837696812
4282551.1749838665
4282899.540606539
4283247.934567134
4283596.3568679495
4283944.807511307
4284293.286499504
4284641.793834838
4284990.329519631
4285338.893556182
4285687.4859467875
4286036.106693772
4286384.755799431
4286733.433266075
4287082.139096001
4287430.873291533
4287779.635854971
4288128.426788611
4288477.246094781
4288826.09377578
4289174.969833915
4289523.874271487
4289872.80709082
4290221.768294216
4290570.757883974
4290919.775862421
4291268.822231857
4291617.896994584
4291967.000152929
4292316.131709191
4292665.291665682
4293014.480024703
4293363.696788582
4293712.94195962
4294062.215540131
4294411.517532412
4294760.847938796
4295110.206761584
4295459.594003078
4295809.009665608
4296158.453751478
4296507.926262991
4296857.427202475
4297206.956572236
4297556.514374586
4297906.100611828
4298255.715286294
4298605.358400288
4298955.0299561145
4299304.729956104
4299654.458402564
4300004.215297805
4300354.000644135
4300703.814443885
4301053.656699361
4301403.527412868
4301753.426586741
4302103.354223283
4302453.310324803
4302803.294893633
4303153.30793208
4303503.34944246
4303853.41942708
4304203.517888274
4304553.64482835
4304903.800249617
4305253.984154406
4305604.196545028
4305954.437423799
4306304.706793028
4306655.00465505
4307005.3310121745
4307355.68586671
4307706.069220993
4308056.481077331
4308406.9214380365
4308757.390305445
4309107.887681864
4309458.413569616
4309808.96797101
4310159.550888383
4310510.162324046
4310860.802280319
4311211.470759513
4311562.167763965
4311912.893295988
4312263.647357894
4312614.42995202
4312965.241080678
4313316.080746182
4313666.94895087
4314017.845697055
4314368.770987058
4314719.724823193
4315070.707207799
4315421.71814319
4315772.757631679
4316123.825675608
4316474.9222772885
4316826.047439045
4317177.201163192
4317528.38345207
4317879.5943079945
4318230.83373328
4318582.1017302675
4318933.398301274
4319284.723448614
4319636.077174629
4319987.459481636
4320338.87037196
4320690.3098479165
4321041.777911848
4321393.274566074
4321744.799812908
4322096.353654696
4322447.936093753
4322799.547132407
4323151.186772975
4323502.855017802
4323854.551869204
4324206.277329502
4324558.031401038
4324909.814086133
4325261.625387104
4325613.465306297
4325965.333846032
4326317.231008636
4326669.156796428
4327021.111211757
4327373.094256939
4327725.105934307
4328077.146246177
4328429.2151949
4328781.312782793
4329133.439012179
4329485.593885406
4329837.777404794
4330189.989572664
4330542.2303913655
4330894.4998632185
4331246.797990556
4331599.124775698
4331951.480220996
4332303.864328769
4332656.277101343
4333008.718541065
4333361.18865026
4333713.687431259
4334066.214886385
4334418.77101799
4334771.355828396
4335123.969319928
4335476.611494937
4335829.282355747
4336181.981904683
4336534.710144095
4336887.46707631
4337240.25270366
4337593.067028471
4337945.910053097
4338298.781779861
4338651.682211091
4339004.611349138
4339357.569196329
4339710.555755001
4340063.571027478
4340416.615016115
4340769.687723238
4341122.789151176
4341475.919302281
4341829.078178882
4342182.265783306
4342535.482117909
4342888.727185017
4343242.00098697
4343595.303526094
4343948.634804745
4344301.994825254
4344655.383589956
4345008.801101183
4345362.247361288
4345715.7223726045
4346069.22613746
4346422.758658212
4346776.319937189
4347129.909976725
4347483.528779173
4347837.176346868
4348190.852682147
4348544.557787343
4348898.291664813
4349252.0543168895
4349605.8457459025
4349959.665954213
4350313.514944152
4350667.39271806
4351021.29927827
4351375.2346271435
4351729.198767011
4352083.191700206
4352437.213429089
4352791.263955993
4353145.343283252
4353499.451413227
4353853.588348252
4354207.754090669
4354561.948642814
4354916.172007047
4355270.424185703
4355624.705181118
4355979.014995653
4356333.3536316445
4356687.721091435
4357042.117377362
4357396.542491789
4357750.9964370495
4358105.479215481
4358459.990829448
4358814.531281286
4359169.100573331
4359523.698707949
4359878.325687476
4360232.981514258
4360587.6661906345
4360942.379718969
4361297.122101598
4361651.893340871
4362006.693439126
4362361.522398727
4362716.380222014
4363071.266911327
4363426.182469029
4363781.126897463
4364136.100198965
4364491.102375904
4364846.133430619
4365201.193365459
4365556.282182765
4365911.399884905
4366266.5464742165
4366621.721953044
4366976.926323754
4367332.159588687
4367687.421750194
4368042.712810618
4368398.032772325
4368753.38163766
4369108.759408963
4369464.166088603
4369819.601678926
4370175.06618227
4370530.559601008
4370886.0819374835
4371241.633194047
4371597.213373043
4371952.8224768415
4372308.460507787
4372664.127468224
4373019.823360522
4373375.548187028
4373731.301950094
4374087.084652065
4374442.896295314
4374798.736882185
4375154.606415024
4375510.504896203
4375866.43232807
4376222.388712968
4376578.3740532715
4376934.388351328
4377290.431609491
4377646.503830109
4378002.605015554
4378358.735168176
4378714.894290329
4379071.082384362
4379427.2994526485
4379783.545497538
4380139.820521376
4380496.12452654
4380852.457515378
4381208.819490238
4381565.210453497
4381921.630407504
4382278.079354616
4382634.557297183
4382991.0642375825
4383347.6001781635
4383704.165121277
4384060.759069298
4384417.38202458
4384774.03398948
4385130.714966349
4385487.424957567
4385844.163965484
4386200.931992451
4386557.729040847
4386914.555113023
4387271.410211332
4387628.294338154
4387985.207495838
4388342.149686749
4388699.120913237
4389056.1211776845
4389413.150482443
4389770.208829867
4390127.296222335
4390484.412662202
4390841.55815183
4391198.732693574
4391555.936289815
4391913.168942909
4392270.4306552075
4392627.721429094
4392985.041266924
4393342.390171051
4393699.76814386
4394057.175187704
4394414.61130495
4394772.0764979515
4395129.570769094
4395487.094120733
4395844.646555235
4396202.228074954
4396559.838682276
4396917.478379559
4397275.147169159
4397632.84505346
4397990.572034821
4398348.328115599
4398706.11329818
4399063.927584921
4399421.770978191
4399779.6434803475
4400137.545093777
4400495.4758208385
4400853.435663891
4401211.424625321
4401569.442707488
4401927.489912761
4402285.566243501
4402643.671702094
4403001.8062909
4403359.970012281
4403718.162868625
4404076.384862291
4404434.635995641
4404792.916271064
4405151.225690922
4405509.5642575845
4405867.931973414
4406226.3288408
4406584.754862104
4406943.210039689
4407301.694375944
4407660.2078732345
4408018.75053393
4408377.3223603945
4408735.923355018
4409094.553520165
4409453.2128582
4409811.901371513
4410170.619062468
4410529.36593343
4410888.141986791
4411246.947224916
4411605.781650177
4411964.645264942
4412323.538071603
4412682.460072523
4413041.41127008
4413400.391666638
4413759.401264591
4414118.440066305
4414477.508074148
4414836.605290511
4415195.7317177635
4415554.8873582715
4415914.07221443
4416273.286288606
4416632.529583177
4416991.802100509
4417351.103843
4417710.434813016
4418069.795012927
4418429.184445128
4418788.603111988
4419148.051015885
4419507.528159188
4419867.034544295
4420226.570173573
4420586.135049394
4420945.729174156
4421305.352550226
4421665.005179977
4422024.687065806
4422384.398210083
4422744.13861519
4423103.908283496
4423463.707217402
4423823.535419276
4424183.392891494
4424543.279636451
4424903.195656522
4425263.1409540875
4425623.11553152
4425983.119391219
4426343.152535559
4426703.214966911
4427063.306687676
4427423.427700228
4427783.578006942
4428143.757610217
4428503.966512427
4428864.204715957
4429224.472223179
4429584.769036498
4429945.095158287
4430305.450590931
4430665.835336803
4431026.249398308
4431386.692777821
4431747.165477717
4432107.667500401
4432468.1988482475
4432828.759523634
4433189.349528963
4433549.968866612
4433910.617538967
4434271.295548406
4434632.002897332
4434992.739588125
4435353.50562316
4435714.301004844
4436075.125735553
4436435.979817677
4436796.863253593
4437157.776045708
4437518.7181963995
4437879.689708048
4438240.690583059
4438601.720823812
4438962.780432688
4439323.8694120925
4439684.987764407
4440046.135492019
4440407.312597311
4440768.519082691
4441129.754950536
4441491.020203233
4441852.314843185
4442213.638872777
4442574.992294398
4442936.375110431
4443297.787323284
4443659.2289353395
4444020.699948981
4444382.200366617
4444743.730190631
4445105.289423406
4445466.878067353
4445828.496124853
4446190.143598302
4446551.820490081
4446913.526802603
4447275.2625382515
4447637.027699419
4447998.822288492
4448360.64630788
4448722.499759971
4449084.382647147
4449446.294971824
4449808.236736383
4450170.207943214
4450532.208594728
4450894.238693312
4451256.298241361
4451618.387241261
4451980.505695427
4452342.653606244
4452704.830976102
4453067.037807412
4453429.274102565
4453791.539863955
4454153.835093971
4454516.159795029
4454878.513969516
4455240.897619821
4455603.31074836
4455965.753357521
4456328.225449694
4456690.727027296
4457053.2580927145
4457415.8186483495
4457778.408696591
4458141.028239856
4458503.677280534
4458866.355821015
4459229.06386372
4459591.8014110355
4459954.568465365
4460317.365029098
4460680.191104652
4461043.046694422
4461405.931800797
4461768.846426196
4462131.790573013
4462494.76424364
4462857.767440495
4463220.800165973
4463583.862422475
4463946.954212393
4464310.075538149
4464673.2264021365
4465036.406806759
4465399.616754408
4465762.856247506
4466126.125288448
4466489.423879629
4466852.752023469
4467216.109722365
4467579.4969787095
4467942.913794927
4468306.360173413
4468669.836116571
4469033.341626799
4469396.876706517
4469760.441358124
4470124.035584016
4470487.659386616
4470851.3127683215
4471214.995731539
4471578.708278664
4471942.450412123
4472306.222134314
4472670.023447633
4473033.854354506
4473397.7148573315
4473761.604958508
4474125.524660461
4474489.473965589
4474853.452876301
4475217.4613949945
4475581.499524099
4475945.567266011
4476309.664623132
4476673.79159789
4477037.948192683
4477402.134409921
4477766.350252006
4478130.595721365
4478494.870820399
4478859.1755515095
4479223.509917124
4479587.873919645
4479952.267561475
4480316.690845042
4480681.143772748
4481045.626347005
4481410.138570216
4481774.680444809
4482139.251973189
4482503.853157767
4482868.484000947
4483233.14450516
4483597.834672809
4483962.554506298
4484327.304008058
4484692.083180495
4485056.892026011
4485421.73054704
4485786.598745985
4486151.496625262
4486516.424187276
4486881.381434457
4487246.368369215
4487611.384993954
4487976.431311105
4488341.507323078
4488706.613032286
4489071.748441137
4489436.913552064
4489802.108367476
4490167.332889778
4490532.587121405
4490897.871064765
4491263.184722267
4491628.528096345
4491993.901189407
4492359.304003872
4492724.736542147
4493090.198806669
4493455.690799846
4493821.212524088
4494186.763981832
4494552.345175487
4494917.956107472
4495283.596780197
4495649.267196099
4496014.96735759
4496380.697267079
4496746.456927003
4497112.246339777
4497478.065507807
4497843.914433535
4498209.793119373
4498575.701567739
4498941.639781048
4499307.607761737
4499673.6055122195
4500039.6330349175
4500405.690332243
4500771.777406637
4501137.894260511
4501504.04089628
4501870.2173163835
4502236.423523236
4502602.659519252
4502968.9253068715
4503335.22088851
4503701.546266591
4504067.901443529
4504434.286421766
4504800.701203716
4505167.145791796
4505533.620188449
4505900.124396089
4506266.658417143
4506633.222254025
4506999.81590918
4507366.439385024
4507733.092683973
4508099.775808473
4508466.488760939
4508833.23154379
4509200.00415947
4509566.806610396
4509933.638898997
4510300.501027687
4510667.392998917
4511034.314815101
4511401.2664786605
4511768.24799204
4512135.259357659
4512502.300577945
4512869.37165532
4513236.472592228
4513603.60339109
4513970.764054326
4514337.954584384
4514705.174983685
4515072.425254648
4515439.705399721
4515807.015421327
4516174.355321894
4516541.725103846
4516909.124769629
4517276.554321667
4517644.01376239
4518011.5030942205
4518379.022319609
4518746.571440977
4519114.150460748
4519481.759381372
4519849.398205271
4520217.066934871
4520584.765572621
4520952.494120944
4521320.252582276
4521688.040959039
4522055.859253685
4522423.707468639
4522791.585606325
4523159.493669197
4523527.431659678
4523895.399580204
4524263.3974332
4524631.425221119
4524999.482946387
4525367.57061143
4525735.688218703
4526103.83577063
4526472.0132696405
4526840.220718186
4527208.458118697
4527576.725473607
4527945.022785344
4528313.350056365
4528681.707289096
4529050.0944859665
4529418.511649431
4529786.958781918
4530155.435885866
4530523.942963704
4530892.480017888
4531261.047050848
4531629.644065012
4531998.271062839
4532366.928046758
4532735.6150191985
4533104.331982619
4533473.078939451
4533841.855892132
4534210.662843094
4534579.499794795
4534948.3667496685
4535317.263710152
4535686.190678679
4536055.147657708
4536424.134649673
4536793.151657003
4537162.19868216
4537531.275727577
4537900.382795685
4538269.519888947
4538638.687009794
4539007.8841606695
4539377.111344008
4539746.368562269
4540115.655817888
4540484.973113298
4540854.3204509625
4541223.6978333155
4541593.105262801
4541962.542741853
4542332.010272935
4542701.507858483
4543071.0355009325
4543440.593202746
4543810.18096636
4544179.79879421
4544549.446688762
4544919.12465245
4545288.832687722
4545658.570797014
4546028.338982791
4546398.13724749
4546767.9655935485
4547137.824023433
4547507.712539581
4547877.63114444
4548247.579840447
4548617.55863007
4548987.567515747
4549357.606499916
4549727.6755850455
4550097.774773574
4550467.904067941
4550838.063470614
4551208.252984034
4551578.472610649
4551948.722352899
4552319.002213254
4552689.312194153
4553059.652298047
4553430.022527377
4553800.422884612
4554170.853372194
4554541.313992564
4554911.8047481915
4555282.325641519
4555652.876674989
4556023.457851073
4556394.069172211
4556764.710640856
4557135.382259453
4557506.084030471
4557876.815956354
4558247.578039546
4558618.370282519
4558989.192687715
4559360.045257592
4559730.927994589
4560101.840901183
4560472.783979816
4560843.757232934
4561214.760663011
4561585.794272492
4561956.858063822
4562327.952039475
4562699.076201897
4563070.230553544
4563441.415096862
4563812.629834327
4564183.874768383
4564555.1499014795
4564926.45523609
4565297.790774664
4565669.156519657
4566040.552473516
4566411.978638719
4566783.435017712
4567154.921612946
4567526.438426896
4567897.985462012
4568269.562720741
4568641.170205561
4569012.807918923
4569384.4758632835
4569756.174041094
4570127.902454833
4570499.661106949
4570871.449999902
4571243.269136144
4571615.118518152
4571986.998148379
4572358.908029275
4572730.84816332
4573102.818552964
4573474.819200661
4573846.85010889
4574218.911280103
4574591.002716762
4574963.12442132
4575335.276396258
4575707.458644028
4576079.671167083
4576451.9139679065
4576824.18704895
4577196.490412678
4577568.824061543
4577941.1879980285
4578313.582224589
4578686.006743679
4579058.46155778
4579430.9466693485
4579803.46208084
4580176.007794737
4580548.583813495
4580921.19013958
4581293.8267754465
4581666.49372358
4582039.190986437
4582411.918566474
4582784.676466175
4583157.464687999
4583530.28323441
4583903.132107868
4584276.011310856
4584648.920845834
4585021.860715258
4585394.830921616
4585767.831467367
4586140.862354967
4586513.923586905
4586887.015165639
4587260.137093638
4587633.2893733615
4588006.472007297
4588379.684997904
4588752.928347653
4589126.202059003
4589499.506134442
4589872.840576433
4590246.205387434
4590619.600569936
4590993.026126401
4591366.482059287
4591739.968371087
4592113.485064262
4592487.032141282
4592860.60960461
4593234.2174567375
4593607.855700126
4593981.52433724
4594355.223370567
4594728.952802574
4595102.712635732
4595476.502872505
4595850.323515384
4596224.174566835
4596598.056029322
4596971.967905335
4597345.910197341
4597719.882907803
4598093.886039216
4598467.919594045
4598841.983574764
4599216.0779838385
4599590.202823764
4599964.358097005
4600338.543806027
4600712.759953327
4601087.0065413695
4601461.283572632
4601835.591049581
4602209.928974711
4602584.297350492
4602958.696179389
4603333.1254639
4603707.585206491
4604082.075409632
4604456.596075819
4604831.14720752
4605205.728807214
4605580.34087737
4605954.983420485
4606329.656439029
4606704.35993548
4607079.093912309
4607453.858372013
4607828.653317064
4608203.478749931
4608578.334673113
4608953.221089082
4609328.138000308
4609703.08540929
4610078.0633185
4610453.07173042
4610828.11064752
4611203.180072302
4611578.280007238
4611953.4104547985
4612328.571417486
4612703.762897775
4613078.984898144
4613454.237421069
4613829.520469052
4614204.834044565
4614580.178150083
4614955.552788108
4615330.957961113
4615706.393671575
4616081.859921995
4616457.356714848
4616832.884052619
4617208.441937784
4617584.030372845
4617959.64936028
4618335.298902562
4618710.979002196
4619086.689661661
4619462.43088344
4619838.202670011
4620214.005023879
4620589.83794752
4620965.701443412
4621341.595514062
4621717.520161946
4622093.475389543
4622469.461199358
4622845.477593871
4623221.524575569
4623597.60214693
4623973.710310463
4624349.849068645
4624726.018423967
4625102.218378906
4625478.4489359725
4625854.7100976445
4626231.001866403
4626607.324244756
4626983.677235185
4627360.06084017
4627736.47506222
4628112.919903818
4628489.395367452
4628865.9014556045
4629242.438170786
4629619.005515479
4629995.603492164
4630372.232103353
4630748.8913515285
4631125.581239182
4631502.301768796
4631879.052942883
4632255.8347639255
4632632.647234408
4633009.490356842
4633386.364133712
4633763.268567502
4634140.203660723
4634517.169415862
4634894.165835412
4635271.192921857
4635648.250677713
4636025.339105464
4636402.458207595
4636779.607986621
4637156.788445028
4637533.99958531
4637911.241409956
4638288.513921479
4638665.817122365
4639043.151015105
4639420.51560221
4639797.910886169
4640175.336869472
4640552.793554631
4640930.280944137
4641307.799040486
4641685.347846167
4642062.927363698
4642440.537595566
4642818.178544272
4643195.850212302
4643573.552602176
4643951.285716382
4644329.049557411
4644706.844127782
4645084.669429984
4645462.525466508
4645840.412239873
4646218.329752569
4646596.278007098
4646974.2570059495
4647352.266751645
4647730.307246676
4648108.378493533
4648486.480494737
4648864.61325278
4649242.776770166
4649620.971049385
4649999.1960929595
4650377.451903382
4650755.738483148
4651134.055834776
4651512.403960761
4651890.782863597
4652269.192545808
4652647.633009886
4653026.104258336
4653404.606293653
4653783.139118359
4654161.702734951
4654540.297145923
4654918.9223537985
4655297.578361074
4655676.265170256
4656054.982783838
4656433.731204347
4656812.510434278
4657191.320476129
4657570.161332425
4657949.033005662
4658327.935498348
4658706.868812981
4659085.832952086
4659464.827918161
4659843.853713705
4660222.910341244
4660601.997803277
4660981.116102313
4661360.265240849
4661739.445221414
4662118.656046507
4662497.897718628
4662877.170240305
4663256.473614038
4663635.807842326
4664015.1729277
4664394.5688726595
4664773.995679715
4665153.453351366
4665532.941890144
4665912.4612985505
4666292.011579086
4666671.592734281
4667051.204766639
4667430.847678669
4667810.521472875
4668190.226151789
4668569.961717913
4668949.728173749
4669329.52552183
4669709.353764659
4670089.212904739
4670469.102944604
4670849.023886757
4671228.975733712
4671608.958487974
4671988.972152074
4672369.0167285185
4672749.092219814
4673129.198628491
4673509.335957058
4673889.504208027
4674269.703383908
4674649.933487233
4675030.194520508
4675410.48648624
4675790.809386965
4676171.163225189
4676551.548003429
4676931.963724192
4677312.410390015
4677692.888003405
4678073.39656687
4678453.936082946
4678834.506554143
4679215.107982976
4679595.740371958
4679976.403723624
4680357.098040482
4680737.8233250445
4681118.579579847
4681499.3668074
4681880.185010213
4682261.034190827
4682641.91435175
4683022.825495503
4683403.767624597
4683784.7407415705
4684165.744848936
4684546.779949204
4684927.846044915
4685308.943138581
4685690.071232722
4686071.2303298535
4686452.420432514
4686833.641543216
4687214.893664473
4687596.176798827
4687977.490948791
4688358.836116878
4688740.212305631
4689121.619517563
4689503.057755198
4689884.52702105
4690266.027317664
4690647.558647552
4691029.121013229
4691410.714417241
4691792.338862101
4692173.994350335
4692555.680884458
4692937.3984670155
4693319.147100524
4693700.926787498
4694082.737530485
4694464.579331999
4694846.452194569
4695228.356120709
4695610.291112969
4695992.257173864
4696374.254305912
4696756.28251166
4697138.341793626
4697520.432154337
4697902.553596313
4698284.706122101
4698666.88973422
4699049.104435189
4699431.350227556
4699813.627113841
4700195.935096562
4700578.27417827
4700960.644361484
4701343.045648735
4701725.478042542
4702107.941545456
4702490.436159997
4702872.961888687
4703255.518734075
4703638.106698683
4704020.725785044
4704403.375995678
4704786.057333137
4705168.769799943
4705551.513398619
4705934.288131717
4706317.094001759
4706699.931011269
4707082.799162799
4707465.698458872
4707848.628902022
4708231.590494773
4708614.583239679
4708997.607139264
4709380.662196052
4709763.748412598
4710146.865791425
4710530.01433507
4710913.194046057
4711296.404926941
4711679.646980248
4712062.920208505
4712446.224614266
4712829.560200058
4713212.926968417
4713596.324921871
4713979.754062975
4714363.214394256
4714746.705918242
4715130.2286374895
4715513.782554528
4715897.367671893
4716280.983992114
4716664.631517748
4717048.310251324
4717432.020195372
4717815.761352449
4718199.533725084
4718583.337315808
4718967.172127178
4719351.038161726
4719734.935421989
4720118.863910501
4720502.823629819
4720886.8145824745
4721270.836770999
4721654.890197952
4722038.974865866
4722423.090777282
4722807.23793473
4723191.416340773
4723575.625997943
4723959.866908772
4724344.139075822
4724728.442501626
4725112.777188716
4725497.143139657
4725881.540356979
4726265.968843227
4726650.428600936
4727034.919632668
4727419.441940957
4727803.995528338
4728188.580397374
4728573.196550601
4728957.843990564
4729342.522719798
4729727.232740867
4730111.974056307
4730496.7466686545
4730881.550580474
4731266.385794302
4731651.252312685
4732036.150138161
4732421.079273294
4732806.039720622
4733191.031482683
4733576.0545620425
4733961.108961239
4734346.194682821
4734731.311729326
4735116.460103321
4735501.639807344
4735886.850843937
4736272.093215665
4736657.366925069
4737042.671974688
4737428.0083670905
4737813.376104816
4738198.775190416
4738584.205626428
4738969.667415424
4739355.160559945
4739740.6850625295
4740126.24092575
4740511.828152147
4740897.446744272
4741283.096704666
4741668.778035901
4742054.490740518
4742440.23482106
4742826.0102801
4743211.817120179
4743597.65534384
4743983.524953656
4744369.425952171
4744755.358341937
4745141.322125499
4745527.31730543
4745913.3438842725
4746299.401864573
4746685.491248906
4747071.612039813
4747457.764239851
4747843.947851566
4748230.162877531
4748616.409320292
4749002.687182396
4749388.996466417
4749775.337174902
4750161.709310407
4750548.112875478
4750934.547872693
4751321.014304598
4751707.512173739
4752094.041482694
4752480.602234012
4752867.19443025
4753253.818073954
4753640.4731677035
4754027.159714048
4754413.877715534
4754800.627174741
4755187.408094218
4755574.220476514
4755961.064324209
4756347.939639851
4756734.846426002
4757121.78468521
4757508.754420056
4757895.755633091
4758282.788326865
4758669.852503958
4759056.948166923
4759444.075318319
4759831.233960698
4760218.424096643
4760605.645728705
4760992.898859437
4761380.183491418
4761767.499627205
4762154.847269347
4762542.22642043
4762929.637083003
4763317.079259634
4763704.5529528735
4764092.058165306
4764479.594899486
4764867.163157966
4765254.762943332
4765642.394258139
4766030.05710495
4766417.751486321
4766805.477404837
4767193.234863053
4767581.023863526
4767968.84440884
4768356.696501552
4768744.5801442275
4769132.495339424
4769520.442089728
4769908.420397696
4770296.430265886
4770684.4716968825
4771072.544693246
4771460.649257543
4771848.785392331
4772236.953100199
4772625.152383705
4773013.383245408
4773401.645687895
4773789.939713726
4774178.2653254615
4774566.622525689
4774955.011316968
4775343.431701871
4775731.883682954
4776120.3672628105
4776508.882443999
4776897.429229081
4777286.007620647
4777674.617621258
4778063.259233486
4778451.932459891
4778840.6373030655
4779229.373765572
4779618.141849971
4780006.941558857
4780395.77289479
4780784.635860335
4781173.530458084
4781562.456690599
4781951.414560456
4782340.404070215
4782729.425222473
4783118.478019792
4783507.562464737
4783896.678559902
4784285.826307853
4784675.0057111615
4785064.216772396
4785453.45949415
4785842.73387899
4786232.03992948
4786621.377648218
4787010.747037767
4787400.148100707
4787789.580839601
4788179.045257049
4788568.541355615
4788958.069137868
4789347.628606403
4789737.219763791
4790126.842612607
4790516.4971554205
4790906.183394829
4791295.9013334
4791685.650973704
4792075.432318338
4792465.245369872
4792855.090130876
4793244.966603947
4793634.874791657
4794024.814696584
4794414.786321299
4794804.789668403
4795194.824740465
4795584.891540056
4795974.990069778
4796365.1203322
4796755.282329906
4797145.476065465
4797535.701541481
4797925.958760524
4798316.247725167
4798706.568438012
4799096.920901633
4799487.305118601
4799877.721091519
4800268.168822962
4800658.648315511
4801049.159571742
4801439.702594257
4801830.277385631
4802220.883948437
4802611.522285282
4803002.192398737
4803392.894291391
4803783.627965816
4804174.393424619
4804565.190670375
4804956.019705659
4805346.880533077
4805737.773155207
4806128.697574633
4806519.653793933
4806910.641815713
4807301.6616425505
4807692.713277023
4808083.796721737
4808474.91197927
4808866.059052211
4809257.237943138
4809648.448654658
4810039.691189351
4810430.965549793
4810822.271738596
4811213.609758337
4811604.979611597
4811996.381300984
4812387.814829078
4812779.280198469
4813170.777411738
4813562.306471494
4813953.867380319
4814345.460140793
4814737.084755527
4815128.741227102
4815520.4295581095
4815912.149751131
4816303.901808779
4816695.685733635
4817087.501528282
4817479.34919533
4817871.228737365
4818263.1401569685
4818655.083456753
4819047.058639302
4819439.0657072095
4819831.104663059
4820223.175509464
4820615.2782490095
4821007.41288428
4821399.579417889
4821791.777852422
4822184.008190473
4822576.270434628
4822968.564587504
4823360.890651683
4823753.248629754
4824145.638524332
4824538.060338003
4824930.5140733635
4825322.999733
4825715.51731953
4826108.06683554
4826500.6482836185
4826893.261666382
4827285.906986417
4827678.584246324
4828071.29344869
4828464.034596134
4828856.807691243
4829249.612736607
4829642.449734844
4830035.318688545
4830428.219600298
4830821.152472723
4831214.117308411
4831607.114109959
4832000.142879961
4832393.2036210345
4832786.296335772
4833179.4210267635
4833572.577696631
4833965.766347964
4834358.986983366
4834752.239605429
4835145.524216773
4835538.840819992
4835932.189417677
4836325.570012451
4836718.982606907
4837112.427203639
4837505.903805269
4837899.412414391
4838292.9530336065
4838686.525665513
4839080.130312732
4839473.76697786
4839867.435663489
4840261.136372245
4840654.869106723
4841048.633869528
4841442.430663255
4841836.25949053
4842230.120353948
4842624.0132561065
4843017.938199631
4843411.895187117
4843805.884221173
4844199.905304394
4844593.958439408
4844988.043628812
4845382.160875203
4845776.31018121
4846170.4915494295
4846564.70498247
4846958.950482931
4847353.228053439
4847747.537696594
4848141.879414996
4848536.253211272
4848930.659088022
4849325.097047847
4849719.567093375
4850114.0692272065
4850508.603451952
4850903.169770213
4851297.768184619
4851692.39869777
4852087.0613122685
4852481.756030746
4852876.482855802
4853271.241790051
4853666.032836093
4854060.85599656
4854455.711274056
4854850.598671182
4855245.518190572
4855640.469834828
4856035.453606553
4856430.4695083825
4856825.517542917
4857220.597712774
4857615.710020553
4858010.854468893
4858406.031060395
4858801.239797666
4859196.480683339
4859591.753720021
4859987.058910325
4860382.396256859
4860777.765762257
4861173.167429127
4861568.601260073
4861964.067257731
4862359.5654247105
4862755.095763626
4863150.658277085
4863546.2529677255
4863941.879838155
4864337.538890979
4864733.230128838
4865128.953554339
4865524.7091701
4865920.49697873
4866316.316982868
4866712.1691851225
4867108.0535881035
4867503.970194449
4867899.919006769
4868295.900027674
4868691.913259803
4869087.958705768
4869484.0363681875
4869880.146249672
4870276.288352865
4870672.462680375
4871068.669234814
4871464.908018825
4871861.179035017
4872257.482286014
4872653.817774427
4873050.1855029
4873446.585474043
4873843.017690471
4874239.482154827
4874635.978869722
4875032.507837771
4875429.069061619
4875825.662543878
4876222.288287171
4876618.946294115
4877015.636567353
4877412.3591095
4877809.113923172
4878205.901011012
4878602.720375636
4878999.57201967
4879396.45594573
4879793.372156462
4880190.320654482
4880587.301442406
4880984.314522881
4881381.359898523
4881778.437571961
4882175.547545811
4882572.689822721
4882969.864405308
4883367.071296191
4883764.310498016
4884161.582013404
4884558.885844981
4884956.221995369
4885353.590467214
4885750.991263136
4886148.424385754
4886545.88983772
4886943.387621651
4887340.917740169
4887738.480195924
4888136.074991534
4888533.702129633
4888931.361612841
4889329.053443807
4889726.777625156
4890124.534159507
4890522.323049512
4890920.144297793
4891317.997906983
4891715.8838797035
4892113.802218608
4892511.752926319
4892909.736005459
4893307.751458682
4893705.799288611
4894103.87949787
4894501.992089113
4894900.137064964
4895298.3144280575
4895696.524181017
4896094.766326498
4896493.040867127
4896891.347805526
4897289.687144353
4897688.058886233
4898086.463033802
4898484.899589685
4898883.368556539
4899281.869936991
4899680.403733666
4900078.969949222
4900477.568586287
4900876.199647497
4901274.863135481
4901673.559052895
4902072.287402368
4902471.048186528
4902869.841408033
4903268.667069512
4903667.5251736045
4904066.415722939
4904465.3387201745
4904864.2941679405
4905263.282068867
4905662.302425614
4906061.355240811
4906460.440517089
4906859.558257109
4907258.7084635
4907657.891138905
4908057.106285953
4908456.353907308
4908855.6340056
4909254.946583461
4909654.291643553
4910053.669188509
4910453.079220971
4910852.521743571
4911251.996758974
4911651.504269811
4912051.044278717
4912450.616788354
4912850.2218013555
4913249.859320357
4913649.529348023
4914049.231886988
4914448.9669398945
4914848.734509379
4915248.534598106
4915648.367208711
4916048.232343829
4916448.130006127
4916848.06019824
4917248.022922814
4917648.018182485
4918048.045979922
4918448.106317759
4918848.199198634
4919248.324625215
4919648.482600138
4920048.673126051
4920448.896205593
4920849.151841432
4921249.440036205
4921649.760792551
4922050.114113138
4922450.500000607
4922850.918457606
4923251.369486773
4923651.853090781
4924052.3692722665
4924452.918033872
4924853.499378265
4925254.113308089
4925654.759825982
4926055.438934617
4926456.150636634
4926856.894934684
4927257.6718314085
4927658.481329481
4928059.323431542
4928460.198140234
4928861.105458229
4929262.04538817
4929663.01793271
4930064.023094491
4930465.060876188
4930866.131280444
4931267.2343099015
4931668.369967235
4932069.538255089
4932470.739176108
4932871.972732966
4933273.238928308
4933674.537764789
4934075.869245053
4934477.233371778
4934878.630147608
4935280.059575189
4935681.521657197
4936083.0163962785
4936484.543795089
4936886.103856278
4937287.696582519
4937689.321976461
4938090.980040752
4938492.670778068
4938894.394191057
4939296.150282379
4939697.939054679
4940099.760510638
4940501.614652905
4940903.501484126
4941305.421006982
4941707.373224122
4942109.358138206
4942511.375751884
4942913.426067835
4943315.509088709
4943717.624817157
4944119.7732558595
4944521.954407468
4944924.168274633
4945326.414860034
4945728.694166326
4946131.006196168
4946533.350952213
4946935.728437142
4947338.138653609
4947740.581604266
4948143.057291795
4948545.56571885
4948948.106888093
4949350.680802179
4949753.28746379
4950155.926875581
4950558.599040206
4950961.3039603485
4951364.041638664
4951766.812077806
4952169.6152804615
4952572.451249283
4952975.3199869385
4953378.221496081
4953781.155779398
4954184.122839546
4954587.1226791795
4954990.155300986
4955393.220707622
4955796.318901756
4956199.449886042
4956602.613663169
4957005.810235794
4957409.039606576
4957812.301778202
4958215.59675333
4958618.924534629
4959022.285124757
4959425.678526403
4959829.104742227
4960232.5637748875
4960636.055627074
4961039.580301447
4961443.137800675
4961846.728127418
4962250.351284369
4962654.007274185
4963057.69609953
4963461.4177630935
4963865.172267537
4964268.95961552
4964672.779809738
4965076.6328528505
4965480.51874753
4965884.437496439
4966288.389102269
4966692.373567684
4967096.390895346
4967500.44108795
4967904.524148158
4968308.640078643
4968712.78888207
4969116.970561133
4969521.1851184955
4969925.432556823
4970329.712878809
4970734.02608712
4971138.37218442
4971542.751173405
4971947.16305674
4972351.6078371005
4972756.085517154
4973160.596099596
4973565.139587091
4973969.715982309
4974374.325287945
4974778.967506666
4975183.642641149
4975588.350694064
4975993.091668107
4976397.865565945
4976802.672390248
4977207.5121437125
4977612.38482901
4978017.2904488165
4978422.229005802
4978827.200502667
4979232.204942079
4979637.242326709
4980042.312659257
4980447.415942393
4980852.552178797
4981257.721371139
4981662.923522122
4982068.158634415
4982473.426710689
4982878.727753649
4983284.061765961
4983689.428750302
4984094.828709371
4984500.261645841
4984905.727562397
4985311.226461708
4985716.758346479
4986122.323219383
4986527.921083094
4986933.5519403145
4987339.215793719
4987744.912645991
4988150.642499806
4988556.4053578675
4988962.201222851
4989368.030097431
4989773.891984312
4990179.7868861705
4990585.714805681
4990991.675745551
4991397.669708455
4991803.6966970805
4992209.756714103
4992615.849762229
4993021.975844137
4993428.134962503
4993834.327120034
4994240.552319408
4994646.810563313
4995053.101854427
4995459.4261954585
4995865.783589085
4996272.1740379855
4996678.59754487
4997085.054112417
4997491.543743314
4997898.066440243
4998304.622205914
4998711.211043005
4999117.832954196
4999524.4879422
4999931.176009696
5000337.897159375
5000744.651393918
5001151.438716036
5001558.259128412
5001965.112633726
5002371.99923469
5002778.918933988
5003185.871734301
5003592.857638341
5003999.876648792
5004406.928768347
5004814.013999689
5005221.132345531
5005628.283808558
5006035.468391453
5006442.68609693
5006849.936927673
5007257.220886379
5007664.5379757285
5008071.888198441
5008479.271557199
5008886.688054688
5009294.137693626
5009701.620476697
5010109.1364065865
5010516.685486013
5010924.267717661
5011331.883104228
5011739.531648402
5012147.213352899
5012554.928220407
5012962.676253613
5013370.4574552355
5013778.271827962
5014186.119374492
5014594.000097513
5015001.913999744
5015409.861083874
5015817.841352592
5016225.854808617
5016633.901454641
5017041.981293361
5017450.0943274675
5017858.240559682
5018266.419992696
5018674.632629196
5019082.878471907
5019491.157523519
5019899.469786733
5020307.815264241
5020716.193958765
5021124.605872996
5021533.051009627
5021941.529371381
5022350.040960949
5022758.585781026
5023167.163834333
5023575.775123566
5023984.419651427
5024393.0974206105
5024801.808433839
5025210.552693808
5025619.330203212
5026028.140964775
5026436.984981193
5026845.86225517
5027254.772789402
5027663.716586614
5028072.6936495025
5028481.7039807625
5028890.747583122
5029299.824459276
5029708.934611921
5030118.078043785
5030527.2547575645
5030936.464755966
5031345.708041688
5031754.98461746
5032164.294485976
5032573.6376499375
5032983.014112071
5033392.423875077
5033801.8669416625
5034211.3433145275
5034620.8529964015
5035030.395989984
5035439.972297974
5035849.581923102
5036259.2248680685
5036668.901135583
5037078.610728348
5037488.353649092
5037898.129900517
5038307.939485325
5038717.782406246
5039127.658665984
5039537.5682672495
5039947.511212744
5040357.487505201
5040767.497147324
5041177.5401418125
5041587.616491403
5041997.726198798
5042407.8692667
5042818.045697843
5043228.255494932
5043638.49866068
5044048.775197791
5044459.085109001
5044869.428397015
5045279.805064536
5045690.2151143
5046100.6585490145
5046511.1353713935
5046921.645584142
5047332.189189998
5047742.766191668
5048153.376591857
5048564.020393302
5048974.697598711
5049385.408210791
5049796.152232279
5050206.929665883
5050617.740514322
5051028.584780302
5051439.462466563
5051850.373575813
5052261.31811076
5052672.2960741455
5053083.307468676
5053494.352297072
5053905.4305620445
5054316.542266331
5054727.687412643
5055138.866003691
5055550.078042215
5055961.323530926
5056372.602472546
5056783.914869783
5057195.260725384
5057606.640042055
5058018.052822511
5058429.499069493
5058840.978785715
5059252.491973897
5059664.038636754
5060075.618777028
5060487.232397433
5060898.879500682
5061310.560089517
5061722.274166655
5062134.021734808
5062545.8027967205
5062957.617355108
5063369.465412694
5063781.3469721945
5064193.262036355
5064605.21060789
5065017.192689516
5065429.2082839785
5065841.257393993
5066253.340022286
5066665.456171576
5067077.605844608
5067489.789044098
5067902.005772765
5068314.256033356
5068726.539828589
5069138.857161181
5069551.20803388
5069963.592449406
5070376.010410487
5070788.4619198395
5071200.946980216
5071613.465594333
5072026.01776491
5072438.603494699
5072851.222786418
5073263.875642797
5073676.562066558
5074089.282060449
5074502.035627194
5074914.822769511
5075327.643490152
5075740.49779184
5076153.385677305
5076566.307149269
5076979.262210485
5077392.250863675
5077805.27311156
5078218.328956896
5078631.418402404
5079044.541450817
5079457.698104858
5079870.888367282
5080284.112240813
5080697.369728174
5081110.660832119
5081523.985555375
5081937.343900664
5082350.735870742
5082764.161468335
5083177.620696178
5083591.113556995
5084004.640053545
5084418.200188552
5084831.793964742
5085245.421384873
5085659.08245167
5086072.777167873
5086486.505536206
5086900.267559429
5087314.063240267
5087727.89258145
5088141.755585736
5088555.652255852
5088969.582594527
5089383.546604521
5089797.544288562
5090211.575649389
5090625.640689732
5091039.73941235
5091453.871819974
5091868.037915333
5092282.237701188
5092696.4711802695
5093110.738355319
5093525.039229065
5093939.373804272
5094353.74208367
5094768.144069988
5095182.579765993
5095597.049174414
5096011.5522979945
5096426.089139465
5096840.65970159
5097255.2639871035
5097669.901998737
5098084.573739255
5098499.27921139
5098914.018417887
5099328.79136148
5099743.598044933
5100158.43847098
5100573.312642356
5100988.220561828
5101403.16223213
5101818.137655996
5102233.146836193
5102648.189775458
5103063.266476535
5103478.3769421615
5103893.521175105
5104308.699178101
5104723.910953885
5105139.156505228
5105554.435834865
5105969.7489455445
5106385.095840003
5106800.476521011
5107215.890991306
5107631.339253625
5108046.821310739
5108462.337165386
5108877.886820306
5109293.470278268
5109709.0875420105
5110124.738614286
5110540.423497832
5110956.142195421
5111371.894709793
5111787.681043688
5112203.501199879
5112619.3551811045
5113035.242990118
5113451.164629661
5113867.120102505
5114283.109411392
5114699.132559066
5115115.189548297
5115531.2803818295
5115947.4050624175
5116363.563592802
5116779.755975758
5117195.982214029
5117612.242310358
5118028.536267521
5118444.8640882615
5118861.225775334
5119277.621331483
5119694.050759485
5120110.514062084
5120527.0112420255
5120943.542302086
5121360.107245011
5121776.706073548
5122193.338790472
5122610.00539853
5123026.705900478
5123443.440299064
5123860.208597067
5124277.010797231
5124693.846902307
5125110.716915071
5125527.620838272
5125944.55867467
5126361.53042701
5126778.536098073
5127195.575690609
5127612.649207367
5128029.756651125
5128446.898024634
5128864.0733306445
5129281.282571935
5129698.525751258
5130115.8028713735
5130533.113935032
5130950.4589450145
5131367.837904073
5131785.2508149585
5132202.697680454
5132620.17850331
5133037.69328629
5133455.242032145
5133872.82474366
5134290.441423587
5134708.092074677
5135125.776699716
5135543.495301457
5135961.247882664
5136379.03444609
5136796.8549945215
5137214.709530711
5137632.5980574135
5138050.520577414
5138468.477093468
5138886.467608342
5139304.492124789
5139722.550645598
5140140.643173523
5140558.769711321
5140976.930261778
5141395.124827651
5141813.353411698
5142231.616016705
5142649.91264543
5143068.24330064
5143486.607985093
5143905.006701579
5144323.439452854
5144741.906241678
5145160.407070839
5145578.941943096
5145997.510861219
5146416.113827966
5146834.750846128
5147253.421918466
5147672.127047736
5148090.866236733
5148509.6394882165
5148928.446804945
5149347.288189712
5149766.163645278
5150185.073174414
5150604.016779882
5151022.994464474
5151442.006230952
5151861.052082079
5152280.132020648
5152699.24604942
5153118.39417117
5153537.57638866
5153956.792704685
5154376.043122007
5154795.32764339
5155214.64627163
5155633.99900949
5156053.385859746
5156472.806825161
5156892.261908531
5157311.751112622
5157731.274440198
5158150.831894057
5158570.423476963
5158990.049191694
5159409.709041014
5159829.403027723
5160249.131154585
5160668.8934243675
5161088.68983987
5161508.520403858
5161928.3851191
5162348.283988394
5162768.217014508
5163188.184200222
5163608.185548303
5164028.22106155
5164448.2907427335
5164868.394594621
5165288.532620015
5165708.704821682
5166128.911202404
5166549.151764951
5166969.426512123
5167389.735446692
5167810.078571428
5168230.455889133
5168650.867402577
5169071.313114533
5169491.793027802
5169912.307145158
5170332.8554693805
5170753.438003243
5171174.05474955
5171594.705711073
5172015.390890585
5172436.110290891
5172856.863914763
5173277.651764986
5173698.473844334
5174119.33015561
5174540.220701591
5174961.14548505
5175382.104508793
5175803.097775594
5176224.125288242
5176645.187049507
5177066.2830622
5177487.413329096
5177908.577852969
5178329.776636628
5178751.00968285
5179172.276994422
5179593.578574119
5180014.914424751
5180436.284549096
5180857.68894993
5181279.127630062
5181700.600592272
5182122.107839337
5182543.649374066
5182965.225199239
5183386.835317645
5183808.479732063
5184230.158445303
5184651.871460147
5185073.6187793715
5185495.400405791
5185917.216342184
5186339.066591341
5186760.951156044
5187182.870039105
5187604.823243305
5188026.810771425
5188448.832626279
5188870.888810649
5189292.979327315
5189715.104179094
5190137.263368765
5190559.456899123
5190981.6847729515
5191403.946993064
5191826.243562245
5192248.574483277
5192670.939758976
5193093.339392127
5193515.773385523
5193938.241741949
5194360.744464222
5194783.281555127
5195205.853017448
5195628.458854005
5196051.099067579
5196473.773660971
5196896.482636964
5197319.2259983765
5197742.003747996
5198164.815888609
5198587.662423034
5199010.543354058
5199433.458684479
5199856.408417085
5200279.392554696
5200702.411100099
5201125.464056083
5201548.551425468
5201971.673211044
5202394.829415598
5202818.020041952
5203241.245092896
5203664.504571229
5204087.798479742
5204511.126821257
5204934.489598563
5205357.886814453
5205781.3184717465
5206204.784573237
5206628.285121726
5207051.820120004
5207475.389570896
5207898.993477192
5208322.631841686
5208746.304667201
5209170.01195653
5209593.753712466
5210017.5299378345
5210441.340635428
5210865.18580805
5211289.065458496
5211712.979589592
5212136.928204129
5212560.911304905
5212984.928894745
5213408.980976444
5213833.067552808
5214257.188626632
5214681.344200744
5215105.534277939
5215529.758861014
5215954.017952796
5216378.311556083
5216802.639673681
5217227.002308387
5217651.399463031
5218075.831140411
5218500.297343322
5218924.798074597
5219349.33333703
5219773.903133434
5220198.507466606
5220623.1463393755
5221047.819754544
5221472.527714908
5221897.270223301
5222322.047282521
5222746.858895369
5223171.705064678
5223596.585793246
5224021.501083885
5224446.450939397
5224871.435362615
5225296.454356338
5225721.507923369
5226146.596066543
5226571.71878866
5226996.876092534
5227422.067980966
5227847.294456791
5228272.555522813
5228697.851181835
5229123.181436691
5229548.546290186
5229973.945745123
5230399.379804337
5230824.848470635
5231250.351746829
5231675.889635726
5232101.462140162
5232527.069262941
5232952.7110068705
5233378.387374787
5233804.098369496
5234229.843993816
5234655.624250551
5235081.43914254
5235507.288672592
5235933.17284351
5236359.091658137
5236785.045119278
5237211.033229753
5237637.05599237
5238063.113409966
5238489.205485353
5238915.332221338
5239341.493620762
5239767.689686433
5240193.920421174
5240620.185827791
5241046.485909128
5241472.820667993
5241899.190107198
5242325.5942295855
5242752.033037965
5243178.506535147
5243605.014723976
5244031.557607263
5244458.13518783
5244884.747468488
5245311.394452083
5245738.076141425
5246164.792539328
5246591.543648636
5247018.329472163
5247445.150012731
5247872.005273155
5248298.89525628
5248725.819964919
5249152.779401888
5249579.773570033
5250006.802472167
5250433.866111105
5250860.964489696
5251288.097610753
5251715.265477104
5252142.468091563
5252569.705456979
5252996.977576168
5253424.284451946
5253851.626087162
5254279.002484633
5254706.413647186
5255133.859577639
5255561.340278842
5255988.855753611
5256416.406004765
5256843.991035155
5257271.610847599
5257699.265444925
5258126.954829955
5258554.679005536
5258982.437974491
5259410.231739638
5259838.060303829
5260265.923669884
5260693.821840635
5261121.7548189005
5261549.722607534
5261977.725209358
5262405.762627193
5262833.834863891
5263261.941922275
5263690.083805167
5264118.260515421
5264546.472055859
5264974.718429314
5265402.99963861
5265831.3156866
5266259.666576111
5266688.052309962
5267116.472891012
5267544.928322084
5267973.418606013
5268401.943745622
5268830.5037437705
5269259.098603281
5269687.72832698
5270116.392917724
5270545.09237834
5270973.826711652
5271402.595920519
5271831.400007768
5272260.238976235
5272689.112828746
5273118.021568162
5273546.96519731
5273975.943719015
5274404.95713614
5274834.005451512
5275263.088667967
5275692.206788338
5276121.359815482
5276550.547752229
5276979.770601409
5277409.028365881
5277838.321048477
5278267.648652036
5278697.011179388
5279126.408633396
5279555.84101689
5279985.3083327
5280414.81058369
5280844.347772691
5281273.919902545
5281703.526976083
5282133.16899617
5282562.845965638
5282992.557887317
5283422.304764073
5283852.08659874
5284281.90339415
5284711.755153168
5285141.641878627
5285571.563573373
5286001.520240238
5286431.511882089
5286861.538501761
5287291.600102088
5287721.696685937
5288151.828256143
5288581.994815552
5289012.196366999
5289442.432913353
5289872.704457449
5290303.011002122
5290733.352550244
5291163.729104649
5291594.140668175
5292024.58724369
5292455.068834033
5292885.585442051
5293316.137070582
5293746.723722498
5294177.345400634
5294608.002107832
5295038.69384696
5295469.420620858
5295900.182432376
5296330.979284354
5296761.811179662
5297192.678121142
5297623.580111634
5298054.517154009
5298485.489251109
5298916.496405784
5299347.538620876
5299778.615899259
5300209.728243774
5300640.875657262
5301072.058142599
5301503.2757026255
5301934.528340194
5302365.81605815
5302797.138859366
5303228.496746686
5303659.8897229545
5304091.317791046
5304522.780953803
5304954.279214073
5305385.812574729
5305817.381038618
5306248.984608594
5306680.623287504
5307112.297078223
5307544.005983597
5307975.750006473
5308407.529149727
5308839.3434162075
5309271.192808771
5309703.0773302615
5310134.996983562
5310566.951771516
5310998.941696974
5311430.966762814
5311863.026971884
5312295.122327032
5312727.252831139
5313159.4184870515
5313591.619297631
5314023.855265726
5314456.126394218
5314888.432685956
5315320.77414379
5315753.150770601
5316185.56256924
5316618.009542569
5317050.491693436
5317483.009024726
5317915.56153929
5318348.149239978
5318780.772129675
5319213.430211232
5319646.123487513
5320078.851961368
5320511.615635683
5320944.41451331
5321377.248597103
5321810.117889946
5322243.022394693
5322675.962114209
5323108.9370513465
5323541.947208993
5323974.992590002
5324408.073197227
5324841.189033558
5325274.3401018465
5325707.52640495
5326140.747945756
5326574.004727119
5327007.296751907
5327440.624022975
5327873.986543212
5328307.384315475
5328740.81734262
5329174.285627538
5329607.789173085
5330041.3279821295
5330474.9020575285
5330908.511402173
5331342.156018922
5331775.835910633
5332209.551080197
5332643.301530473
5333077.087264321
5333510.908284631
5333944.764594264
5334378.65619609
5334812.58309297
5335246.545287794
5335680.542783427
5336114.575582726
5336548.643688586
5336982.747103867
5337416.885831443
5337851.059874174
5338285.269234955
5338719.513916649
5339153.793922118
5339588.109254256
5340022.459915927
5340456.845910003
5340891.267239351
5341325.7239068635
5341760.215915405
5342194.743267841
5342629.305967066
5343063.904015947
5343498.537417358
5343933.206174164
5344367.910289263
5344802.64976552
5345237.424605801
5345672.234813004
5346107.080389995
5346541.961339641
5346976.877664842
5347411.829368462
5347846.8164533805
5348281.838922465
5348716.896778615
5349151.990024699
5349587.118663584
5350022.282698171
5350457.482131328
5350892.716965937
5351327.987204863
5351763.29285101
5352198.633907247
5352634.010376444
5353069.4222615035
5353504.869565294
5353940.352290687
5354375.870440586
5354811.424017861
5355247.013025394
5355682.637466055
5356118.297342751
5356553.992658352
5356989.723415729
5357425.489617787
5357861.291267401
5358297.128367451
5358733.000920812
5359168.908930388
5359604.852399055
5360040.831329685
5360476.845725183
5360912.895588426
5361348.980922298
5361785.1017296715
5362221.258013455
5362657.449776526
5363093.677021756
5363529.939752055
5363966.237970299
5364402.571679373
5364838.940882155
5365275.345581553
5365711.785780444
5366148.261481705
5366584.7726882445
5367021.3194029415
5367457.901628673
5367894.519368349
5368331.172624847
5368767.861401057
5369204.585699857
5369641.345524159
5370078.140876843
5370514.971760785
5370951.838178899
5371388.740134066
5371825.677629174
5372262.650667105
5372699.659250771
5373136.703383053
5373573.7830668315
5374010.898305021
5374448.049100503
5374885.235456158
5375322.457374901
5375759.714859613
5376197.007913189
5376634.33653851
5377071.700738492
5377509.1005160175
5377946.53587397
5378384.006815266
5378821.513342788
5379259.055459432
5379696.633168081
5380134.246471653
5380571.895373032
5381009.579875103
5381447.299980784
5381885.05569296
5382322.847014528
5382760.673948372
5383198.536497412
5383636.434664535
5384074.368452626
5384512.337864606
5384950.34290336
5385388.383571787
5385826.459872775
5386264.571809243
5386702.71938408
5387140.902600174
5387579.121460445
5388017.375967784
5388455.666125077
5388893.991935248
5389332.353401184
5389770.7505257875
5390209.183311947
5390647.651762586
5391086.155880594
5391524.695668862
5391963.271130314
5392401.882267839
5392840.529084342
5393279.211582712
5393717.929765874
5394156.68363672
5394595.473198142
5395034.298453066
5395473.159404382
5395912.056054986
5396350.988407803
5396789.956465724
5397228.960231656
5397667.999708492
5398107.074899158
5398546.18580655
5398985.332433561
5399424.514783119
5399863.732858119
5400302.986661466
5400742.276196056
5401181.601464819
5401620.962470649
5402060.359216442
5402499.791705129
5402939.259939605
5403378.763922778
5403818.303657546
5404257.879146837
5404697.490393551
5405137.137400584
5405576.820170867
5406016.5387073
5406456.29301279
5406896.083090237
5407335.908942574
5407775.770572697
5408215.667983508
5408655.601177938
5409095.570158888
5409535.574929257
5409975.61549198
5410415.691849955
5410855.804006096
5411295.951963304
5411736.135724511
5412176.35529262
5412616.610670534
5413056.901861186
5413497.228867479
5413937.591692326
5414377.99033863
5414818.424809326
5415258.89510732
5415699.4012355115
5416139.94319684
5416580.520994208
5417021.13463052
5417461.784108713
5417902.469431693
5418343.190602374
5418783.947623662
5419224.740498494
5419665.569229778
5420106.433820428
5420547.334273352
5420988.270591488
5421429.242777743
5421870.250835025
5422311.294766271
5422752.37457439
5423193.4902622895
5423634.6418329105
5424075.82928916
5424517.052633945
5424958.31187021
5425399.60700086
5425840.938028819
5426282.304956992
5426723.707788324
5427165.146525723
5427606.6211721115
5428048.131730397
5428489.678203525
5428931.260594405
5429372.878905948
5429814.533141099
5430256.223302768
5430697.949393865
5431139.711417338
5431581.509376096
5432023.343273064
5432465.213111154
5432907.118893311
5433349.060622449
5433791.03830148
5434233.051933351
5434675.101520975
5435117.187067278
5435559.308575173
5436001.466047607
5436443.659487496
5436885.888897754
5437328.154281328
5437770.455641136
5438212.792980091
5438655.1663011415
5439097.575607206
5439540.020901209
5439982.502186068
5440425.019464734
5440867.572740122
5441310.1620151615
5441752.787292768
5442195.448575895
5442638.145867459
5443080.879170376
5443523.6484876005
5443966.45382205
5444409.295176643
5444852.172554333
5445295.085958037
5445738.035390675
5446181.020855201
5446624.042354535
5447067.099891608
5447510.19346934
5447953.323090685
5448396.488758563
5448839.690475908
5449282.928245641
5449726.202070716
5450169.511954055
5450612.857898581
5451056.239907249
5451499.657982981
5451943.1121287
5452386.602347364
5452830.128641893
5453273.691015225
5453717.289470281
5454160.924010021
5454604.594637367
5455048.301355244
5455492.044166611
5455935.823074391
5456379.638081522
5456823.489190929
5457267.376405571
5457711.299728373
5458155.259162262
5458599.254710197
5459043.286375106
5459487.354159914
5459931.458067583
5460375.598101039
5460819.774263223
5461263.98655706
5461708.234985512
5462152.519551508
5462596.840257987
5463041.197107879
5463485.590104145
5463930.019249715
5464374.484547517
5464818.986000516
5465263.5236116415
5465708.097383823
5466152.707320024
5466597.353423176
5467042.03569621
5467486.754142091
5467931.508763747
5468376.299564125
5468821.126546155
5469265.989712802
5469710.889066999
5470155.824611689
5470600.796349806
5471045.804284316
5471490.848418151
5471935.928754246
5472381.045295568
5472826.19804505
5473271.387005627
5473716.612180267
5474161.873571905
5474607.1711834865
5475052.5050179465
5475497.875078254
5475943.281367345
5476388.723888155
5476834.202643653
5477279.717636778
5477725.268870475
5478170.856347681
5478616.480071368
5479062.140044472
5479507.836269932
5479953.568750718
5480399.337489768
5480845.142490022
5481290.9837544495
5481736.861285991
5482182.775087597
5482628.725162205
5483074.711512789
5483520.734142289
5483966.793053656
5484412.8882498285
5484859.019733783
5485305.187508459
5485751.391576798
5486197.631941773
5486643.908606327
5487090.221573401
5487536.570845971
5487982.956426978
5488429.378319365
5488875.836526109
5489322.331050151
5489768.861894446
5490215.429061938
5490662.032555603
5491108.672378386
5491555.348533242
5492002.061023114
5492448.809850981
5492895.595019788
5493342.416532479
5493789.274392034
5494236.168601397
5494683.099163515
5495130.0660813665
5495577.069357899
5496024.108996069
5496471.184998823
5496918.297369143
5497365.446109975
5497812.631224265
5498259.852714997
5498707.110585118
5499154.404837585
5499601.735475349
5500049.102501392
5500496.505918662
5500943.945730108
5501391.421938713
5501838.934547426
5502286.483559198
5502734.068977012
5503181.690803818
5503629.349042579
5504077.043696244
5504524.774767798
5504972.542260193
5505420.3461763915
5505868.186519345
5506316.063292039
5506763.976497425
5507211.926138456
5507659.912218119
5508107.934739366
5508555.993705151
5509004.089118459
5509452.220982247
5509900.389299465
5510348.594073105
5510796.835306117
5511245.1130014695
5511693.427162116
5512141.777791047
5512590.164891216
5513038.588465591
5513487.048517127
5513935.545048813
5514384.078063607
5514832.647564464
5515281.253554377
5515729.896036299
5516178.5750131905
5516627.290488041
5517076.042463808
5517524.830943462
5517973.655929961
5518422.517426297
5518871.415435428
5519320.349960312
5519769.321003945
5520218.328569284
5520667.3726592995
5521116.453276953
5521565.5704252375
5522014.724107114
5522463.914325541
5522913.141083516
5523362.404383998
5523811.704229949
5524261.040624365
5524710.413570207
5525159.823070448
5525609.269128051
5526058.751746011
5526508.270927292
5526957.826674869
5527407.418991704
5527857.047880794
5528306.713345103
5528756.415387595
5529206.154011269
5529655.929219088
5530105.741014017
5530555.589399056
5531005.474377168
5531455.39595132
5531905.354124512
5532355.348899707
5532805.380279886
5533255.448268013
5533705.552867089
5534155.694080082
5534605.871909969
5535056.086359716
5535506.337432328
5535956.62513077
5536406.949458011
5536857.310417054
5537307.708010866
5537758.142242417
5538208.613114708
5538659.120630711
5539109.664793405
5539560.24560576
5540010.86307078
5540461.517191435
5540912.2079706965
5541362.935411568
5541813.69951702
5542264.500290037
5542715.337733588
5543166.21185068
5543617.122644286
5544068.070117376
5544519.054272956
5544970.0751140015
5545421.132643484
5545872.226864409
5546323.357779751
5546774.525392495
5547225.729705616
5547676.97072212
5548128.248444983
5548579.562877189
5549030.9140217155
5549482.3018815685
5549933.726459726
5550385.187759162
5550836.685782886
5551288.220533875
5551739.792015105
5552191.400229586
5552643.045180296
5553094.72687021
5553546.44530234
5553998.200479665
5554449.992405172
5554901.82108184
5555353.686512682
5555805.5887006745
5556257.527648808
5556709.503360063
5557161.515837451
5557613.565083953
5558065.651102546
5558517.773896246
5558969.933468034
5559422.129820888
5559874.362957824
5560326.632881822
5560778.939595876
5561231.283102967
5561683.6634061085
5562136.080508285
5562588.534412477
5563041.025121702
5563493.552638941
5563946.11696719
5564398.718109431
5564851.356068681
5565304.030847925
5565756.742450145
5566209.49087836
5566662.276135555
5567115.098224713
5567567.957148854
5568020.852910961
5568473.785514033
5568926.754961056
5569379.761255046
5569832.804398993
5570285.884395893
5570739.001248732
5571192.154960531
5571645.345534277
5572098.572972958
5572551.8372795945
5573005.138457174
5573458.476508685
5573911.8514371505
5574365.263245557
5574818.711936895
5575272.197514187
5575725.7199804215
5576179.279338599
5576632.87559171
5577086.508742779
5577540.178794794
5577993.885750758
5578447.629613663
5578901.410386532
5579355.2280723555
5579809.082674127
5580262.974194871
5580716.9026375795
5581170.868005244
5581624.870300892
5582078.909527515
5582532.985688118
5582987.098785694
5583441.248823269
5583895.435803839
5584349.659730395
5584803.920605968
5585258.21843355
5585712.553216147
5586166.924956755
5586621.333658402
5587075.7793240845
5587530.261956796
5587984.781559569
5588439.338135397
5588893.931687278
5589348.56221824
5589803.229731284
5590257.934229414
5590712.67571563
5591167.4541929625
5591622.269664409
5592077.122132978
5592532.011601671
5592986.938073516
5593441.901551515
5593896.9020386655
5594351.939538001
5594807.014052521
5595262.125585226
5595717.274139148
5596172.45971729
5596627.682322648
5597082.941958262
5597538.238627128
5597993.572332262
5598448.943076664
5598904.350863369
5599359.79569538
5599815.277575711
5600270.796507363
5600726.352493373
5601181.945536744
5601637.575640478
5602093.242807615
5602548.947041156
5603004.688344106
5603460.4667195035
5603916.282170352
5604372.134699668
5604828.024310456
5605283.951005754
5605739.914788569
5606195.915661907
5606651.953628806
5607108.028692273
5607564.140855325
5608020.29012097
5608476.476492248
5608932.699972165
5609388.9605637295
5609845.258269982
5610301.593093932
5610757.9650385855
5611214.374106986
5611670.820302143
5612127.303627074
5612583.8240847895
5613040.381678333
5613496.976410713
5613953.608284951
5614410.277304058
5614866.983471077
5615323.726789019
5615780.507260894
5616237.324889748
5616694.179678592
5617151.071630437
5617608.000748328
5618064.967035279
5618521.9704943
5618979.01112844
5619436.088940709
5619893.203934133
5620350.356111724
5620807.545476531
5621264.772031566
5621722.035779855
5622179.336724413
5622636.674868287
5623094.050214491
5623551.462766042
5624008.912525989
5624466.399497346
5624923.923683129
5625381.485086389
5625839.0837101415
5626296.719557413
5626754.392631222
5627212.102934618
5627669.850470619
5628127.635242241
5628585.457252538
5629043.316504526
5629501.213001235
5629959.146745684
5630417.117740924
5630875.1259899745
5631333.171495855
5631791.254261619
5632249.374290286
5632707.531584875
5633165.7261484405
5633623.957984004
5634082.227094595
5634540.533483237
5634998.877152983
5635457.258106855
5635915.676347886
5636374.131879098
5636832.624703547
5637291.154824255
5637749.722244244
5638208.326966573
5638666.968994262
5639125.648330336
5639584.364977852
5640043.118939836
5640501.910219308
5640960.738819329
5641419.604742923
5641878.507993126
5642337.448572963
5642796.426485493
5643255.441733742
5643714.4943207465
5644173.584249534
5644632.711523162
5645091.87614466
5645551.078117052
5646010.317443402
5646469.594126734
5646928.908170078
5647388.259576495
5647847.648349011
5648307.074490669
5648766.538004495
5649226.038893553
5649685.577160872
5650145.15280948
5650604.7658424415
5651064.416262785
5651524.104073553
5651983.829277776
5652443.5918785175
5652903.391878809
5653363.22928168
5653823.104090197
5654283.016307391
5654742.965936294
5655202.952979971
5655662.977441455
5656123.039323791
5656583.138630009
5657043.275363178
5657503.44952633
5657963.661122511
5658423.910154752
5658884.196626125
5659344.520539661
5659804.881898395
5660265.280705396
5660725.7169637
5661186.19067634
5661646.701846387
5662107.250476876
5662567.836570843
5663028.460131358
5663489.121161458
5663949.8196641905
5664410.555642592
5664871.329099734
5665332.140038655
5665792.9884624025
5666253.874374014
5666714.797776563
5667175.758673088
5667636.757066626
5668097.792960252
5668558.866357002
5669019.977259919
5669481.125672074
5669942.311596509
5670403.535036273
5670864.795994408
5671326.094473989
5671787.430478056
5672248.804009649
5672710.215071846
5673171.663667686
5673633.149800224
5674094.673472501
5674556.234687595
5675017.833448546
5675479.469758399
5675941.14362023
5676402.855037084
5676864.604012001
5677326.3905480625
5677788.214648312
5678250.076315803
5678711.975553582
5679173.912364728
5679635.886752284
5680097.898719309
5680559.948268848
5681022.03540398
5681484.1601277515
5681946.322443209
5682408.522353433
5682870.75986147
5683333.034970367
5683795.347683207
5684257.698003035
5684720.085932901
5685182.511475886
5685644.9746350385
5686107.475413418
5686570.013814074
5687032.589840089
5687495.2034945125
5687957.854780406
5688420.543700818
5688883.270258834
5689346.034457504
5689808.836299877
5690271.67578904
5690734.552928043
5691197.467719937
5691660.4201678075
5692123.410274707
5692586.4380437
5693049.503477835
5693512.6065802025
5693975.747353854
5694438.925801842
5694902.141927253
5695365.395733143
5695828.687222576
5696292.016398605
5696755.38326432
5697218.787822775
5697682.230077023
5698145.710030155
5698609.227685226
5699072.783045292
5699536.376113442
5700000.006892731
5700463.6753862295
5700927.381596991
5701391.125528108
5701854.907182638
5702318.726563648
5702782.583674197
5703246.478517376
5703710.411096243
5704174.3814138565
5704638.38947331
5705102.43527766
5705566.518829967
5706030.640133325
5706494.799190792
5706958.996005429
5707423.230580329
5707887.502918553
5708351.813023173
5708816.160897248
5709280.546543877
5709744.969966117
5710209.431167044
5710673.930149716
5711138.466917234
5711603.041472657
5712067.653819048
5712532.303959504
5712996.9918970885
5713461.717634864
5713926.481175929
5714391.282523347
5714856.121680193
5715320.99864953
5715785.913434459
5716250.866038044
5716715.856463349
5717180.884713475
5717645.950791487
5718111.05470046
5718576.196443463
5719041.376023594
5719506.593443922
5719971.848707511
5720437.1418174645
5720902.472776848
5721367.84158873
5721833.248256212
5722298.692782362
5722764.1751702605
5723229.695422974
5723695.253543608
5724160.849535229
5724626.4834009195
5725092.155143747
5725557.864766818
5726023.6122732
5726489.397665964
5726955.2209482165
5727421.082123026
5727886.981193464
5728352.918162637
5728818.893033615
5729284.905809471
5729750.956493311
5730217.0450882055
5730683.1715972405
5731149.336023487
5731615.538370054
5732081.778640014
5732548.056836452
5733014.37296244
5733480.72702109
5733947.119015472
5734413.548948663
5734880.016823772
5735346.522643873
5735813.066412041
5736279.648131387
5736746.267804987
5737212.925435926
5737679.621027282
5738146.354582166
5738613.1261036545
5739079.935594823
5739546.783058785
5740013.668498617
5740480.591917409
5740947.553318237
5741414.552704216
5741881.590078423
5742348.665443936
5742815.778803871
5743282.930161305
5743750.1195193175
5744217.346881024
5744684.612249503
5745151.9156278465
5745619.257019136
5746086.636426485
5746554.053852976
5747021.509301701
5747489.002775741
5747956.534278213
5748424.103812198
5748891.71138078
5749359.356987073
5749827.040634163
5750294.7623251295
5750762.522063093
5751230.319851136
5751698.155692342
5752166.029589829
5752633.941546682
5753101.891565997
5753569.879650859
5754037.905804386
5754505.970029664
5754974.072329791
5755442.212707851
5755910.3911669655
5756378.607710221
5756846.862340703
5757315.155061533
5757783.485875797
5758251.854786585
5758720.2617970165
5759188.706910181
5759657.190129176
5760125.711457091
5760594.2708970485
5761062.868452138
5761531.504125448
5762000.177920101
5762468.889839189
5762937.639885812
5763406.428063059
5763875.254374056
5764344.118821894
5764813.0214096615
5765281.962140487
5765750.941017459
5766219.95804367
5766689.013222247
5767158.106556282
5767627.2380488785
5768096.407703128
5768565.615522159
5769034.861509064
5769504.145666948
5769973.467998903
5770442.82850806
5770912.227197512
5771381.664070352
5771851.139129711
5772320.652378683
5772790.203820362
5773259.793457879
5773729.421294329
5774199.087332808
5774668.791576447
5775138.534028342
5775608.314691601
5776078.133569321
5776547.990664633
5777017.885980635
5777487.819520435
5777957.791287133
5778427.801283859
5778897.849513712
5779367.935979792
5779838.060685231
5780308.22363313
5780778.424826586
5781248.664268733
5781718.941962673
5782189.257911516
5782659.612118362
5783130.004586348
5783600.435318574
5784070.904318141
5784541.411588184
5785011.957131805
5785482.540952119
5785953.1630522255
5786423.823435264
5786894.522104335
5787365.259062543
5787836.034313025
5788306.847858884
5788777.699703224
5789248.589849183
5789719.5182998665
5790190.485058389
5790661.490127855
5791132.533511406
5791603.615212144
5792074.73523319
5792545.8935776455
5793017.090248653
5793488.325249319
5793959.598582748
5794430.910252084
5794902.260260432
5795373.6486109
5795845.07530663
5796316.540350729
5796788.043746305
5797259.585496501
5797731.1656044265
5798202.7840732
5798674.440905931
5799146.136105764
5799617.869675808
5800089.641619184
5800561.451939002
5801033.3006384075
5801505.18772051
5801977.11318842
5802449.077045285
5802921.079294214
5803393.11993832
5803865.198980749
5804337.316424612
5804809.472273034
5805281.666529126
5805753.899196038
5806226.170276881
5806698.479774768
5807170.827692849
5807643.214034235
5808115.638802054
5808588.101999419
5809060.60362948
5809533.143695351
5810005.722200147
5810478.339147019
5810950.994539081
5811423.68837945
5811896.420671277
5812369.191417676
5812842.000621778
5813314.848286698
5813787.734415588
5814260.659011565
5814733.622077759
5815206.623617289
5815679.663633304
5816152.742128925
5816625.859107271
5817099.0145714935
5817572.208524713
5818045.440970049
5818518.711910655
5818992.021349651
5819465.369290157
5819938.755735328
5820412.180688286
5820885.644152163
5821359.146130078
5821832.686625188
5822306.265640616
5822779.883179495
5823253.539244946
5823727.233840127
5824200.96696816
5824674.73863217
5825148.548835311
5825622.39758071
5826096.284871489
5826570.210710807
5827044.175101789
5827518.178047569
5827992.219551273
5828466.299616059
5828940.418245056
5829414.575441386
5829888.77120821
5830363.005548655
5830837.278465859
5831311.589962946
5831785.940043081
5832260.328709388
5832734.755964995
5833209.221813066
5833683.726256726
5834158.269299105
5834632.850943365
5835107.471192635
5835582.130050055
5836056.827518754
5836531.563601896
5837006.33830261
5837481.15162404
5837956.003569312
5838430.894141595
5838905.823344016
5839380.791179708
5839855.797651837
5840330.842763533
5840805.926517928
5841281.048918189
5841756.209967447
5842231.409668836
5842706.648025522
5843181.925040638
5843657.240717329
5844132.595058729
5844607.988068005
5845083.419748292
5845558.890102736
5846034.399134469
5846509.946846663
5846985.533242452
5847461.15832497
5847936.82209739
5848412.524562844
5848888.265724471
5849364.0455854405
5849839.864148889
5850315.721417965
5850791.617395805
5851267.552085582
5851743.525490432
5852219.537613493
5852695.58845794
5853171.678026908
5853647.806323549
5854123.973351001
5854600.179112438
5855076.423610999
5855552.706849824
5856029.028832086
5856505.389560928
5856981.789039487
5857458.22727094
5857934.704258428
5858411.220005103
5858887.774514106
5859364.367788615
5859840.999831769
5860317.670646724
5860794.380236621
5861271.128604638
5861747.915753919
5862224.741687604
5862701.606408874
5863178.509920871
5863655.452226738
5864132.433329658
5864609.453232771
5865086.511939223
5865563.6094521945
5866040.74577483
5866517.920910286
5866995.134861709
5867472.387632279
5867949.679225143
5868427.009643458
5868904.378890371
5869381.786969065
5869859.233882685
5870336.719634379
5870814.244227331
5871291.807664689
5871769.409949598
5872247.051085245
5872724.7310747765
5873202.449921354
5873680.207628126
5874158.004198278
5874635.839634959
5875113.713941319
5875591.627120542
5876069.579175781
5876547.570110197
5877025.599926941
5877503.668629199
5877981.776220122
5878459.922702864
5878938.10808061
5879416.332356512
5879894.595533723
5880372.897615433
5880851.238604791
5881329.618504965
5881808.037319107
5882286.495050407
5882764.991702018
5883243.527277107
5883722.101778828
5884200.71521037
5884679.367574889
5885158.058875541
5885636.789115516
5886115.558297969
5886594.366426057
5887073.213502971
5887552.099531869
5888031.024515906
5888509.988458275
5888988.991362134
5889468.033230651
5889947.1140669845
5890426.233874328
5890905.39265584
5891384.590414691
5891863.8271540385
5892343.102877079
5892822.417586969
5893301.771286871
5893781.163979979
5894260.595669454
5894740.0663584545
5895219.576050178
5895699.124747785
5896178.712454448
5896658.33917333
5897138.004907627
5897617.709660499
5898097.453435112
5898577.236234661
5899057.058062309
5899536.918921233
5900016.818814593
5900496.75774559
5900976.735717388
5901456.752733149
5901936.808796074
5902416.903909327
5902897.038076074
5903377.2112995135
5903857.423582813
5904337.674929147
5904817.9653416835
5905298.294823623
5905778.663378133
5906259.071008391
5906739.517717564
5907220.003508853
5907700.528385428
5908181.092350454
5908661.695407136
5909142.337558643
5909623.01880814
5910103.739158835
5910584.498613894
5911065.297176488
5911546.134849819
5912027.011637061
5912507.927541392
5912988.8825659845
5913469.876714042
5913950.909988739
5914431.982393254
5914913.09393076
5915394.244604465
5915875.434417539
5916356.6633731555
5916837.931474521
5917319.238724809
5917800.585127191
5918281.970684877
5918763.395401039
5919244.859278863
5919726.362321522
5920207.904532228
5920689.485914152
5921171.10647047
5921652.766204393
5922134.465119095
5922616.203217764
5923097.980503575
5923579.796979739
5924061.652649434
5924543.547515835
5925025.481582153
5925507.454851567
5925989.467327253
5926471.519012424
5926953.609910259
5927435.740023945
5927917.909356663
5928400.117911626
5928882.365692011
5929364.652701012
5929846.978941806
5930329.344417608
5930811.7491315985
5931294.193086958
5931776.6762869
5932259.198734608
5932741.76043326
5933224.361386076
5933707.001596234
5934189.681066916
5934672.399801342
5935155.157802691
5935637.9550741585
5936120.791618927
5936603.667440216
5937086.582541206
5937569.536925095
5938052.530595064
5938535.563554335
5939018.63580609
5939501.747353516
5939984.89819983
5940468.088348219
5940951.317801868
5941434.586563997
5941917.894637792
5942401.242026453
5942884.628733163
5943368.054761146
5943851.520113588
5944335.024793677
5944818.568804635
5945302.152149649
5945785.77483192
5946269.436854635
5946753.138221018
5947236.878934259
5947720.658997543
5948204.4784141
5948688.337187115
5949172.235319779
5949656.172815318
5950140.149676923
5950624.165907794
5951108.221511122
5951592.316490135
5952076.450848023
5952560.62458799
5953044.837713228
5953529.090226962
5954013.382132388
5954497.713432695
5954982.084131113
5955466.494230836
5955950.943735055
5956435.432647
5956919.960969865
5957404.528706844
5957889.135861168
5958373.782436029
5958858.468434636
5959343.193860183
5959827.9587159
5960312.763004985
5960797.606730644
5961282.489896073
5961767.412504505
5962252.374559136
5962737.376063163
5963222.417019819
5963707.497432302
5964192.617303807
5964677.776637571
5965162.97543679
5965648.213704675
5966133.491444425
5966618.808659273
5967104.165352421
5967589.561527067
5968074.997186446
5968560.472333758
5969045.9869722165
5969531.54110502
5970017.134735407
5970502.767866577
5970988.440501733
5971474.15264411
5971959.904296911
5972445.695463339
5972931.526146632
5973417.39634999
5973903.30607663
5974389.255329755
5974875.244112604
5975361.27242838
5975847.3402803
5976333.447671567
5976819.594605422
5977305.781085068
5977792.007113712
5978278.272694595
5978764.577830921
5979250.922525897
5979737.306782763
5980223.730604727
5980710.193994995
5981196.69695681
5981683.2394933775
5982169.8216079185
5982656.44330364
5983143.104583785
5983629.805451562
5984116.545910192
5984603.325962882
5985090.145612877
5985577.004863387
5986063.903717621
5986550.842178825
5987037.8202502085
5987524.837934981
5988011.89523639
5988498.992157645
5988986.128701969
5989473.304872574
5989960.520672707
5990447.776105579
5990935.071174403
5991422.405882427
5991909.780232863
5992397.194228936
5992884.647873859
5993372.141170881
5993859.6741232155
5994347.246734076
5994834.859006714
5995322.510944342
5995810.2025501765
5996297.933827466
5996785.7047794275
5997273.515409288
5997761.365720262
5998249.255715602
5998737.185398525
5999225.154772258
5999713.163840018
6000201.212605059
6000689.301070597
6001177.4292398505
6001665.597116072
6002153.80470248
6002642.052002293
6003130.339018766
6003618.665755116
6004107.032214563
6004595.438400364
6005083.884315736
6005572.369963911
6006060.89534811
6006549.46047159
6007038.065337571
6007526.709949285
6008015.394309954
6008504.118422835
6008992.88229115
6009481.685918121
6009970.529307005
6010459.412461027
6010948.335383407
6011437.2980774045
6011926.300546245
6012415.342793161
6012904.424821378
6013393.546634155
6013882.708234717
6014371.909626289
6014861.150812131
6015350.431795469
6015839.752579538
6016329.113167566
6016818.513562815
6017307.953768509
6017797.433787877
6018286.95362418
6018776.513280644
6019266.112760498
6019755.752067005
6020245.431203393
6020735.150172901
6021224.908978758
6021714.70762423
6022204.546112542
6022694.424446938
6023184.342630645
6023674.300666931
6024164.298559025
6024654.336310156
6025144.413923592
6025634.531402563
6026124.688750299
6026614.885970067
6027105.123065101
6027595.40003863
6028085.7168939235
6028576.073634212
6029066.470262742
6029556.906782744
6030047.383197489
6030537.899510209
6031028.455724151
6031519.051842547
6032009.687868668
6032500.3638057485
6032991.079657022
6033481.83542576
6033972.631115197
6034463.46672857
6034954.34226915
6035445.257740171
6035936.2131448835
6036427.208486523
6036918.243768362
6037409.318993638
6037900.434165588
6038391.589287484
6038882.784362567
6039374.019394084
6039865.294385275
6040356.609339413
6040847.964259739
6041339.35914949
6041830.794011942
6042322.268850336
6042813.783667909
6043305.338467939
6043796.933253666
6044288.568028344
6044780.242795211
6045271.957557547
6045763.712318592
6046255.5070816
6046747.341849812
6047239.216626508
6047731.131414929
6048223.086218319
6048715.081039957
6049207.115883085
6049699.190750948
6050191.305646825
6050683.46057396
6051175.655535597
6051667.890535018
6052160.165575468
6052652.480660202
6053144.835792467
6053637.230975544
6054129.666212681
6054622.141507133
6055114.656862148
6055607.212281009
6056099.807766963
6056592.443323256
6057085.118953174
6057577.834659963
6058070.590446871
6058563.386317183
6059056.222274148
6059549.098321025
6060042.014461066
6060534.970697553
6061027.967033738
6061521.00347287
6062014.080018237
6062507.196673087
6063000.353440683
6063493.550324278
6063986.787327157
6064480.064452574
6064973.381703777
6065466.7390840575
6065960.136596667
6066453.574244856
6066947.052031917
6067440.5699611
6067934.128035672
6068427.726258885
6068921.364634031
6069415.043164363
6069908.761853148
6070402.52070364
6070896.319719131
6071390.158902875
6071884.038258128
6072377.9577881815
6072871.917496293
6073365.917385717
6073859.957459746
6074354.037721639
6074848.158174651
6075342.318822076
6075836.519667171
6076330.760713208
6076825.041963442
6077319.36342117
6077813.72508965
6078308.126972152
6078802.569071936
6079297.051392298
6079791.573936498
6080286.136707794
6080780.739709484
6081275.382944829
6081770.066417087
6082264.790129558
6082759.554085503
6083254.358288195
6083749.202740895
6084244.087446902
6084739.012409478
6085233.977631887
6085728.983117428
6086224.028869362
6086719.114890966
6087214.241185503
6087709.407756275
6088204.614606543
6088699.861739575
6089195.149158669
6089690.476867092
6090185.844868108
6090681.25316502
6091176.701761093
6091672.190659605
6092167.719863823
6092663.289377049
6093158.89920255
6093654.549343606
6094150.239803484
6094645.970585488
6095141.741692886
6095637.553128945
6096133.404896971
6096629.297000233
6097125.2294419985
6097621.202225575
6098117.21535423
6098613.268831235
6099109.362659896
6099605.496843482
6100101.671385278
6100597.886288552
6101094.141556613
6101590.437192733
6102086.773200195
6102583.1495822705
6103079.566342269
6103576.023483462
6104072.521009123
6104569.05892256
6105065.637227048
6105562.255925859
6106058.915022305
6106555.6145196585
6107052.354421206
6107549.134730222
6108045.955450019
6108542.81658387
6109039.718135051
6109536.660106877
6110033.64250262
6110530.66532557
6111027.728579002
6111524.832266232
6112021.976390534
6112519.160955187
6113016.385963504
6113513.651418764
6114010.957324243
6114508.303683258
6115005.690499086
6115503.117775018
6116000.585514335
6116498.09372035
6116995.642396345
6117493.231545609
6117990.861171426
6118488.531277111
6118986.241865944
6119483.992941207
6119981.784506218
6120479.616564257
6120977.489118607
6121475.402172586
6121973.355729477
6122471.349792561
6122969.384365159
6123467.459450553
6123965.57505204
6124463.731172902
6124961.92781646
6125460.1649859985
6125958.442684813
6126456.760916189
6126955.119683448
6127453.518989876
6127951.958838757
6128450.439233414
6128948.960177134
6129447.521673201
6129946.123724939
6130444.766335636
6130943.449508591
6131442.173247091
6131940.937554459
6132439.742433984
6132938.587888954
6133437.473922695
6133936.400538495
6134435.367739654
6134934.375529463
6135433.423911247
6135932.5128882965
6136431.642463901
6136930.812641387
6137430.023424046
6137929.274815168
6138428.566818082
6138927.899436079
6139427.272672461
6139926.686530522
6140426.14101359
6140925.636124957
6141425.171867929
6141924.748245799
6142424.365261896
6142924.022919513
6143423.721221945
6143923.460172524
6144423.239774541
6144923.060031292
6145422.92094611
6145922.822522288
6146422.764763122
6146922.747671945
6147422.771252053
6147922.835506754
6148422.940439343
6148923.086053156
6149423.272351489
6149923.499337651
6150423.76701494
6150924.07538669
6151424.4244562
6151924.814226767
6152425.244701727
6152925.71588438
6153426.227778023
6153926.780385994
6154427.373711592
6154928.007758128
6155428.682528905
6155929.398027257
6156430.154256487
6156930.951219895
6157431.78892082
6157932.667362562
6158433.586548436
6158934.546481744
6159435.547165826
6159936.588603984
6160437.67079952
6160938.793755774
6161439.9574760515
6161941.161963654
6162442.407221924
6162943.6932541635
6163445.020063691
6163946.387653811
6164447.796027864
6164949.245189158
6165450.735141009
6165952.265886723
6166453.837429644
6166955.449773077
6167457.102920328
6167958.796874743
6168460.531639628
6168962.307218291
6169464.123614076
6169965.98083029
6170467.878870244
6170969.817737281
6171471.797434711
6171973.817965855
6172475.879334022
6172977.981542559
6173480.124594776
6173982.308493995
6174484.533243527
6174986.798846718
6175489.105306881
6175991.452627325
6176493.840811402
6176996.26986242
6177498.739783692
6178001.250578569
6178503.802250362
6179006.394802396
6179509.0282379845
6180011.702560479
6180514.417773191
6181017.173879435
6181519.970882564
6182022.80878589
6182525.687592741
6183028.607306432
6183531.567930316
6184034.569467708
6184537.611921922
6185040.695296314
6185543.819594199
6186046.984818893
6186550.19097375
6187053.438062089
6187556.726087238
6188060.055052514
6188563.424961274
6189066.835816835
6189570.287622528
6190073.780381671
6190577.314097622
6191080.888773699
6191584.504413221
6192088.161019547
6192591.858595994
6193095.597145885
6193599.376672577
6194103.197179391
6194607.058669647
6195110.961146706
6195614.904613887
6196118.889074526
6196622.914531944
6197126.980989502
6197631.088450522
6198135.23691834
6198639.426396279
6199143.6568877
6199647.928395926
6200152.240924282
6200656.594476129
6201160.989054793
6201665.424663597
6202169.901305905
6202674.418985041
6203178.977704344
6203683.577467141
6204188.218276794
6204692.90013663
6205197.623049976
6205702.387020197
6206207.192050619
6206712.038144583
6207216.925305416
6207721.853536484
6208226.822841116
6208731.83322264
6209236.884684423
6209741.977229793
6210247.110862081
6210752.285584653
6211257.501400839
6211762.758313983
6212268.056327414
6212773.395444501
6213278.775668576
6213784.197002982
6214289.65945105
6214795.163016151
6215300.707701615
6215806.293510776
6216311.920447005
6216817.588513633
6217323.297713994
6217829.04805146
6218334.839529363
6218840.672151038
6219346.545919859
6219852.460839157
6220358.416912281
6220864.414142567
6221370.452533386
6221876.532088076
6222382.652809983
6222888.814702446
6223395.017768837
6223901.262012493
6224407.547436751
6224913.874044987
6225420.241840539
6225926.650826743
6226433.101006975
6226939.592384575
6227446.124962892
6227952.6987452675
6228459.313735076
6228965.969935658
6229472.667350355
6229979.405982541
6230486.185835559
6230993.00691276
6231499.869217488
6232006.7727531195
6232513.717522996
6233020.703530459
6233527.730778889
6234034.799271628
6234541.909012018
6235049.06000344
6235556.252249237
6236063.485752764
6236570.760517365
6237078.076546422
6237585.433843279
6238092.832411292
6238600.272253807
6239107.753374206
6239615.275775834
6240122.839462036
6240630.444436197
6241138.090701662
6241645.778261777
6242153.507119927
6242661.277279458
6243169.088743717
6243676.941516091
6244184.835599926
6244692.770998583
6245200.74771541
6245708.765753793
6246216.8251170805
6246724.925808635
6247233.067831805
6247741.251189979
6248249.475886505
6248757.741924734
6249266.049308055
6249774.398039817
6250282.788123372
6250791.219562109
6251299.692359379
6251808.206518547
6252316.762042963
6252825.358936019
6253333.997201068
6253842.676841462
6254351.397860591
6254860.160261809
6255368.964048483
6255877.809223967
6256386.695791651
6256895.623754891
6257404.5931170415
6257913.603881496
6258422.656051609
6258931.749630735
6259440.88462227
6259950.061029568
6260459.278856
6260968.538104921
6261477.838779726
6261987.180883773
6262496.564420431
6263005.989393058
6263515.455805051
6264024.963659767
6264534.512960565
6265044.103710841
6265553.735913956
6266063.409573267
6266573.124692174
6267082.881274034
6267592.679322209
6268102.518840098
6268612.39983106
6269122.322298471
6269632.286245689
6270142.291676116
6270652.338593113
6271162.427000055
6271672.556900304
6272182.728297261
6272692.9411942875
6273203.1955947485
6273713.491502046
6274223.828919541
6274734.207850599
6275244.628298623
6275755.0902669765
6276265.593759037
6276776.13877817
6277286.725327779
6277797.353411229
6278308.023031887
6278818.7341931565
6279329.486898404
6279840.281151008
6280351.116954337
6280861.994311796
6281372.913226751
6281883.873702572
6282394.875742665
6282905.919350396
6283417.004529136
6283928.131282291
6284439.299613231
6284950.509525337
6285461.76102198
6285973.054106567
6286484.38878247
6286995.765053069
6287507.182921737
6288018.642391885
6288530.143466881
6289041.686150098
6289553.270444946
6290064.896354798
6290576.563883025
6291088.27303304
6291600.023808214
6292111.816211921
6292623.650247572
6293135.525918542
6293647.443228219
6294159.402179974
6294671.402777222
6295183.445023338
6295695.528921709
6296207.654475711
6296719.821688759
6297232.030564227
6297744.281105493
6298256.573315971
6298768.907199037
6299281.28275807
6299793.699996485
6300306.158917659
6300818.659524984
6301331.201821836
6301843.785811633
6302356.411497755
6302869.078883579
6303381.787972524
6303894.538767969
6304407.331273307
6304920.165491917
6305433.041427219
6305945.959082594
6306458.9184614215
6306971.919567122
6307484.962403077
6307998.046972668
6308511.173279315
6309024.341326402
6309537.5511173215
6310050.802655459
6310564.095944235
6311077.430987034
6311590.807787251
6312104.22634827
6312617.686673514
6313131.188766368
6313644.7326302165
6314158.318268483
6314671.945684553
6315185.614881812
6315699.325863684
6316213.078633555
6316726.873194812
6317240.709550881
6317754.5877051465
6318268.507661011
6318782.469421862
6319296.472991124
6319810.5183721855
6320324.605568449
6320838.734583302
6321352.905420173
6321867.118082451
6322381.372573524
6322895.668896821
6323410.007055732
6323924.387053649
6324438.808893998
6324953.272580173
6325467.778115575
6325982.325503598
6326496.91474767
6327011.545851185
6327526.218817533
6328040.933650147
6328555.690352419
6329070.488927755
6329585.329379548
6330100.211711231
6330615.135926196
6331130.102027839
6331645.1100195935
6332160.159904852
6332675.251687011
6333190.385369504
6333705.560955727
6334220.778449087
6334736.037852982
6335251.339170846
6335766.682406076
6336282.067562082
6336797.4946422605
6337312.963650048
6337828.474588842
6338344.027462041
6338859.622273081
6339375.259025361
6339890.937722282
6340406.658367278
6340922.42096375
6341438.225515098
6341954.072024762
6342469.960496139
6342985.890932645
6343501.863337679
6344017.877714682
6344533.934067056
6345050.032398213
6345566.172711557
6346082.355010527
6346598.579298528
6347114.84557896
6347631.153855267
6348147.5041308515
6348663.896409116
6349180.330693504
6349696.80698742
6350213.32529428
6350729.88561749
6351246.487960492
6351763.132326693
6352279.818719498
6352796.54714235
6353313.317598658
6353830.130091838
6354346.9846252985
6354863.8812024845
6355380.819826803
6355897.800501662
6356414.823230508
6356931.888016748
6357448.994863791
6357966.143775085
6358483.334754038
6359000.567804071
6359517.842928595
6360035.160131058
6360552.519414869
6361069.920783453
6361587.364240218
6362104.8497886155
6362622.377432056
6363139.94717395
6363657.5590177495
6364175.212966865
6364692.909024708
6365210.647194732
6365728.427480348
6366246.24988497
6366764.114412049
6367282.021064999
6367799.969847247
6368317.960762206
6368835.993813331
6369354.069004036
6369872.186337748
6370390.345817883
6370908.547447894
6371426.791231198
6371945.077171211
6372463.405271389
6372981.775535147
6373500.187965902
6374018.64256711
6374537.13934219
6375055.67829457
6375574.25942767
6376092.882744947
6376611.548249819
6377130.255945705
6377649.005836062
6378167.797924311
6378686.632213884
6379205.5087081995
6379724.427410719
6380243.388324861
6380762.3914540475
6381281.436801738
6381800.524371354
6382319.654166317
6382838.826190087
6383358.040446087
6383877.296937752
6384396.595668505
6384915.936641808
6385435.319861084
6385954.745329769
6386474.213051288
6386993.723029104
6387513.27526664
6388032.869767321
6388552.506534612
6389072.185571938
6389591.906882723
6390111.670470433
6390631.476338494
6391151.324490332
6391671.214929412
6392191.147659162
6392711.122683022
6393231.140004419
6393751.19962682
6394271.301553653
6394791.445788358
6395311.6323343655
6395831.861195142
6396352.132374118
6396872.445874721
6397392.801700421
6397913.199854648
6398433.640340831
6398954.123162441
6399474.648322907
6399995.215825675
6400515.825674175
6401036.477871879
6401557.172422218
6402077.909328624
6402598.6885945685
6403119.510223485
6403640.374218818
6404161.280584003
6404682.229322511
6405203.220437775
6405724.253933232
6406245.3298123535
6406766.448078575
6407287.6087353295
6407808.811786095
6408330.057234303
6408851.345083405
6409372.675336836
6409894.047998073
6410415.46307055
6410936.920557719
6411458.420463016
6411979.962789919
6412501.547541864
6413023.1747222915
6413544.844334676
6414066.556382458
6414588.310869076
6415110.107798008
6415631.947172694
6416153.828996573
6416675.753273124
6417197.720005789
6417719.729198019
6418241.780853257
6418763.874974982
6419286.011566636
6419808.190631675
6420330.412173538
6420852.676195708
6421374.982701628
6421897.33169474
6422419.723178526
6422942.157156431
6423464.633631897
6423987.152608408
6424509.714089408
6425032.318078353
6425554.96457869
6426077.6535939025
6426600.385127435
6427123.159182735
6427645.9757632855
6428168.8348725345
6428691.73651394
6429214.680690949
6429737.667407048
6430260.696665685
6430783.768470306
6431306.882824399
6431830.039731412
6432353.239194794
6432876.481218032
6433399.765804575
6433923.092957886
6434446.462681415
6434969.8749786485
6435493.329853039
6436016.827308049
6436540.367347131
6437063.949973772
6437587.575191425
6438111.243003543
6438634.953413613
6439158.706425091
6439682.5020414265
6440206.340266114
6440730.221102605
6441254.144554351
6441778.110624848
6442302.119317547
6442826.170635918
6443350.264583413
6443874.401163526
6444398.580379712
6444922.80223544
6445447.066734166
6445971.373879383
6446495.723674549
6447020.116123118
6447544.5512285875
6448069.028994415
6448593.549424056
6449118.112521008
6449642.718288728
6450167.366730688
6450692.057850346
6451216.7916512
6451741.568136707
6452266.387310329
6452791.2491755625
6453316.153735869
6453841.100994719
6454366.090955575
6454891.123621936
6455416.198997263
6455941.3170850165
6456466.477888698
6456991.681411768
6457516.92765769
6458042.216629964
6458567.548332053
6459092.922767434
6459618.339939568
6460143.799851959
6460669.30250807
6461194.847911379
6461720.436065349
6462246.066973484
6462771.74063925
6463297.45706611
6463823.21625757
6464349.018217095
6464874.862948151
6465400.750454245
6465926.680738841
6466452.653805407
6466978.669657448
6467504.728298434
6468030.829731843
6468556.973961145
6469083.160989845
6469609.390821414
6470135.663459333
6470661.978907069
6471188.337168133
6471714.738245994
6472241.182144121
6472767.668866025
6473294.198415175
6473820.770795043
6474347.386009137
6474874.044060931
6475400.744953907
6475927.488691539
6476454.275277337
6476981.104714775
6477507.977007324
6478034.892158497
6478561.850171768
6479088.851050622
6479615.894798534
6480142.981419017
6480670.110915545
6481197.283291593
6481724.498550676
6482251.756696269
6482779.057731846
6483306.401660924
6483833.788486978
6484361.218213498
6484888.690843959
6485416.206381881
6485943.764830737
6486471.36619402
6486999.010475207
6487526.697677816
6488054.427805326
6488582.200861213
6489110.016848997
6489637.875772159
6490165.777634175
6490693.722438565
6491221.710188811
6491749.740888391
6492277.814540827
6492805.931149598
6493334.0907181995
6493862.293250113
6494390.538748859
6494918.82721792
6495447.158660791
6495975.533080955
6496503.950481934
6497032.4108672105
6497560.91424027
6498089.460604633
6498618.049963785
6499146.682321211
6499675.357680434
6500204.0760449385
6500732.837418224
6501261.641803774
6501790.489205115
6502319.379625733
6502848.3130691135
6503377.289538784
6503906.30903823
6504435.371570952
6504964.477140438
6505493.625750214
6506022.817403769
6506552.05210459
6507081.329856208
6507610.650662108
6508140.014525781
6508669.421450757
6509198.871440523
6509728.3644985845
6510257.900628431
6510787.479833592
6511317.102117558
6511846.767483834
6512376.475935912
6512906.227477321
6513436.022111556
6513965.859842107
6514495.740672505
6515025.664606247
6515555.631646822
6516085.641797765
6516615.695062568
6517145.791444727
6517675.930947775
6518206.113575205
6518736.339330527
6519266.608217236
6519796.920238865
6520327.275398911
6520857.673700883
6521388.115148277
6521918.59974463
6522449.127493437
6522979.698398196
6523510.312462444
6524040.969689679
6524571.670083399
6525102.413647141
6525633.200384404
6526164.030298699
6526694.903393526
6527225.819672423
6527756.779138891
6528287.781796429
6528818.827648577
6529349.916698837
6529881.04895072
6530412.224407729
6530943.443073404
6531474.704951247
6532006.010044761
6532537.358357485
6533068.749892925
6533600.184654581
6534131.6626459975
6534663.183870677
6535194.748332136
6535726.356033879
6536258.00697945
6536789.701172352
6537321.438616104
6537853.219314212
6538385.04327022
6538916.910487633
6539448.820969958
6539980.77472074
6540512.771743486
6541044.812041703
6541576.895618937
6542109.022478695
6542641.192624486
6543173.4060598565
6543705.662788315
6544237.962813383
6544770.3061385695
6545302.692767424
6545835.122703454
6546367.595950183
6546900.112511123
6547432.67238982
6547965.275589787
6548497.922114535
6549030.611967614
6549563.3451525355
6550096.12167281
6550628.941531991
6551161.804733589
6551694.711281131
6552227.661178129
6552760.654428136
6553293.691034664
6553826.77100123
6554359.894331384
6554893.061028643
6555426.271096532
6555959.524538568
6556492.8213583045
6557026.161559258
6557559.545144943
6558092.972118915
6558626.442484691
6559159.956245787
6559693.51340576
6560227.1139681265
6560760.757936418
6561294.44531415
6561828.176104884
6562361.950312134
6562895.767939433
6563429.628990302
6563963.533468297
6564497.4813769385
6565031.472719746
6565565.50750028
6566099.585722059
6566633.707388605
6567167.872503477
6567702.081070199
6568236.333092288
6568770.62857331
6569304.967516783
6569839.349926245
6570373.775805217
6570908.245157263
6571442.757985906
6571977.31429468
6572511.914087112
6573046.557366764
6573581.2441371605
6574115.974401826
6574650.748164325
6575185.5654281825
6575720.426196924
6576255.330474116
6576790.278263282
6577325.269567964
6577860.304391687
6578395.382738018
6578930.5046104845
6579465.670012614
6580000.878947972
6580536.13142009
6581071.427432506
6581606.766988751
6582142.150092391
6582677.576746958
6583213.04695598
6583748.560723027
6584284.118051629
6584819.718945314
6585355.363407656
6585891.051442184
6586426.783052442
6586962.558241961
6587498.377014314
6588034.239373033
6588570.145321663
6589106.094863735
6589642.088002824
6590178.124742462
6590714.205086184
6591250.329037561
6591786.496600129
6592322.707777421
6592858.962573012
6593395.260990437
6593931.603033232
6594467.98870497
6595004.418009188
6595540.890949436
6596077.407529249
6596613.967752204
6597150.571621839
6597687.219141703
6598223.910315333
6598760.6451463085
6599297.423638166
6599834.245794443
6600371.111618721
6600908.0211145375
6601444.97428543
6601981.97113498
6602519.011666726
6603056.095884223
6603593.223791009
6604130.395390666
6604667.610686734
6605204.869682755
6605742.172382311
6606279.518788943
6606816.908906206
6607354.342737642
6607891.820286835
6608429.341557327
6608966.90655266
6609504.515276421
6610042.16773215
6610579.863923394
6611117.603853735
6611655.387526719
6612193.214945904
6612731.086114835
6613269.001037098
6613806.959716238
6614344.962155815
6614883.0083593745
6615421.098330505
6615959.232072752
6616497.409589662
6617035.630884825
6617573.895961788
6618112.2048240965
6618650.557475342
6619188.953919073
6619727.394158836
6620265.878198223
6620804.406040782
6621342.977690076
6621881.593149657
6622420.252423114
6622958.955513998
6623497.702425873
6624036.49316229
6624575.327726842
6625114.20612308
6625653.128354556
6626192.094424862
6626731.104337553
6627270.158096179
6627809.255704335
6628348.397165575
6628887.582483466
6629426.811661561
6629966.084703456
6630505.401612705
6631044.762392863
6631584.167047525
6632123.615580248
6632663.1079946
6633202.644294138
6633742.224482459
6634281.848563119
6634821.516539674
6635361.228415723
6635900.984194824
6636440.783880534
6636980.627476451
6637520.514986134
6638060.446413156
6638600.421761074
6639140.44103349
6639680.504233962
6640220.611366064
6640760.762433357
6641300.957439439
6641841.196387874
6642381.479282222
6642921.806126083
6643462.176923021
6644002.591676597
6644543.050390413
6645083.5530680325
6645624.099713017
6646164.690328972
6646705.324919459
6647246.003488056
6647786.7260383265
6648327.492573876
6648868.303098268
6649409.157615081
6649950.056127881
6650490.998640272
6651031.985155821
6651573.015678095
6652114.090210698
6652655.208757198
6653196.371321163
6653737.577906199
6654278.828515874
6654820.123153769
6655361.461823452
6655902.844528532
6656444.271272577
6656985.742059157
6657527.25689188
6658068.815774318
6658610.418710051
6659152.065702652
6659693.756755729
6660235.491872855
6660777.2710576
6661319.094313576
6661860.961644353
6662402.873053505
6662944.828544644
6663486.828121341
6664028.871787183
6664570.959545744
6665113.091400635
6665655.267355433
6666197.487413723
6666739.75157908
6667282.059855117
6667824.412245412
6668366.808753539
6668909.2493831115
6669451.734137707
6669994.263020902
6670536.836036311
6671079.453187512
6671622.114478081
6672164.819911637
6672707.569491756
6673250.363222029
6673793.201106034
6674336.083147391
6674879.009349676
6675421.9797164835
6675964.994251392
6676508.052958021
6677051.155839951
6677594.3029007595
6678137.494144071
6678680.729573463
6679224.009192518
6679767.3330048565
6680310.701014061
6680854.113223726
6681397.569637434
6681941.070258807
6682484.615091428
6683028.204138881
6683571.837404788
6684115.514892733
6684659.236606313
6685203.002549113
6685746.812724756
6686290.667136829
6686834.565788916
6687378.508684642
6687922.495827593
6688466.527221356
6689010.602869554
6689554.722775778
6690098.886943625
6690643.095376683
6691187.348078581
6691731.645052904
6692275.986303255
6692820.371833222
6693364.801646434
6693909.275746479
6694453.794136947
6694998.356821467
6695542.963803628
6696087.615087023
6696632.310675279
6697177.050571989
6697721.834780742
6698266.663305171
6698811.536148867
6699356.453315435
6699901.414808466
6700446.420631594
6700991.470788412
6701536.5652825255
6702081.704117527
6702626.887297051
6703172.114824692
6703717.3867040435
6704262.702938739
6704808.063532376
6705353.468488546
6705898.917810888
6706444.411502995
6706989.9495684765
6707535.53201093
6708081.158833992
6708626.830041258
6709172.545636325
6709718.305622832
6710264.110004376
6710809.958784568
6711355.851967007
6711901.789555331
6712447.771553138
6712993.797964029
6713539.868791643
6714085.9840395795
6714632.1437114375
6715178.347810859
6715724.596341443
6716270.889306806
6716817.226710547
6717363.608556309
6717910.0348476935
6718456.505588315
6719003.020781777
6719549.580431722
6720096.184541753
6720642.8331154715
6721189.526156524
6721736.263668514
6722283.045655043
6722829.872119758
6723376.743066263
6723923.658498162
6724470.618419103
6725017.622832689
6725564.671742541
6726111.765152263
6726658.903065505
6727206.085485871
6727753.312416983
6728300.583862446
6728847.899825911
6729395.260310983
6729942.665321273
6730490.114860428
6731037.608932056
6731585.147539768
6732132.730687214
6732680.3583780015
6733228.030615755
6733775.7474040855
6734323.508746643
6734871.314647038
6735419.165108881
6735967.060135826
6736514.999731483
6737062.983899479
6737611.012643424
6738159.085966973
6738707.203873738
6739255.366367333
6739803.57345141
6740351.825129584
6740900.121405469
6741448.462282721
6741996.847764952
6742545.277855792
6743093.752558856
6743642.271877801
6744190.835816241
6744739.444377807
6745288.097566114
6745836.79538482
6746385.537837542
6746934.324927897
6747483.1566595435
6748032.033036099
6748580.954061181
6749129.919738451
6749678.930071524
6750227.985064022
6750777.084719604
6751326.229041889
6751875.418034512
6752424.651701091
6752973.930045288
6753523.253070725
6754072.620781035
6754622.03317984
6755171.490270802
6755720.992057543
6756270.538543685
6756820.129732893
6757369.765628788
6757919.446234993
6758469.171555174
6759018.941592951
6759568.756351966
6760118.61583584
6760668.52004824
6761218.468992791
6761768.462673117
6762318.501092885
6762868.5842557205
6763418.7121652635
6763968.884825139
6764519.102239016
6765069.364410521
6765619.671343282
6766170.023040966
6766720.419507201
6767270.860745615
6767821.346759878
6768371.8775536185
6768922.453130479
6769473.073494088
6770023.738648117
6770574.448596195
6771125.203341967
6771676.002889062
6772226.847241153
6772777.736401871
6773328.670374845
6773879.649163751
6774430.6727722185
6774981.74120388
6775532.85446241
6776084.012551441
6776635.215474606
6777186.463235578
6777737.755837992
6778289.093285496
6778840.475581723
6779391.90273035
6779943.374735012
6780494.891599356
6781046.453327019
6781598.059921677
6782149.7113869665
6782701.4077265235
6783253.148944026
6783804.93504311
6784356.766027414
6784908.641900616
6785460.562666354
6786012.528328279
6786564.538890031
6787116.594355288
6787668.694727691
6788220.840010877
6788773.030208528
6789325.265324284
6789877.545361799
6790429.870324712
6790982.240216707
6791534.655041424
6792087.114802503
6792639.619503629
6793192.169148443
6793744.763740587
6794297.403283746
6794850.087781561
6795402.81723769
6795955.591655776
6796508.411039504
6797061.275392518
6797614.184718477
6798167.139021024
6798720.138303845
6799273.182570588
6799826.2718248945
6800379.406070455
6800932.585310913
6801485.809549917
6802039.078791153
6802592.393038269
6803145.752294912
6803699.156564771
6804252.605851495
6804806.100158744
6805359.639490167
6805913.223849454
6806466.853240254
6807020.527666232
6807574.247131034
6808128.0116383545
6808681.821191842
6809235.675795147
6809789.575451964
6810343.52016594
6810897.5099407295
6811451.544780025
6812005.624687478
6812559.749666755
6813113.919721508
6813668.1348554315
6814222.39507218
6814776.700375404
6815331.050768802
6815885.446256027
6816439.886840745
6816994.372526613
6817548.903317328
6818103.479216543
6818658.100227915
6819212.76635514
6819767.477601876
6820322.233971777
6820877.035468545
6821431.882095833
6821986.773857315
6822541.7107566465
6823096.692797529
6823651.719983619
6824206.79231859
6824761.9098061
6825317.072449849
6825872.280253499
6826427.5332207065
6826982.831355176
6827538.174660565
6828093.563140537
6828648.996798792
6829204.475638992
6829759.999664799
6830315.568879916
6830871.183288005
6831426.842892743
6831982.547697791
6832538.2977068545
6833094.092923597
6833649.9333516965
6834205.818994815
6834761.74985666
6835317.725940895
6835873.747251186
6836429.813791238
6836985.925564717
6837542.082575289
6838098.2848266605
6838654.5323225
6839210.825066485
6839767.163062285
6840323.546313607
6840879.97482412
6841436.448597491
6841992.967637428
6842549.5319476025
6843106.141531695
6843662.796393374
6844219.496536352
6844776.241964297
6845333.03268088
6845889.868689813
6846446.749994766
6847003.6765994085
6847560.648507454
6848117.665722576
6848674.7282484565
6849231.83608877
6849788.989247229
6850346.187727506
6850903.431533289
6851460.72066825
6852018.055136104
6852575.434940525
6853132.860085188
6853690.330573808
6854247.84641006
6854805.407597618
6855363.014140201
6855920.666041482
6856478.363305138
6857036.105934887
6857593.893934405
6858151.727307384
6858709.606057499
6859267.530188469
6859825.4997039735
6860383.514607703
6860941.574903336
6861499.680594593
6862057.831685154
6862616.028178695
6863174.270078938
6863732.557389566
6864290.890114254
6864849.268256729
6865407.691820668
6865966.1608097665
6866524.675227707
6867083.235078212
6867641.840364964
6868200.491091643
6868759.187261975
6869317.928879644
6869876.715948343
6870435.548471759
6870994.426453615
6871553.349897596
6872112.318807387
6872671.333186712
6873230.393039258
6873789.498368708
6874348.649178793
6874907.845473194
6875467.087255614
6876026.374529738
6876585.707299295
6877145.085567971
6877704.509339469
6878263.978617474
6878823.493405717
6879383.053707887
6879942.6595276715
6880502.310868802
6881062.007734965
6881621.750129851
6882181.538057192
6882741.3715206785
6883301.250523999
6883861.175070887
6884421.145165034
6884981.160810143
6885541.222009907
6886101.328768059
6886661.481088291
6887221.678974309
6887781.922429807
6888342.211458517
6888902.546064136
6889462.926250353
6890023.352020908
6890583.823379492
6891144.340329802
6891704.902875572
6892265.511020499
6892826.164768293
6893386.864122646
6893947.609087299
6894508.399665946
6895069.235862286
6895630.117680056
6896191.045122954
6896752.01819469
6897313.036898963
6897874.101239514
6898435.211220038
6898996.366844237
6899557.568115849
6900118.815038576
6900680.107616115
6901241.445852211
6901802.82975056
6902364.259314879
6902925.734548869
6903487.255456272
6904048.822040789
6904610.434306136
6905172.092256015
6905733.795894171
6906295.545224305
6906857.340250121
6907419.1809753645
6907981.067403738
6908542.999538945
6909104.977384733
6909667.000944804
6910229.070222865
6910791.185222661
6911353.345947899
6911915.552402298
6912477.804589563
6913040.102513443
6913602.446177644
6914164.835585887
6914727.270741879
6915289.7516493695
6915852.278312067
6916414.850733677
6916977.468917952
6917540.1328686
6918102.842589329
6918665.598083892
6919228.399355997
6919791.246409369
6920354.139247716
6920917.077874793
6921480.062294309
6922043.092509975
6922606.168525545
6923169.290344731
6923732.457971257
6924295.671408838
6924858.930661226
6925422.235732135
6925985.586625278
6926548.983344411
6927112.425893246
6927675.914275498
6928239.448494924
6928803.028555239
6929366.65446017
6929930.326213433
6930494.043818787
6931057.807279946
6931621.616600641
6932185.471784589
6932749.372835547
6933313.319757233
6933877.312553366
6934441.351227703
6935005.435783963
6935569.566225865
6936133.742557169
6936697.9647815935
6937262.232902858
6937826.546924725
6938390.906850914
6938955.312685157
6939519.764431176
6940084.262092735
6940648.805673552
6941213.395177364
6941778.030607894
6942342.711968903
6942907.439264116
6943472.212497254
6944037.031672082
6944601.896792323
6945166.807861701
6945731.764883981
6946296.767862888
6946861.81680216
6947426.911705521
6947992.052576738
6948557.2394195385
6949122.472237645
6949687.751034827
6950253.075814811
6950818.446581336
6951383.86333813
6951949.326088962
6952514.834837559
6953080.389587648
6953645.990343002
6954211.637107345
6954777.329884409
6955343.068677964
6955908.8534917375
6956474.684329476
6957040.561194907
6957606.484091803
6958172.453023897
6958738.46799493
6959304.529008634
6959870.636068785
6960436.789179112
6961002.988343347
6961569.233565266
6962135.5248486
6962701.8621970825
6963268.245614489
6963834.675104552
6964401.150671006
6964967.672317627
6965534.24004815
6966100.853866323
6966667.51377588
6967234.219780601
6967800.97188422
6968367.770090486
6968934.614403137
6969501.504825951
6970068.441362663
6970635.424017013
6971202.45279278
6971769.5276937
6972336.648723512
6972903.815885997
6973471.029184894
6974038.288623953
6974605.594206917
6975172.9459375655
6975740.343819639
6976307.787856877
6976875.278053063
6977442.814411938
6978010.396937256
6978578.025632759
6979145.700502231
6979713.421549413
6980281.188778048
6980849.002191922
6981416.861794776
6981984.767590353
6982552.719582441
6983120.717774782
6983688.762171134
6984256.852775242
6984824.9895908935
6985393.172621833
6985961.40187182
6986529.677344599
6987097.999043959
6987666.366973647
6988234.781137409
6988803.241539033
6989371.748182268
6989940.301070861
6990508.900208601
6991077.545599236
6991646.237246515
6992214.97515423
6992783.759326129
6993352.589765975
6993921.466477518
6994490.38946455
6995059.358730821
6995628.374280096
6996197.436116125
6996766.544242703
6997335.698663581
6997904.89938251
6998474.146403284
6999043.439729657
6999612.779365379
7000182.165314248
7000751.597580016
7001321.07616645
7001890.601077305
7002460.172316378
7003029.789887422
7003599.453794192
7004169.164040485
7004738.920630059
7005308.723566681
7005878.572854108
7006448.468496139
7007018.41049653
7007588.398859038
7008158.433587464
7008728.514685563
7009298.642157094
7009868.816005858
7010439.036235613
7011009.302850132
7011579.615853175
7012149.975248541
7012720.381039992
7013290.833231302
7013861.3318262305
7014431.876828581
7015002.468242114
7015573.106070591
7016143.790317817
7016714.520987551
7017285.298083557
7017856.121609639
7018426.991569562
7018997.907967086
7019568.870806019
7020139.880090123
7020710.935823178
7021282.038008946
7021853.186651235
7022424.381753811
7022995.623320452
7023566.911354923
7024138.245861034
7024709.62684255
7025281.054303237
7025852.528246905
7026424.048677321
7026995.615598252
7027567.229013508
7028138.888926857
7028710.595342082
7029282.348262951
7029854.1476932755
7030425.993636824
7030997.886097367
7031569.8250787165
7032141.810584642
7032713.842618928
7033285.921185346
7033858.04628771
7034430.21792979
7035002.436115358
7035574.700848228
7036147.012132174
7036719.369970967
7037291.774368422
7037864.225328313
7038436.722854428
7039009.26695054
7039581.857620466
7040154.49486798
7040727.178696871
7041299.909110914
7041872.6861139275
7042445.509709686
7043018.379901967
7043591.296694587
7044164.260091324
7044737.270095956
7045310.3267123
7045883.429944135
7046456.579795239
7047029.776269432
7047603.019370493
7048176.309102214
7048749.645468375
7049323.028472796
7049896.458119259
7050469.934411557
7051043.457353471
7051617.026948823
7052190.643201394
7052764.306114965
7053338.015693361
7053911.771940363
7054485.574859753
7055059.424455357
7055633.320730957
7056207.263690351
7056781.253337319
7057355.289675692
7057929.372709251
7058503.502441781
7059077.678877108
7059651.902019019
7060226.171871312
7060800.488437772
7061374.851722229
7061949.261728468
7062523.718460276
7063098.221921481
7063672.772115871
7064247.369047234
7064822.012719398
7065396.703136154
7065971.440301303
7066546.224218632
7067121.054891976
7067695.93232512
7068270.856521871
7068845.827486017
7069420.845221392
7069995.909731785
7070571.021020987
7071146.179092834
7071721.383951114
7072296.63559962
7072871.934042187
7073447.279282607
7074022.671324673
7074598.11017222
7075173.595829041
7075749.128298943
7076324.707585722
7076900.333693213
7077476.006625211
7078051.726385525
7078627.49297795
7079203.306406325
7079779.1666744435
7080355.073786102
7080931.027745142
7081507.028555357
7082083.076220544
7082659.170744546
7083235.312131157
7083811.500384191
7084387.735507446
7084964.017504763
7085540.34637994
7086116.722136777
7086693.144779115
7087269.614310755
7087846.130735511
7088422.6940571815
7088999.304279612
7089575.961406603
7090152.665441955
7090729.416389513
7091306.214253078
7091883.059036453
7092459.950743483
7093036.88937797
7093613.874943732
7094190.907444573
7094767.986884339
7095345.113266833
7095922.2865958745
7096499.506875268
7097076.774108862
7097654.088300459
7098231.449453868
7098808.8575729355
7099386.312661469
7099963.814723274
7100541.363762201
7101118.959782056
7101696.602786646
7102274.292779824
7102852.029765395
7103429.813747184
7104007.644728999
7104585.522714691
7105163.447708069
7105741.41971296
7106319.438733169
7106897.504772553
7107475.617834921
7108053.777924083
7108631.9850438945
7109210.239198167
7109788.54039071
7110366.8886253815
7110945.283905992
7111523.7262363685
7112102.215620324
7112680.752061716
7113259.335564356
7113837.96613206
7114416.643768684
7114995.368478042
7115574.140263964
7116152.959130266
7116731.825080804
7117310.738119395
7117889.698249856
7118468.705476046
7119047.759801781
7119626.861230877
7120206.009767197
7120785.205414557
7121364.448176789
7121943.738057712
7122523.075061187
7123102.459191034
7123681.890451084
7124261.368845159
7124840.894377121
7125420.46705079
7126000.086869986
7126579.753838574
7127159.467960373
7127739.229239206
7128319.037678937
7128898.8932833895
7129478.796056383
7130058.746001787
7130638.74312342
7131218.787425122
7131798.878910717
7132379.017584071
7132959.203449007
7133539.436509366
7134119.716768971
7134700.044231691
7135280.418901352
7135860.840781779
7136441.3098768415
7137021.8261903655
7137602.389726177
7138183.000488147
7138763.658480102
7139344.363705885
7139925.116169323
7140505.9158742875
7141086.762824607
7141667.657024111
7142248.59847667
7142829.587186116
7143410.6231562905
7143991.706391025
7144572.836894193
7145154.014669625
7145735.239721152
7146316.512052648
7146897.831667946
7147479.198570875
7148060.612765314
7148642.074255094
7149223.583044061
7149805.139136051
7150386.742534938
7150968.393244557
7151550.091268756
7152131.836611371
7152713.6292762775
7153295.469267312
7153877.35658831
7154459.291243149
7155041.2732356675
7155623.302569699
7156205.379249125
7156787.503277781
7157369.674659507
7157951.893398182
7158534.159497642
7159116.472961742
7159698.833794321
7160281.241999259
7160863.697580397
7161446.200541588
7162028.75088667
7162611.348619529
7163193.9937440045
7163776.686263937
7164359.42618321
7164942.213505666
7165525.048235145
7166107.930375535
7166690.8599306755
7167273.836904424
7167856.861300625
7168439.933123163
7169023.052375883
7169606.219062627
7170189.4331872845
7170772.694753698
7171356.003765728
7171939.360227219
7172522.76414206
7173106.215514096
7173689.714347173
7174273.260645183
7174856.854411969
7175440.49565138
7176024.184367306
7176607.920563594
7177191.704244109
7177775.535412695
7178359.414073247
7178943.340229613
7179527.313885656
7180111.335045225
7180695.403712215
7181279.519890475
7181863.683583855
7182447.8947962485
7183032.1535315085
7183616.459793484
7184200.813586072
7184785.214913123
7185369.66377849
7185954.160186069
7186538.704139713
7187123.29564329
7187707.934700651
7188292.621315695
7188877.355492277
7189462.137234265
7190046.966545514
7190631.843429921
7191216.767891344
7191801.739933637
7192386.7595607
7192971.826776388
7193556.94158456
7194142.103989115
7194727.313993909
7195312.571602818
7195897.876819695
7196483.229648445
7197068.630092925
7197654.078156995
7198239.573844557
7198825.11715947
7199410.708105609
7199996.346686833
7200582.032907047
7201167.766770111
7201753.548279888
7202339.377440279
7202925.2542551495
7203511.17872836
7204097.150863815
7204683.170665379
7205269.2381369285
7205855.353282327
7206441.5161054805
7207027.7266102545
7207613.984800528
7208200.290680163
7208786.64425307
7209373.045523113
7209959.494494158
7210545.991170114
7211132.535554847
7211719.127652223
7212305.767466154
7212892.455000506
7213479.190259145
7214065.973245984
7214652.80396489
7215239.682419745
7215826.60861442
7216413.582552825
7217000.604238831
7217587.673676321
7218174.790869165
7218761.955821278
7219349.168536528
7219936.429018787
7220523.737271971
7221111.09329995
7221698.497106594
7222285.948695823
7222873.448071506
7223460.99523753
7224048.590197771
7224636.232956143
7225223.92351652
7225811.661882778
7226399.448058832
7226987.28204856
7227575.163855848
7228163.093484572
7228751.070938653
7229339.096221966
7229927.169338385
7230515.290291833
7231103.459086185
7231691.675725319
7232279.940213156
7232868.252553573
7233456.612750463
7234045.020807705
7234633.47672922
7235221.980518888
7235810.532180603
7236399.131718243
7236987.779135733
7237576.474436954
7238165.217625785
7238754.008706151
7239342.847681933
7239931.734557013
7240520.669335316
7241109.652020725
7241698.682617121
7242287.761128433
7242876.887558541
7243466.061911345
7244055.284190729
7244644.554400619
7245233.8725449005
7245823.238627472
7246412.65265222
7247002.114623072
7247591.624543914
7248181.182418631
7248770.788251155
7249360.442045372
7249950.143805168
7250539.893534475
7251129.69123718
7251719.536917184
7252309.430578377
7252899.372224691
7253489.3618600145
7254079.399488237
7254669.48511329
7255259.618739066
7255849.800369468
7256440.030008385
7257030.307659754
7257620.633327465
7258211.007015408
7258801.428727522
7259391.898467694
7259982.41623982
7260572.982047836
7261163.595895633
7261754.257787121
7262344.9677261915
7262935.725716784
7263526.531762792
7264117.385868123
7264708.288036674
7265299.238272383
7265890.236579145
7266481.282960857
7267072.377421458
7267663.519964845
7268254.710594914
7268845.949315606
7269437.236130819
7270028.571044449
7270619.954060439
7271211.385182688
7271802.864415108
7272394.391761598
7272985.967226103
7273577.590812519
7274169.262524764
7274760.982366736
7275352.75034238
7275944.566455597
7276536.430710288
7277128.343110398
7277720.30365983
7278312.312362485
7278904.3692223085
7279496.474243206
7280088.627429092
7280680.828783872
7281273.078311493
7281865.376015858
7282457.721900873
7283050.115970486
7283642.558228601
7284235.0486791385
7284827.587326005
7285420.174173149
7286012.809224478
7286605.492483897
7287198.223955357
7287791.003642768
7288383.831550034
7288976.707681107
7289569.632039898
7290162.604630327
7290755.625456304
7291348.694521783
7291941.811830672
7292534.9773868965
7293128.191194365
7293721.453257033
7294314.763578811
7294908.12216361
7295501.529015385
7296094.984138048
7296688.48753551
7297282.03921173
7297875.639170617
7298469.287416086
7299062.983952093
7299656.728782553
7300250.521911394
7300844.36334253
7301438.253079919
7302032.191127477
7302626.177489133
7303220.2121688025
7303814.295170445
7304408.426497977
7305002.606155315
7305596.8341464205
7306191.110475209
7306785.435145598
7307379.80816155
7307974.229526984
7308568.699245831
7309163.217322011
7309757.783759485
7310352.398562175
7310947.061733998
7311541.773278921
7312136.533200862
7312731.341503756
7313326.198191525
7313921.103268135
7314516.056737506
7315111.05860356
7315706.108870263
7316301.207541538
7316896.354621309
7317491.550113541
7318086.794022159
7318682.0863511
7319277.42710429
7319872.816285696
7320468.253899243
7321063.739948872
7321659.274438505
7322254.857372115
7322850.488753627
7323446.1685869675
7324041.896876107
7324637.673624973
7325233.498837491
7325829.372517634
7326425.294669331
7327021.265296509
7327617.28440314
7328213.351993154
7328809.468070494
7329405.6326390905
7330001.845702916
7330598.107265903
7331194.417331995
7331790.775905123
7332387.182989262
7332983.638588344
7333580.1427063
7334176.695347108
7334773.296514698
7335369.946213005
7335966.644446004
7336563.39121763
7337160.186531831
7337757.03039254
7338353.922803736
7338950.863769355
7339547.85329333
7340144.891379641
7340741.978032226
7341339.113255031
7341936.297051996
7342533.5294271
7343130.810384281
7343728.139927475
7344325.518060665
7344922.944787787
7345520.42011278
7346117.944039629
7346715.516572269
7347313.137714656
7347910.80747073
7348508.525844472
7349106.292839826
7349704.108460744
7350301.972711168
7350899.885595084
7351497.847116433
7352095.857279155
7352693.916087238
7353292.023544624
7353890.179655256
7354488.38442312
7355086.637852159
7355684.939946319
7356283.290709587
7356881.690145906
7357480.138259238
7358078.635053525
7358677.180532757
7359275.774700882
7359874.417561858
7360473.109119632
7361071.849378196
7361670.638341494
7362269.476013475
7362868.362398132
7363467.29749941
7364066.281321258
7364665.3138676705
7365264.395142595
7365863.5251499945
7366462.70389382
7367061.931378064
7367661.207606677
7368260.53258361
7368859.906312858
7369459.32879837
7370058.800044116
7370658.320054043
7371257.888832151
7371857.506382391
7372457.172708714
7373056.887815121
7373656.651705561
7374256.4643839905
7374856.325854407
7375456.236120764
7376056.195187031
7376656.203057164
7377256.259735162
7377856.36522498
7378456.519530589
7379056.7226559445
7379656.974605048
7380257.275381857
7380857.624990326
7381458.02343446
7382058.470718215
7382658.96684555
7383259.511820467
7383860.105646925
7384460.748328882
7385061.439870344
7385662.180275269
7386262.969547632
7386863.807691393
7387464.694710559
7388065.6306090895
7388666.615390961
7389267.649060134
7389868.731620616
7390469.863076369
7391071.043431357
7391672.272689584
7392273.550855016
7392874.877931616
7393476.253923392
7394077.678834308
7394679.152668344
7395280.675429464
7395882.24712168
7396483.867748953
7397085.537315253
7397687.255824588
7398289.023280927
7398890.83968825
7399492.705050522
7400094.61937176
7400696.582655927
7401298.594906994
7401900.656128973
7402502.766325831
7403104.92550154
7403707.1336601125
7404309.390805518
7404911.696941742
7405514.052072754
7406116.456202569
7406718.90933516
7407321.411474511
7407923.962624594
7408526.562789426
7409129.211972979
7409731.910179226
7410334.6574121835
7410937.453675826
7411540.298974127
7412143.193311104
7412746.136690731
7413349.129116983
7413952.17059388
7414555.261125398
7415158.400715524
7415761.589368238
7416364.827087558
7416968.11387746
7417571.449741939
7418174.834684968
7418778.268710572
7419381.751822728
7419985.284025413
7420588.865322652
7421192.495718422
7421796.175216703
7422399.903821519
7423003.681536849
7423607.508366688
7424211.384315017
7424815.309385861
7425419.2835832015
7426023.306911019
7426627.37937334
7427231.500974147
7427835.671717437
7428439.891607191
7429044.16064744
7429648.478842164
7430252.8461953495
7430857.262711022
7431461.728393168
7432066.243245771
7432670.807272862
7433275.420478424
7433880.082866459
7434484.794440952
7435089.555205936
7435694.365165394
7436299.22432333
7436904.132683732
7437509.09025063
7438114.097028012
7438719.153019868
7439324.25823023
7439929.412663087
7440534.616322428
7441139.869212287
7441745.171336654
7442350.522699518
7442955.923304916
7443561.373156839
7444166.872259291
7444772.4206162635
7445378.018231795
7445983.665109876
7446589.361254513
7447195.106669701
7447800.901359476
7448406.745327832
7449012.638578762
7449618.581116307
7450224.572944458
7450830.614067211
7451436.704488606
7452042.844212639
7452649.03324332
7453255.271584643
7453861.559240652
7454467.896215343
7455074.282512711
7455680.7181368
7456287.203091607
7456893.737381144
7457500.321009411
7458106.95398045
7458713.636298259
7459320.367966839
7459927.148990234
7460533.979372444
7461140.859117467
7461747.788229351
7462354.766712096
7462961.794569718
7463568.871806217
7464175.998425642
7464783.174431995
7465390.399829291
7465997.6746215345
7466604.998812774
7467212.372407012
7467819.795408253
7468427.267820544
7469034.789647891
7469642.360894299
7470249.981563818
7470857.651660452
7471465.3711882075
7472073.140151136
7472680.9585532425
7473288.82639855
7473896.743691064
7474504.710434839
7475112.726633881
7475720.792292213
7476328.907413844
7476937.072002827
7477545.286063171
7478153.549598885
7478761.862614024
7479370.225112599
7479978.637098618
7480587.098576139
7481195.60954917
7481804.17002174
7482412.779997859
7483021.439481584
7483630.1484769285
7484238.906987903
7484847.715018567
7485456.5725729335
7486065.47965503
7486674.436268871
7487283.442418516
7487892.498107979
7488501.603341274
7489110.758122464
7489719.962455561
7490329.216344584
7490938.519793591
7491547.872806601
7492157.275387646
7492766.72754074
7493376.229269949
7493985.7805792885
7494595.3814727925
7495205.031954479
7495814.732028413
7496424.481698612
7497034.280969096
7497644.12984393
7498254.028327134
7498863.976422729
7499473.97413478
7500084.021467307
7500694.118424333
7501304.265009925
7501914.461228103
7502524.707082907
7503135.002578358
7503745.347718525
7504355.74250743
7504966.186949112
7505576.681047597
7506187.224806952
7506797.818231204
7507408.461324374
7508019.154090537
7508629.896533716
7509240.688657937
7509851.530467273
7510462.421965748
7511073.363157407
7511684.354046275
7512295.394636426
7512906.484931887
7513517.624936687
7514128.8146549
7514740.054090553
7515351.343247693
7515962.682130347
7516574.070742591
7517185.509088457
7517796.997171973
7518408.5349972155
7519020.122568217
7519631.7598890085
7520243.446963666
7520855.183796222
7521466.970390726
7522078.806751208
7522690.692881749
7523302.62878638
7523914.614469153
7524526.649934098
7525138.735185298
7525750.870226787
7526363.0550625995
7526975.289696817
7527587.574133474
7528199.908376608
7528812.292430301
7529424.726298588
7530037.209985507
7530649.743495141
7531262.326831528
7531874.95999872
7532487.643000756
7533100.375841721
7533713.158525652
7534325.991056606
7534938.87343862
7535551.805675782
7536164.78777213
7536777.819731707
7537390.901558598
7538004.033256844
7538617.214830487
7539230.446283615
7539843.72762027
7540457.0588445105
7541070.439960377
7541683.870971962
7542297.351883306
7542910.882698454
7543524.463421496
7544138.094056476
7544751.774607455
7545365.505078478
7545979.285473636
7546593.115796975
7547206.99605254
7547820.926244425
7548434.906376676
7549048.936453341
7549663.0164785115
7550277.146456236
7550891.326390579
7551505.556285588
7552119.836145358
7552734.165973938
7553348.545775393
7553962.975553772
7554577.455313172
7555191.985057643
7555806.564791234
7556421.1945180455
7557035.874242126
7557650.603967529
7558265.383698351
7558880.213438645
7559495.093192465
7560110.022963908
7560725.002757028
7561340.032575895
7561955.112424562
7562570.242307129
7563185.422227653
7563800.652190201
7564415.932198831
7565031.262257644
7565646.642370695
7566262.072542042
7566877.552775786
7567493.083075985
7568108.6634466965
7568724.293892023
7569339.974416025
7569955.705022773
7570571.485716327
7571187.316500793
7571803.19738023
7572419.128358696
7573035.109440299
7573651.140629097
7574267.221929168
7574883.353344574
7575499.534879419
7576115.766537767
7576732.048323679
7577348.380241265
7577964.762294585
7578581.194487703
7579197.67682473
7579814.209309727
7580430.791946775
7581047.424739938
7581664.107693327
7582280.840811005
7582897.624097055
7583514.457555542
7584131.3411905775
7584748.275006227
7585365.259006559
7585982.293195686
7586599.377577675
7587216.512156592
7587833.696936553
7588450.931921626
7589068.217115879
7589685.552523428
7590302.938148341
7590920.373994704
7591537.860066586
7592155.396368104
7592772.982903328
7593390.619676345
7594008.306691226
7594626.043952088
7595243.831463004
7595861.669228045
7596479.557251331
7597097.495536935
7597715.484088928
7598333.522911432
7598951.61200852
7599569.7513842825
7600187.941042792
7600806.180988171
7601424.471224495
7602042.811755839
7602661.202586325
7603279.64372003
7603898.135161044
7604516.676913446
7605135.268981358
7605753.911368858
7606372.604080024
7606991.34711898
7607610.140489806
7608228.984196579
7608847.878243425
7609466.822634424
7610085.817373671
7610704.862465245
7611323.957913275
7611943.10372184
7612562.299895038
7613181.546436949
7613800.843351702
7614420.190643379
7615039.588316062
7615659.036373883
7616278.534820921
7616898.083661261
7617517.682899035
7618137.332538324
7618757.032583215
7619376.7830378385
7619996.583906279
7620616.435192637
7621236.336901001
7621856.2890355
7622476.291600224
7623096.344599271
7623716.448036732
7624336.60191674
7624956.8062433805
7625577.061020745
7626197.366252965
7626817.721944133
7627438.128098334
7628058.584719707
7628679.0918123415
7629299.649380342
7629920.257427799
7630540.91595885
7631161.624977587
7631782.384488099
7632403.194494528
7633024.055000963
7633644.966011512
7634265.92753027
7634886.939561375
7635508.002108921
7636129.115177002
7636750.278769758
7637371.492891283
7637992.757545672
7638614.072737068
7639235.4384695655
7639856.854747276
7640478.321574294
7641099.838954765
7641721.406892784
7642343.025392465
7642964.694457904
7643586.414093247
7644208.18430259
7644830.005090033
7645451.876459721
7646073.798415752
7646695.770962227
7647317.794103293
7647939.867843048
7648561.992185593
7649184.167135076
7649806.392695597
7650428.668871275
7651050.99566621
7651673.373084552
7652295.801130401
7652918.279807879
7653540.809121085
7654163.389074173
7654786.019671245
7655408.700916404
7656031.432813802
7656654.215367544
7657277.048581736
7657899.932460529
7658522.867008028
7659145.8522283565
7659768.888125619
7660391.97470397
7661015.111967518
7661638.299920368
7662261.538566676
7662884.827910549
7663508.167956112
7664131.558707473
7664755.000168788
7665378.492344167
7666002.035237719
7666625.628853602
7667249.273195926
7667872.9682688005
7668496.714076385
7669120.51062279
7669744.357912144
7670368.255948557
7670992.20473619
7671616.2042791555
7672240.254581582
7672864.355647583
7673488.507481318
7674112.710086904
7674736.963468452
7675361.267630125
7675985.622576039
7676610.028310309
7677234.484837097
7677858.9921605205
7678483.550284694
7679108.159213782
7679732.818951902
7680357.529503187
7680982.290871754
7681607.103061769
7682231.96607735
7682856.879922631
7683481.844601733
7684106.860118819
7684731.926478012
7685357.043683431
7685982.211739243
7686607.430649569
7687232.70041853
7687858.021050296
7688483.392548986
7689108.81491874
7689734.288163679
7690359.812287973
7690985.387295746
7691611.013191122
7692236.68997827
7692862.417661316
7693488.196244398
7694114.025731642
7694739.906127221
7695365.837435259
7695991.819659882
7696617.852805264
7697243.936875531
7697870.07187481
7698496.257807276
7699122.494677055
7699748.782488291
7700375.121245112
7701001.510951694
7701627.951612166
7702254.443230673
7702880.985811343
7703507.579358354
7704134.223875837
7704760.919367922
7705387.6658387855
7706014.46329256
7706641.311733377
7707268.211165415
7707895.161592807
7708522.163019685
7709149.215450228
7709776.318888572
7710403.473338863
7711030.678805237
7711657.935291874
7712285.2428029105
7712912.601342495
7713540.010914763
7714167.471523899
7714794.983174036
7715422.545869313
7716050.159613912
7716677.8244119715
7717305.540267627
7717933.307185064
7718561.12516842
7719188.99422185
7719816.914349492
7720444.885555532
7721072.9078441085
7721700.9812193625
7722329.105685481
7722957.2812466035
7723585.507906887
7724213.785670471
7724842.1145415455
7725470.494524253
7726098.925622732
7726727.407841176
7727355.941183724
7727984.525654523
7728613.16125776
7729241.84799758
7729870.585878142
7730499.374903592
7731128.215078121
7731757.106405873
7732386.048891011
7733015.042537679
7733644.0873500705
7734273.183332332
7734902.330488611
7735531.528823102
7736160.77833995
7736790.079043305
7737419.430937361
7738048.834026268
7738678.288314172
7739307.793805271
7739937.350503716
7740566.958413669
7741196.617539283
7741826.327884753
7742456.089454233
7743085.902251887
7743715.766281867
7744345.681548374
7744975.648055558
7745605.665807571
7746235.734808615
7746865.855062842
7747496.026574406
7748126.249347508
7748756.523386301
7749386.848694956
7750017.225277628
7750647.653138519
7751278.132281786
7751908.662711583
7752539.244432113
7753169.877447535
7753800.561762019
7754431.297379724
7755062.084304854
7755692.922541567
7756323.812094021
7756954.752966422
7757585.7451629285
7758216.7886877
7758847.883544945
7759479.02973882
7760110.227273504
7760741.476153156
7761372.776381984
7762004.127964151
7762635.530903832
7763266.985205191
7763898.490872436
7764530.047909731
7765161.656321238
7765793.316111168
7766425.027283684
7767056.78984295
7767688.60379318
7768320.469138535
7768952.385883181
7769584.354031333
7770216.373587154
7770848.444554827
7771480.566938519
7772112.740742441
7772744.965970764
7773377.242627668
7774009.570717323
7774641.950243943
7775274.381211696
7775906.8636247525
7776539.397487327
7777171.982803591
7777804.619577711
7778437.307813907
7779070.04751635
7779702.838689224
7780335.681336702
7780968.575463002
7781601.5210722955
7782234.518168756
7782867.566756602
7783500.666840007
7784133.818423159
7784767.021510232
7785400.276105449
7786033.582212981
7786666.939837004
7787300.34898174
7787933.8096513655
7788567.321850054
7789200.88558203
7789834.500851468
7790468.167662563
7791101.88601949
7791735.655926474
7792369.477387694
7793003.350407341
7793637.274989595
7794271.251138681
7794905.278858779
7795539.358154068
7796173.489028774
7796807.671487078
7797441.905533161
7798076.191171248
7798710.528405524
7799344.917240168
7799979.357679409
7800613.849727429
7801248.393388427
7801882.988666585
7802517.635566133
7803152.334091255
7803787.084246152
7804421.886035005
7805056.739462048
7805691.644531464
7806326.60124744
7806961.609614207
7807596.669635953
7808231.7813168615
7808866.944661168
7809502.159673059
7810137.4263567375
7810772.74471639
7811408.114756253
7812043.536480513
7812679.00989336
7813314.53499903
7813950.111801712
7814585.740305611
7815221.420514917
7815857.152433868
7816492.9360666545
7817128.771417466
7817764.658490543
7818400.597290076
7819036.587820258
7819672.630085327
7820308.724089476
7820944.869836915
7821581.067331837
7822217.316578481
7822853.617581043
7823489.970343733
7824126.374870745
7824762.831166321
7825399.3392346585
7826035.89907995
7826672.510706441
7827309.174118327
7827945.889319805
7828582.65631512
7829219.475108469
7829856.345704049
7830493.268106106
7831130.242318839
7831767.2683464615
7832404.346193174
7833041.475863222
7833678.657360805
7834315.89069014
7834953.175855428
7835590.512860917
7836227.901710806
7836865.342409299
7837502.834960643
7838140.379369043
7838777.975638699
7839415.623773863
7840053.323778737
7840691.075657541
7841328.879414478
7841966.735053802
7842604.642579715
7843242.601996423
7843880.613308179
7844518.676519188
7845156.791633672
7845794.958655837
7846433.177589938
7847071.44844018
7847709.771210773
7848348.145905971
7848986.572529981
7849625.051087012
7850263.581581321
7850902.164017116
7851540.798398621
7852179.484730049
7852818.223015656
7853457.013259651
7854095.855466262
7854734.7496397
7855373.695784224
7856012.693904046
7856651.744003377
7857290.846086478
7857930.00015756
7858569.206220839
7859208.464280575
7859847.77434098
7860487.13640627
7861126.550480707
7861766.016568504
7862405.534673895
7863045.104801093
7863684.726954363
7864324.401137922
7864964.127355999
7865603.905612814
7866243.735912631
7866883.618259667
7867523.552658141
7868163.539112317
7868803.577626416
7869443.668204656
7870083.810851303
7870724.005570578
7871364.252366716
7872004.551243938
7872644.902206511
7873285.305258658
7873925.760404599
7874566.267648603
7875206.826994893
7875847.438447707
7876488.102011268
7877128.817689846
7877769.585487666
7878410.40540895
7879051.27745797
7879692.201638951
7880333.177956118
7880974.206413743
7881615.287016053
7882256.4197672885
7882897.604671676
7883538.841733488
7884180.130956955
7884821.472346317
7885462.865905803
7886104.311639688
7886745.809552201
7887387.35964757
7888028.961930072
7888670.6164039355
7889312.32307339
7889954.081942715
7890595.893016139
7891237.756297893
7891879.671792257
7892521.63950346
7893163.659435752
7893805.731593363
7894447.855980575
7895090.032601619
7895732.261460746
7896374.542562187
7897016.875910224
7897659.261509093
7898301.699363028
7898944.189476309
7899586.731853174
7900229.3264978565
7900871.973414642
7901514.672607765
7902157.424081479
7902800.22784002
7903443.083887674
7904085.9922286775
7904728.952867269
7905371.965807734
7906015.031054311
7906658.148611257
7907301.318482808
7907944.540673254
7908587.815186834
7909231.142027788
7909874.5212004045
7910517.952708925
7911161.43655759
7911804.97275069
7912448.561292467
7913092.202187179
7913735.895439068
7914379.641052426
7915023.439031496
7915667.289380537
7916311.192103795
7916955.1472055605
7917599.154690079
7918243.214561596
7918887.326824403
7919531.491482749
7920175.708540877
7920819.978003084
7921464.299873615
7922108.674156717
7922753.100856688
7923397.579977773
7924042.111524238
7924686.695500331
7925331.3319103485
7925976.02075854
7926620.762049172
7927265.555786493
7927910.401974803
7928555.300618351
7929200.251721389
7929845.255288215
7930490.311323083
7931135.419830243
7931780.580813996
7932425.794278595
7933071.060228309
7933716.378667391
7934361.749600142
7935007.173030819
7935652.648963674
7936298.17740301
7936943.758353083
7937589.391818164
7938235.077802509
7938880.8163104225
7939526.60734616
7940172.45091398
7940818.347018186
7941464.295663036
7942110.29685279
7942756.350591752
7943402.45688418
7944048.615734352
7944694.827146525
7945341.091125007
7945987.407674058
7946633.776797955
7947280.198500958
7947926.672787378
7948573.199661474
7949219.7791275075
7949866.411189791
7950513.0958525855
7951159.833120153
7951806.622996807
7952453.465486809
7953100.3605944235
7953747.308323963
7954394.3086796915
7955041.361665891
7955688.467286824
7956335.625546807
7956982.8364501055
7957630.100001001
7958277.41620376
7958924.785062698
7959572.206582082
7960219.68076618
7960867.207619308
7961514.787145734
7962162.419349727
7962810.104235604
7963457.8418076355
7964105.6320701055
7964753.475027285
7965401.370683491
7966049.319042997
7966697.320110073
7967345.373889038
7967993.4803841645
7968641.6395997405
7969289.851540038
7969938.116209379
7970586.4336120365
7971234.803752283
7971883.226634441
7972531.702262786
7973180.230641591
7973828.8117751805
7974477.445667828
7975126.132323828
7975774.871747453
7976423.66394303
7977072.508914835
7977721.406667161
7978370.357204285
7979019.360530534
7979668.416650185
7980317.525567518
7980966.687286858
7981615.901812485
7982265.169148679
7982914.489299768
7983563.86227003
7984213.288063749
7984862.766685251
7985512.29813882
7986161.88242875
7986811.5195593275
7987461.209534879
7988110.952359689
7988760.748038057
7989410.596574265
7990060.497972646
7990710.452237483
7991360.459373061
7992010.519383712
7992660.632273722
7993310.798047378
7993961.01670901
7994611.288262908
7995261.612713372
7995911.99006469
7996562.420321197
7997212.903487181
7997863.43956693
7998514.028564779
7999164.670485018
7999815.365331951
8000466.113109868
8001116.913823106
8001767.767475956
8002418.674072708
8003069.633617701
8003720.646115226
8004371.711569573
8005022.829985084
8005674.00136605
8006325.22571678
8006976.503041565
8007627.83334475
8008279.216630625
8008930.652903501
8009582.1421676725
8010233.684427482
8010885.279687225
8011536.927951195
8012188.629223738
8012840.383509149
8013492.190811723
8014144.051135806
8014795.9644856965
8015447.930865689
8016099.950280131
8016752.0227333205
8017404.148229572
8018056.3267731825
8018708.558368502
8019360.843019829
8020013.180731478
8020665.57150775
8021318.015352995
8021970.512271512
8022623.062267603
8023275.665345618
8023928.321509859
8024581.030764626
8025233.793114273
8025886.608563101
8026539.47711543
8027192.398775564
8027845.373547855
8028498.401436606
8029151.482446124
8029804.61658076
8030457.803844822
8031111.04424263
8031764.337778489
8032417.684456756
8033071.084281738
8033724.53725774
8034378.043389119
8035031.602680184
8035685.21513524
8036338.880758647
8036992.599554713
8037646.371527762
8038300.196682105
8038954.0750221005
8039608.006552057
8040261.991276303
8040916.029199149
8041570.120324955
8042224.264658032
8042878.462202692
8043532.712963297
8044187.016944159
8044841.37414959
8045495.784583952
8046150.248251561
8046804.76515673
8047459.335303821
8048113.9586971495
8048768.635341047
8049423.365239829
8050078.148397859
8050732.984819454
8051387.874508947
8052042.817470655
8052697.813708942
8053352.863228129
8054007.966032531
8054663.122126516
8055318.331514402
8055973.594200509
8056628.910189204
8057284.2794848075
8057939.702091656
8058595.178014069
8059250.707256417
8059906.289823019
8060561.9257181985
8061217.614946325
8061873.3575117225
8062529.153418727
8063185.002671663
8063840.905274902
8064496.861232767
8065152.870549583
8065808.933229723
8066465.0492775105
8067121.21869727
8067777.441493379
8068433.717670159
8069090.0472319545
8069746.430183092
8070402.866527946
8071059.356270844
8071715.899416129
8072372.49596813
8073029.145931223
8073685.849309738
8074342.606108001
8074999.416330393
8075656.2799812425
8076313.1970648775
8076970.167585679
8077627.191547979
8078284.268956104
8078941.399814439
8079598.5841273125
8080255.821899073
8080913.1131340545
8081570.457836637
8082227.856011155
8082885.307661957
8083542.812793377
8084200.371409798
8084857.983515555
8085515.649114982
8086173.368212463
8086831.140812335
8087488.966918932
8088146.84653664
8088804.779669796
8089462.766322752
8090120.806499847
8090778.900205466
8091437.047443948
8092095.24821963
8092753.502536901
8093411.8104001
8094070.171813582
8094728.586781687
8095387.055308804
8096045.577399274
8096704.153057437
8097362.782287683
8098021.465094355
8098680.201481794
8099338.99145439
8099997.835016487
8100656.732172444
8101315.682926605
8101974.687283361
8102633.745247058
8103292.856822054
8103952.022012696
8104611.240823376
8105270.513258442
8105929.839322237
8106589.219019159
8107248.652353553
8107908.139329765
8108567.679952192
8109227.274225182
8109886.922153082
8110546.62374029
8111206.378991154
8111866.18791004
8112526.050501296
8113185.966769323
8113845.936718469
8114505.960353101
8115166.037677569
8115826.168696275
8116486.35341357
8117146.591833804
8117806.88396138
8118467.229800651
8119127.629355968
8119788.082631734
8120448.589632303
8121109.150362045
8121769.764825313
8122430.433026513
8123091.154969999
8123751.930660126
8124412.760101298
8125073.6432978725
8125734.580254222
8126395.570974703
8127056.615463722
8127717.713725635
8128378.8657648
8129040.071585627
8129701.331192473
8130362.644589695
8131024.011781704
8131685.432772858
8132346.907567534
8133008.436170092
8133670.0185849415
8134331.654816444
8134993.344868978
8135655.0887469025
8136316.886454632
8136978.737996526
8137640.64337695
8138302.602600315
8138964.615670984
8139626.6825933205
8140288.80337174
8140950.978010605
8141613.206514281
8142275.488887183
8142937.825133677
8143600.215258144
8144262.65926495
8144925.157158513
8145587.7089431975
8146250.314623389
8146912.974203455
8147575.687687812
8148238.4550808305
8148901.276386877
8149564.151610371
8150227.080755682
8150890.063827179
8151553.100829283
8152216.191766364
8152879.336642807
8153542.535462988
8154205.7882313235
8154869.094952188
8155532.455629953
8156195.8702690415
8156859.338873825
8157522.861448695
8158186.437998024
8158850.068526235
8159513.753037704
8160177.491536805
8160841.284027963
8161505.130515553
8162169.031003952
8162832.985497584
8163496.994000827
8164161.056518073
8164825.1730537005
8165489.343612136
8166153.568197759
8166817.846814962
8167482.179468125
8168146.566161677
8168811.006899997
8169475.501687463
8170140.050528509
8170804.6534275105
8171469.310388852
8172134.021416962
8172798.786516224
8173463.605691018
8174128.478945777
8174793.406284884
8175458.387712738
8176123.4232337205
8176788.512852267
8177453.656572763
8178118.854399606
8178784.106337182
8179449.412389927
8180114.772562224
8180780.186858461
8181445.655283074
8182111.177840448
8182776.75453497
8183442.385371079
8184108.07035316
8184773.809485619
8185439.602772843
8186105.450219273
8186771.351829295
8187437.3076073
8188103.317557727
8188769.381684966
8189435.499993425
8190101.672487495
8190767.899171614
8191434.180050177
8192100.515127573
8192766.904408247
8193433.34789659
8194099.845596994
8194766.397513904
8195433.003651712
8196099.664014829
8196766.37860765
8197433.14743462
8198099.970500133
8198766.847808601
8199433.779364421
8200100.765172037
8200767.805235848
8201434.899560249
8202102.048149688
8202769.251008562
8203436.508141269
8204103.819552258
8204771.1852459265
8205438.605226674
8206106.07949895
8206773.608067154
8207441.190935703
8208108.828108997
8208776.519591487
8209444.265387574
8210112.065501677
8210779.919938196
8211447.828701585
8212115.791796246
8212783.809226581
8213451.880997045
8214120.00711204
8214788.187575971
8215456.422393292
8216124.711568409
8216793.055105741
8217461.453009696
8218129.905284729
8218798.411935245
8219466.972965652
8220135.588380407
8220804.258183916
8221472.982380604
8222141.760974879
8222810.5939712
8223479.481373974
8224148.423187612
8224817.419416571
8225486.470065263
8226155.575138098
8226824.734639535
8227493.948573985
8228163.216945877
8228832.539759622
8229501.917019682
8230171.348730469
8230840.834896414
8231510.375521926
8232179.970611473
8232849.620169466
8233519.32420032
8234189.082708498
8234858.895698418
8235528.763174492
8236198.685141187
8236868.661602919
8237538.692564103
8238208.778029207
8238878.918002647
8239549.112488858
8240219.361492257
8240889.665017312
8241560.023068442
8242230.435650081
8242900.902766651
8243571.424422618
8244242.000622405
8244912.63137043
8245583.316671164
8246254.056529028
8246924.850948445
8247595.699933884
8248266.603489769
8248937.561620538
8249608.574330614
8250279.64162447
8250950.76350653
8251621.9399812175
8252293.171053006
8252964.456726322
8253635.797005605
8254307.191895281
8254978.641399826
8255650.1455236655
8256321.704271226
8256993.317646985
8257664.985655368
8258336.708300804
8259008.485587769
8259680.317520694
8260352.204104021
8261024.145342181
8261696.141239652
8262368.191800865
8263040.297030266
8263712.456932285
8264384.671511402
8265056.94077205
8265729.264718659
8266401.643355711
8267074.07668764
8267746.564718875
8268419.107453901
8269091.704897151
8269764.357053058
8270437.063926107
8271109.825520732
8271782.641841385
8272455.512892499
8273128.438678561
8273801.419204006
8274474.454473287
8275147.54449084
8275820.689261154
8276493.888788664
8277167.143077808
8277840.452133074
8278513.815958902
8279187.234559728
8279860.707940043
8280534.236104284
8281207.81905691
8281881.456802361
8282555.149345125
8283228.896689646
8283902.698840362
8284576.555801768
8285250.467578303
8285924.434174427
8286598.4555945825
8287272.531843264
8287946.662924913
8288620.848843973
8289295.08960494
8289969.3852122575
8290643.735670369
8291318.140983772
8291992.601156912
8292667.116194249
8293341.6861002315
8294016.310879355
8294690.990536068
8295365.725074833
8296040.514500098
8296715.358816362
8297390.258028072
8298065.212139678
8298740.22115568
8299415.285080525
8300090.403918665
8300765.577674599
8301440.806352779
8302116.089957655
8302791.428493729
8303466.821965451
8304142.270377293
8304817.773733704
8305493.3320391895
8306168.9452982005
8306844.613515209
8307520.336694668
8308196.114841082
8308871.947958905
8309547.836052594
8310223.779126652
8310899.777185535
8311575.830233701
8312251.938275655
8312928.101315853
8313604.319358772
8314280.592408866
8314956.920470644
8315633.303548565
8316309.741647088
8316986.234770721
8317662.782923924
8318339.386111172
8319016.044336927
8319692.757605698
8320369.525921947
8321046.349290134
8321723.227714772
8322400.161200322
8323077.149751246
8323754.193372058
8324431.292067219
8325108.44584121
8325785.654698496
8326462.918643588
8327140.237680954
8327817.6118150735
8328495.041050412
8329172.525391486
8329850.06484276
8330527.6594087
8331205.309093825
8331883.0139026
8332560.773839492
8333238.588909021
8333916.459115653
8334594.384463858
8335272.364958153
8335950.400603009
8336628.491402913
8337306.637362331
8337984.838485788
8338663.094777752
8339341.406242711
8340019.772885135
8340698.19470955
8341376.671720424
8342055.203922232
8342733.791319494
8343412.433916687
8344091.131718282
8344769.884728803
8345448.692952726
8346127.556394541
8346806.475058723
8347485.448949798
8348164.478072242
8348843.56243053
8349522.70202919
8350201.896872697
8350881.146965547
8351560.452312216
8352239.812917233
8352919.228785076
8353598.699920223
8354278.226327205
8354957.808010499
8355637.444974586
8356317.137223997
8356996.884763211
8357676.687596727
8358356.545729024
8359036.459164636
8359716.427908045
8360396.451963749
8361076.531336229
8361756.666030021
8362436.856049608
8363117.101399473
8363797.402084151
8364477.758108126
8365158.169475882
8365838.636191956
8366519.158260833
8367199.735686998
8367880.368474989
8368561.056629293
8369241.800154412
8369922.599054834
8370603.453335098
8371284.362999692
8371965.32805312
8372646.348499871
8373327.424344486
8374008.555591454
8374689.742245263
8375370.984310457
8376052.281791524
8376733.634692957
8377415.043019296
8378096.506775034
8378778.025964679
8379459.600592724
8380141.230663712
8380822.916182137
8381504.657152492
8382186.4535793215
8382868.305467119
8383550.212820398
8384232.175643651
8384914.1939414255
8385596.267718217
8386278.396978522
8386960.581726886
8387642.821967808
8388325.117705783
8389007.46894536
8389689.87569104
8390372.337947331
8391054.85571874
8391737.42900981
8392420.057825044
8393102.742168957
8393785.482046051
8394468.277460875
8395151.12841793
8395834.034921719
8396516.996976793
8397200.014587654
8397883.087758806
8398566.216494799
8399249.400800137
8399932.640679326
8400615.936136918
8401299.28717742
8401982.693805348
8402666.156025212
8403349.673841566
8404033.247258916
8404716.876281785
8405400.560914678
8406084.301162153
8406768.09702872
8407451.948518882
8408135.855637198
8408819.81838818
8409503.836776333
8410187.910806218
8410872.040482346
8411556.22580924
8412240.466791412
8412924.763433423
8413609.115739783
8414293.523715004
8414977.987363648
8415662.506690226
8416347.08169927
8417031.71239529
8417716.39878285
8418401.140866462
8419085.938650642
8419770.792139955
8420455.701338915
8421140.666252034
8421825.686883882
8422510.763238974
8423195.895321839
8423881.083136998
8424566.326689014
8425251.62598241
8425936.981021713
8426622.391811445
8427307.858356176
8427993.380660422
8428678.9587287
8429364.592565587
8430050.282175597
8430736.02756325
8431421.828733118
8432107.685689721
8432793.598437583
8433479.566981275
8434165.591325317
8434851.671474248
8435537.807432592
8436223.999204922
8436910.246795764
8437596.550209654
8438282.90945112
8438969.324524734
8439655.795435023
8440342.32218651
8441028.904783774
8441715.543231338
8442402.237533731
8443088.987695528
8443775.793721259
8444462.655615464
8445149.573382674
8445836.547027467
8446523.576554371
8447210.661967915
8447897.80327268
8448585.000473192
8449272.253574003
8449959.562579641
8450646.927494686
8451334.348323671
8452021.825071126
8452709.357741635
8453396.94633973
8454084.590869943
8454772.291336857
8455460.047745006
8456147.860098941
8456835.728403196
8457523.652662354
8458211.632880952
8458899.669063542
8459587.761214659
8460275.909338888
8460964.113440769
8461652.373524835
8462340.689595675
8463029.061657827
8463717.489715828
8464405.973774265
8465094.513837682
8465783.109910613
8466471.761997648
8467160.470103329
8467849.234232211
8468538.054388834
8469226.930577792
8469915.862803625
8470604.85107089
8471293.89538413
8471982.995747937
8472672.152166853
8473361.364645423
8474050.63318824
8474739.957799848
8475429.33848479
8476118.775247661
8476808.268093009
8477497.817025391
8478187.422049357
8478877.0831695
8479566.800390368
8480256.573716508
8480946.403152518
8481636.288702944
8482326.230372353
8483016.22816529
8483706.282086356
8484396.392140098
8485086.558331067
8485776.780663865
8486467.059143038
8487157.393773139
8487847.78455877
8488538.23150448
8489228.734614838
8489919.293894395
8490609.909347756
8491300.580979472
8491991.308794115
8492682.092796234
8493372.932990437
8494063.82938128
8494754.781973312
8495445.79077114
8496136.855779322
8496827.97700241
8497519.154445015
8498210.38811169
8498901.678006992
8499593.024135528
8500284.426501859
8500975.885110555
8501667.399966178
8502358.971073335
8503050.598436585
8503742.282060506
8504434.021949654
8505125.818108644
8505817.670542033
8506509.579254385
8507201.54425031
8507893.565534368
8508585.643111123
8509277.776985187
8509969.967161123
8510662.213643512
8511354.516436916
8512046.875545949
8512739.290975176
8513431.76272916
8514124.29081252
8514816.875229819
8515509.515985638
8516202.213084545
8516894.966531157
8517587.77633004
8518280.642485762
8518973.56500294
8519666.543886144
8520359.579139939
8521052.670768945
8521745.818777734
8522439.023170888
8523132.283952981
8523825.60112863
8524518.974702409
8525212.404678902
8525905.891062682
8526599.433858372
8527293.033070544
8527986.688703768
8528680.40076267
8529374.169251822
8530067.994175795
8530761.875539219
8531455.813346663
8532149.807602705
8532843.858311968
8533537.965479031
8534232.129108483
8534926.3492049
8535620.625772912
8536314.958817093
8537009.348342039
8537703.794352327
8538398.296852583
8539092.85584739
8539787.471341325
8540482.143339016
8541176.871845044
8541871.656863987
8542566.498400478
8543261.396459097
8543956.351044443
8544651.362161092
8545346.429813683
8546041.554006794
8546736.73474501
8547431.972032962
8548127.265875235
8548822.61627643
8549518.023241127
8550213.486773964
8550909.006879527
8551604.583562396
8552300.216827214
8552995.906678561
8553691.653121026
8554387.456159245
8555083.315797806
8555779.232041312
8556475.204894353
8557171.234361565
8557867.320447536
8558563.463156875
8559259.662494168
8559955.918464055
8560652.23107113
8561348.60031998
8562045.026215246
8562741.508761521
8563438.047963394
8564134.64382551
8564831.29635246
8565528.005548835
8566224.771419281
8566921.593968391
8567618.473200774
8568315.409121025
8569012.40173379
8569709.451043662
8570406.557055254
8571103.71977316
8571800.93920203
8572498.215346457
8573195.54821104
8573892.937800424
8574590.384119209
8575287.887171991
8575985.44696342
8576683.063498095
8577380.73678063
8578078.466815624
8578776.253607731
8579474.097161548
8580171.997481676
8580869.954572765
8581567.968439419
8582266.039086254
8582964.166517874
8583662.35073893
8584360.591754027
8585058.889567764
8585757.2441848
8586455.655609736
8587154.123847175
8587852.648901777
8588551.230778143
8589249.869480895
8589948.565014638
8590647.317384033
8591346.126593683
8592044.992648212
8592743.915552229
8593442.895310389
8594141.931927303
8594841.025407579
8595540.175755873
8596239.382976798
8596938.647074962
8597637.968055027
8598337.345921598
8599036.780679291
8599736.272332767
8600435.820886636
8601135.426345525
8601835.088714048
8602534.80799687
8603234.5841986
8603934.41732387
8604634.307377292
8605334.254363535
8606034.258287208
8606734.319152929
8607434.436965361
8608134.611729125
8608834.843448829
8609535.132129146
8610235.47777469
8610935.880390096
8611636.33997998
8612336.856549012
8613037.430101808
8613738.06064299
8614438.748177223
8615139.49270913
8615840.294243345
8616541.15278449
8617242.068337232
8617943.040906198
8618644.070496004
8619345.157111324
8620046.30075678
8620747.501436995
8621448.75915664
8622150.073920341
8622851.445732737
8623552.87459845
8624254.360522157
8624955.90350848
8625657.503562065
8626359.160687534
8627060.874889564
8627762.64617278
8628464.47454181
8629166.360001331
8629868.30255597
8630570.302210355
8631272.358969165
8631974.472837027
8632676.643818568
8633378.871918473
8634081.157141367
8634783.499491898
8635485.898974696
8636188.355594443
8636890.86935577
8637593.440263323
8638296.068321737
8638998.753535692
8639701.495909821
8640404.295448756
8641107.152157184
8641810.066039737
8642513.037101047
8643216.065345801
8643919.150778634
8644622.2934042
8645325.493227126
8646028.750252109
8646732.064483779
8647435.435926773
8648138.864585781
8648842.350465441
8649545.893570404
8650249.49390531
8650953.151474848
8651656.866283657
8652360.638336375
8653064.467637697
8653768.354192257
8654472.298004698
8655176.299079712
8655880.35742194
8656584.473036041
8657288.645926654
8657992.876098474
8658697.163556146
8659401.508304326
8660105.910347657
8660810.369690837
8661514.88633851
8662219.460295316
8662924.091565955
8663628.780155072
8664333.526067311
8665038.32930737
8665743.189879894
8666448.107789531
8667153.08304098
8667858.115638888
8668563.205587918
8669268.352892717
8669973.55755799
8670678.819588384
8671384.138988562
8672089.515763177
8672794.949916929
8673500.44145447
8674205.99038045
8674911.59669957
8675617.260416482
8676322.981535839
8677028.760062344
8677734.596000653
8678440.48935543
8679146.440131333
8679852.448333066
8680558.513965283
8681264.637032637
8681970.817539837
8682677.055491537
8683383.350892412
8684089.703747112
8684796.114060353
8685502.581836786
8686209.10708107
8686915.689797916
8687622.32999198
8688329.02766792
8689035.782830445
8689742.595484218
8690449.465633912
8691156.393284189
8691863.37843976
8692570.421105286
8693277.521285444
8693984.678984895
8694691.894208357
8695399.166960485
8696106.497245947
8696813.885069456
8697521.330435675
8698228.833349265
8698936.393814947
8699644.011837382
8700351.687421232
8701059.420571221
8701767.21129201
8702475.059588281
8703182.965464702
8703890.928925993
8704598.949976817
8705307.028621864
8706015.164865796
8706723.358713336
8707431.610169152
8708139.919237914
8708848.285924342
8709556.710233105
8710265.192168875
8710973.731736371
8711682.328940269
8712390.983785251
8713099.696275994
8713808.46641722
8714517.294213599
8715226.179669807
8715935.122790566
8716644.123580553
8717353.182044456
8718062.29818695
8718771.472012764
8719480.70352657
8720189.992733043
8720899.33963691
8721608.744242853
8722318.206555542
8723027.726579709
8723737.30432003
8724446.9397812
8725156.632967899
8725866.383884855
8726576.192536747
8727286.058928272
8727995.98306411
8728705.964948991
8729416.004587598
8730126.10198461
8730836.25714476
8731546.470072731
8732256.740773203
8732967.069250911
8733677.455510536
8734387.899556763
8735098.401394328
8735808.961027913
8736519.578462219
8737230.25370193
8737940.986751787
8738651.777616471
8739362.626300687
8740073.53280912
8740784.49714651
8741495.519317541
8742206.599326901
8742917.737179331
8743628.93287952
8744340.186432153
8745051.497841973
8745762.867113668
8746474.294251945
8747185.779261494
8747897.322147056
8748608.922913326
8749320.581564989
8750032.298106791
8750744.072543425
8751455.9048796
8752167.795120008
8752879.743269393
8753591.749332448
8754303.81331387
8755015.935218401
8755728.115050739
8756440.352815576
8757152.64851766
8757865.00216169
8758577.413752373
8759289.88329441
8760002.410792548
8760714.996251484
8761427.639675934
8762140.341070594
8762853.100440217
8763565.917789498
8764278.79312314
8764991.726445893
8765704.717762455
8766417.767077528
8767130.874395864
8767844.039722165
8768557.26306113
8769270.544417515
8769983.883796023
8770697.28120137
8771410.736638261
8772124.250111453
8772837.821625648
8773551.451185565
8774265.138795912
8774978.884461446
8775692.688186869
8776406.549976887
8777120.469836261
8777834.447769696
8778548.483781897
8779262.577877626
8779976.730061587
8780690.94033851
8781405.208713096
8782119.535190113
8782833.919774266
8783548.362470265
8784262.863282874
8784977.422216801
8785692.039276773
8786406.714467503
8787121.447793754
8787836.239260238
8788551.088871663
8789265.996632801
8789980.962548358
8790695.986623053
8791411.068861647
8792126.209268855
8792841.40784941
8793556.664608026
8794271.979549471
8794987.35267846
8795702.783999726
8796418.273517985
8797133.821238007
8797849.42716451
8798565.091302207
8799280.813655872
8799996.594230223
8800712.433029978
8801428.330059906
8802144.28532473
8802860.298829166
8803576.37057799
8804292.50057592
8805008.688827695
8805724.935338037
8806441.240111718
8807157.603153463
8807874.024468008
8808590.50406008
8809307.041934451
8810023.638095846
8810740.29254899
8811457.005298657
8812173.776349574
8812890.605706464
8813607.49337411
8814324.43935723
8815041.443660572
8815758.506288864
8816475.627246883
8817192.806539357
8817910.044171013
8818627.340146635
8819344.694470946
8820062.107148698
8820779.578184614
8821497.107583482
8822214.69535003
8822932.341488987
8823650.04600514
8824367.808903215
8825085.630187947
8825803.509864122
8826521.44793647
8827239.44440974
8827957.499288667
8828675.612578036
8829393.784282582
8830112.014407057
8830830.302956196
8831548.649934784
8832267.055347558
8832985.519199254
8833704.041494662
8834422.622238517
8835141.261435555
8835859.959090568
8836578.715208294
8837297.52979347
8838016.402850887
8838735.334385283
8839454.324401418
8840173.372904029
8840892.479897909
8841611.645387799
8842330.869378457
8843050.151874624
8843769.492881095
8844488.892402612
8845208.350443916
8845927.867009806
8846647.442105021
8847367.075734306
8848086.767902458
8848806.518614221
8849526.327874357
8850246.195687613
8850966.122058783
8851686.106992617
8852406.150493858
8853126.25256731
8853846.413217714
8854566.63244984
8855286.910268432
8856007.246678293
8856727.641684173
8857448.095290815
8858168.607503029
8858889.17832556
8859609.807763157
8860330.495820627
8861051.24250272
8861772.047814202
8862492.911759825
8863213.834344398
8863934.81557267
8864655.855449412
8865376.953979377
8866098.111167371
8866819.32701815
8867540.601536466
8868261.934727129
8868983.326594891
8869704.777144508
8870426.286380792
8871147.854308497
8871869.48093238
8872591.16625725
8873312.910287863
8874034.713028999
8874756.574485414
8875478.494661918
8876200.47356327
8876922.511194251
8877644.607559616
8878366.76266418
8879088.976512704
8879811.249109948
8880533.580460727
8881255.970569802
8881978.419441937
8882700.927081944
8883423.493494589
8884146.11868465
8884868.802656893
8885591.545416133
8886314.346967136
8887037.207314666
8887760.126463542
8888483.104418527
8889206.14118441
8889929.23676595
8890652.391167974
8891375.604395244
8892098.876452528
8892822.207344651
8893545.597076377
8894269.045652475
8894992.553077769
8895716.119357027
8896439.744495038
8897163.42849657
8897887.171366448
8898610.973109443
8899334.833730344
8900058.75323392
8900782.731625004
8901506.76890836
8902230.865088765
8902955.020171044
8903679.234159973
8904403.507060321
8905127.838876922
8905852.229614548
8906576.679277973
8907301.187872028
8908025.755401487
8908750.381871145
8909475.067285778
8910199.811650218
8910924.614969242
8911649.477247646
8912374.398490207
8913099.378701758
8913824.417887077
8914549.516050944
8915274.673198193
8915999.889333604
8916725.164461957
8917450.498588087
8918175.891716775
8918901.343852822
8919626.855001006
8920352.425166167
8921078.054353088
8921803.74256655
8922529.48981139
8923255.296092397
8923981.161414366
8924707.085782086
8925433.069200398
8926159.111674083
8926885.21320793
8927611.373806776
8928337.593475413
8929063.872218622
8929790.21004125
8930516.60694808
8931243.06294392
8931969.57803356
8932696.152221842
8933422.785513556
8934149.477913508
8934876.22942649
8935603.040057344
8936329.909810865
8937056.838691842
8937783.826705122
8938510.873855494
8939237.980147755
8939965.145586748
8940692.370177267
8941419.653924108
8942146.996832117
8942874.39890609
8943601.860150838
8944329.380571159
8945056.960171899
8945784.598957857
8946512.296933847
8947240.054104663
8947967.87047516
8948695.746050134
8949423.680834383
8950151.674832761
8950879.728050064
8951607.840491092
8952336.0121607
8953064.243063686
8953792.533204872
8954520.882589053
8955249.29122109
8955977.75910578
8956706.286247928
8957434.872652387
8958163.518323964
8958892.223267477
8959620.987487732
8960349.810989583
8961078.693777837
8961807.635857299
8962536.637232827
8963265.697909227
8963994.817891303
8964723.997183919
8965453.235791879
8966182.533720009
8966911.890973115
8967641.30755606
8968370.783473652
8969100.318730718
8969829.913332066
8970559.56728256
8971289.28058701
8972019.053250225
8972748.885277072
8973478.77667236
8974208.7274409
8974938.737587558
8975668.807117147
8976398.93603448
8977129.124344423
8977859.372051788
8978589.67916141
8979320.0456781
8980050.471606728
8980780.95695211
8981511.501719076
8982242.105912443
8982972.769537082
8983703.492597809
8984434.275099441
8985165.11704685
8985896.018444853
8986626.979298266
8987357.999611964
8988089.079390766
8988820.218639506
8989551.417363008
8990282.675566142
8991013.993253732
8991745.370430596
8992476.80710161
8993208.303271595
8993939.858945394
8994671.474127825
8995403.148823768
8996134.883038046
8996866.67677548
8997598.530040948
8998330.442839278
8999062.41517529
8999794.447053868
9000526.538479835
9001258.689458035
9001990.899993293
9002723.170090493
9003455.499754459
9004187.888990037
9004920.337802056
9005652.846195398
9006385.41417489
9007118.041745363
9007850.7289117
9008583.47567873
9009316.282051286
9010049.14803425
9010782.073632453
9011515.058850726
9012248.103693958
9012981.20816698
9013714.37227464
9014447.59602177
9015180.879413264
9015914.22245395
9016647.625148682
9017381.087502295
9018114.609519677
9018848.191205665
9019581.832565093
9020315.533602852
9021049.29432378
9021783.11473271
9022516.994834539
9023250.934634099
9023984.93413625
9024718.993345827
9025453.112267725
9026187.290906785
9026921.529267844
9027655.827355798
9028390.185175486
9029124.602731768
9029859.080029486
9030593.617073534
9031328.213868754
9032062.870419988
9032797.586732136
9033532.36281004
9034267.19865854
9035002.09428254
9035737.049686879
9036472.064876424
9037207.139856018
9037942.274630561
9038677.4692049
9039412.7235839
9040148.037772404
9040883.411775315
9041618.845597483
9042354.339243755
9043089.892719032
9043825.506028164
9044561.179175999
9045296.912167443
9046032.705007343
9046768.557700552
9047504.470251972
9048240.442666458
9048976.474948876
9049712.567104079
9050448.719136974
9051184.931052415
9051921.202855268
9052657.534550393
9053393.926142696
9054130.377637029
9054866.889038248
9055603.460351264
9056340.09158093
9057076.782732103
9057813.533809694
9058550.344818557
9059287.21576357
9060024.14664959
9060761.13748153
9061498.188264245
9062235.299002595
9062972.469701495
9063709.700365804
9064446.991000399
9065184.34161014
9065921.75219994
9066659.222774666
9067396.753339173
9068134.34389838
9068871.99445715
9069609.705020344
9070347.47559288
9071085.30617962
9071823.196785448
9072561.147415228
9073299.158073878
9074037.228766263
9074775.359497264
9075513.550271751
9076251.801094644
9076990.111970806
9077728.482905108
9078466.91390247
9079205.404967759
9079943.956105843
9080682.567321647
9081421.23862004
9082159.970005887
9082898.761484116
9083637.613059597
9084376.524737217
9085115.496521847
9085854.528418414
9086593.620431788
9087332.772566862
9088071.984828506
9088811.257221648
9089550.589751162
9090289.98242192
9091029.435238851
9091768.94820683
9092508.521330733
9093248.154615488
9093987.84806597
9094727.601687076
9095467.41548368
9096207.289460715
9096947.223623056
9097687.217975583
9098427.272523226
9099167.387270866
9099907.562223399
9100647.797385706
9101388.092762716
9102128.448359314
9102868.864180379
9103609.340230845
9104349.876515593
9105090.473039508
9105831.129807524
9106571.846824523
9107312.624095408
9108053.46162506
9108794.359418418
9109535.317480367
9110276.335815808
9111017.414429625
9111758.553326761
9112499.7525121
9113241.011990527
9113982.331766983
9114723.711846355
9115465.152233532
9116206.652933454
9116948.21395101
9117689.835291088
9118431.516958632
9119173.25895853
9119915.06129569
9120656.923975002
9121398.847001411
9122140.83037981
9122882.874115104
9123624.978212189
9124367.142676007
9125109.367511455
9125851.652723422
9126593.998316858
9127336.404296657
9128078.870667709
9128821.397434969
9129563.984603327
9130306.632177697
9131049.340162976
9131792.108564114
9132534.937386008
9133277.826633554
9134020.776311703
9134763.786425354
9135506.85697942
9136249.987978805
9136993.179428458
9137736.43133328
9138479.743698169
9139223.11652808
9139966.549827915
9140710.043602573
9141453.59785701
9142197.212596128
9142940.887824846
9143684.623548068
9144428.419770751
9145172.276497798
9145916.19373413
9146660.171484651
9147404.209754322
9148148.308548046
9148892.467870727
9149636.687727327
9150380.968122752
9151125.309061907
9151869.710549755
9152614.172591202
9153358.695191154
9154103.278354578
9154847.922086379
9155592.626391485
9156337.391274804
9157082.216741301
9157827.102795886
9158572.049443489
9159317.056689018
9160062.12453744
9160807.252993667
9161552.44206261
9162297.691749237
9163043.002058461
9163788.372995194
9164533.804564405
9165279.296771007
9166024.849619934
9166770.4631161
9167516.137264473
9168261.872069972
9169007.66753751
9169753.523672061
9170499.44047854
9171245.41796188
9171991.456127003
9172737.55497888
9173483.714522427
9174229.934762565
9174976.21570427
9175722.557352457
9176468.959712049
9177215.422788018
9177961.94658529
9178708.5311088
9179455.17636347
9180201.882354278
9180948.649086148
9181695.476564016
9182442.364792809
9183189.313777504
9183936.323523028
9184683.3940343
9185430.525316302
9186177.71737396
9186924.970212199
9187672.283836
9188419.658250289
9189167.093459992
9189914.589470092
9190662.146285517
9191409.763911212
9192157.442352105
9192905.181613183
9193652.98169937
9194400.842615617
9195148.764366854
9195896.746958066
9196644.790394183
9197392.894680137
9198141.059820913
9198889.285821445
9199637.572686663
9200385.920421558
9201134.32903106
9201882.798520122
9202631.328893676
9203379.920156717
9204128.572314173
9204877.285370983
9205626.059332138
9206374.894202571
9207123.78998724
9207872.74669108
9208621.764319083
9209370.842876185
9210119.982367327
9210869.1827975
9211618.444171647
9212367.766494703
9213117.149771662
9213866.594007468
9214616.099207075
9215365.665375428
9216115.29251752
9216864.980638295
9217614.729742711
9218364.539835714
9219114.410922298
9219864.343007408
9220614.336095987
9221364.390193034
9222114.505303495
9222864.681432312
9223614.918584488
9224365.216764968
9225115.575978696
9225865.996230677
9226616.477525854
9227367.019869195
9228117.623265646
9228868.287720213
9229619.013237841
9230369.799823498
9231120.647482136
9231871.556218756
9232622.526038311
9233373.556945749
9234124.648946078
9234875.802044248
9235627.01624521
9236378.291553974
9237129.62797549
9237881.025514731
9238632.484176647
9239384.003966251
9240135.584888494
9240887.226948332
9241638.930150773
9242390.694500776
9243142.520003311
9243894.406663338
9244646.354485866
9245398.363475852
9246150.433638252
9246902.564978084
9247654.7575003
9248407.011209862
9249159.326111786
9249911.702211026
9250664.139512565
9251416.63802136
9252169.197742427
9252921.818680728
9253674.500841241
9254427.244228931
9255180.048848813
9255932.91470585
9256685.841805005
9257438.830151297
9258191.879749687
9258944.990605144
9259698.162722684
9260451.396107275
9261204.69076388
9261958.04669752
9262711.463913161
9263464.942415789
9264218.482210372
9264972.083301932
9265725.745695435
9266479.469395868
9267233.254408201
9267987.10073746
9268741.00838861
9269494.977366624
9270249.007676525
9271003.099323288
9271757.25231188
9272511.466647327
9273265.742334606
9274020.079378702
9274774.47778459
9275528.9375573
9276283.458701804
9277038.041223077
9277792.685126146
9278547.390415987
9279302.157097593
9280056.985175941
9280811.874656063
9281566.82554293
9282321.837841526
9283076.911556877
9283832.046693966
9284587.243257767
9285342.501253314
9286097.820685588
9286853.201559586
9287608.643880285
9288364.147652723
9289119.71288188
9289875.339572756
9290631.027730327
9291386.777359637
9292142.588465665
9292898.46105339
9293654.395127857
9294410.390694045
9295166.447756935
9295922.566321572
9296678.74639294
9297434.987976018
9298191.291075852
9298947.655697428
9299704.081845745
9300460.569525795
9301217.118742619
9301973.729501203
9302730.401806554
9303487.135663658
9304243.931077562
9305000.788053254
9305757.706595723
9306514.686710013
9307271.728401115
9308028.831674019
9308785.996533774
9309543.222985368
9310300.511033813
9311057.860684099
9311815.271941276
9312572.744810339
9313330.279296275
9314087.87540414
9314845.533138925
9315603.252505643
9316361.03350929
9317118.876154914
9317876.780447515
9318634.746392086
9319392.77399368
9320150.863257296
9320909.014187928
9321667.226790633
9322425.501070406
9323183.837032266
9323942.23468121
9324700.694022296
9325459.21506052
9326217.797800906
9326976.44224845
9327735.148408212
9328493.91628519
9329252.745884389
9330011.637210865
9330770.590269621
9331529.60506566
9332288.681604043
9333047.81988977
9333807.01992785
9334566.281723341
9335325.605281247
9336084.990606595
9336844.437704386
9337603.94657969
9338363.517237505
9339123.149682863
9339882.843920767
9340642.599956285
9341402.417794423
9342162.29744019
9342922.23889865
9343682.242174815
9344442.307273693
9345202.434200352
9345962.6229598
9346722.87355707
9347483.18599717
9348243.560285171
9349003.996426085
9349764.494424922
9350525.054286756
9351285.676016597
9352046.359619478
9352807.105100414
9353567.912464475
9354328.781716678
9355089.712862037
9355850.705905626
9356611.76085246
9357372.877707556
9358134.056475986
9358895.297162771
9359656.599772945
9360417.964311527
9361179.390783593
9361940.87919416
9362702.42954827
9363464.04185094
9364225.716107247
9364987.452322215
9365749.250500862
9366511.110648265
9367273.03276945
9368035.016869437
9368797.062953306
9369559.17102608
9370321.341092784
9371083.573158495
9371845.867228242
9372608.223307066
9373370.641399993
9374133.121512106
9374895.663648428
9375658.267814009
9376420.934013871
9377183.662253104
9377946.45253673
9378709.30486978
9379472.219257338
9380235.195704434
9380998.234216098
9381761.334797414
9382524.497453414
9383287.722189147
9384051.009009644
9384814.357919995
9385577.768925227
9386341.242030378
9387104.777240533
9387868.374560727
9388632.033996012
9389395.755551422
9390159.539232047
9390923.385042924
9391687.292989086
9392451.263075626
9393215.295307579
9393979.389689982
9394743.54622793
9395507.764926458
9396272.045790624
9397036.388825463
9397800.794036075
9398565.261427494
9399329.791004783
9400094.382772977
9400859.036737174
9401623.752902415
9402388.531273741
9403153.371856252
9403918.274654986
9404683.239674985
9405448.266921353
9406213.356399128
9406978.508113356
9407743.722069137
9408508.998271514
9409274.336725552
9410039.737436295
9410805.200408844
9411570.725648247
9412336.313159568
9413101.962947855
9413867.67501821
9414633.449375682
9415399.286025316
9416165.18497222
9416931.146221442
9417697.16977803
9418463.255647091
9419229.403833674
9419995.614342852
9420761.88717967
9421528.22234924
9422294.619856613
9423061.079706838
9423827.601905027
9424594.186456233
9425360.833365528
9426127.542637965
9426894.314278653
9427661.14829265
9428428.044685008
9429195.003460841
9429962.024625203
9430729.108183151
9431496.254139798
9432263.462500202
9433030.733269436
9433798.066452563
9434565.462054694
9435332.920080887
9436100.440536223
9436868.02342576
9437635.668754613
9438403.376527846
9439171.146750515
9439938.979427742
9440706.874564586
9441474.83216611
9442242.85223743
9443010.934783613
9443779.07980972
9444547.287320873
9445315.557322133
9446083.889818585
9446852.284815295
9447620.742317382
9448389.262329914
9449157.844857974
9449926.489906631
9450695.197481006
9451463.967586169
9452232.800227184
9453001.69540918
9453770.653137222
9454539.673416382
9455308.756251782
9456077.901648495
9456847.10961161
9457616.380146196
9458385.713257382
9459155.108950239
9459924.567229839
9460694.088101309
9461463.671569725
9462233.317640178
9463003.026317738
9463772.797607541
9464542.631514657
9465312.528044164
9466082.487201191
9466852.508990815
9467622.593418112
9468392.740488214
9469162.950206202
9469933.222577166
9470703.557606187
9471473.955298398
9472244.41565888
9473014.93869273
9473785.524405025
9474556.172800904
9475326.883885447
9476097.65766373
9476868.494140899
9477639.39332203
9478410.355212204
9479181.379816562
9479952.467140185
9480723.617188158
9481494.829965621
9482266.105477655
9483037.443729367
9483808.84472584
9484580.308472214
9485351.834973577
9486123.424235035
9486895.07626167
9487666.791058628
9488438.568630995
9489210.408983862
9489982.31212237
9490754.27805161
9491526.306776667
9492298.398302691
9493070.55263477
9493842.769778013
9494615.04973751
9495387.39251841
9496159.798125803
9496932.26656478
9497704.797840495
9498477.391958034
9499250.048922513
9500022.768739022
9500795.551412717
9501568.396948686
9502341.305352027
9503114.27662789
9503887.310781373
9504660.40781757
9505433.567741636
9506206.790558666
9506980.076273775
9507753.424892062
9508526.836418683
9509300.310858736
9510073.848217336
9510847.448499583
9511621.111710636
9512394.837855594
9513168.626939556
9513942.47896768
9514716.393945068
9515490.37187682
9516264.4127681
9517038.516624004
9517812.683449639
9518586.913250165
9519361.206030684
9520135.561796319
9520909.980552176
9521684.462303417
9522459.007055147
9523233.61481249
9524008.285580553
9524783.019364499
9525557.816169437
9526332.67600047
9527107.59886277
9527882.584761439
9528657.633701587
9529432.745688383
9530207.920726933
9530983.158822369
9531758.459979797
9532533.82420439
9533309.251501257
9534084.741875509
9534860.295332316
9535635.91187679
9536411.591514064
9537187.334249249
9537963.140087517
9538739.009033984
9539514.94109376
9540290.936272021
9541066.994573882
9541843.116004456
9542619.30056892
9543395.548272386
9544171.859119996
9544948.233116863
9545724.670268163
9546501.170579014
9547277.734054556
9548054.360699905
9548831.05052024
9549607.80352068
9550384.619706344
9551161.499082413
9551938.441654006
9552715.447426243
9553492.516404308
9554269.64859332
9555046.8439984
9555824.102624735
9556601.424477443
9557378.809561668
9558156.257882537
9558933.76944523
9559711.344254872
9560488.982316611
9561266.683635568
9562044.448216932
9562822.276065826
9563600.167187382
9564378.12158678
9565156.13926915
9565934.220239624
9566712.364503384
9567490.572065562
9568268.842931306
9569047.177105745
9569825.574594071
9570604.035401411
9571382.5595329
9572161.146993725
9572939.797789019
9573718.511923935
9574497.289403604
9575276.130233219
9576055.034417914
9576834.001962824
9577613.032873139
9578392.127153996
9579171.284810532
9579950.505847936
9580729.790271351
9581509.138085928
9582288.549296807
9583068.023909183
9583847.561928194
9584627.163358998
9585406.828206731
9586186.556476595
9586966.348173728
9587746.203303268
9588526.121870417
9589306.103880316
9590086.149338102
9590866.25824898
9591646.430618089
9592426.666450573
9593206.965751633
9593987.328526413
9594767.754780076
9595548.244517766
9596328.797744684
9597109.414465979
9597890.094686814
9598670.838412335
9599451.645647746
9600232.516398195
9601013.450668829
9601794.448464854
9602575.509791417
9603356.634653669
9604137.823056813
9604919.075006003
9605700.390506404
9606481.769563168
9607263.212181507
9608044.718366567
9608826.288123501
9609607.92145752
9610389.618373776
9611171.37887744
9611953.202973668
9612735.090667669
9613517.041964596
9614299.056869607
9615081.135387914
9615863.27752467
9616645.483285034
9617427.752674216
9618210.085697377
9618992.48235969
9619774.942666315
9620557.466622466
9621340.054233301
9622122.705504
9622905.42043972
9623688.19904568
9624471.04132704
9625253.947288958
9626036.916936656
9626819.950275294
9627603.047310032
9628386.208046092
9629169.432488637
9629952.720642827
9630736.072513886
9631519.488106977
9632302.967427284
9633086.510479968
9633870.117270257
9634653.787803315
9635437.522084326
9636221.320118457
9637005.181910932
9637789.107466917
9638573.096791584
9639357.149890155
9640141.266767798
9640925.447429685
9641709.69188104
9642494.000127036
9643278.372172859
9644062.808023682
9644847.307684733
9645631.871161181
9646416.498458201
9647201.189581024
9647985.94453482
9648770.76332478
9649555.64595608
9650340.592433954
9651125.602763573
9651910.67695011
9652695.814998802
9653481.016914824
9654266.28270335
9655051.612369616
9655837.005918797
9656622.463356093
9657407.984686676
9658193.56991579
9658979.219048606
9659764.932090327
9660550.709046131
9661336.549921254
9662122.454720879
9662908.423450185
9663694.456114411
9664480.552718738
9665266.71326835
9666052.937768487
9666839.22622433
9667625.578641063
9668411.995023927
9669198.475378107
9669985.019708809
9670771.62802121
9671558.300320562
9672345.036612047
9673131.836900871
9673918.701192219
9674705.629491339
9675492.621803414
9676279.678133637
9677066.79848725
9677853.982869444
9678641.231285408
9679428.543740388
9680215.920239575
9681003.36078818
9681790.86539139
9682578.434054459
9683366.066782575
9684153.763580931
9684941.52445478
9685729.34940931
9686517.238449737
9687305.191581255
9688093.208809115
9688881.290138513
9689669.435574641
9690457.645122755
9691245.918788051
9692034.256575724
9692822.65849103
9693611.124539165
9694399.654725345
9695188.24905477
9695976.907532698
9696765.630164323
9697554.416954868
9698343.26790953
9699132.183033569
9699921.162332183
9700710.205810575
9701499.313474005
9702288.485327672
9703077.721376782
9703867.021626594
9704656.386082308
9705445.814749133
9706235.307632327
9707024.864737095
9707814.486068662
9708604.171632234
9709393.921433074
9710183.735476386
9710973.613767399
9711763.556311317
9712553.563113408
9713343.634178879
9714133.769512935
9714923.969120847
9715714.233007824
9716504.561179072
9717294.953639861
9718085.4103954
9718875.931450922
9719666.516811635
9720457.166482812
9721247.880469661
9722038.658777397
9722829.501411289
9723620.408376554
9724411.37967842
9725202.415322106
9725993.515312882
9726784.679655962
9727575.908356564
9728367.20141996
9729158.558851367
9729949.980656002
9730741.466839138
9731533.017405998
9732324.632361813
9733116.311711803
9733908.055461248
9734699.863615364
9735491.736179393
9736283.67315855
9737075.67455812
9737867.74038332
9738659.87063937
9739452.065331554
9740244.324465092
9741036.648045206
9741829.036077179
9742621.488566233
9743414.005517593
9744206.586936539
9744999.232828299
9745791.943198116
9746584.718051216
9747377.557392884
9748170.461228345
9748963.429562844
9749756.462401612
9750549.559749931
9751342.721613033
9752135.947996143
9752929.238904553
9753722.594343485
9754516.014318176
9755309.498833911
9756103.047895921
9756896.661509458
9757690.339679752
9758484.082412092
9759277.889711713
9760071.761583848
9760865.698033787
9761659.699066764
9762453.764688034
9763247.894902827
9764042.089716442
9764836.34913411
9765630.673161069
9766425.061802614
9767219.51506398
9768014.032950405
9768808.615467185
9769603.262619559
9770397.974412782
9771192.750852095
9771987.591942793
9772782.497690119
9773577.468099331
9774372.503175668
9775167.602924433
9775962.767350864
9776757.996460201
9777553.290257752
9778348.648748752
9779144.071938448
9779939.55983214
9780735.112435075
9781530.729752494
9782326.4117897
9783122.158551943
9783917.970044482
9784713.846272565
9785509.7872415
9786305.79295653
9787101.863422923
9787897.998645926
9788694.198630849
9789490.463382937
9790286.79290744
9791083.187209666
9791879.646294864
9792676.170168286
9793472.758835241
9794269.41230098
9795066.130570773
9795862.913649872
9796659.76154359
9797456.674257178
9798253.65179589
9799050.694165038
9799847.801369876
9800644.973415678
9801442.2103077
9802239.512051255
9803036.8786516
9803834.310113989
9804631.806443738
9805429.367646107
9806226.993726349
9807024.684689784
9807822.44054167
9808620.261287285
9809418.146931887
9810216.097480794
9811014.112939268
9811812.193312591
9812610.338606019
9813408.548824875
9814206.823974421
9815005.164059917
9815803.569086688
9816602.039059993
9817400.5739851
9818199.173867326
9818997.838711942
9819796.568524208
9820595.363309449
9821394.223072931
9822193.147819942
9822992.137555743
9823791.192285664
9824590.312014973
9825389.496748954
9826188.746492878
9826988.061252072
9827787.441031804
9828586.885837343
9829386.39567402
9830185.970547104
9830985.610461865
9831785.315423636
9832585.085437685
9833384.920509307
9834184.820643771
9834984.785846412
9835784.816122502
9836584.911477314
9837385.071916183
9838185.297444383
9838985.588067207
9839785.943789933
9840586.364617895
9841386.850556368
9842187.401610631
9842988.017786019
9843788.69908781
9844589.44552128
9845390.25709177
9846191.133804556
9846992.07566494
9847793.082678197
9848594.15484967
9849395.292184642
9850196.494688407
9850997.762366252
9851799.095223516
9852600.49326548
9853401.956497429
9854203.484924706
9855005.078552593
9855806.737386372
9856608.46143139
9857410.25069293
9858212.10517628
9859014.024886781
9859816.009829722
9860618.060010409
9861420.17543413
9862222.356106227
9863024.602031993
9863826.913216734
9864629.28966574
9865431.731384357
9866234.238377878
9867036.810651591
9867839.448210845
9868642.151060931
9869444.919207143
9870247.75265483
9871050.651409283
9871853.615475819
9872656.644859726
9873459.739566358
9874262.89960101
9875066.124968978
9875869.415675612
9876672.77172621
9877476.193126088
9878279.679880539
9879083.231994921
9879886.849474533
9880690.532324668
9881494.280550685
9882298.094157884
9883101.97315156
9883905.917537075
9884709.927319728
9885514.002504837
9886318.143097702
9887122.349103685
9887926.620528089
9888730.95737623
9889535.359653415
9890339.827365005
9891144.360516302
9891948.959112609
9892753.62315929
9893558.352661649
9894363.14762499
9895168.008054681
9895972.933956023
9896777.925334325
9897582.982194953
9898388.104543211
9899193.292384429
9899998.545723911
9900803.86456703
9901609.248919092
9902414.698785424
9903220.214171339
9904025.795082204
9904831.44152333
9905637.153500026
9906442.931017665
9907248.77408156
9908054.682697019
9908860.656869415
9909666.696604064
9910472.801906295
9911278.972781425
9912085.209234828
9912891.511271816
9913697.878897704
9914504.312117869
9915310.810937626
9916117.375362312
9916924.005397243
9917730.701047797
9918537.46231929
9919344.289217042
9920151.181746429
9920958.13991277
9921765.163721386
9922572.253177656
9923379.4082869
9924186.629054459
9924993.915485652
9925801.267585862
9926608.685360413
9927416.168814644
9928223.71795388
9929031.332783502
9929839.013308834
9930646.7595352
9931454.571467988
9932262.44911252
9933070.392474119
9933878.401558176
9934686.476370012
9935494.616914956
9936302.823198397
9937111.09522566
9937919.433002094
9938727.836533027
9939536.305823848
9940344.840879885
9941153.44170649
9941962.108308991
9942770.840692779
9943579.638863187
9944388.502825545
9945197.432585243
9946006.428147618
9946815.489517998
9947624.616701778
9948433.809704293
9949243.068530893
9950052.393186918
9950861.783677759
9951671.240008753
9952480.762185235
9953290.3502126
9954100.004096188
9954909.723841354
9955719.509453434
9956529.36093783
9957339.278299877
9958149.261544915
9958959.310678344
9959769.425705502
9960579.606631732
9961389.853462432
9962200.166202942
9963010.544858627
9963820.989434825
9964631.499936942
9965442.07637032
9966252.71874032
9967063.427052287
9967874.201311626
9968685.04152368
9969495.947693795
9970306.919827376
9971117.957929768
9971929.062006317
9972740.232062433
9973551.46810346
9974362.770134745
9975174.1381617
9975985.57218967
9976797.072224025
9977608.638270112
9978420.270333344
9979231.96841907
9980043.732532661
9980855.562679466
9981667.4588649
9982479.421094313
9983291.449373057
9984103.543706544
9984915.70410013
9985727.930559168
9986540.22308907
9987352.581695192
9988165.006382909
9988977.497157576
9989790.054024609
9990602.676989364
9991415.366057198
9992228.12123353
9993040.942523714
9993853.829933133
9994666.78346714
9995479.803131158
9996292.888930544
9997106.040870657
9997919.258956922
9998732.543194694
9999545.893589338
10000359.310146274
10001172.792870864
10001986.341768492
10002799.956844518
10003613.638104368
10004427.385553403
10005241.199197011
10006055.079040552
10006869.025089454
10007683.037349083
10008497.115824804
10009311.260522041
10010125.471446166
10010939.748602541
10011754.091996597
10012568.501633702
10013382.977519222
10014197.519658588
10015012.128057169
10015826.802720357
10016641.543653518
10017456.350862086
10018271.22435143
10019086.164126944
10019901.170194
10020716.242558029
10021531.381224403
10022346.586198498
10023161.857485745
10023977.195091521
10024792.5990212
10025608.069280216
10026423.605873948
10027239.208807787
10028054.87808711
10028870.61371736
10029686.415703908
10030502.284052134
10031318.218767475
10032134.219855312
10032950.287321042
10033766.421170045
10034582.621407762
10035398.888039572
10036215.221070858
10037031.62050706
10037848.086353557
10038664.618615735
10039481.217299037
10040297.882408842
10041114.613950558
10041931.411929565
10042748.27635131
10043565.207221178
10044382.204544572
10045199.268326879
10046016.398573546
10046833.595289957
10047650.858481502
10048468.188153626
10049285.584311718
10050103.046961168
10050920.57610742
10051738.171755869
10052555.833911901
10053373.562580967
10054191.357768457
10055009.219479783
10055827.147720335
10056645.142495567
10057463.203810869
10058281.331671655
10059099.526083319
10059917.787051313
10060736.11458103
10061554.508677866
10062372.969347278
10063191.496594658
10064010.090425404
10064828.75084497
10065647.477858756
10066466.271472175
10067285.131690627
10068104.058519572
10068923.051964404
10069742.112030525
10070561.238723394
10071380.43204841
10072199.692010993
10073019.018616544
10073838.411870524
10074657.871778335
10075477.39834538
10076296.991577119
10077116.651478956
10077936.378056293
10078756.171314595
10079576.031259269
10080395.957895735
10081215.951229401
10082036.01126573
10082856.138010131
10083676.331468027
10084496.591644827
10085316.918545999
10086137.312176948
10086957.772543086
10087778.299649877
10088598.893502735
10089419.554107064
10090240.281468337
10091061.075591967
10091881.936483359
10092702.86414799
10093523.858591266
10094344.919818625
10095166.047835473
10095987.24264729
10096808.504259484
10097629.832677493
10098451.227906726
10099272.689952664
10100094.218820719
10100915.814516306
10101737.477044903
10102559.206411924
10103381.002622789
10104202.865682974
10105024.795597898
10105846.792372998
10106668.856013691
10107490.98652546
10108313.183913723
10109135.4481839
10109957.77934147
10110780.177391857
10111602.642340502
10112425.174192823
10113247.772954307
10114070.438630374
10114893.17122645
10115715.970748015
10116538.837200494
10117361.770589313
10118184.770919956
10119007.83819785
10119830.97242844
10120654.173617149
10121477.441769468
10122300.776890822
10123124.178986661
10123947.64806241
10124771.184123559
10125594.787175536
10126418.457223773
10127242.194273757
10128065.998330921
10128889.869400691
10129713.807488564
10130537.812599968
10131361.884740334
10132186.023915159
10133010.230129873
10133834.503389928
10134658.843700761
10135483.251067864
10136307.725496674
10137132.266992643
10137956.87556121
10138781.551207867
10139606.293938054
10140431.103757206
10141255.980670823
10142080.92468434
10142905.935803195
10143731.01403289
10144556.159378862
10145381.37184657
10146206.651441453
10147031.998169014
10147857.412034694
10148682.893043933
10149508.441202234
10150334.056515038
10151159.738987809
10151985.488625988
10152811.305435082
10153637.189420532
10154463.140587782
10155289.158942342
10156115.244489651
10156941.397235159
10157767.61718437
10158593.904342733
10159420.258715713
10160246.680308757
10161073.169127377
10161899.725177018
10162726.34846315
10163553.03899122
10164379.796766743
10165206.621795164
10166033.514081938
10166860.473632572
10167687.500452522
10168514.594547236
10169341.75592223
10170168.984582955
10170996.280534863
10171823.643783472
10172651.074334232
10173478.57219262
10174306.13736409
10175133.769854158
10175961.469668282
10176789.236811936
10177617.071290577
10178444.973109724
10179272.942274833
10180100.978791364
10180929.082664834
10181757.253900705
10182585.492504433
10183413.79848154
10184242.171837486
10185070.612577753
10185899.120707802
10186727.696233155
10187556.339159273
10188385.049491618
10189213.827235717
10190042.67239703
10190871.584981043
10191700.56499322
10192529.612439087
10193358.727324106
10194187.909653747
10195017.159433534
10195846.476668933
10196675.861365415
10197505.313528504
10198334.83316367
10199164.4202764
10199994.074872162
10200823.796956489
10201653.586534848
10202483.443612732
10203313.368195608
10204143.360289011
10204973.419898411
10205803.54702928
10206633.74168715
10207464.003877496
10208294.333605789
10209124.730877565
10209955.195698297
10210785.72807346
10211616.328008588
10212446.99550916
10213277.73058067
10214108.533228595
10214939.403458472
10215770.34127578
10216601.346686013
10217432.41969465
10218263.560307235
10219094.768529242
10219926.044366151
10220757.387823505
10221588.798906785
10222420.277621467
10223251.823973099
10224083.437967157
10224915.119609147
10225746.868904551
10226578.685858913
10227410.570477717
10228242.522766443
10229074.54273064
10229906.630375793
10230738.785707407
10231571.008730965
10232403.299452016
10233235.657876048
10234068.084008547
10234900.57785506
10235733.139421077
10236565.768712085
10237398.465733634
10238231.230491214
10239064.062990334
10239896.963236483
10240729.931235217
10241562.96699202
10242396.070512412
10243229.241801878
10244062.480865976
10244895.787710197
10245729.162340032
10246562.60476104
10247396.114978714
10248229.692998545
10249063.338826094
10249897.052466854
10250730.83392632
10251564.683210053
10252398.600323545
10253232.585272318
10254066.638061866
10254900.758697752
10255734.947185472
10256569.203530546
10257403.527738474
10258237.919814818
10259072.379765075
10259906.907594748
10260741.5033094
10261576.166914534
10262410.89841565
10263245.69781831
10264080.565128021
10264915.500350304
10265750.503490664
10266585.574554669
10267420.71354782
10268255.920475625
10269091.195343649
10269926.5381574
10270761.948922403
10271597.427644167
10272432.97432826
10273268.58898019
10274104.271605467
10274940.02220966
10275775.840798276
10276611.727376828
10277447.681950886
10278283.70452596
10279119.795107586
10279955.953701269
10280792.180312587
10281628.474947052
10282464.837610194
10283301.268307531
10284137.767044635
10284974.333827022
10285810.968660206
10286647.671549762
10287484.442501208
10288321.28152006
10289158.188611893
10289995.163782228
10290832.207036579
10291669.318380527
10292506.49781959
10293343.745359307
10294181.061005197
10295018.444762843
10295855.896637762
10296693.416635498
10297531.00476157
10298368.66102156
10299206.385420993
10300044.17796539
10300882.038660334
10301719.96751135
10302557.96452396
10303396.029703751
10304234.163056247
10305072.364586994
10305910.634301515
10306748.972205402
10307587.378304178
10308425.85260337
10309264.395108568
10310103.0058253
10310941.684759114
10311780.431915537
10312619.247300163
10313458.13091852
10314297.082776135
10315136.102878604
10315975.191231458
10316814.347840225
10317653.572710501
10318492.865847819
10319332.227257729
10320171.656945767
10321011.154917525
10321850.721178541
10322690.355734367
10323530.058590539
10324369.829752654
10325209.66922625
10326049.577016858
10326889.55313008
10327729.597571453
10328569.710346514
10329409.891460864
10330250.140920041
10331090.458729582
10331930.844895089
10332771.299422104
10333611.822316187
10334452.413582876
10335293.073227776
10336133.801256431
10336974.5976744
10337815.462487226
10338656.395700516
10339497.397319812
10340338.46735066
10341179.605798662
10342020.812669367
10342862.087968316
10343703.43170112
10344544.843873326
10345386.324490497
10346227.873558182
10347069.491081992
10347911.177067474
10348752.931520175
10349594.754445707
10350436.64584962
10351278.605737485
10352120.634114848
10352962.730987327
10353804.896360468
10354647.130239826
10355489.432631016
10356331.803539585
10357174.242971092
10358016.75093115
10358859.32742531
10359701.972459152
10360544.686038228
10361387.468168154
10362230.318854488
10363073.238102805
10363916.225918664
10364759.28230768
10365602.407275414
10366445.600827422
10367288.862969326
10368132.193706684
10368975.593045052
10369819.060990058
10370662.597547257
10371506.202722212
10372349.876520548
10373193.61894782
10374037.430009618
10374881.3097115
10375725.258059092
10376569.275057958
10377413.360713681
10378257.515031826
10379101.738018021
10379946.029677829
10380790.390016817
10381634.819040611
10382479.316754783
10383323.883164892
10384168.518276574
10385013.222095395
10385857.994626941
10386702.835876785
10387547.745850557
10388392.724553825
10389237.77199216
10390082.888171196
10390928.073096504
10391773.326773673
10392618.64920828
10393464.040405953
10394309.500372272
10395155.029112805
10396000.62663319
10396846.292939002
10397692.028035814
10398537.831929263
10399383.704624927
10400229.6461284
10401075.65644526
10401921.735581145
10402767.883541634
10403614.100332325
10404460.385958795
10405306.740426686
10406153.163741577
10406999.655909048
10407846.216934742
10408692.846824238
10409539.545583118
10410386.313217023
10411233.149731541
10412080.055132248
10412927.029424792
10413774.072614757
10414621.184707746
10415468.365709342
10416315.615625195
10417162.93446089
10418010.32222203
10418857.778914204
10419705.30454306
10420552.899114182
10421400.562633162
10422248.29510565
10423096.096537229
10423943.966933493
10424791.90630009
10425639.914642612
10426487.99196667
10427336.138277853
10428184.353581814
10429032.637884147
10429880.991190441
10430729.413506353
10431577.904837476
10432426.465189422
10433275.094567785
10434123.792978223
10434972.56042633
10435821.3969177
10436670.302457994
10437519.277052805
10438368.32070773
10439217.433428429
10440066.615220498
10440915.866089558
10441765.186041206
10442614.575081104
10443464.03321485
10444313.560448064
10445163.156786347
10446012.822235363
10446862.556800712
10447712.360487994
10448562.233302876
10449412.17525096
10450262.186337847
10451112.266569205
10451962.415950635
10452812.634487744
10453662.922186198
10454513.279051602
10455363.705089582
10456214.200305745
10457064.76470576
10457915.398295233
10458766.101079792
10459616.873065047
10460467.714256667
10461318.624660261
10462169.604281439
10463020.653125871
10463871.77119917
10464722.958506946
10465574.215054872
10466425.540848559
10467276.93589364
10468128.400195727
10468979.933760498
10469831.536593564
10470683.208700538
10471534.9500871
10472386.760758862
10473238.64072146
10474090.589980513
10474942.608541695
10475794.696410626
10476646.853592921
10477499.080094261
10478351.375920264
10479203.741076548
10480056.175568795
10480908.679402623
10481761.252583675
10482613.895117568
10483466.607009986
10484319.388266554
10485172.23889291
10486025.158894677
10486878.14827754
10487731.207047123
10488584.335209051
10489437.532769006
10490290.799732616
10491144.136105504
10491997.54189336
10492851.017101808
10493704.561736472
10494558.175803045
10495411.859307153
10496265.612254445
10497119.434650546
10497973.326501152
10498827.287811887
10499681.318588404
10500535.418836331
10501389.588561364
10502243.82776913
10503098.136465264
10503952.514655458
10504806.962345345
10505661.479540555
10506516.066246789
10507370.722469676
10508225.448214872
10509080.243488012
10509935.108294792
10510790.04264085
10511645.04653182
10512500.119973402
10513355.262971232
10514210.475530967
10515065.757658247
10515921.10935877
10516776.530638179
10517632.021502107
10518487.581956262
10519343.21200628
10520198.9116578
10521054.680916533
10521910.519788112
10522766.428278206
10523622.406392453
10524478.45413656
10525334.571516171
10526190.758536948
10527047.015204538
10527903.341524646
10528759.737502918
10529616.203145
10530472.7384566
10531329.343443364
10532186.018110938
10533042.762465036
10533899.576511301
10534756.460255383
10535613.413702995
10536470.436859785
10537327.52973142
10538184.692323558
10539041.924641905
10539899.226692116
10540756.598479861
10541614.040010793
10542471.551290628
10543329.132325018
10544186.783119613
10545044.503680136
10545902.294012237
10546760.154121572
10547618.084013857
10548476.08369475
10549334.153169928
10550192.292445045
10551050.501525823
10551908.78041792
10552767.12912699
10553625.547658758
10554484.036018882
10555342.59421304
10556201.222246896
10557059.92012617
10557918.687856523
10558777.525443615
10559636.432893174
10560495.410210859
10561354.457402332
10562213.574473321
10563072.761429489
10563932.01827652
10564791.345020078
10565650.741665892
10566510.208219627
10567369.744686969
10568229.351073584
10569089.027385203
10569948.773627492
10570808.589806117
10571668.475926813
10572528.431995245
10573388.458017083
10574248.553998059
10575108.719943844
10575968.955860108
10576829.261752583
10577689.637626942
10578550.08348888
10579410.599344064
10580271.18519823
10581131.841057057
10581992.566926235
10582853.362811437
10583714.228718404
10584575.16465281
10585436.170620326
10586297.246626697
10587158.392677598
10588019.608778702
10588880.894935753
10589742.251154428
10590603.677440425
10591465.173799424
10592326.740237165
10593188.376759332
10594050.083371598
10594911.860079715
10595773.706889357
10596635.62380623
10597497.610836014
10598359.667984458
10599221.795257239
10600083.992660046
10600946.260198621
10601808.597878652
10602671.00570582
10603533.483685877
10604396.031824507
10605258.650127416
10606121.338600291
10606984.097248884
10607846.92607888
10608709.82509599
10609572.7943059
10610435.833714364
10611298.94332707
10612162.123149706
10613025.37318803
10613888.693447731
10614752.083934497
10615615.544654086
10616479.07561219
10617342.6768145
10618206.348266773
10619070.089974701
10619933.901944002
10620797.784180367
10621661.736689556
10622525.759477265
10623389.85254921
10624254.015911086
10625118.249568654
10625982.55352761
10626846.927793654
10627711.372372547
10628575.887269985
10629440.472491669
10630305.128043361
10631169.85393076
10632034.65015959
10632899.51673555
10633764.453664405
10634629.46095186
10635494.53860361
10636359.686625427
10637224.90502301
10638090.193802088
10638955.552968364
10639820.982527604
10640686.482485514
10641552.0528478
10642417.693620231
10643283.404808514
10644149.186418353
10645015.038455522
10645880.960925728
10646746.9538347
10647613.017188147
10648479.15099184
10649345.355251491
10650211.629972832
10651077.97516157
10651944.390823482
10652810.876964279
10653677.433589673
10654544.060705438
10655410.758317292
10656277.526430942
10657144.365052171
10658011.27418669
10658878.253840214
10659745.304018522
10660612.42472733
10661479.615972375
10662346.877759375
10663214.21009411
10664081.612982295
10664949.086429672
10665816.630441958
10666684.245024936
10667551.930184327
10668419.685925849
10669287.512255287
10670155.409178361
10671023.37670079
10671891.414828366
10672759.523566805
10673627.702921852
10674495.95289923
10675364.27350473
10676232.664744074
10677101.126622982
10677969.659147248
10678838.262322597
10679706.936154773
10680575.680649506
10681444.495812586
10682313.381649736
10683182.33816669
10684051.365369234
10684920.463263102
10685789.631854018
10686658.871147782
10687528.181150118
10688397.56186678
10689267.0133035
10690136.535466071
10691006.128360229
10691875.791991722
10692745.526366288
10693615.331489721
10694485.207367755
10695355.154006127
10696225.171410633
10697095.25958701
10697965.41854099
10698835.648278378
10699705.948804908
10700576.320126316
10701446.762248406
10702317.275176914
10703187.858917601
10704058.513476206
10704929.23885853
10705800.035070317
10706670.902117325
10707541.840005295
10708412.848740036
10709283.928327287
10710155.078772787
10711026.300082348
10711897.592261711
10712768.95531662
10713640.389252882
10714511.894076243
10715383.469792467
10716255.116407301
10717126.833926557
10717998.622355979
10718870.481701313
10719742.411968373
10720614.413162904
10721486.485290678
10722358.628357442
10723230.84236901
10724103.127331134
10724975.48324956
10725847.910130104
10726720.40797852
10727592.976800554
10728465.616602028
10729338.32738869
10730211.109166317
10731083.961940661
10731956.885717541
10732829.88050271
10733702.946301946
10734576.083121002
10735449.2909657
10736322.569841797
10737195.919755045
10738069.34071127
10738942.832716228
10739816.395775678
10740690.02989544
10741563.735081278
10742437.511338945
10743311.358674271
10744185.277093012
10745059.266600953
10745933.327203855
10746807.458907545
10747681.661717784
10748555.935640354
10749430.280681022
10750304.696845613
10751179.184139894
10752053.74256963
10752928.372140646
10753803.07285871
10754677.84472959
10755552.687759114
10756427.60195305
10757302.58731719
10758177.643857295
10759052.771579202
10759927.970488682
10760803.2405915
10761678.581893492
10762553.994400429
10763429.478118103
10764305.033052282
10765180.659208808
10766056.356593449
10766932.125211976
10767807.965070233
10768683.876173986
10769559.858529015
10770435.912141154
10771312.037016183
10772188.233159894
10773064.500578066
10773940.83927654
10774817.24926109
10775693.730537519
10776570.2831116
10777446.90698918
10778323.602176033
10779200.368677944
10780077.206500752
10780954.11565024
10781831.096132189
10782708.147952443
10783585.271116784
10784462.465630993
10785339.731500918
10786217.068732342
10787094.47733107
10787971.957302887
10788849.508653639
10789727.131389113
10790604.825515116
10791482.591037432
10792360.427961914
10793238.336294346
10794116.316040518
10794994.36720628
10795872.48979742
10796750.68381973
10797628.94927906
10798507.286181202
10799385.694531966
10800264.174337143
10801142.725602588
10802021.348334093
10802900.042537449
10803778.808218515
10804657.645383082
10805536.554036966
10806415.534185959
10807294.585835923
10808173.708992649
10809052.903661933
10809932.169849638
10810811.507561559
10811690.91680349
10812570.397581298
10813449.949900776
10814329.573767744
10815209.269188002
10816089.036167413
10816968.874711776
10817848.784826914
10818728.766518626
10819608.81979278
10820488.944655173
10821369.141111609
10822249.409167955
10823129.748830013
10824010.16010359
10824890.64299455
10825771.197508696
10826651.823651839
10827532.521429842
10828413.290848516
10829294.131913686
10830175.044631159
10831056.029006805
10831937.085046435
10832818.212755876
10833699.412140938
10834580.683207491
10835462.025961349
10836343.44040832
10837224.926554278
10838106.484405035
10838988.113966402
10839869.815244256
10840751.588244407
10841633.432972692
10842515.349434923
10843397.33763698
10844279.397584675
10845161.529283822
10846043.732740304
10846926.007959934
10847808.354948549
10848690.773711968
10849573.264256071
10850455.826586677
10851338.4607096
10852221.166630728
10853103.944355877
10853986.793890867
10854869.715241583
10855752.708413847
10856635.773413496
10857518.910246355
10858402.118918313
10859285.399435187
10860168.751802824
10861052.176027045
10861935.672113743
10862819.240068737
10863702.879897853
10864586.591606982
10865470.37520195
10866354.230688581
10867238.158072768
10868122.157360338
10869006.228557115
10869890.371668994
10870774.586701807
10871658.873661399
10872543.232553601
10873427.663384307
10874312.16615935
10875196.74088458
10876081.387565829
10876966.106208993
10877850.896819904
10878735.759404395
10879620.693968363
10880505.700517643
10881390.779058069
10882275.929595541
10883161.152135892
10884046.44668498
10884931.813248642
10885817.251832776
10886702.762443224
10887588.345085818
10888473.999766465
10889359.726491
10890245.525265288
10891131.396095162
10892017.338986533
10892903.353945237
10893789.440977115
10894675.600088075
10895561.831283957
10896448.134570604
10897334.509953924
10898220.95743976
10899107.477033976
10899994.068742417
10900880.73257099
10901767.468525546
10902654.276611947
10903541.156836038
10904428.109203734
10905315.13372088
10906202.230393324
10907089.39922698
10907976.640227694
10908863.953401314
10909751.338753758
10910638.796290874
10911526.32601851
10912413.927942587
10913301.60206895
10914189.348403476
10915077.166952016
10915965.05772049
10916853.020714747
10917741.055940663
10918629.163404096
10919517.343110962
10920405.595067116
10921293.919278415
10922182.315750778
10923070.784490064
10923959.325502127
10924847.938792894
10925736.624368217
10926625.38223398
10927514.21239604
10928403.114860322
10929292.089632686
10930181.136718992
10931070.256125167
10931959.44785707
10932848.711920585
10933738.048321575
10934627.457065966
10935516.938159624
10936406.49160841
10937296.117418254
10938185.81559502
10939075.586144574
10939965.429072846
10940855.344385702
10941745.332089031
10942635.3921887
10943525.52469064
10944415.729600718
10945306.006924827
10946196.356668834
10947086.778838675
10947977.273440218
10948867.840479333
10949758.479961958
10950649.191893963
10951539.97628122
10952430.833129667
10953321.762445174
10954212.764233617
10955103.838500934
10955994.985252997
10956886.204495706
10957777.496234933
10958668.86047662
10959560.297226645
10960451.806490902
10961343.38827527
10962235.042585693
10963126.769428046
10964018.568808211
10964910.440732129
10965802.38520568
10966694.402234744
10967586.491825268
10968478.653983133
10969370.888714239
10970263.196024468
10971155.575919772
10972048.028406028
10972940.553489123
10973833.151175003
10974725.821469557
10975618.564378686
10976511.379908277
10977404.268064283
10978297.228852587
10979190.262279077
10980083.368349705
10980976.547070358
10981869.798446925
10982763.12248536
10983656.51919155
10984549.98857141
10985443.530630823
10986337.145375753
10987230.832812086
10988124.592945734
10989018.425782593
10989912.331328617
10990806.3095897
10991700.360571736
10992594.484280685
10993488.680722438
10994382.949902892
10995277.291828007
10996171.706503678
10997066.193935802
10997960.754130341
10998855.387093192
10999750.092830272
11000644.871347483
11001539.722650789
11002434.646746084
11003329.643639294
11004224.713336317
11005119.85584312
11006015.071165603
11006910.359309666
11007805.720281279
11008701.154086344
11009596.66073076
11010492.240220502
11011387.892561471
11012283.617759593
11013179.41582077
11014075.286750978
11014971.230556117
11015867.247242099
11016763.336814892
11017659.499280406
11018555.734644568
11019452.042913288
11020348.424092539
11021244.87818823
11022141.40520627
11023038.005152637
11023934.67803324
11024831.42385399
11025728.242620865
11026625.134339776
11027522.099016655
11028419.13665742
11029316.247268047
11030213.430854449
11031110.687422566
11032008.016978309
11032905.41952766
11033802.895076534
11034700.44363085
11035598.065196589
11036495.759779667
11037393.527386004
11038291.368021581
11039189.28169232
11040087.26840414
11040985.328163022
11041883.46097489
11042781.666845687
11043679.945781332
11044578.297787812
11045476.72287105
11046375.221036991
11047273.792291557
11048172.43664074
11049071.15409046
11049969.944646643
11050868.80831528
11051767.745102298
11052666.75501362
11053565.83805524
11054464.994233085
11055364.223553102
11056263.526021222
11057162.901643436
11058062.350425676
11058961.872373868
11059861.46749401
11060761.135792034
11061660.877273887
11062560.691945504
11063460.579812884
11064360.540881956
11065260.575158654
11066160.682648975
11067060.863358857
11067961.117294231
11068861.444461098
11069761.844865393
11070662.318513075
11071562.865410076
11072463.485562403
11073364.178975992
11074264.9456568
11075165.785610767
11076066.698843896
11076967.685362129
11077868.745171402
11078769.878277723
11079671.084687032
11080572.364405269
11081473.71743844
11082375.143792491
11083276.64347336
11084178.21648706
11085079.862839531
11085981.58253674
11086883.37558463
11087785.241989214
11088687.181756435
11089589.194892263
11090491.281402642
11091393.441293586
11092295.674571041
11093197.981240956
11094100.361309344
11095002.814782156
11095905.341665337
11096807.941964906
11097710.615686812
11098613.362837028
11099516.183421502
11100419.077446256
11101322.04491724
11102225.085840406
11103128.200221775
11104031.3880673
11104934.649382953
11105837.984174693
11106741.392448539
11107644.874210449
11108548.429466374
11109452.05822234
11110355.760484304
11111259.536258223
11112163.385550119
11113067.308365952
11113971.304711703
11114875.374593329
11115779.51801686
11116683.734988252
11117588.02551349
11118492.389598535
11119396.827249417
11120301.338472094
11121205.92327253
11122110.581656756
11123015.313630734
11123920.119200429
11124824.998371871
11125729.951151026
11126634.977543859
11127540.077556403
11128445.251194624
11129350.49846451
11130255.81937203
11131161.213923218
11132066.682124043
11132972.223980496
11133877.839498542
11134783.528684225
11135689.29154351
11136595.128082369
11137501.038306842
11138407.022222897
11139313.079836508
11140219.211153716
11141125.416180491
11142031.694922833
11142938.047386711
11143844.473578172
11144750.97350319
11145657.547167735
11146564.194577856
11147470.915739527
11148377.710658748
11149284.579341497
11150191.521793818
11151098.53802169
11152005.628031092
11152912.79182807
11153820.029418604
11154727.340808675
11155634.72600433
11156542.18501155
11157449.717836343
11158357.324484687
11159265.004962634
11160172.759276167
11161080.587431293
11161988.489433993
11162896.465290323
11163804.515006265
11164712.638587806
11165620.836041002
11166529.107371835
11167437.452586297
11168345.871690439
11169254.36469025
11170162.93159172
11171071.572400905
11171980.287123794
11172889.0757664
11173797.938334713
11174706.874834793
11175615.885272628
11176524.969654238
11177434.12798561
11178343.360272808
11179252.666521823
11180162.04673865
11181071.500929354
11181981.029099926
11182890.63125636
11183800.307404725
11184710.057551013
11185619.881701246
11186529.779861419
11187439.7520376
11188349.798235783
11189259.918461971
11190170.11272223
11191080.38102256
11191990.723368982
11192901.139767498
11193811.630224176
11194722.19474502
11195632.83333603
11196543.546003276
11197454.332752766
11198365.193590496
11199276.128522545
11200187.137554912
11201098.22069363
11202009.377944699
11202920.609314198
11203831.91480813
11204743.294432526
11205654.748193394
11206566.27609681
11207477.878148781
11208389.554355318
11209301.304722497
11210213.129256329
11211125.027962822
11212037.000848059
11212949.047918048
11213861.1691788
11214773.3646364
11215685.634296859
11216597.978166211
11217510.396250473
11218422.888555724
11219335.455087982
11220248.095853284
11221160.810857644
11222073.600107148
11222986.463607814
11223899.401365656
11224812.413386764
11225725.499677153
11226638.660242843
11227551.89508992
11228465.204224406
11229378.587652342
11230292.04537975
11231205.57741272
11232119.183757272
11233032.864419429
11233946.61940528
11234860.448720852
11235774.352372188
11236688.330365315
11237602.382706322
11238516.509401238
11239430.710456084
11240344.98587696
11241259.335669888
11242173.759840898
11243088.258396085
11244002.831341477
11244917.478683123
11245832.200427055
11246746.996579371
11247661.867146099
11248576.812133292
11249491.831546983
11250406.925393272
11251322.093678188
11252237.336407766
11253152.653588107
11254068.045225244
11254983.51132521
11255899.051894112
11256814.666937979
11257730.35646285
11258646.120474827
11259561.958979947
11260477.871984273
11261393.859493839
11262309.921514751
11263226.05805305
11264142.269114794
11265058.554706026
11265974.914832853
11266891.349501314
11267807.858717449
11268724.442487372
11269641.100817122
11270557.83371274
11271474.64118034
11272391.523225963
11273308.479855679
11274225.511075526
11275142.616891624
11276059.797310015
11276977.052336743
11277894.381977927
11278811.786239611
11279729.265127864
11280646.818648737
11281564.446808344
11282482.149612734
11283399.927067956
11284317.77918013
11285235.705955304
11286153.70739953
11287071.783518929
11287989.934319548
11288908.159807468
11289826.459988736
11290744.834869478
11291663.284455745
11292581.808753613
11293500.407769142
11294419.081508448
11295337.829977592
11296256.65318263
11297175.551129686
11298094.523824815
11299013.571274076
11299932.693483597
11300851.890459435
11301771.16220765
11302690.50873437
11303609.930045653
11304529.426147586
11305448.997046227
11306368.642747708
11307288.363258088
11308208.158583457
11309128.028729875
11310047.973703472
11310967.993510317
11311888.088156471
11312808.25764807
11313728.501991177
11314648.821191859
11315569.215256251
11316489.68419042
11317410.228000456
11318330.846692428
11319251.54027247
11320172.308746656
11321093.152121052
11322014.070401797
11322935.06359496
11323856.131706638
11324777.2747429
11325698.492709888
11326619.785613673
11327541.153460328
11328462.596255995
11329384.11400675
11330305.706718666
11331227.374397885
11332149.117050484
11333070.934682561
11333992.827300193
11334914.794909526
11335836.837516636
11336758.955127625
11337681.147748569
11338603.415385617
11339525.75804485
11340448.175732344
11341370.668454252
11342293.236216653
11343215.879025627
11344138.596887328
11345061.389807833
11345984.257793231
11346907.200849669
11347830.218983233
11348753.31220003
11349676.480506144
11350599.72390773
11351523.042410873
11352446.436021684
11353369.904746246
11354293.448590718
11355217.067561187
11356140.761663742
11357064.530904539
11357988.375289667
11358912.294825217
11359836.289517349
11360760.35937215
11361684.504395738
11362608.724594204
11363533.019973706
11364457.390540339
11365381.836300198
11366306.357259441
11367230.953424167
11368155.62480049
11369080.371394506
11370005.19321238
11370930.09026021
11371855.062544089
11372780.110070186
11373705.232844597
11374630.430873418
11375555.704162823
11376481.052718906
11377406.47654779
11378331.975655576
11379257.550048435
11380183.199732466
11381108.924713792
11382034.724998519
11382960.600592818
11383886.551502788
11384812.577734537
11385738.679294238
11386664.856187994
11387591.108421909
11388517.43600216
11389443.83893485
11390370.317226088
11391296.870882051
11392223.499908844
11393150.204312598
11394076.984099425
11395003.8392755
11395930.769846933
11396857.775819859
11397784.857200384
11398712.013994694
11399639.246208895
11400566.553849103
11401493.936921498
11402421.395432193
11403348.929387303
11404276.538793009
11405204.223655427
11406131.983980693
11407059.819774926
11407987.731044307
11408915.717794957
11409843.780032989
11410771.917764591
11411700.130995883
11412628.419733003
11413556.783982074
11414485.22374928
11415413.739040745
11416342.329862587
11417270.996220998
11418199.738122098
11419128.55557201
11420057.448576925
11420986.417142967
11421915.461276282
11422844.580982992
11423773.776269294
11424703.047141312
11425632.393605193
11426561.815667063
11427491.31333312
11428420.88660949
11429350.5355023
11430280.260017745
11431210.060161958
11432139.935941065
11433069.887361266
11433999.91442869
11434930.017149467
11435860.1955298
11436790.449575817
11437720.779293677
11438651.184689507
11439581.665769514
11440512.22253983
11441442.855006611
11442373.563175993
11443304.347054178
11444235.206647305
11445166.141961507
11446097.15300299
11447028.239777893
11447959.402292352
11448890.640552575
11449821.954564698
11450753.344334885
11451684.809869276
11452616.35117408
11453547.968255438
11454479.661119489
11455411.429772446
11456343.274220448
11457275.194469664
11458207.190526234
11459139.262396373
11460071.410086226
11461003.633601932
11461935.93294971
11462868.308135707
11463800.759166064
11464733.286047
11465665.88878466
11466598.567385217
11467531.321854817
11468464.15219968
11469397.058425952
11470330.040539809
11471263.098547397
11472196.232454939
11473129.442268584
11474062.727994485
11474996.089638863
11475929.52720787
11476863.04070766
11477796.630144455
11478730.295524409
11479664.036853677
11480597.854138482
11481531.747384982
11482465.716599353
11483399.761787754
11484333.882956412
11485268.080111481
11486202.353259144
11487136.70240556
11488071.12755696
11489005.628719497
11489940.205899335
11490874.859102705
11491809.588335767
11492744.39360468
11493679.27491568
11494614.232274925
11495549.265688606
11496484.37516288
11497419.560703987
11498354.822318088
11499290.16001135
11500225.573790006
11501161.063660223
11502096.62962819
11503032.271700075
11503967.989882115
11504903.784180477
11505839.65460133
11506775.601150913
11507711.623835396
11508647.722660948
11509583.89763381
11510520.148760151
11511456.47604617
11512392.879498033
11513329.359121988
11514265.914924202
11515202.546910878
11516139.255088188
11517076.039462373
11518012.900039611
11518949.836826079
11519886.849828018
11520823.93905161
11521761.104503026
11522698.34618852
11523635.664114263
11524573.05828644
11525510.528711295
11526448.07539501
11527385.69834379
11528323.397563811
11529261.173061326
11530199.024842517
11531136.952913592
11532074.957280727
11533013.037950179
11533951.194928132
11534889.42822077
11535827.737834344
11536766.123775043
11537704.58604905
11538643.124662625
11539581.739621948
11540520.430933235
11541459.198602673
11542398.042636516
11543336.963040957
11544275.959822182
11545215.032986453
11546154.182539957
11547093.40848891
11548032.710839504
11548972.089598
11549911.54477059
11550851.076363465
11551790.68438289
11552730.368835056
11553670.12972616
11554609.967062466
11555549.880850168
11556489.871095486
11557429.937804615
11558370.080983825
11559310.300639309
11560250.59677729
11561190.969403964
11562131.418525603
11563071.944148405
11564012.546278568
11564953.224922365
11565893.980085995
11566834.811775658
11567775.719997628
11568716.704758106
11569657.766063295
11570598.903919468
11571540.11833283
11572481.409309607
11573422.776856003
11574364.220978297
11575305.741682691
11576247.338975416
11577189.012862679
11578130.763350757
11579072.590445856
11580014.494154187
11580956.474482028
11581898.531435588
11582840.665021077
11583782.875244776
11584725.162112895
11585667.525631668
11586609.965807308
11587552.482646096
11588495.076154247
11589437.746337973
11590380.493203556
11591323.316757215
11592266.217005186
11593209.193953682
11594152.247608991
11595095.37797733
11596038.585064916
11596981.868878035
11597925.229422905
11598868.666705744
11599812.180732844
11600755.771510422
11601699.439044721
11602643.183341963
11603587.004408438
11604530.902250368
11605474.876873998
11606418.928285548
11607363.056491317
11608307.261497524
11609251.543310393
11610195.90193622
11611140.337381229
11612084.849651648
11613029.438753769
11613974.104693823
11614918.847478032
11615863.667112699
11616808.563604048
11617753.536958333
11618698.587181782
11619643.714280697
11620588.918261304
11621534.19912986
11622479.556892596
11623424.991555814
11624370.503125744
11625316.09160862
11626261.757010745
11627207.499338353
11628153.318597678
11629099.214795025
11630045.187936628
11630991.238028748
11631937.365077619
11632883.56908955
11633829.850070776
11634776.208027536
11635722.64296614
11636669.154892825
11637615.743813852
11638562.409735462
11639509.152663967
11640455.972605607
11641402.869566621
11642349.843553323
11643296.894571956
11644244.022628762
11645191.227730054
11646138.509882076
11647085.869091095
11648033.305363357
11648980.818705179
11649928.409122804
11650876.076622503
11651823.821210522
11652771.64289318
11653719.541676724
11654667.517567402
11655615.570571534
11656563.70069537
11657511.907945158
11658460.19232722
11659408.553847807
11660356.992513169
11661305.50832963
11662254.101303441
11663202.77144088
11664151.5187482
11665100.343231723
11666049.244897706
11666998.223752428
11667947.279802142
11668896.413053177
11669845.623511788
11670794.91118423
11671744.276076835
11672693.71819586
11673643.237547562
11674592.834138269
11675542.507974245
11676492.25906177
11677442.087407107
11678391.993016586
11679341.975896468
11680292.036053017
11681242.173492564
11682192.388221374
11683142.680245733
11684093.049571905
11685043.496206228
11685994.020154962
11686944.621424377
11687895.300020806
11688846.05595052
11689796.889219783
11690747.799834937
11691698.787802244
11692649.853128001
11693600.995818475
11694552.215880008
11695503.51331887
11696454.888141355
11697406.340353733
11698357.869962348
11699309.476973472
11700261.161393376
11701212.923228407
11702164.762484837
11703116.67916894
11704068.673287062
11705020.74484548
11705972.893850466
11706925.120308371
11707877.424225468
11708829.805608062
11709782.264462428
11710734.800794918
11711687.414611807
11712640.1059194
11713592.874723978
11714545.721031891
11715498.64484942
11716451.646182844
11717404.725038521
11718357.88142273
11719311.115341756
11720264.426801952
11721217.8158096
11722171.28237101
11723124.82649247
11724078.44818033
11725032.147440882
11725985.92428041
11726939.778705273
11727893.710721755
11728847.720336173
11729801.807554811
11730755.972384034
11731710.214830127
11732664.53489938
11733618.932598159
11734573.40793275
11735527.960909449
11736482.591534616
11737437.299814546
11738392.085755555
11739346.949363936
11740301.890646053
11741256.909608206
11742212.006256709
11743167.180597859
11744122.432638023
11745077.762383498
11746033.169840582
11746988.655015644
11747944.21791498
11748899.858544892
11749855.576911747
11750811.373021848
11751767.246881494
11752723.198497057
11753679.227874838
11754635.335021164
11755591.519942336
11756547.782644728
11757504.123134645
11758460.54141841
11759417.037502335
11760373.61139279
11761330.263096085
11762286.992618522
11763243.799966479
11764200.685146265
11765157.648164187
11766114.689026624
11767071.807739886
11768029.004310302
11768986.278744185
11769943.631047916
11770901.061227804
11771858.569290161
11772816.15524137
11773773.819087744
11774731.560835617
11775689.380491303
11776647.278061189
11777605.253551587
11778563.306968814
11779521.438319253
11780479.647609223
11781437.934845038
11782396.300033087
11783354.743179688
11784313.26429118
11785271.863373885
11786230.540434191
11787189.295478418
11788148.12851291
11789107.039543984
11790066.028578037
11791025.095621388
11791984.24068036
11792943.463761345
11793902.764870666
11794862.14401465
11795821.601199687
11796781.136432104
11797740.749718228
11798700.441064453
11799660.210477106
11800620.057962539
11801579.983527075
11802539.987177117
11803500.068918992
11804460.228759052
11805420.466703625
11806380.782759113
11807341.176931847
11808301.649228157
11809262.199654445
11810222.828217044
11811183.534922285
11812144.319776574
11813105.182786241
11814066.123957647
11815027.143297123
11815988.240811078
11816949.416505847
11817910.670387764
11818872.002463238
11819833.412738606
11820794.90122023
11821756.467914445
11822718.112827664
11823679.835966226
11824641.637336466
11825603.516944801
11826565.474797567
11827527.510901108
11828489.625261838
11829451.817886095
11830414.088780249
11831376.437950639
11832338.865403684
11833301.371145727
11834263.955183135
11835226.617522255
11836189.358169504
11837152.177131226
11838115.07441377
11839078.050023554
11840041.103966927
11841004.236250235
11841967.446879897
11842930.735862268
11843894.103203692
11844857.548910594
11845821.072989322
11846784.675446255
11847748.356287742
11848712.11552021
11849675.953150006
11850639.869183514
11851603.863627084
11852567.936487142
11853532.087770045
11854496.317482147
11855460.625629876
11856425.01221959
11857389.477257641
11858354.020750465
11859318.642704414
11860283.343125874
11861248.122021204
11862212.979396833
11863177.915259125
11864142.929614436
11865108.022469202
11866073.193829782
11867038.443702566
11868003.772093914
11868969.17901026
11869934.664457971
11870900.228443408
11871865.87097301
11872831.592053141
11873797.391690167
11874763.269890526
11875729.226660585
11876695.262006735
11877661.375935344
11878627.568452852
11879593.839565627
11880560.189280067
11881526.617602535
11882493.124539478
11883459.710097266
11884426.37428227
11885393.117100934
11886359.93855963
11887326.838664733
11888293.817422686
11889260.874839865
11890228.010922642
11891195.225677468
11892162.519110717
11893129.891228786
11894097.342038056
11895064.871544972
11896032.479755916
11897000.166677289
11897967.932315467
11898935.776676904
11899903.699767979
11900871.701595072
11901839.782164635
11902807.941483052
11903776.179556703
11904744.496392043
11905712.891995454
11906681.366373345
11907649.919532098
11908618.55147817
11909587.262217946
11910556.051757812
11911524.920104226
11912493.867263576
11913462.89324227
11914431.998046696
11915401.181683317
11916370.444158519
11917339.785478693
11918309.205650298
11919278.704679726
11920248.282573368
11921217.939337686
11922187.674979074
11923157.489503946
11924127.382918695
11925097.355229788
11926067.406443618
11927037.536566602
11928007.745605137
11928978.033565689
11929948.400454653
11930918.846278429
11931889.371043483
11932859.974756215
11933830.65742302
11934801.41905037
11935772.259644663
11936743.1792123
11937714.177759752
11938685.255293421
11939656.411819734
11940627.647345087
11941598.961875958
11942570.355418751
11943541.827979889
11944513.37956578
11945485.010182897
11946456.719837647
11947428.508536434
11948400.376285737
11949372.323091961
11950344.348961515
11951316.453900877
11952288.637916455
11953260.901014682
11954233.243201965
11955205.66448479
11956178.164869562
11957150.744362693
11958123.40297067
11959096.1406999
11960068.957556821
11961041.853547845
11962014.828679457
11962987.882958071
11963961.016390104
11964934.228982039
11965907.520740291
11966880.89167128
11967854.34178149
11968827.871077338
11969801.47956527
11970775.167251699
11971748.934143119
11972722.780245945
11973696.705566624
11974670.710111575
11975644.79388729
11976618.95690019
11977593.199156698
11978567.520663306
11979541.921426438
11980516.401452515
11981490.960748037
11982465.599319424
11983440.317173103
11984415.114315571
11985389.990753252
11986364.9464926
11987339.981540037
11988315.095902067
11989290.289585114
11990265.562595634
11991240.914940052
11992216.346624872
11993191.857656524
11994167.448041437
11995143.117786115
11996118.86689699
11997094.695380494
11998070.603243131
11999046.590491334
12000022.657131562
12000998.803170247
12001975.028613897
12002951.333468948
12003927.717741832
12004904.181439063
12005880.724567074
12006857.347132327
12007834.04914126
12008810.830600383
12009787.691516137
12010764.631894957
12011741.65174336
12012718.751067784
12013695.929874668
12014673.18817053
12015650.525961809
12016627.943254972
12017605.440056464
12018583.016372796
12019560.672210418
12020538.407575795
12021516.222475374
12022494.116915671
12023472.090903133
12024450.144444207
12025428.277545413
12026406.490213197
12027384.782454008
12028363.154274369
12029341.605680728
12030320.136679534
12031298.74727731
12032277.437480507
12033256.207295602
12034235.056729045
12035213.985787362
12036192.994477004
12037172.08280445
12038151.250776157
12039130.498398647
12040109.825678378
12041089.232621804
12042068.719235456
12043048.285525788
12044027.931499258
12045007.657162396
12045987.462521661
12046967.347583536
12047947.312354479
12048927.356841024
12049907.48104963
12050887.684986759
12051867.968658943
12052848.332072645
12053828.775234353
12054809.298150528
12055789.900827706
12056770.583272353
12057751.34549093
12058732.187489979
12059713.109275963
12060694.110855347
12061675.192234673
12062656.353420407
12063637.59441904
12064618.91523704
12065600.31588095
12066581.796357239
12067563.3566724
12068544.996832903
12069526.716845294
12070508.516716043
12071490.39645162
12072472.356058571
12073454.395543372
12074436.514912492
12075418.71417248
12076400.993329812
12077383.35239096
12078365.791362472
12079348.310250828
12080330.909062525
12081313.587804042
12082296.34648193
12083279.185102666
12084262.103672752
12085245.10219867
12086228.18068697
12087211.339144133
12088194.577576641
12089177.895991048
12090161.294393834
12091144.772791483
12092128.33119055
12093111.969597518
12094095.6880189
12095079.486461172
12096063.3649309
12097047.323434563
12098031.361978652
12099015.480569726
12099999.679214269
12100983.957918795
12101968.316689793
12102952.755533824
12103937.274457375
12104921.873466939
12105906.552569078
12106891.311770283
12107876.151077043
12108861.070495928
12109846.070033427
12110831.149696058
12111816.309490312
12112801.54942276
12113786.869499896
12114772.269728236
12115757.750114277
12116743.31066459
12117728.951385673
12118714.672284018
12119700.473366199
12120686.354638714
12121672.316108061
12122658.357780812
12123644.47966347
12124630.681762531
12125616.964084571
12126603.326636093
12127589.76942362
12128576.292453658
12129562.895732779
12130549.579267489
12131536.343064317
12132523.187129766
12133510.111470416
12134497.116092771
12135484.201003337
12136471.366208695
12137458.611715352
12138445.937529815
12139433.343658667
12140420.830108415
12141408.396885594
12142396.043996712
12143383.771448355
12144371.579247033
12145359.467399258
12146347.435911613
12147335.484790614
12148323.614042794
12149311.823674671
12150300.11369283
12151288.484103786
12152276.934914054
12153265.466130223
12154254.077758811
12155242.769806331
12156231.542279378
12157220.395184465
12158209.32852814
12159198.342316916
12160187.436557392
12161176.611256083
12162165.866419535
12163155.202054271
12164144.618166884
12165134.114763899
12166123.691851834
12167113.349437287
12168103.087526783
12169092.906126846
12170082.805244073
12171072.78488499
12172062.845056122
12173052.98576407
12174043.20701536
12175033.508816544
12176023.891174149
12177014.35409478
12178004.89758496
12178995.52165125
12179986.226300174
12180977.01153834
12181967.877372276
12182958.823808517
12183949.850853667
12184940.958514256
12185932.14679682
12186923.415707968
12187914.765254233
12188906.195442172
12189897.70627832
12190889.29776929
12191880.969921617
12192872.722741837
12193864.55623656
12194856.470412327
12195848.4652757
12196840.540833214
12197832.697091488
12198824.93405706
12199817.251736471
12200809.650136335
12201802.129263192
12202794.689123588
12203787.329724135
12204780.051071381
12205772.85317189
12206765.73603221
12207758.699658958
12208751.74405868
12209744.869237944
12210738.0752033
12211731.361961367
12212724.729518693
12213718.177881824
12214711.707057385
12215705.317051923
12216699.007871991
12217692.779524209
12218686.63201513
12219680.565351306
12220674.579539359
12221668.674585845
12222662.85049734
12223657.107280398
12224651.444941645
12225645.863487639
12226640.362924954
12227634.943260152
12228629.604499858
12229624.34665063
12230619.169719025
12231614.073711677
12232609.058635142
12233604.124495978
12234599.271300819
12235594.499056224
12236589.80776878
12237585.197445046
12238580.668091659
12239576.219715178
12240571.852322169
12241567.565919265
12242563.360513033
12243559.236110061
12244555.192716911
12245551.230340226
12246547.34898657
12247543.548662508
12248539.82937468
12249536.191129658
12250532.633934004
12251529.157794366
12252525.762717307
12253522.448709425
12254519.21577729
12255516.063927542
12256512.993166758
12257510.00350153
12258507.094938433
12259504.267484112
12260501.52114514
12261498.855928091
12262496.271839613
12263493.768886283
12264491.347074673
12265489.006411433
12266486.746903142
12267484.568556374
12268482.471377784
12269480.455373947
12270478.520551467
12271476.666916922
12272474.894476969
12273473.203238185
12274471.593207177
12275470.064390523
12276468.616794882
12277467.250426836
12278465.965292968
12279464.761399934
12280463.63875432
12281462.597362706
12282461.637231756
12283460.758368053
12284459.960778208
12285459.244468808
12286458.609446514
12287458.055717913
12288457.583289593
12289457.192168219
12290456.882360378
12291456.653872686
12292456.506711733
12293456.440884182
12294456.456396626
12295456.553255657
12296456.731467942
12297456.991040071
12298457.331978643
12299457.754290322
12300458.257981703
12301458.843059408
12302459.50953003
12303460.25740024
12304461.086676637
12305461.997365842
12306462.989474451
12307464.063009137
12308465.217976501
12309466.45438314
12310467.77223573
12311469.171540871
12312470.652305163
12313472.214535285
12314473.858237835
12315475.583419418
12316477.39008671
12317479.278246317
12318481.247904865
12319483.299068961
12320485.431745285
12321487.645940442
12322489.941661062
12323492.318913752
12324494.777705196
12325497.318042003
12326499.939930776
12327502.643378204
12328505.428390894
12329508.294975458
12330511.243138578
12331514.272886867
12332517.384226963
12333520.577165475
12334523.851709092
12335527.20786443
12336530.645638099
12337534.165036788
12338537.766067116
12339541.44873572
12340545.213049214
12341549.059014294
12342552.986637576
12343556.995925676
12344561.086885286
12345565.259523029
12346569.51384552
12347573.849859454
12348578.267571453
12349582.766988162
12350587.348116202
12351592.01096227
12352596.75553299
12353601.581835007
12354606.489874946
12355611.479659505
12356616.55119531
12357621.704488985
12358626.939547233
12359632.256376678
12360637.654983945
12361643.13537574
12362648.697558688
12363654.341539418
12364660.067324637
12365665.874920968
12366671.764335072
12367677.735573577
12368683.788643187
12369689.923550537
12370696.140302284
12371702.438905058
12372708.819365568
12373715.28169045
12374721.825886337
12375728.451959938
12376735.15991789
12377741.949766824
12378748.82151346
12379755.775164427
12380762.810726391
12381769.928205991
12382777.12760994
12383784.408944875
12384791.77221744
12385799.217434345
12386806.744602233
12387814.353727773
12388822.044817604
12389829.817878444
12390837.672916936
12391845.609939722
12392853.628953524
12393861.729964985
12394869.91298075
12395878.17800754
12396886.525052002
12397894.954120805
12398903.465220599
12399912.058358107
12400920.733539976
12401929.490772879
12402938.330063468
12403947.251418468
12404956.254844526
12405965.340348296
12406974.507936506
12407983.757615805
12408993.089392845
12410002.503274359
12411011.999266997
12412021.577377414
12413031.237612342
12414040.979978435
12415050.804482372
12416060.711130813
12417070.699930487
12418080.770888055
12419090.924010197
12420101.159303572
12421111.476774916
12422121.876430888
12423132.358278148
12424142.922323432
12425153.568573402
12426164.297034718
12427175.107714122
12428186.000618272
12429196.97575386
12430208.033127548
12431219.172746077
12432230.394616112
12433241.698744318
12434253.085137436
12435264.553802136
12436276.104745107
12437287.737973018
12438299.453492614
12439311.25131056
12440323.13143353
12441335.093868269
12442347.138621444
12443359.265699727
12444371.475109868
12445383.766858537
12446396.140952433
12447408.597398227
12448421.13620267
12449433.757372437
12450446.460914228
12451459.246834716
12452472.115140654
12453485.065838719
12454498.098935585
12455511.214438012
12456524.41235267
12457537.692686243
12458551.055445485
12459564.500637075
12460578.02826769
12461591.638344094
12462605.330872962
12463619.105861003
12464632.9633149
12465646.90324141
12466660.92564722
12467675.030539038
12468689.217923544
12469703.487807505
12470717.840197604
12471732.275100527
12472746.79252304
12473761.392471824
12474776.074953571
12475790.839975046
12476805.687542934
12477820.617663953
12478835.630344793
12479850.72559222
12480865.903412925
12481881.163813598
12482896.506801011
12483911.932381852
12484927.440562842
12485943.031350676
12486958.704752123
12487974.460773878
12488990.299422635
12490006.220705168
12491022.224628175
12492038.311198348
12493054.480422465
12494070.732307222
12495087.066859346
12496103.484085532
12497119.983992558
12498136.566587126
12499153.23187596
12500169.979865761
12501186.81056331
12502203.723975305
12503220.720108453
12504237.798969531
12505254.960565247
12506272.204902302
12507289.531987479
12508306.941827483
12509324.434429022
12510342.009798877
12511359.667943755
12512377.408870393
12513395.232585495
12514413.13909585
12515431.128408166
12516449.200529177
12517467.355465597
12518485.593224209
12519503.91381173
12520522.317234868
12521540.803500416
12522559.372615084
12523578.024585588
12524596.759418719
12525615.577121189
12526634.477699742
12527653.461161094
12528672.527512036
12529691.676759288
12530710.908909567
12531730.223969664
12532749.621946305
12533769.102846228
12534788.666676156
12535808.313442888
12536828.04315314
12537847.855813637
12538867.751431178
12539887.730012484
12540907.791564278
12541927.936093362
12542948.16360646
12543968.47411032
12544988.86761167
12546009.344117314
12547029.903633973
12548050.546168404
12549071.271727333
12550092.080317564
12551112.971945828
12552133.946618853
12553155.004343444
12554176.145126333
12555197.368974252
12556218.675894007
12557240.06589233
12558261.538975954
12559283.095151687
12560304.734426267
12561326.45680645
12562348.262298971
12563370.150910644
12564392.122648202
12565414.177518409
12566436.315528002
12567458.536683792
12568480.840992521
12569503.228460925
12570525.699095821
12571548.25290395
12572570.88989205
12573593.610066937
12574616.413435355
12575639.30000407
12576662.269779826
12577685.32276944
12578708.45897966
12579731.678417226
12580754.98108896
12581778.367001608
12582801.836161941
12583825.388576705
12584849.024252722
12585872.743196743
12586896.545415513
12587920.430915859
12588944.399704529
12589968.45178827
12590992.587173915
12592016.805868208
12593041.10787793
12594065.493209831
12595089.961870743
12596114.513867414
12597139.149206625
12598163.867895132
12599188.669939764
12600213.555347277
12601238.524124425
12602263.576278044
12603288.711814888
12604313.930741714
12605339.233065357
12606364.618792579
12607390.087930134
12608415.64048486
12609441.276463518
12610466.995872892
12611492.798719745
12612518.685010916
12613544.654753165
12614570.707953282
12615596.84461803
12616623.064754248
12617649.368368702
12618675.755468158
12619702.226059455
12620728.780149363
12621755.417744646
12622782.13885215
12623808.94347864
12624835.831630912
12625862.803315733
12626889.858539952
12627916.997310337
12628944.219633657
12629971.525516763
12630998.914966425
12632026.387989441
12633053.944592584
12634081.584782705
12635109.308566574
12636137.11595097
12637165.006942742
12638192.981548665
12639221.039775517
12640249.181630151
12641277.407119343
12642305.716249898
12643334.109028593
12644362.585462281
12645391.145557748
12646419.789321793
12647448.5167612
12648477.327882826
12649506.222693453
12650535.20119986
12651564.26340891
12652593.409327386
12653622.638962071
12654651.952319827
12655681.349407436
12656710.830231711
12657740.39479944
12658770.043117482
12659799.775192628
12660829.591031663
12661859.490641454
12662889.474028789
12663919.541200483
12664949.692163324
12665979.926924182
12667010.245489847
12668040.64786711
12669071.13406284
12670101.70408383
12671132.357936874
12672163.09562884
12673193.917166525
12674224.822556749
12675255.811806304
12676286.884922069
12677318.041910835
12678349.282779427
12679380.607534643
12680412.016183358
12681443.50873237
12682475.085188476
12683506.745558558
12684538.489849413
12685570.318067841
12686602.230220724
12687634.22631486
12688666.306357054
12689698.470354186
12690730.718313059
12691763.050240504
12692795.466143323
12693827.966028402
12694860.549902543
12695893.217772583
12696925.969645323
12697958.805527654
12698991.72542638
12700024.72934831
12701057.81730033
12702090.989289252
12703124.245321885
12704157.585405117
12705191.009545758
12706224.517750649
12707258.1100266
12708291.786380501
12709325.546819167
12710359.391349413
12711393.319978127
12712427.332712129
12713461.429558257
12714495.610523328
12715529.875614239
12716564.224837804
12717598.658200843
12718633.175710252
12719667.777372848
12720702.463195452
12721737.233184963
12722772.0873482
12723807.025692012
12724842.048223218
12725877.15494872
12726912.345875341
12727947.62100993
12728982.98035931
12730018.423930384
12731053.95172998
12732089.563764917
12733125.260042105
12734161.040568369
12735196.905350536
12736232.854395512
12737268.887710124
12738305.005301204
12739341.207175657
12740377.493340313
12741413.86380203
12742450.31856764
12743486.85764405
12744523.481038094
12745560.188756628
12746596.98080649
12747633.85719459
12748670.817927761
12749707.863012841
12750744.992456742
12751782.206266299
12752819.50444835
12753856.88700981
12754894.353957519
12755931.90529834
12756969.54103911
12758007.261186747
12759045.065748094
12760082.95472999
12761120.928139353
12762158.985983027
12763197.128267879
12764235.355000751
12765273.666188566
12766312.061838169
12767350.541956402
12768389.106550189
12769427.755626377
12770466.48919181
12771505.307253415
12772544.20981804
12773583.196892554
12774622.26848381
12775661.424598735
12776700.665244177
12777739.990427012
12778779.400154091
12779818.894432345
12780858.473268624
12781898.136669781
12782937.884642748
12783977.717194377
12785017.63433152
12786057.636061115
12787097.722390013
12788137.893325072
12789178.148873223
12790218.489041328
12791258.913836267
12792299.423264898
12793340.017334158
12794380.696050907
12795421.45942203
12796462.307454389
12797503.240154918
12798544.257530482
12799585.359587945
12800626.546334242
12801667.81777624
12802709.173920803
12803750.61477487
12804792.140345307
12805833.750639008
12806875.445662834
12807917.225423733
12808959.089928571
12810001.039184215
12811043.073197613
12812085.19197563
12813127.395525165
12814169.683853084
12815212.05696634
12816254.5148718
12817297.057576336
12818339.6850869
12819382.397410363
12820425.194553599
12821468.07652356
12822511.043327117
12823554.094971176
12824597.231462607
12825640.452808369
12826683.759015335
12827727.15009041
12828770.62604047
12829814.186872471
12830857.832593294
12831901.563209817
12832945.378728997
12833989.279157717
12835033.264502855
12836077.334771372
12837121.489970151
12838165.730106074
12839210.0551861
12840254.465217117
12841298.960206032
12842343.540159732
12843388.205085179
12844432.954989258
12845477.789878884
12846522.709760945
12847567.714642404
12848612.804530151
12849657.979431074
12850703.23935214
12851748.58430024
12852794.014282266
12853839.529305184
12854885.129375886
12855930.814501293
12856976.584688297
12858022.439943867
12859068.380274897
12860114.405688286
12861160.516191002
12862206.711789943
12863252.992492031
12864299.358304162
12865345.809233312
12866392.345286379
12867438.966470262
12868485.672791936
12869532.464258302
12870579.340876259
12871626.302652787
12872673.349594789
12873720.481709188
12874767.69900289
12875815.001482874
12876862.389156045
12877909.862029333
12878957.42010964
12880005.063403953
12881052.791919177
12882100.605662216
12883148.504640056
12884196.488859605
12885244.558327772
12886292.71305154
12887340.953037823
12888389.278293528
12889437.68882564
12890486.184641078
12891534.765746772
12892583.432149637
12893632.183856664
12894681.020874765
12895729.94321088
12896778.950871922
12897828.043864885
12898877.222196685
12899926.485874237
12900975.834904537
12902025.2692945
12903074.789051045
12904124.394181166
12905174.084691783
12906223.860589843
12907273.721882265
12908323.668576045
12909373.700678108
12910423.818195371
12911474.021134838
12912524.30950343
12913574.683308098
12914625.142555762
12915675.687253429
12916726.317408022
12917777.033026464
12918827.834115762
12919878.720682843
12920929.692734633
12921980.750278136
12923031.893320285
12924083.121868031
12925134.435928306
12926185.835508116
12927237.320614392
12928288.891254092
12929340.547434146
12930392.289161567
12931444.116443286
12932496.029286237
12933548.027697433
12934600.111683808
12935652.281252295
12936704.53640991
12937756.877163589
12938809.303520268
12939861.815486964
12940914.413070614
12941967.096278181
12943019.865116606
12944072.719592907
12945125.659714023
12946178.685486922
12947231.796918543
12948284.994015908
12949338.27678596
12950391.64523564
12951445.099371973
12952498.6392019
12953552.264732366
12954605.975970397
12955659.772922935
12956713.655596957
12957767.623999406
12958821.678137308
12959875.818017613
12960930.04364727
12961984.355033306
12963038.75218267
12964093.235102339
12965147.803799262
12966202.458280472
12967257.198552918
12968312.024623556
12969366.936499415
12970421.934187448
12971477.017694613
12972532.187027939
12973587.442194384
12974642.783200929
12975698.210054532
12976753.722762227
12977809.321330974
12978865.005767753
12979920.776079526
12980976.632273331
12982032.574356128
12983088.602334876
12984144.716216614
12985200.916008307
12986257.201716913
12987313.573349478
12988370.030912962
12989426.574414328
12990483.203860622
12991539.919258809
12992596.720615877
12993653.607938796
12994710.58123461
12995767.640510287
12996824.78577282
12997882.017029177
12998939.334286407
12999996.737551479
13001054.226831362
13002111.802133108
13003169.463463686
13004227.210830068
13005285.044239307
13006342.963698372
13007400.969214268
13008459.060793964
13009517.238444518
13010575.502172902
13011633.851986092
13012692.287891146
13013750.809895037
13014809.41800477
13015868.112227324
13016926.892569756
13017985.759039046
13019044.711642172
13020103.750386195
13021162.875278095
13022222.086324852
13023281.38353353
13024340.766911108
13025400.236464597
13026459.792200983
13027519.434127325
13028579.162250612
13029638.976577854
13030698.877116034
13031758.863872223
13032818.936853403
13033879.096066564
13034939.341518775
13035999.67321702
13037060.091168296
13038120.595379664
13039181.18585812
13040241.86261065
13041302.62564433
13042363.474966148
13043424.410583127
13044485.432502257
13045546.540730612
13046607.735275188
13047669.016143005
13048730.38334106
13049791.836876426
13050853.3767561
13051915.002987081
13052976.715576446
13054038.514531193
13055100.39985832
13056162.371564906
13057224.429657953
13058286.574144486
13059348.805031508
13060411.1223261
13061473.526035262
13062536.016166
13063598.592725394
13064661.255720451
13065724.005158203
13066786.84104565
13067849.763389882
13068912.772197902
13069975.86747672
13071039.049233422
13072102.317475013
13073165.672208507
13074229.11344099
13075292.64117947
13076356.255430989
13077419.956202552
13078483.743501253
13079547.617334105
13080611.577708144
13081675.624630386
13082739.758107925
13083803.978147771
13084868.284756944
13085932.677942535
13086997.157711564
13088061.724071043
13089126.377028072
13090191.11658967
13091255.942762852
13092320.855554717
13093385.854972286
13094450.941022605
13095516.113712694
13096581.373049656
13097646.719040511
13098712.151692307
13099777.671012068
13100843.277006898
13101908.96968382
13102974.74904986
13104040.61511212
13105106.567877628
13106172.60735341
13107238.733546572
13108304.946464142
13109371.246113176
13110437.632500699
13111504.105633823
13112570.665519577
13113637.312164992
13114704.045577176
13115770.865763163
13116837.772730013
13117904.766484754
13118971.847034503
13120039.014386293
13121106.268547157
13122173.60952421
13123241.037324488
13124308.551955028
13125376.153422946
13126443.841735277
13127511.616899088
13128579.478921415
13129647.42780938
13130715.46357002
13131783.586210402
13132851.795737568
13133920.092158638
13134988.475480653
13136056.945710655
13137125.50285577
13138194.146923041
13139262.877919508
13140331.695852298
13141400.60072846
13142469.592555033
13143538.671339147
13144607.83708785
13145677.089808213
13146746.429507285
13147815.856192198
13148885.369869996
13149954.97054776
13151024.658232536
13152094.43293146
13153164.294651581
13154234.24339995
13155304.279183699
13156374.402009886
13157444.611885559
13158514.908817858
13159585.292813834
13160655.76388057
13161726.322025122
13162796.967254627
13163867.699576145
13164938.518996729
13166009.425523521
13167080.41916358
13168151.49992399
13169222.667811811
13170293.922834186
13171365.264998175
13172436.69431084
13173508.210779324
13174579.81441069
13175651.505212002
13176723.283190403
13177795.148352958
13178867.10070676
13179939.140258875
13181011.267016448
13182083.480986547
13183155.782176265
13184228.170592673
13185300.646242918
13186373.209134072
13187445.859273199
13188518.596667456
13189591.42132391
13190664.333249634
13191737.332451781
13192810.418937424
13193883.592713634
13194956.853787567
13196030.202166298
13197103.637856929
13198177.160866532
13199250.77120227
13200324.468871213
13201398.253880471
13202472.126237117
13203546.085948313
13204620.133021137
13205694.267462669
13206768.48928007
13207842.79848042
13208917.1950708
13209991.679058373
13211066.250450222
13212140.909253458
13213215.655475162
13214290.489122499
13215365.410202557
13216440.418722417
13217515.51468925
13218590.698110139
13219665.9689922
13220741.32734252
13221816.773168266
13222892.306476532
13223967.9272744
13225043.635569047
13226119.431367563
13227195.314677035
13228271.28550464
13229347.343857465
13230423.489742637
13231499.723167242
13232576.04413846
13233652.452663383
13234728.948749132
13235805.532402808
13236882.203631584
13237958.962442556
13239035.808842823
13240112.742839566
13241189.764439879
13242266.873650864
13243344.070479702
13244421.354933493
13245498.727019338
13246576.186744418
13247653.734115835
13248731.369140722
13249809.091826178
13250886.902179392
13251964.800207464
13253042.785917528
13254120.85931669
13255199.020412138
13256277.269210976
13257355.605720311
13258434.029947335
13259512.541899156
13260591.14158288
13261669.8290057
13262748.604174726
13263827.467097094
13264906.417779917
13265985.456230387
13267064.582455618
13268143.796462722
13269223.098258894
13270302.487851249
13271381.965246925
13272461.530453043
13273541.183476795
13274620.9243253
13275700.753005676
13276780.66952512
13277860.67389075
13278940.766109686
13280020.94618913
13281101.214136198
13282181.569958042
13283262.01366178
13284342.545254614
13285423.164743671
13286503.872136097
13287584.667439017
13288665.550659636
13289746.521805078
13290827.580882467
13291908.727899015
13292989.962861843
13294071.285778081
13295152.696654936
13296234.195499538
13297315.782319013
13298397.457120573
13299479.21991135
13300561.070698498
13301643.009489149
13302725.036290517
13303807.151109735
13304889.35395396
13305971.644830326
13307054.023746049
13308136.490708264
13309219.045724103
13310301.688800788
13311384.419945452
13312467.239165233
13313550.146467349
13314633.141858937
13315716.225347165
13316799.39693917
13317882.656642174
13318966.004463317
13320049.440409742
13321132.964488668
13322216.57670724
13323300.277072627
13324384.06559197
13325467.9422725
13326551.907121355
13327635.960145682
13328720.10135271
13329804.330749582
13330888.648343448
13331973.054141533
13333057.548150988
13334142.130378988
13335226.80083268
13336311.559519297
13337396.406445988
13338481.341619933
13339566.36504828
13340651.476738267
13341736.676697042
13342821.96493176
13343907.341449656
13344992.806257885
13346078.359363599
13347164.000774039
13348249.73049636
13349335.548537716
13350421.454905348
13351507.449606413
13352593.532648098
13353679.704037558
13354765.963782039
13355852.311888697
13356938.748364722
13358025.273217276
13359111.8864536
13360198.588080857
13361285.378106212
13362372.256536908
13363459.223380111
13364546.278642984
13365633.422332775
13366720.654456649
13367807.9750218
13368895.384035395
13369982.881504687
13371070.467436837
13372158.141839018
13373245.904718483
13374333.756082399
13375421.695937963
13376509.72429235
13377597.84115281
13378686.046526516
13379774.340420641
13380862.722842442
13381951.19379909
13383039.753297763
13384128.401345715
13385217.137950124
13386305.963118192
13387394.876857096
13388483.879174098
13389572.970076373
13390662.149571128
13391751.417665545
13392840.77436688
13393930.21968232
13395019.75361904
13396109.376184307
13397199.087385302
13398288.88722921
13399378.775723293
13400468.752874738
13401558.818690728
13402648.97317853
13403739.216345329
13404829.54819834
13405919.968744751
13407010.477991829
13408101.075946763
13409191.762616768
13410282.538009034
13411373.402130835
13412464.35498936
13413555.396591796
13414646.526945421
13415737.746057428
13416829.053935006
13417920.450585432
13419011.936015902
13420103.510233635
13421195.173245827
13422286.925059756
13423378.765682617
13424470.695121609
13425562.71338401
13426654.820477018
13427747.01640786
13428839.301183734
13429931.674811922
13431024.137299627
13432116.688654045
13433209.328882463
13434302.057992082
13435394.875990106
13436487.78288382
13437580.778680427
13438673.863387158
13439767.037011221
13440860.2995599
13441953.651040405
13443047.091459967
13444140.620825797
13445234.239145182
13446327.946425332
13447421.742673453
13448515.627896842
13449609.602102708
13450703.665298259
13451797.81749079
13452892.058687516
13453986.388895646
13455080.808122477
13456175.316375222
13457269.913661124
13458364.599987397
13459459.37536134
13460554.23979017
13461649.193281127
13462744.235841433
13463839.367478386
13464934.588199204
13466029.898011107
13467125.296921398
13468220.784937296
13469316.362066023
13470412.028314881
13471507.783691093
13472603.62820191
13473699.561854554
13474795.584656332
13475891.696614467
13476987.897736186
13478084.188028796
13479180.567499522
13480277.03615562
13481373.594004318
13482470.241052924
13483566.977308666
13484663.802778777
13485760.717470566
13486857.721391264
13487954.814548103
13489051.996948395
13490149.268599374
13491246.629508298
13492344.0796824
13493441.619129
13494539.24785533
13495636.965868652
13496734.7731762
13497832.669785298
13498930.655703178
13500028.730937079
13501126.895494321
13502225.149382144
13503323.492607785
13504421.925178567
13505520.44710173
13506619.058384517
13507717.75903425
13508816.549058171
13509915.428463552
13511014.397257634
13512113.455447745
13513212.603041127
13514311.840045055
13515411.166466774
13516510.582313614
13517610.087592818
13518709.682311637
13519809.3664774
13520909.140097357
13522009.003178757
13523108.95572893
13524208.997755127
13525309.129264629
13526409.350264683
13527509.660762629
13528610.060765715
13529710.550281199
13530811.129316414
13531911.797878616
13533012.555975085
13534113.40361308
13535214.340799939
13536315.367542917
13537416.483849274
13538517.689726349
13539618.985181402
13540720.37022169
13541821.844854558
13542923.409087265
13544025.062927099
13545126.80638132
13546228.639457278
13547330.562162234
13548432.574503476
13549534.67648827
13550636.868123962
13551739.149417818
13552841.520377103
13553943.981009169
13555046.531321278
13556149.171320701
13557251.901014788
13558354.720410809
13559457.62951603
13560560.628337806
13561663.716883406
13562766.895160131
13563870.16317525
13564973.520936118
13566076.968450012
13567180.505724227
13568284.13276604
13569387.849582808
13570491.656181809
13571595.552570313
13572699.538755683
13573803.614745198
13574907.780546129
13576012.036165843
13577116.381611615
13578220.816890756
13579325.34201054
13580429.956978336
13581534.661801422
13582639.45648708
13583744.341042677
13584849.315475494
13585954.379792841
13587059.534002004
13588164.778110351
13589270.112125168
13590375.536053736
13591481.04990343
13592586.653681533
13593692.347395336
13594798.131052207
13595904.004659437
13597009.968224343
13598116.021754213
13599222.165256422
13600328.39873826
13601434.722207049
13602541.135670079
13603647.639134726
13604754.232608285
13605860.916098049
13606967.689611396
13608074.553155622
13609181.506738022
13610288.550365975
13611395.68404678
13612502.907787733
13613610.221596217
13614717.62547953
13615825.119444998
13616932.703499923
13618040.377651688
13619148.141907593
13620255.99627497
13621363.94076112
13622471.975373428
13623580.1001192
13624688.315005738
13625796.620040433
13626905.015230589
13628013.500583509
13629122.076106587
13630230.741807127
13631339.497692468
13632448.343769915
13633557.280046863
13634666.306530619
13635775.423228495
13636884.630147884
13637993.927296098
13639103.314680476
13640212.79230833
13641322.36018706
13642432.018323975
13643541.766726391
13644651.605401708
13645761.534357239
13646871.5536003
13647981.663138295
13649091.862978537
13650202.153128373
13651312.533595122
13652423.004386187
13653533.565508885
13654644.216970567
13655754.958778553
13656865.790940246
13657976.713462971
13659087.72635405
13660198.829620887
13661310.023270808
13662421.307311136
13663532.681749284
13664644.146592572
13665755.701848328
13666867.347523965
13667979.083626807
13669090.91016421
13670202.827143503
13671314.834572101
13672426.932457332
13673539.120806554
13674651.399627099
13675763.76892638
13676876.228711732
13677988.778990485
13679101.419770058
13680214.151057784
13681326.972860998
13682439.88518712
13683552.888043482
13684665.98143745
13685779.165376363
13686892.43986764
13688005.80491862
13689119.26053664
13690232.806729127
13691346.443503417
13692460.17086688
13693573.988826858
13694687.897390774
13695801.896565972
13696915.986359794
13698030.166779669
13699144.437832939
13700258.799526948
13701373.251869129
13702487.794866823
13703602.42852741
13704717.152858231
13705831.96786672
13706946.873560227
13708061.869946128
13709176.957031772
13710292.134824593
13711407.40333194
13712522.762561167
13713638.212519707
13714753.753214914
13715869.384654142
13716985.106844828
13718100.919794325
13719216.823509987
13720332.817999257
13721448.903269488
13722565.079328066
13723681.346182346
13724797.703839773
13725914.152307706
13727030.691593528
13728147.3217046
13729264.042648368
13730380.85443219
13731497.75706343
13732614.750549532
13733731.83489786
13734849.010115778
13735966.276210733
13737083.633190088
13738201.081061238
13739318.619831547
13740436.249508467
13741553.970099363
13742671.781611603
13743789.68405264
13744907.677429842
13746025.761750605
13747143.937022302
13748262.203252384
13749380.560448224
13750499.008617193
13751617.547766747
13752736.17790426
13753854.899037102
13754973.711172737
13756092.614318535
13757211.6084819
13758330.69367021
13759449.869890923
13760569.137151416
13761688.495459098
13762807.944821343
13763927.485245617
13765047.116739297
13766166.839309765
13767286.652964486
13768406.557710838
13769526.553556206
13770646.640508058
13771766.818573771
13772887.087760735
13774007.448076414
13775127.899528196
13776248.442123493
13777369.07586969
13778489.80077426
13779610.616844589
13780731.524088092
13781852.52251216
13782973.612124264
13784094.792931795
13785216.064942142
13786337.428162782
13787458.882601105
13788580.428264502
13789702.065160453
13790823.793296348
13791945.612679612
13793067.523317637
13794189.525217902
13795311.618387805
13796433.802834742
13797556.078566192
13798678.445589554
13799800.903912254
13800923.45354169
13802046.094485348
13803168.826750625
13804291.650344921
13805414.565275725
13806537.571550436
13807660.669176457
13808783.858161276
13809907.138512295
13811030.510236947
13812153.973342637
13813277.527836854
13814401.173727004
13815524.911020521
13816648.739724813
13817772.659847373
13818896.671395607
13820020.774376927
13821144.968798824
13822269.25466871
13823393.631993994
13824518.100782175
13825642.66104066
13826767.312776865
13827892.055998288
13829016.890712341
13830141.816926468
13831266.834648082
13832391.943884684
13833517.14464369
13834642.436932545
13835767.820758669
13836893.296129558
13838018.863052638
13839144.521535322
13840270.27158512
13841396.113209447
13842522.046415728
13843648.071211467
13844774.187604085
13845900.395601036
13847026.695209742
13848153.086437711
13849279.56929237
13850406.143781142
13851532.809911538
13852659.567690983
13853786.417126935
13854913.358226819
13856040.39099815
13857167.515448354
13858294.731584864
13859422.039415192
13860549.43894677
13861676.93018703
13862804.513143485
13863932.187823571
13865059.95423475
13866187.81238445
13867315.762280198
13868443.803929422
13869571.937339589
13870700.162518134
13871828.47947258
13872956.888210362
13874085.388738919
13875213.981065774
13876342.665198367
13877471.441144139
13878600.30891061
13879729.268505227
13880858.319935426
13881987.463208739
13883116.698332604
13884246.025314497
13885375.444161858
13886504.954882221
13887634.557483027
13888764.251971751
13889894.03835584
13891023.916642826
13892153.886840157
13893283.94895528
13894414.10299573
13895544.348968953
13896674.686882405
13897805.116743615
13898935.638560038
13900066.252339154
13901196.958088415
13902327.755815359
13903458.64552744
13904589.62723211
13905720.700936912
13906851.8666493
13907983.124376757
13909114.474126741
13910245.915906796
13911377.449724376
13912509.075586943
13913640.79350204
13914772.603477126
13915904.505519662
13917036.499637194
13918168.585837184
13919300.76412712
13920433.034514468
13921565.397006774
13922697.851611502
13923830.398336148
13924963.037188174
13926095.76817513
13927228.591304487
13928361.506583707
13929494.514020346
13930627.613621872
13931760.805395752
13932894.08934954
13934027.46549071
13935160.933826728
13936294.494365154
13937428.147113457
13938561.89207914
13939695.729269674
13940829.65869262
13941963.680355452
13943097.794265673
13944232.000430755
13945366.298858266
13946500.689555679
13947635.172530469
13948769.747790202
13949904.415342359
13951039.175194414
13952174.027353935
13953308.971828401
13954444.008625323
13955579.13775218
13956714.359216545
13957849.673025893
13958985.079187714
13960120.577709572
13961256.168598957
13962391.851863379
13963527.627510324
13964663.495547365
13965799.455981988
13966935.508821681
13968071.65407402
13969207.891746491
13970344.221846582
13971480.644381873
13972617.159359854
13973753.76678804
13974890.466673927
13976027.259025093
13977164.14384903
13978301.121153262
13979438.190945279
13980575.353232665
13981712.608022915
13982849.955323527
13983987.395142078
13985124.927486071
13986262.552363003
13987400.269780453
13988538.079745928
13989675.982266922
13990813.977351023
13991952.06500573
13993090.24523858
13994228.518057067
13995366.883468783
13996505.341481233
13997643.892101947
13998782.535338432
13999921.271198276
14001060.099688986
14002199.020818071
14003338.034593122
14004477.141021647
14005616.340111153
14006755.631869236
14007895.016303405
14009034.4934212
14010174.063230133
14011313.725737795
14012453.480951704
14013593.328879371
14014733.269528396
14015873.30290629
14017013.429020599
14018153.647878835
14019293.959488602
14020434.363857416
14021574.860992793
14022715.450902337
14023856.133593567
14024996.909074
14026137.777351242
14027278.738432812
14028419.79232626
14029560.93903911
14030702.178578964
14031843.510953348
14032984.936169814
14034126.454235883
14035268.06515917
14036409.768947193
14037551.565607484
14038693.45514765
14039835.437575221
14040977.512897724
14042119.68112277
14043261.942257892
14044404.296310617
14045546.743288558
14046689.283199249
14047831.916050248
14048974.641849088
14050117.460603386
14051260.372320674
14052403.377008518
14053546.474674447
14054689.665326085
14055832.948970966
14056976.325616626
14058119.795270687
14059263.357940687
14060407.013634164
14061550.762358742
14062694.60412196
14063838.538931387
14064982.566794561
14066126.68771911
14067270.901712576
14068415.208782502
14069559.608936513
14070704.102182157
14071848.688527003
14072993.367978597
14074138.14054457
14075283.006232467
14076427.965049835
14077573.017004307
14078718.162103431
14079863.400354756
14081008.731765913
14082154.156344457
14083299.67409796
14084445.28503398
14085590.98916015
14086736.786484022
14087882.67701318
14089028.660755172
14090174.737717642
14091320.907908143
14092467.171334231
14093613.528003547
14094759.977923647
14095906.521102088
14097053.15754651
14098199.887264479
14099346.710263548
14100493.626551364
14101640.636135485
14102787.739023501
14103934.935222976
14105082.224741554
14106229.6075868
14107377.083766304
14108524.65328763
14109672.31615843
14110820.072386267
14111967.921978706
14113115.864943402
14114263.901287919
14115412.031019824
14116560.254146773
14117708.570676334
14118856.980616104
14120005.483973654
14121154.08075664
14122302.770972632
14123451.554629203
14124600.43173401
14125749.402294628
14126898.466318658
14128047.623813674
14129196.874787336
14130346.219247222
14131495.657200905
14132645.188656049
14133794.813620232
14134944.53210103
14136094.344106108
14137244.249643046
14138394.248719454
14139544.341342907
14140694.527521078
14141844.807261543
14142995.180571917
14144145.647459783
14145296.207932808
14146446.861998577
14147597.609664673
14148748.45093877
14149899.385828454
14151050.414341308
14152201.536485009
14153352.752267145
14154504.0616953
14155655.464777151
14156806.96152029
14157958.551932335
14159110.236020874
14160262.013793588
14161413.885258067
14162565.850421933
14163717.909292778
14164870.061878286
14166022.308186047
14167174.648223659
14168327.081998803
14169479.609519074
14170632.230792072
14171784.945825478
14172937.754626893
14174090.65720394
14175243.653564224
14176396.74371543
14177549.927665155
14178703.205421003
14179856.576990662
14181010.042381736
14182163.601601856
14183317.254658623
14184471.00155973
14185624.842312785
14186778.776925389
14187932.805405235
14189086.927759932
14190241.143997088
14191395.454124395
14192549.858149463
14193704.35607993
14194858.947923407
14196013.63368759
14197168.413380088
14198323.287008546
14199478.254580574
14200633.31610387
14201788.471586052
14202943.72103473
14204099.064457608
14205254.5018623
14206410.033256423
14207565.65864768
14208721.378043689
14209877.191452067
14211033.09888052
14212189.100336667
14213345.195828157
14214501.38536261
14215657.668947734
14216814.04659115
14217970.51830051
14219127.084083434
14220283.743947638
14221440.497900743
14222597.345950373
14223754.28810424
14224911.324369973
14226068.454755196
14227225.679267623
14228382.997914882
14229540.410704633
14230697.917644503
14231855.518742207
14233013.214005379
14234171.003441647
14235328.88705873
14236486.86486426
14237644.936865902
14238803.103071284
14239961.363488132
14241119.718124077
14242278.166986758
14243436.710083894
14244595.347423123
14245754.079012083
14246912.9048585
14248071.824970009
14249230.839354279
14250389.948018951
14251549.150971752
14252708.448220322
14253867.839772332
14255027.325635426
14256186.90581733
14257346.58032569
14258506.349168148
14259666.212352438
14260826.169886203
14261986.221777093
14263146.368032837
14264306.608661084
14265466.943669481
14266627.373065764
14267787.896857582
14268948.515052615
14270109.22765851
14271270.034683008
14272430.93613376
14273591.932018444
14274753.022344718
14275914.207120318
14277075.486352898
14278236.860050116
14279398.328219712
14280559.890869344
14281721.548006665
14282883.29963942
14284045.14577527
14285207.0864219
14286369.121586967
14287531.251278222
14288693.475503324
14289855.79426993
14291018.207585793
14292180.715458574
14293343.317895964
14294506.014905626
14295668.806495313
14296831.692672687
14297994.673445415
14299157.74882125
14300320.918807859
14301484.183412906
14302647.542644149
14303810.996509256
14304974.545015924
14306138.188171824
14307301.92598471
14308465.758462258
14309629.685612164
14310793.707442103
14311957.823959835
14313122.03517303
14314286.341089364
14315450.741716601
14316615.237062411
14317779.827134475
14318944.511940556
14320109.291488327
14321274.16578547
14322439.134839749
14323604.198658843
14324769.35725046
14325934.610622281
14327099.958782075
14328265.401737522
14329430.939496335
14330596.572066193
14331762.29945487
14332928.121670049
14334094.038719416
14335260.05061074
14336426.15735171
14337592.358950011
14338758.655413417
14339925.04674962
14341091.53296633
14342258.114071243
14343424.790072132
14344591.560976688
14345758.426792601
14346925.387527652
14348092.443189533
14349259.593785964
14350426.839324638
14351594.179813338
14352761.615259761
14353929.145671597
14355096.771056632
14356264.491422562
14357432.306777084
14358600.217127984
14359768.22248296
14360936.32284974
14362104.518236022
14363272.808649598
14364441.194098165
14365609.674589455
14366778.25013117
14367946.9207311
14369115.686396947
14370284.547136419
14371453.502957305
14372622.55386731
14373791.69987414
14374960.940985592
14376130.277209371
14377299.708553184
14378469.235024828
14379638.856632011
14380808.573382474
14381978.385283925
14383148.292344162
14384318.2945709
14385488.391971877
14386658.584554808
14387828.872327492
14388999.255297646
14390169.73347298
14391340.306861302
14392510.975470323
14393681.739307763
14394852.598381428
14396023.552699031
14397194.602268323
14398365.747097023
14399536.987192938
14400708.322563788
14401879.753217295
14403051.279161265
14404222.900403423
14405394.616951521
14406566.428813284
14407738.33599652
14408910.338508956
14410082.436358316
14411254.629552415
14412426.91809898
14413599.302005736
14414771.7812805
14415944.355931003
14417117.025965
14418289.791390222
14419462.652214484
14420635.608445523
14421808.660091095
14422981.807158934
14424155.049656862
14425328.38759261
14426501.820973914
14427675.349808596
14428848.97410439
14430022.693869034
14431196.509110354
14432370.419836083
14433544.426053962
14434718.527771816
14435892.724997384
14437067.017738437
14438241.406002715
14439415.889798045
14440590.46913217
14441765.144012863
14442939.914447865
14444114.780445008
14445289.742012035
14446464.799156694
14447639.951886814
14448815.200210147
14449990.544134434
14451165.983667513
14452341.518817134
14453517.149591072
14454692.875997074
14455868.698042983
14457044.615736548
14458220.62908552
14459396.738097737
14460572.942780955
14461749.243142951
14462925.639191484
14464102.130934393
14465278.718379436
14466455.401534365
14467632.180407027
14468809.055005178
14469986.025336575
14471163.091409063
14472340.253230404
14473517.510808384
14474694.864150764
14475872.313265394
14477049.858160032
14478227.498842472
14479405.235320477
14480583.067601895
14481760.995694492
14482939.019606033
14484117.13934437
14485295.35491727
14486473.666332496
14487652.073597908
14488830.57672127
14490009.17571035
14491187.870573007
14492366.661317011
14493545.547950158
14494724.530480223
14495903.608915063
14497082.78326245
14498262.053530186
14499441.419726046
14500620.88185789
14501800.439933496
14502980.093960634
14504159.84394717
14505339.689900884
14506519.631829549
14507699.66974103
14508879.803643111
14510060.033543596
14511240.359450264
14512420.781370986
14513601.299313542
14514781.913285714
14515962.62329537
14517143.429350296
14518324.331458302
14519505.329627175
14520686.423864786
14521867.614178918
14523048.900577363
14524230.283067992
14525411.761658592
14526593.33635695
14527775.007170947
14528956.774108369
14530138.637177037
14531320.596384738
14532502.651739353
14533684.803248676
14534867.050920526
14536049.394762697
14537231.83478307
14538414.370989442
14539597.003389603
14540779.73199144
14541962.55680275
14543145.477831328
14544328.495085059
14545511.608571744
14546694.818299178
14547878.12427525
14549061.526507763
14550245.025004542
14551428.619773392
14552612.3108222
14553796.098158773
14554979.98179094
14556163.961726503
14557348.03797336
14558532.210539311
14559716.479432166
14560900.844659816
14562085.30623007
14563269.864150736
14564454.51842971
14565639.2690748
14566824.116093844
14568009.059494656
14569194.09928513
14570379.235473081
14571564.468066322
14572749.79707275
14573935.22250018
14575120.744356459
14576306.362649396
14577492.077386897
14578677.88857678
14579863.796226857
14581049.800345037
14582235.900939137
14583422.098016974
14584608.391586456
14585794.781655405
14586981.268231668
14588167.851323066
14589354.530937511
14590541.307082826
14591728.17976686
14592915.148997437
14594102.21478247
14595289.377129786
14596476.636047209
14597663.991542652
14598851.443623943
14600038.992298909
14601226.637575468
14602414.379461447
14603602.217964673
14604790.15309307
14605978.184854465
14607166.313256718
14608354.538307661
14609542.860015217
14610731.278387219
14611919.793431526
14613108.405155977
14614297.113568494
14615485.918676913
14616674.820489068
14617863.819012888
14619052.914256206
14620242.106226865
14621431.39493279
14622620.78038182
14623810.262581825
14624999.841540646
14626189.517266214
14627379.289766368
14628569.159048954
14629759.1251219
14630949.187993055
14632139.34767029
14633329.604161449
14634519.95747447
14635710.407617196
14636900.954597475
14638091.598423244
14639282.339102354
14640473.176642649
14641664.11105207
14642855.142338466
14644046.27050972
14645237.49557368
14646428.817538291
14647620.236411404
14648811.752200902
14650003.364914637
14651195.074560555
14652386.881146511
14653578.784680359
14654770.785170048
14655962.882623434
14657155.077048374
14658347.368452817
14659539.756844621
14660732.242231645
14661924.82462184
14663117.504023066
14664310.280443216
14665503.15389015
14666696.124371821
14667889.191896094
14669082.35647086
14670275.618103988
14671468.97680343
14672662.432577053
14673855.985432722
14675049.635378396
14676243.382421942
14677437.22657123
14678631.167834217
14679825.206218772
14681019.341732798
14682213.574384166
14683407.904180834
14684602.33113068
14685796.85524157
14686991.476521475
14688186.194978263
14689381.010619843
14690575.92345409
14691770.933488969
14692966.040732356
14694161.24519213
14695356.54687626
14696551.945792621
14697747.441949096
14698943.035353653
14700138.726014175
14701334.51393857
14702530.399134723
14703726.381610606
14704922.4613741
14706118.638433123
14707314.912795555
14708511.284469374
14709707.753462465
14710904.319782713
14712100.983438099
14713297.744436508
14714494.60278583
14715691.55849404
14716888.611569032
14718085.762018695
14719283.00985101
14720480.355073867
14721677.797695192
14722875.337722875
14724072.9751649
14725270.710029162
14726468.542323586
14727666.472056065
14728864.499234587
14730062.62386705
14731260.84596135
14732459.165525474
14733657.582567323
14734856.097094795
14736054.70911588
14737253.418638479
14738452.225670522
14739651.130219914
14740850.132294646
14742049.23190262
14743248.42905174
14744447.723750003
14745647.116005313
14746846.605825603
14748046.193218783
14749245.87819285
14750445.660755709
14751645.540915271
14752845.518679533
14754045.594056407
14755245.767053803
14756446.037679719
14757646.40594207
14758846.871848797
14760047.435407812
14761248.09662712
14762448.855514634
14763649.712078301
14764850.666326035
14766051.71826584
14767252.867905637
14768454.115253342
14769655.460316962
14770856.903104415
14772058.443623621
14773260.081882592
14774461.817889247
14775663.65165151
14776865.583177388
14778067.612474807
14779269.739551717
14780471.964416048
14781674.287075808
14782876.707538927
14784079.225813359
14785281.84190703
14786484.555827957
14787687.36758407
14788890.277183294
14790093.284633651
14791296.389943069
14792499.59311948
14793702.894170905
14794906.293105273
14796109.789930547
14797313.384654664
14798517.077285642
14799720.867831418
14800924.756299928
14802128.742699197
14803332.82703716
14804537.009321785
14805741.289561007
14806945.667762859
14808150.143935274
14809354.718086196
14810559.390223654
14811764.160355587
14812969.028489938
14814173.994634738
14815379.058797931
14816584.22098749
14817789.481211359
14818994.83947757
14820200.295794073
14821405.850168841
14822611.502609821
14823817.253125051
14825023.101722477
14826229.04841005
14827435.093195807
14828641.236087698
14829847.477093676
14831053.81622178
14832260.253479961
14833466.788876174
14834673.42241846
14835880.154114773
14837086.983973099
14838293.912001392
14839500.938207695
14840708.062599968
14841915.285186198
14843122.60597434
14844330.024972444
14845537.54218847
14846745.157630373
14847952.871306209
14849160.683223935
14850368.593391513
14851576.601816997
14852784.70850835
14853992.913473561
14855201.2167206
14856409.618257519
14857618.118092282
14858826.716232857
14860035.412687302
14861244.207463581
14862453.100569693
14863662.092013609
14864871.181803387
14866080.369946996
14867289.656452406
14868499.041327681
14869708.524580792
14870918.10621971
14872127.7862525
14873337.564687135
14874547.441531619
14875757.41679393
14876967.49048213
14878177.662604198
14879387.93316814
14880598.302181933
14881808.769653648
14883019.335591264
14884230.000002757
14885440.7628962
14886651.624279577
14887862.584160864
14889073.642548136
14890284.799449377
14891496.054872569
14892707.408825785
14893918.861317014
14895130.41235427
14896342.061945537
14897553.810098896
14898765.65682233
14899977.60212386
14901189.646011474
14902401.788493251
14903614.029577184
14904826.369271262
14906038.807583565
14907251.344522087
14908463.980094818
14909676.714309847
14910889.547175163
14912102.478698794
14913315.508888733
14914528.637753066
14915741.865299791
14916955.191536905
14918168.616472496
14919382.140114563
14920595.762471136
14921809.483550211
14923023.303359885
14924237.221908154
14925451.23920302
14926665.35525258
14927879.570064833
14929093.883647786
14930308.296009531
14931522.807158073
14932737.417101452
14933952.12584767
14935166.933404826
14936381.839780927
14937596.844984012
14938811.949022088
14940027.151903259
14941242.453635534
14942457.85422692
14943673.353685526
14944888.95201936
14946104.649236433
14947320.445344852
14948536.340352632
14949752.334267786
14950968.42709842
14952184.61885255
14953400.909538222
14954617.299163457
14955833.787736362
14957050.375264956
14958267.061757285
14959483.847221373
14960700.731665332
14961917.71509718
14963134.79752494
14964351.978956725
14965569.259400561
14966786.63886447
14968004.117356567
14969221.694884878
14970439.37145746
14971657.147082336
14972875.021767626
14974092.99552136
14975311.068351563
14976529.240266357
14977747.511273772
14978965.881381867
14980184.350598674
14981402.918932317
14982621.586390827
14983840.352982236
14985059.218714671
14986278.183596166
14987497.247634754
14988716.410838561
14989935.673215628
14991155.034774018
14992374.49552177
14993594.055467013
14994813.714617787
14996033.47298216
14997253.330568174
14998473.28738396
14999693.34343756
15000913.498737017
15002133.753290461
15003354.10710594
15004574.560191495
15005795.112555265
15007015.764205294
15008236.515149627
15009457.365396403
15010678.31495367
15011899.363829505
15013120.512031956
15014341.759569166
15015563.106449185
15016784.552680092
15018006.098269938
15019227.743226869
15020449.487558937
15021671.331274193
15022893.274380783
15024115.316886764
15025337.458800187
15026559.700129203
15027782.040881868
15029004.48106627
15030227.020690463
15031449.659762602
15032672.398290742
15033895.236282947
15035118.173747364
15036341.210692057
15037564.347125119
15038787.58305461
15040010.918488687
15041234.353435412
15042457.88790285
15043681.521899158
15044905.2554324
15046129.088510646
15047353.02114205
15048577.053334683
15049801.185096642
15051025.416435996
15052249.747360907
15053474.177879447
15054698.707999716
15055923.337729782
15057148.067077814
15058372.896051884
15059597.824660063
15060822.852910519
15062047.980811326
15063273.20837056
15064498.53559639
15065723.96249689
15066949.48908014
15068175.115354309
15069400.841327475
15070626.66700775
15071852.59240321
15073078.617522035
15074304.742372299
15075530.966962118
15076757.291299574
15077983.715392845
15079210.23925001
15080436.862879157
15081663.586288463
15082890.409486014
15084117.332479896
15085344.355278289
15086571.47788928
15087798.700320989
15089026.022581505
15090253.44467901
15091480.966621595
15092708.588417351
15093936.310074462
15095164.131601019
15096392.05300515
15097620.074294943
15098848.19547859
15100076.416564183
15101304.737559821
15102533.15847369
15103761.679313885
15104990.30008851
15106219.02080575
15107447.841473706
15108676.76210051
15109905.782694262
15111134.903263154
15112364.123815289
15113593.444358798
15114822.864901787
15116052.38545245
15117282.006018892
15118511.726609219
15119741.547231628
15120971.467894224
15122201.488605117
15123431.609372506
15124661.830204498
15125892.151109202
15127122.572094822
15128353.093169468
15129583.714341281
15130814.43561837
15132045.257008946
15133276.178521117
15134507.20016303
15135738.321942795
15136969.543868624
15138200.86594863
15139432.288190933
15140663.810603738
15141895.433195164
15143127.15597333
15144358.978946447
15145590.902122634
15146822.925510043
15148055.049116794
15149287.2729511
15150519.597021086
15151752.021334875
15152984.54590068
15154217.170726627
15155449.895820871
15156682.721191538
15157915.646846848
15159148.672794925
15160381.799043898
15161615.025601989
15162848.352477323
15164081.779678036
15165315.307212343
15166548.935088381
15167782.663314309
15169016.49189826
15170250.420848459
15171484.45017304
15172718.579880169
15173952.809977978
15175187.140474698
15176421.571378464
15177656.102697412
15178890.734439772
15180125.466613684
15181360.299227284
15182595.232288806
15183830.26580639
15185065.399788177
15186300.6342424
15187535.969177201
15188771.404600756
15190006.940521205
15191242.576946788
15192478.313885646
15193714.151345957
15194950.089335868
15196186.12786362
15197422.266937356
15198658.506565226
15199894.846755473
15201131.287516246
15202367.828855691
15203604.470782056
15204841.213303491
15206078.05642818
15207315.000164272
15208552.044520019
15209789.18950357
15211026.435123079
15212263.781386798
15213501.228302883
15214738.775879519
15215976.424124863
15217214.173047168
15218452.022654593
15219689.972955296
15220928.023957528
15222166.175669454
15223404.428099232
15224642.781255117
15225881.235145275
15227119.789777895
15228358.445161143
15229597.20130328
15230836.058212467
15232075.015896903
15233314.074364753
15234553.23362428
15235792.49368365
15237031.85455103
15238271.316234685
15239510.878742784
15240750.542083498
15241990.306265092
15243230.171295734
15244470.137183601
15245710.203936959
15246950.371563978
15248190.640072867
15249431.009471802
15250671.47976905
15251912.050972788
15253152.723091222
15254393.496132534
15255634.370104995
15256875.345016781
15258116.420876076
15259357.59769115
15260598.875470188
15261840.254221369
15263081.73395297
15264323.314673172
15265564.996390194
15266806.779112216
15268048.66284752
15269290.64760429
15270532.733390715
15271774.920215072
15273017.208085552
15274259.597010372
15275502.086997723
15276744.678055886
15277987.370193055
15279230.16341742
15280473.057737263
15281716.05316078
15282959.149696164
15284202.3473517
15285445.646135584
15286689.046056043
15287932.547121271
15289176.149339562
15290419.852719108
15291663.65726814
15292907.562994858
15294151.569907553
15295395.678014426
15296639.887323676
15297884.197843596
15299128.609582394
15300373.122548267
15301617.736749515
15302862.452194339
15304107.268890945
15305352.18684763
15306597.206072604
15307842.326574102
15309087.548360331
15310332.871439593
15311578.295820095
15312823.82151008
15314069.448517757
15315315.176851427
15316561.006519306
15317806.937529603
15319052.969890626
15320299.103610586
15321545.338697698
15322791.67516027
15324038.113006517
15325284.652244687
15326531.292882996
15327778.034929756
15329024.878393183
15330271.823281495
15331518.869603006
15332766.017365936
15334013.266578538
15335260.617249032
15336508.069385733
15337755.622996865
15339003.27809065
15340251.034675406
15341498.892759359
15342746.85235073
15343994.913457844
15345243.076088924
15346491.34025223
15347739.70595599
15348988.173208525
15350236.742018066
15351485.412392873
15352734.184341177
15353983.057871303
15355232.032991482
15356481.109709948
15357730.28803503
15358979.567974957
15360228.949537966
15361478.432732388
15362728.017566457
15363977.704048408
15365227.492186576
15366477.381989198
15367727.373464542
15368977.466620848
15370227.66146645
15371477.95800959
15372728.356258538
15373978.856221536
15375229.457906924
15376480.161322944
15377730.96647784
15378981.873379948
15380232.882037515
15381483.992458789
15382735.204652108
15383986.518625721
15385237.934387906
15386489.451946912
15387741.071311085
15388992.79248867
15390244.615487922
15391496.540317185
15392748.566984711
15394000.695498783
15395252.925867656
15396505.258099677
15397757.692203103
15399010.228186186
15400262.866057279
15401515.605824636
15402768.447496517
15404021.391081274
15405274.436587164
15406527.58402248
15407780.833395477
15409034.184714518
15410287.63798786
15411541.193223795
15412794.850430587
15414048.609616596
15415302.470790084
15416556.433959316
15417810.499132652
15419064.666318357
15420318.9355247
15421573.306760041
15422827.78003265
15424082.355350792
15425337.032722834
15426591.812157048
15427846.69366173
15429101.677245159
15430356.762915697
15431611.950681616
15432867.240551224
15434122.632532792
15435378.126634693
15436633.722865202
15437889.42123259
15439145.221745236
15440401.124411412
15441657.129239397
15442913.236237567
15444169.4454142
15445425.756777607
15446682.17033607
15447938.686097965
15449195.304071572
15450452.024265178
15451708.846687159
15452965.771345798
15454222.798249414
15455479.92740629
15456737.15882481
15457994.492513258
15459251.928479925
15460509.46673319
15461767.107281344
15463024.850132678
15464282.695295574
15465540.642778326
15466798.692589253
15468056.844736652
15469315.09922891
15470573.456074318
15471831.915281205
15473090.476857863
15474349.140812686
15475607.907153968
15476866.775890004
15478125.74702919
15479384.820579827
15480643.996550208
15481903.27494873
15483162.655783692
15484422.1390634
15485681.724796245
15486941.412990533
15488201.203654598
15489461.096796744
15490721.092425367
15491981.190548778
15493241.39117531
15494501.69431327
15495762.099971062
15497022.608156992
15498283.21887937
15499543.932146601
15500804.747966992
15502065.666348856
15503326.687300598
15504587.81083053
15505849.036946997
15507110.365658311
15508371.796972882
15509633.330899024
15510894.967445053
15512156.70661938
15513418.54843032
15514680.492886225
15515942.53999541
15517204.68976629
15518466.942207186
15519729.297326414
15520991.755132394
15522254.315633446
15523516.97883789
15524779.744754147
15526042.613390537
15527305.58475542
15528568.658857118
15529831.835704051
15531095.115304548
15532358.497666964
15533621.98279963
15534885.570710966
15536149.261409303
15537413.05490297
15538676.951200394
15539940.950309902
15541205.05223983
15542469.2569986
15543733.56459455
15544997.975036012
15546262.488331415
15547527.104489094
15548791.823517416
15550056.645424718
15551321.570219433
15552586.597909898
15553851.72850448
15555116.962011524
15556382.29843946
15557647.737796629
15558913.280091375
15560178.925332133
15561444.673527244
15562710.524685055
15563976.478814002
15565242.53592243
15566508.696018716
15567774.959111206
15569041.325208344
15570307.794318473
15571574.366449943
15572841.041611196
15574107.819810584
15575374.701056488
15576641.685357258
15577908.77272134
15579175.96315709
15580443.256672854
15581710.653277084
15582978.152978133
15584245.755784359
15585513.46170421
15586781.270746041
15588049.182918241
15589317.198229171
15590585.31668728
15591853.538300928
15593121.863078507
15594390.291028377
15595658.822158994
15596927.456478719
15598196.193995913
15599465.034719039
15600733.978656454
15602003.025816526
15603272.176207718
15604541.42983839
15605810.786716908
15607080.24685174
15608349.81025125
15609619.476923838
15610889.246877875
15612159.120121824
15613429.096664056
15614699.176512973
15615969.359676948
15617239.646164449
15618510.03598385
15619780.52914352
15621051.125651933
15622321.825517464
15623592.628748488
15624863.535353476
15626134.545340806
15627405.65871889
15628676.875496102
15629948.19568092
15631219.619281724
15632491.146306893
15633762.776764903
15635034.510664137
15636306.348013012
15637578.288819907
15638850.333093304
15640122.480841586
15641394.732073141
15642667.08679645
15643939.545019897
15645212.106751872
15646484.772000859
15647757.540775243
15649030.41308345
15650303.388933867
15651576.468334982
15652849.651295187
15654122.937822904
15655396.327926528
15656669.821614545
15657943.418895353
15659217.119777344
15660490.924269011
15661764.83237875
15663038.844114957
15664312.959486127
15665587.178500656
15666861.501166945
15668135.92749349
15669410.45748869
15670685.091160977
15671959.828518754
15673234.669570519
15674509.614324674
15675784.662789658
15677059.814973872
15678335.070885818
15679610.430533903
15680885.893926531
15682161.461072208
15683437.131979339
15684712.906656336
15685988.785111701
15687264.767353844
15688540.85339121
15689817.043232208
15691093.336885348
15692369.73435904
15693646.2356617
15694922.840801837
15696199.549787866
15697476.362628233
15698753.279331354
15700030.299905743
15701307.424359817
15702584.652701994
15703861.984940792
15705139.421084624
15706416.961141916
15707694.60512118
15708972.353030844
15710250.204879355
15711528.160675142
15712806.22042672
15714084.384142516
15715362.651830986
15716641.023500558
15717919.49915975
15719198.078816993
15720476.762480713
15721755.550159434
15723034.441861587
15724313.4375956
15725592.53737
15726871.741193218
15728151.049073687
15729430.461019935
15730709.977040395
15731989.597143533
15733269.321337782
15734549.149631677
15735829.082033651
15737109.118552174
15738389.259195684
15739669.503972713
15740949.852891702
15742230.30596109
15743510.86318941
15744791.52458511
15746072.290156623
15747353.159912491
15748634.13386116
15749915.2120111
15751196.39437076
15752477.680948678
15753759.071753303
15755040.566793075
15756322.166076543
15757603.869612154
15758885.677408386
15760167.589473689
15761449.60581661
15762731.726445599
15764013.951369105
15765296.280595679
15766578.714133773
15767861.251991838
15769143.894178426
15770426.64070199
15771709.49157102
15772992.446793972
15774275.506379394
15775558.67033575
15776841.938671524
15778125.311395178
15779408.788515266
15780692.370040251
15781976.05597859
15783259.846338844
15784543.741129473
15785827.740358941
15787111.844035808
15788396.052168537
15789680.364765592
15790964.781835537
15792249.30338684
15793533.929427994
15794818.659967473
15796103.495013839
15797388.43457556
15798673.478661139
15799958.627279047
15801243.880437851
15802529.238146022
15803814.700412031
15805100.267244453
15806385.938651757
15807671.714642419
15808957.59522501
15810243.580408009
15811529.67019992
15812815.864609223
15814102.163644493
15815388.567314206
15816675.075626845
15817961.688590983
15819248.406215103
15820535.22850772
15821822.155477311
15823109.187132461
15824396.32348165
15825683.564533362
15826970.910296181
15828258.360778593
15829545.915989079
15830833.575936228
15832121.340628525
15833409.21007449
15834697.184282614
15835985.263261484
15837273.447019586
15838561.735565448
15839850.128907561
15841138.627054513
15842427.230014795
15843715.937796904
15845004.750409432
15846293.667860871
15847582.690159718
15848871.817314567
15850161.049333917
15851450.386226263
15852739.8280002
15854029.37466423
15855319.026226886
15856608.782696664
15857898.644082168
15859188.610391896
15860478.681634385
15861768.857818138
15863059.138951756
15864349.525043743
15865640.016102606
15866930.612136949
15868221.313155277
15869512.119166097
15870803.030178016
15872094.046199543
15873385.16723922
15874676.393305557
15875967.724407163
15877259.160552548
15878550.701750224
15879842.348008804
15881134.099336801
15882425.955742761
15883717.9172352
15885009.983822731
15886302.15551387
15887594.432317134
15888886.81424114
15890179.301294403
15891471.893485446
15892764.590822885
15894057.393315243
15895350.300971068
15896643.31379889
15897936.431807322
15899229.655004892
15900522.983400155
15901816.417001635
15903109.955817956
15904403.599857647
15905697.34912923
15906991.203641333
15908285.163402483
15909579.22842121
15910873.39870614
15912167.674265806
15913462.055108735
15914756.54124356
15916051.132678814
15917345.829423059
15918640.631484833
15919935.538872764
15921230.551595388
15922525.669661276
15923820.893078964
15925116.221857086
15926411.656004181
15927707.195528787
15929002.84043954
15930298.590744982
15931594.446453651
15932890.407574192
15934186.47411514
15935482.646085076
15936778.923492542
15938075.306346178
15939371.79465453
15940668.388426146
15941965.087669667
15943261.892393641
15944558.80260665
15945855.81831724
15947152.93953406
15948450.166265659
15949747.498520587
15951044.936307494
15952342.47963493
15953640.128511451
15954937.882945705
15956235.742946247
15957533.708521664
15958831.779680513
15960129.956431447
15961428.238783022
15962726.626743829
15964025.120322427
15965323.71952747
15966622.424367521
15967921.234851137
15969220.15098698
15970519.17278361
15971818.30024959
15973117.533393579
15974416.872224143
15975716.316749847
15977015.866979351
15978315.522921225
15979615.284584064
15980915.151976438
15982215.125107013
15983515.203984356
15984815.388617069
15986115.679013724
15987416.07518299
15988716.577133434
15990017.184873633
15991317.898412256
15992618.717757875
15993919.642919067
15995220.673904505
15996521.81072276
15997823.053382449
15999124.40189214
16000425.856260516
16001727.416496152
16003029.082607629
16004330.854603622
16005632.732492713
16006934.716283517
16008236.805984614
16009539.001604686
16010841.303152317
16012143.710636089
16013446.224064685
16014748.843446692
16016051.568790697
16017354.400105381
16018657.337399336
16019960.38068118
16021263.529959502
16022566.78524299
16023870.146540236
16025173.61385986
16026477.18721046
16027780.86660072
16029084.652039235
16030388.543534601
16031692.54109551
16032996.644730555
16034300.854448335
16035605.170257542
16036909.592166776
16038214.120184632
16039518.75431981
16040823.494580906
16042128.340976555
16043433.293515358
16044738.352206016
16046043.517057126
16047348.78807733
16048654.165275227
16049959.648659524
16051265.23823882
16052570.934021726
16053876.736016944
16055182.644233083
16056488.658678748
16057794.779362649
16059101.006293392
16060407.339479623
16061713.77892995
16063020.324653085
16064326.976657636
16065633.73495222
16066940.599545548
16068247.570446232
16069554.647662923
16070861.831204232
16072169.121078877
16073476.517295474
16074784.01986264
16076091.628789093
16077399.34408345
16078707.165754333
16080015.09381046
16081323.128260452
16082631.269112963
16083939.516376616
16085247.870060135
16086556.33017214
16087864.89672129
16089173.569716211
16090482.34916563
16091791.235078167
16093100.227462456
16094409.32632722
16095718.531681087
16097027.84353269
16098337.261890756
16099646.786763918
16100956.418160804
16102266.156090146
16103576.00056058
16104885.951580768
16106196.009159349
16107506.173305053
16108816.444026519
16110126.821332414
16111437.305231376
16112747.895732142
16114058.592843352
16115369.396573642
16116680.306931753
16117991.323926326
16119302.447566
16120613.67785952
16121925.014815526
16123236.458442695
16124548.008749673
16125859.6657452
16127171.429437926
16128483.299836494
16129795.276949652
16131107.360786045
16132419.551354358
16133731.848663239
16135044.252721436
16136356.763537599
16137669.381120382
16138982.105478533
16140294.936620705
16141607.874555554
16142920.919291832
16144234.07083819
16145547.329203323
16146860.694395881
16148174.166424625
16149487.745298209
16150801.431025326
16152115.223614637
16153429.123074895
16154743.129414767
16156057.24264291
16157371.462768085
16158685.789798956
16160000.223744188
16161314.764612539
16162629.412412677
16163944.167153269
16165259.028843075
16166573.997490767
16167889.073105043
16169204.255694572
16170519.545268122
16171834.94183436
16173150.445401995
16174466.055979691
16175781.773576224
16177097.598200265
16178413.529860487
16179729.568565665
16181045.714324469
16182361.967145577
16183678.327037765
16184994.794009708
16186311.368070118
16187628.049227672
16188944.837491147
16190261.732869225
16191578.735370584
16192895.845004005
16194213.061778171
16195530.385701794
16196847.81678356
16198165.355032252
16199483.000456553
16200800.753065148
16202118.612866823
16203436.579870265
16204754.65408416
16206072.835517297
16207391.124178361
16208709.52007608
16210028.023219138
16211346.633616332
16212665.351276347
16213984.176207911
16215303.108419718
16216622.147920562
16217941.294719132
16219260.548824128
16220579.910244344
16221899.378988475
16223218.95506522
16224538.638483375
16225858.42925164
16227178.327378713
16228498.332873393
16229818.44574438
16231138.666000413
16232458.99365019
16233779.428702515
16235099.97116609
16236420.621049654
16237741.37836191
16239062.243111666
16240383.215307627
16241704.2949585
16243025.482073093
16244346.77666011
16245668.178728268
16246989.688286372
16248311.305343132
16249633.029907294
16250954.861987568
16252276.80159277
16253598.84873161
16254921.003412805
16256243.265645167
16257565.635437412
16258888.112798292
16260210.69773652
16261533.390260916
16262856.190380199
16264179.098103087
16265502.113438398
16266825.236394854
16268148.466981178
16269471.805206189
16270795.251078611
16272118.8046072
16273442.46580068
16274766.234667875
16276090.111217514
16277414.095458351
16278738.187399117
16280062.387048637
16281386.694415642
16282711.109508859
16284035.632337118
16285360.26290915
16286685.001233686
16288009.847319556
16289334.801175496
16290659.862810235
16291985.03223261
16293310.309451357
16294635.694475241
16295961.187313
16297286.787973471
16298612.49646539
16299938.312797531
16301264.236978631
16302590.269017532
16303916.408922972
16305242.656703692
16306569.012368536
16307895.475926245
16309222.047385562
16310548.726755332
16311875.5140443
16313202.409261242
16314529.412414907
16315856.52351414
16317183.742567692
16318511.069584306
16319838.504572835
16321166.047542026
16322493.698500665
16323821.457457501
16325149.324421389
16326477.299401078
16327805.382405322
16329133.573442977
16330461.872522796
16331790.279653534
16333118.794844048
16334447.418103095
16335776.149439467
16337104.988861918
16338433.936379312
16339762.992000407
16341092.155733993
16342421.427588837
16343750.807573797
16345080.295697637
16346409.89196912
16347739.59639711
16349069.408990372
16350399.32975767
16351729.358707871
16353059.495849743
16354389.741192052
16355720.094743667
16357050.556513356
16358381.126509923
16359711.804742139
16361042.591218876
16362373.485948902
16363704.488941025
16365035.600204019
16366366.819746757
16367698.147578014
16369029.583706567
16370361.12814129
16371692.78089096
16373024.541964356
16374356.411370356
16375688.389117736
16377020.475215314
16378352.669671867
16379684.972496277
16381017.383697327
16382349.903283799
16383682.531264575
16385015.26764844
16386348.112444213
16387681.065660676
16389014.12730672
16390347.29739113
16391680.575922692
16393013.962910296
16394347.458362732
16395681.062288787
16397014.774697354
16398348.595597222
16399682.52499722
16401016.562906135
16402350.709332865
16403684.964286203
16405019.327774975
16406353.799807979
16407688.38039411
16409023.069542166
16410357.867260944
16411692.773559343
16413027.788446162
16414362.911930198
16415698.144020356
16417033.484725434
16418368.934054237
16419704.492015665
16421040.158618521
16422375.933871645
16423711.817783842
16425047.810364014
16426383.91162097
16427720.12156355
16429056.440200564
16430392.867540915
16431729.403593415
16433066.048366876
16434402.801870206
16435739.664112218
16437076.635101723
16438413.714847634
16439750.903358763
16441088.20064396
16442425.606712038
16443763.121571915
16445100.745232405
16446438.477702325
16447776.318990596
16449114.269106034
16450452.32805749
16451790.495853787
16453128.772503845
16454467.158016486
16455805.652400529
16457144.2556649
16458482.967818422
16459821.788869917
16461160.718828315
16462499.757702436
16463838.905501144
16465178.162233263
16466517.527907724
16467857.002533354
16469196.586119015
16470536.278673537
16471876.080205852
16473215.990724793
16474556.010239188
16475896.138757974
16477236.376289982
16478576.722844047
16479917.178429104
16481257.743053991
16482598.416727541
16483939.199458694
16485280.091256287
16486621.092129193
16487962.20208625
16489303.421136398
16490644.749288479
16491986.186551366
16493327.732933905
16494669.388445036
16496011.153093604
16497353.026888452
16498695.009838527
16500037.101952676
16501379.30323974
16502721.613708673
16504064.033368321
16505406.562227566
16506749.200295255
16508091.947580341
16509434.804091675
16510777.769838108
16512120.84482859
16513464.029071981
16514807.322577162
16516150.725352988
16517494.237408418
16518837.858752305
16520181.589393506
16521525.429340981
16522869.378603585
16524213.437190179
16525557.605109721
16526901.882371074
16528246.26898313
16529590.76495475
16530935.3702949
16532280.085012442
16533624.909116272
16534969.842615254
16536314.885518357
16537660.037834445
16539005.299572386
16540350.670741145
16541696.151349593
16543041.741406599
16544387.440921132
16545733.24990206
16547079.168358259
16548425.196298698
16549771.333732251
16551117.580667824
16552463.93711429
16553810.403080627
16555156.978575708
16556503.663608445
16557850.45818771
16559197.362322487
16560544.376021652
16561891.499294082
16563238.73214876
16564586.074594567
16565933.526640382
16567281.088295186
16568628.759567866
16569976.540467337
16571324.431002483
16572672.43118229
16574020.541015642
16575368.760511426
16576717.08967863
16578065.52852614
16579414.077062882
16580762.735297741
16582111.503239712
16583460.38089768
16584809.36828054
16586158.465397283
16587507.672256803
16588856.988867994
16590206.41523985
16591555.951381266
16592905.59730117
16594255.353008462
16595605.218512136
16596955.193821091
16598305.278944261
16599655.473890543
16601005.778668938
16602356.193288347
16603706.717757672
16605057.352085916
16606408.096281983
16607758.950354774
16609109.914313296
16610460.988166453
16611812.171923151
16613163.4655924
16614514.869183103
16615866.382704204
16617218.00616461
16618569.739573335
16619921.582939286
16621273.536271406
16622625.599578612
16623977.772869913
16625330.056154223
16626682.449440455
16628034.952737626
16629387.566054652
16630740.289400445
16632093.122784026
16633446.066214314
16634799.119700255
16636152.283250773
16637505.556874886
16638858.940581515
16640212.434379583
16641566.03827811
16642919.752286019
16644273.576412268
16645627.510665778
16646981.55505558
16648335.709590593
16649689.974279748
16651044.349132072
16652398.834156493
16653753.429361936
16655108.134757433
16656462.950351916
16657817.876154346
16659172.912173655
16660528.058418877
16661883.314898945
16663238.681622824
16664594.15859945
16665949.745837858
16667305.443346985
16668661.251135765
16670017.169213237
16671373.19758834
16672729.33627001
16674085.58526729
16675441.94458912
16676798.414244438
16678154.994242288
16679511.684591614
16680868.48530139
16682225.396380559
16683582.41783817
16684939.549683165
16686296.791924523
16687654.144571194
16689011.607632224
16690369.18111656
16691726.865033153
16693084.659391053
16694442.56419921
16695800.579466574
16697158.705202198
16698516.941415034
16699875.288114073
16701233.745308261
16702592.313006662
16703950.991218226
16705309.77995191
16706668.679216772
16708027.689021772
16709386.809375897
16710746.040288111
16712105.38176747
16713464.83382294
16714824.396463476
16716184.069698146
16717543.853535911
16718903.747985732
16720263.753056679
16721623.868757712
16722984.095097832
16724344.432086006
16725704.879731303
16727065.438042687
16728426.107029164
16729786.8866997
16731147.777063372
16732508.778129144
16733869.889905987
16735231.112402981
16736592.445629094
16737953.8895933
16739315.444304675
16740677.109772194
16742038.886004832
16743400.77301167
16744762.77080168
16746124.879383879
16747487.098767241
16748849.428960849
16750211.869973684
16751574.421814758
16752937.084493056
16754299.858017659
16755662.74239755
16757025.737641715
16758388.843759239
16759752.060759105
16761115.3886503
16762478.827441914
16763842.377142934
16765206.037762381
16766569.809309242
16767933.691792613
16769297.68522148
16770661.789604835
16772026.004951773
16773390.331271285
16774754.7685724
16776119.316864107
16777483.97615551
16778848.746455595
16780213.627773367
16781578.62011792
16782943.72349825
16784308.93792336
16785674.26340235
16787039.69994422
16788405.247558
16789770.906252693
16791136.676037405
16792502.55692114
16793868.54891293
16795234.652021784
16796600.866256807
16797967.191627003
16799333.62814138
16800700.175809048
16802066.834639017
16803433.604640286
16804800.485821977
16806167.478193097
16807534.581762653
16808901.796539757
16810269.12253343
16811636.559752714
16813004.108206622
16814371.76790427
16815739.538854674
16817107.421066888
16818475.41454992
16819843.519312896
16821211.735364832
16822580.062714748
16823948.501371764
16825317.0513449
16826685.71264318
16828054.485275727
16829423.36925156
16830792.364579737
16832161.471269287
16833530.689329334
16834900.0187689
16836269.459597014
16837639.011822805
16839008.675455302
16840378.450503565
16841748.336976625
16843118.334883615
16844488.444233563
16845858.665035497
16847228.99729856
16848599.441031776
16849969.996244185
16851340.66294492
16852711.44114302
16854082.33084755
16855453.332067546
16856824.444812153
16858195.669090405
16859567.004911374
16860938.4522841
16862310.01121773
16863681.681721296
16865053.463803846
16866425.357474525
16867797.362742376
16869169.479616437
16870541.70810586
16871914.04821969
16873286.49996697
16874659.063356854
16876031.738398388
16877404.525100652
16878777.423472695
16880150.43352367
16881523.55526263
16882896.788698655
16884270.133840803
16885643.590698224
16887017.159279972
16888390.839595105
16889764.631652776
16891138.535462044
16892512.551031962
16893886.67837169
16895260.91749029
16896635.268396847
16898009.73110043
16899384.305610195
16900758.9919352
16902133.790084515
16903508.7000673
16904883.721892618
16906258.855569568
16907634.10110721
16909009.458514716
16910384.927801155
16911760.508975588
16913136.202047184
16914512.00702502
16915887.92391815
16917263.952735763
16918640.093486916
16920016.346180722
16921392.71082625
16922769.187432677
16924145.77600907
16925522.47656455
16926899.289108176
16928276.21364914
16929653.25019651
16931030.39875936
16932407.659346882
16933785.031968147
16935162.516632233
16936540.113348328
16937917.822125506
16939295.642972853
16940673.575899556
16942051.62091469
16943429.77802738
16944808.04724671
16946186.428581864
16947564.922041927
16948943.527636025
16950322.24537324
16951701.07526277
16953080.0173137
16954459.071535114
16955838.237936214
16957217.516526084
16958596.907313824
16959976.410308618
16961356.02551957
16962735.7529558
16964115.592626408
16965495.54454059
16966875.608707447
16968255.78513607
16969636.07383566
16971016.474815316
16972396.988084175
16973777.61365133
16975158.351525992
16976539.20171726
16977920.164234236
16979301.23908612
16980682.426282026
16982063.72583105
16983445.137742404
16984826.662025195
16986208.298688557
16987590.047741607
16988971.90919355
16990353.883053493
16991735.969330586
16993118.168033935
16994500.479172755
16995882.90275616
16997265.438793253
16998648.087293264
17000030.8482653
17001413.721718475
17002796.707662012
17004179.80610502
17005563.017056625
17006946.340526037
17008329.776522387
17009713.325054817
17011096.98613245
17012480.759764515
17013864.64596013
17015248.644728452
17016632.7560786
17018016.980019808
17019401.316561196
17020785.765711885
17022170.327481113
17023555.001878
17024939.788911678
17026324.688591372
17027709.70092622
17029094.825925376
17030480.063597977
17031865.413953256
17033250.877000343
17034636.45274837
17036022.141206577
17037407.942384094
17038793.856290095
17040179.882933713
17041566.022324186
17042952.274470653
17044338.63938225
17045725.11706822
17047111.707537703
17048498.41079984
17049885.22686387
17051272.15573894
17052659.19743422
17054046.35195886
17055433.619322103
17056820.9995331
17058208.49260102
17059596.098535012
17060983.817344334
17062371.649038125
17063759.593625538
17065147.65111582
17066535.821518127
17067924.104841605
17069312.501095507
17070701.01028899
17072089.632431205
17073478.367531408
17074867.215598755
17076256.176642433
17077645.250671595
17079034.437695507
17080423.73772332
17081813.150764234
17083202.6768274
17084592.315922085
17085982.068057448
17087371.93324265
17088761.911486957
17090152.002799526
17091542.20718953
17092932.524666227
17094322.955238786
17095713.498916406
17097104.155708253
17098494.9256236
17099885.80867161
17101276.804861452
17102667.9142024
17104059.136703625
17105450.47237433
17106841.92122369
17108233.483260974
17109625.15849536
17111016.94693602
17112408.848592233
17113800.86347317
17115192.99158801
17116585.232946035
17117977.587556418
17119370.05542838
17120762.636571083
17122155.330993827
17123548.138705786
17124941.059716173
17126334.094034173
17127727.24166907
17129120.502630048
17130513.87692629
17131907.364567094
17133300.965561632
17134694.679919094
17136088.507648773
17137482.448759858
17138876.503261533
17140270.671163097
17141664.952473734
17143059.34720267
17144453.8553591
17145848.476952318
17147243.21199152
17148638.06048593
17150033.02244474
17151428.097877257
17152823.28679267
17154218.58920018
17155614.005109087
17157009.534528587
17158405.177467883
17159800.933936276
17161196.803942967
17162592.78749716
17163988.884608153
17165385.095285155
17166781.419537403
17168177.857374135
17169574.40880456
17170971.07383798
17172367.852483608
17173764.744750645
17175161.75064841
17176558.87018611
17177956.103372946
17179353.450218245
17180750.910731208
17182148.484921053
17183546.17279709
17184943.97436854
17186341.88964461
17187739.918634623
17189138.061347794
17190536.317793373
17191934.687980607
17193333.171918724
17194731.769617036
17196130.481084768
17197529.30633114
17198928.245365474
17200327.298196994
17201726.46483492
17203125.74528858
17204525.1395672
17205924.64768
17207324.269636314
17208724.00544536
17210123.855116412
17211523.818658683
17212923.89608152
17214324.08739414
17215724.39260581
17217124.811725765
17218525.34476334
17219925.991727762
17221326.752628263
17222727.62747419
17224128.616274767
17225529.719039235
17226930.93577693
17228332.266497094
17229733.71120896
17231135.26992187
17232536.94264506
17233938.729387812
17235340.630159393
17236742.64496905
17238144.77382613
17239547.016739868
17240949.37371951
17242351.84477441
17243754.429913804
17245157.129146945
17246559.94248318
17247962.869931754
17249365.911501918
17250769.067203026
17252172.337044325
17253575.72103506
17254979.219184596
17256382.83150218
17257786.557997096
17259190.398678634
17260594.35355605
17261998.422638703
17263402.605935846
17264806.903456733
17266211.31521073
17267615.84120709
17269020.481455073
17270425.235964045
17271830.104743265
17273235.08780199
17274640.185149584
17276045.396795318
17277450.722748484
17278856.163018346
17280261.717614274
17281667.38654553
17283073.16982142
17284479.0674512
17285885.079444256
17287291.20580985
17288697.446557246
17290103.801695824
17291510.27123485
17292916.855183598
17294323.553551447
17295730.366347663
17297137.293581527
17298544.33526241
17299951.491399594
17301358.762002382
17302766.147080094
17304173.646641996
17305581.26069748
17306988.989255823
17308396.8323263
17309804.789918303
17311212.862041105
17312621.04870399
17314029.34991635
17315437.765687462
17316846.296026614
17318254.940943193
17319663.700446486
17321072.57454578
17322481.56325046
17323890.666569825
17325299.88451319
17326709.21708988
17328118.664309185
17329528.226180505
17330937.902713124
17332347.693916343
17333757.59979955
17335167.62037205
17336577.75564313
17337988.00562219
17339398.37031853
17340808.84974144
17342219.44390033
17343630.152804494
17345040.97646327
17346451.91488595
17347862.968081947
17349274.13606056
17350685.418831125
17352096.816402946
17353508.32878543
17354919.955987882
17356331.698019605
17357743.554890018
17359155.52660842
17360567.613184117
17361979.814626526
17363392.130944956
17364804.562148716
17366217.10824722
17367629.769249782
17369042.545165747
17370455.436004464
17371868.441775244
17373281.562487505
17374694.798150565
17376108.14877374
17377521.614366453
17378935.19493802
17380348.89049775
17381762.701055083
17383176.626619324
17384590.6671998
17386004.82280594
17387419.093447063
17388833.47913249
17390247.979871646
17391662.595673863
17393077.326548494
17394492.172504906
17395907.13355242
17397322.20970047
17398737.400958385
17400152.70733549
17401568.128841225
17402983.665484916
17404399.317275897
17405815.084223602
17407230.966337364
17408646.963626515
17410063.0761005
17411479.303768646
17412895.646640327
17414312.104724877
17415728.678031743
17417145.36657026
17418562.170349803
17419979.089379705
17421396.12366942
17422813.273228284
17424230.53806564
17425647.91819093
17427065.413613506
17428483.02434271
17429900.750387985
17431318.591758683
17432736.548464146
17434154.62051383
17435572.80791708
17436991.11068328
17438409.528821815
17439828.062342033
17441246.711253393
17442665.475565244
17444084.35528694
17445503.350427937
17446922.46099759
17448341.68700525
17449761.028460387
17451180.48537235
17452600.057750493
17454019.745604284
17455439.54894308
17456859.46777624
17458279.50211323
17459699.65196341
17461119.917336173
17462540.298240922
17463960.794687014
17465381.406683926
17466802.134241015
17468222.977367647
17469643.9360733
17471065.01036733
17472486.200259116
17473907.50575812
17475328.92687372
17476750.463615283
17478172.11599228
17479593.884014092
17481015.76769012
17482437.767029736
17483859.882042423
17485282.112737548
17486704.45912453
17488126.92121274
17489549.49901166
17490972.192530673
17492395.001779146
17493817.926766574
17495240.967502333
17496664.1239958
17498087.39625647
17499510.784293715
17500934.28811692
17502357.907735582
17503781.64315908
17505205.49439683
17506629.46145826
17508053.54435275
17509477.7430898
17510902.05767879
17512326.488129113
17513751.034450267
17515175.696651638
17516600.47474262
17518025.36873271
17519450.378631297
17520875.504447777
17522300.746191654
17523726.103872318
17525151.577499162
17526577.167081695
17528002.87262931
17529428.694151442
17530854.631657522
17532280.685156953
17533706.85465924
17535133.140173785
17536559.541709986
17537986.059277356
17539412.6928853
17540839.442543212
17542266.30826061
17543693.2900469
17545120.387911487
17546547.601863883
17547974.9319135
17549402.378069777
17550829.940342125
17552257.61874006
17553685.413272996
17555113.323950373
17556541.350781612
17557969.493776225
17559397.75294363
17560826.128293242
17562254.619834583
17563683.227577068
17565111.95153011
17566540.79170324
17567969.748105872
17569398.820747428
17570828.009637434
17572257.31478531
17573686.73620051
17575116.273892496
17576545.92787069
17577975.698144622
17579405.58472372
17580835.5876174
17582265.706835207
17583695.94238656
17585126.294280887
17586556.762527727
17587987.3471365
17589418.04811665
17590848.865477704
17592279.799229097
17593710.849380262
17595142.015940737
17596573.298919953
17598004.69832739
17599436.214172505
17600867.846464746
17602299.595213648
17603731.460428655
17605163.442119204
17606595.540294837
17608027.754965
17609460.08613913
17610892.533826776
17612325.098037377
17613757.778780382
17615190.576065335
17616623.489901688
17618056.520298917
17619489.66726647
17620922.930813897
17622356.31095065
17623789.807686213
17625223.42103003
17626657.150991663
17628090.99758056
17629524.960806176
17630959.040678065
17632393.237205684
17633827.550398488
17635261.98026603
17636696.526817776
17638131.190063175
17639565.970011793
17641000.866673086
17642435.880056553
17643871.01017168
17645306.25702794
17646741.620634887
17648177.101001993
17649612.69813871
17651048.412054617
17652484.242759176
17653920.19026185
17655356.25457221
17656792.43569972
17658228.733653855
17659665.148444183
17661101.680080175
17662538.328571297
17663975.093927134
17665411.976157147
17666848.97527085
17668286.091277745
17669723.32418731
17671160.674009126
17672598.140752662
17674035.7244274
17675473.42504292
17676911.2426087
17678349.177134212
17679787.228629053
17681225.39710269
17682663.682564612
17684102.085024405
17685540.604491547
17686979.24097556
17688417.99448592
17689856.865032226
17691295.85262396
17692734.95727064
17694174.17898176
17695613.517766908
17697052.97363557
17698492.54659724
17699932.23666151
17701372.04383787
17702811.968135815
17704252.00956494
17705692.168134738
17707132.443854704
17708572.836734436
17710013.346783433
17711453.97401122
17712894.718427338
17714335.580041274
17715776.558862638
17717217.65490093
17718658.868165646
17720100.198666394
17721541.646412678
17722983.211413994
17724424.893679958
17725866.693220068
17727308.61004383
17728750.644160856
17730192.79558065
17731635.064312723
17733077.450366683
17734519.953752045
17735962.574478347
17737405.312555134
17738848.16799192
17740291.140798323
17741734.230983853
17743177.438558023
17744620.76353045
17746064.205910657
17747507.765708152
17748951.442932557
17750395.237593394
17751839.149700172
17753283.179262523
17754727.326289963
17756171.590792052
17757615.9727783
17759060.472258348
17760505.089241706
17761949.823737938
17763394.67575657
17764839.645307228
17766284.73239944
17767729.93704273
17769175.259246737
17770620.699020978
17772066.256374992
17773511.931318406
17774957.723860756
17776403.63401157
17777849.661780488
17779295.807177037
17780742.070210792
17782188.450891316
17783634.94922815
17785081.565230932
17786528.298909195
17787975.15027248
17789422.119330436
17790869.206092592
17792316.41056849
17793763.73276778
17795211.1727
17796658.73037469
17798106.4058015
17799554.19898998
17801002.10994966
17802450.138690203
17803898.28522115
17805346.549552083
17806794.93169258
17808243.4316522
17809692.04944059
17811140.785067294
17812589.638541874
17814038.60987398
17815487.699073166
17816936.906148985
17818386.231111094
17819835.673969053
17821285.234732408
17822734.913410828
17824184.710013866
17825634.624551117
17827084.657032136
17828534.80746659
17829985.075864036
17831435.462234076
17832885.966586262
17834336.58893027
17835787.32927566
17837238.187631994
17838689.164008945
17840140.25841608
17841591.470862955
17843042.80135925
17844494.249914538
17845945.816538375
17847397.501240443
17848849.30403031
17850301.224917587
17851753.263911873
17853205.421022743
17854657.696259875
17856110.089632846
17857562.601151228
17859015.2308247
17860467.978662845
17861920.84467523
17863373.828871552
17864826.931261376
17866280.151854288
17867733.49065997
17869186.94768801
17870640.522947982
17872094.216449577
17873548.02820238
17875001.958216008
17876456.00650008
17877910.173064183
17879364.457918007
17880818.861071143
17882273.382533178
17883728.022313803
17885182.78042261
17886637.656869188
17888092.651663236
17889547.764814347
17891002.996332105
17892458.34622622
17893913.814506277
17895369.40118191
17896825.106262717
17898280.929758396
17899736.87167855
17901192.932032805
17902649.110830765
17904105.408082135
17905561.82379651
17907018.357983496
17908475.010652803
17909931.78181403
17911388.67147678
17912845.679650765
17914302.80634559
17915760.05157086
17917217.415336285
17918674.89765148
17920132.498526078
17921590.21796973
17923048.055992045
17924506.012602743
17925964.087811425
17927422.281627715
17928880.594061323
17930339.025121864
17931797.574818958
17933256.24316232
17934715.03016157
17936173.93582632
17937632.9601663
17939092.103191126
17940551.364910413
17942010.74533389
17943470.24447118
17944929.862331938
17946389.59892582
17947849.45426245
17949309.42835156
17950769.52120277
17952229.732825708
17953690.06323011
17955150.512425598
17956611.080421798
17958071.76722845
17959532.572855182
17960993.49731162
17962454.540607505
17963915.70275247
17965376.98375618
17966838.383628268
17968299.902378473
17969761.540016435
17971223.29655182
17972685.171994265
17974147.166353516
17975609.27963921
17977071.511860985
17978533.863028586
17979996.333151653
17981458.92223983
17982921.63030286
17984384.457350392
17985847.403392065
17987310.46843763
17988773.652496736
17990236.955579057
17991700.377694283
17993163.918852054
17994627.579062127
17996091.358334154
17997555.25667778
17999019.274102766
18000483.41061876
18001947.666235413
18003412.04096249
18004876.53480964
18006341.14778652
18007805.879902888
18009270.731168404
18010735.70159272
18012200.791185606
18013665.99995672
18015131.327915747
18016596.775072392
18018062.341436315
18019528.02701728
18020993.83182495
18022459.75586899
18023925.79915917
18025391.961705152
18026858.243516605
18028324.6446033
18029791.1649749
18031257.804641083
18032724.563611615
18034191.44189617
18035658.439504452
18037125.55644613
18038592.792730987
18040060.14836869
18041527.623368952
18042995.21774144
18044462.931495946
18045930.76464214
18047398.7171897
18048866.78914841
18050334.98052794
18051803.29133798
18053271.721588314
18054740.27128862
18056208.940448575
18057677.729077972
18059146.637186497
18060615.664783865
18062084.811879795
18063554.078483973
18065023.464606196
18066492.970256142
18067962.595443506
18069432.34017808
18070902.204469554
18072372.188327614
18073842.291762065
18075312.514782593
18076782.857398886
18078253.319620755
18079723.901457883
18081194.602919973
18082665.424016822
18084136.364758126
18085607.42515362
18087078.60521304
18088549.904946074
18090021.324362535
18091492.863472126
18092964.522284545
18094436.3008096
18095908.199056994
18097380.217036426
18098852.354757715
18100324.61223056
18101796.98946467
18103269.486469854
18104742.103255823
18106214.83983232
18107687.696209054
18109160.67239584
18110633.768402386
18112106.984238446
18113580.319913723
18115053.775438044
18116527.350821123
18118001.046072666
18119474.8612025
18120948.796220344
18122422.85113591
18123897.025959026
18125371.320699405
18126845.735366773
18128320.26997095
18129794.924521662
18131269.699028663
18132744.593501713
18134219.607950535
18135694.74238496
18137169.996814705
18138645.371249504
18140120.86569919
18141596.480173487
18143072.214682125
18144548.069234937
18146024.043841653
18147500.138512004
18148976.35325583
18150452.68808286
18151929.143002823
18153405.718025565
18154882.413160823
18156359.228418358
18157836.16380795
18159313.21933933
18160790.395022344
18162267.69086673
18163745.106882226
18165222.643078685
18166700.29946584
18168178.076053433
18169655.972851317
18171133.989869233
18172612.127116922
18174090.384604238
18175568.76234093
18177047.26033677
18178525.878601514
18180004.617145017
18181483.47597702
18182962.455107313
18184441.55454564
18185920.774301868
18187400.114385746
18188879.57480702
18190359.15557556
18191838.856701113
18193318.67819343
18194798.62006239
18196278.68231773
18197758.86496922
18199239.16802672
18200719.59149999
18202200.135398827
18203680.799733024
18205161.58451234
18206642.48974665
18208123.515445713
18209604.661619294
18211085.928277265
18212567.31542939
18214048.823085435
18215530.451255273
18217012.199948676
18218494.069175404
18219976.05894534
18221458.169268254
18222940.40015391
18224422.751612194
18225905.223652877
18227387.816285767
18228870.52952067
18230353.363367364
18231836.317835733
18233319.39293555
18234802.588676598
18236285.905068755
18237769.342121802
18239252.89984552
18240736.578249793
18242220.37734441
18243704.29713914
18245188.337643888
18246672.498868424
18248156.78082258
18249641.183516126
18251125.70695897
18252610.35116089
18254095.116131715
18255580.001881227
18257065.008419324
18258550.1357558
18260035.38390044
18261520.752863146
18263006.242653713
18264491.853281926
18265977.584757693
18267463.437090807
18268949.41029106
18270435.50436836
18271921.719332505
18273408.055193324
18274894.511960655
18276381.08964429
18277867.78825415
18279354.60780002
18280841.548291713
18282328.60973914
18283815.792152096
18285303.09554039
18286790.519913934
18288278.06528254
18289765.731656
18291253.51904424
18292741.427457064
18294229.456904285
18295717.607395813
18297205.87894147
18298694.27155109
18300182.78523453
18301671.4200016
18303160.17586222
18304649.052826207
18306138.050903376
18307627.17010365
18309116.410436846
18310605.77191278
18312095.254541382
18313584.858332466
18315074.58329586
18316564.429441486
18318054.396779165
18319544.48531876
18321034.69507009
18322525.026043095
18324015.47824759
18325506.051693443
18326996.746390477
18328487.562348627
18329978.499577723
18331469.558087595
18332960.737888176
18334452.0389893
18335943.4614008
18337435.005132608
18338926.670194566
18340418.456596505
18341910.364348367
18343402.393459983
18344894.543941233
18346386.81580198
18347879.20905207
18349371.72370145
18350864.359759953
18352357.117237423
18353849.996143807
18355342.996488947
18356836.118282687
18358329.36153498
18359822.726255663
18361316.212454587
18362809.820141707
18364303.549326863
18365797.400019906
18367291.37223079
18368785.465969373
18370279.68124553
18371774.018069148
18373268.476450082
18374763.056398295
18376257.757923633
18377752.581035953
18379247.52574522
18380742.59206129
18382237.779994007
18383733.089553352
18385228.520749178
18386724.073591337
18388219.7480898
18389715.54425443
18391211.462095123
18392707.501621738
18394203.662844248
18395699.945772517
18397196.350416444
18398692.876785893
18400189.524890836
18401686.294741146
18403183.186346684
18404680.199717432
18406177.334863257
18407674.591794025
18409171.970519718
18410669.471050207
18412167.093395364
18413664.83756517
18415162.7035695
18416660.691418264
18418158.801121376
18419657.032688703
18421155.386130244
18422653.861455865
18424152.458675448
18425651.177798986
18427150.018836353
18428648.98179743
18430148.066692214
18431647.27353058
18433146.602322415
18434646.05307771
18436145.62580635
18437645.320518225
18439145.137223326
18440645.075931538
18442145.136652794
18443645.31939701
18445145.62417408
18446646.050994005
18448146.599866673
18449647.270801976
18451148.06380992
18452648.978900395
18454150.016083293
18455651.175368626
18457152.456766285
18458653.860286165
18460155.38593828
18461657.033732522
18463158.80367883
18464660.695787102
18466162.71006735
18467664.846529473
18469167.105183415
18470669.486039072
18472171.98910646
18473674.61439549
18475177.36191606
18476680.23167819
18478183.22369179
18479686.33796676
18481189.574513126
18482692.93334079
18484196.414459668
18485700.017879784
18487203.74361104
18488707.591663398
18490211.562046796
18491715.654771157
18493219.8698465
18494724.207282748
18496228.667089812
18497733.249277722
18499237.953856397
18500742.780835755
18502247.730225828
18503752.80203653
18505257.996277794
18506763.312959645
18508268.752092004
18509774.313684803
18511279.99774807
18512785.804291736
18514291.73332576
18515797.78486011
18517303.95890471
18518810.2554696
18520316.674564715
18521823.21619998
18523329.880385436
18524836.667131018
18526343.576446656
18527850.608342398
18529357.762828175
18530865.039913923
18532372.43960969
18533879.961925413
18535387.60687107
18536895.37445659
18538403.264692027
18539911.277587328
18541419.41315246
18542927.671397373
18544436.05233212
18545944.555966634
18547453.18231087
18548961.93137488
18550470.803168613
18551979.79770201
18553488.914985135
18554998.15502793
18556507.51784035
18558017.00343245
18559526.611814182
18561036.342995536
18562546.196986504
18564056.173797034
18565566.27343719
18567076.495916933
18568586.841246214
18570097.3094351
18571607.900493547
18573118.61443152
18574629.451259077
18576140.41098619
18577651.49362281
18579162.699179012
18580674.027664762
18582185.479090013
18583697.053464852
18585208.750799235
18586720.571103163
18588232.514386646
18589744.580659647
18591256.76993224
18592769.082214404
18594281.5175161
18595794.07584741
18597306.75721831
18598819.56163876
18600332.48911886
18601845.53966857
18603358.71329787
18604872.010016847
18606385.429835476
18607898.972763766
18609412.638811696
18610926.42798936
18612440.340306737
18613954.375773836
18615468.534400642
18616982.81619725
18618497.22117364
18620011.749339793
18621526.40070581
18623041.17528167
18624556.07307736
18626071.09410298
18627586.23836851
18629101.505883947
18630616.89665939
18632132.41070482
18633648.048030272
18635163.808645774
18636679.69256131
18638195.699786995
18639711.83033282
18641228.08420877
18642744.461424965
18644260.961991392
18645777.585918054
18647294.333215054
18648811.203892395
18650328.19796007
18651845.315428197
18653362.55630678
18654879.92060581
18656397.408335406
18657915.019505575
18659432.754126355
18660950.61220779
18662468.59375988
18663986.69879275
18665504.9273164
18667023.27934085
18668541.754876208
18670060.353932492
18671579.07651971
18673097.922647983
18674616.892327327
18676135.985567752
18677655.202379387
18679174.542772245
18680694.006756376
18682213.594341803
18683733.305538647
18685253.14035693
18686773.09880671
18688293.180898003
18689813.38664094
18691333.716045547
18692854.169121843
18694374.745879967
18695895.446329933
18697416.270481776
18698937.218345627
18700458.289931513
18701979.485249463
18703500.804309614
18705022.247121997
18706543.81369668
18708065.504043724
18709587.318173163
18711109.256095145
18712631.3178197
18714153.503356855
18715675.812716767
18717198.245909467
18718720.802944988
18720243.48383348
18721766.288584985
18723289.217209533
18724812.269717284
18726335.44611827
18727858.746422537
18729382.170640238
18730905.718781415
18732429.390856147
18733953.186874516
18735477.106846567
18737001.150782462
18738525.31869224
18740049.610585954
18741574.02647376
18743098.566365715
18744623.230271857
18746148.018202357
18747672.930167265
18749197.966176633
18750723.126240626
18752248.410369296
18753773.818572737
18755299.350861005
18756825.00724427
18758350.787732583
18759876.692336045
18761402.721064713
18762928.87392876
18764455.150938243
18765981.552103225
18767508.077433884
18769034.726940278
18770561.500632472
18772088.398520645
18773615.42061486
18775142.566925183
18776669.837461796
18778197.23223476
18779724.75125419
18781252.39453019
18782780.162072826
18784308.053892285
18785836.069998637
18787364.210401956
18788892.47511243
18790420.86414013
18791949.377495132
18793478.01518763
18795006.77722769
18796535.663625393
18798064.674390934
18799593.809534393
18801123.069065847
18802652.452995487
18804181.9613334
18805711.594089705
18807241.351274516
18808771.232897926
18810301.23897013
18811831.36950121
18813361.624501258
18814892.003980473
18816422.50794894
18817953.13641675
18819483.8893941
18821014.766891092
18822545.76891781
18824076.895484462
18825608.14660114
18827139.522277977
18828671.02252506
18830202.64735261
18831734.396770716
18833266.27078951
18834798.269419096
18836330.392669685
18837862.640551377
18839395.013074268
18840927.51024858
18842460.132084403
18843992.878591854
18845525.74978114
18847058.74566237
18848591.866245646
18850125.111541193
18851658.481559113
18853191.976309553
18854725.595802657
18856259.34004854
18857793.209057424
18859327.20283942
18860861.321404632
18862395.5647633
18863929.932925526
18865464.42590143
18866999.04370124
18868533.78633507
18870068.65381304
18871603.64614538
18873138.763342205
18874674.00541364
18876209.372369915
18877744.864221152
18879280.480977513
18880816.222649153
18882352.0892462
18883888.08077889
18885424.197257344
18886960.438691698
18888496.805092182
18890033.296468932
18891569.91283207
18893106.65419184
18894643.520558376
18896180.511941805
18897717.628352374
18899254.869800214
18900792.236295495
18902329.727848355
18903867.34446904
18905405.08616769
18906942.952954475
18908480.94483953
18910019.061833113
18911557.303945363
18913095.671186414
18914634.163566526
18916172.781095836
18917711.523784492
18919250.391642746
18920789.384680744
18922328.502908632
18923867.74633667
18925407.114974998
18926946.60883381
18928486.227923285
18930025.97225358
18931565.84183495
18933105.83667755
18934645.95679153
18936186.20218716
18937726.572874587
18939267.06886397
18940807.690165576
18942348.43678956
18943889.30874608
18945430.306045406
18946971.428697694
18948512.676713105
18950054.050101914
18951595.54887428
18953137.173040405
18954678.922610484
18956220.79759468
18957762.79800328
18959304.92384644
18960847.175134327
18962389.551877223
18963932.054085292
18965474.681768708
18967017.43493775
18968560.313602585
18970103.317773387
18971646.447460443
18973189.702673923
18974733.083424035
18976276.589720957
18977820.221574977
18979363.97899627
18980907.86199505
18982451.870581493
18983996.004765894
18985540.26455843
18987084.64996928
18988629.16100874
18990173.79768699
18991718.560014214
18993263.448000707
18994808.461656652
18996353.600992236
18997898.866017755
18999444.2567434
19000989.773179397
19002535.415335964
19004081.183223296
19005627.076851696
19007173.096231356
19008719.241372462
19010265.512285322
19011811.90898013
19013358.431467082
19014905.079756483
19016451.853858534
19017998.753783423
19019545.779541466
19021092.93114286
19022640.208597805
19024187.611916613
19025735.141109485
19027282.79618666
19028830.577158377
19030378.484034844
19031926.516826373
19033474.67554317
19035022.96019544
19036571.370793507
19038119.907347575
19039668.56986785
19041217.35836466
19042766.27284821
19044315.313328713
19045864.479816493
19047413.772321764
19048963.190854777
19050512.73542574
19052062.406044986
19053612.202722736
19055162.125469234
19056712.174294703
19058262.349209473
19059812.65022376
19061363.077347793
19062913.6305919
19064464.3099663
19066015.115481216
19067566.04714699
19069117.104973845
19070668.288971998
19072219.599151798
19073771.035523467
19075322.59809727
19076874.28688347
19078426.101892296
19079978.0431341
19081530.110619105
19083082.304357547
19084634.624359768
19086187.070636
19087739.64319648
19089292.34205156
19090845.167211466
19092398.118686438
19093951.196486834
19095504.400622886
19097057.73110483
19098611.187943026
19100164.77114771
19101718.480729166
19103272.31669767
19104826.279063463
19106380.367836908
19107934.58302825
19109488.924647726
19111043.39270571
19112597.987212438
19114152.70817816
19115707.555613242
19117262.529527932
19118817.62993248
19120372.856837254
19121928.210252505
19123483.690188523
19125039.29665556
19126595.02966399
19128150.889224064
19129706.87534608
19131262.988040287
19132819.22731707
19134375.593186677
19135932.085659374
19137488.70474553
19139045.450455412
19140602.32279928
19142159.321787514
19143716.447430372
19145273.699738123
19146831.078721143
19148388.584389705
19149946.21675411
19151503.97582466
19153061.86161163
19154619.874125402
19156178.013376247
19157736.279374436
19159294.672130357
19160853.19165428
19162411.83795648
19163970.611047346
19165529.510937158
19167088.537636183
19168647.691154823
19170206.97150335
19171766.378692042
19173325.912731297
19174885.573631395
19176445.36140265
19178005.27605539
19179565.317599893
19181125.48604656
19182685.781405672
19184246.20368752
19185806.752902504
19187367.429060906
19188928.23217302
19190489.162249245
19192050.219299875
19193611.403335195
19195172.714365616
19196734.152401432
19198295.71745297
19199857.40953052
19201419.2286445
19202981.1748052
19204543.248022962
19206105.448308073
19207667.77567095
19209230.230121896
19210792.811671205
19212355.520329293
19213918.356106468
19215481.319013022
19217044.409059383
19218607.626255848
19220170.970612723
19221734.44214043
19223298.04084928
19224861.76674961
19226425.619851768
19227989.600166067
19229553.70770293
19231117.942472667
19232682.30448559
19234246.793752126
19235811.41028259
19237376.154087294
19238941.025176667
19240506.023561027
19242071.149250686
19243636.402256083
19245201.782587536
19246767.290255357
19248332.925269984
19249898.68764174
19251464.577380985
19253030.594498076
19254596.739003338
19256163.010907214
19257729.410220023
19259295.936952095
19260862.59111387
19262429.372715674
19263996.281767838
19265563.318280805
19267130.482264906
19268697.77373047
19270265.192687944
19271832.739147663
19273400.413119994
19274968.214615278
19276536.143643957
19278104.200216375
19279672.3843429
19281240.696033873
19282809.13529975
19284377.702150863
19285946.396597557
19287515.218650293
19289084.168319404
19290653.245615233
19292222.450548247
19293791.78312878
19295361.243367184
19296930.83127392
19298500.54685933
19300070.390133806
19301640.361107733
19303210.459791455
19304780.686195444
19306351.040330052
19307921.52220562
19309492.131832633
19311062.86922143
19312633.73438237
19314204.727325927
19315775.848062452
19317347.096602306
19318918.472955957
19320489.97713377
19322061.6091461
19323633.369003426
19325205.256716106
19326777.27229454
19328349.415749133
19329921.687090244
19331494.086328357
19333066.613473836
19334639.26853705
19336212.051528472
19337784.96245848
19339358.00133744
19340931.16817583
19342504.462984033
19344077.885772415
19345651.43655146
19347225.11533154
19348798.922123075
19350372.856936432
19351946.919782106
19353521.110670473
19355095.42961195
19356669.87661691
19358244.451695852
19359819.154859155
19361393.9861172
19362968.94548048
19364544.032959383
19366119.248564284
19367694.592305694
19369270.06419399
19370845.664239556
19372421.3924529
19373997.248844404
19375573.2334245
19377149.34620361
19378725.587192126
19380301.95640056
19381878.453839295
19383455.079518724
19385031.83344936
19386608.7156416
19388185.72610583
19389762.86485257
19391340.13189221
19392917.52723515
19394495.050891906
19396072.702872876
19397650.483188458
19399228.391849168
19400806.428865414
19402384.59424763
19403962.888006262
19405541.31015171
19407119.8606945
19408698.53964504
19410277.347013727
19411856.282811094
19413435.34704754
19415014.539733484
19416593.860879447
19418173.310495842
19419752.888593078
19421332.595181685
19422912.43027208
19424492.39387471
19426072.48599999
19427652.70665846
19429233.05586053
19430813.53361666
19432394.139937263
19433974.874832883
19435555.738313936
19437136.73039084
19438717.851074137
19440299.100374248
19441880.478301596
19443461.984866727
19445043.62008006
19446625.383952025
19448207.276493162
19449789.2977139
19451371.447624713
19452953.72623606
19454536.133558374
19456118.669602204
19457701.334377985
19459284.127896145
19460867.050167233
19462450.10120169
19464033.281009946
19465616.58960256
19467200.02698996
19468783.59318259
19470367.288191006
19471951.11202565
19473535.06469695
19475119.14621548
19476703.35659167
19478287.69583601
19479872.163958978
19481456.76097102
19483041.4868827
19484626.341704465
19486211.325446762
19487796.43812015
19489381.679735087
19490967.050302014
19492552.549831506
19494138.17833401
19495723.93581998
19497309.822299987
19498895.837784484
19500481.982283965
19502068.255808886
19503654.65836982
19505241.189977225
19506827.8506416
19508414.6403734
19510001.559183206
19511588.60708148
19513175.784078676
19514763.09018538
19516350.525412057
19517938.089769166
19519525.783267293
19521113.605916902
19522701.557728462
19524289.638712555
19525877.848879654
19527466.18824026
19529054.65680489
19530643.254584007
19532231.981588207
19533820.837827962
19535409.823313743
19536998.938056145
19538588.18206564
19540177.555352706
19541767.057927936
19543356.68980181
19544946.450984802
19546536.341487516
19548126.36132043
19549716.51049402
19551306.78901889
19552897.196905527
19554487.734164447
19556078.400806177
19557669.1968412
19559260.12228012
19560851.177133434
19562442.361411616
19564033.67512528
19565625.118284915
19567216.690901008
19568808.392984174
19570400.2245449
19571992.185593683
19573584.276141137
19575176.49619775
19576768.84577406
19578361.324880563
19579953.933527876
19581546.6717265
19583139.539486963
19584732.536819775
19586325.66373555
19587918.920244794
19589512.306358002
19591105.8220858
19592699.467438698
19594293.24242719
19595887.147061907
19597481.181353353
19599075.345312037
19600669.638948586
19602264.062273506
19603858.61529735
19605453.298030667
19607048.110483967
19608643.052667886
19610238.124592934
19611833.326269627
19613428.657708596
19615024.118920356
19616619.70991543
19618215.430704452
19619811.281297937
19621407.261706408
19623003.371940505
19624599.612010743
19626195.98192765
19627792.481701866
19629389.111343913
19630985.870864358
19632582.760273762
19634179.779582657
19635776.928801686
19637374.207941372
19638971.61701225
19640569.15602497
19642166.82499006
19643764.623918045
19645362.552819587
19646960.611705214
19648558.80058546
19650157.119470976
19651755.568372305
19653354.147300016
19654952.856264647
19656551.695276864
19658150.664347194
19659749.76348622
19661348.992704492
19662948.35201266
19664547.84142127
19666147.460940864
19667747.21058211
19669347.09035555
19670947.100271724
19672547.24034131
19674147.510574847
19675747.910982884
19677348.441576097
19678949.102365028
19680549.89336027
19682150.814572413
19683751.866012014
19685353.047689743
19686954.35961616
19688555.801801812
19690157.37425738
19691759.076993417
19693360.91002048
19694962.873349257
19696564.9669903
19698167.190954167
19699769.545251545
19701372.029892996
19702974.644889075
19704577.390250474
19706180.265987754
19707783.272111524
19709386.408632386
19710989.675560907
19712593.07290778
19714196.600683566
19715800.258898843
19717404.047564298
19719007.966690503
19720612.01628803
19722216.196367573
19723820.506939705
19725424.948015
19727029.519604158
19728634.22171775
19730239.0543664
19731844.017560676
19733449.11131129
19735054.335628815
19736659.690523874
19738265.176007047
19739870.792089038
19741476.538780432
19743082.41609181
19744688.42403388
19746294.56261723
19747900.831852444
19749507.231750228
19751113.762321174
19752720.42357587
19754327.21552503
19755934.138179243
19757541.19154914
19759148.375645358
19760755.690478485
19762363.13605924
19763970.712398216
19765578.419506013
19767186.25739335
19768794.226070818
19770402.325549018
19772010.555838678
19773618.91695039
19775227.40889476
19776836.03168251
19778444.785324242
19780053.66983056
19781662.68521219
19783271.831479743
19784881.10864386
19786490.51671519
19788100.055704344
19789709.72562205
19791319.526478916
19792929.458285555
19794539.521052703
19796149.71479097
19797760.039510965
19799370.49522343
19800981.08193898
19802591.799668226
19804202.64842191
19805813.62821065
19807424.739045102
19809035.98093589
19810647.353893753
19812258.85792931
19813870.49305323
19815482.259276133
19817094.15660876
19818706.18506174
19820318.344645698
19821930.635371383
19823543.05724942
19825155.610290438
19826768.294505186
19828381.109904297
19829994.056498397
19831607.134298243
19833220.34331447
19834833.683557745
19836447.155038748
19838060.757768113
19839674.491756596
19841288.35701483
19842902.353553463
19844516.481383245
19846130.740514826
19847745.130958833
19849359.65272604
19850974.30582708
19852589.090272605
19854204.006073378
19855819.053240035
19857434.231783234
19859049.541713733
19860664.983042184
19862280.555779275
19863896.259935692
19865512.09552209
19867128.06254924
19868744.161027797
19870360.390968405
19871976.752381843
19873593.245278765
19875209.869669825
19876826.625565805
19878443.512977358
19880060.53191514
19881677.682389937
19883294.964412402
19884912.37799324
19886529.923143107
19888147.599872794
19889765.408192962
19891383.34811431
19893001.419647507
19894619.62280334
19896237.957592472
19897856.424025577
19899475.02211344
19901093.751866724
19902712.61329611
19904331.606412385
19905950.73122622
19907569.98774829
19909189.37598939
19910808.89596019
19912428.54767141
19914048.331133764
19915668.24635793
19917288.293354705
19918908.472134773
19920528.782708805
19922149.22508761
19923769.79928187
19925390.505302258
19927011.343159586
19928632.31286454
19930253.4144278
19931874.64786017
19933496.013172343
19935117.510375004
19936739.13947896
19938360.900494903
19939982.793433566
19941604.818305675
19943226.975121927
19944849.263893127
19946471.684629977
19948094.23734317
19949716.92204352
19951339.738741726
19952962.68744848
19954585.768174607
19956208.9809308
19957832.32572777
19959455.802576322
19961079.41148717
19962703.15247105
19964327.025538668
19965951.030700848
19967575.1679683
19969199.437351763
19970823.838861946
19972448.372509677
19974073.03830567
19975697.836260624
19977322.76638538
19978947.828690644
19980573.02318713
19982198.349885672
19983823.80879698
19985449.399931774
19987075.123300884
19988700.978915032
19990326.966784973
19991953.08692147
19993579.33933523
19995205.724037103
19996832.241037812
19998458.890348073
20000085.67197873
20001712.58594051
20003339.632244132
20004966.810900446
20006594.12192018
20008221.565314054
20009849.14109292
20011476.84926751
20013104.689848546
20014732.662846886
20016360.768273257
20017989.006138433
20019617.37645319
20021245.879228257
20022874.514474493
20024503.282202635
20026132.182423413
20027761.21514769
20029390.380386204
20031019.678149693
20032649.10844902
20034278.671294924
20035908.366698146
20037538.194669552
20039168.155219886
20040798.24835993
20042428.474100426
20044058.83245225
20045689.323426142
20047319.94703289
20048950.70328325
20050581.592188083
20052212.613758147
20053843.76800419
20055475.054937087
20057106.47456759
20058738.02690645
20060369.711964548
20062001.52975264
20063633.480281472
20065265.56356194
20066897.779604785
20068530.12842082
20070162.61002084
20071795.224415604
20073427.971616
20075060.851632785
20076693.864476725
20078327.010158706
20079960.288689498
20081593.70007986
20083227.24434068
20084860.921482734
20086494.731516782
20088128.674453724
20089762.750304323
20091396.95907935
20093031.300789703
20094665.775446154
20096300.38305952
20097935.12364061
20099569.997200206
20101205.003749207
20102840.143298384
20104475.415858515
20106110.82144051
20107746.36005514
20109382.031713195
20111017.83642557
20112653.77420305
20114289.845056422
20115926.04899659
20117562.38603434
20119198.8561805
20120835.459445853
20122472.195841312
20124109.065377664
20125746.068065744
20127383.203916337
20129020.47294036
20130657.8751486
20132295.41055186
20133933.079161048
20135570.880986962
20137208.816040397
20138846.884332273
20140485.085873388
20142123.42067454
20143761.888746645
20145400.490100514
20147039.22474698
20148678.09269689
20150317.093961045
20151956.22855037
20153595.496475674
20155234.89774776
20156874.432377554
20158514.100375865
20160153.901753504
20161793.836521402
20163433.904690363
20165074.106271204
20166714.441274855
20168354.909712132
20169995.51159385
20171636.24693094
20173277.115734216
20174918.11801454
20176559.25378277
20178200.523049723
20179841.925826337
20181483.462123435
20183125.131951835
20184766.935322486
20186408.872246202
20188050.94273381
20189693.14679626
20191335.484444372
20192977.955688972
20194620.56054101
20196263.29901132
20197906.17111076
20199549.176850162
20201192.316240486
20202835.58929256
20204478.99601725
20206122.536425397
20207766.21052795
20209410.018335752
20211053.959859632
20212698.035110552
20214342.244099345
20215986.586836856
20217631.06333404
20219275.67360174
20220920.417650796
20222565.295492176
20224210.307136714
20225855.452595305
20227500.731878825
20229146.144998122
20230791.691964168
20232437.372787807
20234083.187479887
20235729.13605138
20237375.21851313
20239021.434876
20240667.78515095
20242314.26934884
20243960.887480523
20245607.639556978
20247254.525589053
20248901.545587607
20250548.69956362
20252195.987527948
20253843.409491494
20255490.965465154
20257138.655459788
20258786.479486383
20260434.4375558
20262082.529678904
20263730.755866677
20265379.116129983
20267027.610479694
20268676.23892679
20270325.001482148
20271973.89815663
20273622.928961232
20275272.09390682
20276921.393004306
20278570.82626456
20280220.393698584
20281870.09531725
20283519.931131467
20285169.90115211
20286820.00539019
20288470.243856575
20290120.616562143
20291771.123517893
20293421.76473471
20295072.540223476
20296723.449995194
20298374.49406074
20300025.672431003
20301676.98511699
20303328.432129584
20304980.013479713
20306631.729178302
20308283.579236243
20309935.563664544
20311587.6824741
20313239.935675792
20314892.323280644
20316544.845299542
20318197.501743376
20319850.292623173
20321503.21794982
20323156.277734216
20324809.471987378
20326462.800720204
20328116.26394359
20329769.861668564
20331423.593906026
20333077.460666914
20334731.461962167
20336385.5978027
20338039.868199524
20339694.273163557
20341348.8127057
20343003.486836977
20344658.295568302
20346313.238910582
20347968.316874847
20349623.52947201
20351278.876712978
20352934.358608786
20354589.975170348
20356245.726408616
20357901.61233451
20359557.632959064
20361213.788293194
20362870.078347858
20364526.503133975
20366183.062662587
20367839.75694461
20369496.58599097
20371153.54981271
20372810.64842075
20374467.881826017
20376125.25003955
20377782.753072288
20379440.39093514
20381098.163639173
20382756.0711953
20384414.113614503
20386072.29090774
20387730.60308595
20389389.050160185
20391047.632141378
20392706.34904046
20394365.20086849
20396024.1876364
20397683.30935513
20399342.566035736
20401001.95768916
20402661.484326333
20404321.145958323
20405980.942596067
20407640.87425051
20409300.940932713
20410961.142653625
20412621.479424223
20414281.951255497
20415942.55815839
20417603.300143976
20419264.177223198
20420925.189407006
20422586.33670647
20424247.619132545
20425909.036696177
20427570.589408442
20429232.277280293
20430894.100322686
20432556.058546696
20434218.15196328
20435880.380583428
20437542.744418107
20439205.243478395
20440867.877775252
20442530.647319674
20444193.552122626
20445856.592195194
20447519.767548338
20449183.078193016
20450846.52414033
20452510.10540123
20454173.821986686
20455837.673907794
20457501.66117552
20459165.783800825
20460830.041794814
20462494.43516845
20464158.963932745
20465823.628098715
20467488.427677333
20469153.362679698
20470818.43311678
20472483.63899956
20474148.980339132
20475814.45714648
20477480.06943258
20479145.817208536
20480811.700485326
20482477.719273932
20484143.87358546
20485810.163430896
20487476.588821217
20489143.149767537
20490809.84628084
20492476.678372152
20494143.646052506
20495810.749332882
20497477.988224406
20499145.362738058
20500812.87288483
20502480.518675838
20504148.30012208
20505816.21723454
20507484.270024348
20509152.45850249
20510820.782679964
20512489.242567897
20514157.838177282
20515826.56951916
20517495.43660453
20519164.439444516
20520833.578050125
20522502.852432396
20524172.262602337
20525841.80857107
20527511.490349602
20529181.307948943
20530851.26138022
20532521.350654446
20534191.575782627
20535861.936775893
20537532.43364526
20539203.066401735
20540873.83505646
20542544.739620447
20544215.780104745
20545886.95652042
20547558.26887848
20549229.717190072
20550901.301466208
20552573.021717913
20554244.877956327
20555916.870192472
20557588.998437367
20559261.26270216
20560933.662997875
20562606.199335538
20564278.871726293
20565951.680181168
20567624.62471119
20569297.705327515
20570970.922041163
20572644.27486321
20574317.76380473
20575991.38887675
20577665.15009043
20579339.047456797
20581013.08098689
20582687.250691872
20584361.55658277
20586035.998670626
20587710.5769666
20589385.29148173
20591060.142227057
20592735.129213747
20594410.252452835
20596085.511955414
20597760.907732517
20599436.43979532
20601112.108154863
20602787.91282223
20604463.853808478
20606139.931124773
20607816.14478216
20609492.494791694
20611168.981164545
20612845.60391177
20614522.363044415
20616199.25857366
20617876.290510554
20619553.45886616
20621230.76365165
20622908.204878088
20624585.782556567
20626263.496698193
20627941.347314015
20629619.334415227
20631297.458012886
20632975.718118053
20634654.114741918
20636332.647895545
20638011.31758999
20639690.123836458
20641369.066646002
20643048.146029696
20644727.36199873
20646406.714564174
20648086.2037371
20649765.8295287
20651445.591950048
20653125.491012257
20654805.526726443
20656485.69910368
20658166.008155167
20659846.45389198
20661527.0363252
20663207.755466025
20664888.61132554
20666569.60391482
20668250.733245067
20669931.999327373
20671613.40217281
20673294.941792592
20674976.618197806
20676658.431399573
20678340.38140898
20680022.46823724
20681704.691895444
20683387.052394718
20685069.549746152
20686752.183960963
20688434.955050245
20690117.863025088
20691800.90789671
20693484.0896762
20695167.408374663
20696850.86400332
20698534.45657326
20700218.18609558
20701902.052581515
20703586.056042157
20705270.196488645
20706954.473932132
20708638.888383713
20710323.439854614
20712008.12835595
20713692.953898814
20715377.916494444
20717063.016153947
20718748.25288843
20720433.626709122
20722119.13762714
20723804.78565359
20725490.570799712
20727176.493076615
20728862.552495413
20730548.749067344
20732235.08280353
20733921.553715117
20735608.161813274
20737294.90710911
20738981.78961388
20740668.809338693
20742355.966294676
20744043.26049307
20745730.691945
20747418.260661595
20749105.966654096
20750793.809933633
20752481.790511325
20754169.908398435
20755858.16360608
20757546.556145437
20759235.086027633
20760923.753263924
20762612.557865445
20764301.499843366
20765990.579208817
20767679.795973066
20769369.15014724
20771058.64174248
20772748.270770047
20774438.037241075
20776127.941166706
20777817.982558206
20779508.161426716
20781198.47778337
20782888.931639444
20784579.523006078
20786270.25189446
20787961.11831577
20789652.12228116
20791343.263801903
20793034.54288914
20794725.959554028
20796417.513807837
20798109.205661718
20799801.03512682
20801493.002214424
20803185.106935684
20804877.34930175
20806569.72932391
20808262.247013308
20809954.90238111
20811647.695438597
20813340.62619693
20815033.694667302
20816726.900860924
20818420.244788952
20820113.726462677
20821807.345893264
20823501.10309187
20825194.99806979
20826889.030838188
20828583.201408233
20830277.509791218
20831971.95599831
20833666.54004068
20835361.261929624
20837056.12167631
20838751.119291957
20840446.254787732
20842141.528174944
20843836.93946476
20845532.4886684
20847228.17579704
20848924.000861984
20850619.963874415
20852316.064845502
20854012.30378656
20855708.68070877
20857405.195623312
20859101.84854149
20860798.6394745
20862495.568433512
20864192.63542985
20865889.840474695
20867587.18357928
20869284.66475483
20870982.28401254
20872680.041363724
20874377.936819572
20876075.970391277
20877774.14209016
20879472.451927416
20881170.89991423
20882869.486061938
20884568.210381728
20886267.0728848
20887966.073582478
20889665.21248596
20891364.48960645
20893063.904955275
20894763.458543636
20896463.150382776
20898162.980483945
20899862.948858343
20901563.055517305
20903263.30047204
20904963.68373375
20906664.205313776
20908364.865223322
20910065.663473602
20911766.600075953
20913467.675041586
20915168.888381716
20916870.24010768
20918571.730230696
20920273.358762022
20921975.12571287
20923677.031094592
20925379.074918404
20927081.257195562
20928783.57793729
20930486.03715494
20932188.634859726
20933891.371062875
20935594.24577574
20937297.259009544
20939000.410775512
20940703.701084998
20942407.12994923
20944110.697379436
20945814.403386977
20947518.247983072
20949222.231179006
20950926.352986045
20952630.61341543
20954335.012478516
20956039.55018654
20957744.226550736
20959449.041582473
20961153.99529298
20962859.0876935
20964564.318795405
20966269.688609928
20967975.197148312
20969680.844421927
20971386.630442016
20973092.55521982
20974798.618766718
20976504.82109395
20978211.162212808
20979917.642134577
20981624.260870513
20983331.018431988
20985037.914830256
20986744.95007656
20988452.12418229
20990159.437158696
20991866.889017027
20993574.47976867
20995282.209424883
20996990.077996917
20998698.085496157
21000406.231933866
21002114.517321344
21003822.941669855
21005531.50499078
21007240.207295388
21008949.04859498
21010658.028900824
21012367.148224313
21014076.406576708
21015785.803969283
21017495.340413425
21019205.015920408
21020914.8305015
21022624.784168098
21024334.876931477
21026045.108802907
21027755.479793787
21029465.989915397
21031176.639179047
21032887.427596062
21034598.355177715
21036309.421935417
21038020.62788044
21039731.973024063
21041443.457377702
21043155.080952633
21044866.843760137
21046578.74581163
21048290.787118394
21050002.967691712
21051715.287543003
21053427.74668355
21055140.34512464
21056853.082877696
21058565.959953997
21060278.97636489
21061992.132121697
21063705.427235715
21065418.861718368
21067132.435580947
21068846.14883475
21070560.001491196
21072273.99356159
21073988.12505722
21075702.395989522
21077416.806369793
21079131.35620933
21080846.04551957
21082560.87431181
21084275.8425974
21085990.950387634
21087706.197693963
21089421.58452768
21091137.110900138
21092852.776822645
21094568.58230664
21096284.52736343
21098000.612004332
21099716.83624078
21101433.20008409
21103149.70354557
21104866.34663667
21106583.129368704
21108300.051752985
21110017.11380096
21111734.31552395
21113451.65693331
21115169.138040412
21116886.758856572
21118604.51939324
21120322.419661738
21122040.45967339
21123758.639439654
21125476.958971847
21127195.4182813
21128914.017379478
21130632.75627769
21132351.634987283
21134070.653519705
21135789.811886292
21137509.110098377
21139228.548167415
21140948.126104746
21142667.843921743
21144387.70162979
21146107.69924022
21147827.8367645
21149548.114213966
21151268.53159996
21152989.088933952
21154709.786227282
21156430.623491295
21158151.600737456
21159872.717977114
21161593.97522161
21163315.372482426
21165036.909770902
21166758.58709843
21168480.40447636
21170202.36191617
21171924.45942921
21173646.69702687
21175369.07472051
21177091.592521608
21178814.25044152
21180537.0484916
21182259.98668333
21183983.065028075
21185706.283537183
21187429.642222147
21189153.141094327
21190876.78016508
21192600.5594459
21194324.47894815
21196048.538683232
21197772.73866256
21199497.07889749
21201221.559399523
21202946.180180028
21204670.94125037
21206395.842622045
21208120.884306427
21209846.066314887
21211571.388658922
21213296.851349905
21215022.45439921
21216748.197818343
21218474.081618678
21220200.105811592
21221926.27040859
21223652.57542105
21225379.020860393
21227105.606738046
21228832.333065387
21230559.19985393
21232286.207115054
21234013.354860146
21235740.643100716
21237468.071848154
21239195.641113844
21240923.3509093
21242651.201245915
21244379.192135077
21246107.323588308
21247835.595616993
21249564.00823257
21251292.561446432
21253021.255270105
21254750.08971498
21256479.0647925
21258208.180514056
21259937.43689118
21261666.83393527
21263396.371657718
21265126.050070066
21266855.869183708
21268585.829010043
21270315.929560613
21272046.170846816
21273776.552880056
21275507.075671874
21277237.739233673
21278968.543576904
21280699.48871302
21282430.574653428
21284161.801409673
21285893.16899316
21287624.677415308
21289356.326687656
21291088.11682162
21292820.047828615
21294552.119720187
21296284.332507752
21298016.68620273
21299749.180816665
21301481.816360984
21303214.5928471
21304947.510286573
21306680.568690818
21308413.768071305
21310147.1084395
21311880.589806832
21313614.212184858
21315347.975585
21317081.880018685
21318815.92549748
21320550.112032812
21322284.439636108
21324018.908318933
21325753.518092718
21327488.2689689
21329223.160959043
21330958.19407458
21332693.36832699
21334428.683727715
21336164.140288323
21337899.738020252
21339635.476934984
21341371.35704396
21343107.378358755
21344843.54089081
21346579.844651572
21348316.289652612
21350052.87590538
21351789.603421316
21353526.472212005
21355263.482288893
21357000.63366343
21358737.926347196
21360475.360351644
21362212.93568827
21363950.652368564
21365688.51040399
21367426.509806126
21369164.650586434
21370902.932756364
21372641.35632751
21374379.921311334
21376118.627719287
21377857.475562964
21379596.464853827
21381335.595603336
21383074.86782309
21384814.28152455
21386553.836719185
21388293.533418585
21390033.371634223
21391773.35137761
21393513.47266026
21395253.735493634
21396994.139889345
21398734.685858857
21400475.37341365
21402216.20256532
21403957.173325345
21405698.285705205
21407439.539716505
21409180.935370717
21410922.47267933
21412664.15165394
21414405.972306043
21416147.93464715
21417890.038688753
21419632.28444246
21421374.671919756
21423117.20113217
21424859.872091193
21426602.684808437
21428345.639295388
21430088.73556354
21431831.97362451
21433575.353489786
21435318.875170868
21437062.538679373
21438806.344026797
21440550.29122463
21442294.380284503
21444038.61121791
21445782.98403639
21447527.49875149
21449272.155374706
21451016.953917667
21452761.894391876
21454506.976808835
21456252.201180175
21457997.567517404
21459743.075832024
21461488.72613567
21463234.51843985
21464980.452756073
21466726.529095978
21468472.747471076
21470219.107892867
21471965.610373005
21473712.254923
21475459.041554403
21477205.970278777
21478953.041107636
21480700.254052624
21482447.60912526
21484195.106337063
21485942.74569968
21487690.527224634
21489438.450923443
21491186.51680776
21492934.724889107
21494683.075179007
21496431.567689117
21498180.202430964
21499928.979416113
21501677.898656093
21503426.960162565
21505176.163947057
21506925.510021143
21508674.998396352
21510424.62908435
21512174.402096666
21513924.317444835
21515674.375140525
21517424.57519527
21519174.917620607
21520925.402428206
21522676.0296296
21524426.799236335
21526177.711260077
21527928.765712373
21529679.962604802
21531431.301948957
21533182.78375638
21534934.408038743
21536686.1748076
21538438.08407449
21540190.1358511
21541942.33014897
21543694.666979656
21545447.14635484
21547199.768286068
21548952.532784898
21550705.43986301
21552458.489531964
21554211.681803312
21555965.01668874
21557718.49419981
21559472.11434812
21561225.877145275
21562979.78260283
21564733.830732487
21566488.0215458
21568242.355054334
21569996.831269786
21571751.450203717
21573506.211867698
21575261.11627342
21577016.163432457
21578771.353356376
21580526.686056875
21582282.161545526
21584037.779833943
21585793.540933702
21587549.444856506
21589305.49161393
21591061.681217585
21592818.013679057
21594574.48901005
21596331.107222147
21598087.86832692
21599844.772336084
21601601.819261216
21603359.009113904
21605116.34190586
21606873.81764866
21608631.4363539
21610389.19803329
21612147.10269842
21613905.15036092
21615663.34103242
21617421.67472451
21619180.151448917
21620938.771217223
21622697.53404103
21624456.439932056
21626215.488901895
21627974.680962145
21629734.01612453
21631493.49440065
21633253.1158021
21635012.880340617
21636772.788027793
21638532.83887523
21640293.032894664
21642053.370097697
21643813.85049597
21645574.474101145
21647335.240924813
21649096.150978718
21650857.204274468
21652618.40082367
21654379.740638066
21656141.223729264
21657902.850108877
21659664.619788647
21661426.532780185
21663188.589095112
21664950.78874517
21666713.13174197
21668475.61809718
21670238.247822415
21672001.020929422
21673763.937429827
21675526.997335292
21677290.200657435
21679053.547408015
21680817.03759865
21682580.67124097
21684344.448346727
21686108.368927553
21687872.432995066
21689636.640561037
21691400.991637085
21693165.486234847
21694930.124366082
21696694.906042423
21698459.831275545
21700224.900077127
21701990.112458806
21703755.468432344
21705520.968009386
21707286.611201562
21709052.398020644
21710818.328478273
21712584.402586088
21714350.620355863
21716116.981799237
21717883.48692786
21719650.135753505
21721416.928287815
21723183.864542436
21724950.94452915
21726718.168259602
21728485.535745487
21730253.0469985
21732020.702030286
21733788.500852637
21735556.4434772
21737324.529915627
21739092.76017971
21740861.134281103
21742629.65223146
21744398.314042572
21746167.119726095
21747936.069293696
21749705.16275716
21751474.40012815
21753243.781418372
21755013.30663949
21756782.975803297
21758552.788921464
21760322.7460057
21762092.847067665
21763863.09211917
21765633.481171872
21767404.01423745
21769174.6913277
21770945.512454297
21772716.477628917
21774487.58686336
21776258.840169303
21778030.237558424
21779801.779042527
21781573.46463329
21783345.29434244
21785117.268181693
21786889.386162736
21788661.64829738
21790434.054597307
21792206.6050742
21793979.299739875
21795752.13860602
21797525.121684313
21799298.248986583
21801071.520524513
21802844.93630979
21804618.496354237
21806392.20066955
21808166.049267415
21809940.042159658
21811714.179357972
21813488.4608741
21815262.886719774
21817037.4569067
21818812.171446696
21820587.03035147
21822362.033632718
21824137.181302276
21825912.473371837
21827687.90985311
21829463.490757927
21831239.216097996
21833015.085885018
21834791.10013083
21836567.258847147
21838343.562045712
21840120.00973824
21841896.60193657
21843673.338652413
21845450.219897527
21847227.24568362
21849004.416022543
21850781.73092601
21852559.190405734
21854336.794473562
21856114.54314122
21857892.436420415
21859670.47432301
21861448.656860717
21863226.98404526
21865005.45588849
21866784.072402142
21868562.83359797
21870341.739487752
21872120.79008321
21873899.985396206
21875679.32543847
21877458.81022172
21879238.43975783
21881018.21405853
21882798.133135546
21884578.197000746
21886358.405665863
21888138.75914263
21889919.25744292
21891699.900578465
21893480.688561007
21895261.621402413
21897042.699114423
21898823.921708822
21900605.289197396
21902386.801591888
21904168.458904173
21905950.261145994
21907732.208329096
21909514.30046536
21911296.53756653
21913078.91964436
21914861.446710724
21916644.11877738
21918426.93585607
21920209.897958685
21921993.005096976
21923776.257282738
21925559.654527728
21927343.196843836
21929126.884242818
21930910.716736477
21932694.694336567
21934478.817054983
21936263.084903486
21938047.497893833
21939832.05603793
21941616.75934753
21943401.607834395
21945186.601510435
21946971.740387406
21948757.024477083
21950542.45379136
21952328.02834201
21954113.748140845
21955899.61319968
21957685.62353029
21959471.77914458
21961258.080054324
21963044.526271295
21964831.1178074
21966617.854674418
21968404.73688413
21970191.76444844
21971978.937379137
21973766.255687993
21975553.719386928
21977341.328487724
21979129.08300216
21980916.982942156
21982705.0283195
21984493.21914602
21986281.55543355
21988070.037193872
21989858.664438915
21991647.437180467
21993436.355430316
21995225.41920039
21997014.628502484
21998803.98334839
22000593.483750034
22002383.129719216
22004172.92126773
22005962.85840751
22007752.94115035
22009543.169508092
22011333.54349255
22013124.06311564
22014914.728389185
22016705.539325017
22018496.49593495
22020287.598230913
22022078.846224725
22023870.239928182
22025661.779353235
22027453.464511685
22029245.29541535
22031037.272076167
22032829.394505955
22034621.662716523
22036414.076719817
22038206.636527658
22039999.342151903
22041792.193604413
22043585.19089701
22045378.33404164
22047171.623050127
22048965.057934288
22050758.638706084
22052552.365377337
22054346.237959865
22056140.256465632
22057934.42090646
22059728.731294177
22061523.187640745
22063317.789957993
22065112.538257748
22066907.432551976
22068702.47285251
22070497.659171224
22072292.991519995
22074088.46991066
22075884.09435519
22077679.86486541
22079475.781453174
22081271.84413044
22083068.052909054
22084864.407800857
22086660.908817817
22088457.555971783
22090254.349274594
22092051.288738232
22093848.37437454
22095645.6061954
22097442.98421267
22099240.50843833
22101038.178884227
22102835.99556225
22104633.95848426
22106432.067662235
22108230.32310803
22110028.724833496
22111827.272850625
22113625.967171274
22115424.807807293
22117223.79477068
22119022.92807329
22120822.20772698
22122621.63374375
22124421.20613546
22126220.924914014
22128020.79009132
22129820.801679242
22131620.959689785
22133421.26413481
22135221.71502618
22137022.312375907
22138823.05619585
22140623.94649789
22142424.98329402
22144226.166596126
22146027.496416066
22147828.972765855
22149630.59565737
22151432.365102485
22153234.281113207
22155036.34370142
22156838.552879043
22158640.908658
22160443.411050174
22162246.060067583
22164048.855722103
22165851.798025623
22167654.88699016
22169458.1226276
22171261.504949827
22173065.033968866
22174868.709696602
22176672.532144923
22178476.50132586
22180280.617251303
22182084.879933182
22183889.289383397
22185693.845613975
22187498.54863681
22189303.398463845
22191108.39510697
22192913.53857823
22194718.82888951
22196524.266052723
22198329.850079894
22200135.58098293
22201941.458773736
22203747.48346434
22205553.65506666
22207359.973592594
22209166.439054187
22210973.05146334
22212779.810832016
22214586.71717216
22216393.77049569
22218200.97081465
22220008.31814095
22221815.812486503
22223623.453863364
22225431.242283445
22227239.17775866
22229047.260301065
22230855.489922576
22232663.86663511
22234472.390450727
22236281.061381347
22238089.879438892
22239898.844635416
22241707.95698285
22243517.21649316
22245326.623178314
22247136.177050248
22248945.878121015
22250755.72640255
22252565.72190678
22254375.864645775
22256186.154631462
22257996.591875773
22259807.176390782
22261617.908188425
22263428.78728063
22265239.813679475
22267050.987396892
22268862.308444872
22270673.77683535
22272485.3925804
22274297.15569197
22276109.066182043
22277921.124062564
22279733.32934561
22281545.682043128
22283358.182167068
22285170.829729505
22286983.624742396
22288796.56721768
22290609.657167453
22292422.894603662
22294236.27953826
22296049.811983332
22297863.491950836
22299677.319452774
22301491.29450114
22303305.417107895
22305119.687285136
22306934.10504482
22308748.670398902
22310563.383359484
22312378.243938524
22314193.25214799
22316008.407999977
22317823.711506452
22319639.16267938
22321454.761530865
22323270.508072875
22325086.402317375
22326902.44427647
22328718.633962136
22330534.971386384
22332351.456561238
22334168.08949867
22335984.870210785
22337801.798709564
22339618.87500698
22341436.09911515
22343253.47104605
22345070.990811657
22346888.658424094
22348706.473895337
22350524.437237367
22352342.54846231
22354160.807582147
22355979.214608904
22357797.769554574
22359616.472431276
22361435.323250998
22363254.32202578
22365073.468767602
22366892.763488602
22368712.206200767
22370531.796916086
22372351.5356467
22374171.42240459
22375991.457201764
22377811.640050348
22379631.970962346
22381452.44994975
22383273.0770247
22385093.852199193
22386914.77548528
22388735.846895013
22390557.06644039
22392378.43413355
22394199.949986503
22396021.614011254
22397843.426219948
22399665.386624593
22401487.495237198
22403309.75206991
22405132.15713474
22406954.710443705
22408777.412008952
22410600.261842497
22412423.25995635
22414246.406362668
22416069.701073468
22417893.14410081
22419716.73545677
22421540.475153357
22423364.363202732
22425188.39961692
22427012.58440794
22428836.917587955
22430661.399168994
22432486.029163077
22434310.80758237
22436135.734438904
22437960.809744705
22439786.033511937
22441611.405752636
22443436.92647888
22445262.5957027
22447088.413436268
22448914.379691616
22450740.494480826
22452566.75781594
22454393.169709124
22456219.730172426
22458046.43921788
22459873.296857666
22461700.303103827
22463527.457968403
22465354.76146358
22467182.21360139
22469009.814393893
22470837.563853268
22472665.46199156
22474493.508820865
22476321.70435328
22478150.048600852
22479978.541575775
22481807.183290094
22483635.97375587
22485464.91298529
22487294.000990413
22489123.23778329
22490952.623376124
22492782.157780968
22494611.841009878
22496441.673075058
22498271.653988566
22500101.78376247
22501932.06240896
22503762.48994011
22505593.06636803
22507423.791704822
22509254.665962566
22511085.689153463
22512916.86128958
22514748.18238299
22516579.652445897
22518411.27149038
22520243.039528508
22522074.95657249
22523907.02263441
22525739.23772634
22527571.601860486
22529404.115048937
22531236.777303815
22533069.588637196
22534902.549061302
22536735.658588216
22538568.917230066
22540402.324998934
22542235.881907046
22544069.587966483
22545903.443189334
22547737.44758783
22549571.60117405
22551405.90396009
22553240.35595818
22555074.957180407
22556909.707638867
22558744.60734579
22560579.65631327
22562414.85455345
22564250.202078473
22566085.69890044
22567921.345031578
22569757.140483994
22571593.085269786
22573429.179401197
22575265.422890328
22577101.815749276
22578938.357990295
22580775.049625482
22582611.890666947
22584448.881126937
22586286.021017555
22588123.310350914
22589960.749139264
22591798.33739471
22593636.07512942
22595473.962355547
22597311.999085207
22599150.185330655
22600988.521104004
22602827.006417375
22604665.64128302
22606504.425713062
22608343.35971962
22610182.443314955
22612021.676511187
22613861.059320442
22615700.59175498
22617540.273826927
22619380.105548453
22621220.08693169
22623060.2179889
22624900.49873222
22626740.929173816
22628581.509325825
22630422.239200514
22632263.11881002
22634104.148166474
22635945.32728215
22637786.656169187
22639628.13483972
22641469.763306025
22643311.54158024
22645153.46967451
22646995.547601108
22648837.77537218
22650680.152999915
22652522.6804965
22654365.357874084
22656208.18514495
22658051.162321243
22659894.289415114
22661737.56643885
22663580.993404597
22665424.57032451
22667268.29721088
22669112.174075857
22670956.200931598
22672800.37779039
22674644.704664398
22676489.18156577
22678333.80850681
22680178.58549967
22682023.512556564
22683868.58968969
22685713.81691122
22687559.194233444
22689404.721668534
22691250.399228655
22693096.226926103
22694942.204773054
22696788.332781672
22698634.610964265
22700481.039333
22702327.61790005
22704174.346677728
22706021.2256782
22707868.254913695
22709715.43439638
22711562.764138572
22713410.24415245
22715257.874450233
22717105.655044105
22718953.585946377
22720801.66716924
22722649.898724865
22724498.28062558
22726346.81288357
22728195.495511014
22730044.32852024
22731893.311923433
22733742.44573278
22735591.72996061
22737441.164619114
22739290.749720525
22741140.485277083
22742990.37130098
22744840.40780455
22746690.594799984
22748540.93229948
22750391.420315377
22752242.058859866
22754092.847945146
22755943.78758356
22757794.877787307
22759646.118568584
22761497.50993974
22763349.05191297
22765200.744500488
22767052.58771463
22768904.581567608
22770756.72607167
22772609.021239076
22774461.467082035
22776314.063612893
22778166.810843866
22780019.70878716
22781872.757455137
22783725.956860002
22785579.307013974
22787432.80792941
22789286.459618527
22791140.26209354
22792994.21536681
22794848.319450557
22796702.57435705
22798556.980098512
22800411.536687303
22802266.244135644
22804121.102455817
22805976.111660037
22807831.27176068
22809686.582769968
22811542.04470013
22813397.65756354
22815253.42137243
22817109.336139027
22818965.401875705
22820821.6185947
22822677.986308247
22824534.50502872
22826391.17476836
22828247.995539445
22830104.967354268
22831962.090225063
22833819.36416422
22835676.78918397
22837534.36529656
22839392.092514377
22841249.970849667
22843108.000314668
22844966.180921774
22846824.51268323
22848682.99561129
22850541.629718337
22852400.41501663
22854259.35151841
22856118.43923608
22857977.678181887
22859837.06836814
22861696.609807134
22863556.302511133
22865416.146492533
22867276.14176359
22869136.288336564
22870996.58622386
22872857.035437737
22874717.635990463
22876578.387894433
22878439.29116192
22880300.345805187
22882161.55183664
22884022.90926855
22885884.41811323
22887746.078382954
22889607.890090127
22891469.853247024
22893331.967865966
22895194.233959228
22897056.65153922
22898919.220618222
22900781.94120851
22902644.813322507
22904507.836972483
22906371.012170725
22908234.33892965
22910097.81726154
22911961.44717868
22913825.228693496
22915689.16181827
22917553.246565334
22919417.48294703
22921281.870975632
22923146.41066358
22925011.102023162
22926875.945066664
22928740.939806525
22930606.086255036
22932471.38442449
22934336.83432732
22936202.435975827
22938068.189382304
22939934.094559193
22941800.15151879
22943666.360273395
22945532.72083545
22947399.233217258
22949265.89743117
22951132.713489536
22952999.681404658
22954866.801188983
22956734.07285482
22958601.49641448
22960469.071880408
22962336.799264915
22964204.67858031
22966072.70983905
22967940.893053446
22969809.22823581
22971677.715398602
22973546.354554135
22975415.145714775
22977284.088892836
22979153.18410078
22981022.431350928
22982891.83065565
22984761.38202726
22986631.085478228
22988500.94102088
22990370.948667534
22992241.108430665
22994111.420322593
22995981.88435565
22997852.500542305
22999723.268894885
23001594.189425725
23003465.2621473
23005336.487071935
23007207.864212018
23009079.39357993
23010951.075188003
23012822.90904872
23014694.895174418
23016567.03357743
23018439.324270245
23020311.7672652
23022184.36257464
23024057.11021105
23025930.010186765
23027803.062514137
23029676.267205656
23031549.624273665
23033423.133730512
23035296.795588687
23037170.60986054
23039044.57655847
23040918.69569488
23042792.967282116
23044667.39133268
23046541.96785892
23048416.6968732
23050291.57838801
23052166.612415712
23054041.79896867
23055917.138059378
23057792.6297002
23059668.273903497
23061544.070681777
23063420.0200474
23065296.122012783
23067172.376590285
23069048.78379242
23070925.343631558
23072802.05612011
23074678.92127045
23076555.939095087
23078433.109606393
23080310.432816748
23082187.90873866
23084065.53738451
23085943.31876667
23087821.25289766
23089699.33978986
23091577.579455644
23093455.97190754
23095334.517157927
23097213.215219233
23099092.06610389
23100971.069824286
23102850.22639294
23104729.535822242
23106608.99812458
23108488.613312483
23110368.38139834
23112248.302394543
23114128.376313623
23116008.603167973
23117888.98296999
23119769.515732203
23121650.20146701
23123531.040186815
23125412.031904146
23127293.176631406
23129174.47438104
23131055.9251655
23132937.528997183
23134819.285888635
23136701.19585226
23138583.258900464
23140465.47504579
23142347.844300643
23144230.366677437
23146113.04218872
23147995.870846897
23149878.852664385
23151761.987653736
23153645.27582736
23155528.71719772
23157412.311777227
23159296.05957844
23161179.96061378
23163064.014895707
23164948.22243664
23166832.583249144
23168717.097345635
23170601.764738537
23172486.585440416
23174371.55946369
23176256.68682079
23178141.967524283
23180027.401586592
23181912.989020146
23183798.72983752
23185684.62405114
23187570.67167348
23189456.872717027
23191343.227194205
23193229.7351176
23195116.396499638
23197003.21135276
23198890.179689545
23200777.301522426
23202664.576863848
23204552.00572639
23206439.58812249
23208327.324064594
23210215.213565286
23212103.256637007
23213991.453292206
23215879.80354347
23217768.307403244
23219656.964884028
23221545.775998313
23223434.74075855
23225323.859177336
23227213.13126712
23229102.557040352
23230992.136509635
23232881.86968742
23234771.75658616
23236661.79721846
23238551.991596777
23240442.33973357
23242332.84164144
23244223.49733285
23246114.306820303
23248005.270116273
23249896.387233358
23251787.658184025
23253679.082980793
23255570.66163612
23257462.394162625
23259354.280572776
23261246.320879035
23263138.515094027
23265030.863230217
23266923.365300078
23268816.02131623
23270708.83129115
23272601.79523731
23274494.91316733
23276388.185093693
23278281.61102892
23280175.190985546
23282068.924976043
23283962.813013043
23285856.85510903
23287751.051276483
23289645.401528034
23291539.90587617
23293434.564333376
23295329.37691228
23297224.34362538
23299119.464485165
23301014.739504263
23302910.16869517
23304805.75207038
23306701.48964253
23308597.381424114
23310493.42742768
23312389.62766577
23314285.982150886
23316182.490895666
23318079.153912615
23319975.97121423
23321872.942813158
23323770.06872191
23325667.34895298
23327564.783519022
23329462.37243254
23331360.11570605
23333258.013352193
23335156.065383486
23337054.271812484
23338952.632651698
23340851.147913788
23342749.817611266
23344648.641756695
23346547.62036259
23348446.75344161
23350346.041006275
23352245.483069103
23354145.079642758
23356044.830739763
23357944.736372635
23359844.79655404
23361745.011296507
23363645.38061256
23365545.904514868
23367446.583015952
23369347.416128397
23371248.40386478
23373149.54623762
23375050.843259603
23376952.29494326
23378853.901301116
23380755.662345853
23382657.57809001
23384559.64854612
23386461.873726863
23388364.25364478
23390266.78831241
23392169.47774243
23394072.321947392
23395975.32093983
23397878.474732436
23399781.783337753
23401685.246768374
23403588.865036894
23405492.63815586
23407396.566137962
23409300.64899575
23411204.88674178
23413109.27938874
23415013.826949187
23416918.529435672
23418823.386860896
23420728.399237413
23422633.56657778
23424538.8888947
23426444.366200726
23428349.998508472
23430255.785830498
23432161.728179507
23434067.82556806
23435974.078008775
23437880.485514212
23439787.04809708
23441693.76576995
23443600.63854539
23445507.666436106
23447414.849454675
23449322.187613666
23451229.680925794
23453137.32940363
23455045.133059755
23456953.091906883
23458861.205957588
23460769.4752245
23462677.899720237
23464586.47945739
23466495.21444867
23468404.104706675
23470313.15024397
23472222.351073295
23474131.707207225
23476041.21865835
23477950.8854394
23479860.70756296
23481770.685041625
23483680.817888122
23485591.10611504
23487501.549734976
23489412.148760665
23491322.903204698
23493233.813079722
23495144.878398377
23497056.09917326
23498967.475417115
23500879.007142536
23502790.694362126
23504702.53708863
23506614.535334647
23508526.689112786
23510438.998435788
23512351.46331626
23514264.08376681
23516176.859800186
23518089.791428998
23520002.8786659
23521916.121523507
23523829.52001457
23525743.074151702
23527656.783947565
23529570.649414774
23531484.670566082
23533398.847414114
23535313.179971483
23537227.66825095
23539142.312265135
23541057.112026658
23542972.067548286
23544887.17884264
23546802.445922345
23548717.868800167
23550633.447488733
23552549.18200072
23554465.072348796
23556381.118545596
23558297.320603892
23560213.678536315
23562130.192355495
23564046.86207421
23565963.687705096
23567880.66926078
23569797.806754053
23571715.100197542
23573632.54960389
23575550.154985875
23577467.916356143
23579385.833727334
23581303.90711223
23583222.136523474
23585140.521973763
23587059.063475788
23588977.761042193
23590896.61468577
23592815.624419168
23594734.790255032
23596654.112206165
23598573.59028521
23600493.224504825
23602413.014877804
23604332.961416803
23606253.064134475
23608173.323043622
23610093.738156904
23612014.30948702
23613935.037046637
23615855.920848556
23617776.96090544
23619698.15723
23621619.509834897
23623541.018732943
23625462.6839368
23627384.50545914
23629306.48331277
23631228.617510363
23633150.90806458
23635073.354988247
23636995.958294034
23638918.717994604
23640841.634102788
23642764.70663125
23644687.935592726
23646611.320999928
23648534.862865545
23650458.561202392
23652382.416023154
23654306.42734051
23656230.59516729
23658154.919516172
23660079.400399845
23662004.037831135
23663928.83182273
23665853.782387316
23667778.88953773
23669704.15328666
23671629.573646788
23673555.15063096
23675480.884251863
23677406.774522245
23679332.82145484
23681259.02506235
23683185.385357615
23685111.90235333
23687038.576062195
23688965.406497058
23690892.39367061
23692819.537595566
23694746.838284764
23696674.29575091
23698601.91000671
23700529.68106501
23702457.608938526
23704385.69364001
23706313.935182165
23708242.333577853
23710170.88883978
23712099.600980714
23714028.47001336
23715957.495950583
23717886.678805094
23719816.01858961
23721745.515316993
23723675.168999963
23725604.979651235
23727534.94728368
23729465.071910016
23731395.35354297
23733325.792195402
23735256.387880042
23737187.140609663
23739118.050397042
23741049.1172549
23742980.34119612
23744911.722233426
23746843.26037955
23748774.955647364
23750706.808049608
23752638.817599013
23754570.98430846
23756503.30819068
23758435.789258413
23760368.427524544
23762301.22300181
23764234.175702956
23766167.285640858
23768100.552828267
23770033.977277968
23771967.55900276
23773901.298015386
23775835.194328733
23777769.247955553
23779703.458908595
23781637.827200748
23783572.35284477
23785507.035853405
23787441.876239557
23789376.874015976
23791312.029195417
23793247.34179078
23795182.811814822
23797118.439280353
23799054.224200126
23800990.16658705
23802926.266453885
23804862.523813438
23806798.938678477
23808735.511061907
23810672.240976494
23812609.128435005
23814546.173450354
23816483.376035307
23818420.73620263
23820358.253965244
23822295.92933592
23824233.76232742
23826171.75295268
23828109.90122446
23830048.20715559
23831986.670758896
23833925.29204715
23835864.07103328
23837803.007730063
23839742.102150284
23841681.35430686
23843620.76421259
23845560.331880245
23847500.057322755
23849439.940552913
23851379.981583502
23853320.180427454
23855260.537097562
23857201.05160661
23859141.72396754
23861082.554193143
23863023.542296257
23864964.688289724
23866905.992186345
23868847.45399906
23870789.073740665
23872730.851423956
23874672.78706188
23876614.88066724
23878557.132252835
23880499.54183161
23882442.109416373
23884384.835019924
23886327.71865522
23888270.760335065
23890213.960072313
23892157.317879777
23894100.833770406
23896044.50775702
23897988.339852467
23899932.33006957
23901876.47842129
23903820.78492043
23905765.24957982
23907709.872412413
23909654.653431028
23911599.59264849
23913544.69007776
23915489.945731662
23917435.359623015
23919380.93176479
23921326.66216981
23923272.55085095
23925218.597821087
23927164.803093046
23929111.166679803
23931057.688594185
23933004.368849024
23934951.207457297
23936898.20443184
23938845.359785482
23940792.673531204
23942740.145681847
23944687.776250243
23946635.565249376
23948583.512692086
23950531.618591215
23952479.88295975
23954428.305810526
23956376.887156446
23958325.62701039
23960274.525385216
23962223.58229391
23964172.797749314
23966122.171764288
23968071.70435182
23970021.39552476
23971971.24529596
23973921.253678426
23975871.420685
23977821.746328548
23979772.23062206
23981722.873578403
23983673.67521048
23985624.635531146
23987575.75455341
23989527.032290135
23991478.46875423
23993430.063958555
23995381.817916125
23997333.730639804
23999285.802142456
24001238.032437094
24003190.42153659
24005142.96945381
24007095.676201776
24009048.54179335
24011001.56624141
24012954.749558978
24014908.091758925
24016861.592854176
24018815.252857655
24020769.071782243
24022723.04964096
24024677.186446697
24026631.48221232
24028585.936950866
24030540.550675217
24032495.323398255
24034450.25513301
24036405.345892373
24038360.59568923
24040316.004536614
24042271.57244741
24044227.299434517
24046183.185510967
24048139.230689656
24050095.43498352
24052051.79840551
24054008.320968516
24055965.00268558
24057921.843569607
24059878.843633488
24061836.002890274
24063793.321352866
24065750.79903416
24067708.43594721
24069666.23210492
24071624.187520195
24073582.302206084
24075540.5761755
24077499.009441394
24079457.60201668
24081416.35391441
24083375.2651475
24085334.33572891
24087293.56567155
24089252.954988483
24091212.503692627
24093172.2117969
24095132.07931436
24097092.106257927
24099052.292640522
24101012.638475213
24102973.143774923
24104933.80855257
24106894.63282123
24108855.616593827
24110816.759883333
24112778.062702723
24114739.52506493
24116701.146983027
24118662.92846995
24120624.86953862
24122586.970202122
24124549.230473388
24126511.650365353
24128474.2298911
24130436.96906356
24132399.86789568
24134362.926400542
24136326.144591082
24138289.522480246
24140253.060081117
24142216.75740664
24144180.61446981
24146144.63128362
24148108.807861015
24150073.14421509
24152037.64035879
24154002.296305068
24155967.11206702
24157932.087657597
24159897.22308975
24161862.518376585
24163827.97353105
24165793.588566102
24167759.363494847
24169725.298330236
24171691.393085286
24173657.647772953
24175624.062406342
24177590.63699842
24179557.37156219
24181524.266110625
24183491.320656836
24185458.535213783
24187425.90979444
24189393.444411915
24191361.139079183
24193328.993809216
24195297.008615125
24197265.18350989
24199233.51850648
24201202.013618015
24203170.668857474
24205139.484237883
24207108.459772266
24209077.595473606
24211046.891355027
24213016.347429506
24214985.963710032
24216955.740209732
24218925.67694159
24220895.773918588
24222866.031153865
24224836.448660407
24226807.0264512
24228777.76453938
24230748.662937943
24232719.721659873
24234690.94071831
24236662.320126254
24238633.859896746
24240605.56004283
24242577.4205775
24244549.441513907
24246521.622865044
24248493.964643914
24250466.466863666
24252439.1295373
24254411.95267782
24256384.936298374
24258358.080411974
24260331.385031622
24262304.850170474
24264278.475841537
24266252.26205787
24268226.208832484
24270200.316178538
24272174.584109046
24274149.012637064
24276123.601775616
24278098.35153786
24280073.261936814
24282048.332985494
24284023.564697072
24285998.957084563
24287974.510160986
24289950.223939516
24291926.098433174
24293902.133654986
24295878.32961812
24297854.68633561
24299831.203820523
24301807.882085945
24303784.7211449
24305761.72101057
24307738.881695986
24309716.20321418
24311693.685578335
24313671.328801483
24315649.132896658
24317627.09787705
24319605.2237557
24321583.510545634
24323561.958260052
24325540.56691199
24327519.33651449
24329498.267080747
24331477.358623803
24333456.61115675
24335436.024692688
24337415.59924466
24339395.334825873
24341375.231449362
24343355.289128188
24345335.507875547
24347315.88770449
24349296.428628076
24351277.130659502
24353257.99381183
24355239.018098116
24357220.20353156
24359201.55012523
24361183.05789223
24363164.726845622
24365146.556998618
24367128.548364278
24369110.700955722
24371093.014786012
24373075.48986836
24375058.12621584
24377040.923841517
24379023.88275861
24381007.002980188
24382990.284519322
24384973.72738924
24386957.33160301
24388941.09717371
24390925.02411456
24392909.112438645
24394893.362159085
24396877.773289014
24398862.345841512
24400847.079829805
24402831.97526698
24404817.032166116
24406802.250540454
24408787.63040307
24410773.17176706
24412758.87464565
24414744.73905194
24416730.764999013
24418716.952500112
24420703.301568326
24422689.81221675
24424676.48445863
24426663.318307053
24428650.313775174
24430637.470876135
24432624.789623033
24434612.270029124
24436599.912107497
24438587.715871267
24440575.681333676
24442563.80850783
24444552.097406834
24446540.548043944
24448529.160432264
24450517.93458491
24452506.87051513
24454495.96823604
24456485.2277608
24458474.64910252
24460464.232274465
24462453.97728975
24464443.88416154
24466433.952902947
24468424.183527242
24470414.576047547
24472405.130476974
24474395.846828796
24476386.725116137
24478377.76535212
24480368.967550017
24482360.331722952
24484351.85788405
24486343.546046592
24488335.396223705
24490327.408428565
24492319.582674354
24494311.918974206
24496304.4173414
24498297.07778907
24500289.90033035
24502282.884978525
24504276.031746738
24506269.34064812
24508262.811695956
24510256.444903396
24512250.24028358
24514244.197849788
24516238.317615177
24518232.599592883
24520227.043796208
24522221.65023829
24524216.41893233
24526211.34989153
24528206.443129033
24530201.698658146
24532197.116492014
24534192.696643796
24536188.439126793
24538184.34395416
24540180.411139052
24542176.64069478
24544173.032634497
24546169.586971365
24548166.303718694
24550163.182889644
24552160.224497426
24554157.42855521
24556154.795076303
24558152.324073877
24560150.015561145
24562147.869551275
24564145.886057585
24566144.065093245
24568142.40667143
24570140.91080546
24572139.57750851
24574138.406793747
24576137.398674503
24578136.55316395
24580135.87027527
24582135.35002179
24584134.992416687
24586134.797473196
24588134.765204545
24590134.89562392
24592135.188744653
24594135.64457993
24596136.263142932
24598137.044447005
24600137.98850533
24602139.0953311
24604140.364937656
24606141.797338184
24608143.392545883
24610145.150574096
24612147.071436014
24614149.155144833
24616151.401713904
24618153.81115642
24620156.38348563
24622159.11871479
24624162.0168571
24626165.0779259
24628168.301934414
24630171.68889583
24632175.238823507
24634178.951730657
24636182.827630483
24638186.866536345
24640191.06846145
24642195.433419015
24644199.961422395
24646204.652484808
24648209.506619517
24650214.523839787
24652219.70415883
24654225.04759002
24656230.554146573
24658236.22384171
24660242.056688797
24662248.052701056
24664254.211891714
24666260.534274146
24668267.019861568
24670273.668667216
24672280.48070446
24674287.455986533
24676294.59452666
24678301.896338224
24680309.361434456
24682316.98982864
24684324.781534053
24686332.73656394
24688340.854931675
24690349.136650506
24692357.581733663
24694366.190194536
24696374.96204637
24698383.8973024
24700392.995976023
24702402.25808048
24704411.683629014
24706421.27263502
24708431.02511175
24710440.941072494
24712451.020530507
24714461.263499185
24716471.669991784
24718482.240021598
24720492.973601885
24722503.87074605
24724514.931467343
24726526.155779026
24728537.543694504
24730549.095227033
24732560.810389876
24734572.689196445
24736584.731659997
24738596.937793795
24740609.307611253
24742621.84112564
24744634.538350273
24746647.39929846
24748660.423983477
24750673.61241874
24752686.96461752
24754700.48059309
24756714.16035887
24758728.003928132
24760742.011314157
24762756.182530366
24764770.51759004
24766785.01650645
24768799.679293025
24770814.505963054
24772829.49652981
24774844.651006732
24776859.969407097
24778875.451744244
24780891.098031502
24782906.908282164
24784922.882509667
24786939.0207273
24788955.322948348
24790971.789186254
24792988.419454314
24795005.21376582
24797022.17213421
24799039.294572785
24801056.581094842
24803074.031713825
24805091.646443035
24807109.42529582
24809127.36828548
24811145.475425467
24813163.746729087
24815182.182209693
24817200.781880587
24819219.54575523
24821238.473846924
24823257.56616898
24825276.822734855
24827296.243557863
24829315.828651313
24831335.578028668
24833355.491703242
24835375.569688354
24837395.811997462
24839416.21864389
24841436.789641
24843457.525002167
24845478.424740706
24847499.48887009
24849520.717403647
24851542.11035469
24853563.667736705
24855585.38956301
24857607.275846932
24859629.326601952
24861651.5418414
24863673.9215786
24865696.465827037
24867719.174600046
24869742.047910955
24871765.085773252
24873788.28820027
24875811.655205395
24877835.186802022
24879858.88300348
24881882.743823264
24883906.769274715
24885930.959371172
24887955.31412613
24889979.833552934
24892004.51766493
24894029.366475612
24896054.37999833
24898079.55824643
24900104.901233412
24902130.40897263
24904156.08147748
24906181.918761317
24908207.92083765
24910234.087719828
24912260.41942126
24914286.9159553
24916313.577335466
24918340.403575104
24920367.394687586
24922394.550686415
24924421.87158496
24926449.35739658
24928477.008134793
24930504.823812965
24932532.804444462
24934560.950042803
24936589.260621354
24938617.73619354
24940646.376772784
24942675.18237245
24944704.15300607
24946733.288687017
24948762.589428663
24950792.055244535
24952821.686148018
24954851.482152484
24956881.443271466
24958911.569518346
24960941.860906504
24962972.317449473
24965002.939160645
24967033.726053394
24969064.678141266
24971095.795437645
24973127.077955972
24975158.525709685
24977190.138712175
24979221.916976985
24981253.86051751
24983285.96934714
24985318.243479423
24987350.68292776
24989383.28770554
24991416.05782632
24993448.993303496
24995482.094150465
24997515.360380787
24999548.79200786
25001582.38904514
25003616.151506033
25005650.079404093
25007684.17275273
25009718.431565404
25011752.855855517
25013787.445636638
25015822.200922176
25017857.121725544
25019892.208060306
25021927.45993988
25023962.877377674
25025998.460387267
25028034.20898207
25030070.1231755
25032106.202981137
25034142.448412396
25036178.859482754
25038215.436205678
25040252.1785946
25042289.086663093
25044326.160424586
25046363.399892505
25048400.805080432
25050438.376001798
25052476.11267003
25054514.015098713
25056552.083301283
25058590.317291174
25060628.71708197
25062667.282687113
25064706.014120035
25066744.91139433
25068783.974523436
25070823.203520846
25072862.598400053
25074902.159174494
25076941.885857776
25078981.778463334
25081021.83700462
25083062.06149523
25085102.451948617
25087143.008378226
25089183.730797663
25091224.61922038
25093265.673659828
25095306.89412961
25097348.28064319
25099389.83321407
25101431.551855702
25103473.436581705
25105515.487405535
25107557.704340704
25109600.08740067
25111642.636599053
25113685.35194931
25115728.23346492
25117771.281159483
25119814.495046478
25121857.87513937
25123901.421451785
25125945.133997183
25127989.012789045
25130033.05784099
25132077.2691665
25134121.64677909
25136166.190692294
25138210.900919586
25140255.777474597
25142300.82037081
25144346.029621698
25146391.405240897
25148436.94724189
25150482.655638166
25152528.530443355
25154574.571670946
25156620.779334426
25158667.153447434
25160713.69402346
25162760.401075993
25164807.274618678
25166854.314665005
25168901.521228522
25170948.894322775
25172996.433961254
25175044.140157614
25177092.01292535
25179140.05227796
25181188.2582291
25183236.630792268
25185285.169980966
25187333.875808854
25189382.748289432
25191431.78743621
25193480.993262842
25195530.36578284
25197579.90500976
25199629.610957116
25201679.48363857
25203729.523067635
25205779.72925787
25207830.102222797
25209880.64197608
25211931.348531235
25213982.22190178
25216033.262101393
25218084.469143584
25220135.84304188
25222187.38380995
25224239.091461323
25226290.96600952
25228343.007468224
25230395.215850957
25232447.5911713
25234500.133442827
25236552.842679072
25238605.718893718
25240658.7621003
25242711.97231235
25244765.34954355
25246818.89380744
25248872.605117556
25250926.483487587
25252980.52893107
25255034.74146155
25257089.121092714
25259143.66783811
25261198.381711278
25263253.262725916
25265308.31089557
25267363.526233833
25269418.908754308
25271474.45847054
25273530.175396234
25275586.05954494
25277642.110930208
25279698.32956575
25281754.715465114
25283811.268641856
25285867.989109688
25287924.876882166
25289981.931972846
25292039.154395442
25294096.544163518
25296154.10129068
25298211.8257905
25300269.717676684
25302327.77696281
25304386.003662482
25306444.397789277
25308502.95935691
25310561.688378956
25312620.584868982
25314679.648840714
25316738.880307727
25318798.27928359
25320857.845782034
25322917.579816636
25324977.48140097
25327037.550548773
25329097.78727362
25331158.191589143
25333218.763508976
25335279.5030467
25337340.410216052
25339401.48503062
25341462.72750399
25343524.1376499
25345585.715481937
25347647.461013693
25349709.374258913
25351771.455231186
25353833.703944106
25355896.12041142
25357958.70464672
25360021.45666361
25362084.37647583
25364147.464096986
25366210.719540723
25368274.142820697
25370337.73395051
25372401.492943913
25374465.419814516
25376529.514575917
25378593.777241882
25380658.207826015
25382722.806341924
25384787.572803374
25386852.50722397
25388917.60961733
25390982.879997216
25393048.318377245
25395113.92477108
25397179.699192338
25399245.641654793
25401311.752172057
25403378.030757803
25405444.47742565
25407511.09218938
25409577.875062607
25411644.826058958
25413711.945192214
25415779.232475996
25417846.687923934
25419914.311549813
25421982.103367254
25424050.063389894
25426118.19163152
25428186.488105755
25430254.95282629
25432323.585806817
25434392.38706096
25436461.35660252
25438530.494445127
25440599.800602425
25442669.27508821
25444738.917916115
25446808.72909979
25448878.708653033
25450948.85658949
25453019.172922798
25455089.65766676
25457160.310835034
25459231.13244126
25461302.122499246
25463373.28102264
25465444.608025152
25467516.103520483
25469587.767522283
25471659.60004437
25473731.6011004
25475803.770704024
25477876.108869065
25479948.615609176
25482021.290938023
25484094.13486942
25486167.14741703
25488240.32859452
25490313.67841571
25492387.196894262
25494460.884043906
25496534.7398783
25498608.764411274
25500682.957656503
25502757.319627702
25504831.850338552
25506906.549802877
25508981.418034356
25511056.455046665
25513131.66085364
25515207.035468955
25517282.57890629
25519358.291179486
25521434.17230222
25523510.22228818
25525586.441151205
25527662.82890498
25529739.38556324
25531816.111139726
25533893.00564813
25535970.069102295
25538047.301515914
25540124.70290268
25542202.273276437
25544280.012650885
25546357.921039715
25548435.99845678
25550514.24491578
25552592.660430416
25554671.245014537
25556749.99868185
25558828.921446055
25560908.01332101
25562987.27432042
25565066.704458043
25567146.30374764
25569226.072202913
25571306.00983773
25573386.116665807
25575466.392700844
25577546.837956715
25579627.45244713
25581708.23618581
25583789.189186625
25585870.311463285
25587951.603029516
25590033.063899186
25592114.69408602
25594196.49360379
25596278.462466214
25598360.600687176
25600442.908280402
25602525.385259666
25604608.031638697
25606690.847431377
25608773.832651433
25610856.9873126
25612940.311428767
25615023.80501366
25617107.468081012
25619191.30064472
25621275.302718516
25623359.47431614
25625443.81545148
25627528.326138277
25629613.00639033
25631697.856221423
25633782.875645302
25635868.064675868
25637953.423326865
25640038.95161204
25642124.649545293
25644210.517140374
25646296.55441103
25648382.76137117
25650469.138034545
25652555.68441491
25654642.400526166
25656729.28638208
25658816.341996398
25660903.567383036
25662990.962555755
25665078.527528364
25667166.262314674
25669254.166928448
25671342.241383605
25673430.48569391
25675518.899873126
25677607.483935177
25679696.237893827
25681785.161762845
25683874.25555616
25685963.519287538
25688052.952970754
25690142.556619734
25692232.330248255
25694322.273870144
25696412.387499172
25698502.671149276
25700593.12483424
25702683.748567883
25704774.542363998
25706865.506236512
25708956.640199218
25711047.94426589
25713139.418450482
25715231.062766768
25717322.87722854
25719414.861849744
25721507.01664417
25723599.341625605
25725691.836808
25727784.502205145
25729877.33783089
25731970.343699083
25734063.519823514
25736156.866218142
25738250.382896766
25740344.069873184
25742437.92716135
25744531.954775073
25746626.15272815
25748720.521034546
25750815.059708063
25752909.76876251
25755004.648211848
25757099.698069885
25759194.918350436
25761290.309067465
25763385.870234784
25765481.60186626
25767577.50397576
25769673.576577093
25771769.81968424
25773866.233311012
25775962.817471236
25778059.57217888
25780156.49744777
25782253.59329173
25784350.859724734
25786448.296760608
25788545.904413182
25790643.682696432
25792741.631624192
25794839.751210343
25796938.04146871
25799036.502413288
25801135.1340579
25803233.93641644
25805332.90950274
25807432.05333079
25809531.36791443
25811630.853267495
25813730.509403985
25815830.336337734
25817930.33408259
25820030.50265255
25822130.842061453
25824231.35232315
25826332.033451635
25828432.885460768
25830533.908364438
25832635.102176555
25834736.466910962
25836838.00258167
25838939.70920253
25841041.586787403
25843143.63535029
25845245.854905058
25847348.245465554
25849450.8070458
25851553.53965965
25853656.44332097
25855759.518043775
25857862.763841927
25859966.180729292
25862069.768719897
25864173.527827594
25866277.45806632
25868381.55944998
25870485.83199245
25872590.275707763
25874694.890609782
25876799.676712386
25878904.634029604
25881009.76257531
25883115.06236338
25885220.533407852
25887326.1757226
25889431.989321508
25891537.97421861
25893644.13042779
25895750.457962986
25897856.956838075
25899963.627067108
25902070.468663964
25904177.48164259
25906284.666016866
25908392.02180085
25910499.54900842
25912607.24765348
25914715.117750075
25916823.159312103
25918931.37235345
25921039.75688818
25923148.31293019
25925257.04049337
25927365.939591788
25929475.010239337
25931584.25244998
25933693.666237663
25935803.2516163
25937913.008599944
25940022.937202513
25942133.037437905
25944243.309320193
25946353.752863288
25948464.368081093
25950575.154987685
25952686.11359698
25954797.243922886
25956908.545979477
25959020.019780673
25961131.665340394
25963243.48267271
25965355.471791547
25967467.632710878
25969579.965444677
25971692.470006865
25973805.14641153
25975917.9946726
25978031.01480399
25980144.206819803
25982257.570733953
25984371.10656038
25986484.814313166
25988598.694006253
25990712.745653566
25992826.969269205
25994941.364867102
25997055.93246125
25999170.672065586
26001285.583694205
26003400.66736105
26005515.923080117
26007631.350865345
26009746.950730838
26011862.722690545
26013978.666758407
26016094.78294853
26018211.07127487
26020327.53175137
26022444.164392136
26024560.969211124
26026677.94622229
26028795.095439743
26030912.41687744
26033029.91054939
26035147.576469604
26037265.414652035
26039383.42511081
26041501.607859887
26043619.962913226
26045738.49028495
26047857.189989027
26049976.062039416
26052095.106450245
26054214.323235486
26056333.7124091
26058453.273985222
26060573.007977825
26062692.91440087
26064812.993268505
26066933.244594693
26069053.66839347
26071174.26467886
26073295.03346484
26075415.974765558
26077537.08859498
26079658.374967102
26081779.833896056
26083901.465395827
26086023.2694804
26088145.246163923
26090267.395460382
26092389.717383765
26094512.21194822
26096634.879167736
26098757.71905636
26100880.731628083
26103003.91689706
26105127.274877284
26107250.805582806
26109374.509027623
26111498.38522589
26113622.43419161
26115746.655938786
26117871.050481573
26119995.617833976
26122120.35801
26124245.27102381
26126370.35688941
26128495.615620814
26130621.047232185
26132746.651737534
26134872.429150924
26136998.37948642
26139124.502758034
26141250.798979945
26143377.268166166
26145503.910330713
26147630.72548776
26149757.713651333
26151884.87483545
26154012.209054288
26156139.71632187
26158267.396652225
26160395.250059534
26162523.27655782
26164651.476161115
26166779.8488836
26168908.39473931
26171037.11374233
26173166.00590674
26175295.071246568
26177424.30977602
26179553.721509125
26181683.306459915
26183813.064642593
26185942.996071197
26188073.10075976
26190203.37872249
26192333.829973426
26194464.454526607
26196595.252396245
26198726.22359638
26200857.36814111
26202988.686044484
26205120.177320715
26207251.841983847
26209383.680047985
26211515.691527184
26213647.876435656
26215780.234787457
26217912.766596638
26220045.471877415
26222178.35064385
26224311.402910005
26226444.628690094
26228578.02799818
26230711.60084832
26232845.34725475
26234979.267231524
26237113.360792764
26239247.62795259
26241382.068725076
26243516.68312444
26245651.471164763
26247786.43286011
26249921.568224717
26252056.877272658
26254192.360018004
26256328.016474996
26258463.84665771
26260599.850580223
26262736.028256774
26264872.379701443
26267008.90492832
26269145.603951637
26271282.476785485
26273419.523443997
26275556.743941322
26277694.138291538
26279831.7065089
26281969.448607497
26284107.36460142
26286245.45450492
26288383.718332086
26290522.15609702
26292660.767813977
26294799.55349705
26296938.51316034
26299077.646818105
26301216.954484444
26303356.436173514
26305496.091899417
26307635.921676416
26309775.925518617
26311916.103440177
26314056.455455206
26316196.98157797
26318337.681822583
26320478.55620315
26322619.604733948
26324760.827429082
26326902.224302676
26329043.795369
26331185.540642172
26333327.460136306
26335469.553865686
26337611.82184443
26339754.26408671
26341896.880606703
26344039.671418533
26346182.636536483
26348325.77597468
26350469.089747254
26352612.577868484
26354756.24035251
26356900.077213455
26359044.088465612
26361188.274123114
26363332.634200092
26365477.168710846
26367621.877669513
26369766.761090223
26371911.818987276
26374057.05137482
26376202.458267037
26378348.03967813
26380493.79562224
26382639.72611367
26384785.831166565
26386932.110795077
26389078.565013506
26391225.193836004
26393371.99727672
26395518.975349966
26397666.128069893
26399813.455450658
26401960.95750657
26404108.634251792
26406256.485700525
26408404.511866935
26410552.712765336
26412701.088409893
26414849.638814814
26416998.36399427
26419147.263962578
26421296.338733904
26423445.588322416
26425595.01274244
26427744.612008147
26429894.386133704
26432044.33513344
26434194.45902153
26436344.75781215
26438495.23151963
26440645.88015814
26442796.70374192
26444947.702285193
26447098.875802144
26449250.22430711
26451401.747814268
26453553.446337808
26455705.31989207
26457857.36849124
26460009.5921495
26462161.9908812
26464314.56470053
26466467.313621674
26468620.237658985
26470773.336826656
26472926.611138877
26475080.060610004
26477233.68525423
26479387.485085808
26481541.460118983
26483695.610367958
26485849.935847092
26488004.436570585
26490159.11255264
26492313.96380762
26494468.99034973
26496624.19219317
26498779.569352314
26500935.121841364
26503090.849674534
26505246.75286619
26507402.831430547
26509559.085381866
26511715.514734365
26513872.119502414
26516028.899700236
26518185.855342098
26520342.986442212
26522500.293014966
26524657.77507458
26526815.43263527
26528973.265711423
26531131.27431726
26533289.45846701
26535447.81817506
26537606.35345563
26539765.064322956
26541923.950791426
26544083.01287527
26546242.250588775
26548401.663946226
26550561.25296186
26552721.017650068
26554880.958025094
26557041.07410117
26559201.365892693
26561361.83341391
26563522.47667906
26565683.295702543
26567844.290498607
26570005.461081494
26572166.807465613
26574328.329665206
26576490.027694527
26578651.901567984
26580813.951299824
26582976.176904358
26585138.578395892
26587301.15578867
26589463.909097124
26591626.8383355
26593789.943518054
26595953.224659212
26598116.68177323
26600280.31487437
26602444.123977054
26604608.109095547
26606772.27024411
26608936.607437175
26611101.120689005
26613265.810013924
26615430.675426196
26617595.716940258
26619760.934570376
26621926.328330882
26624091.898236044
26626257.644300304
26628423.56653793
26630589.66496321
26632755.939590573
26634922.390434306
26637089.017508686
26639255.820828155
26641422.800407
26643589.9562595
26645757.288400106
26647924.796843104
26650092.481602833
26652260.342693634
26654428.380129803
26656596.59392579
26658764.984095883
26660933.550654378
26663102.293615736
26665271.212994248
26667440.308804207
26669609.581060078
26671779.029776163
26673948.654966757
26676118.456646323
26678288.434829164
26680458.58952959
26682628.92076206
26684799.42854088
26686970.112880416
26689140.97379503
26691312.01129903
26693483.22540689
26695654.61613292
26697826.18349143
26699997.927496903
26702169.848163653
26704341.94550599
26706514.219538406
26708686.670275208
26710859.29773072
26713032.101919428
26715205.082855653
26717378.24055377
26719551.575028107
26721725.086293153
26723898.77436323
26726072.639252722
26728246.680975962
26730420.89954744
26732595.294981487
26734769.867292434
26736944.616494782
26739119.542602867
26741294.64563102
26743469.925593745
26745645.382505376
26747821.016380258
26749996.827232894
26752172.81507762
26754348.979928844
26756525.321800955
26758701.840708304
26760878.5366654
26763055.409686584
26765232.459786214
26767409.686978802
26769587.091278695
26771764.67270025
26773942.431257978
26776120.366966236
26778298.479839385
26780476.76989194
26782655.237138264
26784833.88159271
26787012.703269806
26789191.702183913
26791370.87834945
26793550.231780834
26795729.76249243
26797909.470498767
26800089.355814215
26802269.41845314
26804449.658430077
26806630.0757594
26808810.670455478
26810991.442532845
26813172.392005883
26815353.51888896
26817534.823196627
26819716.304943252
26821897.964143272
26824079.800811067
26826261.814961184
26828444.006608006
26830626.375765968
26832808.92244946
26834991.646673027
26837174.548451062
26839357.62779795
26841540.884728245
26843724.31925634
26845907.931396622
26848091.721163653
26850275.688571826
26852459.83363554
26854644.156369347
26856828.656787653
26859013.33490491
26861198.190735575
26863383.22429404
26865568.435594883
26867753.824652504
26869939.391481306
26872125.13609586
26874311.058510575
26876497.158739857
26878683.436798282
26880869.89270026
26883056.5264602
26885243.33809269
26887430.32761213
26889617.495032944
26891804.840369713
26893992.36363685
26896180.064848837
26898367.94402014
26900556.001165185
26902744.23629856
26904932.649434686
26907121.240587987
26909310.009773057
26911498.957004324
26913688.08229621
26915877.385663316
26918066.86712007
26920256.5266809
26922446.36436041
26924636.38017303
26926826.57413326
26929016.94625552
26931207.496554423
26933398.225044407
26935589.131739963
26937780.216655537
26939971.479805738
26942162.921205003
26944354.54086778
26946546.338808678
26948738.315042146
26950930.469582636
26953122.802444756
26955315.313642956
26957508.003191695
26959700.87110559
26961893.917399086
26964087.142086703
26966280.545182947
26968474.12670228
26970667.88665932
26972861.825068533
26975055.94194438
26977250.237301484
26979444.711154312
26981639.36351733
26983834.19440516
26986029.203832284
26988224.391813155
26990419.75836242
26992615.303494543
26994811.027223997
26997006.929565422
26999203.010533288
27001399.27014213
27003595.70840648
27005792.325340807
27007989.120959766
27010186.095277835
27012383.24830949
27014580.58006938
27016778.090571992
27018975.779831808
27021173.64786348
27023371.6946815
27025569.92030035
27027768.324734684
27029966.907998998
27032165.670107834
27034364.61107569
27036563.73091722
27038763.029646926
27040962.50727935
27043162.163829003
27045361.99931054
27047562.01373846
27049762.207127273
27051962.579491638
27054163.130846065
27056363.861205053
27058564.77058328
27060765.858995248
27062967.126455467
27065168.572978612
27067370.198579196
27069572.00327178
27071773.98707094
27073976.14999119
27076178.4920472
27078381.013253503
27080583.713624604
27082786.59317519
27084989.651919786
27087192.889872912
27089396.307049252
27091599.903463334
27093803.679129682
27096007.634062987
27098211.768277775
27100416.081788577
27102620.574610088
27104825.246756837
27107030.098243415
27109235.12908441
27111440.339294348
27113645.72888794
27115851.297879722
27118057.046284225
27120262.97411616
27122469.081390068
27124675.368120488
27126881.834322125
27129088.48000953
27131295.305197243
27133502.30989998
27135709.494132284
27137916.857908763
27140124.401243962
27142332.124152604
27144540.026649237
27146748.10874847
27148956.370464858
27151164.811813124
27153373.43280782
27155582.23346351
27157791.213794917
27160000.373816602
27162209.713543124
27164419.232989218
27166628.93216944
27168838.81109836
27171048.86979071
27173259.108261056
27175469.526524026
27177680.124594238
27179890.902486272
27182101.86021486
27184312.997794576
27186524.31524
27188735.812565867
27190947.489786755
27193159.34691725
27195371.383972086
27197583.600965854
27199795.99791313
27202008.574828666
27204221.331727043
27206434.26862285
27208647.385530837
27210860.682465594
27213074.15944176
27215287.816473987
27217501.653576866
27219715.67076515
27221929.86805344
27224144.245456323
27226358.802988566
27228573.54066477
27230788.458499525
27233003.556507602
27235218.834703602
27237434.293102127
27239649.931717943
27241865.75056566
27244081.749659933
27246297.929015372
27248514.28864675
27250730.82856868
27252947.548795823
27255164.44934279
27257381.530224368
27259598.79145516
27261816.23304979
27264033.855023038
27266251.65738952
27268469.640163854
27270687.80336083
27272906.146995068
27275124.671081185
27277343.375633977
27279562.260668065
27281781.326198135
27284000.572238863
27286219.998804882
27288439.605910987
27290659.39357181
27292879.361801974
27295099.51061629
27297319.84002939
27299540.350055903
27301761.04071064
27303981.91200823
27306202.96396332
27308424.19659071
27310645.60990505
27312867.20392097
27315088.978653293
27317310.934116658
27319533.070325766
27321755.38729532
27323977.885039974
27326200.563574534
27328423.42291366
27330646.463072
27332869.684064373
27335093.085905433
27337316.668609843
27339540.432192415
27341764.37666782
27343988.502050705
27346212.808355905
27348437.29559808
27350661.963791944
27352886.812952165
27355111.843093578
27357337.054230843
27359562.446378686
27361788.019551776
27364013.77376495
27366239.70903288
27368465.825370234
27370692.122791857
27372918.60131242
27375145.260946605
27377372.10170925
27379599.123615034
27381826.32667864
27384053.710914914
27386281.276338536
27388509.022964247
27390736.950806785
27392965.059880838
27395193.35020126
27397421.821782734
27399650.474639952
27401879.308787774
27404108.32424089
27406337.52101399
27408566.899121936
27410796.458579425
27413026.199401148
27415256.121601976
27417486.225196607
27419716.510199737
27421946.976626236
27424177.62449081
27426408.45380821
27428639.464593202
27430870.65686049
27433102.03062495
27435333.585901286
27437565.322704215
27439797.241048608
27442029.34094918
27444261.622420643
27446494.085477877
27448726.7301356
27450959.55640853
27453192.564311545
27455425.75385937
27457659.12506678
27459892.677948497
27462126.41251941
27464360.32879424
27466594.426787775
27468828.70651473
27471063.167990014
27473297.811228342
27475532.636244453
27477767.64305324
27480002.83166944
27482238.20210778
27484473.75438317
27486709.488510337
27488945.404504023
27491181.502379138
27493417.782150414
27495654.243832648
27497890.88744064
27500127.712989133
27502364.720493037
27504601.909967102
27506839.28142607
27509076.834884856
27511314.57035821
27513552.48786088
27515790.587407794
27518028.869013693
27520267.33269334
27522505.978461653
27524744.806333385
27526983.8163233
27529223.00844632
27531462.382717207
27533701.939150777
27535941.67776185
27538181.598565184
27540421.70157572
27542661.986808214
27544902.454277437
27547143.10399833
27549383.935985655
27551624.950254183
27553866.14681886
27556107.525694452
27558349.08689574
27560590.830437664
27562832.756334998
27565074.864602577
27567317.155255184
27569559.62830776
27571802.283775095
27574045.12167202
27576288.142013323
27578531.344813954
27580774.730088703
27583018.297852356
27585262.04811987
27587505.980906032
27589750.096225634
27591994.39409364
27594238.87452484
27596483.53753403
27598728.38313617
27600973.411346063
27603218.622178562
27605464.01564852
27607709.59177074
27609955.35056019
27612201.29203167
27614447.416199993
27616693.723080125
27618940.212686878
27621186.885035057
27623433.740139637
27625680.778015435
27627927.998677257
27630175.402140085
27632422.988418736
27634670.75752802
27636918.709482923
27639166.844298266
27641415.16198892
27643663.662569765
27645912.346055616
27648161.21246147
27650410.261802148
27652659.494092476
27654908.909347445
27657158.507581886
27659408.288810626
27661658.253048662
27663908.400310826
27666158.730611946
27668409.243967034
27670659.940390915
27672910.819898482
27675161.88250457
27677413.128224198
27679664.55707219
27681916.16906345
27684167.964212816
27686419.942535307
27688672.10404576
27690924.44875902
27693176.976690106
27695429.687853865
27697682.582265146
27699935.659938965
27702188.920890175
27704442.36513363
27706695.99268435
27708949.80355719
27711203.797767065
27713457.975328885
27715712.336257514
27717966.880567975
27720221.60827513
27722476.519393846
27724731.61393915
27726986.89192591
27729242.353368986
27731497.99828342
27733753.82668408
27736009.83858583
27738266.034003716
27740522.412952606
27742778.975447375
27745035.721503064
27747292.65113455
27749549.76435677
27751807.06118465
27754064.541633073
27756322.20571709
27758580.053451583
27760838.084851433
27763096.29993169
27765354.698707245
27767613.28119298
27769872.047403954
27772130.997355055
27774390.131061174
27776649.44853737
27778908.949798536
27781168.63485962
27783428.50373552
27785688.556441303
27787948.79299186
27790209.213402152
27792469.817687076
27794730.6058617
27796991.577940933
27799252.73393967
27801514.07387299
27803775.597755797
27806037.305603
27808299.197429676
27810561.27325073
27812823.533081077
27815085.976935796
27817348.604829807
27819611.41677807
27821874.412795562
27824137.592897203
27826400.957098074
27828664.5054131
27830928.237857196
27833192.15444546
27835456.255192805
27837720.540114164
27839985.009224627
27842249.66253912
27844514.500072576
27846779.521840088
27849044.727856588
27851310.118137002
27853575.69269644
27855841.451549836
27858107.394712176
27860373.522198454
27862639.834023606
27864906.330202747
27867173.01075081
27869439.875682738
27871706.925013643
27873974.15875847
27876241.57693216
27878509.179549832
27880776.966626428
27883044.938176904
27885313.094216377
27887581.434759792
27889849.959822163
27892118.669418443
27894387.563563753
27896656.642273054
27898925.90556135
27901195.353443608
27903464.985934958
27905734.80305035
27908004.804804757
27910274.991213303
27912545.36229096
27914815.91805269
27917086.658513624
27919357.58368874
27921628.693593
27923899.988241542
27926171.467649344
27928443.131831434
27930714.98080284
27932987.01457854
27935259.233173676
27937531.63660323
27939804.224882178
27942076.99802567
27944349.95604869
27946623.09896622
27948896.426793408
27951169.939545244
27953443.63723671
27955717.51988297
27957991.58749901
27960265.840099815
27962540.277700555
27964814.900316212
27967089.707961842
27969364.7006525
27971639.878403172
27973915.24122903
27976190.789145075
27978466.5221663
27980742.440307885
27983018.543584827
27985294.832012124
27987571.30560496
27989847.964378335
27992124.80834726
27994401.837526906
27996679.05193229
27998956.451578476
28001234.03648047
28003511.80665347
28005789.762112476
28008067.902872566
28010346.228948753
28012624.740356233
28014903.437110018
28017182.31922513
28019461.38671676
28021740.639599934
28024020.077889673
28026299.701601174
28028579.510749463
28030859.505349565
28033139.685416684
28035420.05096585
28037700.602012146
28039981.338570666
28042262.26065644
28044543.368284676
28046824.66147041
28049106.140228678
28051387.80457469
28053669.654523488
28055951.69009011
28058233.91128977
28060516.318137508
28062798.910648376
28065081.688837588
28067364.652720187
28069647.802311227
28071931.13762592
28074214.65867933
28076498.365486555
28078782.25806271
28081066.336422846
28083350.60058219
28085635.050555807
28087919.686358742
28090204.508006237
28092489.515513346
28094774.708895132
28097060.08816683
28099345.653343506
28101631.40444022
28103917.341472216
28106203.464454558
28108489.773402374
28110776.26833073
28113062.949254878
28115349.81618988
28117636.869150877
28119924.108152937
28122211.533211313
28124499.144341078
28126786.941557314
28129074.92487527
28131363.09431003
28133651.449876677
28135939.991590463
28138228.719466474
28140517.6335198
28142806.733765695
28145096.02021925
28147385.49289561
28149675.15180993
28151964.996977296
28154255.028412975
28156545.24613206
28158835.65014965
28161126.24048101
28163417.01714125
28165707.980145454
28167999.1295089
28170290.465246696
28172581.98737394
28174873.695905913
28177165.590857714
28179457.672244456
28181749.940081418
28184042.394383706
28186335.03516649
28188627.862444945
28190920.876234178
28193214.076549474
28195507.46340595
28197801.036818728
28200094.796803094
28202388.743374165
28204682.87654707
28206977.196337093
28209271.702759363
28211566.395829003
28213861.27556131
28216156.34197141
28218451.59507449
28220747.03488568
28223042.661420282
28225338.474693425
28227634.474720303
28229930.661516048
28232227.035095967
28234523.5954752
28236820.34266888
28239117.276692323
28241414.397560667
28243711.70528905
28246009.199892797
28248306.881387044
28250604.749786936
28252902.805107795
28255201.047364768
28257499.47657306
28259798.09274788
28262096.895904377
28264395.886057884
28266695.063223545
28268994.427416515
28271293.97865213
28273593.716945548
28275893.64231192
28278193.754766583
28280494.054324698
28282794.541001428
28285095.214812107
28287396.0757719
28289697.12389598
28291998.35919968
28294299.781698167
28296601.391406674
28298903.18834043
28301205.172514603
28303507.34394454
28305809.702645417
28308112.24863241
28310414.98192087
28312717.902525973
28315021.010462902
28317324.305747006
28319627.788393475
28321931.458417483
28324235.315834396
28326539.36065939
28328843.592907723
28331148.012594573
28333452.619735304
28335757.41434511
28338062.396439243
28340367.56603289
28342672.92314142
28344978.46778003
28347284.19996392
28349590.119708456
28351896.22702884
28354202.521940272
28356509.00445813
28358815.674597614
28361122.532373928
28363429.577802453
28365736.810898393
28368044.231677018
28370351.840153594
28372659.636343326
28374967.62026161
28377275.79192365
28379584.15134466
28381892.698540036
28384201.43352499
28386510.35631474
28388819.46692468
28391128.76537003
28393438.25166601
28395747.92582802
28398057.787871283
28400367.83781102
28402678.07566264
28404988.50144136
28407299.115162477
28409609.916841272
28411920.906492982
28414232.08413301
28416543.449776594
28418855.003438964
28421166.74513553
28423478.674881537
28425790.792692218
28428103.09858299
28430415.59256909
28432728.274665765
28435041.144888435
28437354.203252338
28439667.449772786
28441980.88446502
28444294.507344466
28446608.318426374
28448922.317726057
28451236.50525876
28453550.881039917
28455865.44508478
28458180.197408605
28460495.13802683
28462810.266954705
28465125.584207494
28467441.089800633
28469756.783749387
28472072.666069012
28474388.736774955
28476704.99588248
28479021.44340691
28481338.079363577
28483654.903767742
28485971.91663486
28488289.1179802
28490606.507819038
28492924.086166818
28495241.853038818
28497559.808450315
28499877.952416766
28502196.28495345
28504514.806075644
28506833.515798807
28509152.414138228
28511471.501109183
28513790.776727136
28516110.241007376
28518429.893965248
28520749.735616103
28523069.76597523
28525389.985058095
28527710.392879993
28530030.989456218
28532351.77480224
28534672.74893336
28536993.91186487
28539315.26361225
28541636.804190803
28543958.533615824
28546280.451902796
28548602.559067022
28550924.85512387
28553247.340088643
28555570.013976824
28557892.876803726
28560215.928584717
28562539.16933511
28564862.59907039
28567186.217805877
28569510.02555688
28571834.0223389
28574158.208167247
28576482.583057247
28578807.147024393
28581131.900084008
28583456.842251413
28585781.973542113
28588107.293971427
28590432.803554747
28592758.502307456
28595084.390244886
28597410.467382543
28599736.733735755
28602063.18931986
28604389.834150366
28606716.66824261
28609043.691611927
28611370.904273834
28613698.306243666
28616025.897536766
28618353.678168654
28620681.648154672
28623009.807510164
28625338.156250652
28627666.694391478
28629995.421948057
28632324.338935792
28634653.445370037
28636982.741266314
28639312.226639982
28641641.901506394
28643971.765881084
28646301.819779404
28648632.063216712
28650962.49620855
28653293.118770268
28655623.93091724
28657954.932664998
28660286.12402891
28662617.505024396
28664949.075666826
28667280.835971743
28669612.78595452
28671944.92563058
28674277.255015302
28676609.77412423
28678942.482972745
28681275.381576214
28683608.469950195
28685941.748110063
28688275.216071203
28690608.87384917
28692942.72145934
28695276.758917104
28697610.98623802
28699945.403437477
28702280.01053091
28704614.80753378
28706949.794461466
28709284.97132954
28711620.338153392
28713955.894948415
28716291.641730186
28718627.57851409
28720963.70531553
28723300.022150084
28725636.529033147
28727973.225980118
28730310.11300658
28732647.19012793
28734984.457359582
28737321.91471711
28739659.562215928
28741997.399871495
28744335.427699286
28746673.645714708
28749012.05393335
28751350.652370628
28753689.441041954
28756028.41996292
28758367.589148942
28760706.948615447
28763046.49837802
28765386.238452088
28767726.16885307
28770066.28959657
28772406.600698005
28774747.10217287
28777087.794036586
28779428.676304758
28781769.748992816
28784111.01211625
28786452.465690494
28788794.109731156
28791135.944253672
28793477.969273474
28795820.184806183
28798162.590867233
28800505.18747206
28802847.97463629
28805190.95237536
28807534.120704714
28809877.479639973
28812221.029196586
28814564.769390054
28816908.700235892
28819252.821749542
28821597.133946635
28823941.636842623
28826286.330452964
28828631.21479328
28830976.289879035
28833321.555725686
28835667.012348864
28838012.65976403
28840358.49798665
28842704.527032353
28845050.746916614
28847397.157654893
28849743.75926283
28852090.551755898
28854437.53514962
28856784.70945953
28859132.07470109
28861479.63088996
28863827.378041606
28866175.31617151
28868523.445295315
28870871.76542851
28873220.276586566
28875568.978785142
28877917.87203972
28880266.956365783
28882616.23177899
28884965.698294826
28887315.35592884
28889665.204696514
28892015.244613517
28894365.475695338
28896715.89795753
28899066.511415582
28901417.316085167
28903768.311981782
28906119.49912092
28908470.877518255
28910822.44718929
28913174.208149523
28915526.160414632
28917878.30400012
28920230.63892149
28922583.16519443
28924935.88283444
28927288.791857086
28929641.892277945
28931995.184112515
28934348.667376496
28936702.342085395
28939056.208254725
28941410.265900183
28943764.51503728
28946118.95568154
28948473.587848656
28950828.41155415
28953183.42681354
28955538.63364253
28957894.03205664
28960249.622071404
28962605.403702516
28964961.37696551
28967317.541875977
28969673.898449495
28972030.44670161
28974387.186648022
28976744.118304268
28979101.241685886
28981458.556808587
28983816.063687913
28986173.762339402
28988531.65277877
28990889.73502156
28993248.009083316
28995606.47497976
28997965.132726435
29000323.98233895
29002683.02383285
29005042.257223867
29007401.68252755
29009761.299759507
29012121.108935293
29014481.110070642
29016841.30318111
29019201.68828225
29021562.265389804
29023923.034519326
29026283.99568638
29028645.1489067
29031006.49419586
29033368.031569418
29035729.761043116
29038091.682632525
29040453.796353273
29042816.102220986
29045178.600251235
29047541.290459774
29049904.172862172
29052267.247474007
29054630.514311034
29056993.973388825
29059357.624722965
29061721.468329206
29064085.50422313
29066449.732420325
29068814.152936544
29071178.76578738
29073543.570988417
29075908.56855542
29078273.75850397
29080639.140849728
29083004.71560834
29085370.4827954
29087736.442426674
29090102.594517764
29092468.939084265
29094835.47614195
29097202.20570642
29099569.127793275
29101936.242418293
29104303.549597077
29106671.049345233
29109038.741678543
29111406.626612615
29113774.70416311
29116142.974345647
29118511.437176008
29120880.092669807
29123248.940842714
29125617.981710345
29127987.21528849
29130356.641592775
29132726.260638807
29135096.07244239
29137466.07701914
29139836.274384685
29142206.66455482
29144577.247545175
29146948.023371372
29149318.992049217
29151690.153594337
29154061.50802242
29156433.055349164
29158804.79559019
29161176.728761315
29163548.854878176
29165921.173956405
29168293.686011817
29170666.39106005
29173039.289116748
29175412.380197726
29177785.664318632
29180159.1414951
29182532.81174296
29184906.675077856
29187280.731515437
29189654.981071528
29192029.423761778
29194404.0596019
29196778.888607603
29199153.91079454
29201529.12617855
29203904.53477529
29206280.13660041
29208655.93166975
29211031.91999897
29213408.10160373
29215784.476499874
29218161.044703066
29220537.806228973
29222914.761093434
29225291.909312118
29227669.250900757
29230046.78587502
29232424.51425075
29234802.436043635
29237180.551269393
29239558.85994371
29241937.362082437
29244316.05770125
29246694.94681583
29249074.02944204
29251453.305595554
29253832.775292058
29256212.438547418
29258592.295377318
29260972.345797446
29263352.589823663
29265733.027471665
29268113.658757202
29270494.48369602
29272875.502303816
29275256.714596465
29277638.12058966
29280019.720299095
29282401.513740655
29284783.50093003
29287165.68188293
29289548.056615233
29291930.625142638
29294313.387480855
29296696.34364577
29299079.493653085
29301462.83751851
29303846.375257935
29306230.106887072
29308614.03242169
29310998.151877567
29313382.46527041
29315766.972616125
29318151.67393042
29320536.569229018
29322921.65852782
29325306.941842545
29327692.419188913
29330078.09058283
29332463.95604002
29334850.01557621
29337236.26920731
29339622.716949042
29342009.358817205
29344396.19482752
29346783.224995907
29349170.449338097
29351557.867869888
29353945.480607014
29356333.28756539
29358721.28876076
29361109.48420886
29363497.873925615
29365886.45792677
29368275.23622806
29370664.208845418
29373053.37579459
29375442.73709132
29377832.292751547
29380222.04279101
29382611.987225525
29385002.126070905
29387392.459342908
29389782.987057466
29392173.709230334
29394564.625877276
29396955.737014227
29399347.04265695
29401738.542821206
29404130.23752294
29406522.126777913
29408914.2106019
29411306.489010837
29413698.962020498
29416091.62964665
29418484.491905253
29420877.54881207
29423270.80038294
29425664.24663369
29428057.887580108
29430451.72323814
29432845.753623575
29435239.97875219
29437634.39863994
29440029.013302617
29442423.822756
29444818.827016056
29447214.026098568
29449609.42001933
29452005.008794304
29454400.79243929
29456796.77097013
29459192.944402624
29461589.312752742
29463985.87603628
29466382.6342691
29468779.587466992
29471176.735645942
29473574.078821752
29475971.617010217
29478369.350227326
29480767.27848888
29483165.401810687
29485563.720208734
29487962.233698834
29490360.942296788
29492759.84601859
29495158.944880057
29497558.23889706
29499957.728085473
29502357.412461113
29504757.29203998
29507157.366837885
29509557.636870656
29511958.102154296
29514358.76270462
29516759.618537456
29519160.66966881
29521561.916114505
29523963.357890375
29526364.995012425
29528766.827496484
29531168.85535839
29533571.07861415
29535973.497279603
29538376.111370638
29540778.92090316
29543181.925893
29545585.126356184
29547988.52230855
29550392.11376594
29552795.90074438
29555199.883259706
29557604.061327774
29560008.43496461
29562413.004186053
29564817.769007966
29567222.72944637
29569627.885517124
29572033.237236142
29574438.78461927
29576844.527682558
29579250.466441855
29581656.60091308
29584062.931112096
29586469.457054943
29588876.17875748
29591283.09623558
29593690.209505286
29596097.51858246
29598505.02348297
29600912.72422287
29603320.62081803
29605728.713284317
29608137.00163779
29610545.48589432
29612954.166069847
29615363.0421803
29617772.114241567
29620181.3822697
29622590.846280586
29625000.5062901
29627410.362314314
29629820.414369106
29632230.662470367
29634641.106634162
29637051.74687638
29639462.583212912
29641873.61565983
29644284.844233025
29646696.268948387
29649107.889822
29651519.706869755
29653931.72010761
29656343.929551527
29658756.335217405
29661168.937121324
29663581.735279188
29665994.729706902
29668407.920420554
29670821.307436045
29673234.890769288
29675648.670436367
29678062.6464532
29680476.818835698
29682891.187599953
29685305.752761878
29687720.51433745
29690135.472342584
29692550.626793385
29694965.97770577
29697381.525095716
29699797.26897915
29702213.209372178
29704629.34629072
29707045.679750703
29709462.209768236
29711878.93635925
29714295.859539673
29716712.979325615
29719130.295733012
29721547.808777798
29723965.518476088
29726383.42484382
29728801.52789699
29731219.827651598
29733638.324123584
29736057.017329074
29738475.907284006
29740894.994004328
29743314.277506165
29745733.757805463
29748153.434918173
29750573.308860425
29752993.379648168
29755413.647297356
29757834.11182412
29760254.77324442
29762675.631574206
29765096.686829623
29767517.939026624
29769939.388181232
29772361.03430947
29774782.877427295
29777204.917550858
29779627.15469612
29782049.588879053
29784472.220115796
29786895.04842233
29789318.073814616
29791741.29630881
29794164.715920884
29796588.332666818
29799012.14656276
29801436.15762469
29803860.36586865
29806284.771310616
29808709.37396675
29811134.173853036
29813559.170985516
29815984.365380175
29818409.75705318
29820835.34602052
29823261.132298183
29825687.11590234
29828113.296848975
29830539.675154094
29832966.25083386
29835393.023904275
29837819.994381335
29840247.162281215
29842674.52761992
29845102.090413503
29847529.850678034
29849957.80842951
29852385.96368412
29854814.316457868
29857242.86676676
29859671.614626985
29862100.560054556
29864529.703065477
29866959.04367595
29869388.581901986
29871818.317759596
29874248.251264982
29876678.382434156
29879108.711283136
29881539.23782813
29883969.962085158
29886400.884070296
29888832.003799636
29891263.321289197
29893694.836555194
29896126.549613647
29898558.46048059
29900990.569172233
29903422.875704605
29905855.380093746
29908288.082355864
29910720.982507
29913154.080563188
29915587.37654065
29918020.870455425
29920454.56232361
29922888.452161252
29925322.539984576
29927756.825809624
29930191.309652504
29932625.99152926
29935060.871456128
29937495.949449155
29939931.22552439
29942366.699698072
29944802.37198625
29947238.242404982
29949674.310970504
29952110.57769888
29954547.04260616
29956983.70570859
29959420.567022234
29961857.626563214
29964294.88434765
29966732.340391617
29969169.994711358
29971607.84732294
29974045.898242436
29976484.147486098
29978922.595069993
29981361.241010204
29983800.08532298
29986239.1280244
29988678.369130537
29991117.808657657
29993557.446621843
29995997.283039164
29998437.317925896
30000877.55129812
30003317.98317198
30005758.613563623
30008199.44248914
30010640.4699648
30013081.696006693
30015523.12063091
30017964.743853725
30020406.56569124
30022848.586159542
30025290.805274915
30027733.223053455
30030175.83951126
30032618.65466462
30035061.668529633
30037504.88112246
30039948.29245921
30042391.90255617
30044835.711429447
30047279.71909521
30049723.925569575
30052168.33086883
30054612.935009085
30057057.73800646
30059502.73987725
30061947.940637574
30064393.340303544
30066838.93889147
30069284.736417465
30071730.732897654
30074176.928348348
30076623.32278566
30079069.916225787
30081516.70868491
30083963.70017916
30086410.890724853
30088858.280338112
30091305.869035076
30093753.656832058
30096201.6437452
30098649.829790626
30101098.214984663
30103546.79934345
30105995.58288313
30108444.565620024
30110893.747570273
30113343.128750023
30115792.7091756
30118242.48886316
30120692.4678289
30123142.646089036
30125593.02365972
30128043.600557283
30130494.376797885
30132945.352397673
30135396.527372986
30137847.90173999
30140299.475514833
30142751.248713866
30145203.221353248
30147655.39344914
30150107.765017886
30152560.33607566
30155013.10663868
30157466.07672312
30159919.24634533
30162372.61552148
30164826.184267804
30167279.952600475
30169733.920535848
30172188.088090103
30174642.455279414
30177097.022120144
30179551.78862847
30182006.754820574
30184461.920712825
30186917.2863214
30189372.851662494
30191828.616752468
30194284.58160751
30196740.74624387
30199197.11067781
30201653.674925502
30204110.439003337
30206567.402927507
30209024.5667142
30211481.930379808
30213939.49394052
30216397.257412538
30218855.220812246
30221313.384155843
30223771.74745954
30226230.31073972
30228689.074012585
30231148.03729435
30233607.200601406
30236066.56394996
30238526.127356287
30240985.890836656
30243445.854407284
30245906.01808457
30248366.381884735
30250826.94582399
30253287.709918737
30255748.6741852
30258209.838639606
30260671.203298353
30263132.768177666
30265594.533293776
30268056.498663094
30270518.664301842
30272981.030226316
30275443.596452747
30277906.362997547
30280369.329876956
30282832.497107264
30285295.86470471
30287759.432685718
30290223.201066524
30292687.16986337
30295151.33909268
30297615.708770696
30300080.278913666
30302545.049538016
30305010.020659994
30307475.19229585
30309940.564462014
30312406.13717474
30314871.91045034
30317337.88430513
30319804.058755364
30322270.433817483
30324737.00950774
30327203.7858424
30329670.762837905
30332137.94051052
30334605.318876497
30337072.897952296
30339540.677754175
30342008.658298403
30344476.839601435
30346945.22167954
30349413.804548983
30351882.588226225
30354351.57272754
30356820.75806926
30359290.144267723
30361759.731339213
30364229.519300185
30366699.508166924
30369169.69795571
30371640.08868301
30374110.680365104
30376581.47301828
30379052.466659017
30381523.66130359
30383995.056968294
30386466.653669607
30388938.451423816
30391410.450247277
30393882.650156286
30396355.05116732
30398827.653296683
30401300.456560727
30403773.460975755
30406246.66655826
30408720.07332453
30411193.68129088
30413667.490473796
30416141.500889584
30418615.712554555
30421090.1254852
30423564.73969783
30426039.555208754
30428514.572034474
30430989.790191304
30433465.209695622
30435940.830563802
30438416.652812168
30440892.67645722
30443368.901515283
30445845.328002676
30448321.95593591
30450798.78533131
30453275.8162052
30455753.048574094
30458230.48245432
30460708.11786221
30463185.95481428
30465663.993326865
30468142.2334163
30470620.675099097
30473099.318391606
30475578.163310215
30478057.209871333
30480536.458091296
30483015.907986637
30485495.559573695
30487975.412868816
30490455.467888534
30492935.724649195
30495416.18316715
30497896.843458924
30500377.705540884
30502858.76942937
30505340.03514093
30507821.50269192
30510303.172098752
30512785.04337779
30515267.116545577
30517749.39161847
30520231.8686129
30522714.547545224
30525197.428432
30527680.511289585
30530163.796134356
30532647.28298286
30535130.97185147
30537614.862756558
30540098.955714684
30542583.250742216
30545067.747855537
30547552.447071206
30550037.3484056
30552522.451875165
30555007.75749634
30557493.265285503
30559978.97525923
30562464.887433905
30564951.001825914
30567437.31845183
30569923.83732804
30572410.558470935
30574897.481897093
30577384.607622907
30579871.93566477
30582359.466039263
30584847.198762786
30587335.133851733
30589823.271322694
30592311.61119207
30594800.15347632
30597288.89819191
30599777.84535525
30602266.994982928
30604756.347091354
30607245.90169693
30609735.658816267
30612225.618465763
30614715.780661833
30617206.145421084
30619696.712759923
30622187.48269477
30624678.455242235
30627169.630418733
30629661.008240744
30632152.58872469
30634644.37188719
30637136.35774466
30639628.54631359
30642120.93761041
30644613.53165173
30647106.328453988
30649599.328033607
30652092.530407216
30654585.93559124
30657079.54360212
30659573.354456477
30662067.36817075
30664561.584761377
30667056.00424499
30669550.626638025
30672045.45195699
30674540.480218396
30677035.711438686
30679531.145634495
30682026.782822266
30684522.62301846
30687018.666239705
30689514.912502464
30692011.36182318
30694508.014218505
30697004.86970489
30699501.928298797
30701999.19001687
30704496.65487557
30706994.32289136
30709492.19408089
30711990.268460624
30714488.546047095
30716987.02685683
30719485.710906293
30721984.59821215
30724483.68879087
30726982.98265892
30729482.479832966
30731982.180329487
30734482.084164955
30736982.191356037
30739482.501919214
30741983.015870962
30744483.733227957
30746984.65400668
30749485.778223675
30751987.105895434
30754488.63703863
30756990.37166975
30759492.30980535
30761994.45146192
30764496.79665614
30766999.345404502
30769502.097723506
30772005.053629834
30774508.21313999
30777011.576270465
30779515.14303795
30782018.91345895
30784522.88754997
30787027.0653277
30789531.446808647
30792036.03200938
30794540.820946474
30797045.813636433
30799551.010095965
30802056.41034158
30804562.014389787
30807067.822257295
30809573.833960623
30812080.049516283
30814586.46894099
30817093.092251256
30819599.919463612
30822106.950594768
30824614.185661245
30827121.624679577
30829629.26766647
30832137.114638463
30834645.165612143
30837153.420604106
30839661.879630886
30842170.542709205
30844679.409855597
30847188.481086604
30849697.75641895
30852207.235869177
30854716.919453822
30857226.80718962
30859736.899093114
30862247.195180845
30864757.695469555
30867268.399975788
30869779.308716156
30872290.421707213
30874801.738965694
30877313.260508157
30879824.986351218
30882336.91651143
30884849.05100555
30887361.38985012
30889873.933061715
30892386.680657078
30894899.63265277
30897412.789065357
30899926.149911597
30902439.715208054
30904953.484971292
30907467.459218077
30909981.637964975
30912496.021228623
30915010.609025657
30917525.40137265
30920040.39828637
30922555.59978339
30925071.005880296
30927586.616593853
30930102.43194064
30932618.451937247
30935134.67660044
30937651.10594681
30940167.739992943
30942684.578755613
30945201.622251414
30947718.870496932
30950236.323508956
30952753.98130407
30955271.843898945
30957789.911310226
30960308.183554523
30962826.660648618
30965345.34260911
30967864.229452606
30970383.321195897
30972902.617855586
30975422.119448278
30977941.82599077
30980461.737499677
30982981.853991598
30985502.175483342
30988022.701991517
30990543.433532804
30993064.37012382
30995585.51178136
30998106.858522054
31000628.41036258
31003150.16731956
31005672.1294098
31008194.296649933
31010716.669056576
31013239.246646546
31015762.029436477
31018285.01744299
31020808.210682906
31023331.609172862
31025855.212929484
31028379.0219696
31030903.036309846
31033427.25596692
31035951.680957526
31038476.3112983
31041001.147006076
31043526.188097496
31046051.434589203
31048576.886498034
31051102.543840628
31053628.40663364
31056154.474893913
31058680.748638086
31061207.22788282
31063733.912644953
31066260.802941144
31068787.898788042
31071315.200202502
31073842.707201175
31076370.419800792
31078898.338018075
31081426.461869683
31083954.791372474
31086483.326543115
31089012.06739827
31091541.013954792
31094070.16622936
31096599.52423864
31099129.087999493
31101658.857528597
31104188.832842626
31106719.013958443
31109249.400892727
31111779.99366222
31114310.792283606
31116841.79677375
31119373.007149342
31121904.423427127
31124436.04562379
31126967.87375621
31129499.907841075
31132032.147895075
31134564.593935087
31137097.24597781
31139630.104039937
31142163.16813835
31144696.43828975
31147229.91451083
31149763.596818488
31152297.485229414
31154831.57976038
31157365.88042815
31159900.387249433
31162435.10024112
31164970.019419923
31167505.14480255
31170040.476405904
31172576.01424669
31175111.758341625
31177647.708707616
31180183.865361374
31182720.228319615
31185256.797599256
31187793.573217012
31190330.555189602
31192867.74353394
31195405.138266753
31197942.739404827
31200480.546964955
31203018.560963858
31205556.781418465
31208095.2083455
31210633.841761697
31213172.681683984
31215711.72812909
31218250.98111375
31220790.4406549
31223330.10676927
31225869.97947361
31228410.058784842
31230950.344719715
31233490.837295037
31236031.53652755
31238572.4424342
31241113.55503172
31243654.87433694
31246196.4003666
31248738.13313765
31251280.07266684
31253822.218970925
31256364.57206685
31258907.13197138
31261449.898701273
31263992.87227348
31266536.052704755
31269079.44001187
31271623.03421178
31274166.835321248
31276710.84335711
31279255.05833619
31281799.480275266
31284344.1091913
31286888.94510106
31289433.98802132
31291979.237969056
31294524.694961037
31297070.35901404
31299616.230145045
31302162.308370825
31304708.59370816
31307255.086174037
31309801.785785228
31312348.69255853
31314895.806510914
31317443.127659176
31319990.65602017
31322538.39161074
31325086.334447697
31327634.484548017
31330182.841928497
31332731.406605933
31335280.17859732
31337829.157919455
31340378.344589144
31342927.738623373
31345477.34003895
31348027.148852687
31350577.165081576
31353127.388742425
31355677.81985211
31358228.45842744
31360779.30448542
31363330.35804287
31365881.61911666
31368433.08772361
31370984.76388073
31373536.647604838
31376088.738912757
31378641.0378215
31381193.54434789
31383746.258508753
31386299.180321105
31388852.309801772
31391405.646967586
31393959.19183557
31396512.944422554
31399066.904745437
31401621.072821114
31404175.44866642
31406730.032298386
31409284.823733855
31411839.822989658
31414395.030082837
31416950.445030227
31419506.06784868
31422061.898555223
31424617.93716671
31427174.183699988
31429730.638172098
31432287.30059989
31434844.17100022
31437401.24939013
31439958.535786472
31442516.030206174
31445073.732666153
31447631.64318327
31450189.761774573
31452748.08845693
31455306.6232472
31457865.36616244
31460424.317219518
31462983.4764353
31465542.84382685
31468102.419411033
31470662.20320472
31473222.195224985
31475782.395488694
31478342.804012787
31480903.42081414
31483464.245909832
31486025.279316735
31488586.521051794
31491147.971131895
31493709.62957411
31496271.496395327
31498833.571612436
31501395.85524251
31503958.34730244
31506521.047809124
31509083.956779636
31511647.074230876
31514210.40017974
31516773.93464331
31519337.67763849
31521901.629182238
31524465.78929152
31527030.15798324
31529594.73527449
31532159.52118218
31534724.51572321
31537289.718914684
31539855.130773507
31542420.75131659
31544986.580561038
31547552.61852376
31550118.865221675
31552685.32067189
31555251.98489132
31557818.857896887
31560385.9397057
31562953.230334677
31565520.72980081
31568088.438121084
31570656.355312422
31573224.48139195
31575792.816376593
31578361.360283274
31580930.113129124
31583499.074931074
31586068.245706055
31588637.625471193
31591207.21424343
31593777.012039695
31596347.01887713
31598917.234772667
31601487.659743313
31604058.293806016
31606629.136977907
31609200.189275935
31611771.450717114
31614342.921318386
31616914.6010969
31619486.490069605
31622058.58825345
31624630.89566559
31627203.412322972
31629776.138242558
31632349.073441498
31634922.21793675
31637495.57174528
31640069.134884235
31642642.907370586
31645216.88922136
31647791.080453586
31650365.481084235
31652940.09113047
31655514.910609253
31658089.939537566
31660665.17793257
31663240.625811245
31665816.283190563
31668392.150087696
31670968.226519622
31673544.51250332
31676121.008055966
31678697.713194545
31681274.62793604
31683851.75229763
31686429.0862963
31689006.629949108
31691584.383273106
31694162.346285284
31696740.51900283
31699318.901442736
31701897.493621998
31704476.295557808
31707055.307267163
31709634.52876706
31712213.9600747
31714793.60120708
31717373.452181205
31719953.513014276
31722533.783723295
31725114.26432534
31727694.954837415
31730275.855276726
31732856.965660285
31735438.286005173
31738019.816328403
31740601.55664718
31743183.50697853
31745765.667339467
31748348.037747208
31750930.61821877
31753513.408771176
31756096.409421653
31758679.62018722
31761263.0410849
31763846.672131926
31766430.51334532
31769014.56474218
31771598.82633961
31774183.298154633
31776767.98020449
31779352.872506205
31781937.97507683
31784523.287933588
31787108.811093524
31789694.54457368
31792280.4883913
31794866.642563418
31797453.00710709
31800039.582039554
31802626.36737786
31805213.36313906
31807800.569340397
31810387.98599893
31812975.613131773
31815563.45075605
31818151.49888882
31820739.757547338
31823328.226748656
31825916.906509843
31828505.796848156
31831094.89778066
31833684.20932442
31836273.731496695
31838863.464314558
31841453.407795075
31844043.56195552
31846633.926812958
31849224.50238453
31851815.28868731
31854406.28573858
31856997.493555408
31859588.91215494
31862180.54155426
31864772.381770644
31867364.432821177
31869956.694722947
31872549.167493228
31875141.851149116
31877734.745707694
31880327.851186257
31882921.167601887
31885514.694971684
31888108.433312938
31890702.382642742
31893296.542978264
31895890.914336663
31898485.496735044
31901080.2901907
31903675.29472074
31906270.510342263
31908865.937072575
31911461.574928783
31914057.423927993
31916653.484087512
31919249.75542445
31921846.237955928
31924442.931699246
31927039.836671527
31929636.952889886
31932234.280371636
31934831.819133896
31937429.56919386
31940027.530568708
31942625.703275565
31945224.087331757
31947822.68275441
31950421.48956065
31953020.5077678
31955619.737393
31958219.178453375
31960818.830966257
31963418.69494878
31966018.770418085
31968619.057391502
31971219.55588617
31973820.2659193
31976421.187508035
31979022.320669707
31981623.665421467
31984225.221780524
31986826.989764027
31989428.969389323
31992031.160673562
31994633.563633893
31997236.17828767
31999839.004652046
32002442.042744175
32005045.292581417
32007648.754180923
32010252.42755986
32012856.312735584
32015460.409725256
32018064.71854611
32020669.239215378
32023273.971750222
32025878.916168008
32028484.072485913
32031089.440721102
32033695.020890947
32036300.81301262
32038906.8171033
32041513.03318036
32044119.461260978
32046726.101362333
32049332.953501806
32051940.017696574
32054547.293963827
32057154.782320946
32059762.482785117
32062370.395373594
32064978.52010363
32067586.85699242
32070195.406057354
32072804.16731562
32075413.14078442
32078022.326481145
32080631.72442299
32083241.33462716
32085851.157111045
32088461.191891856
32091071.438986793
32093681.89841326
32096292.57018846
32098903.45432967
32101514.550854094
32104125.859779146
32106737.381122038
32109349.11490004
32111961.06113038
32114573.21983046
32117185.591017507
32119798.174708735
32122410.97092156
32125023.97967321
32127637.2009809
32130250.63486206
32132864.281333916
32135478.140413687
32138092.21211881
32140706.496466503
32143320.993474074
32145935.70315882
32148550.62553797
32151165.76062896
32153781.10844903
32156396.66901542
32159012.44234556
32161628.4284567
32164244.627366077
32166861.039091136
32169477.66364912
32172094.50105728
32174711.55133306
32177328.814493705
32179946.290556476
32182563.979538813
32185181.88145798
32187799.996331293
32190418.324176077
32193036.865009587
32195655.61884928
32198274.585712425
32200893.76561628
32203513.158578303
32206132.76461576
32208752.583745923
32211372.615986254
32213992.861354027
32216613.319866505
32219233.991541166
32221854.876395278
32224475.97444619
32227097.285711166
32229718.810207695
32232340.547953047
32234962.498964574
32237584.66325956
32240207.04085548
32242829.631769624
32245452.436019275
32248075.45362192
32250698.68459485
32253322.128955357
32255945.786720924
32258569.657908853
32261193.742536437
32263818.040621165
32266442.55218034
32269067.277231324
32271692.215791486
32274317.367878124
32276942.733508747
32279568.31270065
32282194.10547115
32284820.111837745
32287446.331817742
32290072.76542846
32292699.412687406
32295326.27361189
32297953.348219223
32300580.63652693
32303208.138552323
32305835.854312718
32308463.78382564
32311091.927108403
32313720.284178402
32316348.855053026
32318977.6397496
32321606.63828565
32324235.85067851
32326865.2769455
32329494.91710416
32332124.771171812
32334754.8391658
32337385.12110365
32340015.61700271
32342646.326880313
32345277.25075399
32347908.388641097
32350539.74055903
32353171.30652514
32355803.08655697
32358435.08067187
32361067.288887247
32363699.71122046
32366332.34768905
32368965.198310375
32371598.26310179
32374231.542080846
32376865.0352649
32379498.742671315
32382132.66431764
32384766.80022125
32387401.150399495
32390035.714869943
32392670.49364996
32395305.486756977
32397940.694208432
32400576.11602169
32403211.752214324
32405847.602803703
32408483.667807207
32411119.947242405
32413756.441126674
32416393.149477396
32419030.072312146
32421667.209648307
32424304.561503258
32426942.127894584
32429579.908839673
32432217.90435591
32434856.114460878
32437494.539171968
32440133.178506643
32442772.032482352
32445411.101116497
32448050.384426672
32450689.882430267
32453329.595144685
32455969.522587523
32458609.66477618
32461250.02172806
32463890.59346077
32466531.379991706
32469172.38133828
32471813.5975181
32474455.028548572
32477096.67444718
32479738.535231322
32482380.610918626
32485022.9015265
32487665.407072425
32490308.12757382
32492951.06304831
32495594.213513307
32498237.578986235
32500881.15948472
32503524.955026183
32506168.965628054
32508813.19130796
32511457.632083327
32514102.287971586
32516747.15899037
32519392.24515711
32522037.54648931
32524683.063004475
32527328.794720035
32529974.741653636
32532620.903822713
32535267.28124471
32537913.873937275
32540560.681917842
32543207.70520387
32545854.943812992
32548502.397762667
32551150.067070343
32553797.951753672
32556446.051830105
32559094.367317095
32561742.898232307
32564391.64459319
32567040.60641727
32569689.783722077
32572339.17652507
32574988.784843918
32577638.608696077
32580288.648099016
32582938.90307041
32585589.373627715
32588240.05978841
32590890.961570162
32593542.07899045
32596193.412066743
32598844.960816715
32601496.72525785
32604148.705407694
32606800.901283722
32609453.312903617
32612105.94028486
32614758.783445008
32617411.84240154
32620065.11717215
32622718.607774325
32625372.314225554
32628026.23654353
32630680.37474574
32633334.728849687
32635989.29887306
32638644.08483336
32641299.08674809
32643954.304634944
32646609.738511425
32649265.3883951
32651921.25430355
32654577.33625427
32657233.63426497
32659890.148353163
32662546.878536355
32665203.82483226
32667860.98725839
32670518.36583226
32673175.960571587
32675833.771493886
32678491.798616678
32681150.041957684
32683808.50153442
32686467.177364416
32689126.06946539
32691785.177854877
32694444.502550464
32697104.043569747
32699763.800930258
32702423.774649724
32705083.96474569
32707744.371235676
32710404.99413743
32713065.83346848
32715726.88924637
32718388.161488842
32721049.65021343
32723711.35543769
32726373.27717935
32729035.41545597
32731697.77028516
32734360.341684464
32737023.129671637
32739686.13426423
32742349.355479863
32745012.79333609
32747676.447850667
32750340.319041155
32753004.406925105
32755668.711520284
32758333.232844252
32760997.970914572
32763662.92574901
32766328.09736513
32768993.4857805
32771659.091012888
32774324.91307987
32776990.951999076
32779657.20778815
32782323.680464666
32784990.370046403
32787657.276550937
32790324.399995845
32792991.74039891
32795659.297777712
32798327.07214983
32800995.06353306
32803663.27194498
32806331.69740318
32809000.33992545
32811669.19952938
32814338.276232556
32817007.57005278
32819677.08100764
32822346.809114806
32825016.754391935
32827686.91685663
32830357.296526693
32833027.89341972
32835698.707553323
32838369.738945298
32841040.987613257
32843712.453574806
32846384.136847757
32849056.037449714
32851728.155398294
32854400.490711313
32857073.04340638
32859745.81350118
32862418.80101333
32865092.00596065
32867765.428360764
32870439.06823136
32873112.925590053
32875787.00045468
32878461.292842858
32881135.80277222
32883810.530260593
32886485.47532561
32889160.6379849
32891836.018256303
32894511.616157446
32897187.43170597
32899863.464919712
32902539.71581631
32905216.184413474
32907892.870728914
32910569.77478027
32913246.896585386
32915924.236161914
32918601.7935275
32921279.56869999
32923957.56169704
32926635.7725363
32929314.201235622
32931992.847812664
32934671.712285083
32937350.794670735
32940030.094987277
32942709.613252375
32945389.349483892
32948069.30369949
32950749.4759169
32953429.866153855
32956110.474428024
32958791.300757278
32961472.34515929
32964153.60765172
32966835.088252462
32969516.786979176
32972198.703849547
32974880.838881448
32977563.19209256
32980245.763500568
32982928.553123347
32985611.56097859
32988294.787084043
32990978.231457397
32993661.894116536
32996345.775079153
32999029.87436301
33001714.19198579
33004398.727965392
33007083.482319515
33009768.45506585
33012453.6462223
33015139.055806562
33017824.68383634
33020510.530329537
33023196.595303856
33025882.878776997
33028569.38076688
33031256.101291206
33033943.04036775
33036630.198014293
33039317.57424855
33042005.169088427
33044692.982551653
33047381.014655933
33050069.265419193
33052757.734859154
33055446.42299353
33058135.32984025
33060824.45541704
33063513.799741622
33066203.362831928
33068893.14470568
33071583.145380612
33074273.36487466
33076963.803205553
33079654.46039109
33082345.33644908
33085036.43139725
33087727.74525355
33090419.278035723
33093111.029761497
33095803.000448823
33098495.190115448
33101187.598779116
33103880.226457775
33106573.073169176
33109266.138931062
33111959.423761394
33114652.927677922
33117346.650698468
33120040.592840787
33122734.754122842
33125429.134562384
33128123.734177247
33130818.55298519
33133513.591004178
33136208.84825198
33138904.32474635
33141600.02050527
33144295.935546506
33146992.069887824
33149688.4235472
33152384.996542405
33155081.78889122
33157778.800611615
33160476.031721376
33163173.48223834
33165871.152180362
33168569.04156522
33171267.1504109
33173965.47873519
33176664.026555873
33179362.79389094
33182061.780758176
33184760.98717538
33187460.413160536
33190160.058731444
33192859.923905898
33195560.0087019
33198260.313137237
33200960.837229718
33203661.580997344
33206362.544457916
33209063.727629304
33211765.13052938
33214466.753175955
33217168.595587034
33219870.657780427
33222572.93977395
33225275.441585615
33227978.16323323
33230681.10473462
33233384.266107794
33236087.64737058
33238791.24854079
33241495.06963645
33244199.11067538
33246903.371675476
33249607.85265456
33252312.553630665
33255017.474621616
33257722.61564531
33260427.97671958
33263133.557862457
33265839.35909178
33268545.380425382
33271251.621881302
33273958.08347738
33276664.76523146
33279371.667161576
33282078.789285578
33284786.131621305
33287493.694186814
33290201.476999942
33292909.48007861
33295617.703440737
33298326.147104174
33301034.81108697
33303743.69540699
33306452.800082084
33309162.12513031
33311871.67056953
33314581.436417602
33317291.422692597
33320001.629412368
33322712.05659479
33325422.70425792
33328133.572419636
33330844.661097802
33333555.97031049
33336267.50007558
33338979.250411
33341691.221334703
33344403.41286456
33347115.82501865
33349828.45781486
33352541.311271064
33355254.385405347
33357967.680235595
33360681.195779692
33363394.932055727
33366108.88908159
33368823.066875167
33371537.465454552
33374252.08483764
33376966.92504239
33379681.9860867
33382397.267988667
33385112.77076619
33387828.494437236
33390544.439019702
33393260.6045317
33395976.990991134
33398693.598415904
33401410.426824123
33404127.4762337
33406844.74666254
33409562.238128763
33412279.95065028
33414997.884245
33417716.03893105
33420434.414726343
33423153.011648867
33425871.829716608
33428590.868947484
33431310.12935963
33434029.61097096
33436749.313799407
33439469.2378631
33442189.383179966
33444909.749767937
33447630.337645143
33450351.146829527
33453072.177339014
33455793.42919175
33458514.902405664
33461236.596998706
33463958.51298901
33466680.650394525
33469403.00923326
33472125.589523222
33474848.39128236
33477571.414528836
33480294.659280583
33483018.12555556
33485741.813371923
33488465.72274762
33491189.85370061
33493914.20624906
33496638.780410916
33499363.57620414
33502088.5936469
33504813.832757156
33507539.29355294
33510264.976052217
33512990.88027316
33515717.006233733
33518443.35395198
33521169.92344586
33523896.714733563
33526623.727833055
33529350.96276231
33532078.419539515
33534806.098182645
33537533.99870968
33540262.121138804
33542990.465487998
33545719.031775255
33548447.820018753
33551176.83023649
33553906.062446516
33556635.51666689
33559365.1929156
33562095.09121085
33564825.211570635
33567555.55401294
33570286.11855598
33573016.905217744
33575747.91401623
33578479.14496966
33581210.59809602
33583942.27341333
33586674.17093978
33589406.2906934
33592138.63269218
33594871.196954355
33597603.98349792
33600336.99234095
33603070.223501556
33605803.67699773
33608537.3528477
33611271.25106949
33614005.371681124
33616739.714700826
33619474.280146606
33622209.068036504
33624944.07838875
33627679.31122137
33630414.76655239
33633150.44440005
33635886.344782375
33638622.46771748
33641358.81322339
33644095.38131835
33646832.172020406
33649569.185347654
33652306.421318136
33655043.879950106
33657781.56126161
33660519.46527068
33663257.59199558
33665995.941454366
33668734.513665065
33671473.308645956
33674212.32641508
33676951.56699049
33679691.03039045
33682430.716633014
33685170.625736326
33687910.757718496
33690651.112597585
33693391.690391876
33696132.49111942
33698873.5147983
33701614.76144677
33704356.23108291
33707097.923724785
33709839.83939067
33712581.97809865
33715324.339866795
33718066.92471338
33720809.732656494
33723552.76371421
33726296.01790481
33729039.49524639
33731783.19575708
33734527.11945506
33737271.2663584
33740015.6364854
33742760.22985414
33745505.04648272
33748250.086389445
33750995.349592395
33753740.83610967
33756486.54595958
33759232.47916021
33761978.63572967
33764725.01568627
33767471.6190481
33770218.445833355
33772965.49606012
33775712.769746706
33778460.26691124
33781207.98757189
33783955.931746766
33786704.09945419
33789452.49071228
33792201.10553914
33794949.94395312
33797699.00597231
33800448.291614845
33803197.80089905
33805947.53384305
33808697.49046497
33811447.67078314
33814198.07481569
33816948.70258082
33819699.55409672
33822450.62938154
33825201.9284536
33827953.45133105
33830705.19803202
33833457.168574855
33836209.3629777
33838961.78125869
33841714.42343617
33844467.2895283
33847220.37955321
33849973.69352927
33852727.23147461
33855480.99340738
33858234.97934596
33860989.18930849
33863743.62331318
33866498.28137828
33869253.16352192
33872008.269762486
33874763.60011814
33877519.15460703
33880274.93324753
33883030.93605781
33885787.16305603
33888543.61426058
33891300.2896896
33894057.18936129
33896814.31329401
33899571.66150594
33902329.23401533
33905087.030840345
33907845.051999375
33910603.29751061
33913361.767392285
33916120.46166258
33918879.380339906
33921638.52344243
33924397.89098835
33927157.482996054
33929917.29948373
33932677.340469584
33935437.605972
33938198.09600918
33940958.81059932
33943719.74976082
33946480.91351188
33949242.30187077
33952003.91485576
33954765.75248507
33957527.81477708
33960290.101750016
33963052.61342209
33965815.3498117
33968578.31093708
33971341.49681642
33974104.907468155
33976868.542910494
33979632.40316165
33982396.48824006
33985160.798163936
33987925.3329515
33990690.092621185
33993455.07719121
33996220.28667987
33998985.721105464
34001751.38048622
34004517.26484057
34007283.374186754
34010049.708543
34012816.26792775
34015583.05235924
34018350.06185571
34021117.2964356
34023884.75611716
34026652.440918624
34029420.35085844
34032188.485954866
34034956.84622621
34037725.43169071
34040494.242366835
34043263.27827283
34046032.53942703
34048802.025847666
34051571.73755322
34054341.67456193
34057111.836892076
34059882.224562116
34062652.8375903
34065423.67599491
34068194.7397944
34070966.02900705
34073737.54365112
34076509.28374508
34079281.249307215
34082053.44035585
34084825.85690934
34087598.49898595
34090371.36660418
34093144.45978229
34095917.77853856
34098691.32289149
34101465.09285935
34104239.08846043
34107013.30971322
34109787.756636016
34112562.42924709
34115337.32756495
34118112.451607876
34120887.80139418
34123663.376942344
34126439.178270675
34129215.20539753
34131991.45834129
34134767.937120244
34137544.641752906
34140321.57225757
34143098.72865255
34145876.11095636
34148653.71918731
34151431.553363696
34154209.613504045
34156987.89962667
34159766.41174988
34162545.1498922
34165324.11407194
34168103.304307505
34170882.72061719
34173662.36301954
34176442.23153288
34179222.326175585
34182002.646965995
34184783.19392265
34187563.96706386
34190344.96640796
34193126.1919735
34195907.64377881
34198689.321842216
34201471.22618227
34204253.3568173
34207035.71376564
34209818.297045864
34212601.106676295
34215384.14267535
34218167.40506143
34220950.893852904
34223734.60906831
34226518.550726004
34229302.71884434
34232087.11344187
34234871.73453696
34237656.58214795
34240441.656293415
34243226.9569917
34246012.48426119
34248798.23812043
34251584.21858779
34254370.42568164
34257156.85942055
34259943.519822896
34262730.4069071
34265517.520691596
34268304.86119478
34271092.42843522
34273880.22243129
34276668.24320137
34279456.49076404
34282244.96513768
34285033.66634068
34287822.59439162
34290611.74930889
34293401.13111088
34296190.73981617
34298980.57544315
34301770.63801029
34304560.92753597
34307351.44403881
34310142.18753718
34312933.15804955
34315724.35559434
34318515.780190125
34321307.43185533
34324099.310608335
34326891.41646777
34329683.74945203
34332476.30957953
34335269.09686887
34338062.111338474
34340855.35300674
34343648.821892306
34346442.518013574
34349236.441389024
34352030.59203715
34354824.969976366
34357619.57522531
34360414.40780239
34363209.46772603
34366004.75501487
34368800.269687325
34371596.01176184
34374391.98125704
34377188.17819135
34379984.60258321
34382781.25445125
34385578.133813925
34388375.24068966
34391172.5750971
34393970.13705469
34396767.92658093
34399565.94369434
34402364.18841335
34405162.66075663
34407961.36074263
34410760.28838979
34413559.44371676
34416358.82674199
34419158.43748396
34421958.2759613
34424758.342192486
34427558.63619597
34430359.15799042
34433159.90759429
34435960.88502612
34438762.09030437
34441563.5234477
34444365.1844746
34447167.0734036
34449969.19025315
34452771.53504195
34455574.10778847
34458376.908511184
34461179.93722877
34463983.1939597
34466786.67872246
34469590.391535744
34472394.33241803
34475198.50138779
34478002.898463726
34480807.523664325
34483612.37700815
34486417.45851374
34489222.76819959
34492028.30608442
34494834.07218671
34497640.066524945
34500446.28911784
34503252.7399839
34506059.41914162
34508866.3266097
34511673.46240665
34514480.826550975
34517288.41906139
34520096.2399564
34522904.28925451
34525712.56697444
34528521.073134705
34531329.80775388
34534138.77085057
34536947.96244326
34539757.382550694
34542567.031191394
34545376.908383876
34548187.014146864
34550997.348498896
34553807.911458485
34556618.70304437
34559429.72327508
34562240.97216914
34565052.4497453
34567864.15602208
34570676.091018096
34573488.254751876
34576300.647242166
34579113.2685075
34581926.118566506
34584739.19743771
34587552.50513987
34590366.04169153
34593179.807111226
34595993.80141773
34598808.024629585
34601622.476765335
34604437.15784375
34607252.06788339
34610067.206902795
34612882.574920736
34615698.17195578
34618513.99802654
34621330.05315166
34624146.3373497
34626962.85063943
34629779.59303942
34632596.56456824
34635413.765244655
34638231.195087254
34641048.85411459
34643866.74234546
34646684.85979843
34649503.20649208
34652321.7824452
34655140.58767636
34657959.622204155
34660778.88604736
34663598.379224576
34666418.10175445
34669238.05365564
34672058.23494673
34674878.64564653
34677699.28577361
34680520.15534659
34683341.25438426
34686162.58290521
34688984.14092805
34691805.92847158
34694627.94555441
34697450.19219513
34700272.66841257
34703095.37422532
34705918.30965206
34708741.474711396
34711564.86942216
34714388.49380294
34717212.34787244
34720036.431649275
34722860.74515225
34725685.2884
34728510.06141114
34731335.06420449
34734160.29679869
34736985.759212345
34739811.4514643
34742637.373573184
34745463.525557615
34748289.90743644
34751116.51922829
34753943.360951856
34756770.43262586
34759597.73426892
34762425.26589989
34765253.02753741
34768081.019200124
34770909.24090688
34773737.69267631
34776566.374527074
34779395.28647803
34782224.42854781
34785053.80075507
34787883.40311867
34790713.23565727
34793543.29838951
34796373.59133426
34799204.114510186
34802034.86793601
34804865.85163046
34807697.0656122
34810528.50990009
34813360.18451282
34816192.08946903
34819024.224787615
34821856.59048724
34824689.18658657
34827522.01310449
34830355.07005967
34833188.357470796
34836021.87535675
34838855.623736195
34841689.6026279
34844523.81205054
34847358.252023004
34850192.92256398
34853027.82369222
34855862.95542641
34858698.31778546
34861533.910788044
34864369.734452866
34867205.78879883
34870042.07384462
34872878.589608945
34875715.3361107
34878552.313368596
34881389.52140132
34884226.96022781
34887064.62986674
34889902.5303369
34892740.66165707
34895579.023845956
34898417.616922475
34901256.44090534
34904095.495813265
34906934.78166517
34909774.29847978
34912614.0462758
34915454.02507218
34918294.23488762
34921134.67574085
34923975.34765081
34926816.25063622
34929657.384715796
34932498.7499085
34935340.34623304
34938182.17370823
34941024.23235287
34943866.52218569
34946709.043225646
34949551.79549147
34952394.7790019
34955237.99377588
34958081.439832166
34960925.1171895
34963769.02586683
34966613.1658829
34969457.53725647
34972302.14000649
34975146.974151716
34977992.039710976
34980837.33670301
34983682.8651468
34986528.625061095
34989374.61646472
34992220.83937644
34995067.29381524
34997913.97979986
35000760.89734908
35003608.04648188
35006455.427217014
35009303.03957326
35012150.8835696
35014998.959224805
35017847.26655765
35020695.80558712
35023544.576331995
35026393.57881112
35029242.81304335
35032092.27904746
35034941.976842456
35037791.90644711
35040642.06788022
35043492.46116077
35046343.08630756
35049193.943339385
35052045.03227524
35054896.353133924
35057747.90593422
35060599.69069515
35063451.70743552
35066303.956174105
35069156.436929934
35072009.14972181
35074862.0945686
35077715.271489196
35080568.680502385
35083422.32162721
35086276.19488246
35089130.300286956
35091984.63785973
35094839.20761959
35097694.00958536
35100549.04377606
35103404.31021052
35106259.808907546
35109115.539886184
35111971.50316526
35114827.69876367
35117684.12670024
35120540.786994
35123397.6796638
35126254.80472853
35129112.16220702
35131969.752118334
35134827.57448129
35137685.62931474
35140543.91663773
35143402.43646911
35146261.1888277
35149120.17373258
35151979.391202584
35154838.84125656
35157698.52391357
35160558.43919247
35163418.58711217
35166278.967691615
35169139.58094964
35172000.42690533
35174861.50557752
35177722.81698509
35180584.36114711
35183446.138082445
35186308.147809945
35189170.3903487
35192032.86571758
35194895.57393545
35197758.515021384
35200621.688994266
35203485.09587296
35206348.735676564
35209212.60842395
35212076.71413407
35214941.05282586
35217805.624518216
35220670.42923023
35223535.466980785
35226400.73778876
35229266.24167327
35232131.97865319
35234997.94874742
35237864.15197506
35240730.588355
35243597.25790614
35246464.160647586
35249331.29659824
35252198.66577707
35255066.268202975
35257934.103895076
35260802.172872275
35263670.47515355
35266539.010757804
35269407.77970415
35272276.782011524
35275146.01769882
35278015.48678516
35280885.18928947
35283755.12523066
35286625.294627875
35289495.69750001
35292366.33386601
35295237.203744985
35298108.307155885
35300979.6441177
35303851.21464942
35306723.018769965
35309595.056498505
35312467.327853955
35315339.832855254
35318212.57152154
35321085.54387177
35323958.74992486
35326832.18969997
35329705.86321605
35332579.77049203
35335453.91154708
35338328.28640013
35341202.89507014
35344077.737576276
35346952.81393747
35349828.12417276
35352703.66830117
35355579.44634165
35358455.45831337
35361331.704235286
35364208.18412637
35367084.898005776
35369961.84589249
35372839.027805455
35375716.44376386
35378594.09378668
35381471.97789287
35384350.09610162
35387228.44843191
35390107.03490277
35392985.855533175
35395864.910342336
35398744.19934921
35401623.722572856
35404503.48003225
35407383.47174659
35410263.69773488
35413144.15801607
35416024.85260939
35418905.781533815
35421786.94480834
35424668.342452176
35427549.9744843
35430431.84092373
35433313.94178966
35436196.277101085
35439078.84687709
35441961.65113674
35444844.68989904
35447727.96318321
35450611.47100825
35453495.213393174
35456379.1903572
35459263.401919335
35462147.848098606
35465032.52891423
35467917.444385216
35470802.59453059
35473687.97936959
35476573.598921224
35479459.45320451
35482345.542238705
35485231.86604282
35488118.424635954
35491005.2180372
35493892.2462656
35496779.50934039
35499667.0072806
35502554.74010527
35505442.707833655
35508330.910484776
35511219.348077685
35514108.020631626
35516996.92816565
35519886.07069879
35522775.44825032
35525665.06083927
35528554.90848477
35531444.99120587
35534335.30902182
35537225.861951694
35540116.6500146
35543007.673229605
35545898.93161597
35548790.425192766
35551682.15397904
35554574.11799408
35557466.31725694
35560358.75178669
35563251.42160261
35566144.32672377
35569037.46716923
35571930.84295829
35574824.45411001
35577718.30064354
35580612.38257804
35583506.69993256
35586401.25272641
35589296.04097868
35592191.064708434
35595086.32393498
35597981.818677396
35600877.54895478
35603773.51478642
35606669.71619141
35609566.153188854
35612462.82579804
35615359.734038085
35618256.87792806
35621154.2574873
35624051.87273488
35626949.723689996
35629847.81037181
35632746.132799424
35635644.69099216
35638543.48496913
35641442.51474944
35644341.780352406
35647241.28179715
35650141.019102775
35653040.99228862
35655941.2013738
35658841.64637743
35661742.32731884
35664643.24421716
35667544.39709158
35670445.78596122
35673347.41084543
35676249.271763325
35679151.36873411
35682053.701776914
35684956.27091109
35687859.07615577
35690762.117530085
35693665.39505338
35696568.90874481
35699472.658623494
35702376.64470881
35705280.867019884
35708185.325575866
35711090.02039611
35713994.95149978
35716900.11890609
35719805.522634245
35722711.16270342
35725617.03913297
35728523.15194205
35731429.501149826
35734336.08677567
35737242.908838734
35740149.96735818
35743057.26235339
35745964.79384353
35748872.56184776
35751780.56638548
35754688.807475835
35757597.285138
35760505.999391384
35763414.95025514
35766324.13774852
35769233.56189077
35772143.22270108
35775053.12019883
35777963.25440322
35780873.62533341
35783784.233008824
35786695.07744863
35789606.15867203
35792517.47669841
35795429.03154698
35798340.82323693
35801252.85178766
35804165.11721837
35807077.61954833
35809990.35879673
35812903.334983006
35815816.54812635
35818729.99824603
35821643.68536125
35824557.60949145
35827471.770655826
35830386.168873586
35833300.80416416
35836215.67654676
35839130.786040604
35842046.13266512
35844961.71643952
35847877.537383035
35850793.5955151
35853709.89085493
35856626.42342182
35859543.19323508
35862460.200313926
35865377.4446778
35868294.92634594
35871212.645337574
35874130.60167215
35877048.7953689
35879967.226447076
35882885.894926116
35885804.80082526
35888723.944163755
35891643.32496106
35894562.94323641
35897482.79900906
35900402.892298475
35903323.2231239
35906243.79150465
35909164.59746006
35912085.64100938
35915006.922172084
35917928.44096742
35920850.19741465
35923772.19153326
35926694.423342496
35929616.892861634
35932539.60011014
35935462.545107305
35938385.727872364
35941309.14842483
35944232.80678396
35947156.7029691
35950080.83699953
35953005.20889473
35955929.81867398
35958854.666356646
35961779.751962
35964705.075509526
35967630.637018524
35970556.436508276
35973482.47399828
35976408.74950782
35979335.2630562
35982262.01466292
35985189.00434727
35988116.23212855
35991043.69802627
35993971.40205973
35996899.344248295
35999827.52461134
36002755.94316816
36005684.599938296
36008613.49494104
36011542.628195696
36014471.99972179
36017401.60953864
36020331.45766555
36023261.544122055
36026191.868927464
36029122.4321011
36032053.23366249
36034984.27363096
36037915.55202583
36040847.06886663
36043778.824172705
36046710.817963436
36049643.05025823
36052575.5210764
36055508.230437525
36058441.1783609
36061374.36486589
36064307.78997203
36067241.453698665
36070175.35606512
36073109.497090966
36076043.87679554
36078978.49519818
36081913.35231846
36084848.44817572
36087783.78278937
36090719.356178775
36093655.16836349
36096591.21936288
36099527.50919636
36102464.0378833
36105400.80544325
36108337.811895594
36111275.05725968
36114212.54155509
36117150.26480119
36120088.227017336
36123026.42822312
36125964.86843791
36128903.54768107
36131842.4659722
36134781.62333066
36137721.01977591
36140660.65532739
36143600.53000447
36146540.64382677
36149480.99681365
36152421.58898449
36155362.42035891
36158303.490956284
36161244.800796
36164186.349897675
36167128.13828068
36170070.165964425
36173012.43296851
36175954.93931233
36178897.68501529
36181840.670097
36184783.894576855
36187727.35847434
36190671.06180892
36193615.00460001
36196559.18686722
36199503.60862998
36202448.26990767
36205393.170719944
36208338.3110862
36211283.69102585
36214229.31055854
36217175.169703685
36220121.268480696
36223067.606909215
36226014.18500866
36228961.002798535
36231908.060298264
36234855.35752748
36237802.89450563
36240750.6712522
36243698.687786624
36246646.94412856
36249595.44029743
36252544.17631269
36255493.152193986
36258442.36796075
36261391.823632434
36264341.51922869
36267291.45476896
36270241.63027271
36273192.04575958
36276142.70124903
36279093.596760586
36282044.73231377
36284996.10792803
36287947.723623045
36290899.57941827
36293851.675333165
36296804.01138741
36299756.58760046
36302709.40399178
36305662.46058106
36308615.75738776
36311569.29443134
36314523.07173151
36317477.08930772
36320431.34717945
36323385.84536639
36326340.583888024
36329295.56276389
36332250.78201355
36335206.241656475
36338161.94171237
36341117.88220073
36344074.063141026
36347030.484552965
36349987.14645603
36352944.04886973
36355901.19181376
36358858.575307615
36361816.19937079
36364774.064023
36367732.169283755
36370690.51517261
36373649.10170907
36376607.92891286
36379566.996803485
36382526.30540052
36385485.854723476
36388445.64479208
36391405.675625846
36394365.94724428
36397326.45966711
36400287.21291386
36403248.207004055
36406209.441957414
36409170.91779347
36412132.63453174
36415094.59219196
36418056.790793665
36421019.23035645
36423981.91089992
36426944.8324436
36429907.99500724
36432871.398610376
36435835.04327255
36438798.9290135
36441763.05585277
36444727.4238099
36447692.032904655
36450656.883156575
36453621.9745852
36456587.3072103
36459552.88105141
36462518.69612809
36465484.752460115
36468451.05006703
36471417.588968456
36474384.369184025
36477351.3907333
36480318.653636046
36483286.15791184
36486253.903580226
36489221.890660994
36492190.11917371
36495158.58913794
36498127.300573476
36501096.25349987
36504065.44793671
36507034.88390379
36510004.56142067
36512974.48050701
36515944.64118238
36518915.04346658
36521885.6873792
36524856.57293988
36527827.70016821
36530799.069083996
36533770.679706834
36536742.532056294
36539714.6261522
36542686.962014146
36545659.53966171
36548632.35911472
36551605.42039277
36554578.72351544
36557552.268502586
36560526.05537378
36563500.084148705
36566474.354847044
36569448.86748839
36572423.62209259
36575398.61867925
36578373.85726796
36581349.33787857
36584325.06053069
36587301.025243945
36590277.232038155
36593253.68093295
36596230.371947944
36599207.30510299
36602184.4804177
36605161.897911705
36608139.55760485
36611117.45951676
36614095.60366715
36617073.99007571
36620052.61876208
36623031.489746116
36626010.60304746
36628989.95868574
36631969.55668082
36634949.39705234
36637929.47981994
36640909.805003494
36643890.37262264
36646871.18269702
36649852.235246524
36652833.53029078
36655815.06784953
36658796.84794242
36661778.87058933
36664761.13580991
36667743.6436239
36670726.394050956
36673709.38711096
36676692.62282358
36679676.10120848
36682659.82228555
36685643.786074445
36688627.992594846
36691612.441866644
36694597.133909516
36697582.068743125
36700567.24638738
36703552.66686195
36706538.3301866
36709524.23638108
36712510.385465056
36715496.77745845
36718483.41238095
36721470.29025224
36724457.41109222
36727444.7749206
36730432.38175705
36733420.231621504
36736408.32453365
36739396.66051318
36742385.23958002
36745374.06175388
36748363.12705444
36751352.435501635
36754341.987115175
36757331.78191483
36760321.81992039
36763312.10115157
36766302.62562829
36769293.39337027
36772284.40439723
36775275.6587291
36778267.15638559
36781258.89738644
36784250.881751575
36787243.10950072
36790235.580653615
36793228.29523019
36796221.25325018
36799214.45473339
36802207.89969954
36805201.58816859
36808195.52016028
36811189.69569442
36814184.11479073
36817178.77746919
36820173.683749534
36823168.8336515
36826164.227195054
36829159.86439995
36832155.74528591
36835151.86987294
36838148.23818077
36841144.850229144
36844141.70603806
36847138.80562725
36850136.14901656
36853133.73622581
36856131.567274764
36859129.642183416
36862127.96097151
36865126.52365883
36868125.33026535
36871124.38081084
36874123.675315075
36877123.21379804
36880122.99627951
36883123.02277926
36886123.293317296
36889123.807913385
36892124.56658731
36895125.56935907
36898126.81624845
36901128.30727531
36904130.0424595
36907132.02182082
36910134.24537928
36913136.71315466
36916139.42516675
36919142.38143558
36922145.581980936
36925149.02682261
36928152.71598064
36931156.649474815
36934160.82732493
36937165.24955101
36940169.91617288
36943174.827210404
36946179.98268338
36949185.38261187
36952191.02701566
36955196.91591465
36958203.04932864
36961209.427277684
36964216.04978159
36967222.916860186
36970230.0285335
36973237.38482138
36976244.98574362
36979252.83132029
36982260.92157121
36985269.25651621
36988277.83617534
36991286.66056843
36994295.7297154
36997305.04363615
37000314.60235052
37003324.405878566
37006334.45424013
37009344.74745506
37012355.28554342
37015366.06852505
37018377.096419804
37021388.36924774
37024399.887028724
37027411.649782605
37030423.65752945
37033435.910289116
37036448.408081464
37039461.150926575
37042474.138844304
37045487.37185459
37048500.84997736
37051514.573232494
37054528.54164007
37057542.755219966
37060557.213992044
37063571.9179764
37066586.8671929
37069602.06166143
37072617.50140208
37075633.18643473
37078649.11677926
37081665.29245578
37084681.71348415
37087698.379884355
37090715.29167626
37093732.44887999
37096749.85151543
37099767.499602534
37102785.39316121
37105803.53221156
37108821.91677349
37111840.546866894
37114859.42251189
37117878.54372838
37120897.91053627
37123917.522955686
37126937.381006524
37129957.4847087
37132977.834082335
37135998.429147355
37139019.26992373
37142040.35643146
37145061.688690454
37148083.26672085
37151105.09054256
37154127.16017552
37157149.475639865
37160172.03695551
37163194.84414239
37166217.897220664
37169241.196210235
37172264.741131045
37175288.53200325
37178312.568846785
37181336.851681575
37184361.38052779
37187386.15540536
37190411.1763343
37193436.44333462
37196461.95642627
37199487.71562941
37202513.720964
37205539.97244997
37208566.4701075
37211593.21395655
37214620.20401705
37217647.4403092
37220674.92285293
37223702.65166823
37226730.62677525
37229758.848193966
37232787.31594442
37235816.03004656
37238844.99052058
37241874.19738645
37244903.65066422
37247933.35037384
37250963.29653552
37253993.48916924
37257023.92829495
37260054.61393288
37263085.54610298
37266116.72482525
37269148.15011988
37272179.82200687
37275211.74050619
37278243.90563805
37281276.31742245
37284308.975879446
37287341.8810291
37290375.032891415
37293408.4314866
37296442.07683466
37299475.96895558
37302510.10786959
37305544.49359669
37308579.12615688
37311614.005570404
37314649.131857246
37317684.50503743
37320720.12513117
37323755.992158495
37326792.10613941
37329828.46709415
37332865.07504274
37335901.93000526
37338939.03200181
37341976.381052405
37345013.9771773
37348051.82039651
37351089.910730064
37354128.24819822
37357166.832821
37360205.664618425
37363244.74361076
37366284.06981804
37369323.64326031
37372363.4639578
37375403.53193058
37378443.847198755
37381484.40978235
37384525.219701655
37387566.27697671
37390607.58162763
37393649.13367446
37396690.933137484
37399732.98003674
37402775.2743923
37405817.81622443
37408860.605553195
37411903.64239864
37414946.92678105
37417990.458720505
37421034.238237046
37424078.265350975
37427122.54008235
37430167.062451325
37433211.83247803
37436256.85018255
37439302.11558516
37442347.62870596
37445393.38956501
37448439.39818262
37451485.65457887
37454532.15877383
37457578.91078782
37460625.91064091
37463673.1583532
37466720.65394499
37469768.39743638
37472816.388847455
37475864.62819853
37478913.1155097
37481961.85080113
37485010.83409301
37488060.06540542
37491109.54475869
37494159.272172935
37497209.24766824
37500259.47126494
37503309.94298315
37506360.662842974
37509411.63086475
37512462.84706858
37515514.31147458
37518566.0241031
37521617.98497425
37524670.194108225
37527722.65152514
37530775.357245356
37533828.311288975
37536881.51367621
37539934.96442719
37542988.66356226
37546042.61110156
37549096.80706521
37552151.251473576
37555205.94434679
37558260.88570499
37561316.075568534
37564371.51395757
37567427.200892225
37570483.13639289
37573539.32047969
37576595.75317285
37579652.4344926
37582709.36445909
37585766.54309269
37588823.97041355
37591881.64644183
37594939.57119792
37597997.74470196
37601056.16697412
37604114.83803479
37607173.75790411
37610232.926602274
37613292.34414966
37616352.010566436
37619411.925872765
37622472.09008905
37625532.503235474
37628593.165332265
37631654.07639969
37634715.23645792
37637776.64552736
37640838.30362819
37643900.21078059
37646962.36700498
37650024.77232154
37653087.426750444
37656150.33031213
37659213.48302677
37662276.88491457
37665340.53599594
37668404.436291076
37671468.58582026
37674532.98460367
37677597.63266176
37680662.53001471
37683727.67668281
37686793.07268626
37689858.718045495
37692924.61278073
37695990.75691216
37699057.150460236
37702123.79344516
37705190.685887165
37708257.827806674
37711325.219223924
37714392.86015912
37717460.75063272
37720528.89066494
37723597.28027608
37726665.919486456
37729734.808316275
37732803.946786016
37735873.33491589
37738942.97272614
37742012.860237226
37745082.99746939
37748153.38444286
37751224.02117811
37754294.90769538
37757366.04401491
37760437.43015717
37763509.06614242
37766580.95199089
37769653.08772306
37772725.47335919
37775798.108919606
37778870.99442463
37781944.12989453
37785017.51534978
37788091.15081065
37791165.03629739
37794239.1718305
37797313.55743024
37800388.19311687
37803463.078910895
37806538.21483258
37809613.60090219
37812689.23714024
37815765.12356699
37818841.2602028
37821917.64706794
37824994.28418293
37828071.171568036
37831148.30924362
37834225.69722997
37837303.335547596
37840381.22421679
37843459.36325783
37846537.752691254
37849616.39253733
37852695.28281638
37855774.4235489
37858853.81475521
37861933.45645559
37865013.34867058
37868093.49142048
37871173.88472567
37874254.52860652
37877335.42308336
37880416.56817671
37883497.963906884
37886579.61029419
37889661.507359184
37892743.65512217
37895826.05360346
37898908.70282362
37901991.602802955
37905074.75356179
37908158.15512067
37911241.80749994
37914325.710719906
37917409.86480113
37920494.269763954
37923578.92562878
37926663.83241601
37929748.99014599
37932834.39883928
37935920.05851622
37939005.96919714
37942092.130902626
37945178.54365302
37948265.20746865
37951352.12237012
37954439.28837775
37957526.7055119
37960614.373793155
37963702.293241866
37966790.46387847
37969878.885723315
37972967.55879699
37976056.48311985
37979145.65871235
37982235.08559483
37985324.76378791
37988414.69331194
37991504.87418728
37994595.30643455
37997685.99007411
38000776.92512634
38003868.11161183
38006959.549550965
38010051.238964126
38013143.179871924
38016235.37229473
38019327.816253014
38022420.51176724
38025513.458857775
38028606.65754525
38031700.10785006
38034793.809792586
38037887.763393454
38040981.968673065
38044076.4256518
38047171.13435031
38050266.094788976
38053361.306988195
38056456.77096862
38059552.48675064
38062648.454354666
38065744.67380134
38068841.14511106
38071937.86830433
38075034.843401626
38078132.070423365
38081229.549390204
38084327.280322544
38087425.263240814
38090523.49816567
38093621.985117525
38096720.72411681
38099819.715184174
38102918.958340056
38106018.45360488
38109118.200999305
38112218.20054376
38115318.452258766
38118418.956164755
38121519.7122824
38124620.72063213
38127721.98123447
38130823.494109854
38133925.259278975
38137027.27676226
38140129.54658017
38143232.06875338
38146334.84330234
38149437.870247506
38152541.14960955
38155644.68140895
38158748.465666145
38161852.50240184
38164956.79163649
38168061.33339062
38171166.127684794
38174271.17453947
38177376.47397534
38180482.02601288
38183587.83067256
38186693.88797508
38189800.19794092
38192906.76059055
38196013.57594469
38199120.644023806
38202227.964848384
38205335.53843914
38208443.364816554
38211551.444001116
38214659.776013546
38217768.360874325
38220877.198604025
38223986.289223224
38227095.6327524
38230205.2292123
38233315.07862341
38236425.181006216
38239535.536381476
38242646.14476968
38245757.006191336
38248868.12066718
38251979.48821772
38255091.10886346
38258202.98262514
38261315.10952329
38264427.489578485
38267540.12281125
38270653.00924233
38273766.148892246
38276879.5417816
38279993.1879309
38283107.08736091
38286221.240092166
38289335.64614519
38292450.30554073
38295565.21829934
38298680.38444153
38301795.80398808
38304911.47695952
38308027.40337639
38311143.58325946
38314260.01662928
38317376.70350646
38320493.64391162
38323610.83786531
38326728.28538831
38329845.98650117
38332963.94122444
38336082.1495789
38339200.61158511
38342319.32726363
38345438.29663524
38348557.51972051
38351676.99653999
38354796.727114476
38357916.71146454
38361036.94961075
38364157.441573896
38367278.18737455
38370399.18703336
38373520.44057099
38376641.948007986
38379763.70936519
38382885.72466315
38386007.993922465
38389130.51716394
38392253.294408165
38395376.32567571
38398499.61098741
38401623.15036385
38404746.9438256
38407870.991393514
38410995.29308816
38414119.848930225
38417244.65894029
38420369.72313921
38423495.04154757
38426620.61418603
38429746.44107523
38432872.52223598
38435998.8576889
38439125.44745459
38442252.29155389
38445379.39000743
38448506.7428358
38451634.35005985
38454762.211700216
38457890.3277775
38461018.69831256
38464147.32332601
38467276.202838555
38470405.3368709
38473534.72544367
38476664.36857772
38479794.26629369
38482924.418612204
38486054.82555413
38489185.48714011
38492316.403390765
38495447.574326985
38498578.99996939
38501710.680338636
38504842.61545559
38507974.80534091
38511107.25001522
38514239.94949942
38517372.90381416
38520506.112980165
38523639.57701816
38526773.2959488
38529907.26979299
38533041.49857137
38536175.98230462
38539310.72101361
38542445.71471903
38545580.96344152
38548716.46720199
38551852.22602112
38554988.23991956
38558124.508918226
38561261.0330378
38564397.81229901
38567534.84672256
38570672.136329345
38573809.68114005
38576947.48117544
38580085.53645618
38583223.847003214
38586362.412837215
38589501.23397887
38592640.31044911
38595779.64226862
38598919.22945809
38602059.07203847
38605199.17003043
38608339.52345469
38611480.13233217
38614620.99668358
38617762.116529696
38620903.49189131
38624045.122789115
38627187.00924407
38630329.15127687
38633471.54890823
38636614.202159114
38639757.11105022
38642900.27560227
38646043.69583622
38649187.37177279
38652331.303432696
38655475.490836896
38658619.934006125
38661764.63296111
38664909.5877228
38668054.79831194
38671200.26474933
38674345.98705579
38677491.96525206
38680638.1993591
38683784.68939765
38686931.43538845
38690078.437352486
38693225.695310496
38696373.20928323
38699520.97929166
38702669.00535655
38705817.28749864
38708965.82573892
38712114.620098144
38715263.67059714
38718412.977256685
38721562.54009775
38724712.35914111
38727862.4344076
38731012.76591798
38734163.35369326
38737314.197754204
38740465.29812159
38743616.654816404
38746768.26785944
38749920.13727145
38753072.26307347
38756224.645286255
38759377.2839306
38762530.17902751
38765683.33059778
38768836.73866227
38771990.40324184
38775144.32435728
38778298.50202961
38781452.936279625
38784607.627128124
38787762.57459613
38790917.778704435
38794073.23947385
38797228.9569254
38800384.931079894
38803541.16195812
38806697.64958114
38809854.393969744
38813011.395144746
38816168.65312719
38819326.16793789
38822483.93959773
38825641.96812762
38828800.25354836
38831958.79588102
38835117.5951464
38838276.65136533
38841435.96455888
38844595.53474786
38847755.36195311
38850915.446195684
38854075.78749641
38857236.385876134
38860397.24135591
38863558.35395658
38866719.72369907
38869881.3506042
38873043.23469305
38876205.37598648
38879367.77450539
38882530.430270635
38885693.3433033
38888856.51362423
38892019.94125427
38895183.62621453
38898347.56852584
38901511.76820907
38904676.22528531
38907840.93977541
38911005.911700234
38914171.14108089
38917336.62793824
38920502.37229323
38923668.37416679
38926834.633579805
38930001.150553375
38933167.92510838
38936334.95726568
38939502.24704641
38942669.79447143
38945837.599561624
38949005.66233811
38952173.98282176
38955342.56103348
38958511.39699438
38961680.490725346
38964849.84224728
38968019.45158129
38971189.31874828
38974359.44376923
38977529.8266651
38980700.4674568
38983871.36616547
38987042.522811994
38990213.93741728
38993385.61000249
38996557.540588506
38999729.72919625
39002902.17584686
39006074.880561255
39009247.84336034
39012421.06426528
39015594.543296985
39018768.28047644
39021942.27582459
39025116.529362574
39028291.04111132
39031465.81109184
39034640.83932505
39037816.125832126
39040991.67063399
39044167.473751575
39047343.53520605
39050519.85501836
39053696.43320944
39056873.269800454
39060050.36481236
39063227.718266085
39066405.33018282
39069583.20058351
39072761.32948918
39075939.716920845
39079118.36289948
39082297.26744626
39085476.430582136
39088655.85232808
39091835.53270526
39095015.471734665
39098195.669437245
39101376.12583419
39104556.84094648
39107737.81479507
39110919.04740117
39114100.53878575
39117282.28896977
39120464.29797446
39123646.56582078
39126829.092529796
39130011.87812256
39133194.92262005
39136378.226043485
39139561.78841385
39142745.60975213
39145929.690079555
39149114.0294171
39152298.627785765
39155483.485206775
39158668.601701126
39161853.97728982
39165039.61199407
39168225.5058349
39171411.65883338
39174598.07101051
39177784.742387526
39180971.672985435
39184158.862825334
39187346.31192823
39190534.020315364
39193721.98800775
39196910.2150264
39200098.701392576
39203287.44712729
39206476.45225155
39209665.716786645
39212855.24075357
39216045.02417336
39219235.067067266
39222425.369456336
39225615.93136167
39228806.752804376
39231997.83380549
39235189.17438628
39238380.77456779
39241572.63437105
39244764.753817335
39247957.1329277
39251149.77172318
39254342.67022506
39257535.82845438
39260729.2464322
39263922.92417979
39267116.86171822
39270311.05906854
39273505.51625204
39276700.23328977
39279895.21020288
39283090.4470125
39286285.9437397
39289481.70040577
39292677.71703179
39295873.99363882
39299070.530248165
39302267.3268809
39305464.383558095
39308661.700301066
39311859.27713088
39315057.11406862
39318255.21113561
39321453.568352915
39324652.185741715
39327851.06332308
39331050.20111834
39334249.59914859
39337449.25743498
39340649.17599861
39343849.35486083
39347049.79404271
39350250.49356535
39353451.45345009
39356652.67371804
39359854.15439029
39363055.89548818
39366257.89703283
39369460.159045324
39372662.68154702
39375865.46455903
39379068.50810255
39382271.812198766
39385475.37686879
39388679.20213398
39391883.28801547
39395087.63453435
39398292.241712004
39401497.10956955
39404702.23812811
39407907.62740906
39411113.277433515
39414319.18822262
39417525.35979773
39420731.792179994
39423938.48539054
39427145.43945074
39430352.654381745
39433560.13020477
39436767.866941035
39439975.864611685
39443184.12323811
39446392.64284146
39449601.42344287
39452810.46506374
39456019.76772523
39459229.33144848
39462439.156254895
39465649.24216563
39468859.58920185
39472070.19738495
39475281.066736095
39478492.19727653
39481703.58902743
39484915.24201018
39488127.15624598
39491339.331756055
39494551.76856159
39497764.466684006
39500977.426144466
39504190.64696416
39507404.12916451
39510617.87276669
39513831.87779189
39517046.144261524
39520260.6721968
39523475.461618885
39526690.51254922
39529905.825009
39533121.3990195
39536337.23460199
39539553.33177766
39542769.69056797
39545986.31099411
39549203.19307728
39552420.33683893
39555637.742300265
39558855.40948249
39562073.338407055
39565291.52909517
39568509.98156806
39571728.69584717
39574947.671953715
39578166.90990892
39581386.40973424
39584606.171450906
39587826.195080206
39591046.48064346
39594267.02816188
39597487.83765695
39600708.90914989
39603930.242661946
39607151.838214576
39610373.69582903
39613595.81552653
39616818.19732857
39620040.84125637
39623263.7473312
39626486.91557453
39629710.34600761
39632934.03865176
39636157.99352824
39639382.21065853
39642606.690063894
39645831.43176566
39649056.43578509
39652281.702143684
39655507.23086269
39658733.02196338
39661959.07546726
39665185.391395584
39668411.96976963
39671638.81061089
39674865.91394066
39678093.27978019
39681320.90815101
39684548.79907438
39687776.952571675
39691005.368664235
39694234.04737336
39697462.98872056
39700692.19272712
39703921.65941433
39707151.38880372
39710381.38091657
39713611.63577419
39716842.15339809
39720072.93380958
39723303.97702995
39726535.28308074
39729766.85198326
39732998.68375879
39736230.77842889
39739463.13601486
39742695.756538086
39745928.64001996
39749161.7864818
39752395.195945136
39755628.86843131
39758862.803961605
39762097.002557606
39765331.464240626
39768566.18903198
39771801.176953234
39775036.42802571
39778271.94227073
39781507.71970987
39784743.760364465
39787980.064255916
39791216.631405555
39794453.46183496
39797690.55556547
39800927.9126185
39804165.53301539
39807403.41677773
39810641.563926846
39813879.9744841
39817118.64847107
39820357.58590912
39823596.78681958
39826836.25122405
39830075.97914388
39833315.97060043
39836556.22561531
39839796.744209856
39843037.52640553
39846278.57222375
39849519.881685905
39852761.45481359
39856003.29162818
39859245.392151035
39862487.75640377
39865730.38440776
39868973.27618437
39872216.43175524
39875459.85114172
39878703.534365214
39881947.48144733
39885191.692409456
39888436.16727298
39891680.90605952
39894925.90879048
39898171.17548731
39901416.7061715
39904662.50086444
39907908.55958776
39911154.882362865
39914401.469211146
39917648.32015426
39920895.43521359
39924142.81441055
39927390.45776679
39930638.36530372
39933886.53704273
39937134.973005496
39940383.67321342
39943632.637687996
39946881.866450645
39950131.35952302
39953381.11692655
39956631.13868273
39959881.42481299
39963131.97533898
39966382.79028215
39969633.86966392
39972885.213505946
39976136.821829684
39979388.69465655
39982640.832008235
39985893.23390617
39989145.9003718
39992398.83142679
39995652.0270926
39998905.48739074
40002159.212342754
40005413.201970086
40008667.45629441
40011921.9753372
40015176.75911989
40018431.80766419
40021687.12099156
40024942.699123435
40028198.54208154
40031454.64988733
40034711.022562265
40037967.66012806
40041224.56260617
40044481.73001807
40047739.16238547
40050996.859729856
40054254.82207276
40057513.04943576
40060771.541840315
40064030.29930816
40067289.32186077
40070548.60951962
40073808.16230645
40077067.980242744
40080328.063349985
40083588.411649905
40086849.025164
40090109.903913766
40093371.04792093
40096632.45720699
40099894.13179353
40103156.07170205
40106418.27695429
40109680.74757177
40112943.48357605
40116206.48498865
40119469.75183132
40122733.28412558
40125997.08189294
40129261.14515514
40132525.47393371
40135790.068250164
40139054.92812627
40142320.05358354
40145585.4446435
40148851.10132792
40152117.02365833
40155383.211656325
40158649.66534353
40161916.38474147
40165183.36987192
40168450.62075642
40171718.137416504
40174985.91987395
40178253.96815031
40181522.282267116
40184790.86224616
40188059.708108984
40191328.81987713
40194598.1975724
40197867.84121635
40201137.750830516
40204407.92643671
40207678.368056476
40210949.07571146
40214220.04942331
40217491.28921357
40220762.79510406
40224034.567116335
40227306.605271965
40230578.90959277
40233851.48010032
40237124.31681617
40240397.41976216
40243670.78895984
40246944.4244308
40250218.32619688
40253492.49427963
40256766.92870073
40260041.62948176
40263316.59664456
40266591.8302107
40269867.330201864
40273143.09663963
40276419.12954586
40279695.42894212
40282971.994850025
40286248.82729141
40289525.92628787
40292803.29186101
40296080.92403269
40299358.8228245
40302636.98825805
40305915.42035519
40309194.11913755
40312473.0846268
40315752.31684464
40319031.8158127
40322311.581552826
40325591.61408664
40328871.91343577
40332152.47962208
40335433.31266719
40338714.41259273
40341995.77942058
40345277.41317235
40348559.31386969
40351841.481534466
40355123.91618833
40358406.6178529
40361689.58655006
40364972.82230146
40368256.32512882
40371540.095053874
40374824.13209825
40378108.43628385
40381393.00763233
40384677.84616532
40387962.951904744
40391248.32487223
40394533.965089455
40397819.872578315
40401106.047360465
40404392.48945757
40407679.19889154
40410966.17568404
40414253.41985682
40417540.93143153
40420828.710430115
40424116.756874226
40427405.07078562
40430693.652185984
40433982.50109723
40437271.617541045
40440561.0015391
40443850.65311333
40447140.57228542
40450430.75907705
40453721.213510156
40457011.935606435
40460302.92538757
40463594.18287549
40466885.708091915
40470177.5010586
40473469.56179734
40476761.89032983
40480054.48667802
40483347.350863606
40486640.4829083
40489933.882834055
40493227.55066258
40496521.48641558
40499815.69011502
40503110.16178261
40506404.90144006
40509699.909109354
40512995.184812196
40516290.728570305
40519586.54040566
40522882.62033998
40526178.96839508
40529475.58459276
40532772.46895475
40536069.62150304
40539367.04225936
40542664.731245436
40545962.68848325
40549260.913994566
40552559.40780109
40555858.16992484
40559157.200387545
40562456.49921095
40565756.06641707
40569055.90202762
40572356.00606446
40575656.37854933
40578957.01950424
40582257.92895094
40585559.10691127
40588860.553407
40592162.26846013
40595464.25209242
40598766.50432565
40602069.025181815
40605371.8146827
40608674.87285007
40611978.199705936
40615281.79527209
40618585.65957029
40621889.79262257
40625194.19445071
40628498.86507658
40631803.80452203
40635109.01280885
40638414.48995908
40641720.2359945
40645026.25093691
40648332.534808345
40651639.08763059
40654945.90942545
40658253.00021497
40661560.36002095
40664867.98886518
40668175.88676973
40671484.05375638
40674792.489846945
40678101.195063494
40681410.16942782
40684719.41296182
40688028.925687395
40691338.70762636
40694648.758800775
40697959.079232454
40701269.66894323
40704580.52795517
40707891.656290084
40711203.05396981
40714514.72101642
40717826.65745175
40721138.86329762
40724451.338576116
40727764.08330907
40731077.09751841
40734390.38122596
40737703.934453815
40741017.757223815
40744331.849557884
40747646.211477876
40750960.84300588
40754275.744163744
40757590.91497331
40760906.355456695
40764222.06563575
40767538.045532316
40770854.29516852
40774170.8145662
40777487.603747234
40780804.66273372
40784121.99154753
40787439.590210624
40790757.45874493
40794075.59717233
40797394.00551494
40800712.68379465
40804031.63203331
40807350.85025306
40810670.33847578
40813990.09672334
40817310.12501789
40820630.42338129
40823950.991835445
40827271.830402486
40830592.9391043
40833914.31796278
40837235.96700007
40840557.88623805
40843880.075698726
40847202.53540406
40850525.26537596
40853848.26563657
40857171.536207795
40860495.07711155
40863818.888369985
40867142.970005006
40870467.32203853
40873791.94449271
40877116.83738947
40880442.00075072
40883767.43459863
40887093.13895512
40890419.1138422
40893745.35928178
40897071.87529604
40900398.661906905
40903725.7191364
40907053.047006436
40910380.64553921
40913708.51475665
40917036.65468069
40920365.06533352
40923693.74673708
40927022.698913306
40930351.921884395
40933681.41567229
40937011.18029894
40940341.21578654
40943671.52215704
40947002.099432476
40950332.94763489
40953664.06678622
40956995.4569087
40960327.11802427
40963659.05015489
40966991.25332278
40970323.7275499
40973656.47285822
40976989.48926996
40980322.77680708
40983656.33549156
40986990.16534562
40990324.266391225
40993658.63865037
40996993.28214528
41000328.196897924
41003663.382930376
41006998.84026471
41010334.56892289
41013670.56892718
41017006.84029955
41020343.383062
41023680.19723677
41027017.282845855
41030354.63991125
41033692.26845521
41037030.16849972
41040368.340066805
41043706.78317871
41047045.49785743
41050384.48412506
41053723.74200362
41057063.271515355
41060403.07268229
41063743.14552652
41067083.49007006
41070424.10633517
41073764.99434389
41077106.154118225
41080447.58568045
41083789.2890526
41087131.264256686
41090473.511315
41093816.03024958
41097158.821082436
41100501.883835874
41103845.218531914
41107188.82519268
41110532.70384031
41113876.85449683
41117221.27718453
41120565.971925475
41123910.93874169
41127256.17765549
41130601.68868892
41133947.47186402
41137293.52720312
41140639.85472825
41143986.454461485
41147333.32642513
41150680.47064124
41154027.88713189
41157375.57591938
41160723.537025794
41164071.77047327
41167420.276283965
41170769.05447996
41174118.10508356
41177467.42811686
41180817.02360193
41184166.89156109
41187517.03201644
41190867.444990054
41194218.13050426
41197569.08858115
41200920.31924282
41204271.8225116
41207623.598409586
41210975.646958955
41214327.9681818
41217680.56210047
41221033.42873707
41224386.56811377
41227739.98025268
41231093.66517617
41234447.62290632
41237801.85346525
41241156.35687533
41244511.13315866
41247866.18233735
41251221.50443378
41254577.09947006
41257932.9674683
41261289.10845089
41264645.522439934
41268002.20945764
41271359.16952624
41274716.40266784
41278073.90890483
41281431.68825933
41284789.740753494
41288148.06640969
41291506.66525006
41294865.53729675
41298224.682572134
41301584.10109837
41304943.7928976
41308303.757992215
41311663.996404365
41315024.508156195
41318385.29327012
41321746.351768285
41325107.68367293
41328469.289006285
41331831.167790525
41335193.32004805
41338555.745801024
41341918.445071615
41345281.41788224
41348644.66425507
41352008.18421225
41355371.97777624
41358736.044969186
41362100.385813266
41365465.00033092
41368829.88854431
41372195.05047571
41375560.48614731
41378926.195581526
41382292.17880055
41385658.43582666
41389024.96668204
41392391.771389134
41395758.84997014
41399126.202447236
41402493.828842886
41405861.729179285
41409229.90347862
41412598.35176337
41415967.07405572
41419336.07037787
41422705.34075229
41426074.885201186
41429444.70374686
41432814.796411596
41436185.16321762
41439555.80418739
41442926.719343126
41446297.90870705
41449669.372301646
41453041.110149115
41456413.1222717
41459785.40869187
41463157.96943186
41466530.8045139
41469903.91396047
41473277.29779381
41476650.95603615
41480024.888709985
41483399.095837556
41486773.577441186
41490148.3335432
41493523.36416584
41496898.66933162
41500274.24906277
41503650.10338155
41507026.23231047
41510402.635871775
41513779.31408772
41517156.26698083
41520533.49457334
41523910.996887535
41527288.77394591
41530666.82577075
41534045.1523844
41537423.75380912
41540802.63006744
41544181.781181626
41547561.20717405
41550940.90806697
41554320.88388293
41557701.1346442
41561081.66037307
41564462.46109207
41567843.53682349
41571224.8875896
41574606.513412975
41577988.41431587
41581370.590320595
41584753.041449696
41588135.76772547
41591518.76917029
41594902.04580655
41598285.59765654
41601669.424742825
41605053.52708771
41608437.9047135
41611822.55764275
41615207.48589779
41618592.6895009
41621978.168474674
41625363.922841415
41628749.95262345
41632136.257843345
41635522.83852342
41638909.694685996
41642296.82635366
41645684.23354873
41649071.91629363
41652459.87461076
41655848.10852246
41659236.61805132
41662625.40321967
41666014.46404985
41669403.80056446
41672793.41278583
41676183.3007363
41679573.46443848
41682963.90391471
41686354.61918734
41689745.61027898
41693136.877211966
41696528.420008756
41699920.23869169
41703312.33328339
41706704.70380621
41710097.35028259
41713490.2727349
41716883.47118576
41720276.94565754
41723670.696172595
41727064.722753555
41730459.025422804
41733853.604202695
41737248.45911588
41740643.59018472
41744038.99743159
41747434.680879146
41750830.64054976
41754226.876465894
41757623.38865002
41761020.177124545
41764417.2419121
41767814.583035074
41771212.20051586
41774610.09437712
41778008.26464124
41781406.71133063
41784805.434467934
41788204.43407556
41791603.71017591
41795003.262791656
41798403.091945186
41801803.19765893
41805203.57995555
41808604.23885745
41812005.17438714
41815406.38656712
41818807.87541981
41822209.64096788
41825611.68323377
41829014.00223988
41832416.59800891
41835819.470563285
41839222.619925424
41842626.04611803
41846029.74916353
41849433.72908435
41852837.9859032
41856242.51964251
41859647.330324806
41863052.417972535
41866457.7826084
41869863.42425483
41873269.34293438
41876675.53866948
41880082.01148286
41883488.76139695
41886895.78843422
41890303.092617385
41893710.6739689
41897118.53251123
41900526.668267086
41903935.08125894
41907343.771509245
41910752.73904074
41914161.98387589
41917571.506037265
41920981.3055474
41924391.38242879
41927801.736704156
41931212.368395984
41934623.27752675
41938034.4641192
41941445.92819583
41944857.66977909
41948269.68889176
41951681.98555632
41955094.55979525
41958507.41163132
41961920.54108701
41965333.948184825
41968747.63294752
41972161.5953976
41975575.83555764
41978990.353450246
41982405.14909791
41985820.22252341
41989235.57374926
41992651.20279796
41996067.109692276
41999483.29445474
42002899.75710786
42006316.49767442
42009733.51617693
42013150.81263792
42016568.38708017
42019986.23952621
42023404.369998656
42026822.778520025
42030241.465113126
42033660.42980048
42037079.67260471
42040499.19354836
42043918.99265421
42047339.06994483
42050759.42544274
42054180.059170745
42057600.971151404
42061022.161407255
42064443.62996111
42067865.376835525
42071287.40205304
42074709.70563649
42078132.287608415
42081555.14799147
42084978.2868083
42088401.70408146
42091825.39983379
42095249.37408785
42098673.6268662
42102098.15819167
42105522.968086846
42108948.0565743
42112373.42367685
42115799.06941709
42119224.99381759
42122651.1969012
42126077.67869049
42129504.43920807
42132931.478476755
42136358.796519145
42139786.393357925
42143214.26901577
42146642.42351527
42150070.85687928
42153499.569130406
42156928.56029124
42160357.83038464
42163787.37943322
42167217.207459584
42170647.314486586
42174077.70053685
42177508.36563298
42180939.309797846
42184370.53305406
42187802.03542434
42191233.816931285
42194665.87759779
42198098.21744646
42201530.83650003
42204963.734781094
42208396.91231257
42211830.36911706
42215264.10521721
42218698.12063592
42222132.415395804
42225566.989519514
42229001.843029946
42232436.975949734
42235872.38830152
42239308.08010822
42242744.051392466
42246180.302177
42249616.83248456
42253053.642337784
42256490.73175959
42259928.10077265
42263365.7493996
42266803.67766337
42270241.88558661
42273680.373192
42277119.140502445
42280558.18754062
42283997.51432919
42287437.12089109
42290877.00724899
42294317.173425555
42297757.61944374
42301198.34532619
42304639.351095706
42308080.63677503
42311522.20238686
42314964.047954135
42318406.17349954
42321848.579045765
42325291.26461576
42328734.23023221
42332177.47591782
42335621.00169554
42339064.80758807
42342508.89361811
42345953.259808615
42349397.90618229
42352842.83276193
42356288.03957024
42359733.52663019
42363179.29396449
42366625.34159594
42370071.66954725
42373518.277841404
42376965.16650111
42380412.335549094
42383859.78500833
42387307.51490156
42390755.52525149
42394203.816081114
42397652.38741317
42401101.23927037
42404550.371675715
42407999.78465194
42411449.47822188
42414899.45240834
42418349.70723408
42421800.24272209
42425251.0588951
42428702.15577589
42432153.53338744
42435605.19175251
42439057.13089385
42442509.350834474
42445961.85159714
42449414.633204594
42452867.695679866
42456321.03904571
42459774.66332489
42463228.56854043
42466682.7547151
42470137.221871756
42473591.97003324
42477046.999222346
42480502.30946209
42483957.90077526
42487413.77318462
42490869.92671322
42494326.36138383
42497783.07721925
42501240.07424251
42504697.3524764
42508154.91194371
42511612.752667494
42515070.874670535
42518529.27797573
42521987.96260586
42525446.92858398
42528906.1759329
42532365.70467551
42535825.514834605
42539285.60643325
42542745.979494266
42546206.634040445
42549667.57009486
42553128.787680335
42556590.28681968
42560052.06753597
42563514.12985201
42566976.473790646
42570439.09937494
42573902.00662773
42577365.195571914
42580828.66623042
42584292.41862606
42587756.45278195
42591220.7687209
42594685.36646576
42598150.24603962
42601615.407465324
42605080.850765705
42608546.57596387
42612012.58308266
42615478.87214492
42618945.44317377
42622412.29619206
42625879.431222625
42629346.84828859
42632814.547412805
42636282.52861822
42639750.79192778
42643219.337364346
42646688.164951034
42650157.27471072
42653626.66666626
42657096.340840794
42660566.297257185
42664036.53593831
42667507.056907296
42670977.860187024
42674448.94580038
42677920.31377049
42681391.96412024
42684863.896872595
42688336.11205046
42691808.60967696
42695281.38977499
42698754.452367544
42702227.7974775
42705701.425128005
42709175.335341975
42712649.528142296
42716124.00355213
42719598.761594385
42723073.80229196
42726549.12566802
42730024.731745474
42733500.620547235
42736976.79209647
42740453.24641611
42743929.98352912
42747407.00345854
42750884.306227274
42754361.891858496
42757839.76037514
42761317.91180014
42764796.34615666
42768275.06346764
42771754.063756004
42775233.34704495
42778712.91335742
42782192.76271634
42785672.89514491
42789153.31066606
42792634.00930275
42796114.99107817
42799596.25601527
42803077.80413709
42806559.63546665
42810041.75002692
42813524.147841096
42817006.82893214
42820489.793323
42823973.04103692
42827456.57209683
42830940.38652571
42834424.484346785
42837908.86558301
42841393.53025736
42844878.47839306
42848363.710013084
42851849.2251405
42855335.023798265
42858821.10600964
42862307.47179758
42865794.12118517
42869281.05419538
42872768.27085147
42876255.77117642
42879743.55519321
42883231.622925095
42886719.974395074
42890208.60962614
42893697.52864154
42897186.731464274
42900676.21811735
42904165.98862402
42907656.0430073
42911146.381290264
42914637.00349603
42918127.90964758
42921619.0997682
42925110.5738809
42928602.332008705
42932094.37417488
42935586.70040244
42939079.31071441
42942572.20513408
42946065.383684464
42949558.84638859
42953052.59326976
42956546.62435098
42960040.93965529
42963535.539206
42967030.42302612
42970525.591138795
42974021.043567136
42977516.78033419
42981012.80146327
42984509.1069774
42988005.696899645
42991502.5712533
42994999.73006143
42998497.17334707
43001994.901133545
43005492.913443916
43008991.21030123
43012489.79172882
43015988.65774973
43019487.80838712
43022987.243664056
43026486.96360387
43029986.96822962
43033487.25756448
43036987.8316315
43040488.690454036
43043989.834055156
43047491.26245794
43050992.97568572
43054494.973761596
43057997.256708644
43061499.824550204
43065002.67730937
43068505.81500924
43072009.23767315
43075512.945324205
43079016.93798558
43082521.215680465
43086025.77843196
43089530.62626342
43093035.75919796
43096541.17725866
43100046.88046892
43103552.86885183
43107059.14243051
43110565.70122831
43114072.54526838
43117579.67457381
43121087.08916798
43124594.789074026
43128102.77431506
43131611.04491446
43135119.60089537
43138628.44228098
43142137.569094524
43145646.98135913
43149156.67909819
43152666.66233484
43156176.93109222
43159687.48539372
43163198.32526249
43166709.450721666
43170220.861794665
43173732.55850462
43177244.54087468
43180756.80892827
43184269.362688534
43187782.2021787
43191295.32742195
43194808.738441676
43198322.435261056
43201836.417903334
43205350.68639167
43208865.240749486
43212380.08099996
43215895.207166255
43219410.61927181
43222926.317339785
43226442.30139336
43229958.57145598
43233475.12755081
43236991.969701044
43240509.09793012
43244026.51226122
43247544.21271762
43251062.19932259
43254580.47209933
43258099.031071275
43261617.87626164
43265137.0076936
43268656.42539064
43272176.12937593
43275696.119672686
43279216.39630438
43282736.95929419
43286257.80866535
43289778.944441326
43293300.366645314
43296822.07530054
43300344.07043047
43303866.35205833
43307388.92020742
43310911.77490105
43314434.91616243
43317958.34401506
43321482.05848217
43325006.059586965
43328530.34735295
43332054.92180336
43335579.78296143
43339104.93085064
43342630.365494244
43346156.08691547
43349682.09513783
43353208.39018456
43356734.972078994
43360261.84084437
43363788.99650422
43367316.439081766
43370844.16860037
43374372.18508328
43377900.48855401
43381429.07903581
43384957.95655196
43388487.12112597
43392016.57278111
43395546.31154063
43399076.33742808
43402606.65046672
43406137.25067981
43409668.13809091
43413199.31272328
43416730.77460028
43420262.52374528
43423794.560181566
43427326.88393268
43430859.495021895
43434392.393472515
43437925.57930808
43441459.05255188
43444992.813227214
43448526.86135763
43452061.196966425
43455595.8200769
43459130.730712615
43462665.928896874
43466201.41465297
43469737.188004486
43473273.248974726
43476809.59758707
43480346.23386494
43483883.15783163
43487420.369510725
43490957.86892554
43494495.656099394
43498033.73105587
43501572.09381829
43505110.744409986
43508649.68285453
43512188.90917527
43515728.423395514
43519268.22553887
43522808.31562867
43526348.69368834
43529889.3597412
43533430.313810885
43536971.555920705
43540513.086094104
43544054.90435442
43547597.01072528
43551139.405230016
43554682.08789198
43558225.0587348
43561768.31778181
43565311.86505639
43568855.70058215
43572399.82438244
43575944.23648064
43579488.93690036
43583033.92566498
43586579.20279796
43590124.768322736
43593670.622262694
43597216.76464147
43600763.19548244
43604309.91480897
43607856.92264473
43611404.219013065
43614951.803937376
43618499.67744132
43622047.83954827
43625596.290281616
43629145.02966502
43632694.05772187
43636243.37447556
43639792.97994975
43643342.87416784
43646893.05715331
43650443.52892966
43653994.28952029
43657545.33894887
43661096.67723881
43664648.30441351
43668200.22049666
43671752.42551166
43675304.91948193
43678857.70243116
43682410.774382755
43685964.135360144
43689517.78538701
43693071.72448678
43696625.95268297
43700180.46999901
43703735.27645859
43707290.37208515
43710845.756902196
43714401.43093318
43717957.3942018
43721513.646731496
43725070.188545704
43728627.01966814
43732184.14012225
43735741.549931474
43739299.249119535
43742857.23770988
43746415.51572596
43749974.0831915
43753532.94012996
43757092.086564876
43760651.522519805
43764211.248018205
43767771.26308381
43771331.56774008
43774892.1620105
43778453.045918785
43782014.21948842
43785575.68274288
43789137.43570589
43792699.47840095
43796261.81085153
43799824.43308137
43803387.34511397
43806950.546972804
43810514.03868163
43814077.82026392
43817641.89174329
43821206.25314329
43824770.90448742
43828335.84579945
43831901.077102885
43835466.598421216
43839032.409778215
43842598.51119738
43846164.90270223
43849731.58431653
43853298.55606379
43856865.81796753
43860433.370051526
43864001.21233929
43867569.34485443
43871137.767620474
43874706.4806612
43878275.48400014
43881844.7776609
43885414.361667015
43888984.236042276
43892554.40081022
43896124.85599437
43899695.60161854
43903266.63770626
43906837.96428107
43910409.58136678
43913981.488986924
43917553.68716506
43921126.17592499
43924698.95529027
43928272.025284536
43931845.38593143
43935419.037254505
43938992.97927759
43942567.212024234
43946141.735518
43949716.54978272
43953291.65484196
43956867.050719276
43960442.737438515
43964018.715023234
43967594.983497016
43971171.542883694
43974748.39320684
43978325.53449005
43981902.96675715
43985480.69003173
43989058.704337455
43992637.00969801
43996215.60613698
43999794.49367821
44003373.6723453
44006953.142161846
44010532.903151706
44014112.95533847
44017693.298745744
44021273.93339739
44024854.85931702
44028436.07652823
44032017.58505489
44035599.38492062
44039181.476149105
44042763.85876397
44046346.53278909
44049929.49824808
44053512.755164646
44057096.30356241
44060680.143465266
44064264.27489683
44067848.69788072
44071433.41244085
44075018.418600835
44078603.716384314
44082189.30581518
44085775.186917074
44089361.35971364
44092947.824228756
44096534.5804861
44100121.62850937
44103708.96832233
44107296.5999486
44110884.523412116
44114472.73873652
44118061.24594546
44121650.04506287
44125239.13611239
44128828.51911769
44132418.1941027
44136008.161091074
44139598.42010648
44143188.97117285
44146779.814313844
44150370.94955315
44153962.37691469
44157554.09642215
44161146.10809928
44164738.41196987
44168331.00805757
44171923.896386355
44175517.07697989
44179110.54986187
44182704.31505625
44186298.37258672
44189892.72247696
44193487.36475094
44197082.29943235
44200677.52654489
44204273.04611253
44207868.85815896
44211464.96270798
44215061.3597833
44218658.049408875
44222255.03160843
44225852.30640577
44229449.87382458
44233047.73388887
44236645.88662234
44240244.332048714
44243843.07019198
44247442.10107586
44251041.42472407
44254641.04116061
44258240.95040922
44261841.1524936
44265441.64743778
44269042.435265474
44272643.51600052
44276244.88966673
44279846.55628785
44283448.515887894
44287050.7684906
44290653.31411971
44294256.15279924
44297859.284552954
44301462.70940459
44305066.42737816
44308670.43849743
44312274.74278616
44315879.34026837
44319484.23096783
44323089.41490828
44326694.89211378
44330300.66260808
44333906.726415046
44337513.08355852
44341119.7340623
44344726.67795041
44348333.915246636
44351941.445974745
44355549.2701588
44359157.38782257
44362765.79898984
44366374.50368468
44369983.50193085
44373592.79375216
44377202.37917267
44380812.258216165
44384422.43090653
44388032.897267565
44391643.65732334
44395254.71109766
44398866.0586144
44402477.699897386
44406089.63497068
44409701.8638581
44413314.38658345
44416927.203170806
44420540.313644
44424153.71802683
44427767.416343406
44431381.40861753
44434995.69487302
44438610.27513399
44442225.149424255
44445840.317767724
44449455.78018834
44453071.536709905
44456687.587356545
44460303.93215209
44463920.57112038
44467537.504285514
44471154.73167135
44474772.25330172
44478390.06920073
44482008.17939225
44485626.58390012
44489245.28274845
44492864.275961116
44496483.56356195
44500103.1455751
44503723.02202441
44507343.19293383
44510963.65832732
44514584.418228745
44518205.47266224
44521826.821651675
44525448.46522091
44529070.40339411
44532692.63619514
44536315.16364786
44539937.98577644
44543561.102604754
44547184.51415668
44550808.22045638
44554432.221527725
44558056.517394714
44561681.10808123
44565305.993611425
44568931.174009204
44572556.64929855
44576182.41950336
44579808.4846478
44583434.84475579
44587061.49985121
44590688.44995825
44594315.695100814
44597943.23530281
44601571.07058843
44605199.20098157
44608827.626506165
44612456.34718639
44616085.36304616
44619714.6741095
44623344.280400425
44626974.18194284
44630604.37876096
44634234.87087871
44637865.65832002
44641496.741109096
44645128.11926987
44648759.79282627
44652391.76180253
44656024.02622257
44659656.58611034
44663289.441490054
44666922.59238566
44670556.0388211
44674189.78082061
44677823.81840813
44681458.15160771
44685092.78044339
44688727.704939134
44692362.92511918
44695998.44100747
44699634.25262798
44703270.36000496
44706906.76316236
44710543.46212416
44714180.456914596
44717817.74755764
44721455.33407728
44725093.21649776
44728731.39484304
44732369.86913723
44736008.63940428
44739647.705668464
44743287.06795377
44746926.72628427
44750566.680683956
44754206.9311771
44757847.477787696
44761488.32053973
44765129.45945749
44768770.894564964
44772412.62588616
44776054.65344535
44779696.97726655
44783339.59737376
44786982.51379127
44790625.72654309
44794269.235653326
44797913.041146085
44801557.14304538
44805201.54137551
44808846.2361605
44812491.22742437
44816136.51519141
44819782.09948567
44823427.98033117
44827074.15775221
44830720.63177282
44834367.40241705
44838014.4697092
44841661.83367331
44845309.49433344
44848957.45171388
44852605.705838695
44856254.25673202
44859903.10441799
44863552.24892066
44867201.69026435
44870851.42847313
44874501.46357104
44878151.795582436
44881802.424531356
44885453.35044187
44889104.57333833
44892756.09324479
44896407.91018532
44900060.02418427
44903712.43526571
44907365.14345381
44911018.148772635
44914671.451246545
44918325.05089963
44921978.94775605
44925633.1418399
44929287.63317554
44932942.421787046
44936597.50769852
44940252.89093433
44943908.57151857
44947564.549475335
44951220.82482899
44954877.397603646
44958534.2678234
44962191.43551263
44965848.90069545
44969506.663396046
44973164.72363864
44976823.08144732
44980481.73684649
44984140.68986026
44987799.94051276
44991459.48882837
44995119.334831215
44998779.47854542
45002439.91999539
45006100.65920525
45009761.69619913
45013423.031001434
45017084.6636363
45020746.594127856
45024408.82250053
45028071.34877844
45031734.17298584
45035397.29514695
45039060.71528592
45042724.43342718
45046388.44959486
45050052.76381314
45053717.376106426
45057382.28649888
45061047.49501466
45064713.0016782
45068378.80651366
45072044.909545206
45075711.31079728
45079378.01029404
45083045.008059755
45086712.304118596
45090379.898495
45094047.79121316
45097715.98229734
45101384.4717717
45105053.25966072
45108722.34598857
45112391.73077945
45116061.4140578
45119731.39584781
45123401.676173694
45127072.255059905
45130743.13253064
45134414.30861009
45138085.78332273
45141757.55669277
45145429.6287445
45149101.99950221
45152774.66899011
45156447.63723269
45160120.90425415
45163794.47007872
45167468.33473087
45171142.49823482
45174816.96061481
45178491.7218953
45182166.78210054
45185842.141254745
45189517.79938242
45193193.756507784
45196870.01265508
45200546.56784881
45204223.4221132
45207900.57547259
45211578.02795131
45215255.77957359
45218933.83036395
45222612.180346645
45226290.829545915
45229969.77798627
45233649.025691986
45237328.5726873
45241008.41899674
45244688.56464456
45248369.00965502
45252049.75405267
45255730.79786175
45259412.14110663
45263093.78381157
45266775.72600111
45270457.967699535
45274140.5089312
45277823.34972037
45281506.4900916
45285189.93006918
45288873.66967738
45292557.70894075
45296242.047883585
45299926.68653017
45303611.624905065
45307296.863032565
45310982.40093695
45314668.2386428
45318354.376174405
45322040.81355616
45325727.55081245
45329414.58796758
45333101.92504613
45336789.562072404
45340477.499070704
45344165.736065626
45347854.273081474
45351543.11014256
45355232.24727348
45358921.684498556
45362611.42184209
45366301.459328696
45369991.7969827
45373682.43482841
45377373.372890435
45381064.61119311
45384756.14976086
45388447.9886181
45392140.12778917
45395832.56729869
45399525.30717099
45403218.34743041
45406911.688101575
45410605.32920883
45414299.27077652
45417993.51282927
45421688.05539143
45425382.89848736
45429078.042141676
45432773.48637875
45436469.23122303
45440165.27669887
45443861.62283092
45447558.26964353
45451255.21716117
45454952.46540821
45458650.014409296
45462347.86418879
45466046.01477108
45469744.46618081
45473443.218442366
45477142.27158013
45480841.62561875
45484541.28058262
45488241.23649613
45491941.49338393
45495642.051270425
45499342.91018009
45503044.070137426
45506745.531166814
45510447.29329294
45514149.3565402
45517851.720933
45521554.38649601
45525257.35325365
45528960.62123032
45532664.19045071
45536368.06093924
45540072.232720315
45543776.70581863
45547481.4802586
45551186.55606466
45554891.93326149
45558597.61187352
45562303.591925286
45566009.87344129
45569716.45644596
45573423.34096402
45577130.527019896
45580838.01463802
45584545.80384312
45588253.89465963
45591962.28711198
45595670.98122492
45599379.97702287
45603089.274530284
45606798.8737719
45610508.77477216
45614218.97755562
45617929.482146725
45621640.28857021
45625351.39685055
45629062.80701229
45632774.51907989
45636486.533078104
45640198.84903139
45643911.46696422
45647624.38690135
45651337.60886725
45655051.1328864
45658764.95898355
45662479.08718318
45666193.51750977
45669908.2499881
45673623.28464264
45677338.62149796
45681054.26057866
45684770.20190924
45688486.44551445
45692202.991418794
45695919.83964677
45699636.99022316
45703354.44317246
45707072.198519185
45710790.256288104
45714508.61650374
45718227.279190585
45721946.24437345
45725665.51207683
45729385.08232525
45733104.955143504
45736825.13055612
45740545.6085877
45744266.38926287
45747987.472606145
45751708.85864235
45755430.54739599
45759152.53889162
45762874.83315404
45766597.43020778
45770320.330077395
45774043.532787696
45777767.03836322
45781490.84682851
45785214.9582084
45788939.37252743
45792664.089810245
45796389.1100814
45800114.43336572
45803840.05968776
45807565.98907219
45811292.22154355
45815018.75712668
45818745.595846154
45822472.73772653
45826200.18279267
45829927.93106912
45833655.98258047
45837384.33735157
45841112.995406985
45844841.9567713
45848571.22146937
45852300.78952579
45856030.66096523
45859760.83581236
45863491.31409177
45867222.09582835
45870953.18104666
45874684.569771305
45878416.262027174
45882148.25783885
45885880.557230935
45889613.16022832
45893346.066855595
45897079.27713737
45900812.791098535
45904546.6087637
45908280.73015747
45912015.15530475
45915749.88423015
45919484.91695838
45923220.25351415
45926955.89392208
45930691.83820709
45934428.08639379
45938164.63850681
45941901.49457106
45945638.65461117
45949376.118651785
45953113.88671781
45956851.95883388
45960590.33502465
45964329.01531502
45968067.999729656
45971807.28829328
45975546.881030545
45979286.77796639
45983026.97912545
45986767.48453248
45990508.29421215
45994249.40818937
45997990.82648882
46001732.549135156
46005474.57615332
46009216.90756799
46012959.54340382
46016702.48368576
46020445.72843849
46024189.27768667
46027933.13145527
46031677.28976897
46035421.75265254
46039166.520130746
46042911.59222828
46046656.968970105
46050402.65038091
46054148.63648538
46057894.92730851
46061641.52287496
46065388.42320945
46069135.62833695
46072883.138282165
46076630.953069784
46080379.07272481
46084127.49727193
46087876.226735875
46091625.26114161
46095374.60051387
46099124.24487745
46102874.194257155
46106624.44867772
46110375.00816412
46114125.87274111
46117877.04243339
46121628.51726597
46125380.297263585
46129132.38245096
46132884.77285311
46136637.46849478
46140390.46940068
46144143.77559585
46147897.38710503
46151651.30395305
46155405.52616465
46159160.053764865
46162914.88677844
46166670.025230214
46170425.46914495
46174181.21854768
46177937.27346315
46181693.63391613
46185450.29993167
46189207.2715345
46192964.54874942
46196722.13160146
46200480.02011539
46204238.21431597
46207996.71422828
46211755.519877076
46215514.63128723
46219274.04848362
46223033.77149101
46226793.80033449
46230554.13503883
46234314.77562881
46238075.72212951
46241836.97456572
46245598.53296223
46249360.39734412
46253122.56773618
46256885.04416321
46260647.8266503
46264410.91522224
46268174.309903845
46271938.0107202
46275702.01769611
46279466.330856495
46283230.95022624
46286995.87583017
46290761.10769339
46294526.645840704
46298292.490296945
46302058.64108722
46305825.09823634
46309591.86176914
46313358.931710735
46317126.30808595
46320893.99091962
46324661.98023686
46328430.27606251
46332198.8784215
46335967.78733867
46339737.00283915
46343506.524947785
46347276.353689514
46351046.48908918
46354816.931171924
46358587.679962605
46362358.73548606
46366130.09776745
46369901.766831614
46373673.74270343
46377446.02540803
46381218.61497029
46384991.51141507
46388764.71476752
46392538.22505253
46396312.042295046
46400086.166520044
46403860.5977524
46407635.33601728
46411410.381339565
46415185.73374414
46418961.39325617
46422737.35990054
46426513.633702144
46430290.214686155
46434067.10287747
46437844.298300974
46441621.80098186
46445399.61094502
46449177.72821536
46452956.15281806
46456734.88477804
46460513.924120285
46464293.27086981
46468072.92505152
46471852.88669062
46475633.15581201
46479413.73244063
46483194.61660167
46486975.80832005
46490757.3076207
46494539.11452883
46498321.22906936
46502103.65126723
46505886.381147645
46509669.41873556
46513452.764055975
46517236.417133845
46521020.377994396
46524804.64666256
46528589.22316339
46532374.10752182
46536159.29976308
46539944.79991214
46543730.60799393
46547516.7240337
46551303.1480564
46555089.880086996
46558876.92015072
46562664.26827255
46566451.924477436
46570239.88879064
46574028.16123712
46577816.74184195
46581605.630630195
46585394.82762683
46589184.33285711
46592974.14634602
46596764.26811854
46600554.698199935
46604345.436615184
46608136.48338929
46611927.83854751
46615719.50211484
46619511.47411628
46623303.75457709
46627096.343522295
46630889.24097687
46634682.44696612
46638475.961515024
46642269.7846487
46646063.91639225
46649858.35677067
46653653.10580927
46657448.16353306
46661243.52996705
46665039.20513654
46668835.18906656
46672631.48178212
46676428.08330853
46680224.99367083
46684022.21289403
46687819.74100345
46691617.57802412
46695415.72398117
46699214.178899646
46703012.94280485
46706812.015721835
46710611.39767573
46714411.08869159
46718211.08879474
46722011.398010224
46725812.01636309
46729612.94387869
46733414.18058206
46737215.72649827
46741017.58165265
46744819.746070266
46748622.21977619
46752425.002795756
46756228.09515403
46760031.496876195
46763835.2079874
46767639.22851271
46771443.558477506
46775248.197906844
46779053.14682582
46782858.40525979
46786663.973233834
46790469.85077304
46794276.03790278
46798082.53464814
46801889.34103422
46805696.45708639
46809503.88282975
46813311.61828939
46817119.66349069
46820928.01845877
46824736.68321881
46828545.65779602
46832354.9422155
46836164.53650265
46839974.440682575
46843784.6547804
46847595.17882151
46851406.01283104
46855217.156834096
46859028.610856086
46862840.374922134
46866652.44905737
46870464.83328721
46874277.527636774
46878090.53213129
46881903.846795894
46885717.47165602
46889531.406736776
46893345.65206343
46897160.2076611
46900975.07355522
46904790.24977095
46908605.73633342
46912421.53326808
46916237.64060007
46920054.05835456
46923870.786556974
46927687.825232476
46931505.17440623
46935322.83410369
46939140.80435
46942959.08517045
46946777.67659027
46950596.578634664
46954415.79132907
46958235.31469867
46962055.14876863
46965875.29356443
46969695.74911125
46973516.51543426
46977337.592558935
46981158.980510466
46984980.67931405
46988802.688995145
46992625.00957896
46996447.641090676
47000270.58355579
47004093.83699949
47007917.40144709
47011741.276923865
47015565.46345504
47019389.96106609
47023214.769782245
47027039.8896287
47030865.32063097
47034691.06281426
47038517.116203785
47042343.48082507
47046170.15670331
47049997.14386374
47053824.44233188
47057652.05213295
47061479.973292276
47065308.2058351
47069136.74978692
47072965.605173
47076794.772018656
47080624.25034913
47084454.04018995
47088284.14156637
47092114.55450363
47095945.27902726
47099776.31516252
47103607.66293465
47107439.32236921
47111271.293491445
47115103.576326616
47118936.17090026
47122769.077237666
47126602.295364164
47130435.82530514
47134269.66708585
47138103.820731856
47141938.28626843
47145773.063720845
47149608.15311467
47153443.55447519
47157279.26782767
47161115.29319769
47164951.63061054
47168788.280091494
47172625.241666146
47176462.515359774
47180300.10119768
47184137.99920544
47187976.20940836
47191814.731831826
47195653.566501245
47199492.713441916
47203332.17267943
47207171.9442391
47211012.02814623
47214852.42442643
47218693.13310501
47222534.154207274
47226375.487758845
47230217.13378504
47234059.09231117
47237901.36336286
47241743.94696543
47245586.84314431
47249430.05192483
47253273.57333261
47257117.40739297
47260961.55413137
47264806.013573125
47268650.78574387
47272495.87066896
47276341.26837373
47280186.97888382
47284033.002224565
47287879.33842134
47291725.98749976
47295572.949485205
47299420.224403016
47303267.81227885
47307115.713138066
47310963.92700612
47314812.45390848
47318661.2938705
47322510.44691786
47326359.91307592
47330209.69237005
47334059.78482592
47337910.19046891
47341760.90932439
47345611.941418044
47349463.286775246
47353314.94542139
47357166.91738214
47361019.20268291
47364871.80134907
47368724.71340632
47372577.93888004
47376431.477795735
47380285.3301789
47384139.49605494
47387993.97544955
47391848.76838813
47395703.874896094
47399559.29499914
47403415.02872268
47407271.07609214
47411127.43713321
47414984.11187132
47418841.10033189
47422698.402540624
47426556.01852296
47430413.94830442
47434272.19191043
47438130.74936671
47441989.62069869
47445848.80593191
47449708.30509181
47453568.11820412
47457428.245294265
47461288.6863877
47465149.44151018
47469010.51068712
47472871.89394399
47476733.59130652
47480595.60280018
47484457.92845042
47488320.56828299
47492183.52232334
47496046.790597044
47499910.37312965
47503774.269946635
47507638.48107375
47511503.00653648
47515367.84636027
47519233.000570916
47523098.46919388
47526964.25225465
47530830.34977899
47534696.76179238
47538563.488320306
47542430.52938856
47546297.88502262
47550165.55524798
47554033.54009041
47557901.83957543
47561770.45372863
47565639.382575594
47569508.62614183
47573378.18445314
47577248.05753502
47581118.24541298
47584988.74811283
47588859.56566007
47592730.69808021
47596602.14539908
47600473.907642186
47604345.98483504
47608218.37700347
47612091.084172994
47615964.10636924
47619837.44361773
47623711.09594429
47627585.06337445
47631459.34593385
47635333.94364802
47639208.856542796
47643084.084643714
47646959.62797631
47650835.48656645
47654711.66043965
47658588.14962147
47662464.954137765
47666342.07401407
47670219.50927595
47674097.25994926
47677975.32605955
47681853.70763248
47685732.40469372
47689611.417268835
47693490.74538368
47697370.38906382
47701250.34833484
47705130.6232226
47709011.21375268
47712892.11995065
47716773.34184239
47720654.87945349
47724536.732809514
47728418.90193636
47732301.38685961
47736184.18760486
47740067.30419799
47743950.73666459
47747834.485030375
47751718.54932102
47755602.92956214
47759487.62577962
47763372.63799907
47767257.96624611
47771143.610546626
47775029.57092624
47778915.84741056
47782802.44002549
47786689.348796666
47790576.57374969
47794464.11491049
47798351.97230469
47802240.145958
47806128.63589606
47810017.44214479
47813906.564729825
47817796.00367689
47821685.75901163
47825575.83075999
47829466.21894758
47833356.92360007
47837247.94474338
47841139.28240317
47845030.93660509
47848922.90737507
47852815.194738775
47856707.798721865
47860600.71935028
47864493.95664968
47868387.51064584
47872281.3813645
47876175.56883135
47880070.07307232
47883964.894113116
47887860.03197939
47891755.48669711
47895651.25829196
47899547.346789606
47903443.75221604
47907340.47459693
47911237.51395797
47915134.87032514
47919032.54372412
47922930.53418061
47926828.841720596
47930727.46636977
47934626.40815393
47938525.66709887
47942425.2432303
47946325.13657421
47950225.34715631
47954125.875002295
47958026.72013819
47961927.88258969
47965829.36238252
47969731.15954269
47973633.2740959
47977535.7060679
47981438.45548468
47985341.52237198
47989244.90675562
47993148.60866133
47997052.62811513
48000956.965142764
48004861.61977006
48008766.59202275
48012671.88192687
48016577.48950817
48020483.414792374
48024389.65780555
48028296.218573414
48032203.09712174
48036110.29347656
48040017.807663634
48043925.63970873
48047833.78963787
48051742.257476844
48055651.0432515
48059560.1469877
48063469.56871121
48067379.3084481
48071289.366224125
48075199.74206508
48079110.43599702
48083021.44804572
48086932.77823697
48090844.42659684
48094756.39315111
48098668.67792558
48102581.28094631
48106494.2022391
48110407.44182975
48114320.99974433
48118234.87600866
48122149.07064862
48126063.58369011
48129978.41515893
48133893.56508118
48137809.03348268
48141724.82038922
48145640.925826915
48149557.349821575
48153474.092399016
48157391.15358535
48161308.5334064
48165226.231887974
48169144.249056205
48173062.58493692
48176981.23955602
48180900.21293937
48184819.505113065
48188739.116102956
48192659.045934975
48196579.29463496
48200499.86222904
48204420.748743065
48208341.954202875
48212263.47863461
48216185.322064124
48220107.48451726
48224029.96602018
48227952.766598724
48231875.886278756
48235799.32508642
48239723.0830476
48243647.16018823
48247571.55653429
48251496.27211165
48255421.306946464
48259346.66106461
48263272.33449197
48267198.32725469
48271124.639378674
48275051.27088979
48278978.221814215
48282905.492177844
48286833.082006544
48290760.99132652
48294689.22016365
48298617.768543825
48302546.63649324
48306475.8240378
48310405.33120349
48314335.15801632
48318265.30450218
48322195.77068728
48326126.55659752
48330057.662258826
48333989.087697394
48337920.83293913
48341852.89800997
48345785.28293611
48349717.98774348
48353651.012458
48357584.35710589
48361518.02171307
48365452.006305575
48369386.31090933
48373320.93555057
48377255.88025523
48381191.14504934
48385126.72995885
48389062.635009974
48392998.86022868
48396935.4056409
48400872.27127289
48404809.457150586
48408746.963299945
48412684.789747216
48416622.936518356
48420561.403639324
48424500.191136375
48428439.299035475
48432378.72736268
48436318.47614406
48440258.54540559
48444198.93517352
48448139.64547384
48452080.67633252
48456022.027775824
48459963.69982975
48463905.69252026
48467848.00587364
48471790.63991589
48475733.59467298
48479676.870171204
48483620.46643655
48487564.38349501
48491508.621372886
48495453.18009617
48499398.05969096
48503343.260183364
48507288.78159938
48511234.623965316
48515180.78730718
48519127.27165098
48523074.07702303
48527021.20344934
48530968.65095593
48534916.41956911
48538864.509314924
48542812.92021937
48546761.65230878
48550710.70560919
48554660.08014671
48558609.77594739
48562559.793037556
48566510.13144324
48570460.79119058
48574411.77230562
48578363.07481471
48582314.69874388
48586266.64411917
48590218.91096695
48594171.49931325
48598124.40918414
48602077.640605964
48606031.193604775
48609985.06820664
48613939.264437914
48617893.782324664
48621848.621893056
48625803.783169255
48629759.26617933
48633715.07094965
48637671.1975063
48641627.64587534
48645584.416083165
48649541.50815584
48653498.92211945
48657456.65800039
48661414.71582474
48665373.095618576
48669331.79740831
48673290.821220025
48677250.167079814
48681209.835014075
48685169.82504891
48689130.13721052
48693090.7715251
48697051.728018776
48701013.006717935
48704974.60764869
48708936.53083717
48712898.776309766
48716861.344092615
48720824.23421182
48724787.44669381
48728750.9815647
48732714.838850625
48736679.018578
48740643.52077297
48744608.34546175
48748573.492670484
48752538.962425604
48756504.75475325
48760470.86967965
48764437.307230964
48768404.067433625
48772371.15031379
48776338.555897586
48780306.28421149
48784274.335281625
48788242.70913417
48792211.405795574
48796180.42529199
48800149.76764959
48804119.43289483
48808089.42105388
48812059.732153006
48816030.36621847
48820001.32327645
48823972.60335343
48827944.20647557
48831916.132669054
48835888.38196036
48839860.954375684
48843833.849941194
48847807.06868338
48851780.61062844
48855754.475802556
48859728.66423222
48863703.175943635
48867678.01096299
48871653.1693168
48875628.65103125
48879604.45613264
48883580.584647305
48887557.036601424
48891533.812021516
48895510.9109338
48899488.33336448
48903466.079340085
48907444.14888682
48911422.542030916
48915401.2587989
48919380.29921698
48923359.6633114
48927339.351108685
48931319.36263506
48935299.697916865
48939280.35698034
48943261.33985201
48947242.646558136
48951224.27712504
48955206.231578976
48959188.50994649
48963171.11225382
48967154.03852724
48971137.28879329
48975120.86307822
48979104.76140829
48983088.983810075
48987073.53030981
48991058.40093378
48995043.59570855
48999029.114660375
49003014.95781563
49007001.1252007
49010987.61684184
49014974.43276564
49018961.572998375
49022949.03756633
49026936.82649608
49030924.93981392
49034913.377546124
49038902.13971929
49042891.22635972
49046880.63749369
49050870.3731478
49054860.43334836
49058850.81812166
49062841.527494304
49066832.56149259
49070823.92014294
49074815.603471756
49078807.611505345
49082799.94427032
49086792.601793006
49090785.58409971
49094778.89121706
49098772.52317137
49102766.47998897
49106760.76169648
49110755.368320234
49114750.29988656
49118745.55642209
49122741.13795316
49126737.044506215
49130733.27610758
49134729.8327839
49138726.71456152
49142723.92146689
49146721.45352635
49150719.31076655
49154717.49321385
49158716.00089459
49162714.833835445
49166713.99206276
49170713.4756029
49174713.28448253
49178713.41872801
49182713.8783657
49186714.663422294
49190715.773924135
49194717.20989771
49198718.971369505
49202721.058365874
49206723.470913514
49210726.2090388
49214729.27276812
49218732.66212815
49222736.3771453
49226740.41784594
49230744.78425677
49234749.47640419
49238754.494314596
49242759.83801468
49246765.507530846
49250771.5028895
49254777.82411735
49258784.471240796
49262791.44428636
49266798.743280545
49270806.36824977
49274814.319220744
49278822.59621989
49282831.19927363
49286840.12840869
49290849.383651495
49294858.965028465
49298868.872566335
49302879.10629154
49306889.6662305
49310900.55240997
49314911.764856376
49318923.30359626
49322935.168656066
49326947.36006253
49330959.87784212
49334972.72202136
49338985.892626725
49342999.389684945
49347013.213222496
49351027.36326582
49355041.83984168
49359056.642976545
49363071.772696875
49367087.22902943
49371103.012000695
49375119.12163712
49379135.557965495
49383152.32101229
49387169.41080407
49391186.827367425
49395204.57072884
49399222.64091509
49403241.03795266
49407259.76186805
49411278.81268804
49415298.19043912
49419317.89514779
49423337.92684085
49427358.28554479
49431378.97128612
49435399.984091625
49439421.323987834
49443442.99100123
49447464.98515865
49451487.306486584
49455509.95501166
49459532.93076048
49463556.23375957
49467579.86403574
49471603.82161553
49475628.10652546
49479652.71879235
49483677.65844273
49487702.925503135
49491728.5200004
49495754.44196105
49499780.69141163
49503807.26837898
49507834.17288964
49511861.404970266
49515888.96464738
49519916.85194785
49523945.06689823
49527973.60952515
49532002.47985518
49536031.67791518
49540061.2037317
49544091.05733131
49548121.23874087
49552151.74798695
49556182.585096106
49560213.75009522
49564245.24301086
49568277.0638696
49572309.21269832
49576341.68952359
49580374.49437211
49584407.627270535
49588441.088245474
49592474.87732381
49596508.99453212
49600543.43989701
49604578.213445365
49608613.315203786
49612648.745198876
49616684.503457524
49620720.59000634
49624757.00487193
49628793.74808119
49632830.819660746
49636868.2196372
49640905.94803747
49644944.00488816
49648982.390216
49653021.10404771
49657060.14640991
49661099.517329514
49665139.21683317
49669179.24494748
49673219.6016994
49677260.287115544
49681301.30122256
49685342.64404739
49689384.31561665
49693426.31595701
49697468.64509539
49701511.30305846
49705554.28987295
49709597.60556551
49713641.25016311
49717685.22369238
49721729.5261801
49725774.157652915
49729819.1181378
49733864.4076614
49737910.02625039
49741955.973931745
49746002.25073213
49750048.85667821
49754095.79179697
49758143.05611508
49762190.649659224
49766238.572456375
49770286.824533224
49774335.40591656
49778384.31663315
49782433.55670971
49786483.12617321
49790533.025050364
49794583.25336785
49798633.811152674
49802684.698431544
49806735.91523115
49810787.46157851
49814839.33750032
49818891.543023296
49822944.07817444
49826996.94298048
49831050.13746812
49835103.66166439
49839157.515595995
49843211.69928977
49847266.21277253
49851321.05607101
49855376.22921224
49859431.732222944
49863487.565129854
49867543.72796002
49871600.22074016
49875657.043497026
49879714.19625766
49883771.6790488
49887829.4918972
49891887.6348299
49895946.10787366
49900004.911055334
49904064.04440166
49908123.50793972
49912183.30169625
49916243.425698124
49920303.87997211
49924364.66454527
49928425.77944436
49932487.22469617
49936549.00032776
49940611.10636591
49944673.542837396
49948736.3097693
49952799.4071884
49956862.835121475
49960926.593595624
49964990.682637624
49969055.102274366
49973119.852532744
49977184.93343955
49981250.34502189
49985316.08730656
49989382.16032035
49993448.56409037
49997515.29864343
50001582.36400633
50005649.76020619
50009717.48726981
50013785.54522402
50017853.93409592
50021922.653912336
50025991.70470008
50030061.086486295
50034130.79929779
50038200.84316149
50042271.21810435
50046341.924153164
50050412.96133509
50054484.32967696
50058556.02920561
50062628.05994818
50066700.42193153
50070773.11518247
50074846.13972817
50078919.495595485
50082993.182811245
50087067.20140263
50091141.551396474
50095216.23281974
50099291.245699294
50103366.5900623
50107442.26593561
50111518.2733462
50115594.612320945
50119671.282887004
50123748.285071254
50127825.618900575
50131903.28440214
50135981.28160283
50140059.61052953
50144138.271209426
50148217.263669394
50152296.587936334
50156376.244037434
50160456.23199958
50164536.55184978
50168617.203615025
50172698.187322214
50176779.502998546
50180861.15067093
50184943.130366266
50189025.442111775
50193108.08593436
50197191.061860934
50201274.36991871
50205358.01013461
50209441.98253554
50213526.287148744
50217610.924001135
50221695.89311964
50225781.19453148
50229866.828263596
50233952.79434302
50238039.09279677
50242125.72365181
50246212.68693536
50250299.98267437
50254387.610895775
50258475.571626835
50262563.86489449
50266652.49072568
50270741.44914767
50274830.74018742
50278920.36387187
50283010.3202283
50287100.609283656
50291191.231065005
50295282.185599305
50299373.47291384
50303465.09303557
50307557.04599157
50311649.33180881
50315741.95051458
50319834.90213584
50323928.186699584
50328021.8042331
50332115.75476336
50336210.038317345
50340304.65492237
50344399.604605414
50348494.88739347
50352590.50331383
50356686.45239351
50360782.7346596
50364879.35013919
50368976.29885931
50373073.580847256
50377171.19613003
50381269.14473466
50385367.42668845
50389466.04201841
50393564.99075158
50397664.27291526
50401763.88853648
50405863.83764227
50409964.120259956
50414064.736416556
50418165.686139114
50422266.96945497
50426368.58639114
50430470.53697478
50434572.82123303
50438675.43919291
50442778.3908818
50446881.67632672
50450985.29555473
50455089.24859318
50459193.53546913
50463298.156209625
50467403.110842034
50471508.39939342
50475614.02189082
50479719.97836163
50483826.2688329
50487932.89333181
50492039.851885416
50496147.14452111
50500254.77126596
50504362.73214714
50508471.027191736
50512579.65642712
50516688.6198804
50520797.91757864
50524907.54954924
50529017.51581929
50533127.81641588
50537238.45136641
50541349.42069798
50545460.724437684
50549572.36261293
50553684.335250825
50557796.642378576
50561909.28402338
50566022.260212354
50570135.57097292
50574249.21633218
50578363.19631727
50582477.510955594
50586592.16027428
50590707.14430046
50594822.46306155
50598938.11658469
50603054.10489699
50607170.42802591
50611287.08599857
50615404.07884211
50619521.40658398
50623639.069251314
50627757.06687135
50631875.39947135
50635994.06707845
50640113.069720104
50644232.407423474
50648352.08021571
50652472.08812427
50656592.43117631
50660713.10939899
50664834.122819796
50668955.47146587
50673077.15536439
50677199.17454283
50681321.52902836
50685444.218848266
50689567.2440297
50693690.60460017
50697814.30058685
50701938.33201702
50706062.69891786
50710187.401316874
50714312.439241245
50718437.81271817
50722563.52177514
50726689.56643936
50730815.94673803
50734942.66269864
50739069.714348406
50743197.10171452
50747324.82482452
50751452.88370559
50755581.27838506
50759710.008890234
50763839.07524833
50767968.47748688
50772098.215633094
50776228.2897142
50780358.69975773
50784489.44579091
50788620.52784097
50792751.94593544
50796883.70010156
50801015.790366575
50805148.21675801
50809280.979303114
50813414.07802913
50817547.512963615
50821681.28413381
50825815.39156707
50829949.83529073
50834084.61533207
50838219.73171863
50842355.18447769
50846490.973636486
50850627.09922261
50854763.561263315
50858900.35978586
50863037.49481784
50867174.96638651
50871312.774519145
50875450.91924334
50879589.40058636
50883728.2185756
50887867.37323832
50892006.86460213
50896146.69269432
50900286.85754227
50904427.35917327
50908568.19761493
50912709.37289454
50916850.8850394
50920992.73407711
50925134.92003498
50929277.44294032
50933420.30282073
50937563.49970353
50941707.033616014
50945850.90458582
50949995.11264027
50954139.65780677
50958284.54011274
50962429.75958551
50966575.31625271
50970721.210141666
50974867.44127971
50979014.00969447
50983160.9154133
50987308.15846351
50991455.73887277
50995603.6566684
50999751.91187775
51003900.50452848
51008049.434647925
51012198.702263445
51016348.307402685
51020498.25009301
51024648.530361876
51028799.14823674
51032950.10374496
51037101.396914214
51041253.02777186
51045404.99634527
51049557.30266211
51053709.94674976
51057862.928635605
51062016.248347305
51066169.90591225
51070323.90135782
51074478.23471171
51078632.90600129
51082787.91525407
51086943.26249742
51091098.94775905
51095254.97106635
51099411.33244682
51103568.031927854
51107725.06953716
51111882.44530215
51116040.15925022
51120198.21140909
51124356.60180617
51128515.33046886
51132674.39742489
51136833.80270168
51140993.546326645
51145153.62832751
51149314.0487317
51153474.80756674
51157635.90486017
51161797.340639405
51165959.11493219
51170121.22776596
51174283.67916816
51178446.46916652
51182609.59778848
51186773.0650615
51190936.87101332
51195101.015671395
51199265.49906317
51203430.321216404
51207595.48215856
51211760.981917076
51215926.82051973
51220092.99799398
51224259.5143674
51228426.36966755
51232593.56392189
51236761.097158216
51240928.96940399
51245097.18068668
51249265.731034085
51253434.62047367
51257603.84903292
51261773.41673963
51265943.32362129
51270113.56970537
51274284.15501968
51278455.079591714
51282626.34344906
51286797.94661923
51290969.88913001
51295142.17100892
51299314.79228356
51303487.752981424
51307661.05313034
51311834.69275782
51316008.67189138
51320182.99055882
51324357.64878768
51328532.64660546
51332707.984040014
51336883.66111884
51341059.677869484
51345236.03431977
51349412.73049723
51353589.766429506
51357767.142144226
51361944.85766893
51366122.913031474
51370301.30825938
51374480.043380216
51378659.118421815
51382838.53341174
51387018.28837754
51391198.383347064
51395378.81834788
51399559.593407534
51403740.7085539
51407922.163814545
51412103.95921703
51416286.094789214
51420468.57055869
51424651.386553116
51428834.54280017
51433018.03932743
51437201.87616278
51441386.053333804
51445570.570868075
51449755.4287935
51453940.627137646
51458126.16592811
51462312.0451928
51466498.2649593
51470684.82525521
51474871.72610843
51479058.96754657
51483246.54959732
51487434.472288296
51491622.73564741
51495811.33970228
51500000.2844806
51504189.57001
51508379.1963184
51512569.16343342
51516759.47138266
51520950.120194085
51525141.109895304
51529332.44051393
51533524.11207792
51537716.1246149
51541908.478152506
51546101.172718674
51550294.20834105
51554487.58504737
51558681.30286539
51562875.36182275
51567069.7619474
51571264.503267
51575459.585809186
51579655.00960194
51583850.77467291
51588046.88104975
51592243.32876044
51596440.11783262
51600637.24829399
51604834.720172495
51609032.53349583
51613230.68829164
51617429.18458793
51621628.022412375
51625827.20179275
51630026.72275683
51634226.58533231
51638426.78954719
51642627.33542915
51646828.22300587
51651029.45230537
51655231.023355335
51659432.93618346
51663635.19081776
51667837.78728593
51672040.72561567
51676244.00583501
51680447.62797165
51684651.592053406
51688855.898107976
51693060.5461634
51697265.536247395
51701470.86838777
51705676.542612255
51709882.55894889
51714088.917425394
51718295.61806949
51722502.66090923
51726710.04597234
51730917.77328655
51735125.84287992
51739334.25478018
51743543.00901507
51747752.10561265
51751961.544600666
51756171.32600697
51760381.44985941
51764591.916185744
51768802.725014046
51773013.876372054
51777225.37028754
51781437.20678858
51785649.38590293
51789861.90765835
51794074.77208294
51798287.97920445
51802501.52905067
51806715.42164968
51810929.657029256
51815144.23521718
51819359.156241536
51823574.420130126
51827790.02691083
51832005.97661153
51836222.26926004
51840438.90488445
51844655.883512564
51848873.205172166
51853090.86989138
51857308.87769801
51861527.22861985
51865745.92268503
51869964.95992135
51874184.340356626
51878404.06401898
51882624.130936235
51886844.54113631
51891065.294647016
51895286.3914965
51899507.83171259
51903729.61532321
51907951.74235618
51912174.212839656
51916397.026801474
51920620.184269466
51924843.68527178
51929067.52983626
51933291.71799075
51937516.24976341
51941741.12518208
51945966.34427461
51950191.90706918
51954417.81359362
51958644.06387591
51962870.65794401
51967097.59582577
51971324.87754938
51975552.5031427
51979780.47263359
51984008.78605025
51988237.443420544
51992466.44477234
51996695.79013384
52000925.47953291
52005155.51299744
52009385.890555635
52013616.61223536
52017847.67806452
52022079.08807131
52026310.84228363
52030542.94072948
52034775.38343685
52039008.17043365
52043241.3017481
52047474.777408086
52051708.597441524
52055942.76187664
52060177.27074135
52064412.12406355
52068647.32187149
52072882.86419307
52077118.75105621
52081354.98248916
52085591.55851984
52089828.479176275
52094065.74448639
52098303.35447845
52102541.30918037
52106779.6086202
52111018.25282587
52115257.24182564
52119496.57564746
52123736.25431926
52127976.277869314
52132216.64632556
52136457.35971596
52140698.418068774
52144939.82141197
52149181.569773495
52153423.663181625
52157666.10166433
52161908.885249674
52166152.01396574
52170395.48784048
52174639.3069022
52178883.47117886
52183127.980698444
52187372.83548924
52191618.035579234
52195863.58099641
52200109.47176907
52204355.7079252
52208602.289492786
52212849.21650014
52217096.48897526
52221344.10694613
52225592.07044108
52229840.37948811
52234089.03411532
52238338.03435083
52242587.38022264
52246837.07175908
52251087.108988166
52255337.49193791
52259588.22063665
52263839.2951124
52268090.715393186
52272342.481507346
52276594.593482904
52280847.05134789
52285099.85513066
52289353.00485924
52293606.50056177
52297860.342266284
52302114.53000115
52306369.063794404
52310623.9436742
52314879.16966858
52319134.74180591
52323390.66011424
52327646.924621634
52331903.535356455
52336160.49234677
52340417.79562063
52344675.44520641
52348933.441132195
52353191.78342604
52357450.472116336
52361709.507231146
52365968.88879866
52370228.61684706
52374488.69140442
52378749.11249913
52383009.880159296
52387270.99441299
52391532.45528861
52395794.26281426
52400056.41701803
52404318.91792833
52408581.765573256
52412844.959980905
52417108.5011797
52421372.389197744
52425636.62406315
52429901.20580433
52434166.13444941
52438431.410026595
52442697.03256412
52446963.00209009
52451229.31863295
52455495.98222082
52459762.99288183
52464030.35064442
52468298.05553672
52472566.10758685
52476834.50682328
52481103.253274135
52485372.34696756
52489641.78793201
52493911.57619563
52498181.711786665
52502452.19473327
52506723.0250639
52510994.202806726
52515265.72799
52519537.60064188
52523809.82079083
52528082.388465025
52532355.303692624
52536628.56650212
52540902.176921666
52545176.13497944
52549450.440703936
52553725.094123326
52558000.09526578
52562275.44415981
52566551.140833594
52570827.185315415
52575103.57763357
52579380.31781624
52583657.40589195
52587934.841888875
52592212.62583523
52596490.75775952
52600769.23768995
52605048.06565471
52609327.24168234
52613606.76580104
52617886.638039015
52622166.858424805
52626447.42698662
52630728.34375267
52635009.6087515
52639291.22201133
52643573.18356048
52647855.4934273
52652138.15164
52656421.15822714
52660704.51321695
52664988.216637656
52669272.26851782
52673556.66888569
52677841.41776949
52682126.515197806
52686411.96119886
52690697.75580091
52694983.89903253
52699270.39092197
52703557.23149759
52707844.420787655
52712131.95882074
52716419.845625095
52720708.081229106
52724996.66566103
52729285.59894947
52733574.88112268
52737864.512208946
52742154.49223686
52746444.821234696
52750735.499230735
52755026.52625359
52759317.90233153
52763609.62749286
52767901.70176618
52772194.125179775
52776486.89776205
52780780.01954143
52785073.490546174
52789367.31080494
52793661.48034601
52797955.99919769
52802250.86738863
52806546.08494711
52810841.65190147
52815137.568280324
52819433.834111996
52823730.44942481
52828027.41424741
52832324.72860811
52836622.39253525
52840920.40605746
52845218.76920309
52849517.482000574
52853816.54447835
52858115.95666476
52862415.718588464
52866715.83027781
52871016.29176113
52875317.10306711
52879618.26422408
52883919.775260404
52888221.63620476
52892523.84708549
52896826.40793096
52901129.318769865
52905432.579630546
52909736.19054149
52914040.15153106
52918344.462627955
52922649.12386054
52926954.13525729
52931259.496846594
52935565.20865715
52939871.27071734
52944177.68305554
52948484.445700474
52952791.55868051
52957099.02202406
52961406.835759826
52965714.99991621
52970023.5145216
52974332.37960473
52978641.59519399
52982951.1613179
52987261.07800498
52991571.34528362
52995881.963182576
53000192.931730255
53004504.25095506
53008815.92088575
53013127.94155073
53017440.31297844
53021753.035197616
53026066.10823669
53030379.53212409
53034693.30688857
53039007.43255857
53043321.90916252
53047636.73672918
53051951.91528701
53056267.44486454
53060583.32549033
53064899.55719284
53069216.140000835
53073533.07394276
53077850.35904708
53082167.995342575
53086485.982857704
53090804.321620926
53095123.01166104
53099442.0530065
53103761.44568578
53108081.18972768
53112401.28516067
53116721.73201332
53121042.53031413
53125363.6800919
53129685.181375116
53134007.03419235
53138329.23857211
53142651.79454321
53146974.70213413
53151297.961373374
53155621.572289765
53159945.53491179
53164269.84926796
53168594.5153871
53172919.533297725
53177244.90302833
53181570.62460776
53185896.69806452
53190223.123427235
53194549.900724545
53198877.02998495
53203204.51123731
53207532.34451014
53211860.529831976
53216189.06723167
53220517.95673775
53224847.19837875
53229176.79218354
53233506.738180645
53237837.03639862
53242167.68686632
53246498.6896123
53250830.0446651
53255161.7520536
53259493.81180635
53263826.223952025
53268158.98851927
53272492.10553666
53276825.57503308
53281159.39703709
53285493.57157726
53289828.09868247
53294162.97838131
53298498.21070235
53302833.79567449
53307169.7333263
53311506.023686364
53315842.66678359
53320179.66264657
53324517.011304
53328854.712784454
53333192.76711687
53337531.174329825
53341869.93445203
53346209.04751209
53350548.51353893
53354888.33256114
53359228.50460735
53363569.02970648
53367909.90788713
53372251.13917793
53376592.72360782
53380934.66120542
53385276.95199933
53389619.596018516
53393962.5932916
53398305.94384731
53402649.6477144
53406993.704921484
53411338.11549753
53415682.879471175
53420027.996871054
53424373.467726134
53428719.29206506
53433065.469916485
53437412.001309365
53441758.88627237
53446106.124834135
53450453.717023656
53454801.66286958
53459149.96240058
53463498.615645625
53467847.62263339
53472196.98339265
53476546.69795218
53480896.76634065
53485247.18858707
53489597.96472011
53493949.094768435
53498300.57876107
53502652.41672669
53507004.60869399
53511357.15469197
53515710.05474933
53520063.30889475
53524416.91715727
53528770.87956557
53533125.19614846
53537479.86693466
53541834.89195318
53546190.271232724
53550546.00480213
53554902.09269009
53559258.534925655
53563615.33153754
53567972.48255445
53572329.988005444
53576687.84791925
53581046.062324576
53585404.63125049
53589763.55472572
53594122.83277899
53598482.46543937
53602842.452735595
53607202.79469651
53611563.49135096
53615924.5427277
53620285.9488558
53624647.709764004
53629009.825481065
53633372.296036065
53637735.121457756
53642098.3017749
53646461.837016575
53650825.72721155
53655189.972388595
53659554.5725768
53663919.527804926
53668284.83810176
53672650.50349639
53677016.5240176
53681382.89969428
53685749.63055531
53690116.71662948
53694484.1579459
53698851.95453337
53703220.106420666
53707588.61363691
53711957.47621091
53716326.69417145
53720696.26754766
53725066.196368344
53729436.48066231
53733807.120458685
53738178.115786284
53742549.46667403
53746921.173150726
53751293.235245526
53755665.65298725
53760038.42640482
53764411.55552706
53768785.04038313
53773158.88100186
53777533.07741207
53781907.629642926
53786282.537723266
53790657.80168191
53795033.42154805
53799409.39735053
53803785.72911817
53808162.41688015
53812539.46066534
53816916.86050268
53821294.61642114
53825672.72844958
53830051.19661718
53834430.020952806
53838809.20148532
53843188.738243915
53847568.63125745
53851948.88055482
53856329.486165196
53860710.44811747
53865091.76644052
53869473.44116355
53873855.472315446
53878237.85992508
53882620.604021676
53887003.70463413
53891387.16179144
53895770.97552259
53900155.1458565
53904539.672822386
53908924.55644915
53913309.7967657
53917695.393801264
53922081.347584754
53926467.65814508
53930854.32551148
53935241.34971286
53939628.730778165
53944016.46873662
53948404.56361715
53952793.015448794
53957181.82426048
53961570.99008146
53965960.51294067
53970350.39286715
53974740.62988984
53979131.224038
53983522.17534058
53987913.48382652
53992305.14952509
53996697.17246524
54001089.55267593
54005482.290186435
54009875.3850257
54014268.837222695
54018662.6468067
54023056.81380669
54027451.33825173
54031846.22017089
54036241.459593154
54040637.05654781
54045033.011063844
54049429.32317022
54053825.99289625
54058223.02027092
54062620.405323215
54067018.148082435
54071416.24857758
54075814.70683764
54080213.52289193
54084612.69676945
54089012.2284992
54093412.11811051
54097812.36563237
54102212.97109391
54106613.93452424
54111015.255952366
54115416.93540763
54119818.972919054
54124221.36851565
54128624.12222676
54133027.23408141
54137430.704108626
54141834.532337755
54146238.71879784
54150643.263517894
54155048.16652729
54159453.42785507
54163859.04753037
54168265.025582224
54172671.36204002
54177078.05693279
54181485.11028971
54185892.5221398
54190300.29251247
54194708.42143676
54199116.90894172
54203525.755056754
54207934.95981092
54212344.52323327
54216754.44535322
54221164.72619981
54225575.36580214
54229986.364189595
54234397.72139126
54238809.43743632
54243221.512353964
54247633.94617327
54252046.73892366
54256459.890634224
54260873.40133404
54265287.27105254
54269701.49981882
54274116.08766196
54278531.03461141
54282946.34069626
54287362.00594562
54291778.03038893
54296194.41405528
54300611.1569738
54305028.25917393
54309445.720684774
54313863.54153558
54318281.72175556
54322700.26137384
54327119.16041989
54331538.41892283
54335958.03691178
54340378.01441621
54344798.351465255
54349219.04808806
54353640.10431408
54358061.52017247
54362483.29569237
54366905.43090325
54371327.92583427
54375750.78051468
54380173.994973645
54384597.56924065
54389021.50334485
54393445.79731551
54397870.4511818
54402295.46497322
54406720.838718936
54411146.57244811
54415572.66619025
54419999.119974546
54424425.93383015
54428853.10778659
54433280.64187305
54437708.53611869
54442136.79055306
54446565.40520533
54450994.38010482
54455423.71528081
54459853.410762504
54464283.466579445
54468713.88276082
54473144.65933584
54477575.796334036
54482007.293784626
54486439.15171681
54490871.37016015
54495303.949143834
54499736.8886971
54504170.188849494
54508603.849630244
54513037.87106857
54517472.25319402
54521906.996035844
54526342.09962337
54530777.56398595
54535213.38915282
54539649.575153545
54544086.122017376
54548523.02977355
54552960.29845165
54557397.92808092
54561835.918690614
54566274.27031031
54570712.982969284
54575152.05669677
54579591.49152237
54584031.287475355
54588471.44458509
54592911.96288085
54597352.84239223
54601794.08314851
54606235.68517907
54610677.64851319
54615119.97318048
54619562.65921023
54624005.70663171
54628449.115474544
54632892.88576803
54637337.01754145
54641781.51082444
54646226.36564629
54650671.582036294
54655117.16002409
54659563.09963898
54664009.400910385
54668456.063867725
54672903.0885403
54677350.47495777
54681798.22314944
54686246.33314463
54690694.80497299
54695143.63866386
54699592.83424654
54704042.3917507
54708492.31120567
54712942.59264079
54717393.23608572
54721844.241569795
54726295.60912235
54730747.33877307
54735199.4305513
54739651.88448649
54744104.7006081
54748557.878945485
54753011.41952833
54757465.32238599
54761919.587547824
54766374.21504352
54770829.204902455
54775284.557153985
54779740.27182782
54784196.34895331
54788652.78855985
54793109.59067713
54797566.75533454
54802024.28256157
54806482.1723876
54810940.42484235
54815399.0399552
54819858.01775566
54824317.35827311
54828777.06153729
54833237.12757759
54837697.5564234
54842158.348104484
54846619.502650216
54851081.020090014
54855542.90045362
54860005.14377045
54864467.7500699
54868930.719381735
54873394.05173537
54877857.747160345
54882321.805686176
54886786.22734229
54891251.01215847
54895716.160164125
54900181.6713887
54904647.54586195
54909113.783613324
54913580.38467226
54918047.34906853
54922514.67683158
54926982.36799086
54931450.42257615
54935918.840616904
54940387.62214257
54944856.767182946
54949326.27576748
54953796.147925764
54958266.38368736
54962736.98308173
54967207.94613869
54971679.27288769
54976150.96335823
54980623.0175801
54985095.43558279
54989568.21739577
54994041.36304886
54998514.87257154
55002988.745993316
55007462.983344
55011937.58465309
55016412.549950175
55020887.87926477
55025363.57262671
55029839.63006549
55034316.05161072
55038792.837291926
55043269.987138934
55047747.50118126
55052225.37944842
55056703.621970266
55061182.22877632
55065661.19989609
55070140.53535945
55074620.23519592
55079100.29943503
55083580.72810663
55088061.52124028
55092542.67886561
55097024.201012276
55101506.08770981
55105988.3389881
55110470.95487669
55114953.93540512
55119437.28060328
55123920.990500726
55128405.06512701
55132889.50451203
55137374.308685325
55141859.47767648
55146345.01151539
55150830.91023161
55155317.17385472
55159803.80241463
55164290.795940906
55168778.15446324
55173265.87801132
55177753.96661473
55182242.42030339
55186731.239106886
55191220.4230548
55195709.972177066
55200199.88650327
55204690.166063026
55209180.81088624
55213671.821002536
55218163.19644151
55222654.9372331
55227147.04340691
55231639.51499267
55236132.35201999
55240625.55451882
55245119.12251878
55249613.0560496
55254107.355140895
55258602.01982264
55263097.05012446
55267592.44607597
55272088.20770715
55276584.33504763
55281080.82812706
55285577.68697539
55290074.911622286
55294572.502097376
55299070.45843065
55303568.78065175
55308067.46879044
55312566.5228765
55317065.94293957
55321565.72900965
55326065.881116405
55330566.39928949
55335067.28355891
55339568.533954345
55344070.150505446
55348572.133242235
55353074.48219439
55357577.19739157
55362080.27886381
55366583.72664078
55371087.54075218
55375591.721228026
55380096.268098004
55384601.181391925
55389106.46113959
55393612.1073707
55398118.120115295
55402624.49940307
55407131.245263726
55411638.35772731
55416145.836823545
55420653.68258212
55425161.8950331
55429670.4742062
55434179.42013114
55438688.73283797
55443198.41235642
55447708.458716325
55452218.871947415
55456729.65207976
55461240.7991431
55465752.31316727
55470264.19418201
55474776.4422174
55479289.05730319
55483802.039469115
55488315.38874526
55492829.10516139
55497343.18874724
55501857.639532916
55506372.45754817
55510887.64282276
55515403.19538678
55519919.11527001
55524435.40250232
55528952.057113595
55533469.07913361
55537986.468592465
55542504.22551995
55547022.349945836
55551540.841900244
55556059.70141297
55560578.92851378
55565098.52323281
55569618.48559986
55574138.81564471
55578659.51339751
55583180.578888044
55587702.012146115
55592223.813201874
55596745.982085116
55601268.51882577
55605791.423453756
55610314.695998885
55614838.33649132
55619362.34496086
55623886.72143735
55628411.465950936
55632936.578531444
55637462.059208706
55641987.90801289
55646514.12497382
55651040.71012135
55655567.66348563
55660094.98509653
55664622.67498398
55669150.73317783
55673679.159708284
55678207.95460517
55682737.11789846
55687266.649618
55691796.549794
55696326.81845632
55700857.45563482
55705388.46135969
55709919.8356608
55714451.57856803
55718983.69011158
55723516.17032133
55728049.019227155
55732582.23685928
55737115.82324757
55741649.77842203
55746184.102412656
55750718.79524934
55755253.856962316
55759789.28758147
55764325.0871367
55768861.25565825
55773397.79317601
55777934.69971988
55782471.97532012
55787009.620006636
55791547.63380932
55796086.01675845
55800624.768883914
55805163.89021565
55809703.380783916
55814243.240618624
55818783.469749816
55823324.06820753
55827865.03602171
55832406.37322261
55836948.079840176
55841490.155904345
55846032.601445384
55850575.41649325
55855118.601077884
55859662.15522956
55864206.07897825
55868750.37235388
55873295.03538676
55877840.06810685
55882385.47054421
55886931.24272881
55891477.38469095
55896023.89646059
55900570.778067835
55905118.02954263
55909665.6509153
55914213.642215826
55918762.003474176
55923310.73472068
55927859.83598531
55932409.307298064
55936959.14868927
55941509.36018891
55946059.941826984
55950610.89363383
55955162.215639435
55959713.90787392
55964265.9703674
55968818.40314989
55973371.206251726
55977924.37970292
55982477.923533484
55987031.837773785
55991586.12245382
55996140.77760363
56000695.803253576
56005251.19943366
56009806.96617394
56014363.10350476
56018919.61145617
56023476.4900582
56028033.73934123
56032591.35933529
56037149.35007054
56041707.71157715
56046266.44388515
56050825.547024935
56055385.02102656
56059944.865920074
56064505.08173589
56069065.66850405
56073626.62625462
56078187.955018006
56082749.65482428
56087311.7257035
56091874.16768609
56096436.98080212
56101000.16508177
56105563.720555134
56110127.64725262
56114691.945204325
56119256.61444044
56123821.65499106
56128387.06688661
56132952.85015719
56137519.004832886
56142085.53094415
56146652.42852108
56151219.69759377
56155787.33819268
56160355.35034791
56164923.73408956
56169492.48944811
56174061.616453655
56178631.11513644
56183200.98552669
56187771.22765453
56192341.84155043
56196912.82724451
56201484.18476691
56206055.9141481
56210628.01541822
56215200.48860739
56219773.33374611
56224346.550864525
56228920.13999276
56233494.10116132
56238068.43440035
56242643.139740005
56247218.21721078
56251793.666842826
56256369.48866642
56260945.68271185
56265522.24900927
56270099.18758918
56274676.498481765
56279254.18171719
56283832.237325974
56288410.66533829
56292989.46578432
56297568.638694584
56302148.18409928
56306728.10202857
56311308.39251301
56315889.05558278
56320470.09126818
56325051.49959943
56329633.280607045
56334215.43432124
56338797.960772336
56343380.85999053
56347964.13200638
56352547.77685009
56357131.79455188
56361716.18514231
56366300.94865159
56370886.08510995
56375471.59454795
56380057.47699582
56384643.73248379
56389230.361042425
56393817.36270197
56398404.73749276
56402992.485445164
56407580.606589414
56412169.1009561
56416757.968575455
56421347.209477745
56425936.82369355
56430526.81125313
56435117.17218674
56439707.90652498
56444299.014298104
56448890.49553639
56453482.35027043
56458074.5785305
56462667.18034687
56467260.15575015
56471853.50477062
56476447.22743868
56481041.32378472
56485635.79383901
56490230.637632184
56494825.85519454
56499421.44655636
56504017.41174828
56508613.750800595
56513210.463743605
56517807.55060795
56522405.01142393
56527002.84622186
56531601.05503237
56536199.637885794
56540798.59481255
56545397.92584295
56549997.63100765
56554597.710336976
56559198.163861364
56563798.99161114
56568400.19361697
56573001.76990919
56577603.72051812
56582206.045474455
56586808.74480852
56591411.818550654
56596015.266731545
56600619.08938154
56605223.28653099
56609827.85821057
56614432.804450646
56619038.125281684
56623643.82073416
56628249.89083842
56632856.33562519
56637463.15512481
56642070.34936766
56646677.91838446
56651285.86220557
56655894.18086136
56660502.87438256
56665111.94279955
56669721.3861427
56674331.204442754
56678941.39773008
56683551.96603508
56688162.90938849
56692774.227820694
56697385.92136221
56701997.99004355
56706610.43389511
56711223.25294765
56715836.44723156
56720450.01677726
56725063.96161551
56729678.28177671
56734292.97729128
56738908.04818999
56743523.49450325
56748139.31626149
56752755.51349549
56757372.08623566
56761989.03451255
56766606.3583566
56771224.05779859
56775842.13286895
56780460.58359825
56785079.41001692
56789698.61215575
56794318.1900452
56798938.14371571
56803558.473198086
56808179.17852277
56812800.259720236
56817421.71682128
56822043.54985637
56826665.758855976
56831288.343850896
56835911.30487161
56840534.6419487
56845158.35511277
56849782.44439428
56854406.90982407
56859031.75143261
56863656.9692504
56868282.56330827
56872908.5336367
56877534.88026618
56882161.60322757
56886788.70255136
56891416.17826804
56896044.030408464
56900672.25900315
56905300.86408258
56909929.84567763
56914559.203818806
56919188.93853674
56923819.04986206
56928449.537825294
56933080.4024573
56937711.64378861
56942343.26184975
56946975.2566716
56951607.628284685
56956240.37671954
56960873.50200706
56965507.00417777
56970140.88326222
56974775.1392913
56979409.77229556
56984044.78230566
56988680.16935215
56993315.93346594
56997952.07467758
57002588.59301775
57007225.48851701
57011862.76120627
57016500.4111161
57021138.438277066
57025776.84272009
57030415.62447575
57035054.78357461
57039694.32004761
57044334.23392532
57048974.525238335
57053615.19401758
57058256.24029366
57062897.664097264
57067539.465459116
57072181.644409806
57076824.200980276
57081467.135201134
57086110.44710299
57090754.13671678
57095398.20407314
57100042.64920266
57104687.47213631
57109332.67290471
57113978.25153846
57118624.20806856
57123270.54252561
57127917.25494025
57132564.34534345
57137211.81376584
57141859.66023818
57146507.88479121
57151156.48745558
57155805.46826227
57160454.82724193
57165104.56442521
57169754.6798431
57174405.17352626
57179056.04550533
57183707.295811325
57188358.92447491
57193010.93152673
57197663.31699781
57202316.08091881
57206969.22332053
57211622.744233616
57216276.64368911
57220930.92171768
57225585.57835012
57230240.61361712
57234896.02754971
57239551.82017857
57244207.99153439
57248864.54164822
57253521.470550746
57258178.77827266
57262836.46484502
57267494.53029852
57272152.97466387
57276811.79797212
57281471.00025398
57286130.58154028
57290790.54186185
57295450.881249405
57300111.59973401
57304772.69734639
57309434.174117275
57314096.030077726
57318758.26525848
57323420.879690275
57328083.87340419
57332747.24643095
57337410.998801306
57342075.13054635
57346739.64169682
57351404.532283455
57356069.80233737
57360735.45188931
57365401.480970144
57370067.88961074
57374734.677841865
57379401.845694624
57384069.39319979
57388737.320388116
57393405.62729073
57398074.31393841
57402743.380361915
57407412.82659237
57412082.65266057
57416752.858597286
57421423.44443365
57426094.410200454
57430765.755928606
57435437.481648885
57440109.58739245
57444782.073190086
57449454.93907271
57454128.18507113
57458801.811216496
57463475.81753962
57468150.2040713
57472824.970842704
57477500.11788464
57482175.64522794
57486851.55290376
57491527.84094293
57496204.50937626
57500881.55823494
57505558.98754979
57510236.79735176
57514914.987671815
57519593.55854078
57524272.509989835
57528951.84204984
57533631.55475162
57538311.64812639
57542992.122205
57547672.97701828
57552354.21259745
57557035.828973375
57561717.8261769
57566400.204239234
57571082.963191256
57575766.10306382
57580449.62388816
57585133.52569513
57589817.808515735
57594502.472380966
57599187.51732169
57603872.94336916
57608558.75055425
57613244.93890784
57617931.50846118
57622618.45924516
57627305.79129067
57631993.504628964
57636681.59929094
57641370.075307496
57646058.932709895
57650748.17152903
57655437.79179594
57660127.793541536
57664818.17679708
57669508.94159348
57674200.0879618
57678891.615932934
57683583.52553817
57688275.81680843
57692968.48977465
57697661.54446811
57702354.98091975
57707048.799160495
57711742.999221645
57716437.58113414
57721132.54492892
57725827.89063729
57730523.61829021
57735219.72791873
57739916.219553925
57744613.09322676
57749310.34896855
57754007.986810245
57758706.006782815
57763404.40891758
57768103.19324551
57772802.359797575
57777501.908605106
57782201.839699075
57786902.15311047
57791602.84887061
57796303.92701051
57801005.38756112
57805707.2305538
57810409.45601955
57815112.06398947
57819815.05449468
57824518.42756618
57829222.183235325
57833926.32153312
57838630.84249057
57843335.74613904
57848041.03250954
57852746.701633096
57857452.75354106
57862159.18826447
57866866.00583433
57871573.20628204
57876280.78963861
57880988.7559352
57885697.10520283
57890405.83747289
57895114.95277644
57899824.451144606
57904534.332608454
57909244.59719937
57913955.24494841
57918666.27588661
57923377.690045394
57928089.487455815
57932801.66814892
57937514.23215613
57942227.17950851
57946940.51023711
57951654.22437338
57956368.321948364
57961082.80299327
57965797.66753928
57970512.91561748
57975228.5472593
57979944.56249583
57984660.96135814
57989377.74387769
57994094.91008556
57998812.460012846
58003530.393691
58008248.711151116
58012967.4124243
58017686.49754201
58022405.966535345
58027125.81943542
58031846.05627369
58036566.67708129
58041287.68188943
58046009.07072935
58050730.84363219
58055453.00062941
58060175.541752145
58064898.46703152
58069621.776499026
58074345.47018579
58079069.54812294
58083794.01034199
58088518.85687406
58093244.087750316
58097969.703002244
58102695.702661
58107422.08675785
58112148.85532395
58116876.00839081
58121603.54598958
58126331.468151554
58131059.774907894
58135788.46629012
58140517.54232939
58145247.00305689
58149976.84850415
58154707.07870234
58159437.69368264
58164168.69347659
58168900.07811537
58173631.847630166
58178364.00205253
58183096.54141365
58187829.46574484
58192562.77507741
58197296.46944257
58202030.54887187
58206765.01339651
58211499.863047704
58216235.09785703
58220970.71785568
58225706.72307487
58230443.11354618
58235179.88930083
58239917.050370045
58244654.596785404
58249392.528578125
58254130.845779456
58258869.548420966
58263608.6365339
58268348.11014962
58273087.96929947
58277828.21401471
58282568.84432693
58287309.86026737
58292051.2618673
58296793.04915832
58301535.22217169
58306277.78093865
58311020.72549084
58315764.055859506
58320507.77207592
58325251.87417171
58329996.36217815
58334741.23612662
58339486.4960484
58344232.14197513
58348978.17393808
58353724.59196866
58358471.39609817
58363218.58635823
58367966.162780136
58372714.12539519
58377462.47423505
58382211.209331
58386960.33071435
58391709.838416755
58396459.73246953
58401210.01290397
58405960.67975176
58410711.73304421
58415463.17281274
58420214.9990888
58424967.21190371
58429719.81128916
58434472.79727647
58439226.16989696
58443979.92918233
58448734.07516391
58453488.60787304
58458243.52734142
58462998.83360037
58467754.52668127
58472510.6066158
58477267.07343531
58482023.927171156
58486781.167855054
58491538.79551836
58496296.81019255
58501055.21190911
58505814.0006994
58510573.17659515
58515332.73962773
58520092.6898285
58524853.027229205
58529613.75186122
58534374.863755934
58539136.36294507
58543898.24946003
58548660.523332186
58553423.1845933
58558186.23327476
58562949.669408076
58567713.493024655
58572477.70415625
58577242.30283426
58582007.28909022
58586772.66295553
58591538.42446197
58596304.57364094
58601071.110523865
58605838.03514252
58610605.347528316
58615373.04771269
58620141.13572743
58624909.611603945
58629678.475373685
58634447.72706843
58639217.366719626
58643987.39435883
58648757.81001759
58653528.61372737
58658299.80551996
58663071.38542682
58667843.35347939
58672615.70970949
58677388.454148576
58682161.58682811
58686935.10777991
58691709.01703544
58696483.31462617
58701258.000583924
58706033.074940175
58710808.5377264
58715584.38897444
58720360.62871577
58725137.256981984
58729914.2738047
58734691.679215394
58739469.473245926
58744247.655927785
58749026.22729246
58753805.18737182
58758584.53619736
58763364.273800574
58768144.40021334
58772924.91546715
58777705.819593534
58782487.112624355
58787268.79459113
58792050.86552549
58796833.325458966
58801616.17442344
58806399.41245043
58811183.0395716
58815967.05581846
58820751.46122292
58825536.25581651
58830321.43963077
58835107.01269759
58839892.975048535
58844679.32671514
58849466.06772931
58854253.198122606
58859040.71792658
58863828.62717314
58868616.92589385
58873405.6141204
58878194.691884466
58882984.15921762
58887774.016151786
58892564.262718536
58897354.89894945
58902145.92487647
58906937.340531155
58911729.14594511
58916521.34115028
58921313.92617823
58926106.901060574
58930900.26582925
58935694.02051586
58940488.165152006
58945282.69976964
58950077.62440037
58954872.93907592
58959668.64382801
58964464.738688275
58969261.22368866
58974058.09886081
58978855.36423631
58983653.01984717
58988451.065725006
58993249.50190143
58998048.32840845
59002847.54527769
59007647.15254079
59012447.15022973
59017247.53837617
59022048.317011856
59026849.48616844
59031651.045877926
59036452.996171966
59041255.337082334
59046058.06864068
59050861.190879025
59055664.70382903
59060468.607522346
59065272.90199102
59070077.5872667
59074882.66338106
59079688.13036615
59084493.988253616
59089300.237075165
59094106.87686282
59098913.907648265
59103721.32946332
59108529.14233977
59113337.34630933
59118145.94140404
59122954.9276556
59127764.3050957
59132574.07375642
59137384.23366945
59142194.784866504
59147005.72737964
59151817.06124058
59156628.78648104
59161440.90313308
59166253.41122844
59171066.31079883
59175879.60187634
59180693.2844927
59185507.35867975
59190321.82446935
59195136.68189323
59199951.9309835
59204767.57177188
59209583.60429013
59214400.02857035
59219216.84464428
59224034.05254368
59228851.65230066
59233669.64394698
59238488.02751439
59243306.80303502
59248125.970540635
59252945.53006311
59257765.481634215
59262585.82528609
59267406.56105051
59272227.68895936
59277049.20904443
59281871.12133785
59286693.42587142
59291516.12267691
59296339.21178648
59301162.693231925
59305986.567045026
59310810.83325796
59315635.49190251
59320460.54301048
59325285.98661404
59330111.822745
59334938.05143529
59339764.67271684
59344591.686621465
59349419.09318134
59354246.892428294
59359075.08439414
59363903.66911108
59368732.64661092
59373562.016925514
59378391.78008704
59383221.936127335
59388052.485078245
59392883.42697197
59397714.76184035
59402546.48971523
59407378.610628836
59412211.124613
59417044.0316997
59421877.33192092
59426711.02530852
59431545.11189471
59436379.59171137
59441214.46479037
59446049.73116391
59450885.3908639
59455721.44392219
59460557.89037103
59465394.730242305
59470231.963567875
59475069.59038001
59479907.61071059
59484746.024591625
59489584.83205501
59494424.033133
59499263.62785749
59504103.616260506
59508943.998373955
59513784.77423009
59518625.94386084
59523467.5072981
59528309.46457415
59533151.815720916
59537994.5607703
59542837.699754596
59547681.23270573
59552525.159655616
59557369.48063656
59562214.19568049
59567059.30481946
59571904.808085516
59576750.70551062
59581596.997127056
59586443.68296678
59591290.76306175
59596138.23744425
59600986.10614626
59605834.369199716
59610683.02663695
59615532.078489915
59620381.52479058
59625231.36557127
59630081.600863956
59634932.230700605
59639783.25511356
59644634.67413478
59649486.48779639
59654338.69613047
59659191.29916901
59664044.296944365
59668897.68948852
59673751.47683348
59678605.65901157
59683460.23605482
59688315.20799521
59693170.57486512
59698026.336696535
59702882.493521474
59707739.045372315
59712595.99228106
59717453.33427985
59722311.0714007
59727169.203676
59732027.73113777
59736886.653818145
59741745.97174917
59746605.684963234
59751465.79349236
59756326.2973686
59761187.19662435
59766048.49129165
59770910.181402534
59775772.26698943
59780634.748084374
59785497.624719426
59790360.89692699
59795224.564739145
59800088.62818805
59804953.087305896
59809817.942124754
59814683.19267704
59819548.838994846
59824414.88111022
59829281.319055624
59834148.152863115
59839015.38256478
59843883.00819308
59848751.02978008
59853619.44735788
59858488.26095893
59863357.47061533
59868227.07635916
59873097.0782229
59877967.476238646
59882838.27043862
59887709.46085505
59892581.04752004
59897453.03046608
59902325.40972528
59907198.18532974
59912071.35731197
59916944.92570407
59921818.89053818
59926693.251846775
59931568.009662
59936443.164015986
59941318.714941226
59946194.662469864
59951071.00663415
59955947.747466244
59960824.88499864
59965702.419263504
59970580.35029309
59975458.67811956
59980337.402775444
59985216.52429288
59990096.042704046
59994975.95804146
59999856.2703373
60004736.97962372
60009618.08593327
60014499.589298114
60019381.489750445
60024263.78732279
60029146.482047334
60034029.57395639
60038913.06308227
60043796.94945715
60048681.23311361
60053565.91408382
60058450.9924
60063336.46809469
60068222.34120012
60073108.61174849
60077995.279772356
60082882.345303945
60087769.80837546
60092657.6690195
60097545.92726827
60102434.583153985
60107323.63670926
60112213.08796629
60117102.936957456
60121993.18371509
60126883.82827143
60131774.8706591
60136666.31091031
60141558.149057314
60146450.38513273
60151343.0191688
60156236.051197775
60161129.48125227
60166023.30936454
60170917.53556685
60175812.15989183
60180707.182371736
60185602.60303895
60190498.42192575
60195394.639064774
60200291.25448829
60205188.2682287
60210085.68031829
60214983.49078969
60219881.6996752
60224780.307007104
60229679.31281806
60234578.71714035
60239478.52000627
60244378.721448496
60249279.321499325
60254180.32019105
60259081.71755636
60263983.51362754
60268885.70843704
60273788.302017294
60278691.29440061
60283594.685619675
60288498.47570682
60293402.66469436
60298307.25261499
60303212.23950104
60308117.62538484
60313023.41029909
60317929.59427613
60322836.1773483
60327743.159548305
60332650.5409085
60337558.321461216
60342466.50123919
60347375.08027475
60352284.0586004
60357193.43624861
60362103.213251725
60367013.3896425
60371923.96545329
60376834.94071646
60381746.31546475
60386658.089730546
60391570.263546206
60396482.83694448
60401395.809957765
60406309.18261843
60411222.95495924
60416137.12701258
60421051.69881096
60425966.67038678
60430882.0417728
60435797.813001424
60440713.98410518
60445630.55511647
60450547.52606807
60455464.89699239
60460382.66792185
60465300.83888923
60470219.409926936
60475138.3810674
60480057.75234342
60484977.523787424
60489897.69543182
60494818.26730943
60499739.239452675
60504660.61189412
60509582.38466633
60514504.557801746
60519427.13133317
60524350.10529307
60529273.47971388
60534197.25462843
60539121.43006916
60544046.00606856
60548970.98265942
60553896.35987423
60558822.137745455
60563748.31630592
60568674.8955881
60573601.87562448
60578529.25644789
60583457.03809082
60588385.22058586
60593313.803965636
60598242.78826263
60603172.173509695
60608101.95973933
60613032.14698402
60617962.73527664
60622893.72464969
60627825.11513567
60632756.90676746
60637689.09957756
60642621.69359849
60647554.68886313
60652488.08540399
60657421.883253716
60662356.082444824
60667290.68301023
60672225.684982434
60677161.0883941
60682096.89327776
60687033.09966631
60691969.7075923
60696906.71708827
60701844.12818712
60706781.9409214
60711720.15532367
60716658.771426834
60721597.78926345
60726537.208866075
60731477.03026764
60736417.25350071
60741357.87859796
60746298.905592084
60751240.33451566
60756182.165401615
60761124.398282535
60766067.033190995
60771010.07015994
60775953.509221956
60780897.350409634
60785841.593755916
60790786.239293404
60795731.287054695
60800676.73707274
60805622.58938015
60810568.844009526
60815515.50099383
60820462.56036568
60825410.0221578
60830357.886402935
60835306.15313369
60840254.82238306
60845203.89418366
60850153.36856811
60855103.2455694
60860053.52522018
60865004.20755305
60869955.29260104
60874906.780396774
60879858.67097288
60884810.9643624
60889763.66059794
60894716.759712294
60899670.2617381
60904624.16670839
60909578.4746558
60914533.18561313
60919488.29961303
60924443.81668854
60929399.736872315
60934356.060197026
60939312.78669571
60944269.91640105
60949227.449345715
60954185.385562755
60959143.72508485
60964102.46794468
60969061.614175305
60974021.16380942
60978981.11687983
60983941.47341935
60988902.233460695
60993863.39703692
60998824.96418073
61003786.934924826
61008749.3093023
61013712.087345846
61018675.26908819
61023638.8545624
61028602.843801215
61033567.23683734
61038532.033703886
61043497.23443356
61048462.83905911
61053428.84761362
61058395.26012983
61063362.076640606
61068329.297178805
61073296.921777174
61078264.95046883
61083233.38328651
61088202.220262975
61093171.46143135
61098141.106824376
61103111.15647482
61108081.610415824
61113052.468680136
61118023.731300525
61122995.39831014
61127967.46974174
61132939.94562823
61137912.82600239
61142886.11089736
61147859.800345935
61152833.89438102
61157808.39303539
61162783.296342224
61167758.6043343
61172734.31704442
61177710.43450576
61182686.956751116
61187663.883813284
61192641.21572545
61197618.95252042
61202597.09423101
61207575.640890405
61212554.59253141
61217533.94918698
61222513.71089006
61227493.87767347
61232474.44957041
61237455.42661372
61242436.80883622
61247418.59627112
61252400.78895126
61257383.38690949
61262366.390179016
61267349.79879268
61272333.612783335
61277317.83218421
61282302.45702815
61287287.48734802
61292272.92317705
61297258.7645481
61302245.01149416
61307231.66404822
61312218.72224315
61317206.186112195
61322194.05568824
61327182.33100415
61332171.01209319
61337160.09898823
61342149.59172216
61347139.49032825
61352129.79483939
61357120.50528847
61362111.62170876
61367103.14413316
61372095.072594695
61377087.40712627
61382080.147761166
61387073.2945323
61392066.847472705
61397060.80661529
61402055.17199336
61407049.94363982
61412045.121587604
61417040.70587001
61422036.69651996
61427033.093570404
61432029.89705463
61437027.10700558
61442024.723456204
61447022.74643981
61452021.17598934
61457020.01213786
61462019.25491846
61467018.904364094
61472018.96050808
61477019.423383385
61482020.29302296
61487021.56946015
61492023.252727926
61497025.342859246
61502027.83988746
61507030.74384555
61512034.05476648
61517037.77268362
61522041.89762994
61527046.42963842
61532051.36874244
61537056.714974985
61542062.46836916
61547068.6289581
61552075.196774796
61557082.171852626
61562089.5542246
61567097.34392371
61572105.54098336
61577114.14543654
61582123.15731628
61587132.57665597
61592142.40348863
61597152.637847275
61602163.27976531
61607174.329275765
61612185.78641179
61617197.651206434
61622209.92369309
61627222.6039048
61632235.69187474
61637249.18763595
61642263.09122185
61647277.40266549
61652292.12199992
61657307.24925857
61662322.78447451
61667338.72768078
61672355.078910835
61677371.83819773
61682389.00557454
61687406.581074715
61692424.564731315
61697442.956577554
61702461.75664663
61707480.96497164
61712500.58158602
61717520.606522866
61722541.03981528
61727561.88149671
61732583.13160027
61737604.79015905
61742626.857206516
61747649.332775794
61752672.21689997
61757695.509612545
61762719.21094661
61767743.3209353
61772767.8396121
61777792.76701012
61782818.103162624
61787843.84810285
61792870.001863934
61797896.56447938
61802923.53598232
61807950.91640588
61812978.70578359
61818006.904148586
61823035.511534005
61828064.52797338
61833093.95349985
61838123.78814658
61843154.03194709
61848184.68493454
61853215.74714222
61858247.21860328
61863279.09935128
61868311.38941938
61873344.08884087
61878377.19764893
61883410.71587711
61888444.64355859
61893478.98072655
61898513.727414556
61903548.883655794
61908584.44948345
61913620.42493109
61918656.81003191
61923693.60481912
61928730.80932628
61933768.423586614
61938806.44763344
61943844.88150008
61948883.72521977
61953922.97882609
61958962.64235225
61964002.71583148
61969043.199297376
61974084.09278316
61979125.396322064
61984167.10994769
61989209.23369327
61994251.76759205
61999294.71167764
62004338.06598327
62009381.83054221
62014426.00538805
62019470.590554066
62024515.58607362
62029560.991980106
62034606.80830677
62039653.03508725
62044699.67235482
62049746.72014273
62054794.17848463
62059842.0474138
62064890.32696351
62069939.017167404
62074988.11805877
62080037.62967089
62085087.55203742
62090137.88519165
62095188.629167
62100239.78399675
62105291.34971459
62110343.32635381
62115395.71394784
62120448.51252997
62125501.7221339
62130555.34279293
62135609.374540366
62140663.81740992
62145718.67143489
62150773.9366486
62155829.613084756
62160885.700776674
62165942.19975769
62170999.11006151
62176056.43172147
62181114.16477103
62186172.30924364
62191230.86517267
62196289.83259182
62201349.21153444
62206409.00203389
62211469.20412389
62216529.8178378
62221590.843208976
62226652.28027115
62231714.1290577
62236776.389601976
62241839.06193774
62246902.14609835
62251965.64211719
62257029.550028004
62262093.86986418
62267158.60165922
62272223.745446645
62277289.30125983
62282355.269132555
62287421.64909821
62292488.44119018
62297555.645442255
62302623.26188783
62307691.29056031
62312759.73149349
62317828.58472076
62322897.85027555
62327967.52819163
62333037.618502446
62338108.121241525
62343179.0364423
62348250.36413857
62353322.10436376
62358394.25715144
62363466.82253503
62368539.80054835
62373613.19122485
62378686.99459795
62383761.210701495
62388835.83956891
62393910.88123367
62398986.33572959
62404062.20309014
62409138.48334876
62414215.176539294
62419292.28269522
62424369.80185012
62429447.734037586
62434526.0792911
62439604.8376445
62444684.00913129
62449763.59378492
62454843.59163928
62459924.00272783
62465004.82708407
62470086.06474188
62475167.715734735
62480249.78009614
62485332.25785998
62490415.14905975
62495498.45372895
62500582.17190148
62505666.30361083
62510750.84889066
62515835.8077746
62520921.18029618
62526006.966489285
62531093.166387446
62536179.78002419
62541266.807433434
62546354.24864869
62551442.10370351
62556530.3726318
62561619.05546711
62566708.15224297
62571797.66299332
62576887.5877517
62581977.92655179
62587068.67942714
62592159.84641169
62597251.427539006
62602343.422842756
62607435.83235653
62612528.65611425
62617621.89414951
62622715.54649587
62627809.61318728
62632904.09425734
62637998.989739604
62643094.29966806
62648190.024076276
62653286.16299785
62658382.716466755
62663479.68451659
62668577.06718106
62673674.864493914
62678773.07648874
62683871.703199536
62688970.7446599
62694070.200903445
62699170.071964175
62704270.3578757
62709371.05867163
62714472.17438599
62719573.705052376
62724675.65070444
62729778.01137618
62734880.78710124
62739983.97791324
62745087.58384621
62750191.60493379
62755296.04120976
62760400.89270787
62765506.15946178
62770611.841505535
62775717.938872784
62780824.45159718
62785931.37971276
62791038.72325319
62796146.48225214
62801254.65674367
62806363.246761434
62811472.25233911
62816581.67351076
62821691.51031006
62826801.762770824
62831912.43092673
62837023.51481186
62842135.014459886
62847246.92990464
62852359.26117982
62857472.0083195
62862585.17135738
62867698.75032717
62872812.74526296
62877927.15619845
62883041.983167365
62888157.22620379
62893272.88534145
62898388.96061406
62903505.45205574
62908622.359700195
62913739.6835813
62918857.4237329
62923975.58018874
62929094.15298292
62934213.14214921
62939332.54772133
62944452.36973341
62949572.6082192
62954693.26321246
62959814.334747314
62964935.82285752
62970057.727576844
62975180.04893942
62980302.78697903
62985425.94172942
62990549.51322475
62995673.5014988
63000797.90658547
63005922.72851866
63011047.967332155
63016173.623060115
63021299.69573634
63026426.18539461
63031553.0920691
63036680.415793605
63041808.15660192
63046936.31452824
63052064.88960636
63057193.881870076
63062323.29135359
63067453.11809072
63072583.36211539
63077714.02346143
63082845.10216305
63087976.59825405
63093108.51176839
63098240.8427399
63103373.5912028
63108506.75719093
63113640.340738095
63118774.34187855
63123908.76064612
63129043.59707464
63134178.85119837
63139314.523051135
63144450.61266679
63149587.120079584
63154724.045323364
63159861.38843213
63164999.149439864
63170137.328380436
63175275.9252881
63180414.94019673
63185554.373140186
63190694.22415275
63195834.49326829
63200975.18052068
63206116.28594421
63211257.80957276
63216399.75144021
63221542.111580856
63226684.89002858
63231828.08681729
63236971.70198127
63242115.73555442
63247260.18757078
63252405.058064386
63257550.34706916
63262696.05461939
63267842.180749
63272988.72549191
63278135.68888243
63283283.070954494
63288430.87174202
63293579.09127933
63298727.729600355
63303876.78673904
63309026.2627297
63314176.15760629
63319326.471402876
63324477.20415341
63329628.35589223
63334779.926653296
63339931.91647068
63345084.32537834
63350237.15341065
63355390.40060155
63360544.06698501
63365698.1525954
63370852.65746669
63376007.581632845
63381162.92512824
63386318.68798685
63391474.87024267
63396631.471930064
63401788.49308302
63406945.933735676
63412103.79392214
63417262.073676415
63422420.77303289
63427579.89202556
63432739.43068845
63437899.38905594
63443059.76716205
63448220.56504079
63453381.78272657
63458543.4202534
63463705.477655314
63468867.954966724
63474030.85222166
63479194.16945414
63484357.9066986
63489522.06398907
63494686.64135972
63499851.63884472
63505017.05647812
63510182.89429435
63515349.15232747
63520515.83061152
63525682.92918096
63530850.448069826
63536018.3873122
63541186.74694253
63546355.52699488
63551524.72750332
63556694.348502316
63561864.390025936
63567034.85210839
63572205.73478376
63577377.03808652
63582548.762050755
63587720.906710684
63592893.4721004
63598066.45825439
63603239.86520674
63608413.69299156
63613587.94164334
63618762.61119619
63623937.701684214
63629113.21314191
63634289.14560339
63639465.499102786
63644642.273674585
63649819.46935293
63654997.08617207
63660175.12416626
63665353.58336962
63670532.463816695
63675711.765541606
63680891.4885785
63686071.63296191
63691252.19872596
63696433.18590482
63701614.59453303
63706796.42464474
63711978.67627409
63717161.34945565
63722344.44422357
63727527.960612014
63732711.89865554
63737896.25838832
63743081.039844655
63748266.243058845
63753451.86806508
63758637.914897926
63763824.38359156
63769011.274180174
63774198.58669835
63779386.32118028
63784574.47766014
63789763.05617254
63794952.05675168
63800141.479431756
63805331.32424736
63810521.5912327
63815712.28042213
63820903.39184985
63826094.92555048
63831286.88155824
63836479.25990747
63841672.0606324
63846865.28376765
63852058.929347456
63857252.99740604
63862447.48797805
63867642.4010977
63872837.73679925
63878033.49511732
63883229.67608618
63888426.27974006
63893623.306113616
63898820.755241096
63904018.62715689
63909216.9218954
63914415.63949087
63919614.779977985
63924814.343390994
63930014.32976417
63935214.739132196
63940415.571529336
63945616.82698988
63950818.50554849
63956020.60723947
63961223.132097095
63966426.08015606
63971629.451450646
63976833.24601516
63982037.4638843
63987242.105092354
63992447.16967377
63997652.65766299
64002858.56909431
64008064.90400245
64013271.662421726
64018478.84438645
64023686.449931346
64028894.479090735
64034102.93189895
64039311.80839071
64044521.10860034
64049730.83256219
64054940.98031099
64060151.55188108
64065362.54730694
64070573.96662291
64075785.80986374
64080998.077063784
64086210.76825752
64091423.88347931
64096637.422763914
64101851.386145696
64107065.77365902
64112280.58533865
64117495.82121896
64122711.48133433
64127927.565719515
64133144.07440892
64138361.00743691
64143578.36483827
64148796.1466474
64154014.352898814
64159232.983627036
64164452.03886647
64169671.51865191
64174891.423017755
64180111.75199842
64185332.50562869
64190553.683943
64195775.28697576
64200997.31476176
64206219.767335445
64211442.64473123
64216665.946983926
64221889.67412798
64227113.82619781
64232338.403228246
64237563.40525373
64242788.83230883
64248014.68442812
64253240.96164605
64258467.66399745
64263694.79151679
64268922.34423851
64274150.32219747
64279378.72542811
64284607.55396492
64289836.80784275
64295066.48709606
64300296.591759324
64305527.12186741
64310758.077454805
64315989.45855611
64321221.2652058
64326453.497438766
64331686.15528949
64336919.238792606
64342152.74798259
64347386.68289434
64352621.04356236
64357855.83002114
64363091.042305596
64368326.68045022
64373562.74448953
64378799.23445843
64384036.15039144
64389273.49232307
64394511.260288246
64399749.45432149
64404988.07445746
64410227.12073081
64415466.59317608
64420706.49182821
64425946.816721715
64431187.56789116
64436428.74537147
64441670.34919719
64446912.379402876
64452154.83602347
64457397.71909354
64462641.028647624
64467884.7647207
64473128.92734731
64478373.51656204
64483618.53239984
64488863.97489528
64494109.844083086
64499356.13999795
64504602.86267446
64509850.01214759
64515097.58845193
64520345.59162206
64525594.021692984
64530842.87869929
64536092.16267557
64541341.87365681
64546592.01167764
64551842.576772645
64557093.568976834
64562344.98832482
64567596.834851354
64572849.10859104
64578101.80957891
64583354.937849574
64588608.49343779
64593862.476378195
64599116.886705816
64604371.724455275
64609626.98966122
64614882.68235868
64620138.8025823
64625395.35036673
64630652.325747
64635909.72875778
64641167.559433706
64646425.81780984
64651684.503920846
64656943.61780151
64662203.15948663
64667463.12901088
64672723.52640931
64677984.351716615
64683245.60496746
64688507.286196925
64693769.395439684
64699031.93273044
64704294.89810425
64709558.291595824
64714822.11323985
64720086.36307141
64725351.04112522
64730616.14743598
64735881.682038784
64741147.64496834
64746414.03625949
64751680.855947085
64756948.104065835
64762215.780650854
64767483.88573687
64772752.4193586
64778021.38155118
64783290.77234932
64788560.59178777
64793830.839901656
64799101.51672572
64804372.6222947
64809644.15664374
64814916.119807586
64820188.51182111
64825461.33271908
64830734.582536645
64836008.26130855
64841282.36906971
64846556.905854866
64851831.8716992
64857107.266637474
64862383.09070446
64867659.34393534
64872936.02636488
64878213.138027854
64883490.67895947
64888768.64919449
64894047.04876771
64899325.87771432
64904605.13606912
64909884.82386703
64915164.941143
64920445.48793182
64925726.46426869
64931007.87018844
64936289.705725856
64941571.970916174
64946854.665794194
64952137.790394746
64957421.34475305
64962705.32890392
64967989.74288221
64973274.58672313
64978559.86046152
64983845.56413221
64989131.697770454
64994418.261411086
64999705.25508908
65004992.67883943
65010280.532696985
65015568.81669699
65020857.5308743
65026146.675263785
65031436.2499007
65036726.254819915
65042016.690056294
65047307.555645116
65052598.85162125
65057890.57801957
65063182.73487535
65068475.322223485
65073768.34009899
65079061.78853675
65084355.66757206
65089649.97723981
65094944.71757503
65100239.88861262
65105535.49038788
65110831.522935726
65116127.98629105
65121424.88048917
65126722.205565006
65132019.96155347
65137318.14848988
65142616.76640915
65147915.815346226
65153215.29533642
65158515.20641466
65163815.54861603
65169116.32197558
65174417.52652826
65179719.16230942
65185021.229353994
65190323.727696925
65195626.65737358
65200930.01841889
65206233.81086784
65211538.03475577
65216842.69011764
65222147.77698843
65227453.295403495
65232759.24539781
65238065.62700635
65243372.44026449
65248679.68520722
65253987.36186963
65259295.47028687
65264604.0104939
65269912.98252612
65275222.38641854
65280532.22220613
65285842.489924304
65291153.18960807
65296464.321292415
65301775.88501276
65307087.880804114
65312400.30870149
65317713.16874031
65323026.46095558
65328340.18538246
65333654.342055984
65338968.93101157
65344283.95228426
65349599.40590921
65354915.29192146
65360231.61035645
65365548.36124922
65370865.54463482
65376183.160548694
65381501.20902589
65386819.69010147
65392138.603810884
65397457.950189196
65402777.72927146
65408097.94109315
65413418.58568933
65418739.663095206
65424061.17334598
65429383.11647674
65434705.492522955
65440028.30151971
65445351.54350209
65450675.21850558
65455999.32656528
65461323.86771628
65466648.84199407
65471974.249433756
65477300.09007044
65482626.36393963
65487953.07107642
65493280.21151593
65498607.78529369
65503935.79244479
65509264.233004496
65514593.10700807
65519922.41449062
65525252.15548769
65530582.3300344
65535912.93816589
65541243.9799177
65546575.45532496
65551907.36442282
65557239.70724682
65562572.48383211
65567905.69421385
65573239.33842759
65578573.41650847
65583907.92849181
65589242.874412745
65594578.25430686
65599914.06820932
65605250.31615543
65610586.99818036
65615924.11431969
65621261.66460859
65626599.64908226
65631938.06777627
65637276.92072582
65642616.2079661
65647955.92953269
65653296.085460804
65658636.67578564
65663977.70054279
65669319.15976747
65674661.05349501
65680003.381760776
65685346.14459996
65690689.34204819
65696032.97414069
65701377.04091267
65706721.54239977
65712066.47863721
65717411.84966022
65722757.65550444
65728103.89620511
65733450.57179746
65738797.682317145
65744145.2277994
65749493.208279476
65754841.62379303
65760190.474375315
65765539.76006172
65770889.480887644
65776239.63688834
65781590.22809948
65786941.254556336
65792292.71629417
65797644.61334867
65802996.94575511
65808349.71354876
65813702.91676532
65819056.55544005
65824410.62960827
65829765.13930566
65835120.08456751
65840475.465429254
65845831.28192619
65851187.534094036
65856544.22196808
65861901.345583774
65867258.90497642
65872616.90018175
65877975.33123507
65883334.198171705
65888693.50102738
65894053.239837416
65899413.41463715
65904774.02546231
65910135.07234823
65915496.55533025
65920858.47444411
65926220.82972516
65931583.62120887
65936946.84893073
65942310.51292609
65947674.613230705
65953039.14987994
65958404.12290915
65963769.532354094
65969135.37825015
65974501.660632685
65979868.37953747
65985235.53499988
65990603.12705529
65995971.155739486
66001339.62108786
66006708.52313578
66012077.86191905
66017447.63747307
66022817.849833354
66028188.49903544
66033559.58511473
66038931.10810703
66044303.06804775
66049675.46497229
66055048.29891647
66060421.569915704
66065795.27800541
66071169.42322142
66076544.00559915
66081919.02517403
66087294.48198189
66092670.37605816
66098046.70743842
66103423.47615809
66108800.68225303
66114178.32575869
66119556.40671063
66124934.925144315
66130313.881095596
66135693.27459993
66141073.105692774
66146453.374409996
66151834.080787055
66157215.224859424
66162596.80666298
66167978.82623318
66173361.28360551
66178744.17881585
66184127.51189969
66189511.28289264
66194895.49183032
66200280.13874822
66205665.22368225
66211050.74666789
66216436.70774065
66221823.106936425
66227209.944290735
66232597.21983907
66237984.93361736
66243373.085661106
66248761.67600583
66254150.704687454
66259540.1717415
66264930.0772035
66270320.42110937
66275711.20349465
66281102.42439502
66286494.08384613
66291886.18188353
66297278.71854316
66302671.693860576
66308065.10787132
66313458.96061134
66318853.2521162
66324247.98242146
66329643.15156307
66335038.759576604
66340434.806497626
66345831.2923621
66351228.21720561
66356625.58106385
66362023.383972414
66367421.62596728
66372820.30708402
66378219.42735837
66383618.9868259
66389018.98552263
66394419.42348413
66399820.30074602
66405221.61734429
66410623.37331455
66416025.5686924
66421428.20351386
66426831.27781453
66432234.791630045
66437638.744996406
66443043.13794925
66448447.970524326
66453853.242757395
66459258.954684086
66464665.106340446
66470071.6977621
66475478.72898469
66480886.20004426
66486294.11097645
66491702.461816914
66497111.252601705
66502520.48336647
66507930.154146865
66513340.26497896
66518750.81589841
66524161.80694088
66529573.23814245
66534985.10953878
66540397.42116568
66545810.173058964
66551223.365254305
66556636.997787796
66562051.07069512
66567465.58401196
66572880.53777441
66578295.93201817
66583711.76677893
66589128.0420928
66594544.75799548
66599961.91452268
66605379.511710495
66610797.549594656
66616216.028211
66621634.947595246
66627054.307783514
66632474.10881154
66637894.350715175
66643315.03353014
66648736.15729258
66654157.72203824
66659579.727802835
66665002.17462252
66670425.062533036
66675848.391570136
66681272.161769964
66686696.373168275
66692121.025800824
66697546.11970377
66702971.65491288
66708397.63146405
66713824.04939318
66719250.908736035
66724678.2095288
66730105.951807246
66735534.135607146
66740962.76096469
66746391.82791566
66751821.33649585
66757251.28674144
66762681.67868824
66768112.51237204
66773543.787829034
66778975.50509503
66784407.66420583
66789840.26519764
66795273.30810629
66800706.79296771
66806140.719817854
66811575.088692546
66817009.899628006
66822445.152660064
66827880.84782454
66833316.98515768
66838753.56469531
66844190.58647327
66849628.0505278
66855065.95689475
66860504.30560995
66865943.09670967
66871382.33022975
66876822.00620619
66882262.124674834
66887702.68567195
66893143.68923341
66898585.1353952
66904027.02419319
66909469.35566367
66914912.129842505
66920355.34676558
66925799.00646916
66931243.10898916
66936687.65436143
66942132.64262229
66947578.07380763
66953023.94795332
66958470.265095696
66963917.02527064
66969364.2285142
66974811.87486241
66980259.96435118
66985708.49701683
66991157.47289528
66996606.89202243
67002056.75443463
67007507.06016779
67012957.80925784
67018409.00174112
67023860.63765355
67029312.71703108
67034765.23991005
67040218.206326395
67045671.616316065
67051125.46991542
67056579.76716039
67062034.50808709
67067489.69273159
67072945.32112986
67078401.393318266
67083857.90933277
67089314.869209334
67094772.272984356
67100230.12069379
67105688.41237362
67111147.14806022
67116606.32778959
67122065.95159772
67127526.01952098
67132986.53159538
67138447.48785704
67143908.88834196
67149370.73308656
67154833.02212681
67160295.75549889
67165758.93323877
67171222.5553829
67176686.6219673
67182151.13302796
67187616.0886013
67193081.48872338
67198547.3334302
67204013.62275821
67209480.35674344
67214947.53542192
67220415.15883009
67225883.227004
67231351.73997983
67236820.69779377
67242290.10048185
67247759.94808054
67253230.24062589
67258700.97815397
67264172.16070125
67269643.78830376
67275115.86099762
67280588.37881927
67286061.3418048
67291534.74999028
67297008.60341221
67302482.90210666
67307957.6461097
67313432.83545785
67318908.47018719
67324384.55033395
67329861.07593437
67335338.04702453
67340815.46364097
67346293.32581978
67351771.63359706
67357250.38700934
67362729.58609273
67368209.23088335
67373689.32141773
67379169.85773198
67384650.83986226
67390132.26784506
67395614.14171654
67401096.46151298
67406579.2272705
67412062.43902564
67417546.09681457
67423030.20067355
67428514.75063875
67433999.74674672
67439485.18903361
67444971.0775356
67450457.41228923
67455944.19333068
67461431.42069611
67466919.09442212
67472407.21454486
67477895.78110051
67483384.79412566
67488874.2536565
67494364.15972935
67499854.51238053
67505345.31164622
67510836.55756304
67516328.25016718
67521820.38949482
67527312.9755826
67532806.00846672
67538299.4881834
67543793.41476922
67549287.78826043
67554782.60869323
67560277.87610425
67565773.59052974
67571269.75200589
67576766.36056936
67582263.41625637
67587760.9191033
67593258.86914651
67598757.26642227
67604256.1109672
67609755.40281758
67615255.14200962
67620755.32858002
67626255.96256502
67631757.04400086
67637258.57292424
67642760.54937142
67648262.97337866
67653765.84498264
67659269.16421963
67664772.93112606
67670277.14573818
67675781.80809271
67681286.91822591
67686792.47617424
67692298.48197396
67697804.93566178
67703311.837274
67708819.18684693
67714326.98441726
67719835.23002131
67725343.9236954
67730853.06547622
67736362.65540013
67741872.69350341
67747383.1798228
67752894.11439462
67758405.49725536
67763917.32844144
67769429.60798924
67774942.33593547
67780455.5123165
67785969.13716863
67791483.21052866
67796997.7324329
67802512.70291771
67808028.12201987
67813543.98977573
67819060.30622163
67824577.07139438
67830094.28533031
67835611.94806579
67841130.05963762
67846648.62008217
67852167.62943594
67857687.08773546
67863206.99501711
67868727.35131767
67874248.15667357
67879769.41112114
67885291.11469725
67890813.26743826
67896335.86938058
67901858.92056102
67907382.42101598
67912906.3707819
67918430.76989557
67923955.6183934
67929480.916312
67935006.66368772
67940532.86055745
67946059.50695759
67951586.6029247
67957114.14849526
67962642.14370605
67968170.58859356
67973699.48319422
67979228.82754487
67984758.62168197
67990288.86564198
67995819.55946174
68001350.70317775
68006882.29682642
68012414.34044465
68017946.83406891
68023479.77773578
68029013.1714819
68034547.01534374
68040081.30935816
68045616.05356169
68051151.24799076
68056686.8926823
68062222.98767279
68067759.53299874
68073296.52869703
68078833.97480418
68084371.87135667
68089910.21839143
68095449.01594497
68100988.2640538
68106527.96275485
68112068.11208461
68117608.71207976
68123149.76277696
68128691.26421271
68134233.21642399
68139775.6194473
68145318.47331919
68150861.7780766
68156405.53375608
68161949.74039416
68167494.39802781
68173039.50669356
68178585.06642799
68184131.07726805
68189677.5392503
68195224.45241143
68200771.81678802
68206319.63241705
68211867.89933507
68217416.61757882
68222965.78718483
68228515.40819015
68234065.4806313
68239616.00454493
68245166.97996798
68250718.40693708
68256270.2854888
68261822.61566016
68267375.39748777
68272928.63100822
68278482.31625852
68284036.4532753
68289591.04209529
68295146.08275525
68300701.5752918
68306257.51974197
68311813.91614237
68317370.76452966
68322928.06494085
68328485.8174126
68334044.02198152
68339602.67868467
68345161.78755869
68350721.34864023
68356281.36196636
68361841.8275737
68367402.74549894
68372964.11577912
68378525.9384509
68384088.2135511
68389650.94111653
68395214.12118381
68400777.75379008
68406341.83897197
68411906.37676619
68417471.36720982
68423036.81033954
68428602.70619203
68434169.05480441
68439735.85621338
68445303.11045559
68450870.8175682
68456438.97758788
68462007.5905515
68467576.65649574
68473146.17545773
68478716.1474742
68484286.57258198
68489857.4508178
68495428.7822188
68501000.5668217
68506572.80466323
68512145.49578053
68517718.64021035
68523292.2379894
68528866.28915484
68534440.79374343
68540015.75179191
68545591.16333744
68551167.02841678
68556743.3470668
68562320.11932442
68567897.34522639
68573475.02480988
68579053.15811168
68584631.74516852
68590210.78601764
68595790.28069578
68601370.22923972
68606950.63168667
68612531.48807341
68618112.79843672
68623694.56281382
68629276.78124149
68634859.45375653
68640442.58039616
68646026.16119717
68651610.19619651
68657194.68543115
68662779.62893787
68668365.0267539
68673950.87891608
68679537.18546121
68685123.94642656
68690711.1618489
68696298.83176512
68701886.95621243
68707475.53522767
68713064.5688477
68718654.05710976
68724244.0000507
68729834.39770749
68735425.250117
68741016.5573165
68746608.31934282
68752200.536233
68757793.20802386
68763386.33475272
68768979.91645642
68774573.95317183
68780168.44493626
68785763.39178659
68791358.79375967
68796954.65089284
68802550.96322295
68808147.7307869
68813744.95362201
68819342.63176517
68824940.76525341
68830539.35412379
68836138.39841318
68841737.89815894
68847337.85339797
68852938.26416716
68858539.13050386
68864140.452445
68869742.2300275
68875344.46328868
68880947.15226549
68886550.29699485
68892153.89751412
68897757.95386024
68903362.46607013
68908967.43418118
68914572.85823031
68920178.73825462
68925785.07429121
68931391.86637701
68936999.11454943
68942606.8188454
68948214.9793019
68953823.59595631
68959432.66884561
68965042.19800676
68970652.18347716
68976262.62529379
68981873.52349363
68987484.8781141
68993096.68919216
68998708.95676495
69004321.68086949
69009934.86154315
69015548.49882297
69021162.59274606
69026777.14334947
69032392.15067057
69038007.61474642
69043623.53561403
69049239.91331081
69054856.7478738
69060474.03934003
69066091.78774694
69071709.99313155
69077328.6555309
69082947.77498244
69088567.35152324
69094187.38519043
69099807.87602124
69105428.8240527
69111050.22932228
69116672.09186704
69122294.41172403
69127917.18893075
69133540.42352423
69139164.11554156
69144788.26502022
69150412.8719973
69156037.93650985
69161663.45859538
69167289.43829097
69172915.8756337
69178542.77066109
69184170.12341022
69189797.93391834
69195426.20222266
69201054.9283603
69206684.11236876
69212313.75428519
69217943.85414664
69223574.41199069
69229205.42785443
69234836.90177499
69240468.8337899
69246101.22393629
69251734.07225128
69257367.37877244
69263001.14353688
69268635.36658187
69274270.04794459
69279905.18766256
69285540.78577295
69291176.84231302
69296813.35731995
69302450.33083132
69308087.76288426
69313725.65351593
69319364.00276394
69325002.81066543
69330642.07725759
69336281.80257799
69341921.98666383
69347562.62955227
69353203.73128092
69358845.29188696
69364487.31140773
69370129.78988054
69375772.72734259
69381416.12383151
69387059.9793845
69392704.29403873
69398349.06783186
69403994.3008011
69409639.99298362
69415286.1444171
69420932.75513875
69426579.82518579
69432227.35459584
69437875.34340616
69443523.79165395
69449172.69937688
69454822.06661218
69460471.89339726
69466122.17976944
69471772.92576602
69477424.13142465
69483075.79678257
69488727.92187704
69494380.50674576
69500033.55142596
69505687.05595492
69511341.02037032
69516995.44470944
69522650.32900953
69528305.67330831
69533961.47764306
69539617.74205117
69545274.46656996
69550931.65123712
69556589.29608995
69562247.40116587
69567905.96650219
69573564.99213663
69579224.47810647
69584884.42444906
69590544.83120209
69596205.69840288
69601867.02608876
69607528.81429747
69613191.0630663
69618853.77243261
69624516.94243413
69630180.5731082
69635844.66449228
69641509.21662386
69647174.22954027
69652839.70327927
69658505.63787822
69664172.03337446
69669838.88980576
69675506.20720948
69681173.98562299
69686842.22508404
69692510.92563
69698180.08729827
69703849.71012661
69709519.7941524
69715190.33941302
69720861.34594627
69726532.81378952
69732204.7429803
69737877.13355616
69743549.98555447
69749223.29901305
69754897.07396929
69760571.3104606
69766246.00852479
69771921.1681993
69777596.7895215
69783272.87252925
69788949.41725996
69794626.42375104
69800303.89204034
69805981.82216528
69811660.21416344
69817339.06807223
69823018.38392952
69828698.16177276
69834378.40163949
69840059.1035672
69845740.26759371
69851421.89375652
69857103.98209304
69862786.53264117
69868469.54543836
69874153.02052207
69879836.95793019
69885521.35770018
69891206.21986952
69896891.5444761
69902577.33155741
69908263.58115105
69913950.29329465
69919637.4680257
69925325.1053821
69931013.20540135
69936701.76812094
69942390.79357882
69948080.28181244
69953770.23285933
69959460.64675742
69965151.52354424
69970842.86325726
69976534.66593444
69982226.9316133
69987919.66033137
69993612.85212657
69999306.50703646
70005000.6250987
70010695.20635097
70016390.25083078
70022085.75857614
70027781.72962455
70033478.1640136
70039175.06178121
70044872.42296498
70050570.24760243
70056268.53573158
70061967.28738996
70067666.50261514
70073366.18144512
70079066.32391746
70084766.9300699
70090467.99994
70096169.53356574
70101871.53098474
70107573.9922347
70113276.91735324
70118980.30637836
70124684.15934765
70130388.4762987
70136093.25726956
70141798.50229783
70147504.2114211
70153210.38467743
70158917.0221044
70164624.12373964
70170331.68962121
70176039.71978673
70181748.21427396
70187457.17312065
70193166.59636447
70198876.48404345
70204586.83619525
70210297.6528575
70216008.93406826
70221720.6798652
70227432.89028594
70233145.5653686
70238858.70515078
70244572.3096702
70250286.3789649
70256000.91307257
70261715.91203088
70267431.37587792
70273147.30465136
70278863.69838902
70284580.55712874
70290297.88090818
70296015.66976547
70301733.92373829
70307452.64286433
70313171.82718174
70318891.47672819
70324611.59154138
70330332.17165945
70336053.21712013
70341774.72796108
70347496.70422049
70353219.14593607
70358942.05314566
70364665.42588699
70370389.26419823
70376113.5681171
70381838.33768146
70387563.57292907
70393289.27389808
70399015.44062625
70404742.07315129
70410469.17151141
70416196.73574436
70421924.76588786
70427653.26198013
70433382.22405891
70439111.65216199
70444841.54632753
70450571.90659331
70456302.73299725
70462034.02557728
70467765.78437115
70473498.0094171
70479230.7007529
70484963.85841633
70490697.48244563
70496431.57287857
70502166.12975295
70507901.15310702
70513636.64297856
70519372.59940541
70525109.02242576
70530845.91207746
70536583.2683983
70542321.09142654
70548059.3812
70553798.13775666
70559537.36113447
70565277.05137128
70571017.20850532
70576757.83257447
70582498.92361653
70588240.48166981
70593982.50677213
70599724.99896134
70605467.95827574
70611211.38475317
70616955.27843148
70622699.63934898
70628444.46754353
70634189.76305313
70639935.52591567
70645681.75616944
70651428.45385231
70657175.61900233
70662923.25165735
70668671.35185571
70674419.91963528
70680168.95503397
70685918.4580901
70691668.42884156
70697418.86732626
70703169.77358253
70708921.14764829
70714672.98956142
70720425.2993603
70726178.07708284
70731931.32276708
70737685.03645112
70743439.21817285
70749193.86797065
70754948.98588246
70760704.57194619
70766460.62620023
70772217.14868252
70777974.139431
70783731.59848405
70789489.52587962
70795247.92165565
70801006.78585055
70806766.11850229
70812525.9196488
70818286.18932848
70824046.92757933
70829808.13443944
70835569.80994692
70841331.95413978
70847094.56705643
70852857.64873482
70858621.19921297
70864385.2185293
70870149.70672178
70875914.66382845
70881680.0898877
70887445.98493753
70893212.34901598
70898979.18216148
70904746.48441204
70910514.25580582
70916282.49638084
70922051.20617554
70927820.38522795
70933590.03357625
70939360.15125847
70945130.73831308
70950901.79477811
70956673.3206916
70962445.31609203
70968217.78101744
70973990.71550588
70979764.11959584
70985537.99332538
70991312.33673255
70997087.14985585
71002862.43273334
71008638.18540324
71014414.40790376
71020191.10027297
71025968.26254939
71031745.89477108
71037523.99697615
71043302.56920311
71049081.61149004
71054861.12387505
71060641.10639666
71066421.55909297
71072202.48200208
71077983.87516253
71083765.73861241
71089548.07238987
71095330.87653343
71101114.15108122
71106897.89607151
71112682.11154254
71118466.79753245
71124251.95407984
71130037.58122279
71135823.67899945
71141610.24744841
71147397.28660782
71153184.79651578
71158972.77721092
71164761.22873136
71170550.15111528
71176339.54440126
71182129.40862747
71187919.7438322
71193710.55005361
71199501.82733035
71205293.57570055
71211085.79520255
71216878.48587452
71222671.64775509
71228465.28088243
71234259.38529475
71240053.96103065
71245849.00812835
71251644.52662604
71257440.51656234
71263236.97797547
71269033.91090365
71274831.31538549
71280629.19145924
71286427.53916325
71292226.35853587
71298025.64961533
71303825.41244031
71309625.64704902
71315426.3534797
71321227.531771
71327029.1819612
71332831.3040885
71338633.89819162
71344436.96430877
71350240.50247821
71356044.51273865
71361848.99512833
71367653.94968551
71373459.3764489
71379265.27545676
71385071.6467475
71390878.49035954
71396685.80633117
71402493.59470108
71408301.85550758
71414110.58878893
71419919.79458387
71425729.47293068
71431539.62386768
71437350.24743356
71443161.34366666
71448972.91260526
71454784.95428813
71460597.46875355
71466410.45603998
71472223.91618577
71478037.84922963
71483852.25520994
71489667.13416511
71495482.4861335
71501298.31115387
71507114.60926458
71512931.38050394
71518748.62491073
71524566.34252329
71530384.53338
71536203.19751962
71542022.3349805
71547841.945801
71553662.03001994
71559482.58767566
71565303.61880668
71571125.1234515
71576947.10164851
71582769.55343652
71588592.47885391
71594415.87793906
71600239.75073078
71606064.09726748
71611888.91758753
71617714.21172978
71623539.97973262
71629366.22163443
71635192.93747409
71641020.12728998
71646847.79112051
71652675.92900455
71658504.5409805
71664333.62708694
71670163.1873624
71675993.22184536
71681823.73057464
71687654.7135887
71693486.17092597
71699318.10262531
71705150.50872518
71710983.38926403
71716816.74428071
71722650.5738137
71728484.87790146
71734319.65658286
71740154.90989639
71745990.63788062
71751826.84057404
71757663.51801556
71763500.67024365
71769338.29729693
71775176.39921387
71781014.97603339
71786854.02779399
71792693.55453415
71798533.55629282
71804374.03310846
71810214.98501956
71816056.41206512
71821898.31428358
71827740.69171348
71833583.54439376
71839426.87236294
71845270.67565967
71851114.95432264
71856959.70839033
71862804.93790174
71868650.64289539
71874496.8234098
71880343.47948396
71886190.6111564
71892038.21846567
71897886.30145076
71903734.86015019
71909583.89460252
71915433.40484676
71921283.39092146
71927133.85286516
71932984.79071689
71938836.2045152
71944688.09429881
71950540.46010645
71956393.30197668
71962246.61994852
71968100.41406056
71973954.68435138
71979809.43086003
71985664.65362506
71991520.3526851
71997376.52807917
72003233.17984587
72009090.30802381
72014947.91265203
72020805.99376915
72026664.55141394
72032523.585625
72038383.09644137
72044243.08390172
72050103.54804479
72055964.48890921
72061825.90653408
72067687.80095801
72073550.17221963
72079413.02035806
72085276.3454119
72091140.14741983
72097004.42642093
72102869.18245386
72108734.41555727
72114600.12577026
72120466.31313151
72126332.9776798
72132200.119454
72138067.73849273
72143935.83483513
72149804.40851988
72155673.45958567
72161542.9880716
72167412.9940164
72173283.47745873
72179154.43843773
72185025.8769921
72190897.79316056
72196770.18698223
72202643.05849583
72208516.40774007
72214390.2347541
72220264.53957665
72226139.32224658
72232014.58280276
72237890.3212839
72243766.53772922
72249643.2321774
72255520.4046672
72261398.0552378
72267276.18392794
72273154.79077637
72279033.87582228
72284913.43910441
72290793.48066153
72296674.00053282
72302554.99875706
72308436.47537316
72314318.43041989
72320200.86393645
72326083.77596162
72331967.16653433
72337851.03569336
72343735.38347793
72349620.20992683
72355505.51507884
72361391.2989732
72367277.56164871
72373164.30314417
72379051.52349883
72384939.22275148
72390827.40094094
72396716.05810647
72402605.19428687
72408494.8095211
72414384.90384814
72420275.47730683
72426166.52993642
72432058.06177574
72437950.07286364
72443842.56323938
72449735.53294182
72455628.98200978
72461522.91048257
72467417.31839903
72473312.20579801
72479207.57271883
72485103.41920033
72490999.74528137
72496896.55100127
72502793.83639888
72508691.60151324
72514589.84638336
72520488.57104814
72526387.77554686
72532287.45991845
72538187.62420179
72544088.2684362
72549989.39266057
72555890.9969138
72561793.08123524
72567695.64566381
72573598.69023839
72579502.21499835
72585406.21998258
72591310.70523016
72597215.67078002
72603121.11667152
72609027.04294357
72614933.44963525
72620840.33678553
72626747.70443372
72632655.55261882
72638563.88137974
72644472.69075589
72650381.98078619
72656291.7515096
72662202.00296554
72668112.73519294
72674023.94823079
72679935.64211845
72685847.81689493
72691760.47259934
72697673.6092708
72703587.22694828
72709501.3256712
72715415.90547854
72721330.9664093
72727246.50850292
72733162.53179836
72739079.03633465
72744996.02215122
72750913.48928705
72756831.43778118
72762749.86767305
72768668.77900167
72774588.17180604
72780508.04612565
72786428.4019995
72792349.23946677
72798270.55856663
72804192.35933812
72810114.6418207
72816037.40605344
72821960.65207534
72827884.3799259
72833808.58964421
72839733.28126925
72845658.45484056
72851584.11039719
72857510.24797818
72863436.86762308
72869363.9693709
72875291.5532609
72881219.61933212
72887148.16762412
72893077.19817592
72899006.7110268
72904936.70621584
72910867.18378255
72916798.14376603
72922729.58620538
72928661.51114014
72934593.9186094
72940526.80865227
72946460.1813083
72952394.03661661
72958328.37461631
72964263.19534695
72970198.49884766
72976134.28515771
72982070.55431637
72988007.30636278
72993944.5413365
72999882.25927669
73005820.46022245
73011759.14421341
73017698.31128868
73023637.96148743
73029578.09484926
73035518.71141331
73041459.81121874
73047401.39430515
73053343.46071173
73059286.01047762
73065229.04364246
73071172.5602454
73077116.56032577
73083061.04392292
73089006.01107602
73094951.46182469
73100897.39620812
73106843.81426553
73112790.71603654
73118738.10156035
73124685.97087617
73130634.32402365
73136583.16104199
73142532.48197041
73148482.28684857
73154432.57571569
73160383.34861113
73166334.60557413
73172286.34664437
73178238.57186106
73184191.28126357
73190144.47489119
73196098.15278356
73202052.31497994
73208006.96151958
73213962.09244217
73219917.70778698
73225873.80759324
73231830.39190067
73237787.46074854
73243745.0141761
73249703.05222309
73255661.57492875
73261620.58233254
73267580.07447386
73273540.051392
73279500.5131267
73285461.45971724
73291422.89120293
73297384.80762349
73303347.20901822
73309310.09542643
73315273.46688788
73321237.32344185
73327201.66512766
73333166.4919851
73339131.80405347
73345097.60137206
73351063.88398069
73357030.65191866
73362997.90522546
73368965.64394055
73374933.8681033
73380902.57775347
73386871.77293041
73392841.45367348
73398811.62002246
73404782.27201672
73410753.40969558
73416725.03309889
73422697.14226599
73428669.73723626
73434642.81804949
73440616.38474508
73446590.43736252
73452564.97594123
73458540.00052102
73464515.51114126
73470491.50784151
73476467.99066114
73482444.95964001
73488422.41481753
73494400.35623306
73500378.78392647
73506357.69793719
73512337.0983046
73518316.98506857
73524297.35826853
73530278.21794388
73536259.56413451
73542241.39687982
73548223.71621943
73554206.52219288
73560189.81483963
73566173.59419957
73572157.86031212
73578142.61321674
73584127.85295334
73590113.57956135
73596099.79308024
73602086.49354991
73608073.68100981
73614061.35549943
73620049.51705869
73626038.16572702
73632027.30154392
73638016.92454933
73644007.03478272
73649997.63228372
73655988.71709195
73661980.28924693
73667972.3487886
73673964.89575644
73679957.93018995
73685951.45212911
73691945.4616134
73697939.95868233
73703934.94337589
73709930.41573356
73715926.37579487
73721922.8235998
73727919.75918788
73733917.18259878
73739915.09387204
73745913.49304764
73751912.3801651
73757911.75526415
73763911.6183843
73769911.96956557
73775912.80884752
73781914.13626966
73787915.95187205
73793918.25569423
73799921.04777575
73805924.32815664
73811928.09687647
73817932.35397482
73823937.09949172
73829942.33346674
73835948.05593961
73841954.26695009
73847960.96653774
73853968.15474263
73859975.83160433
73865983.99716246
73871992.65145707
73878001.79452777
73884011.42641416
73890021.5471563
73896032.15679383
73902043.25536634
73908054.84291391
73914066.91947618
73920079.48509277
73926092.53980376
73932106.08364879
73938120.11666764
73944134.63890012
73950149.65038586
73956165.15116495
73962181.14127707
73968197.62076186
73974214.58965941
73980232.04800941
73986249.99585152
73992268.43322584
73998287.36017205
74004306.77672984
74010326.6829393
74016347.07884017
74022367.96447223
74028389.33987519
74034411.20508918
74040433.56015392
74046456.40510921
74052479.73999481
74058503.56485082
74064527.87971698
74070552.68463299
74076577.979639
74082603.76477474
74088630.04007994
74094656.80559476
74100684.06135893
74106711.80741216
74112740.04379468
74118768.77054617
74124797.98770656
74130827.69531572
74136857.89341341
74142888.58203982
74148919.7612347
74154951.43103781
74160983.59148936
74167016.24262911
74173049.38449684
74179083.01713274
74185117.1405766
74191151.7548682
74197186.86004774
74203222.45615505
74209258.54322986
74215295.12131244
74221332.19044258
74227369.75066021
74233407.8020053
74239446.34451763
74245485.37823746
74251524.9032046
74257564.91945887
74263605.42704052
74269646.42598936
74275687.91634522
74281729.89814839
74287772.37143868
74293815.33625592
74299858.79264039
74305902.74063194
74311947.18027055
74317992.11159606
74324037.53464879
74330083.44946855
74336129.85609539
74342176.75456911
74348224.14493008
74354272.02721812
74360320.4014731
74366369.26773536
74372418.62604477
74378468.47644117
74384518.81896494
74390569.65365593
74396620.98055403
74402672.79969959
74408725.11113249
74414777.91489278
74420831.2110205
74426884.99955557
74432939.28053834
74438994.0540087
74445049.32000658
74451105.07857235
74457161.3297459
74463218.07356718
74469275.31007655
74475333.03931394
74481391.26131928
74487449.97613297
74493509.18379493
74499568.8843451
74505629.07782388
74511689.76427123
74517750.94372723
74523812.616232
74529874.78182547
74535937.44054808
74542000.59243979
74548064.23754054
74554128.37589079
74560193.0075305
74566258.13249962
74572323.75083861
74578389.86258745
74584456.46778612
74590523.56647505
74596591.15869425
74602659.24448387
74608727.82388389
74614796.89693478
74620866.46367654
74626936.52414933
74633007.07839315
74639078.12644848
74645149.66835535
74651221.70415375
74657294.23388419
74663367.25758667
74669440.77530125
74675514.7870684
74681589.29292816
74687664.29292056
74693739.78708613
74699815.77546488
74705892.25809704
74711969.2350228
74718046.70628221
74724124.67191581
74730203.13196366
74736282.08646579
74742361.53546277
74748441.47899465
74754521.9171015
74760602.84982388
74766684.27720186
74772766.19927551
74778848.6160854
74784931.5276716
74791014.93407424
74797098.83533384
74803183.23149051
74809268.12258452
74815353.50865613
74821439.38974543
74827525.76589301
74833612.63713899
74839700.00352348
74845787.86508709
74851876.22186992
74857965.0739121
74864054.42125423
74870144.26393645
74876234.6019989
74882325.43548219
74888416.76442644
74894508.58887199
74900600.90885897
74906693.72442801
74912787.03561926
74918880.84247303
74924975.1450295
74931069.9433293
74937165.2374126
74943261.02731957
74949357.31309086
74955454.09476665
74961551.37238711
74967649.1459929
74973747.41562423
74979846.18132128
74985945.44312471
74992045.20107473
74998145.45521168
75004246.20557594
75010347.45220773
75016449.19514771
75022551.4344361
75028654.17011312
75034757.40221946
75040861.13079534
75046965.35588102
75053070.07751718
75059175.29574405
75065281.01060188
75071387.22213136
75077493.93037276
75083601.13536632
75089708.83715276
75095817.03577235
75101925.73126549
75108034.92367259
75114144.61303394
75120254.79939024
75126365.4827818
75132476.66324888
75138588.34083223
75144700.51557213
75150813.18750887
75156926.3566832
75163040.0231354
75169154.18690579
75175268.84803513
75181384.00656371
75187499.662532
75193615.8159803
75199732.4669494
75205849.61547962
75211967.26161142
75218085.40538514
75224204.04684155
75230323.18602099
75236442.82296377
75242562.95771074
75248683.5903022
75254804.72077851
75260926.34918046
75267048.47554843
75273171.09992275
75279294.22234423
75285417.84285326
75291541.96149033
75297666.57829599
75303791.69331057
75309917.30657494
75316043.41812946
75322170.02801451
75328297.13627094
75334424.74293913
75340552.84805948
75346681.45167284
75352810.5538196
75358940.15454015
75365070.25387537
75371200.85186568
75377331.94855146
75383463.54397361
75389595.63817252
75395728.23118877
75401861.32306297
75407994.9138355
75414129.00354727
75420263.59223872
75426398.67995027
75432534.26672283
75438670.35259685
75444806.93761276
75450944.02181147
75457081.60523346
75463219.68791915
75469358.26990949
75475497.35124491
75481636.93196605
75487777.01211339
75493917.59172784
75500058.67084989
75506200.24952017
75512342.32777914
75518484.9056678
75524627.98322658
75530771.56049602
75536915.63751704
75543060.21433015
75549205.29097587
75555350.86749513
75561496.94392848
75567643.5203164
75573790.5966999
75579938.17311947
75586086.24961579
75592234.82622953
75598383.90300125
75604533.4799719
75610683.55718206
75616834.13467224
75622985.21248345
75629136.79065624
75635288.86923115
75641441.44824919
75647594.52775092
75653748.10777691
75659902.18836817
75666056.76956527
75672211.85140878
75678367.43393971
75684523.51719867
75690680.10122636
75696837.18606354
75702994.7717508
75709152.85832915
75715311.44583921
75721470.53432158
75727630.1238173
75733790.21436699
75739950.80601124
75746111.89879112
75752273.49274726
75758435.58792025
75764598.18435119
75770761.28208068
75776924.88114952
75783088.98159832
75789253.58346818
75795418.68679973
75801584.29163378
75807750.39801095
75813917.00597236
75820084.11555864
75826251.72681046
75832419.83976892
75838588.45447469
75844757.57096842
75850927.18929125
75857097.30948384
75863267.93158685
75869439.05564143
75875610.68168826
75881782.80976817
75887955.43992199
75894128.57219042
75900302.2066146
75906476.34323522
75912650.982093
75918826.1232291
75925001.76668422
75931177.91249904
75937354.56071477
75943531.71137209
75949709.36451176
75955887.52017492
75962066.17840232
75968245.33923468
75974425.0027132
75980605.1688786
75986785.83777177
75992967.00943363
75999148.68390489
76005330.86122677
76011513.54144004
76017696.72458543
76023880.41070418
76030064.59983703
76036249.29202476
76042434.48730859
76048620.18572928
76054806.38732764
76060993.09214486
76067180.30022177
76073368.01159927
76079556.22631817
76085744.94441971
76091934.1659447
76098123.89093406
76104314.11942862
76110504.85146962
76116696.0870979
76122887.82635425
76129080.06927994
76135272.81591581
76141466.06630266
76147659.82048178
76153854.078494
76160048.84038013
76166244.10618152
76172439.87593895
76178636.14969344
76184832.927486
76191030.20935744
76197227.99534911
76203426.28550185
76209625.07985651
76215824.37845442
76222024.18133643
76228224.48854344
76234425.30011675
76240626.61609724
76246828.4365258
76253030.76144376
76259233.59089202
76265436.92491145
76271640.76354341
76277845.1068288
76284049.95480865
76290255.30752403
76296461.16501585
76302667.52732547
76308874.39449379
76315081.76656175
76321289.6435707
76327498.02556159
76333706.91257532
76339916.3046533
76346126.20183645
76352336.60416569
76358547.51168244
76364758.92442764
76370970.84244238
76377183.2657676
76383396.19444473
76389609.6285147
76395823.56801866
76402038.01299752
76408252.96349277
76414468.41954531
76420684.38119616
76426900.84848672
76433117.821458
76439335.30015096
76445553.28460705
76451771.77486727
76457990.7709726
76464210.27296448
76470430.28088394
76476650.7947721
76482871.81467016
76489093.34061909
76495315.37266038
76501537.91083506
76507760.9551841
76513984.50574903
76520208.56257086
76526433.1256906
76532658.19514976
76538883.77098939
76545109.85325049
76551336.44197458
76557563.53720272
76563791.13897593
76570019.24733576
76576247.86232322
76582476.98397957
76588706.61234598
76594936.74746352
76601167.38937376
76607398.53811774
76613630.19373652
76619862.35627168
76626095.02576427
76632328.20225538
76638561.88578658
76644796.07639894
76651030.77413356
76657265.979032
76663501.69113536
76669737.91048491
76675974.63712175
76682211.87108745
76688449.61242312
76694687.86117004
76700926.61736934
76707165.8810626
76713405.65229094
76719645.9310955
76725886.71751787
76732128.0115992
76738369.81338063
76744612.12290375
76750854.94020973
76757098.2653397
76763342.09833531
76769586.43923768
76775831.28808816
76782076.64492804
76788322.5097985
76794568.88274118
76800815.76379725
76807063.1530079
76813311.05041476
76819559.45605901
76825808.36998186
76832057.79222493
76838307.72282946
76844558.16183661
76850809.10928807
76857060.56522503
76863312.52968872
76869565.00272079
76875817.98436245
76882071.4746551
76888325.47364011
76894579.9813587
76900834.99785256
76907090.52316292
76913346.55733103
76919603.10039856
76925860.15240678
76932117.71339694
76938375.78341073
76944634.36248942
76950893.45067425
76957153.04800697
76963413.15452881
76969673.77028121
76975934.89530542
76982196.5296432
76988458.6733358
76994721.32642469
77000984.48895112
77007248.16095684
77013512.34248318
77019777.03357138
77026042.23426321
77032307.9446
77038574.16462302
77044840.89437407
77051108.13389443
77057375.88322543
77063644.14240885
77069912.91148598
77076182.19049835
77082451.9794874
77088722.27849449
77094993.08756138
77101264.40672943
77107536.23603998
77113808.57553484
77120081.42525534
77126354.78524284
77132628.65553916
77138903.03618564
77145177.92722367
77151453.32869504
77157729.24064116
77164005.66310336
77170282.5961235
77176560.03974295
77182837.99400325
77189116.45894593
77195395.43461238
77201674.92104447
77207954.91828357
77214235.42637107
77220516.44534887
77226797.97525835
77233080.01614092
77239362.56803846
77245645.63099238
77251929.2050441
77258213.2902355
77264497.886608
77270782.99420321
77277068.61306252
77283354.74322785
77289641.38474065
77295928.5376425
77302216.20197484
77308504.37777959
77314793.0650982
77321082.2639721
77327371.97444327
77333662.19655313
77339952.93034314
77346244.17585525
77352535.93313093
77358828.20221165
77365120.98313935
77371414.27595551
77377708.08070178
77384002.39741981
77390297.22615106
77396592.56693752
77402888.41982067
77409184.78484203
77415481.66204354
77421779.05146675
77428076.95315313
77434375.36714469
77440674.29348294
77446973.7322094
77453273.68336605
77459574.14699444
77465875.12313609
77472176.611833
77478478.61312671
77484781.12705892
77491084.15367134
77497387.6930055
77503691.74510342
77509996.31000666
77516301.3877568
77522606.97839583
77528913.08196534
77535219.6985069
77541526.82806255
77547834.47067384
77554142.62638238
77560451.29523021
77566760.4772589
77573070.17251022
77579380.38102575
77585691.10284755
77592002.33801723
77598314.08657654
77604626.34856707
77610939.12403093
77617252.41300972
77623566.21554504
77629880.531679
77636195.3614532
77642510.7049093
77648826.56208937
77655142.93303505
77661459.81778798
77667777.21639027
77674095.12888354
77680413.55530962
77686732.49571031
77693051.95012726
77699371.91860259
77705692.40117797
77712013.39789505
77718334.90879598
77724656.93392244
77730979.47331606
77737302.52701904
77743626.09507301
77749950.1775197
77756274.77440123
77762599.88575931
77768925.51163562
77775251.65207234
77781578.30711117
77787905.47679397
77794233.1611626
77800561.36025876
77806890.07412465
77813219.30280198
77819549.04633248
77825879.30475833
77832210.07812126
77838541.36646302
77844873.16982579
77851205.48825133
77857538.32178135
77863871.6704581
77870205.5343233
77876539.91341889
77882874.80778658
77889210.21746865
77895546.14250682
77901882.58294304
77908219.53881904
77914557.01017712
77920894.997059
77927233.4995065
77933572.51756184
77939912.05126683
77946252.10066324
77952592.66579336
77958933.74669895
77965275.34342183
77971617.45600426
77977960.08448808
77984303.22891521
77990646.88932765
77996991.0657672
78003335.75827616
78009680.96689637
78016026.69166961
78022372.93263823
78028719.68984403
78035066.96332884
78041414.75313501
78047763.05930436
78054111.88187872
78060461.22090045
78066811.07641137
78073161.44845335
78079512.33706872
78085863.74229936
78092215.66418727
78098568.10277449
78104921.05810288
78111274.5302148
78117628.51915215
78123983.02495678
78130338.04767106
78136693.5873369
78143049.64399616
78149406.21769124
78155763.30846402
78162120.91635643
78168479.04141082
78174837.68366912
78181196.8431734
78187556.51996557
78193916.71408804
78200277.42558272
78206638.6544917
78213000.40085691
78219362.66472076
78225725.4461252
78232088.74511214
78238452.56172402
78244816.8960028
78251181.74799041
78257547.1177293
78263913.0052614
78270279.4106287
78276646.33387364
78283013.77503817
78289381.73416442
78295750.21129453
78302119.20647049
78308488.71973474
78314858.75112928
78321229.30069609
78327600.36847764
78333971.95451593
78340344.05885296
78346716.68153119
78353089.82259265
78359463.48207933
78365837.66003373
78372212.35649787
78378587.57151376
78384963.3051239
78391339.55737032
78397716.32829522
78404093.61794077
78410471.42634901
78416849.75356248
78423228.5996232
78429607.96457323
78435987.84845509
78442368.25131083
78448749.17318252
78455130.61411268
78461512.57414338
78467895.0533167
78474278.05167517
78480661.56926088
78487045.60611607
78493430.1622828
78499815.23780364
78506200.83272068
78512586.94707619
78518973.58091222
78525360.73427139
78531748.40719578
78538136.59972748
78544525.31190911
78550914.54378277
78557304.29539056
78563694.5667751
78570085.3579785
78576476.66904287
78582868.50001085
78589260.85092455
78595653.72182627
78602047.1127583
78608441.02376279
78614835.45488238
78621230.40615919
78627625.8776354
78634021.86935364
78640418.38135605
78646815.4136848
78653212.96638255
78659611.03949146
78666009.6330537
78672408.74711193
78678808.38170834
78685208.5368851
78691609.21268488
78698010.40914987
78704412.12632242
78710814.36424491
78717217.1229595
78723620.4025089
78730024.20293532
78736428.52428097
78742833.36658853
78749238.72990023
78755644.61425829
78762051.0197054
78768457.94628382
78774865.39403574
78781273.36300392
78787681.85323057
78794090.86475809
78800500.39762874
78806910.45188524
78813321.02756985
78819732.12472497
78826143.74339288
78832555.88361631
78838968.54543753
78845381.72889881
78851795.43404289
78858209.66091207
78864624.4095486
78871039.67999527
78877455.47229436
78883871.78648816
78890288.62261944
78896705.98073049
78903123.86086379
78909542.26306179
78915961.1873668
78922380.6338216
78928800.60246854
78935221.0933499
78941642.10650851
78948063.64198667
78954485.6998267
78960908.28007145
78967331.38276324
78973755.00794439
78980179.15565775
78986603.82594565
78993029.01885043
78999454.73441495
79005880.97268154
79012307.73369272
79018735.01749103
79025162.82411882
79031591.15361896
79038020.00603381
79044449.38140574
79050879.27977762
79057309.70119183
79063740.64569077
79070172.11331728
79076604.10411379
79083036.61812267
79089469.6553868
79095903.21594861
79102337.29985066
79108771.90713534
79115207.03784557
79121642.69202375
79128078.86971247
79134515.57095416
79140952.79579173
79147390.5442676
79153828.81642419
79160267.61230446
79166706.93195082
79173146.77540573
79179587.14271213
79186028.03391246
79192469.44904916
79198911.3881652
79205353.85130303
79211796.83850527
79218240.34981456
79224684.38527337
79231128.94492465
79237574.0288109
79244019.63697459
79250465.7694587
79256912.42630568
79263359.60755809
79269807.31325884
79276255.54345049
79282704.2981755
79289153.57747689
79295603.38139716
79302053.70997882
79308504.56326488
79314955.94129786
79321407.84412043
79327860.27177529
79334313.22430499
79340766.70175251
79347220.70416042
79353675.23157124
79360130.28402802
79366585.86157331
79373041.96424964
79379498.59210005
79385955.74516714
79392413.42349342
79398871.62712196
79405330.35609533
79411789.61045629
79418249.39024737
79424709.69551167
79431170.52629174
79437631.88263038
79444093.76457013
79450556.17215408
79457019.10542485
79463482.56442502
79469946.54919769
79476411.05978546
79482876.09623092
79489341.65857722
79495807.74686693
79502274.3611427
79508741.50144763
79515209.16782436
79521677.36031565
79528146.07896434
79534615.32381304
79541085.09490488
79547555.39228253
79554026.2159886
79560497.56606627
79566969.44255815
79573441.84550694
79579914.77495576
79586388.2309473
79592862.21352422
79599336.72272968
79605811.75860634
79612287.32119691
79618763.41054454
79625240.02669193
79631717.16968192
79638194.83955736
79644673.03636098
79651151.76013593
79657631.01092494
79664110.78877069
79670591.09371641
79677071.92580481
79683553.28507859
79690035.17158097
79696517.58535467
79703000.52644244
79709483.99488746
79715967.99073249
79722452.51402044
79728937.56479403
79735423.14309652
79741909.24897064
79748395.8824593
79754883.04360528
79761370.7324518
79767858.94904165
79774347.69341758
79780836.96562284
79787326.76570024
79793817.09369251
79800307.94964296
79806799.33359435
79813291.24558948
79819783.68567161
79826276.65388356
79832770.15026829
79839264.17486873
79845758.72772773
79852253.80888855
79858749.41839403
79865245.55628696
79871742.22261067
79878239.41740797
79884737.1407217
79891235.39259516
79897734.17307118
79904233.48219262
79910733.3200028
79917233.68654454
79923734.58186072
79930236.00599466
79936737.95898923
79943240.44088744
79949743.4517323
79956246.99156669
79962751.06043397
79969255.658377
79975760.78543867
79982266.44166234
79988772.62709087
79995279.34176719
80001786.58573464
80008294.35903613
80014802.66171455
80021311.49381329
80027820.85537525
80034330.74644351
80040841.16706097
80047352.11727102
80053863.5971166
80060375.6066408
80066888.14588651
80073401.21489717
80079914.81371571
80086428.94238506
80092943.60094865
80099458.78944941
80105974.5079303
80112490.75643474
80119007.5350057
80125524.84368613
80132042.68251948
80138561.0515487
80145079.95081693
80151599.38036731
80158119.34024279
80164639.83048685
80171160.85114248
80177682.40225264
80184204.48386082
80190727.09601001
80197250.2387432
80203773.91210389
80210298.11613506
80216822.85087973
80223348.11638139
80229873.91268305
80236400.23982775
80242927.09785895
80249454.48681971
80255982.40675321
80262510.85770264
80269039.83971103
80275569.3528219
80282099.3970783
80288629.97252327
80295161.07920036
80301692.71715258
80308224.88642304
80314757.58705524
80321290.81909224
80327824.58257715
80334358.87755348
80340893.70406432
80347429.06215292
80353964.95186235
80360501.37323616
80367038.32631746
80373575.8111495
80380113.82777534
80386652.37623861
80393191.4565824
80399731.06884979
80406271.2130844
80412811.88932931
80419353.09762767
80425894.83802307
80432437.11055863
80438979.91527747
80445523.25222321
80452067.12143898
80458611.52296808
80465156.4568538
80471701.92313932
80478247.92186822
80484794.4530837
80491341.51682886
80497889.11314738
80504437.24208242
80510985.90367714
80517535.09797518
80524084.82501972
80530635.08485393
80537185.87752149
80543737.20306556
80550289.06152934
80556841.4529565
80563394.37739024
80569947.83487388
80576501.82545084
80583056.34916428
80589611.40605791
80596166.99617493
80602723.11955856
80609279.77625251
80615836.96629998
80622394.6897442
80628952.94662891
80635511.7369973
80642071.06089263
80648630.91835862
80655191.30943851
80661752.2341757
80668313.69261345
80674875.68479548
80681438.21076508
80688001.27056563
80694564.86424042
80701128.9918332
80707693.65338723
80714258.84894578
80720824.57855263
80727390.84225105
80733957.64008431
80740524.97209622
80747092.83833003
80753661.23882906
80760230.17363709
80766799.64279743
80773369.64635351
80779940.18434884
80786511.25682671
80793082.86383094
80799655.00540484
80806227.68159173
80812800.89243542
80819374.63797925
80825948.91826655
80832523.73334113
80839099.08324635
80845674.96802554
80852251.38772254
80858828.3423807
80865405.83204338
80871983.8567544
80878562.41655716
80885141.51149516
80891721.14161195
80898301.30695087
80904882.00755581
80911463.24347015
80918045.01473725
80924627.321401
80931210.1635048
80937793.54109202
80944377.45420656
80950961.9028918
80957546.88719116
80964132.40714855
80970718.46280736
80977305.05421115
80983892.18140338
80990479.84442793
80997068.04332823
81003656.77814788
81010246.04893029
81016835.8557194
81023426.19855866
81030017.07749149
81036608.49256185
81043200.44381316
81049792.93128888
81056385.95503297
81062979.51508889
81069573.61150008
81076168.24431053
81082763.41356367
81089359.11930317
81095955.36157267
81102552.14041562
81109149.45587602
81115747.30799736
81122345.69682312
81128944.62239729
81135544.08476336
81142144.08396485
81148744.62004575
81155345.69304955
81161947.30301979
81168549.45000046
81175152.1340351
81181755.3551672
81188359.1134408
81194963.40889943
81201568.24158677
81208173.61154655
81214779.51882228
81221385.96345802
81227992.9454973
81234600.46498369
81241208.52196123
81247817.11647347
81254426.24856398
81261035.9182768
81267646.12565553
81274256.87074372
81280868.15358545
81287479.97422428
81294092.332704
81300705.22906815
81307318.66336082
81313932.63562563
81320547.14590633
81327162.1942465
81333777.78069027
81340393.90528123
81347010.56806299
81353627.76907966
81360245.50837485
81366863.78599222
81373482.60197584
81380101.95636937
81386721.84921643
81393342.28056115
81399963.25044717
81406584.75891832
81413206.80601837
81419829.391791
81426452.51628034
81433076.17953007
81439700.38158384
81446325.12248579
81452950.40227962
81459576.22100899
81466202.57871805
81472829.4754505
81479456.91125003
81486084.88616079
81492713.40022649
81499342.45349082
81505972.04599798
81512602.17779166
81519232.84891571
81525864.05941404
81532495.80933033
81539128.09870881
81545760.92759319
81552394.29602718
81559028.20405501
81565662.65172042
81572297.63906711
81578933.16613935
81585569.23298085
81592205.83963536
81598842.98614714
81605480.6725599
81612118.8989176
81618757.66526397
81625396.97164328
81632036.81809929
81638677.20467593
81645318.13141696
81651959.59836668
81658601.60556884
81665244.15306723
81671887.24090615
81678530.86912936
81685175.03778067
81691819.74690437
81698464.99654426
81705110.78674412
81711757.11754829
81718403.98900056
81725051.4011449
81731699.35402533
81738347.84768564
81744996.88217014
81751646.45752269
81758296.5737871
81764947.23100771
81771598.42922835
81778250.16849288
81784902.44884562
81791555.27033044
81798208.63299118
81804862.53687221
81811516.98201737
81818171.96847051
81824827.49627605
81831483.5654778
81838140.17611985
81844797.3282462
81851455.02190076
81858113.25712791
81864772.03397152
81871431.3524755
81878091.21268424
81884751.61464164
81891412.55839159
81898074.04397851
81904736.0714463
81911398.64083888
81918061.75220066
81924725.40557557
81931389.6010077
81938054.33854096
81944719.6182198
81951385.44008812
81958051.80419008
81964718.71056958
81971386.15927108
81978054.15033853
81984722.68381587
81991391.75974756
81998061.37817757
82004731.53914987
82011402.24270889
82018073.48889863
82024745.27776307
82031417.60934666
82038090.4836934
82044763.90084743
82051437.86085293
82058112.36375386
82064787.40959473
82071462.99841954
82078139.13027228
82084815.80519748
82091493.02323914
82098170.78444126
82104849.08884837
82111527.93650448
82118207.32745363
82124887.26174033
82131567.73940863
82138248.76050255
82144930.32506663
82151612.43314491
82158295.08478163
82164978.28002097
82171662.018907
82178346.30148427
82185031.12779684
82191716.49788877
82198402.41180466
82205088.86958854
82211775.8712845
82218463.41693711
82225151.50659047
82231840.14028865
82238529.31807625
82245219.03999735
82251909.30609623
82258600.11641696
82265291.47100417
82271983.36990196
82278675.8131546
82285368.80080621
82292062.33290142
82298756.40948433
82305451.03059906
82312146.19629027
82318841.90660207
82325538.1615786
82332234.96126449
82338932.30570391
82345630.19494097
82352328.62902035
82359027.60798618
82365727.13188282
82372427.20075455
82379127.81464556
82385828.97360052
82392530.67766361
82399232.92687899
82405935.72129133
82412639.06094484
82419342.94588368
82426047.37615255
82432752.35179564
82439457.87285717
82446163.93938181
82452870.55141377
82459577.70899728
82466285.41217703
82472993.66099724
82479702.45550229
82486411.79573658
82493121.68174432
82499832.11357027
82506543.09125863
82513254.61485365
82519966.68440007
82526679.29994214
82533392.4615241
82540106.16919069
82546820.4229862
82553535.22295484
82560250.56914142
82566966.46159017
82573682.90034555
82580399.88545181
82587117.41695374
82593835.49489564
82600554.11932191
82607273.29027689
82613993.00780533
82620713.27195154
82627434.08275984
82634155.440275
82640877.34454133
82647599.79560316
82654322.79350528
82661046.33829202
82667770.43000768
82674495.06869711
82681220.25440463
82687945.98717473
82694672.26705192
82701399.09408051
82708126.46830538
82714854.38977087
82721582.85852128
82728311.87460153
82735041.43805595
82741771.54892887
82748502.2072652
82755233.41310927
82761965.16650547
82768697.46749867
82775430.31613326
82782163.7124536
82788897.65650459
82795632.14833061
82802367.18797623
82809102.77548599
82815838.91090432
82822575.5942761
82829312.82564573
82836050.60505766
82842788.93255676
82849527.80818747
82856267.23199421
82863007.2040219
82869747.72431499
82876488.79291786
82883230.4098755
82889972.57523233
82896715.28903295
82903458.55132182
82910202.36214389
82916946.7215436
82923691.62956558
82930437.0862543
82937183.09165473
82943929.64581132
82950676.74876854
82957424.40057139
82964172.60126433
82970921.35089184
82977670.64949892
82984420.49713007
82991170.89382975
82997921.83964299
83004673.33461426
83011425.37878826
83018177.97220966
83024931.11492296
83031684.80697317
83038439.04840484
83045193.83926246
83051949.17959107
83058705.06943522
83065461.50883941
83072218.4978487
83078976.03650762
83085734.1248607
83092492.76295304
83099251.95082913
83106011.68853357
83112771.97611141
83119532.81360719
83126294.20106567
83133056.13853158
83139818.62604947
83146581.66366446
83153345.25142111
83160109.38936399
83166874.0775382
83173639.31598835
83180405.10475901
83187171.4438953
83193938.33344181
83200705.77344315
83207473.76394442
83214242.30499025
83221011.39662541
83227781.03889453
83234551.23184276
83241321.97551468
83248093.26995511
83254865.11520869
83261637.51132056
83268410.45833535
83275183.95629773
83281958.00525284
83288732.6052453
83295507.75631984
83302283.45852154
83309059.71189514
83315836.51648524
83322613.87233707
83329391.77949528
83336170.23800471
83342949.24791022
83349728.8092565
83356508.92208873
83363289.5864516
83370070.80238982
83376852.5699486
83383634.88917263
83390417.76010661
83397201.18279576
83403985.15728483
83410769.68361849
83417554.76184198
83424340.39200003
83431126.57413737
83437913.30829926
83444700.59453039
83451488.4328757
83458276.82338008
83465065.7660883
83471855.26104562
83478645.30829677
83485435.90788652
83492227.05986013
83499018.76426238
83505811.02113803
83512603.83053236
83519397.19249013
83526191.10705614
83532985.57427569
83539780.59419355
83546576.16685466
83553372.29230386
83560168.97058642
83566966.20174715
83573763.98583102
83580562.32288285
83587361.21294795
83594160.65607114
83600960.65229724
83607761.20167159
83614562.30423899
83621363.9600443
83628166.16913284
83634968.93154946
83641772.247339
83648576.11654681
83655380.53921774
83662185.5153968
83668991.04512905
83675797.1284593
83682603.76543297
83689410.95609489
83696218.70048995
83703026.99866353
83709835.8506605
83716645.25652575
83723455.21630467
83730265.73004214
83737076.79778308
83743888.41957287
83750700.5954564
83757513.32547861
83764326.6096849
83771140.44812016
83777954.84082949
83784769.78785798
83791585.28925055
83798401.34505263
83805217.95530917
83812035.12006506
83818852.83936578
83825671.11325626
83832489.94178145
83839309.3249868
83846129.26291725
83852949.75561778
83859770.80313383
83866592.40551038
83873414.56279257
83880237.27502534
83887060.54225421
83893884.36452413
83900708.74188025
83907533.67436758
83914359.16203159
83921185.20491728
83928011.80306965
83934838.9565342
83941666.66535594
83948494.92957987
83955323.7492515
83962153.12441586
83968983.05511796
83975813.54140334
83982644.58331701
83989476.18090416
83996308.33421002
84003141.0432796
84009974.30815847
84016808.12889166
84023642.5055242
84030477.43810168
84037312.92666914
84044148.97127163
84050985.57195474
84057822.72876352
84064660.44174303
84071498.71093887
84078337.53639612
84085176.91815983
84092016.85627562
84098857.35078856
84105698.40174393
84112540.00918698
84119382.1731628
84126224.89371702
84133068.17089473
84139912.00474104
84146756.39530158
84153601.34262148
84160446.84674582
84167292.90772027
84174139.52558994
84180986.70039997
84187834.43219599
84194682.72102314
84201531.56692676
84208380.96995196
84215230.93014441
84222081.44754928
84228932.52221188
84235784.15417737
84242636.34349144
84249489.09019923
84256342.39434592
84263196.25597723
84270050.6751383
84276905.6518743
84283761.18623097
84290617.27825348
84297473.92798702
84304331.1354773
84311188.90076952
84318047.22390907
84324906.1049413
84331765.54391143
84338625.5408652
84345486.09584782
84352347.2089045
84359208.880081
84366071.10942255
84372933.89697435
84379797.2427822
84386661.14689131
84393525.60934691
84400390.6301948
84407256.20948021
84414122.34724839
84420989.04354511
84427856.29841566
84434724.11190544
84441592.48405993
84448461.41492437
84455330.90454456
84462200.9529658
84469071.56023334
84475942.72639301
84482814.4514901
84489686.7355699
84496559.5786782
84503432.98086035
84510306.94216163
84517181.46262786
84524056.54230437
84530932.18123662
84537808.37946998
84544685.13705024
84551562.45402275
84558440.33043303
84565318.76632638
84572197.76174869
84579077.31674528
84585957.43136151
84592838.10564323
84599719.33963582
84606601.13338462
84613483.4869355
84620366.40033384
84627249.873625
84634133.90685488
84641018.50006886
84647903.65331246
84654789.36663127
84661675.64007068
84668562.47367656
84675449.86749433
84682337.8215694
84689226.33594766
84696115.41067454
84703005.04579544
84709895.24135628
84716785.9974025
84723677.3139795
84730569.19113323
84737461.62890911
84744354.6273526
84751248.18650961
84758142.3064256
84765036.9871462
84771932.228717
84778828.03118347
84785724.39459157
84792621.31898677
84799518.80441453
84806416.85092081
84813315.45855111
84820214.62735087
84827114.35736611
84834014.6486423
84840915.50122492
84847816.91515999
84854718.89049298
84861621.42726956
84868524.52553526
84875428.18533605
84882332.40671746
84889237.18972519
84896142.53440472
84903048.44080211
84909954.90896288
84916861.93893252
84923769.53075711
84930677.68448217
84937586.40015325
84944495.67781639
84951405.51751713
84958315.91930103
84965226.88321415
84972138.40930204
84979050.49761043
84985963.14818509
84992876.36107153
84999790.13631587
85006704.47396366
85013619.37406051
85020534.8366525
85027450.8617852
85034367.44950421
85041284.59985565
85048202.31288509
85055120.58863816
85062039.42716095
85068958.82849908
85075878.79269816
85082799.31980433
85089720.40986317
85096642.06292053
85103564.27902216
85110487.05821371
85117410.40054134
85124334.30605066
85131258.7747873
85138183.80679747
85145109.40212679
85152035.5608209
85158962.28292601
85165889.56848772
85172817.41755174
85179745.83016422
85186674.80637087
85193604.3462175
85200534.4497498
85207465.11701396
85214396.34805569
85221328.14292082
85228260.50165506
85235193.4243046
85242126.91091518
85249060.96153246
85255995.5762027
85262930.7549716
85269866.49788484
85276802.80498871
85283739.6763289
85290677.11195114
85297615.11190169
85304553.67622626
85311492.80497077
85318432.49818113
85325372.7559031
85332313.57818294
85339254.96506637
85346196.91659918
85353139.43282765
85360082.51379752
85367026.15955457
85373970.37014508
85380915.14561483
85387860.4860096
85394806.39137569
85401752.86175887
85408699.89720494
85415647.4977602
85422595.66347048
85429544.39438172
85436493.69053991
85443443.55199084
85450393.97878087
85457344.97095577
85464296.52856141
85471248.6516441
85478201.34024967
85485154.59442395
85492108.4142133
85499062.79966356
85506017.75082055
85512973.26773065
85519929.35043971
85526885.99899374
85533843.21343862
85540800.9938207
85547759.34018587
85554718.25258015
85561677.73104942
85568637.77564007
85575598.38639799
85582559.56336904
85589521.30659965
85596483.61613569
85603446.49202307
85610409.93430819
85617373.94303694
85624338.51825526
85631303.66000956
85638269.36834575
85645235.64330992
85652202.48494816
85659169.8933064
85666137.86843108
85673106.41036813
85680075.51916349
85687045.19486362
85694015.43751444
85700986.24716192
85707957.62385254
85714929.56763221
85721902.07854693
85728875.15664314
85735848.80196685
85742823.01456398
85749797.79448105
85756773.14176404
85763749.0564591
85770725.53861237
85777702.58826984
85784680.20547804
85791658.39028294
85798637.14273056
85805616.46286741
85812596.3507395
85819576.80639282
85826557.82987393
85833539.42122883
85840521.58050355
85847504.30774464
85854487.60299811
85861471.46631017
85868455.89772686
85875440.89729474
85882426.46505986
85889412.60106844
85896399.3053665
85903386.57800065
85910374.41901693
85917362.82846141
85924351.80638067
85931341.3528208
85938331.46782783
85945322.1514484
85952313.40372856
85959305.22471441
85966297.61445257
85973290.5729891
85980284.1003703
85987278.19664243
85994272.86185159
86001268.09604442
86008263.899267
86015260.27156548
86022257.21298648
86029254.72357613
86036252.80338055
86043251.45244639
86050250.67081979
86057250.45854688
86064250.81567432
86071251.74224827
86078253.23831485
86085255.30392076
86092257.93911214
86099261.14393532
86106264.91843666
86113269.2626623
86120274.17665896
86127279.66047278
86134285.71414997
86141292.33773722
86148299.53128071
86155307.29482663
86162315.62842171
86169324.53211212
86176334.00594409
86183344.04996434
86190354.66421907
86197365.84875464
86204377.60361733
86211389.92885382
86218402.82451038
86225416.29063337
86232430.32726905
86239444.93446416
86246460.11226495
86253475.86071765
86260492.17986904
86267509.06976537
86274526.53045288
86281544.56197837
86288563.16438808
86295582.33772828
86302602.08204576
86309622.3973868
86316643.28379785
86323664.74132535
86330686.7700156
86337709.36991541
86344732.54107106
86351756.28352883
86358780.59733558
86365805.4825376
86372830.93918116
86379856.96731316
86386883.56697984
86393910.73822756
86400938.48110317
86407966.79565297
86414995.68192331
86422025.13996103
86429055.16981247
86436085.77152415
86443116.94514258
86450148.69071412
86457181.00828563
86464213.89790347
86471247.359614
86478281.39346412
86485315.99950017
86492351.17776853
86499386.9283161
86506423.25118926
86513460.1464344
86520497.61409841
86527535.65422769
86534574.26686881
86541613.45206815
86548653.20987266
86555693.54032873
86562734.44348292
86569775.91938168
86576817.96807194
86583860.5896001
86590903.7840126
86597947.55135639
86604991.8916779
86612036.80502355
86619082.29144032
86626128.35097465
86633174.98367298
86640222.18958229
86647269.96874902
86654318.32121982
86661367.2470413
86668416.74625996
86675466.81892276
86682517.4650762
86689568.68476672
86696620.47804135
86703672.84494658
86710725.78552888
86717779.29983528
86724833.38791227
86731888.04980634
86738943.28556451
86745999.09523332
86753055.47885925
86760112.43648936
86767169.96817014
86774228.07394831
86781286.75387056
86788346.00798342
86795405.83633395
86802466.23896869
86809527.21593417
86816588.76727746
86823650.89304513
86830713.5932837
86837776.86804026
86844840.71736139
86851905.14129363
86858970.13988408
86866035.71317932
86873101.86122608
86880168.58407095
86887235.88176104
86894303.75434293
86901372.2018634
86908441.224369
86915510.8219069
86922580.99452369
86929651.74226595
86936723.06518084
86943794.96331497
86950867.43671495
86957940.48542792
86965014.10950051
86972088.30897936
86979163.08391161
86986238.43434389
86993314.36032304
87000390.86189586
87007467.939109
87014545.59200962
87021623.82064441
87028702.62505999
87035782.00530358
87042861.96142182
87049942.4934614
87057023.6014695
87064105.28549282
87071187.54557802
87078270.38177231
87085353.7941224
87092437.78267497
87099522.34747723
87106607.48857589
87113693.20601784
87120779.49984995
87127866.37011893
87134953.81687203
87142041.84015596
87149130.44001745
87156219.61650375
87163309.36966158
87170399.6995377
87177490.60617934
87184582.08963329
87191674.14994623
87198766.7871655
87205860.0013378
87212953.7925101
87220048.16072915
87227143.10604224
87234238.62849613
87241334.72813778
87248431.40501395
87255528.65917197
87262626.49065861
87269724.89952065
87276823.88580541
87283923.44955972
87291023.59083033
87298124.30966459
87305225.6061093
87312327.48021129
87319429.93201788
87326532.9615759
87333636.56893234
87340740.75413421
87347845.51722832
87354950.85826206
87362056.77728224
87369163.27433571
87376270.34946986
87383378.0027315
87390486.23416752
87397595.04382527
87404704.43175164
87411814.39799348
87418924.94259818
87426036.06561263
87433147.76708367
87440260.04705875
87447372.90558472
87454486.34270866
87461600.35847764
87468714.95293851
87475830.12613876
87482945.87812525
87490062.2089449
87497179.11864515
87504296.6072729
87511414.67487508
87518533.32149912
87525652.54719198
87532772.35200055
87539892.73597232
87547013.69915421
87554135.24159333
87561257.36333664
87568380.06443162
87575503.3449252
87582627.20486452
87589751.64429654
87596876.66326876
87604002.26182814
87611128.44002165
87618255.1978968
87625382.53550054
87632510.45287989
87639638.95008235
87646768.0271549
87653897.68414453
87661027.92109878
87668158.73806466
87675290.13508934
87682422.11222
87689554.66950366
87696687.80698785
87703821.52471961
87710955.82274596
87718090.70111446
87725226.15987213
87732362.199066
87739498.81874366
87746636.01895215
87753773.7997385
87760912.16115029
87768051.1032346
87775190.62603846
87782330.72960949
87789471.41399474
87796612.67924145
87803754.52539688
87810896.9525081
87818039.96062274
87825183.54978788
87832327.72005059
87839472.4714585
87846617.80405872
87853763.71789834
87860910.21302499
87868057.28948578
87875204.94732784
87882353.1865988
87889502.00734578
87896651.40961608
87903801.39345685
87910951.95891571
87918103.10603982
87925254.83487651
87932407.14547288
87939560.03787665
87946713.51213495
87953867.56829494
87961022.20640431
87968177.42651021
87975333.22865981
87982489.61290082
87989646.57928042
87996804.12784576
88003962.25864458
88011120.97172405
88018280.26713154
88025440.1449144
88032600.60511985
88039761.64779563
88046923.27298893
88054085.48074695
88061248.27111745
88068411.64414762
88075575.5998847
88082740.13837646
88089905.2596701
88097070.96381284
88104237.2508525
88111404.12083626
88118571.5738114
88125739.60982567
88132908.22892635
88140077.43116085
88147247.21657662
88154417.5852209
88161588.53714152
88168760.07238573
88175932.19100079
88183104.89303453
88190278.17853422
88197452.04754716
88204626.50012116
88211801.5363035
88218977.1561415
88226153.35968299
88233330.14697525
88240507.5180658
88247685.47300191
88254864.01183146
88262043.13460177
88269222.84136033
88276403.13215446
88283584.00703204
88290765.46604039
88297947.50922686
88305130.13663933
88312313.34832513
88319497.14433162
88326681.52470669
88333866.48949769
88341052.03875197
88348238.17251746
88355424.89084151
88362612.19377169
88369800.08135553
88376988.55364041
88384177.61067426
88391367.25250448
88398557.47917844
88405748.2907441
88412939.68724883
88420131.66874003
88427324.23526567
88434517.38687316
88441711.12360989
88448905.44552383
88456100.3526624
88463295.84507303
88470491.92280369
88477688.5859018
88484885.83441499
88492083.66839087
88499282.0878769
88506481.09292106
88513680.6835708
88520880.85987358
88528081.6218774
88535282.96962972
88542484.903178
88549687.42257029
88556890.52785401
88564094.2190767
88571298.49628632
88578503.3595304
88585708.80885659
88592914.84431241
88600121.46594588
88607328.6738045
88614536.46793598
88621744.8483878
88628953.81520802
88636163.36844417
88643373.50814378
88650584.2343549
88657795.54712507
88665007.4465018
88672219.93253322
88679433.00526682
88686646.66475014
88693860.91103132
88701075.74415788
88708291.16417757
88715507.17113812
88722723.7650871
88729940.94607261
88737158.71414223
88744377.06934354
88751596.01172467
88758815.54133318
88766035.65821667
88773256.36242327
88780477.65400058
88787699.53299621
88794921.99945828
88802145.05343442
88809368.69497222
88816592.92411985
88823817.74092492
88831043.14543524
88838269.13769864
88845495.7177627
88852722.88567564
88859950.64148507
88867178.98523864
88874407.91698454
88881637.43677042
88888867.54464395
88896098.2406533
88903329.52484615
88910561.39727016
88917793.85797353
88925026.90700395
88932260.54440929
88939494.77023719
88946729.58453591
88953964.98735313
88961200.97873673
88968437.55873439
88975674.72739436
88982912.48476434
88990150.83089204
88997389.76582573
89004629.28961311
89011869.40230191
89019110.10394037
89026351.39457625
89033593.27425726
89040835.7430317
89048078.80094728
89055322.44805194
89062566.68439361
89069811.51002003
89077056.92497952
89084302.92931981
89091549.52308868
89098796.70633444
89106044.47910485
89113292.84144768
89120541.79341128
89127791.3350434
89135041.46639183
89142292.18750493
89149543.49843046
89156795.39921623
89164047.8899106
89171300.97056136
89178554.64121649
89185808.901924
89193063.7527317
89200319.19368795
89207575.2248406
89214831.84623744
89222089.05792688
89229346.85995674
89236605.25237486
89243864.23522963
89251123.8085689
89258383.97244051
89265644.72689289
89272906.07197386
89280168.0077315
89287430.53421365
89294693.65146874
89301957.35954465
89309221.65848942
89316486.54835096
89323752.02917768
89331018.10101748
89338284.76391825
89345552.01792844
89352819.86309595
89360088.29946868
89367357.32709509
89374626.94602309
89381897.1563006
89389167.9579761
89396439.35109751
89403711.33571292
89410983.91187046
89418257.07961808
89425530.83900425
89432805.19007692
89440080.13288404
89447355.6674741
89454631.79389508
89461908.51219492
89469185.82242213
89476463.7246247
89483742.21885058
89491021.30514829
89498300.98356584
89505581.25415117
89512862.11695285
89520143.57201886
89527425.61939737
89534708.25913659
89541991.49128449
89549275.31588964
89556559.73300004
89563844.74266373
89571130.34492925
89578416.53984465
89585703.32745792
89592990.70781766
89600278.68097192
89607567.2469687
89614856.40585662
89622146.15768373
89629436.50249824
89636727.44034822
89644018.97128227
89651311.09534846
89658603.81259502
89665897.12307003
89673191.02682212
89680485.52389936
89687780.61434984
89695076.29822218
89702372.57556447
89709669.44642481
89716966.91085185
89724264.96889368
89731563.62059842
89738862.8660147
89746162.70519067
89753463.1381746
89760764.1650148
89768065.7857594
89775368.00045708
89782670.80915597
89789974.2119042
89797278.20875046
89804582.7997429
89811887.98492967
89819193.76435946
89826500.13808043
89833807.10614075
89841114.66858912
89848422.82547371
89855731.5768427
89863040.9227448
89870350.8632282
89877661.39834127
89884972.52813236
89892284.2526497
89899596.571942
89906909.48605746
89914222.9950443
89921537.09895128
89928851.79782659
89936167.09171845
89943482.98067564
89950799.46474636
89958116.54397887
89965434.21842192
89972752.48812376
89980071.35313281
89987390.8134973
89994710.86926605
90002031.5204873
90009352.76720946
90016674.60948083
90023997.0473502
90031320.08086583
90038643.710076
90045967.93502954
90053292.7557747
90060618.17235981
90067944.18483366
90075270.79324456
90082597.9976408
90089925.79807122
90097254.19458413
90104583.18722802
90111912.77605139
90119242.96110253
90126573.74243031
90133905.12008308
90141237.09410913
90148569.66455737
90155902.8314761
90163236.59491369
90170570.954919
90177905.9115404
90185241.46482621
90192577.61482537
90199914.36158621
90207251.70515709
90214589.64558694
90221928.18292412
90229267.31721719
90236607.0485147
90243947.37686501
90251288.30231711
90258629.82491936
90265971.94472013
90273314.6617684
90280657.97611254
90288001.88780099
90295346.39688268
90302691.50340602
90310037.20741944
90317383.50897191
90324730.40811186
90332077.90488787
90339425.99934839
90346774.6915424
90354123.98151837
90361473.8693249
90368824.35501042
90376175.43862395
90383527.12021397
90390879.3998289
90398232.27751777
90405585.75332905
90412939.8273112
90420294.49951327
90427649.76998371
90435005.63877101
90442362.10592423
90449719.17149183
90457076.8355225
90464435.09806493
90471793.9591676
90479153.4188796
90486513.47724941
90493874.13432556
90501235.39015713
90508597.24479263
90515959.69828057
90523322.75067006
90530686.4020096
90538050.65234777
90545415.50173365
90552780.95021576
90560146.99784267
90567513.64466348
90574880.89072676
90582248.73608124
90589617.18077569
90596986.22485866
90604355.86837928
90611726.11138612
90619096.95392777
90626468.39605339
90633840.43781152
90641213.0792508
90648586.32042035
90655960.16136879
90663334.6021447
90670709.64279726
90678085.2833751
90685461.52392699
90692838.36450155
90700215.80514799
90707593.8459149
90714972.48685113
90722351.7280053
90729731.56942661
90737112.0111637
90744493.0532652
90751874.69578035
90759256.93875779
90766639.78224619
90774023.22629474
90781407.27095215
90788791.91626705
90796177.16228871
90803563.00906578
90810949.45664713
90818336.50508165
90825724.15441802
90833112.4047055
90840501.25599277
90847890.70832855
90855280.7617621
90862671.41634214
90870062.67211737
90877454.52913706
90884846.98744996
90892240.04710478
90899633.70815079
90907027.97063676
90914422.8346114
90921818.30012403
90929214.36722338
90936611.0359584
90944008.30637802
90951406.178531
90958804.65246668
90966203.7282338
90973603.40588114
90981003.68545802
90988404.56701325
90995806.05059557
91003208.13625436
91010610.82403839
91018014.11399646
91025418.00617793
91032822.5006316
91040227.59740645
91047633.2965513
91055039.59811553
91062446.50214796
91069854.00869757
91077262.11781321
91084670.82954428
91092080.14393957
91099490.06104796
91106900.58091882
91114311.70360102
91121723.4291434
91129135.75759536
91136548.68900579
91143962.22342351
91151376.36089797
91158791.10147806
91166206.44521278
91173622.39215125
91181038.94234233
91188456.09583546
91195873.85267954
91203292.21292344
91210711.17661664
91218130.74380805
91225550.91454655
91232971.68888162
91240393.06686218
91247815.04853714
91255237.63395597
91262660.8231676
91270084.61622098
91277509.0131656
91284934.01405036
91292359.61892442
91299785.82783692
91307212.64083678
91314640.05797352
91322068.07929611
91329496.7048535
91336925.93469524
91344355.76887026
91351786.20742756
91359217.25041667
91366648.89788657
91374081.14988624
91381514.00646524
91388947.46767256
91396381.53355737
91403816.20416868
91411251.47955607
91418687.35976852
91426123.84485526
91433560.9348653
91440998.6298482
91448436.92985299
91455875.83492872
91463315.34512497
91470755.46049078
91478196.18107519
91485637.5069278
91493079.43809767
91500521.97463384
91507965.11658594
91515408.86400302
91522853.21693432
91530298.17542914
91537743.73953651
91545189.90930608
91552636.68478695
91560084.06602816
91567532.05307941
91574980.64598976
91582429.84480833
91589879.64958476
91597330.06036817
91604781.07720765
91612232.7001529
91619684.92925303
91627137.76455714
91634591.20611493
91642045.25397554
91649499.90818827
91656955.16880246
91664411.03586724
91671867.50943233
91679324.58954686
91686782.27625999
91694240.56962144
91701699.46968038
91709158.97648597
91716619.09008792
91724079.81053543
91731541.13787766
91739003.07216436
91746465.61344472
91753928.7617681
91761392.5171837
91768856.8797413
91776321.84949008
91783787.42647941
91791253.61075854
91798720.40237723
91806187.80138469
91813655.80783014
91821124.42176339
91828593.64323364
91836063.47229013
91843533.90898266
91851004.9533605
91858476.60547285
91865948.86536954
91873421.73309983
91880895.20871316
91888369.29225898
91895843.98378654
91903319.28334568
91910795.1909857
91918271.70675583
91925748.83070594
91933226.56288533
91940704.90334325
91948183.8521296
91955663.40929362
91963143.57488467
91970624.34895259
91978105.73154669
91985587.72271629
91993070.32251126
92000553.53098091
92008037.3481748
92015521.7741424
92023006.80893305
92030492.45259668
92037978.7051826
92045465.56674017
92052953.0373193
92060441.11696933
92067929.80573964
92075419.10368015
92082909.0108402
92090399.5272692
92097890.65301706
92105382.38813315
92112874.73266707
92120367.68666819
92127861.25018644
92135355.42327125
92142850.2059722
92150345.59833865
92157841.60042062
92165338.2122675
92172835.4339287
92180333.2654542
92187831.70689344
92195330.75829583
92202830.41971137
92210330.69118948
92217831.57277961
92225333.06453176
92232835.16649538
92240337.87872012
92247841.2012556
92255345.13415128
92262849.6774572
92270354.83122283
92277860.59549761
92285366.97033161
92292873.95577429
92300381.55187514
92307889.7586842
92315398.57625099
92322908.00462496
92330418.0438562
92337928.69399421
92345439.9550885
92352951.82718912
92360464.3103456
92367977.40460767
92375491.11002502
92383005.42664716
92390520.35452421
92398035.8937057
92405552.04424115
92413068.80618069
92420586.17957386
92428104.16447021
92435622.76091985
92443141.96897236
92450661.78867728
92458182.22008474
92465703.26324435
92473224.91820583
92480747.18501876
92488270.06373332
92495793.55439909
92503317.65706582
92510842.37178312
92518367.69860117
92525893.63756956
92533420.1887379
92540947.35215636
92548475.12787457
92556003.51594213
92563532.51640923
92571062.12932551
92578592.3547406
92586123.1927047
92593654.64326745
92601186.70647867
92608719.38238822
92616252.67104572
92623786.57250142
92631321.08680497
92638856.21400602
92646391.95415482
92653928.30730104
92661465.27349435
92669002.852785
92676541.04522267
92684079.85085706
92691619.2697384
92699159.30191644
92706699.94744082
92714241.20636183
92721783.0787292
92729325.5645928
92736868.66400255
92744412.37700818
92751956.70365997
92759501.64400764
92767047.19810094
92774593.36599016
92782140.14772506
92789687.54335535
92797235.55293137
92804784.17650288
92812333.41411962
92819883.26583192
92827433.73168954
92834984.81174245
92842536.50604042
92850088.81463379
92857641.73757234
92865195.27490605
92872749.4266847
92880304.19295868
92887859.57377775
92895415.56919172
92902972.17925097
92910529.4040053
92918087.24350455
92925645.69779907
92933204.7669387
92940764.45097327
92948324.74995317
92955885.66392823
92963447.19294848
92971009.33706395
92978572.09632449
92986135.47078052
92993699.46048188
93001264.06547844
93008829.28582063
93016395.12155832
93023961.57274137
93031528.63942023
93039096.32164477
93046664.61946487
93054233.532931
93061803.06209305
93069373.2070009
93076943.96770501
93084515.34425531
93092087.33670188
93099659.94509482
93107233.16948405
93114807.00992006
93122381.46645276
93129956.5391321
93137532.22800855
93145108.53313208
93152685.45455259
93160262.99232061
93167841.1464861
93175419.917099
93182999.30420983
93190579.30786856
93198159.92812534
93205741.16503012
93213323.01863347
93220905.48898534
93228488.57613593
93236072.2801352
93243656.6010337
93251241.53888145
93258827.09372842
93266413.26562521
93274000.05462179
93281587.4607682
93289175.48411497
93296764.12471218
93304353.38260981
93311943.25785848
93319533.7505082
93327124.8606092
93334716.58821172
93342308.93336576
93349901.89612196
93357495.47653039
93365089.67464107
93372684.49050465
93380279.92417118
93387875.97569072
93395472.64511393
93403069.93249086
93410667.8378716
93418266.3613068
93425865.50284654
93433465.26254112
93441065.6404406
93448666.63659568
93456268.25105645
93463870.4838732
93471473.33509605
93479076.80477569
93486680.8929622
93494285.59970576
93501890.92505704
93509496.86906615
93517103.43178326
93524710.61325906
93532318.4135437
93539926.83268732
93547535.87074064
93555145.52775383
93562755.80377723
93570366.6988612
93577978.21305588
93585590.34641205
93593203.09897986
93600816.4708095
93608430.46195173
93616045.07245675
93623660.3023747
93631276.1517564
93638892.62065202
93646509.70911178
93654127.41718645
93661745.74492626
93669364.6923814
93676984.25960268
93684604.44664033
93692225.25354475
93699846.68036637
93707468.72715542
93715091.39396273
93722714.68083854
93730338.58783309
93737963.11499722
93745588.26238117
93753214.03003521
93760840.41801018
93768467.42635635
93776095.05512397
93783723.30436394
93791352.17412649
93798981.66446212
93806611.77542113
93814242.50705436
93821873.85941213
93829505.83254492
93837138.42650305
93844771.6413374
93852405.47709826
93860039.93383598
93867675.01160145
93875310.71044497
93882947.0304169
93890583.97156815
93898221.53394905
93905859.71760993
93913498.52260172
93921137.94897479
93928777.99677965
93936418.66606687
93944059.95688683
93951701.86929044
93959344.40332809
93966987.55905016
93974631.33650759
93982275.73575076
93989920.75683008
93997566.3997965
94005212.66470042
94012859.55159225
94020507.06052294
94028155.19154294
94035803.94470263
94043453.320053
94051103.31764449
94058753.93752772
94066405.17975329
94074057.04437165
94081709.53143379
94089362.64099018
94097016.37309124
94104670.72778802
94112325.70513093
94119981.30517049
94127637.5279577
94135294.37354301
94142951.84197691
94150609.93331046
94158268.64759412
94165927.98487858
94173587.94521432
94181248.5286524
94188909.7352433
94196571.56503776
94204234.01808622
94211897.09443982
94219560.79414903
94227225.11726439
94234890.06383698
94242555.63391733
94250221.82755597
94257888.644804
94265556.08571196
94273224.15033038
94280892.8387104
94288562.15090255
94296232.0869576
94303902.64692627
94311573.83085912
94319245.63880731
94326918.0708214
94334591.12695196
94342264.80725016
94349939.11176655
94357614.04055174
94365289.59365688
94372965.77113257
94380642.57302943
94388319.99939859
94395998.0502907
94403676.72575635
94411356.02584672
94419035.95061246
94426716.50010434
94434397.67437322
94442079.47346972
94449761.89744504
94457444.94634981
94465128.6202347
94472812.91915092
94480497.84314913
94488183.39227997
94495869.56659468
94503556.36614393
94511243.79097839
94518931.84114929
94526620.51670733
94534309.81770337
94541999.74418809
94549690.29621276
94557381.47382808
94565073.27708493
94572765.70603402
94580458.76072662
94588152.44121344
94595846.7475452
94603541.6797732
94611237.23794813
94618933.42212075
94626630.23234236
94634327.66866368
94642025.73113546
94649724.41980901
94657423.7347351
94665123.67596464
94672824.2435486
94680525.43753771
94688227.25798336
94695929.70493627
94703632.77844723
94711336.47856759
94719040.80534813
94726745.75883962
94734451.33909346
94742157.54616041
94749864.38009128
94757571.84093744
94765279.9287497
94772988.64357886
94780697.98547632
94788407.95449288
94796118.55067958
94803829.77408743
94811541.62476723
94819254.10277043
94826967.20814784
94834680.94095032
94842395.30122927
94850110.28903556
94857825.90442005
94865542.14743415
94873259.01812874
94880976.51655468
94888694.64276342
94896413.39680584
94904132.778733
94911852.7885958
94919573.42644568
94927294.69233356
94935016.5863105
94942739.10842742
94950462.25873579
94958186.03728653
94965910.44413054
94973635.47931932
94981361.14290379
94989087.43493485
94996814.35546406
95004541.90454231
95012270.08222054
95019998.8885503
95027728.3235825
95035458.38736829
95043189.07995883
95050920.40140507
95058652.35175854
95066384.93107021
95074118.13939106
95081851.97677265
95089586.44326594
95097321.53892191
95105057.26379214
95112793.61792761
95120530.60137933
95128268.21419886
95136006.45643722
95143745.32814538
95151484.82937498
95159224.960177
95166965.72060269
95174707.11070323
95182449.13052966
95190191.78013359
95197935.05956607
95205678.9688781
95213423.50812137
95221168.67734687
95228914.47660568
95236660.90594944
95244407.9654292
95252155.65509602
95259903.97500157
95267652.92519692
95275402.50573331
95283152.71666186
95290903.55803421
95298655.02990147
95306407.13231492
95314159.86532564
95321913.22898535
95329667.22334515
95337421.84845611
95345177.10436997
95352932.99113783
95360689.50881082
95368446.65744065
95376204.43707843
95383962.84777533
95391721.88958305
95399481.56255274
95407241.86673573
95415002.80218339
95422764.36894685
95430526.56707788
95438289.39662763
95446052.85764727
95453816.95018855
95461581.67430265
95469347.03004076
95477113.01745464
95484879.63659547
95492646.88751447
95500414.7702634
95508183.28489347
95515952.43145588
95523722.21000244
95531492.62058434
95539263.66325301
95547035.33805987
95554807.64505613
95562580.58429362
95570354.15582356
95578128.35969721
95585903.19596638
95593678.66468233
95601454.7658963
95609231.49966015
95617008.86602512
95624786.86504248
95632565.49676408
95640344.76124121
95648124.65852532
95655905.1886677
95663686.35172021
95671468.14773417
95679250.57676104
95687033.63885212
95694817.3340593
95702601.66243389
95710386.62402721
95718172.21889113
95725958.44707699
95733745.30863613
95741532.80362041
95749320.93208121
95757109.69406985
95764899.08963825
95772689.11883774
95780479.78171991
95788271.07833625
95796063.00873815
95803855.57297754
95811648.77110581
95819442.6031743
95827237.06923498
95835032.16933924
95842827.90353844
95850624.27188455
95858421.27442898
95866218.9112231
95874017.18231891
95881816.08776782
95889615.62762122
95897415.80193111
95905216.61074892
95913018.05412623
95920820.1321147
95928622.84476571
95936426.19213131
95944230.17426294
95952034.79121204
95959840.0430306
95967645.92977013
95975452.45148203
95983259.60821837
95991067.40003061
95998875.8269702
96006684.88908921
96014494.5864391
96022304.91907157
96030115.88703807
96037927.49039069
96045739.7291809
96053552.60346043
96061366.11328074
96069180.25869393
96076995.03975153
96084810.45650502
96092626.50900652
96100443.19730753
96108260.5214596
96116078.48151483
96123897.07752474
96131716.3095409
96139536.1776154
96147356.68179981
96155177.82214588
96162999.59870534
96170822.01152974
96178645.06067125
96186468.74618143
96194293.06811184
96202118.02651465
96209943.62144145
96217769.8529438
96225596.72107388
96233424.22588329
96241252.36742362
96249081.14574707
96256910.5609052
96264740.61294967
96272571.30193265
96280402.62790576
96288234.59092082
96296067.19102965
96303900.42828389
96311734.30273575
96319568.81443685
96327403.96343885
96335239.74979399
96343076.1735539
96350913.23477025
96358750.93349528
96366589.26978067
96374428.24367805
96382267.8552397
96390108.1045173
96397948.99156271
96405790.51642762
96413632.67916432
96421475.47982448
96429318.91846001
96437162.99512261
96445007.70986454
96452853.06273755
96460699.05379334
96468545.6830842
96476392.95066187
96484240.85657807
96492089.40088512
96499938.58363473
96507788.40487868
96515638.86466928
96523489.96305826
96531341.7000976
96539194.07583924
96547047.0903349
96554900.743637
96562755.03579727
96570609.96686748
96578465.53689998
96586321.7459466
96594178.59405908
96602036.08128983
96609894.20769061
96617752.97331323
96625612.3782101
96633472.42243299
96641333.10603374
96649194.42906475
96657056.39157781
96664918.99362499
96672782.23525825
96680646.11652946
96688510.63749106
96696375.79819486
96704241.59869269
96712108.03903702
96719975.1192797
96727842.83947256
96735711.19966808
96743580.1999181
96751449.84027451
96759320.12078977
96767191.04151574
96775062.6025045
96782934.80380794
96790807.64547856
96798681.12756824
96806555.25012907
96814430.01321295
96822305.4168724
96830181.46115929
96838058.14612557
96845935.47182374
96853813.43830572
96861692.04562345
96869571.29382944
96877451.18297563
96885331.71311396
96893212.88429697
96901094.6965766
96908977.150005
96916860.24463435
96924743.98051657
96932628.35770425
96940513.37624934
96948399.03620383
96956285.33762029
96964172.28055069
96972059.86504702
96979948.09116186
96987836.95894723
96995726.46845509
97003616.61973807
97011507.41284816
97019398.84783739
97027290.92475833
97035183.64366305
97043077.00460374
97050971.00763263
97058865.65280177
97066760.94016378
97074656.86977069
97082553.44167456
97090450.65592803
97098348.51258315
97106247.011692
97114146.1533072
97122045.93748085
97129946.36426501
97137847.43371233
97145749.14587492
97153651.50080505
97161554.4985548
97169458.13917686
97177362.42272334
97185267.34924652
97193172.91879852
97201079.13143204
97208985.98719919
97216893.48615208
97224801.62834343
97232710.4138254
97240619.84265006
97248529.91487019
97256440.6305379
97264351.98970535
97272263.99242528
97280176.63874984
97288089.92873137
97296003.86242224
97303918.43987462
97311833.66114126
97319749.52627435
97327666.03532606
97335583.18834917
97343500.98539585
97351419.4265183
97359338.51176932
97367258.24120109
97375178.61486582
97383099.63281633
97391021.2951048
97398943.60178345
97406866.55290513
97414790.14852202
97422714.38868658
97430639.27345122
97438564.80286819
97446490.97699031
97454417.79586983
97462345.25955902
97470273.3681107
97478202.12157716
97486131.52001062
97494061.56346399
97501992.2519895
97509923.58563946
97517855.56446671
97525788.18852356
97533721.45786248
97541655.37253578
97549589.93259634
97557525.13809647
97565460.98908864
97573397.4856252
97581334.62775905
97589272.4155425
97597210.84902787
97605149.92826809
97613089.65331547
97621030.02422237
97628971.04104173
97636912.70382588
97644855.01262715
97652797.96749851
97660741.56849232
97668685.81566112
97676630.7090575
97684576.24873379
97692522.43474299
97700469.26713747
97708416.74596961
97716364.8712924
97724313.64315821
97732263.06161946
97740213.12672913
97748163.83853963
97756115.19710335
97764067.20247333
97772019.85470195
97779973.15384166
97787927.09994546
97795881.69306579
97803836.93325529
97811792.82056656
97819749.35505208
97827706.53676488
97835664.3657574
97843622.84208211
97851581.96579206
97859541.7369397
97867502.15557753
97875463.22175857
97883424.93553534
97891387.2969603
97899350.30608653
97907313.96296652
97915278.26765296
97923243.22019835
97931208.8206558
97939175.06907779
97947141.96551704
97955109.51002608
97963077.70265801
97971046.54346536
97979016.03250065
97986986.16981702
97994956.95546699
98002928.38950309
98010900.4719785
98018873.20294572
98026846.58245735
98034820.61056653
98042795.2873258
98050770.61278795
98058746.58700572
98066723.21003172
98074700.4819191
98082678.40272045
98090656.97248836
98098636.19127601
98106616.05913602
98114596.57612096
98122577.74228404
98130559.55767788
98138542.02235508
98146525.13636887
98154508.89977184
98162493.31261665
98170478.37495652
98178464.08684406
98186450.44833215
98194437.45947358
98202425.12032104
98210413.43092775
98218402.3913464
98226392.00162962
98234382.26183067
98242373.17200226
98250364.732197
98258356.94246821
98266349.80286856
98274343.31345074
98282337.47426802
98290332.28537312
98298327.74681892
98306323.85865812
98314320.62094404
98322318.03372937
98330316.09706706
98338314.8110098
98346314.17561091
98354314.19092315
98362314.85699923
98370316.17389248
98378318.14165565
98386320.7603415
98394324.03000335
98402327.95069398
98410332.52246612
98418337.74537317
98426343.61946787
98434350.1448032
98442357.32143211
98450365.14940743
98458373.62878251
98466382.75961013
98474392.54194312
98482402.97583483
98490414.06133811
98498425.79850572
98506438.1873911
98514451.22804706
98522464.92052642
98530479.26488258
98538494.26116839
98546509.90943667
98554526.20974088
98562543.16213381
98570560.76666856
98578579.02339815
98586597.93237543
98594617.49365388
98602637.70728633
98610658.57332566
98618680.09182535
98626702.26283827
98634725.08641729
98642748.5626159
98650772.691487
98658797.47308345
98666822.90745877
98674848.99466586
98682875.73475781
98690903.12778755
98698931.17380857
98706959.87287381
98714989.22503638
98723019.23034921
98731049.88886584
98739081.20063919
98747113.16572219
98755145.7841684
98763179.05603078
98771212.98136227
98779247.56021641
98787282.79264618
98795318.67870454
98803355.21844508
98811392.41192074
98819430.25918472
98827468.76029019
98835507.91529013
98843547.72423816
98851588.18718725
98859629.30419043
98867671.07530127
98875713.50057279
98883756.58005801
98891800.31381054
98899844.7018834
98907889.74432963
98915935.44120285
98923981.79255609
98932028.79844241
98940076.45891541
98948124.7740282
98956173.74383397
98964223.368386
98972273.64773737
98980324.58194172
98988376.17105213
98996428.41512167
99004481.31420402
99012534.86835226
99020589.07761948
99028643.94205937
99036699.46172503
99044755.63666953
99052812.46694662
99060869.95260938
99068928.09371112
99076986.89030498
99085046.34244466
99093106.4501833
99101167.21357422
99109228.63267054
99117290.70752603
99125353.43819381
99133416.82472704
99141480.86717947
99149545.56560424
99157610.92005453
99165676.9305841
99173743.59724613
99181810.92009374
99189878.89918078
99197947.5345604
99206016.82628597
99214086.77441092
99222157.3789884
99230228.64007224
99238300.55771564
99246373.13197179
99254446.36289452
99262520.25053705
99270594.79495259
99278669.99619496
99286745.85431741
99294822.36937316
99302899.54141605
99310977.37049931
99319055.85667622
99327135.0000006
99335214.80052572
99343295.25830506
99351376.37339205
99359458.14583996
99367540.57570268
99375623.66303349
99383707.40788566
99391791.81031308
99399876.87036905
99407962.58810686
99416048.96358038
99424135.99684297
99432223.6879479
99440312.03694908
99448401.04389985
99456490.70885372
99464581.031864
99472672.01298465
99480763.65226898
99488855.94977054
99496948.90554266
99505042.51963931
99513136.79211383
99521231.72301956
99529327.31241047
99537423.56033994
99545520.46686134
99553618.03202862
99561716.25589517
99569815.13851437
99577914.67994021
99586014.88022609
99594115.73942558
99602217.2575923
99610319.43477964
99618422.27104163
99626525.76643166
99634629.92100316
99642734.73481014
99650840.20790605
99658946.34034428
99667053.1321789
99675160.58346334
99683268.69425103
99691377.46459603
99699486.8945518
99707596.98417176
99715707.73351002
99723819.14262001
99731931.2115554
99740043.9403699
99748157.32911694
99756271.37785064
99764386.08662446
99772501.4554919
99780617.48450707
99788734.17372344
99796851.52319455
99804969.53297448
99813088.20311676
99821207.5336749
99829327.52470303
99837448.17625466
99845569.48838353
99853691.46114317
99861814.09458773
99869937.38877074
99878061.34374598
99886185.95956695
99894311.23628785
99902437.17396222
99910563.77264363
99918691.03238626
99926818.95324367
99934947.53526944
99943076.77851775
99951206.68304221
99959337.24889639
99967468.4761345
99975600.36481012
99983732.91497707
99991866.12668917
100000000.0
