0.01
400.01799995999914
800.0259999199983
1200.0339998799975
1600.0419998399966
2000.0499997999957
2400.0579997599953
2800.065999719994
3200.0739996799934
3600.081999639993
4000.0899995999916
4400.097999559991
4800.10599951999
5200.11399947999
5600.121999439988
6000.129999399987
6400.137999359987
6800.145999319986
7200.153999279985
7600.161999239984
8000.169999199983
8400.177999159983
8800.185999119982
9200.19399907998
9600.20199903998
10000.209998999979
10400.217998959979
10800.225998919977
11200.233998879976
11600.241998839976
12000.249998799974
12400.257998759975
12800.265998719973
13200.273998679972
13600.281998639972
14000.28999859997
14400.29799855997
14800.305998519969
15200.313998479967
15600.321998439968
16000.329998399966
16400.337998359963
16800.345998319965
17200.353998279963
17600.36199823996
18000.36999819996
18400.37799815996
18800.38599811996
19200.39399807996
19600.401998039957
20000.409997999956
20400.417997959954
20800.425997919956
21200.433997879954
21600.441997839953
22000.44999779995
22400.45799775995
22800.46599771995
23200.47399767995
23600.48199763995
24000.489997599947
24400.497997559945
24800.505997519947
25200.513997479946
25600.521997439944
26000.529997399943
26400.53799735994
26800.545997319943
27200.55399727994
27600.56199723994
28000.56999719994
28400.577997159937
28800.58599711994
29200.593997079937
29600.601997039936
30000.609996999934
30400.617996959932
30800.625996919935
31200.633996879933
31600.64199683993
32000.64999679993
32400.65799675993
32800.66599671993
33200.67399667993
33600.681996639934
34000.68999659993
34400.69799655993
34800.70599651993
35200.71399647993
35600.72199643993
36000.729996399925
36400.73799635992
36800.74599631992
37200.75399627992
37600.761996239926
38000.769996199924
38400.77799615992
38800.78599611992
39200.79399607992
39600.80199603992
40000.809995999916
40400.817995959915
40800.82599591991
41200.83399587991
41600.84199583992
42000.849995799916
42400.857995759914
42800.86599571991
43200.87399567991
43600.88199563991
44000.88999559991
44400.897995559906
44800.905995519905
45200.9139954799
45600.92199543991
46000.92999539991
46400.937995359905
46800.945995319904
47200.9539952799
47600.9619952399
48000.9699951999
48400.9779951599
48800.985995119896
49200.993995079894
49601.0019950399
50001.0099949999
50401.0179949599
50801.025994919895
51201.033994879894
51601.04199483989
52001.04999479989
52401.05799475989
52801.06599471989
53201.07399467989
53601.08199463989
54001.08999459989
54401.09799455989
54801.10599451989
55201.113994479885
55601.12199443988
56001.12999439988
56401.13799435988
56801.14599431988
57201.153994279885
57601.16199423988
58001.16999419988
58401.17799415988
58801.18599411988
59201.19399407988
59601.201994039875
60001.20999399987
60401.21799395987
60801.22599391987
61201.233993879876
61601.241993839874
62001.24999379987
62401.25799375987
62801.26599371987
63201.27399367987
63601.28199363987
64001.289993599865
64401.29799355986
64801.30599351986
65201.31399347987
65601.32199343985
66001.32999339985
66401.33799335985
66801.34599331985
67201.35399327986
67601.36199323986
68001.36999319986
68401.37799315985
68801.38599311985
69201.39399307985
69601.40199303985
70001.40999299985
70401.41799295985
70801.42599291985
71201.43399287984
71601.44199283984
72001.44999279984
72401.45799275984
72801.46599271984
73201.47399267984
73601.48199263983
74001.48999259983
74401.49799255983
74801.50599251983
75201.51399247984
75601.52199243984
76001.52999239984
76401.53799235984
76801.54599231984
77201.55399227983
77601.56199223983
78001.56999219983
78401.57799215983
78801.58599211983
79201.59399207983
79601.60199203982
80001.60999199982
80401.61799195982
80801.62599191982
81201.63399187982
81601.64199183982
82001.64999179982
82401.65799175981
82801.66599171983
83201.67399167983
83601.68199163982
84001.68999159982
84401.69799155982
84801.70599151982
85201.71399147982
85601.72199143982
86001.72999139981
86401.73799135981
86801.74599131981
87201.75399127981
87601.76199123981
88001.7699911998
88401.7779911598
88801.7859911198
89201.7939910798
89601.8019910398
90001.8099909998
90401.8179909598
90801.82599091981
91201.83399087981
91601.8419908398
92001.8499907998
92401.8579907598
92801.8659907198
93201.8739906798
93601.8819906398
94001.8899905998
94401.8979905598
94801.9059905198
95201.91399047979
95601.92199043979
96001.92999039979
96401.93799035979
96801.94599031979
97201.95399027978
97601.96199023978
98001.96999019978
98401.97799015978
98801.98599011979
99201.99399007979
99602.00199003979
100002.00998999979
100402.01798995979
100802.02598991978
101202.03398987978
101602.04198983978
102002.04998979978
102402.05798975978
102802.06598971978
103202.07398967977
103602.08198963977
104002.08998959977
104402.09798955977
104802.10598951977
105202.11398947977
105602.12198943977
106002.12998939976
106402.13798935978
106802.14598931978
107202.15398927977
107602.16198923977
108002.16998919977
108402.17798915977
108802.18598911977
109202.19398907977
109602.20198903976
110002.20998899976
110402.21798895976
110802.22598891976
111202.23398887976
111602.24198883976
112002.24998879975
112402.25798875975
112802.26598871975
113202.27398867975
113602.28198863975
114002.28998859975
114402.29798855976
114802.30598851976
115202.31398847976
115602.32198843975
116002.32998839975
116402.33798835975
116802.34598831975
117202.35398827975
117602.36198823975
118002.36998819975
118402.37798815974
118802.38598811974
119202.39398807974
119602.40198803974
120002.40998799974
120402.41798795974
120802.42598791973
121202.43398787973
121602.44198783973
122002.44998779973
122402.45798775974
122802.46598771974
123202.47398767974
123602.48198763974
124002.48998759974
124402.49798755973
124802.50598751973
125202.51398747973
125602.52198743973
126002.52998739973
126402.53798735973
126802.54598731973
127202.55398727972
127602.56198723972
128002.56998719972
128402.57798715972
128802.58598711972
129202.59398707972
129602.60198703971
130002.60998699973
130402.61798695973
130802.62598691972
131202.63398687972
131602.64198683974
132002.64998679972
132402.65798675973
132802.66598671972
133202.67398667973
133602.6819866397
134002.68998659973
134402.69798655974
134802.70598651972
135202.71398647974
135602.72198643972
136002.72998639973
136402.73798635972
136802.74598631973
137202.7539862797
137602.76198623973
138002.7699861997
138402.77798615972
138802.7859861197
139202.79398607972
139602.8019860397
140002.80998599972
140402.8179859597
140802.8259859197
141202.8339858797
141602.8419858397
142002.84998579972
142402.8579857597
142802.86598571972
143202.8739856797
143602.88198563972
144002.8899855997
144402.8979855597
144802.9059855197
145202.9139854797
145602.9219854397
146002.9299853997
146402.9379853597
146802.9459853197
147202.9539852797
147602.9619852397
148002.96998519968
148402.9779851597
148802.98598511968
149202.9939850797
149603.00198503968
150003.0099849997
150403.0179849597
150803.0259849197
151203.0339848797
151603.04198483969
152003.0499847997
152403.05798475968
152803.0659847197
153203.07398467968
153603.0819846397
154003.08998459968
154403.0979845597
154803.10598451967
155203.11398447969
155603.12198443967
156003.12998439968
156403.13798435967
156803.14598431968
157203.15398427966
157603.16198423968
158003.1699841997
158403.17798415967
158803.1859841197
159203.19398407967
159603.20198403968
160003.20998399967
160403.21798395968
160803.22598391966
161203.23398387968
161603.24198383966
162003.24998379967
162403.25798375966
162803.26598371967
163203.27398367965
163603.28198363967
164003.28998359965
164403.29798355966
164803.30598351965
165203.31398347966
165603.32198343967
166003.32998339966
166403.33798335967
166803.34598331965
167203.35398327967
167603.36198323965
168003.36998319966
168403.37798315965
168803.38598311966
169203.39398307964
169603.40198303966
170003.40998299964
170403.41798295965
170803.42598291964
171203.43398287965
171603.44198283963
172003.44998279965
172403.45798275963
172803.46598271964
173203.47398267963
173603.48198263964
174003.48998259965
174403.49798255964
174803.50598251965
175203.51398247964
175603.52198243965
176003.52998239963
176403.53798235964
176803.54598231963
177203.55398227964
177603.56198223963
178003.56998219964
178403.57798215962
178803.58598211964
179203.59398207962
179603.60198203963
180003.60998199962
180403.61798195963
180803.6259819196
181203.63398187963
181603.64198183964
182003.64998179962
182403.65798175964
182803.66598171962
183203.67398167963
183603.68198163962
184003.68998159963
184403.6979815596
184803.70598151963
185203.7139814796
185603.72198143962
186003.7299813996
186403.73798135962
186803.7459813196
187203.75398127962
187603.7619812396
188003.7699811996
188403.7779811596
188803.7859811196
189203.79398107962
189603.8019810396
190003.80998099962
190403.8179809596
190803.82598091962
191203.8339808796
191603.8419808396
192003.8499807996
192403.8579807596
192803.8659807196
193203.8739806796
193603.8819806396
194003.8899805996
194403.8979805596
194803.9059805196
195203.91398047959
195603.9219804396
196003.92998039958
196403.9379803596
196803.94598031958
197203.9539802796
197603.9619802396
198003.9699801996
198403.9779801596
198803.98598011959
199203.9939800796
199604.00198003958
200004.0099799996
200404.01797995958
200804.0259799196
201204.03397987958
201604.0419798396
202004.04997979957
202404.0579797596
202804.06597971957
203204.07397967958
203604.08197963957
204004.08997959958
204404.09797955956
204804.10597951958
205204.1139794796
205604.12197943957
206004.1299793996
206404.13797935957
206804.14597931958
207204.15397927957
207604.16197923958
208004.16997919956
208404.17797915958
208804.18597911956
209204.19397907957
209604.20197903956
210004.20997899957
210404.21797895955
210804.22597891957
211204.23397887955
211604.24197883956
212004.24997879955
212404.25797875956
212804.26597871957
213204.27397867956
213604.28197863957
214004.28997859955
214404.29797855957
214804.30597851955
215204.31397847956
215604.32197843955
216004.32997839956
216404.33797835954
216804.34597831956
217204.35397827954
217604.36197823955
218004.36997819954
218404.37797815955
218804.38597811954
219204.39397807955
219604.40197803953
220004.40997799954
220404.41797795953
220804.42597791954
221204.43397787955
221604.44197783954
222004.44997779955
222404.45797775954
222804.46597771955
223204.47397767953
223604.48197763955
224004.48997759953
224404.49797755954
224804.50597751953
225204.51397747954
225604.52197743952
226004.52997739954
226404.53797735952
226804.54597731953
227204.55397727952
227604.56197723953
228004.5699771995
228404.57797715953
228804.58597711954
229204.59397707952
229604.60197703954
230004.60997699952
230404.61797695953
230804.62597691952
231204.63397687953
231604.6419768395
232004.64997679953
232404.6579767595
232804.66597671952
233204.6739766795
233604.68197663952
234004.6899765995
234404.69797655952
234804.7059765195
235204.7139764795
235604.7219764395
236004.7299763995
236404.73797635952
236804.7459763195
237204.75397627952
237604.7619762395
238004.76997619952
238404.7779761595
238804.7859761195
239204.7939760795
239604.8019760395
240004.8099759995
240404.8179759595
240804.8259759195
241204.8339758795
241604.8419758395
242004.8499757995
242404.85797575949
242804.8659757195
243204.87397567948
243604.8819756395
244004.88997559948
244404.8979755595
244804.9059755195
245204.9139754795
245604.9219754395
246004.9299753995
246404.9379753595
246804.94597531948
247204.9539752795
247604.96197523948
248004.9699751995
248404.97797515948
248804.9859751195
249204.99397507947
249605.0019750395
250005.00997499947
250405.01797495948
250805.02597491947
251205.03397487948
251605.04197483946
252005.04997479948
252405.0579747595
252805.06597471947
253205.0739746795
253605.08197463947
254005.08997459948
254405.09797455947
254805.10597451948
255205.11397447946
255605.12197443948
256005.12997439946
256405.13797435947
256805.14597431946
257205.15397427947
257605.16197423945
258005.16997419947
258405.17797415945
258805.18597411946
259205.19397407945
259605.20197403946
260005.20997399947
260405.21797395946
260805.22597391947
261205.23397387945
261605.24197383947
262005.24997379945
262405.25797375944
262805.2659737195
263205.27397367946
263605.28197363944
264005.2899735994
264405.29797355947
264805.30597351945
265205.31397347944
265605.3219734394
266005.32997339946
266405.33797335945
266805.34597331943
267205.3539732794
267605.36197323946
268005.36997319944
268405.3779731594
268805.38597311947
269205.39397307945
269605.40197303944
270005.4099729994
270405.41797295946
270805.42597291945
271205.43397287943
271605.4419728394
272005.44997279946
272405.45797275944
272805.4659727194
273205.4739726794
273605.48197263945
274005.48997259943
274405.4979725594
274805.5059725194
275205.51397247944
275605.5219724394
276005.5299723994
276405.53797235945
276805.54597231944
277205.5539722794
277605.5619722394
278005.56997219945
278405.57797215943
278805.5859721194
279205.5939720794
279605.60197203944
280005.6099719994
280405.6179719594
280805.6259719194
281205.63397187943
281605.6419718394
282005.6499717994
282405.6579717594
282805.6659717194
283205.6739716794
283605.6819716394
284005.68997159944
284405.6979715594
284805.7059715194
285205.7139714794
285605.72197143943
286005.7299713994
286405.7379713594
286805.7459713194
287205.7539712794
287605.7619712394
288005.7699711994
288405.7779711594
288805.7859711194
289205.7939710794
289605.8019710394
290005.80997099937
290405.8179709594
290805.8259709194
291205.8339708794
291605.8419708394
292005.8499707994
292405.8579707594
292805.8659707194
293205.8739706794
293605.8819706394
294005.8899705994
294405.89797055937
294805.9059705194
295205.9139704794
295605.9219704394
296005.92997039936
296405.9379703594
296805.9459703194
297205.95397027937
297605.96197023935
298005.9699701994
298405.9779701594
298805.98597011936
299205.99397007935
299606.0019700394
300006.0099699994
300406.01796995936
300806.0259699194
301206.0339698794
301606.04196983937
302006.04996979935
302406.0579697594
302806.0659697194
303206.07396967936
303606.08196963934
304006.0899695994
304406.09796955937
304806.10596951935
305206.11396947934
305606.1219694394
306006.12996939936
306406.13796935935
306806.14596931933
307206.1539692794
307606.16196923936
308006.16996919934
308406.1779691594
308806.18596911937
309206.19396907935
309606.20196903934
310006.2099689994
310406.21796895936
310806.22596891935
311206.2339688793
311606.2419688394
312006.24996879935
312406.25796875934
312806.2659687193
313206.27396867936
313606.28196863935
314006.28996859933
314406.2979685593
314806.30596851936
315206.31396847934
315606.3219684393
316006.32996839937
316406.33796835935
316806.34596831934
317206.3539682793
317606.36196823936
318006.36996819935
318406.37796815933
318806.3859681193
319206.39396807936
319606.40196803934
320006.4099679993
320406.4179679593
320806.42596791935
321206.43396787933
321606.4419678393
322006.4499677993
322406.45796775934
322806.4659677193
323206.4739676793
323606.48196763935
324006.48996759934
324406.4979675593
324806.5059675193
325206.51396747935
325606.52196743933
326006.5299673993
326406.5379673593
326806.54596731934
327206.5539672793
327606.5619672393
328006.5699671993
328406.57796715933
328806.5859671193
329206.5939670793
329606.6019670393
330006.6099669993
330406.6179669593
330806.6259669193
331206.63396687934
331606.6419668393
332006.6499667993
332406.6579667593
332806.66596671933
333206.6739666793
333606.6819666393
334006.6899665993
334406.6979665593
334806.7059665193
335206.7139664793
335606.7219664393
336006.7299663993
336406.7379663593
336806.7459663193
337206.75396627927
337606.7619662393
338006.7699661993
338406.7779661593
338806.7859661193
339206.7939660793
339606.8019660393
340006.8099659993
340406.8179659593
340806.8259659193
341206.8339658793
341606.84196583927
342006.8499657993
342406.8579657593
342806.8659657193
343206.87396567926
343606.8819656393
344006.8899655993
344406.89796555927
344806.90596551925
345206.9139654793
345606.9219654393
346006.92996539926
346406.93796535925
346806.9459653193
347206.9539652793
347606.96196523926
348006.9699651993
348406.9779651593
348806.98596511927
349206.99396507925
349607.0019650393
350007.0099649993
350407.01796495926
350807.02596491924
351207.0339648793
351607.04196483927
352007.04996479925
352407.05796475924
352807.0659647193
353207.07396467926
353607.08196463925
354007.08996459923
354407.0979645593
354807.10596451926
355207.11396447924
355607.1219644393
356007.12996439927
356407.13796435925
356807.14596431924
357207.1539642793
357607.16196423926
358007.16996419925
358407.17796415923
358807.1859641193
359207.19396407926
359607.20196403924
360007.2099639992
360407.21796395927
360807.22596391925
361207.23396387923
361607.2419638392
362007.24996379926
362407.25796375924
362807.2659637192
363207.27396367927
363607.28196363925
364007.28996359924
364407.2979635592
364807.30596351926
365207.31396347925
365607.32196343923
366007.3299633992
366407.33796335926
366807.34596331924
367207.3539632792
367607.3619632392
368007.36996319925
368407.37796315923
368807.3859631192
369207.3939630792
369607.40196303924
370007.4099629992
370407.4179629592
370807.42596291925
371207.43396287924
371607.4419628392
372007.4499627992
372407.45796275925
372807.46596271923
373207.4739626792
373607.4819626392
374007.48996259924
374407.4979625592
374807.5059625192
375207.5139624792
375607.52196243923
376007.5299623992
376407.5379623592
376807.5459623192
377207.5539622792
377607.5619622392
378007.5699621992
378407.57796215924
378807.5859621192
379207.5939620792
379607.6019620392
380007.60996199923
380407.6179619592
380807.6259619192
381207.6339618792
381607.6419618392
382007.6499617992
382407.6579617592
382807.6659617192
383207.6739616792
383607.6819616392
384007.6899615992
384407.69796155917
384807.7059615192
385207.7139614792
385607.7219614392
386007.7299613992
386407.7379613592
386807.7459613192
387207.7539612792
387607.7619612392
388007.7699611992
388407.7779611592
388807.78596111917
389207.7939610792
389607.8019610392
390007.8099609992
390407.81796095916
390807.8259609192
391207.8339608792
391607.84196083917
392007.84996079915
392407.8579607592
392807.8659607192
393207.87396067916
393607.88196063915
394007.8899605992
394407.8979605592
394807.90596051916
395207.9139604792
395607.9219604392
396007.92996039917
396407.93796035915
396807.9459603192
397207.9539602792
397607.96196023916
398007.96996019915
398407.9779601592
398807.9859601192
399207.99396007915
399608.00196003914
400008.0099599992
400408.01795995916
400808.02595991915
401208.03395987913
401608.0419598392
402008.04995979916
402408.05795975914
402808.0659597192
403208.07395967917
403608.08195963915
404008.08995959914
404408.0979595592
404808.10595951916
405208.11395947915
405608.12195943913
406008.1299593992
406408.13795935916
406808.14595931914
407208.1539592791
407608.16195923917
408008.16995919915
408408.17795915913
408808.1859591191
409208.19395907916
409608.20195903914
410008.2099589991
410408.21795895917
410808.22595891915
411208.23395887914
411608.2419588391
412008.24995879916
412408.25795875915
412808.26595871913
413208.2739586791
413608.28195863916
414008.28995859914
414408.2979585591
414808.3059585191
415208.31395847915
415608.32195843913
416008.3299583991
416408.3379583591
416808.34595831914
417208.3539582791
417608.3619582391
418008.36995819915
418408.37795815914
418808.3859581191
419208.3939580791
419608.40195803915
420008.40995799913
420408.4179579591
420808.4259579191
421208.43395787914
421608.4419578391
422008.4499577991
422408.4579577591
422808.46595771913
423208.4739576791
423608.4819576391
424008.4899575991
424408.4979575591
424808.5059575191
425208.5139574791
425608.52195743914
426008.5299573991
426408.5379573591
426808.5459573191
427208.55395727913
427608.5619572391
428008.5699571991
428408.5779571591
428808.5859571191
429208.5939570791
429608.6019570391
430008.6099569991
430408.6179569591
430808.6259569191
431208.6339568791
431608.64195683907
432008.6499567991
432408.6579567591
432808.6659567191
433208.67395667906
433608.6819566391
434008.6899565991
434408.6979565591
434808.7059565191
435208.7139564791
435608.7219564391
436008.72995639907
436408.7379563591
436808.7459563191
437208.7539562791
437608.76195623906
438008.7699561991
438408.7779561591
438808.78595611907
439208.79395607905
439608.8019560391
440008.8099559991
440408.81795595906
440808.82595591905
441208.8339558791
441608.8419558391
442008.84995579906
442408.8579557591
442808.8659557191
443208.87395567907
443608.88195563905
444008.8899555991
444408.8979555591
444808.90595551906
445208.91395547905
445608.9219554391
446008.9299553991
446408.93795535906
446808.94595531904
447208.9539552791
447608.96195523906
448008.96995519905
448408.97795515903
448808.9859551191
449208.99395507906
449609.00195503904
450009.0099549991
450409.01795495907
450809.02595491905
451209.03395487904
451609.0419548391
452009.04995479906
452409.05795475905
452809.06595471903
453209.0739546791
453609.08195463906
454009.08995459904
454409.097954559
454809.10595451907
455209.11395447905
455609.12195443903
456009.129954399
456409.13795435906
456809.14595431904
457209.153954279
457609.16195423907
458009.16995419905
458409.17795415904
458809.185954119
459209.19395407906
459609.20195403905
460009.20995399903
460409.217953959
460809.22595391906
461209.23395387904
461609.241953839
462009.249953799
462409.25795375905
462809.26595371903
463209.273953679
463609.281953639
464009.28995359904
464409.297953559
464809.305953519
465209.31395347905
465609.32195343904
466009.329953399
466409.337953359
466809.34595331905
467209.35395327903
467609.361953239
468009.369953199
468409.37795315904
468809.385953119
469209.393953079
469609.401953039
470009.40995299903
470409.417952959
470809.425952919
471209.433952879
471609.441952839
472009.449952799
472409.457952759
472809.46595271904
473209.473952679
473609.481952639
474009.489952599
474409.49795255903
474809.505952519
475209.513952479
475609.521952439
476009.529952399
476409.537952359
476809.545952319
477209.553952279
477609.561952239
478009.569952199
478409.577952159
478809.58595211897
479209.593952079
479609.601952039
480009.609951999
480409.61795195896
480809.625951919
481209.633951879
481609.641951839
482009.649951799
482409.657951759
482809.665951719
483209.67395167897
483609.681951639
484009.689951599
484409.697951559
484809.70595151896
485209.713951479
485609.721951439
486009.729951399
486409.73795135895
486809.745951319
487209.753951279
487609.76195123896
488009.76995119895
488409.777951159
488809.785951119
489209.79395107896
489609.801951039
490009.809950999
490409.81795095897
490809.82595091895
491209.833950879
491609.841950839
492009.84995079896
492409.85795075895
492809.865950719
493209.873950679
493609.88195063896
494009.88995059894
494409.897950559
494809.90595051897
495209.91395047895
495609.92195043893
496009.929950399
496409.93795035896
496809.94595031894
497209.953950279
497609.96195023897
498009.96995019895
498409.97795015894
498809.985950119
499209.99395007896
499610.00195003895
500010.00994999893
500410.017949959
500810.02594991896
501210.03394987894
501610.0419498389
502010.04994979897
502410.05794975895
502810.06594971893
503210.0739496789
503610.08194963896
504010.08994959894
504410.0979495589
504810.10594951897
505210.11394947895
505610.12194943894
506010.1299493989
506410.13794935896
506810.14594931895
507210.15394927893
507610.1619492389
508010.16994919896
508410.17794915894
508810.1859491189
509210.1939490789
509610.20194903895
510010.20994899893
510410.2179489589
510810.2259489189
511210.23394887894
511610.2419488389
512010.2499487989
512410.25794875895
512810.26594871894
513210.2739486789
513610.2819486389
514010.28994859895
514410.29794855893
514810.3059485189
515210.3139484789
515610.32194843894
516010.3299483989
516410.3379483589
516810.3459483189
517210.35394827893
517610.3619482389
518010.3699481989
518410.3779481589
518810.3859481189
519210.3939480789
519610.4019480389
520010.40994799894
520410.4179479589
520810.4259479189
521210.4339478789
521610.44194783893
522010.4499477989
522410.4579477589
522810.4659477189
523210.4739476789
523610.4819476389
524010.4899475989
524410.4979475589
524810.5059475189
525210.5139474788
525610.521947439
526010.5299473989
526410.5379473589
526810.5459473189
527210.5539472789
527610.5619472389
528010.5699471988
528410.577947159
528810.5859471189
529210.5939470789
529610.6019470389
530010.6099469989
530410.6179469589
530810.6259469189
531210.6339468788
531610.6419468389
532010.6499467989
532410.6579467589
532810.6659467189
533210.6739466789
533610.6819466389
534010.6899465988
534410.6979465588
534810.7059465189
535210.7139464789
535610.7219464389
536010.7299463989
536410.7379463589
536810.7459463188
537210.7539462788
537610.7619462389
538010.7699461989
538410.7779461589
538810.7859461189
539210.7939460789
539610.8019460388
540010.8099459988
540410.8179459588
540810.8259459189
541210.8339458789
541610.8419458389
542010.8499457989
542410.8579457588
542810.8659457188
543210.8739456788
543610.8819456389
544010.8899455989
544410.8979455589
544810.9059455189
545210.9139454789
545610.9219454388
546010.9299453988
546410.9379453588
546810.9459453189
547210.9539452789
547610.9619452389
548010.9699451989
548410.9779451588
548810.9859451188
549210.9939450788
549611.0019450388
550011.0099449989
550411.0179449589
550811.0259449189
551211.0339448788
551611.0419448388
552011.0499447988
552411.0579447588
552811.0659447189
553211.0739446789
553611.0819446389
554011.0899445988
554411.0979445588
554811.1059445188
555211.1139444788
555611.1219444388
556011.1299443989
556411.1379443589
556811.1459443189
557211.1539442788
557611.1619442388
558011.1699441988
558411.1779441588
558811.1859441188
559211.1939440789
559611.2019440389
560011.2099439988
560411.2179439588
560811.2259439188
561211.2339438788
561611.2419438388
562011.2499437989
562411.2579437589
562811.2659437188
563211.2739436788
563611.2819436388
564011.2899435988
564411.2979435588
564811.3059435188
565211.3139434789
565611.3219434388
566011.3299433988
566411.3379433588
566811.3459433188
567211.3539432788
567611.3619432388
568011.3699431989
568411.3779431588
568811.3859431188
569211.3939430788
569611.4019430388
570011.4099429988
570411.4179429588
570811.4259429188
571211.4339428789
571611.4419428388
572011.4499427988
572411.4579427588
572811.4659427188
573211.4739426788
573611.4819426388
574011.4899425987
574411.4979425588
574811.5059425188
575211.5139424788
575611.5219424388
576011.5299423988
576411.5379423588
576811.5459423187
577211.5539422788
577611.5619422388
578011.5699421988
578411.5779421588
578811.5859421188
579211.5939420788
579611.6019420387
580011.6099419987
580411.6179419588
580811.6259419188
581211.6339418788
581611.6419418388
582011.6499417988
582411.6579417587
582811.6659417187
583211.6739416788
583611.6819416388
584011.6899415988
584411.6979415588
584811.7059415188
585211.7139414788
585611.7219414387
586011.7299413987
586411.7379413588
586811.7459413188
587211.7539412788
587611.7619412388
588011.7699411988
588411.7779411587
588811.7859411187
589211.7939410787
589611.8019410388
590011.8099409988
590411.8179409588
590811.8259409188
591211.8339408787
591611.8419408387
592011.8499407987
592411.8579407588
592811.8659407188
593211.8739406788
593611.8819406388
594011.8899405987
594411.8979405587
594811.9059405187
595211.9139404787
595611.9219404388
596011.9299403988
596411.9379403588
596811.9459403188
597211.9539402787
597611.9619402387
598011.9699401987
598411.9779401587
598811.9859401188
599211.9939400788
599612.0019400388
600012.0099399987
600412.0179399587
600812.0259399187
601212.0339398787
601612.0419398388
602012.0499397988
602412.0579397588
602812.0659397187
603212.0739396787
603612.0819396387
604012.0899395987
604412.0979395587
604812.1059395188
605212.1139394788
605612.1219394387
606012.1299393987
606412.1379393587
606812.1459393187
607212.1539392787
607612.1619392388
608012.1699391988
608412.1779391587
608812.1859391187
609212.1939390787
609612.2019390387
610012.2099389987
610412.2179389587
610812.2259389188
611212.2339388788
611612.2419388387
612012.2499387987
612412.2579387587
612812.2659387187
613212.2739386787
613612.2819386387
614012.2899385988
614412.2979385587
614812.3059385187
615212.3139384787
615612.3219384387
616012.3299383987
616412.3379383587
616812.3459383188
617212.3539382787
617612.3619382387
618012.3699381987
618412.3779381587
618812.3859381187
619212.3939380787
619612.4019380386
620012.4099379987
620412.4179379587
620812.4259379187
621212.4339378787
621612.4419378387
622012.4499377987
622412.4579377586
622812.4659377187
623212.4739376787
623612.4819376387
624012.4899375987
624412.4979375587
624812.5059375187
625212.5139374787
625612.5219374386
626012.5299373987
626412.5379373587
626812.5459373187
627212.5539372787
627612.5619372387
628012.5699371987
628412.5779371586
628812.5859371186
629212.5939370787
629612.6019370387
630012.6099369987
630412.6179369587
630812.6259369187
631212.6339368786
631612.6419368386
632012.6499367987
632412.6579367587
632812.6659367187
633212.6739366787
633612.6819366387
634012.6899365986
634412.6979365586
634812.7059365186
635212.7139364787
635612.7219364387
636012.7299363987
636412.7379363587
636812.7459363186
637212.7539362786
637612.7619362386
638012.7699361986
638412.7779361587
638812.7859361187
639212.7939360787
639612.8019360387
640012.8099359986
640412.8179359586
640812.8259359186
641212.8339358787
641612.8419358387
642012.8499357987
642412.8579357587
642812.8659357186
643212.8739356786
643612.8819356386
644012.8899355986
644412.8979355587
644812.9059355187
645212.9139354787
645612.9219354386
646012.9299353986
646412.9379353586
646812.9459353186
647212.9539352787
647612.9619352387
648012.9699351987
648412.9779351586
648812.9859351186
649212.9939350786
649613.0019350386
650013.0099349986
650413.0179349587
650813.0259349187
651213.0339348787
651613.0419348386
652013.0499347986
652413.0579347586
652813.0659347186
653213.0739346786
653613.0819346387
654013.0899345987
654413.0979345586
654813.1059345186
655213.1139344786
655613.1219344386
656013.1299343986
656413.1379343587
656813.1459343187
657213.1539342786
657613.1619342386
658013.1699341986
658413.1779341586
658813.1859341186
659213.1939340786
659613.2019340387
660013.2099339986
660413.2179339586
660813.2259339186
661213.2339338786
661613.2419338386
662013.2499337986
662413.2579337587
662813.2659337186
663213.2739336786
663613.2819336386
664013.2899335986
664413.2979335586
664813.3059335186
665213.3139334786
665613.3219334387
666013.3299333986
666413.3379333586
666813.3459333186
667213.3539332786
667613.3619332386
668013.3699331986
668413.3779331585
668813.3859331186
669213.3939330786
669613.4019330386
670013.4099329986
670413.4179329586
670813.4259329186
671213.4339328785
671613.4419328386
672013.4499327986
672413.4579327586
672813.4659327186
673213.4739326786
673613.4819326386
674013.4899325985
674413.4979325585
674813.5059325186
675213.5139324786
675613.5219324386
676013.5299323986
676413.5379323586
676813.5459323185
677213.5539322785
677613.5619322386
678013.5699321986
678413.5779321586
678813.5859321186
679213.5939320786
679613.6019320386
680013.6099319985
680413.6179319585
680813.6259319186
681213.6339318786
681613.6419318386
682013.6499317986
682413.6579317586
682813.6659317185
683213.6739316785
683613.6819316385
684013.6899315986
684413.6979315586
684813.7059315186
685213.7139314786
685613.7219314385
686013.7299313985
686413.7379313585
686813.7459313186
687213.7539312786
687613.7619312386
688013.7699311986
688413.7779311585
688813.7859311185
689213.7939310785
689613.8019310385
690013.8099309986
690413.8179309586
690813.8259309186
691213.8339308786
691613.8419308385
692013.8499307985
692413.8579307585
692813.8659307185
693213.8739306786
693613.8819306386
694013.8899305986
694413.8979305585
694813.9059305185
695213.9139304785
695613.9219304385
696013.9299303986
696413.9379303586
696813.9459303186
697213.9539302785
697613.9619302385
698013.9699301985
698413.9779301585
698813.9859301185
699213.9939300786
699614.0019300386
700014.0099299985
700414.0179299585
700814.0259299185
701214.0339298785
701614.0419298385
702014.0499297986
702414.0579297586
702814.0659297185
703214.0739296785
703614.0819296385
704014.0899295985
704414.0979295585
704814.1059295185
705214.1139294786
705614.1219294386
706014.1299293985
706414.1379293585
706814.1459293185
707214.1539292785
707614.1619292385
708014.1699291985
708414.1779291586
708814.1859291185
709214.1939290785
709614.2019290385
710014.2099289985
710414.2179289585
710814.2259289185
711214.2339288786
711614.2419288385
712014.2499287985
712414.2579287585
712814.2659287185
713214.2739286785
713614.2819286385
714014.2899285984
714414.2979285585
714814.3059285185
715214.3139284785
715614.3219284385
716014.3299283985
716414.3379283585
716814.3459283184
717214.3539282785
717614.3619282385
718014.3699281985
718414.3779281585
718814.3859281185
719214.3939280785
719614.4019280385
720014.4099279984
720414.4179279585
720814.4259279185
721214.4339278785
721614.4419278385
722014.4499277985
722414.4579277585
722814.4659277184
723214.4739276784
723614.4819276385
724014.4899275985
724414.4979275585
724814.5059275185
725214.5139274785
725614.5219274384
726014.5299273984
726414.5379273585
726814.5459273185
727214.5539272785
727614.5619272385
728014.5699271985
728414.5779271584
728814.5859271184
729214.5939270784
729614.6019270385
730014.6099269985
730414.6179269585
730814.6259269185
731214.6339268785
731614.6419268384
732014.6499267984
732414.6579267584
732814.6659267185
733214.6739266785
733614.6819266385
734014.6899265985
734414.6979265584
734814.7059265184
735214.7139264784
735614.7219264385
736014.7299263985
736414.7379263585
736814.7459263185
737214.7539262784
737614.7619262384
738014.7699261984
738414.7779261584
738814.7859261185
739214.7939260785
739614.8019260385
740014.8099259984
740414.8179259584
740814.8259259184
741214.8339258784
741614.8419258385
742014.8499257985
742414.8579257585
742814.8659257184
743214.8739256784
743614.8819256384
744014.8899255984
744414.8979255584
744814.9059255185
745214.9139254785
745614.9219254385
746014.9299253984
746414.9379253584
746814.9459253184
747214.9539252784
747614.9619252384
748014.9699251985
748414.9779251585
748814.9859251184
749214.9939250784
749615.0019250384
750015.0099249984
750415.0179249584
750815.0259249185
751215.0339248785
751615.0419248384
752015.0499247984
752415.0579247584
752815.0659247184
753215.0739246784
753615.0819246384
754015.0899245985
754415.0979245584
754815.1059245184
755215.1139244784
755615.1219244384
756015.1299243984
756415.1379243584
756815.1459243185
757215.1539242784
757615.1619242384
758015.1699241984
758415.1779241584
758815.1859241184
759215.1939240784
759615.2019240384
760015.2099239985
760415.2179239584
760815.2259239184
761215.2339238784
761615.2419238384
762015.2499237984
762415.2579237584
762815.2659237183
763215.2739236784
763615.2819236384
764015.2899235984
764415.2979235584
764815.3059235184
765215.3139234784
765615.3219234383
766015.3299233984
766415.3379233584
766815.3459233184
767215.3539232784
767615.3619232384
768015.3699231984
768415.3779231583
768815.3859231183
769215.3939230784
769615.4019230384
770015.4099229984
770415.4179229584
770815.4259229184
771215.4339228784
771615.4419228383
772015.4499227984
772415.4579227584
772815.4659227184
773215.4739226784
773615.4819226384
774015.4899225984
774415.4979225583
774815.5059225183
775215.5139224784
775615.5219224384
776015.5299223984
776415.5379223584
776815.5459223184
777215.5539222783
777615.5619222383
778015.5699221983
778415.5779221584
778815.5859221184
779215.5939220784
779615.6019220384
780015.6099219983
780415.6179219583
780815.6259219183
781215.6339218784
781615.6419218384
782015.6499217984
782415.6579217584
782815.6659217183
783215.6739216783
783615.6819216383
784015.6899215983
784415.6979215584
784815.7059215184
785215.7139214784
785615.7219214384
786015.7299213983
786415.7379213583
786815.7459213183
787215.7539212783
787615.7619212384
788015.7699211984
788415.7779211584
788815.7859211183
789215.7939210783
789615.8019210383
790015.8099209983
790415.8179209584
790815.8259209184
791215.8339208784
791615.8419208383
792015.8499207983
792415.8579207583
792815.8659207183
793215.8739206783
793615.8819206384
794015.8899205984
794415.8979205583
794815.9059205183
795215.9139204783
795615.9219204383
796015.9299203983
796415.9379203584
796815.9459203184
797215.9539202783
797615.9619202383
798015.9699201983
798415.9779201583
798815.9859201183
799215.9939200783
799616.0019200384
800016.0099199984
800416.0179199583
800816.0259199183
801216.0339198783
801616.0419198383
802016.0499197983
802416.0579197583
802816.0659197184
803216.0739196783
803616.0819196383
804016.0899195983
804416.0979195583
804816.1059195183
805216.1139194783
805616.1219194384
806016.1299193983
806416.1379193583
806816.1459193183
807216.1539192783
807616.1619192383
808016.1699191983
808416.1779191582
808816.1859191183
809216.1939190783
809616.2019190383
810016.2099189983
810416.2179189583
810816.2259189183
811216.2339188782
811616.2419188384
812016.2499187983
812416.2579187583
812816.2659187183
813216.2739186783
813616.2819186383
814016.2899185983
814416.2979185582
814816.3059185183
815216.3139184783
815616.3219184383
816016.3299183983
816416.3379183583
816816.3459183183
817216.3539182782
817616.3619182382
818016.3699181983
818416.3779181583
818816.3859181183
819216.3939180783
819616.4019180383
820016.4099179982
820416.4179179582
820816.4259179183
821216.4339178783
821616.4419178383
822016.4499177983
822416.4579177583
822816.4659177182
823216.4739176782
823616.4819176382
824016.4899175983
824416.4979175583
824816.5059175183
825216.5139174783
825616.5219174383
826016.5299173982
826416.5379173582
826816.5459173182
827216.5539172783
827616.5619172383
828016.5699171983
828416.5779171583
828816.5859171182
829216.5939170782
829616.6019170382
830016.6099169983
830416.6179169583
830816.6259169183
831216.6339168783
831616.6419168382
832016.6499167982
832416.6579167582
832816.6659167182
833216.6739166783
833616.6819166383
834016.6899165983
834416.6979165582
834816.7059165182
835216.7139164782
835616.7219164382
836016.7299163983
836416.7379163583
836816.7459163183
837216.7539162782
837616.7619162382
838016.7699161982
838416.7779161582
838816.7859161182
839216.7939160783
839616.8019160383
840016.8099159983
840416.8179159582
840816.8259159182
841216.8339158782
841616.8419158382
842016.8499157982
842416.8579157583
842816.8659157183
843216.8739156782
843616.8819156382
844016.8899155982
844416.8979155582
844816.9059155182
845216.9139154783
845616.9219154383
846016.9299153982
846416.9379153582
846816.9459153182
847216.9539152782
847616.9619152382
848016.9699151982
848416.9779151583
848816.9859151182
849216.9939150782
849617.0019150382
850017.0099149982
850417.0179149582
850817.0259149182
851217.0339148783
851617.0419148382
852017.0499147982
852417.0579147582
852817.0659147182
853217.0739146782
853617.0819146382
854017.0899145982
854417.0979145583
854817.1059145182
855217.1139144782
855617.1219144382
856017.1299143982
856417.1379143582
856817.1459143182
857217.1539142781
857617.1619142382
858017.1699141982
858417.1779141582
858817.1859141182
859217.1939140782
859617.2019140382
860017.2099139981
860417.2179139582
860817.2259139182
861217.2339138782
861617.2419138382
862017.2499137982
862417.2579137582
862817.2659137181
863217.2739136781
863617.2819136382
864017.2899135982
864417.2979135582
864817.3059135182
865217.3139134782
865617.3219134382
866017.3299133981
866417.3379133581
866817.3459133182
867217.3539132782
867617.3619132382
868017.3699131982
868417.3779131582
868817.3859131181
869217.3939130781
869617.4019130382
870017.4099129982
870417.4179129582
870817.4259129182
871217.4339128782
871617.4419128381
872017.4499127981
872417.4579127581
872817.4659127182
873217.4739126782
873617.4819126382
874017.4899125982
874417.4979125581
874817.5059125181
875217.5139124781
875617.5219124382
876017.5299123982
876417.5379123582
876817.5459123182
877217.5539122781
877617.5619122381
878017.5699121981
878417.5779121581
878817.5859121182
879217.5939120782
879617.6019120382
880017.6099119982
880417.6179119581
880817.6259119181
881217.6339118781
881617.6419118381
882017.6499117982
882417.6579117582
882817.6659117182
883217.6739116781
883617.6819116381
884017.6899115981
884417.6979115581
884817.7059115182
885217.7139114782
885617.7219114382
886017.7299113981
886417.7379113581
886817.7459113181
887217.7539112781
887617.7619112381
888017.7699111982
888417.7779111582
888817.7859111181
889217.7939110781
889617.8019110381
890017.8099109981
890417.8179109581
890817.8259109182
891217.8339108782
891617.8419108381
892017.8499107981
892417.8579107581
892817.8659107181
893217.8739106781
893617.8819106381
894017.8899105982
894417.8979105582
894817.9059105181
895217.9139104781
895617.9219104381
896017.9299103981
896417.9379103581
896817.945910318
897217.9539102782
897617.9619102381
898017.9699101981
898417.9779101581
898817.9859101181
899217.9939100781
899618.0019100381
900018.0099099982
900418.0179099581
900818.0259099181
901218.0339098781
901618.0419098381
902018.0499097981
902418.0579097581
902818.065909718
903218.0739096781
903618.0819096381
904018.0899095981
904418.0979095581
904818.1059095181
905218.1139094781
905618.121909438
906018.1299093982
906418.1379093581
906818.1459093181
907218.1539092781
907618.1619092381
908018.1699091981
908418.177909158
908818.185909118
909218.1939090781
909618.2019090381
910018.2099089981
910418.2179089581
910818.2259089181
911218.233908878
911618.241908838
912018.249908798
912418.2579087581
912818.2659087181
913218.2739086781
913618.2819086381
914018.2899085981
914418.297908558
914818.305908518
915218.3139084781
915618.3219084381
916018.3299083981
916418.3379083581
916818.3459083181
917218.353908278
917618.361908238
918018.369908198
918418.3779081581
918818.3859081181
919218.3939080781
919618.4019080381
920018.409907998
920418.417907958
920818.425907918
921218.433907878
921618.4419078381
922018.4499077981
922418.4579077581
922818.465907718
923218.473907678
923618.481907638
924018.489907598
924418.4979075581
924818.5059075181
925218.5139074781
925618.5219074381
926018.529907398
926418.537907358
926818.545907318
927218.553907278
927618.5619072381
928018.5699071981
928418.5779071581
928818.585907118
929218.593907078
929618.601907038
930018.609906998
930418.6179069581
930818.6259069181
931218.6339068781
931618.641906838
932018.649906798
932418.657906758
932818.665906718
933218.673906678
933618.6819066381
934018.6899065981
934418.697906558
934818.705906518
935218.713906478
935618.721906438
936018.729906398
936418.737906358
936818.7459063181
937218.753906278
937618.761906238
938018.769906198
938418.777906158
938818.785906118
939218.793906078
939618.8019060381
940018.8099059981
940418.817905958
940818.825905918
941218.833905878
941618.841905838
942018.849905798
942418.857905758
942818.8659057181
943218.873905678
943618.881905638
944018.889905598
944418.897905558
944818.905905518
945218.913905478
945618.9219054381
946018.929905398
946418.937905358
946818.945905318
947218.953905278
947618.961905238
948018.969905198
948418.977905158
948818.985905118
949218.993905078
949619.001905038
950019.009904998
950419.017904958
950819.025904918
951219.033904878
951619.0419048379
952019.049904798
952419.057904758
952819.065904718
953219.073904678
953619.081904638
954019.089904598
954419.097904558
954819.105904518
955219.113904478
955619.121904438
956019.129904398
956419.137904358
956819.145904318
957219.153904278
957619.1619042379
958019.169904198
958419.177904158
958819.185904118
959219.193904078
959619.201904038
960019.209903998
960419.2179039579
960819.2259039179
961219.233903878
961619.241903838
962019.249903798
962419.257903758
962819.265903718
963219.2739036779
963619.2819036379
964019.289903598
964419.297903558
964819.305903518
965219.313903478
965619.321903438
966019.329903398
966419.3379033579
966819.3459033179
967219.353903278
967619.361903238
968019.369903198
968419.377903158
968819.385903118
969219.3939030779
969619.4019030379
970019.409902998
970419.417902958
970819.425902918
971219.433902878
971619.441902838
972019.4499027979
972419.4579027579
972819.4659027179
973219.473902678
973619.481902638
974019.489902598
974419.497902558
974819.5059025179
975219.5139024779
975619.5219024379
976019.5299023979
976419.537902358
976819.545902318
977219.553902278
977619.5619022379
978019.5699021979
978419.5779021579
978819.5859021179
979219.593902078
979619.601902038
980019.609901998
980419.617901958
980819.6259019179
981219.6339018779
981619.6419018379
982019.6499017979
982419.657901758
982819.665901718
983219.673901678
983619.6819016379
984019.6899015979
984419.6979015579
984819.7059015179
985219.713901478
985619.721901438
986019.729901398
986419.7379013579
986819.7459013179
987219.7539012779
987619.7619012379
988019.7699011979
988419.777901158
988819.785901118
989219.7939010779
989619.8019010379
990019.8099009979
990419.8179009579
990819.8259009179
991219.8339008779
991619.841900838
992019.8499007979
992419.8579007579
992819.8659007179
993219.8739006779
993619.8819006379
994019.8899005979
994419.897900558
994819.905900518
995219.9139004779
995619.9219004379
996019.9299003979
996419.9379003579
996819.9459003179
997219.9539002778
997619.961900238
998019.9699001979
998419.9779001579
998819.9859001179
999219.9939000779
999620.0019000379
1000020.0098999979
1000420.017899958
1000820.0258999179
1001220.0338998779
1001620.0418998379
1002020.0498997979
1002420.0578997579
1002820.0658997179
1003220.0738996778
1003620.0818996379
1004020.0898995979
1004420.0978995579
1004820.1058995179
1005220.1138994779
1005620.1218994379
1006020.1298993978
1006420.1378993578
1006820.1458993179
1007220.1538992779
1007620.1618992379
1008020.1698991979
1008420.1778991579
1008820.1858991178
1009220.1938990778
1009620.2018990379
1010020.2098989979
1010420.2178989579
1010820.2258989179
1011220.2338988779
1011620.2418988378
1012020.2498987978
1012420.2578987578
1012820.2658987179
1013220.2738986779
1013620.2818986379
1014020.2898985979
1014420.2978985579
1014820.3058985178
1015220.3138984778
1015620.3218984378
1016020.3298983979
1016420.3378983579
1016820.3458983179
1017220.3538982779
1017620.3618982378
1018020.3698981978
1018420.3778981578
1018820.3858981179
1019220.3938980779
1019620.4018980379
1020020.4098979979
1020420.4178979578
1020820.4258979178
1021220.4338978778
1021620.4418978378
1022020.4498977979
1022420.4578977579
1022820.4658977179
1023220.4738976778
1023620.4818976378
1024020.4898975978
1024420.4978975578
1024820.5058975179
1025220.5138974779
1025620.5218974379
1026020.5298973978
1026420.5378973578
1026820.5458973178
1027220.5538972778
1027620.5618972378
1028020.5698971979
1028420.5778971579
1028820.5858971179
1029220.5938970778
1029620.6018970378
1030020.6098969978
1030420.6178969578
1030820.6258969178
1031220.6338968779
1031620.6418968379
1032020.6498967978
1032420.6578967578
1032820.6658967178
1033220.6738966778
1033620.6818966378
1034020.6898965979
1034420.6978965579
1034820.7058965178
1035220.7138964778
1035620.7218964378
1036020.7298963978
1036420.7378963578
1036820.7458963178
1037220.7538962779
1037620.7618962378
1038020.7698961978
1038420.7778961578
1038820.7858961178
1039220.7938960778
1039620.8018960378
1040020.8098959979
1040420.8178959579
1040820.8258959178
1041220.8338958778
1041620.8418958378
1042020.8498957978
1042420.8578957578
1042820.8658957178
1043220.8738956779
1043620.8818956378
1044020.8898955978
1044420.8978955578
1044820.9058955178
1045220.9138954778
1045620.9218954378
1046020.9298953977
1046420.9378953578
1046820.9458953178
1047220.9538952778
1047620.9618952378
1048020.9698951978
1048420.9778951578
1048820.9858951177
1049220.9938950778
1049621.0018950377
1050021.0098949978
1050421.0178949577
1050821.0258949178
1051221.0338948779
1051621.0418948377
1052021.0498947978
1052421.0578947577
1052821.0658947178
1053221.0738946777
1053621.0818946378
1054021.089894598
1054421.0978945578
1054821.1058945179
1055221.1138944777
1055621.1218944378
1056021.1298943977
1056421.1378943578
1056821.145894318
1057221.1538942778
1057621.1618942379
1058021.1698941977
1058421.1778941578
1058821.1858941177
1059221.1938940778
1059621.2018940377
1060021.2098939978
1060421.2178939579
1060821.2258939177
1061221.2338938778
1061621.2418938377
1062021.2498937978
1062421.2578937577
1062821.2658937178
1063221.2738936779
1063621.2818936377
1064021.2898935978
1064421.2978935577
1064821.3058935178
1065221.3138934777
1065621.3218934378
1066021.3298933979
1066421.3378933577
1066821.3458933178
1067221.3538932777
1067621.3618932378
1068021.3698931977
1068421.3778931578
1068821.3858931176
1069221.3938930777
1069621.4018930378
1070021.4098929977
1070421.4178929578
1070821.4258929177
1071221.4338928778
1071621.4418928376
1072021.4498927977
1072421.4578927578
1072821.4658927177
1073221.4738926778
1073621.4818926377
1074021.4898925978
1074421.4978925576
1074821.5058925177
1075221.5138924778
1075621.5218924377
1076021.5298923978
1076421.5378923577
1076821.5458923178
1077221.5538922776
1077621.5618922377
1078021.5698921976
1078421.5778921577
1078821.5858921178
1079221.5938920777
1079621.6018920378
1080021.6098919977
1080421.6178919578
1080821.6258919176
1081221.6338918777
1081621.6418918378
1082021.6498917977
1082421.6578917578
1082821.6658917177
1083221.6738916778
1083621.6818916376
1084021.6898915977
1084421.6978915578
1084821.7058915177
1085221.7138914778
1085621.7218914377
1086021.7298913978
1086421.7378913576
1086821.7458913177
1087221.7538912778
1087621.7618912377
1088021.7698911978
1088421.7778911577
1088821.7858911178
1089221.7938910776
1089621.8018910377
1090021.8098909976
1090421.8178909577
1090821.8258909178
1091221.8338908777
1091621.8418908378
1092021.8498907976
1092421.8578907577
1092821.8658907176
1093221.8738906777
1093621.8818906378
1094021.8898905977
1094421.8978905578
1094821.9058905176
1095221.9138904777
1095621.9218904376
1096021.9298903977
1096421.9378903578
1096821.9458903177
1097221.9538902778
1097621.9618902376
1098021.9698901977
1098421.9778901576
1098821.9858901177
1099221.9938900776
1099622.0018900377
1100022.0098899978
1100422.0178899576
1100822.0258899177
1101222.0338898776
1101622.0418898377
1102022.0498897976
1102422.0578897577
1102822.0658897178
1103222.0738896776
1103622.0818896377
1104022.0898895976
1104422.0978895577
1104822.1058895176
1105222.1138894777
1105622.1218894378
1106022.1298893976
1106422.1378893577
1106822.1458893176
1107222.1538892777
1107622.1618892376
1108022.1698891977
1108422.1778891576
1108822.1858891177
1109222.1938890778
1109622.2018890376
1110022.2098889977
1110422.2178889576
1110822.2258889177
1111222.2338888776
1111622.2418888377
1112022.2498887978
1112422.2578887576
1112822.2658887177
1113222.2738886776
1113622.2818886377
1114022.2898885976
1114422.2978885577
1114822.3058885178
1115222.3138884776
1115622.3218884377
1116022.3298883976
1116422.3378883577
1116822.3458883176
1117222.3538882777
1117622.3618882375
1118022.3698881976
1118422.3778881577
1118822.3858881176
1119222.3938880777
1119622.4018880376
1120022.4098879977
1120422.4178879575
1120822.4258879176
1121222.4338878777
1121622.4418878376
1122022.4498877977
1122422.4578877576
1122822.4658877177
1123222.4738876775
1123622.4818876376
1124022.4898875977
1124422.4978875576
1124822.5058875177
1125222.5138874776
1125622.5218874377
1126022.5298873975
1126422.5378873576
1126822.5458873177
1127222.5538872776
1127622.5618872377
1128022.5698871976
1128422.5778871577
1128822.5858871175
1129222.5938870776
1129622.6018870375
1130022.6098869976
1130422.6178869577
1130822.6258869176
1131222.6338868777
1131622.6418868375
1132022.6498867976
1132422.6578867575
1132822.6658867176
1133222.6738866777
1133622.6818866376
1134022.6898865977
1134422.6978865576
1134822.7058865177
1135222.7138864775
1135622.7218864376
1136022.7298863977
1136422.7378863576
1136822.7458863177
1137222.7538862776
1137622.7618862377
1138022.7698861975
1138422.7778861576
1138822.7858861175
1139222.7938860776
1139622.8018860377
1140022.8098859976
1140422.8178859577
1140822.8258859175
1141222.8338858776
1141622.8418858375
1142022.8498857976
1142422.8578857577
1142822.8658857176
1143222.8738856777
1143622.8818856375
1144022.8898855976
1144422.8978855575
1144822.9058855176
1145222.9138854777
1145622.9218854376
1146022.9298853977
1146422.9378853575
1146822.9458853176
1147222.9538852775
1147622.9618852376
1148022.9698851975
1148422.9778851576
1148822.9858851177
1149222.9938850775
1149623.0018850376
1150023.0098849975
1150423.0178849576
1150823.0258849175
1151223.0338848776
1151623.0418848377
1152023.0498847975
1152423.0578847576
1152823.0658847175
1153223.0738846776
1153623.0818846375
1154023.0898845976
1154423.0978845577
1154823.1058845175
1155223.1138844776
1155623.1218844375
1156023.1298843976
1156423.1378843575
1156823.1458843176
1157223.1538842774
1157623.1618842375
1158023.1698841976
1158423.1778841575
1158823.1858841176
1159223.1938840775
1159623.2018840376
1160023.2098839974
1160423.2178839575
1160823.2258839177
1161223.2338838775
1161623.2418838376
1162023.2498837975
1162423.2578837576
1162823.2658837175
1163223.2738836776
1163623.2818836377
1164023.2898835975
1164423.2978835576
1164823.3058835175
1165223.3138834776
1165623.3218834375
1166023.3298833976
1166423.3378833577
1166823.3458833175
1167223.3538832776
1167623.3618832375
1168023.3698831976
1168423.3778831575
1168823.3858831176
1169223.3938830774
1169623.4018830375
1170023.4098829976
1170423.4178829575
1170823.4258829176
1171223.4338828775
1171623.4418828376
1172023.4498827974
1172423.4578827575
1172823.4658827176
1173223.4738826775
1173623.4818826376
1174023.4898825975
1174423.4978825576
1174823.5058825174
1175223.5138824775
1175623.5218824376
1176023.5298823975
1176423.5378823576
1176823.5458823175
1177223.5538822776
1177623.5618822374
1178023.5698821975
1178423.5778821574
1178823.5858821175
1179223.5938820776
1179623.6018820375
1180023.6098819976
1180423.6178819574
1180823.6258819175
1181223.6338818774
1181623.6418818375
1182023.6498817976
1182423.6578817575
1182823.6658817176
1183223.6738816774
1183623.6818816375
1184023.6898815974
1184423.6978815575
1184823.7058815176
1185223.7138814775
1185623.7218814376
1186023.7298813974
1186423.7378813575
1186823.7458813174
1187223.7538812775
1187623.7618812374
1188023.7698811975
1188423.7778811576
1188823.7858811175
1189223.7938810776
1189623.8018810374
1190023.8098809975
1190423.8178809574
1190823.8258809175
1191223.8338808776
1191623.8418808375
1192023.8498807976
1192423.8578807574
1192823.8658807175
1193223.8738806774
1193623.8818806375
1194023.8898805976
1194423.8978805575
1194823.9058805176
1195223.9138804774
1195623.9218804375
1196023.9298803974
1196423.9378803575
1196823.9458803174
1197223.9538802775
1197623.9618802376
1198023.9698801974
1198423.9778801575
1198823.9858801174
1199223.9938800775
1199624.0018800374
1200024.0098799975
1200424.0178799576
1200824.0258799174
1201224.0338798775
1201624.0418798374
1202024.0498797975
1202424.0578797574
1202824.0658797175
1203224.0738796776
1203624.0818796374
1204024.0898795975
1204424.0978795574
1204824.1058795175
1205224.1138794774
1205624.1218794375
1206024.1298793976
1206424.1378793574
1206824.1458793175
1207224.1538792774
1207624.1618792375
1208024.1698791974
1208424.1778791575
1208824.1858791173
1209224.1938790774
1209624.2018790375
1210024.2098789974
1210424.2178789575
1210824.2258789174
1211224.2338788775
1211624.2418788373
1212024.2498787974
1212424.2578787575
1212824.2658787174
1213224.2738786775
1213624.2818786374
1214024.2898785975
1214424.2978785574
1214824.3058785175
1215224.3138784776
1215624.3218784374
1216024.3298783975
1216424.3378783574
1216824.3458783175
1217224.3538782774
1217624.3618782375
1218024.3698781973
1218424.3778781574
1218824.3858781175
1219224.3938780774
1219624.4018780375
1220024.4098779974
1220424.4178779575
1220824.4258779173
1221224.4338778774
1221624.4418778375
1222024.4498777974
1222424.4578777575
1222824.4658777174
1223224.4738776775
1223624.4818776373
1224024.4898775974
1224424.4978775575
1224824.5058775174
1225224.5138774775
1225624.5218774374
1226024.5298773975
1226424.5378773573
1226824.5458773174
1227224.5538772773
1227624.5618772374
1228024.5698771975
1228424.5778771574
1228824.5858771175
1229224.5938770773
1229624.6018770374
1230024.6098769973
1230424.6178769574
1230824.6258769175
1231224.6338768774
1231624.6418768375
1232024.6498767973
1232424.6578767574
1232824.6658767173
1233224.6738766774
1233624.6818766375
1234024.6898765974
1234424.6978765575
1234824.7058765173
1235224.7138764774
1235624.7218764373
1236024.7298763974
1236424.7378763573
1236824.7458763174
1237224.7538762775
1237624.7618762373
1238024.7698761974
1238424.7778761573
1238824.7858761174
1239224.7938760773
1239624.8018760374
1240024.8098759975
1240424.8178759573
1240824.8258759174
1241224.8338758773
1241624.8418758374
1242024.8498757973
1242424.8578757574
1242824.8658757175
1243224.8738756774
1243624.8818756375
1244024.8898755973
1244424.8978755574
1244824.9058755173
1245224.9138754774
1245624.9218754375
1246024.9298753974
1246424.9378753575
1246824.9458753173
1247224.9538752774
1247624.9618752373
1248024.9698751974
1248424.9778751573
1248824.9858751174
1249224.9938750775
1249625.0018750373
1250025.0098749974
1250425.0178749573
1250825.0258749174
1251225.0338748773
1251625.0418748374
1252025.0498747975
1252425.0578747573
1252825.0658747174
1253225.0738746773
1253625.0818746374
1254025.0898745973
1254425.0978745574
1254825.1058745175
1255225.1138744773
1255625.1218744374
1256025.1298743973
1256425.1378743574
1256825.1458743173
1257225.1538742774
1257625.1618742372
1258025.1698741973
1258425.1778741574
1258825.1858741173
1259225.1938740774
1259625.2018740373
1260025.2098739974
1260425.2178739572
1260825.2258739173
1261225.2338738774
1261625.2418738373
1262025.2498737974
1262425.2578737573
1262825.2658737174
1263225.2738736772
1263625.2818736373
1264025.2898735974
1264425.2978735573
1264825.3058735174
1265225.3138734773
1265625.3218734374
1266025.3298733972
1266425.3378733573
1266825.3458733172
1267225.3538732773
1267625.3618732374
1268025.3698731973
1268425.3778731574
1268825.3858731173
1269225.3938730774
1269625.4018730372
1270025.4098729973
1270425.4178729574
1270825.4258729173
1271225.4338728774
1271625.4418728373
1272025.4498727974
1272425.4578727572
1272825.4658727173
1273225.4738726774
1273625.4818726373
1274025.4898725974
1274425.4978725573
1274825.5058725174
1275225.5138724772
1275625.5218724373
1276025.5298723972
1276425.5378723573
1276825.5458723174
1277225.5538722773
1277625.5618722374
1278025.5698721972
1278425.5778721573
1278825.5858721172
1279225.5938720773
1279625.6018720374
1280025.6098719973
1280425.6178719574
1280825.6258719172
1281225.6338718773
1281625.6418718372
1282025.6498717973
1282425.6578717574
1282825.6658717173
1283225.6738716774
1283625.6818716372
1284025.6898715973
1284425.6978715572
1284825.7058715173
1285225.7138714774
1285625.7218714373
1286025.7298713974
1286425.7378713572
1286825.7458713173
1287225.7538712772
1287625.7618712373
1288025.7698711972
1288425.7778711573
1288825.7858711174
1289225.7938710772
1289625.8018710373
1290025.8098709972
1290425.8178709573
1290825.8258709172
1291225.8338708773
1291625.8418708374
1292025.8498707972
1292425.8578707573
1292825.8658707172
1293225.8738706773
1293625.8818706372
1294025.8898705973
1294425.8978705574
1294825.9058705173
1295225.9138704774
1295625.9218704372
1296025.9298703973
1296425.9378703572
1296825.9458703173
1297225.9538702772
1297625.9618702373
1298025.9698701974
1298425.9778701572
1298825.9858701173
1299225.9938700772
1299626.0018700373
1300026.0098699972
1300426.0178699573
1300826.0258699174
1301226.0338698772
1301626.0418698373
1302026.0498697972
1302426.0578697573
1302826.0658697172
1303226.0738696773
1303626.0818696374
1304026.0898695972
1304426.0978695573
1304826.1058695172
1305226.1138694773
1305626.1218694372
1306026.1298693973
1306426.1378693571
1306826.1458693172
1307226.1538692773
1307626.1618692372
1308026.1698691973
1308426.1778691572
1308826.1858691173
1309226.1938690771
1309626.2018690372
1310026.2098689973
1310426.2178689572
1310826.2258689173
1311226.2338688772
1311626.2418688373
1312026.2498687971
1312426.2578687572
1312826.2658687173
1313226.2738686772
1313626.2818686373
1314026.2898685972
1314426.2978685573
1314826.3058685171
1315226.3138684772
1315626.3218684373
1316026.3298683972
1316426.3378683573
1316826.3458683172
1317226.3538682773
1317626.3618682371
1318026.3698681972
1318426.377868157
1318826.3858681172
1319226.3938680773
1319626.4018680372
1320026.4098679973
1320426.4178679571
1320826.4258679172
1321226.4338678771
1321626.4418678372
1322026.4498677973
1322426.4578677572
1322826.4658677173
1323226.4738676772
1323626.4818676373
1324026.4898675971
1324426.4978675572
1324826.5058675173
1325226.5138674772
1325626.5218674373
1326026.5298673972
1326426.5378673573
1326826.5458673171
1327226.5538672772
1327626.561867237
1328026.5698671972
1328426.5778671573
1328826.5858671172
1329226.5938670773
1329626.6018670371
1330026.6098669972
1330426.617866957
1330826.6258669172
1331226.6338668773
1331626.6418668372
1332026.6498667973
1332426.6578667571
1332826.6658667172
1333226.673866677
1333626.6818666372
1334026.6898665973
1334426.6978665572
1334826.7058665173
1335226.7138664771
1335626.7218664372
1336026.729866397
1336426.7378663572
1336826.745866317
1337226.7538662772
1337626.7618662373
1338026.7698661971
1338426.7778661572
1338826.785866117
1339226.7938660772
1339626.801866037
1340026.8098659972
1340426.8178659573
1340826.8258659171
1341226.8338658772
1341626.841865837
1342026.8498657972
1342426.857865757
1342826.8658657172
1343226.8738656773
1343626.8818656371
1344026.8898655972
1344426.897865557
1344826.9058655172
1345226.913865477
1345626.9218654372
1346026.929865397
1346426.9378653571
1346826.9458653172
1347226.953865277
1347626.9618652372
1348026.969865197
1348426.9778651572
1348826.985865117
1349226.9938650772
1349627.0018650373
1350027.0098649971
1350427.0178649572
1350827.025864917
1351227.0338648772
1351627.041864837
1352027.0498647972
1352427.0578647573
1352827.0658647171
1353227.0738646772
1353627.081864637
1354027.0898645972
1354427.097864557
1354827.1058645172
1355227.1138644773
1355627.1218644371
1356027.1298643972
1356427.137864357
1356827.1458643172
1357227.153864277
1357627.1618642372
1358027.169864197
1358427.1778641571
1358827.1858641172
1359227.193864077
1359627.2018640372
1360027.209863997
1360427.2178639572
1360827.225863917
1361227.2338638771
1361627.2418638372
1362027.249863797
1362427.2578637572
1362827.265863717
1363227.2738636772
1363627.281863637
1364027.2898635971
1364427.2978635572
1364827.305863517
1365227.3138634772
1365627.321863437
1366027.3298633972
1366427.337863357
1366827.3458633171
1367227.353863277
1367627.361863237
1368027.3698631972
1368427.377863157
1368827.3858631172
1369227.393863077
1369627.4018630371
1370027.409862997
1370427.417862957
1370827.4258629172
1371227.433862877
1371627.4418628372
1372027.449862797
1372427.4578627571
1372827.465862717
1373227.473862677
1373627.4818626372
1374027.489862597
1374427.4978625572
1374827.505862517
1375227.5138624771
1375627.521862437
1376027.5298623971
1376427.537862357
1376827.545862317
1377227.5538622772
1377627.561862237
1378027.5698621972
1378427.577862157
1378827.5858621171
1379227.593862077
1379627.601862037
1380027.6098619972
1380427.617861957
1380827.6258619172
1381227.633861877
1381627.6418618371
1382027.649861797
1382427.657861757
1382827.6658617172
1383227.673861677
1383627.6818616372
1384027.689861597
1384427.6978615571
1384827.705861517
1385227.713861477
1385627.721861437
1386027.729861397
1386427.7378613572
1386827.745861317
1387227.7538612771
1387627.761861237
1388027.769861197
1388427.777861157
1388827.785861117
1389227.7938610772
1389627.801861037
1390027.8098609971
1390427.817860957
1390827.825860917
1391227.833860877
1391627.841860837
1392027.8498607972
1392427.857860757
1392827.8658607171
1393227.873860677
1393627.881860637
1394027.889860597
1394427.897860557
1394827.9058605172
1395227.913860477
1395627.9218604371
1396027.929860397
1396427.937860357
1396827.945860317
1397227.953860277
1397627.961860237
1398027.969860197
1398427.9778601571
1398827.985860117
1399227.993860077
1399628.001860037
1400028.009859997
1400428.017859957
1400828.025859917
1401228.0338598771
1401628.041859837
1402028.049859797
1402428.057859757
1402828.065859717
1403228.073859677
1403628.081859637
1404028.0898595972
1404428.097859557
1404828.1058595171
1405228.113859477
1405628.121859437
1406028.129859397
1406428.137859357
1406828.145859317
1407228.153859277
1407628.1618592371
1408028.169859197
1408428.177859157
1408828.185859117
1409228.193859077
1409628.201859037
1410028.209858997
1410428.2178589571
1410828.225858917
1411228.233858877
1411628.241858837
1412028.249858797
1412428.257858757
1412828.265858717
1413228.2738586771
1413628.281858637
1414028.289858597
1414428.297858557
1414828.305858517
1415228.313858477
1415628.321858437
1416028.329858397
1416428.337858357
1416828.345858317
1417228.353858277
1417628.361858237
1418028.369858197
1418428.377858157
1418828.385858117
1419228.393858077
1419628.401858037
1420028.409857997
1420428.417857957
1420828.425857917
1421228.433857877
1421628.441857837
1422028.449857797
1422428.457857757
1422828.465857717
1423228.473857677
1423628.481857637
1424028.489857597
1424428.497857557
1424828.505857517
1425228.5138574769
1425628.521857437
1426028.529857397
1426428.537857357
1426828.545857317
1427228.553857277
1427628.561857237
1428028.5698571969
1428428.577857157
1428828.585857117
1429228.593857077
1429628.601857037
1430028.609856997
1430428.617856957
1430828.625856917
1431228.633856877
1431628.641856837
1432028.649856797
1432428.657856757
1432828.665856717
1433228.673856677
1433628.681856637
1434028.689856597
1434428.697856557
1434828.705856517
1435228.713856477
1435628.721856437
1436028.729856397
1436428.737856357
1436828.745856317
1437228.7538562769
1437628.761856237
1438028.769856197
1438428.777856157
1438828.785856117
1439228.793856077
1439628.801856037
1440028.8098559969
1440428.817855957
1440828.825855917
1441228.833855877
1441628.841855837
1442028.849855797
1442428.857855757
1442828.8658557169
1443228.873855677
1443628.881855637
1444028.889855597
1444428.897855557
1444828.905855517
1445228.913855477
1445628.9218554369
1446028.929855397
1446428.9378553568
1446828.945855317
1447228.953855277
1447628.961855237
1448028.969855197
1448428.9778551569
1448828.985855117
1449228.9938550768
1449629.001855037
1450029.009854997
1450429.017854957
1450829.025854917
1451229.0338548769
1451629.041854837
1452029.0498547968
1452429.057854757
1452829.065854717
1453229.073854677
1453629.081854637
1454029.0898545969
1454429.097854557
1454829.1058545168
1455229.113854477
1455629.1218544368
1456029.129854397
1456429.137854357
1456829.145854317
1457229.153854277
1457629.1618542369
1458029.169854197
1458429.1778541568
1458829.185854117
1459229.193854077
1459629.201854037
1460029.209853997
1460429.2178539569
1460829.225853917
1461229.2338538768
1461629.241853837
1462029.249853797
1462429.257853757
1462829.265853717
1463229.2738536769
1463629.281853637
1464029.2898535968
1464429.297853557
1464829.3058535168
1465229.313853477
1465629.321853437
1466429.3378533563
1466553.1808172388
1466677.034239913
1466800.8981222631
1466924.772465169
1467048.65726952
1467172.5525361965
1467296.4582660825
1467420.3744600613
1467544.301119017
1467668.2382438297
1467792.18583539
1467916.1438945783
1468040.1124222788
1468164.0914193757
1468288.080886753
1468412.0808252923
1468536.0912358833
1468660.1121194079
1468784.1434767502
1468908.185308795
1469032.2376164268
1469156.3004005272
1469280.373661987
1469404.4574016884
1469528.5516205158
1469652.6563193544
1469776.7714990892
1469900.8971606025
1470025.0333047851
1470149.17993252
1470273.337044692
1470397.5046421865
1470521.6827258891
1470645.8712966826
1470770.0703554584
1470894.2799030994
1471018.4999404913
1471142.73046852
1471266.9714880716
1471391.2230000289
1471515.4850052842
1471639.7575047205
1471764.040499224
1471888.3339896814
1472012.637976979
1472136.9524619998
1472261.277445637
1472385.6129287737
1472509.9589122972
1472634.3153970938
1472758.6823840502
1472883.059874051
1473007.4478679886
1473131.8463667473
1473256.2553712144
1473380.6748822767
1473505.104900822
1473629.5454277343
1473753.9964639074
1473878.4580102256
1474002.9300675762
1474127.4126368477
1474251.905718927
1474376.4093146997
1474500.923425059
1474625.4480508904
1474749.9831930816
1474874.5288525207
1474999.0850300964
1475123.6517266934
1475248.2289432064
1475372.8166805208
1475497.4149395248
1475622.0237211073
1475746.643026157
1475871.2728555594
1475995.9132102095
1476120.5640909928
1476245.2254987988
1476369.897434516
1476494.579899034
1476619.2728932388
1476743.9764180253
1476868.6904742804
1476993.415062893
1477118.150184753
1477242.8958407496
1477367.6520317695
1477492.4187587088
1477617.1960224537
1477741.9838238945
1477866.7821639208
1477991.591043423
1478116.4104632877
1478241.2404244114
1478366.0809276812
1478490.9319739875
1478615.7935642207
1478740.665699271
1478865.5483800261
1478990.4416073826
1479115.3453822283
1479240.2597054539
1479365.18457795
1479490.1200006078
1479615.065974315
1479740.022499969
1479864.9895784578
1479989.9672106723
1480114.9553975044
1480239.954139845
1480364.9634385826
1480489.9832946148
1480615.01370883
1480740.0546821202
1480865.1062153769
1480990.1683094918
1481115.240965354
1481240.3241838615
1481365.4179659032
1481490.5223123713
1481615.6372241578
1481740.7627021552
1481865.8987472525
1481991.0453603487
1482116.2025423327
1482241.3702940973
1482366.5486165353
1482491.7375105391
1482616.9369769988
1482742.147016813
1482867.3676308717
1482992.5988200682
1483117.840585295
1483243.092927446
1483368.3558474109
1483493.6293460892
1483618.9134243713
1483744.2080831507
1483869.5133233208
1483994.8291457754
1484120.155551405
1484245.4925411094
1484370.8401157798
1484496.1982763098
1484621.5670235932
1484746.9463585247
1484872.3362819948
1484997.736794904
1485123.1478981439
1485248.5695926081
1485374.001879192
1485499.4447587894
1485624.8982322922
1485750.3623006009
1485875.8369646075
1486001.3222252068
1486126.8180832933
1486252.3245397627
1486377.8415955063
1486503.3692514256
1486628.907508413
1486754.4563673635
1486880.0158291725
1487005.5858947355
1487131.166564945
1487256.7578407023
1487382.3597229004
1487507.9722124352
1487633.595310202
1487759.229017097
1487884.8733340132
1488010.5282618525
1488136.193801508
1488261.869953876
1488387.5567198526
1488513.2541003344
1488638.9620962145
1488764.6807083958
1488890.4099377715
1489016.1497852383
1489141.900251693
1489267.6613380327
1489393.4330451507
1489519.2153739503
1489645.0083253253
1489770.811900173
1489896.6260993907
1490022.4509238752
1490148.286374521
1490274.1324522318
1490399.9891579018
1490525.8564924286
1490651.7344567098
1490777.6230516431
1490903.5222781235
1491029.4321370546
1491155.3526293314
1491281.283755852
1491407.2255175142
1491533.1779152164
1491659.140949854
1491785.114622331
1491911.0989335428
1492037.093884388
1492163.0994757651
1492289.1157085728
1492415.1425837066
1492541.1801020715
1492667.2282645633
1492793.2870720807
1492919.3565255227
1493045.4366257887
1493171.5273737744
1493297.6287703854
1493423.740816518
1493549.8635130713
1493675.996860945
1493802.1408610381
1493928.295514248
1494054.4608214798
1494180.6367836306
1494306.8234016001
1494433.020676288
1494559.2286085947
1494685.4471994168
1494811.6764496607
1494937.9163602237
1495064.166932006
1495190.4281659075
1495316.7000628295
1495442.9826236689
1495569.2758493323
1495695.5797407175
1495821.8942987255
1495948.219524257
1496074.5554182124
1496200.9019814902
1496327.2592149973
1496453.6271196317
1496580.0056962948
1496706.3949458878
1496832.794869312
1496959.205467466
1497085.626741257
1497212.058691584
1497338.501319348
1497464.9546254515
1497591.4186107959
1497717.8932762798
1497844.3786228118
1497970.8746512905
1498097.3813626182
1498223.8987576969
1498350.4268374292
1498476.9656027139
1498603.51505446
1498730.0751935667
1498856.6460209365
1498983.2275374723
1499109.8197440766
1499236.4226416491
1499363.0362310992
1499489.660513326
1499616.2954892335
1499742.9411597243
1499869.5975257014
1499996.2645880652
1500122.9423477252
1500249.6308055818
1500376.3299625383
1500503.0398194983
1500629.7603773656
1500756.4916370406
1500883.2335994337
1501009.986265445
1501136.7496359788
1501263.5237119393
1501390.3084942303
1501517.1039837531
1501643.9101814178
1501770.7270881261
1501897.554704782
1502024.3930322903
1502151.2420715552
1502278.1018234785
1502404.972288971
1502531.8534689345
1502658.7453642737
1502785.6479758935
1502912.5613046992
1503039.4853515925
1503166.4201174849
1503293.3656032784
1503420.3218098786
1503547.2887381904
1503674.26638912
1503801.2547635692
1503928.2538624501
1504055.2636866653
1504182.2842371205
1504309.3155147214
1504436.3575203745
1504563.410254982
1504690.4737194567
1504817.5479147013
1504944.6328416225
1505071.728501126
1505198.8348941186
1505325.9520215066
1505453.0798841936
1505580.2184830925
1505707.3678191064
1505834.5278931425
1505961.6987061077
1506088.8802589085
1506216.0725524493
1506343.275587643
1506470.4893653938
1506597.713886609
1506724.9491521958
1506852.1951630616
1506979.451920111
1507106.7194242573
1507233.9976764051
1507361.2866774625
1507488.5864283368
1507615.8969299363
1507743.2181831652
1507870.5501889384
1507997.8929481602
1508125.2464617393
1508252.6107305835
1508379.9857556017
1508507.3715376984
1508634.7680777889
1508762.1753767782
1508889.5934355753
1509017.0222550884
1509144.4618362268
1509271.912179896
1509399.373287011
1509526.8451584778
1509654.3277952054
1509781.821198103
1509909.32536808
1510036.8403060425
1510164.3660129057
1510291.9024895767
1510419.4497369644
1510547.0077559785
1510674.576547529
1510802.1561125224
1510929.7464518747
1511057.3475664926
1511184.9594572864
1511312.5821251657
1511440.2155710412
1511567.8597958197
1511695.5148004177
1511823.1805857427
1511950.8571527048
1512078.5445022148
1512206.2426351833
1512333.9515525177
1512461.6712551352
1512589.4017439433
1512717.1430198532
1512844.8950837757
1512972.6579366217
1513100.4315792997
1513228.2160127268
1513356.011237811
1513483.8172554644
1513611.6340665978
1513739.4616721228
1513867.3000729482
1513995.1492699918
1514123.009264162
1514250.880056371
1514378.7616475304
1514506.6540385524
1514634.557230346
1514762.4712238293
1514890.3960199116
1515018.3316195053
1515146.2780235226
1515274.235232876
1515402.203248475
1515530.1820712383
1515658.1717020757
1515786.1721418996
1515914.1833916232
1516042.2054521593
1516170.2383244177
1516298.2820093178
1516426.3365077693
1516554.4018206862
1516682.4779489809
1516810.5648935675
1516938.6626553559
1517066.771235266
1517194.8906342082
1517323.0208530966
1517451.1618928444
1517579.3137543658
1517707.4764385715
1517835.6499463818
1517963.8342787074
1518092.0294364628
1518220.235420562
1518348.4522319196
1518476.6798714467
1518604.9183400637
1518733.1676386823
1518861.4277682172
1518989.6987295828
1519117.9805236943
1519246.2731514631
1519374.5766138104
1519502.890911648
1519631.2160458914
1519759.5520174552
1519887.898827255
1520016.256476203
1520144.6249652207
1520273.0042952204
1520401.3944671175
1520529.795481828
1520658.2073402675
1520786.6300433485
1520915.0635919932
1521043.5079871144
1521171.963229628
1521300.4293204504
1521428.9062604972
1521557.3940506822
1521685.8926919273
1521814.4021851462
1521942.9225312553
1522071.453731171
1522199.9957858103
1522328.5486960863
1522457.1124629222
1522585.687087232
1522714.2725699323
1522842.8689119401
1522971.4761141727
1523100.0941775441
1523228.7231029777
1523357.3628913877
1523486.0135436917
1523614.6750608068
1523743.347443651
1523872.0306931385
1524000.7248101935
1524129.4297957304
1524258.1456506671
1524386.8723759218
1524515.6099724122
1524644.3584410534
1524773.11778277
1524901.8879984769
1525030.6690890926
1525159.4610555354
1525288.2638987238
1525417.077619573
1525545.9022190084
1525674.7376979452
1525803.5840573022
1525932.4412979987
1526061.309420953
1526190.1884270816
1526319.0783173095
1526447.979092553
1526576.8907537311
1526705.8133017633
1526834.7467375689
1526963.6910620644
1527092.6462761757
1527221.6123808192
1527350.5893769143
1527479.5772653816
1527608.5760471402
1527737.5857231072
1527866.6062942091
1527995.6377613628
1528124.6801254882
1528253.733387506
1528382.7975483362
1528511.8726088963
1528640.9585701132
1528770.055432904
1528899.1631981896
1529028.2818668904
1529157.4114399278
1529286.551918219
1529415.7033026915
1529544.8655942632
1529674.0387938553
1529803.222902389
1529932.4179207853
1530061.6238499628
1530190.8406908489
1530320.0684443621
1530449.3071114242
1530578.5566929565
1530707.817189881
1530837.0886031163
1530966.3709335907
1531095.664182223
1531224.968349935
1531354.283437649
1531483.6094462874
1531612.9463767693
1531742.2942300232
1531871.6530069686
1532001.0227085277
1532130.4033356232
1532259.7948891781
1532389.197370112
1532518.6107793537
1532648.035117823
1532777.470386443
1532906.916586137
1533036.3737178277
1533165.8417824355
1533295.32078089
1533424.8107141114
1533554.311583023
1533683.8233885486
1533813.3461316114
1533942.8798131326
1534072.4244340416
1534201.9799952595
1534331.5464977103
1534461.1239423177
1534590.712330006
1534720.3116616963
1534849.9219383188
1534979.5431607948
1535109.175330049
1535238.8184470055
1535368.472512589
1535498.1375277212
1535627.8134933326
1535757.5004103454
1535887.198279684
1536016.9071022738
1536146.6268790392
1536276.357610903
1536406.099298796
1536535.8519436405
1536665.6155463618
1536795.3901078855
1536925.1756291369
1537054.9721110384
1537184.7795545221
1537314.5979605105
1537444.4273299295
1537574.267663705
1537704.1189627629
1537833.9812280259
1537963.8544604266
1538093.738660888
1538223.6338303364
1538353.539969698
1538483.4570798997
1538613.3851618646
1538743.3242165253
1538873.2742448056
1539003.2352476323
1539133.2072259318
1539263.1901806316
1539393.1841126552
1539523.189022936
1539653.204912398
1539783.2317819684
1539913.2696325746
1540043.3184651437
1540173.3782806003
1540303.449079878
1540433.5308639014
1540563.6236335982
1540693.727389896
1540823.8421337227
1540953.9678660033
1541084.1045876718
1541214.2522996534
1541344.4110028758
1541474.5806982676
1541604.7613867573
1541734.9530692694
1541865.1557467396
1541995.3694200926
1542125.5940902573
1542255.8297581624
1542386.0764247365
1542516.3340909057
1542646.6027576048
1542776.88242576
1542907.1730963003
1543037.4747701546
1543167.7874482526
1543298.1111315202
1543428.4458208932
1543558.7915172977
1543689.148221664
1543819.5159349206
1543949.8946579983
1544080.284391823
1544210.6851373315
1544341.09689545
1544471.519667109
1544601.9534532384
1544732.3982547685
1544862.8540726292
1544993.3209077483
1545123.7987610623
1545254.2876334982
1545384.7875259873
1545515.2984394596
1545645.820374846
1545776.3533330744
1545906.897315082
1546037.4523217964
1546168.0183541488
1546298.5954130702
1546429.183499492
1546559.7826143422
1546690.3927585585
1546821.0139330695
1546951.6461388061
1547082.2893767005
1547212.9436476843
1547343.6089526857
1547474.2852926434
1547604.9726684857
1547735.6710811448
1547866.380531553
1547997.101020642
1548127.8325493415
1548258.5751185894
1548389.3287293154
1548520.093382452
1548650.8690789316
1548781.6558196868
1548912.4536056472
1549043.262437752
1549174.0823169309
1549304.9132441166
1549435.7552202423
1549566.6082462412
1549697.4723230435
1549828.3474515881
1549959.233632806
1550090.13086763
1550221.0391569939
1550351.9585018312
1550482.8889030723
1550613.8303616575
1550744.7828785174
1550875.7464545856
1551006.7210907964
1551137.7067880838
1551268.7035473785
1551399.7113696213
1551530.7302557435
1551661.7602066789
1551792.8012233626
1551923.8533067284
1552054.9164577085
1552185.9906772433
1552317.0759662648
1552448.1723257077
1552579.279756507
1552710.3982595976
1552841.5278359111
1552972.6684863896
1553103.820211965
1553234.9830135722
1553366.156892147
1553497.3418486249
1553628.5378839378
1553759.7449990283
1553890.9631948287
1554022.1924722746
1554153.432832302
1554284.684275847
1554415.9468038422
1554547.2204172302
1554678.5051169437
1554809.8009039196
1554941.1077790938
1555072.4257434027
1555203.7547977797
1555335.0949431679
1555466.4461805006
1555597.8085107147
1555729.1819347467
1555860.5664535337
1555991.9620680094
1556123.3687791175
1556254.7865877915
1556386.2154949692
1556517.655501587
1556649.1066085834
1556780.5688168919
1556912.0421274565
1557043.5265412116
1557175.0220590953
1557306.528682045
1557438.0464109983
1557569.5752468905
1557701.1151906657
1557832.6662432589
1557964.228405608
1558095.8016786515
1558227.3860633278
1558358.9815605718
1558490.5881713284
1558622.2058965333
1558753.8347371249
1558885.4746940418
1559017.125768223
1559148.787960604
1559280.4612721305
1559412.1457037379
1559543.8412563656
1559675.5479309526
1559807.2657284385
1559938.994649759
1560070.7346958604
1560202.4858676787
1560334.2481661534
1560466.0215922245
1560597.8061468315
1560729.6018309111
1560861.4086454096
1560993.226591264
1561125.0556694139
1561256.8958807997
1561388.7472263617
1561520.609707037
1561652.4833237722
1561784.368077505
1561916.2639691753
1562048.1709997242
1562180.089170092
1562312.0184812169
1562443.9589340456
1562575.910529516
1562707.8732685691
1562839.8471521463
1562971.8321811883
1563103.8283566334
1563235.8356794296
1563367.8541505146
1563499.88377083
1563631.9245413176
1563763.976462919
1563896.0395365728
1564028.1137632271
1564160.1991438204
1564292.2956792952
1564424.403370593
1564556.522218656
1564688.6522244236
1564820.7933888442
1564952.9457128572
1565085.1091974047
1565217.2838434295
1565349.4696518742
1565481.666623678
1565613.8747597905
1565746.094061151
1565878.3245287025
1566010.566163388
1566142.818966151
1566275.082937931
1566407.3580796777
1566539.6443923311
1566671.9418768352
1566804.2505341328
1566936.570365168
1567068.9013708807
1567201.2435522215
1567333.5969101307
1567465.9614455523
1567598.3371594304
1567730.724052709
1567863.1221263288
1567995.5313812406
1568127.9518183854
1568260.3834387076
1568392.8262431514
1568525.2802326619
1568657.7454081802
1568790.221770657
1568922.7093210344
1569055.208060257
1569187.7179892699
1569320.2391090177
1569452.7714204427
1569585.3149244962
1569717.8696221204
1569850.4355142605
1569983.0126018622
1570115.6008858706
1570248.2003672281
1570380.811046887
1570513.4329257896
1570646.0660048816
1570778.7102851092
1570911.3657674182
1571044.0324527514
1571176.7103420615
1571309.399436291
1571442.099736387
1571574.811243295
1571707.533957962
1571840.267881331
1571973.0130143552
1572105.7693579781
1572238.5369131465
1572371.315680807
1572504.1056619065
1572636.906857389
1572769.7192682081
1572902.5428953073
1573035.3777396344
1573168.2238021363
1573301.0810837604
1573433.949585451
1573566.8293081624
1573699.720252839
1573832.6224204279
1573965.5358118776
1574098.4604281355
1574231.3962701466
1574364.3433388653
1574497.3016352365
1574630.2711602084
1574763.2519147291
1574896.2438997475
1575029.2471162083
1575162.2615650666
1575295.2872472678
1575428.3241637605
1575561.3723154936
1575694.431703416
1575827.5023284731
1575960.5841916206
1576093.6772938042
1576226.7816359734
1576359.8972190768
1576493.0240440643
1576626.1621118817
1576759.3114234852
1576892.471979821
1577025.643781839
1577158.8268304884
1577292.0211267194
1577425.2266714785
1577558.4434657223
1577691.6715103975
1577824.910806454
1577958.1613548421
1578091.4231565124
1578224.6962124119
1578357.9805234973
1578491.276090716
1578624.5829150188
1578757.900997356
1578891.2303386787
1579024.570939934
1579157.9228020802
1579291.2859260642
1579424.6603128377
1579558.0459633514
1579691.4428785567
1579824.8510594019
1579958.2705068444
1580091.701221833
1580225.143205319
1580358.5964582541
1580492.0609815898
1580625.5367762751
1580759.0238432682
1580892.5221835175
1581026.0317979755
1581159.5526875942
1581293.0848533255
1581426.628296119
1581560.183016933
1581693.749016717
1581827.3262964236
1581960.9148570055
1582094.5146994148
1582228.1258246019
1582361.7482335253
1582495.3819271352
1582629.0269063844
1582762.6831722262
1582896.3507256135
1583030.0295674969
1583163.7196988354
1583297.4211205796
1583431.133833683
1583564.8578390991
1583698.5931377818
1583832.3397306844
1583966.0976187577
1584099.8668029625
1584233.6472842488
1584367.4390635712
1584501.2421418834
1584635.0565201368
1584768.8821992918
1584902.7191803001
1585036.5674641156
1585170.4270516932
1585304.2979439872
1585438.1801419526
1585572.073646541
1585705.9784587133
1585839.8945794217
1585973.822009621
1586107.7607502663
1586241.710802313
1586375.6721667128
1586509.6448444277
1586643.62883641
1586777.624143615
1586911.6307669983
1587045.6487075158
1587179.67796612
1587313.7185437728
1587447.7704414274
1587581.8336600396
1587715.9082005653
1587849.9940639609
1587984.0912511793
1588118.1997631832
1588252.319600926
1588386.450765364
1588520.593257454
1588654.7470781521
1588788.9122284125
1588923.088709198
1589057.2765214622
1589191.4756661626
1589325.6861442556
1589459.9079566987
1589594.1411044458
1589728.3855884606
1589862.6414096975
1589996.9085691136
1590131.1870676663
1590265.4769063138
1590399.7780860101
1590534.0906077197
1590668.4144723972
1590802.7496810004
1590937.0962344871
1591071.4541338158
1591205.8233799415
1591340.2039738286
1591474.5959164323
1591608.999208711
1591743.4138516234
1591877.839846128
1592012.27719318
1592146.725893745
1592281.1859487784
1592415.657359239
1592550.1401260858
1592684.6342502781
1592819.1397327716
1592953.6565745322
1593088.1847765157
1593222.7243396817
1593357.2752649898
1593491.8375533991
1593626.4112058664
1593760.996223358
1593895.59260683
1594030.2003572425
1594164.8194755556
1594299.4499627291
1594434.0918197199
1594568.745047495
1594703.4096470112
1594838.085619229
1594972.7729651085
1595107.4716856107
1595242.1817816927
1595376.9032543215
1595511.6361044552
1595646.380333054
1595781.1359410794
1595915.902929492
1596050.6812992499
1596185.4710513207
1596320.2721866623
1596455.0847062361
1596589.9086110035
1596724.7439019263
1596859.5905799624
1596994.4486460802
1597129.3181012382
1597264.1989463982
1597399.091182522
1597533.994810572
1597668.9098315062
1597803.836246294
1597938.774055894
1598073.7232612688
1598208.6838633807
1598343.6558631922
1598478.6392616623
1598613.6340597605
1598748.640258446
1598883.6578586819
1599018.686861431
1599153.727267656
1599288.779078317
1599423.8422943836
1599558.9169168156
1599694.0029465766
1599829.1003846293
1599964.209231938
1600099.3294894625
1600234.461158173
1600369.6042390298
1600504.7587329969
1600639.9246410383
1600775.1019641175
1600910.2907031956
1601045.490859243
1601180.7024332208
1601315.9254260934
1601451.1598388248
1601586.4056723795
1601721.662927719
1601856.9316058143
1601992.2117076267
1602127.503234121
1602262.8061862623
1602398.1205650151
1602533.4463713414
1602668.7836062126
1602804.1322705906
1602939.492365441
1603074.8638917292
1603210.2468504198
1603345.6412424757
1603481.047068869
1603616.464330562
1603751.89302852
1603887.3331637094
1604022.784737096
1604158.2477496422
1604293.7222023208
1604429.2080960947
1604564.7054319303
1604700.2142107934
1604835.7344336507
1604971.2661014656
1605106.8092152106
1605242.3637758498
1605377.9297843494
1605513.5072416763
1605649.0961487973
1605784.6965066765
1605920.308316287
1606055.9315785929
1606191.5662945611
1606327.2124651594
1606462.870091355
1606598.5391741118
1606734.2197144039
1606869.911713196
1607005.6151714555
1607141.3300901502
1607277.0564702481
1607412.7943127137
1607548.5436185217
1607684.304388637
1607820.0766240275
1607955.8603256615
1608091.6554945076
1608227.462131531
1608363.2802377064
1608499.1098139992
1608634.9508613783
1608770.8033808123
1608906.6673732703
1609042.5428397174
1609178.4297811296
1609314.3281984727
1609450.2380927156
1609586.1594648277
1609722.0923157784
1609858.0366465338
1609993.9924580697
1610129.9597513527
1610265.9385273524
1610401.9287870387
1610537.930531381
1610673.943761346
1610809.9684779106
1610946.0046820412
1611082.0523747082
1611218.111556882
1611354.1822295324
1611490.264393627
1611626.3580501424
1611762.463200046
1611898.5798443088
1612034.7079839013
1612170.847619794
1612306.9987529549
1612443.1613843613
1612579.3355149813
1612715.5211457855
1612851.7182777456
1612987.9269118328
1613124.147049015
1613260.3786902702
1613396.6218365668
1613532.8764888765
1613669.142648171
1613805.420315422
1613941.709491598
1614078.0101776777
1614214.3223746298
1614350.6460834262
1614486.9813050395
1614623.3280404415
1614759.6862906017
1614896.056056499
1615032.4373391026
1615168.830139385
1615305.2344583191
1615441.6502968776
1615578.07765603
1615714.5165367557
1615850.9669400246
1615987.42886681
1616123.9023180848
1616260.3872948224
1616396.8837979927
1616533.3918285759
1616669.911387542
1616806.442475865
1616942.985094518
1617079.539244475
1617216.104926707
1617352.682142194
1617489.2708919067
1617625.8711768193
1617762.4829979062
1617899.1063561414
1618035.741252496
1618172.3876879509
1618309.0456634774
1618445.71518005
1618582.3962386437
1618719.088840233
1618855.7929857895
1618992.5086762945
1619129.2359127197
1619265.9746960406
1619402.725027232
1619539.486907269
1619676.260337124
1619813.0453177788
1619949.8418502058
1620086.6499353803
1620223.4695742782
1620360.3007678748
1620497.143517143
1620633.9978230654
1620770.8636866144
1620907.7411087663
1621044.630090497
1621181.5306327827
1621318.4427365966
1621455.3664029217
1621592.3016327312
1621729.2484270015
1621866.2067867094
1622003.1767128315
1622140.1582063413
1622277.1512682224
1622414.1558994483
1622551.1721009964
1622688.1998738435
1622825.239218967
1622962.2901373408
1623099.3526299489
1623236.4266977655
1623373.5123417682
1623510.6095629346
1623647.7183622422
1623784.8387406657
1623921.9706991897
1624059.1142387888
1624196.2693604408
1624333.436065124
1624470.6143538167
1624607.804227494
1624745.0056871404
1624882.2187337314
1625019.4433682454
1625156.6795916613
1625293.9274049576
1625431.186809113
1625568.4578051032
1625705.7403939136
1625843.03457652
1625980.340353902
1626117.657727038
1626254.9866969045
1626392.3272644875
1626529.6794307628
1626667.0431967103
1626804.4185633094
1626941.8055315397
1627079.2041023811
1627216.6142768103
1627354.0360558138
1627491.4694403682
1627628.9144314537
1627766.3710300503
1627903.8392371386
1628041.3190536955
1628178.810480708
1628316.3135191533
1628453.8281700122
1628591.3544342653
1628728.8923128934
1628866.441806874
1629004.0029171945
1629141.575644833
1629279.1599907703
1629416.7559559876
1629554.3635414662
1629691.9827481844
1629829.6135771298
1629967.256029281
1630104.9101056196
1630242.575807127
1630380.253134785
1630517.9420895723
1630655.6426724775
1630793.3548844792
1630931.0787265596
1631068.8141997007
1631206.561304885
1631344.3200430914
1631482.090415309
1631619.8724225168
1631757.6660656976
1631895.4713458342
1632033.288263909
1632171.1168209019
1632308.9570178024
1632446.80885559
1632584.6723352477
1632722.5474577593
1632860.4342241075
1632998.3326352723
1633136.2426922442
1633274.164396003
1633412.0977475324
1633550.042747816
1633687.999397838
1633825.9676985785
1633963.947651028
1634101.9392561675
1634239.942514981
1634377.9574284523
1634515.9839975664
1634654.0222233036
1634792.0721066555
1634930.133648603
1635068.2068501306
1635206.2917122233
1635344.3882358656
1635482.496422039
1635620.6162717354
1635758.747785936
1635896.8909656266
1636035.0458117917
1636173.2123254167
1636311.3905074836
1636449.5803589849
1636587.7818809021
1636725.9950742214
1636864.2199399283
1637002.4564790083
1637140.704692444
1637278.9645812283
1637417.2361463436
1637555.519388776
1637693.8143095118
1637832.120909537
1637970.439189835
1638108.7691513984
1638247.1107952108
1638385.4641222586
1638523.8291335285
1638662.2058300073
1638800.5942126785
1638938.9942825355
1639077.4060405623
1639215.8294877459
1639354.2646250732
1639492.7114535316
1639631.1699741052
1639769.6401877883
1639908.1220955646
1640046.6156984218
1640185.1209973479
1640323.6379933304
1640462.1666873537
1640600.7070804127
1640739.259173492
1640877.8229675794
1641016.3984636634
1641154.985662732
1641293.5845657703
1641432.1951737737
1641570.817487727
1641709.451508619
1641848.097237438
1641986.7546751732
1642125.42382281
1642264.1046813438
1642402.7972517603
1642541.501535049
1642680.2175321986
1642818.9452441987
1642957.6846720348
1643096.4358167036
1643235.198679191
1643373.9732604867
1643512.7595615801
1643651.5575834613
1643790.3673271167
1643929.1887935428
1644068.0219837262
1644206.8668986573
1644345.7235393259
1644484.5919067226
1644623.4720018343
1644762.363825658
1644901.2673791812
1645040.1826633941
1645179.1096792875
1645318.0484278523
1645456.9989100758
1645595.9611269557
1645734.9350794798
1645873.920768639
1646012.9181954248
1646151.927360828
1646290.948265837
1646429.9809114498
1646569.0252986546
1646708.0814284428
1646847.1493018062
1646986.2289197368
1647125.3202832227
1647264.4233932628
1647403.5382508459
1647542.6648569636
1647681.8032126087
1647820.953318773
1647960.1151764458
1648099.288786626
1648238.474150303
1648377.6712684692
1648516.8801421174
1648656.1007722404
1648795.3331598279
1648934.577305879
1649073.8332113838
1649213.1008773355
1649352.3803047268
1649491.6714945515
1649630.9744477991
1649770.2891654703
1649909.615648555
1650048.9538980469
1650188.3039149393
1650327.6657002266
1650467.039254899
1650606.424579957
1650745.8216763916
1650885.2305451967
1651024.6511873666
1651164.0836038955
1651303.5277957744
1651442.9837640047
1651582.4515095775
1651721.931033487
1651861.4223367285
1652000.9254202964
1652140.4402851826
1652279.9669323883
1652419.5053629053
1652559.055577729
1652698.6175778543
1652838.1913642767
1652977.7769379881
1653117.3742999907
1653256.9834512768
1653396.604392842
1653536.2371256817
1653675.8816507922
1653815.5379691655
1653955.2060818048
1654094.8859897023
1654234.5776938547
1654374.2811952578
1654513.996494908
1654653.723593798
1654793.4624929316
1654933.2131933016
1655072.9756959048
1655212.750001738
1655352.5361117977
1655492.3340270778
1655632.1437485816
1655771.965277303
1655911.7986142393
1656051.6437603876
1656191.500716745
1656331.3694843056
1656471.250064074
1656611.142457044
1656751.0466642135
1656890.9626865801
1657030.8905251415
1657170.8301808925
1657310.7816548375
1657450.7449479715
1657590.7200612926
1657730.706995799
1657870.705752489
1658010.7163323574
1658150.73873641
1658290.7729656415
1658430.8190210506
1658570.8769036364
1658710.9466143975
1658851.0281543294
1658991.1215244378
1659131.2267257187
1659271.343759171
1659411.4726257941
1659551.6133265872
1659691.7658625464
1659831.9302346779
1659972.1064439781
1660112.2944914463
1660252.494378083
1660392.706104887
1660532.9296728557
1660673.1650829955
1660813.4123363032
1660953.671433779
1661093.942376423
1661234.2251652356
1661374.519801214
1661514.8262853655
1661655.1446186872
1661795.47480218
1661935.8168368442
1662076.1707236809
1662216.536463688
1662356.9140578727
1662497.303507233
1662637.7048127702
1662778.1179754857
1662918.5429963805
1663058.9798764528
1663199.4286167107
1663339.889218153
1663480.3616817808
1663620.8460085962
1663761.342199601
1663901.850255794
1664042.3701781835
1664182.9019677686
1664323.4456255515
1664464.0011525343
1664604.5685497196
1664745.1478181062
1664885.7389587038
1665026.3419725115
1665166.9568605318
1665307.5836237678
1665448.222263222
1665588.8727798946
1665729.5351747947
1665870.2094489227
1666010.8956032814
1666151.5936388744
1666292.303556705
1666433.0253577728
1666573.7590430889
1666714.5046136533
1666855.2620704696
1666996.0314145416
1667136.8126468733
1667277.6057684654
1667418.4107803286
1667559.2276834638
1667700.056478875
1667840.897167567
1667981.7497505434
1668122.6142288095
1668263.4906033662
1668404.3788752249
1668545.279045387
1668686.191114857
1668827.1150846404
1668968.0509557386
1669108.9987291635
1669249.9584059168
1669390.9299870038
1669531.9134734296
1669672.9088662001
1669813.9161663204
1669954.935374793
1670095.9664926303
1670237.0095208345
1670378.0644604117
1670519.1313123675
1670660.2100777084
1670801.3007574365
1670942.4033525656
1671083.5178640978
1671224.64429304
1671365.7826403982
1671506.9329071795
1671648.0950943865
1671789.2692030333
1671930.4552341227
1672071.6531886621
1672212.8630676582
1672354.084872118
1672495.3186030453
1672636.564261454
1672777.8218483482
1672919.0913647353
1673060.3728116227
1673201.6661900177
1673342.971500925
1673484.2887453588
1673625.6179243235
1673766.9590388273
1673908.312089878
1674049.6770784834
1674191.0540056487
1674332.4428723888
1674473.8436797084
1674615.2564286161
1674756.6811201202
1674898.1177552296
1675039.5663349493
1675181.026860295
1675322.4993322722
1675463.9837518896
1675605.4801201562
1675746.9884380812
1675888.5087066705
1676030.0409269398
1676171.5850998953
1676313.1412265464
1676454.7093079027
1676596.2893449736
1676737.8813387656
1676879.485290295
1677021.1012005685
1677162.729070596
1677304.3689013873
1677446.0206939527
1677587.684449299
1677729.3601684433
1677871.0478523925
1678012.7475021572
1678154.4591187479
1678296.1827031749
1678437.9182564458
1678579.665779578
1678721.4252735795
1678863.1967394606
1679004.9801782328
1679146.7755909069
1679288.582978491
1679430.402342003
1679572.233682451
1679714.0770008466
1679855.9322982014
1679997.7995755265
1680139.6788338306
1680281.5700741326
1680423.4732974407
1680565.3885047669
1680707.315697123
1680849.2548755219
1680991.2060409717
1681133.1691944918
1681275.1443370914
1681417.131469783
1681559.1305935788
1681701.1417094918
1681843.1648185311
1681985.1999217167
1682127.247020058
1682269.306114568
1682411.3772062596
1682553.460296146
1682695.5553852376
1682837.662474554
1682979.7815651053
1683121.9126579054
1683264.0557539675
1683406.2108543057
1683548.3779599299
1683690.5570718609
1683832.7481911096
1683974.9513186899
1684117.1664556158
1684259.3936029014
1684401.6327615578
1684543.8839326063
1684686.1471170578
1684828.4223159268
1684970.709530228
1685113.0087609764
1685255.320009183
1685397.6432758695
1685539.9785620477
1685682.3258687328
1685824.6851969396
1685967.0565476834
1686109.4399219765
1686251.8353208408
1686394.2427452884
1686536.662196335
1686679.0936749962
1686821.5371822878
1686963.992719222
1687106.460286822
1687248.9398861001
1687391.4315180725
1687533.9351837551
1687676.4508841645
1687818.9786203138
1687961.5183932257
1688104.0702039138
1688246.6340533947
1688389.2099426847
1688531.7978728008
1688674.3978447567
1688817.009859576
1688959.6339182723
1689102.2700218626
1689244.9181713643
1689387.5783677949
1689530.2506121679
1689672.9349055078
1689815.631248829
1689958.3396431487
1690101.060089485
1690243.7925888556
1690386.537142275
1690529.2937507678
1690672.062415349
1690814.8431370368
1690957.635916849
1691100.440755804
1691243.2576549174
1691386.086615214
1691528.927637709
1691671.7807234214
1691814.6458733694
1691957.5230885725
1692100.412370046
1692243.3137188153
1692386.2271358967
1692529.152622309
1692672.090179072
1692815.0398072044
1692958.0015077225
1693100.9752816528
1693243.9611300114
1693386.9590538181
1693529.9690540927
1693672.9911318547
1693816.025288121
1693959.0715239188
1694102.129840264
1694245.2002381778
1694388.2827186796
1694531.3772827904
1694674.483931527
1694817.602665917
1694960.7334869774
1695103.8763957291
1695247.031393193
1695390.1984803898
1695533.3776583371
1695676.5689280631
1695819.7722905853
1695962.9877469253
1696106.2152981039
1696249.4549451428
1696392.7066890602
1696535.9705308846
1696679.2464716341
1696822.5345123303
1696965.8346539955
1697109.1468976515
1697252.4712443168
1697395.8076950202
1697539.156250781
1697682.516912621
1697825.889681563
1697969.2745586291
1698112.6715448387
1698256.080641221
1698399.5018487957
1698542.9351685853
1698686.3806016129
1698829.8381489012
1698973.3078114702
1699116.78959035
1699260.2834865598
1699403.7895011234
1699547.307635064
1699690.8378894054
1699834.3802651677
1699977.934763381
1700121.5013850662
1700265.080131247
1700408.6710029473
1700552.274001191
1700695.8891269986
1700839.5163814018
1700983.1557654208
1701126.8072800804
1701270.470926405
1701414.1467054188
1701557.8346181435
1701701.5346656104
1701845.2468488407
1701988.9711688596
1702132.7076266923
1702276.456223363
1702420.2169598942
1702563.989837318
1702707.7748566556
1702851.572018933
1702995.3813251758
1703139.202776409
1703283.0363736553
1703426.8821179473
1703570.7400103072
1703714.610051761
1703858.492243335
1704002.3865860547
1704146.2930809432
1704290.2117290339
1704434.1425313493
1704578.0854889161
1704722.0406027606
1704866.0078739098
1705009.9873033867
1705153.978892225
1705297.9826414483
1705441.9985520833
1705586.026625157
1705730.066861697
1705874.1192627267
1706018.1838292808
1706162.2605623824
1706306.3494630598
1706450.4505323402
1706594.5637712511
1706738.6891808172
1706882.826762073
1707026.976516043
1707171.1384437555
1707315.312546238
1707459.4988245193
1707603.6972796237
1707747.9079125868
1707892.1307244336
1708036.3657161924
1708180.6128888922
1708324.872243561
1708469.143781225
1708613.4275029195
1708757.72340967
1708902.0315025055
1709046.3517824556
1709190.684250549
1709335.0289078117
1709479.3857552803
1709623.7547939804
1709768.136024942
1709912.5294491944
1710056.9350677675
1710201.3528816877
1710345.7828919918
1710490.2250997063
1710634.6795058616
1710779.1461114874
1710923.6249176143
1711068.1159252692
1711212.6191354892
1711357.1345493018
1711501.662167737
1711646.2019918263
1711790.7540225997
1711935.3182610886
1712079.8947083203
1712224.483365333
1712369.0842331538
1712513.6973128146
1712658.3226053466
1712802.9601117773
1712947.6098331455
1713092.2717704792
1713236.9459248101
1713381.6322971699
1713526.3308885905
1713671.0417001038
1713815.7647327383
1713960.499987533
1714105.247465517
1714250.0071677219
1714394.7790951806
1714539.563248922
1714684.3596299852
1714829.1682393998
1714973.9890781983
1715118.8221474134
1715263.6674480783
1715408.5249812256
1715553.3947478852
1715698.276749097
1715843.170985891
1715988.0774593002
1716132.9961703583
1716277.9271200984
1716422.870309551
1716567.8257397565
1716712.7934117452
1716857.773326551
1717002.765485208
1717147.76988875
1717292.7865382077
1717437.815434622
1717582.856579024
1717727.9099724481
1717872.9756159286
1718018.0535105001
1718163.1436571938
1718308.2460570512
1718453.3607111038
1718598.4876203863
1718743.626785934
1718888.7782087817
1719033.9418899613
1719179.1178305144
1719324.3060314737
1719469.5064938741
1719614.7192187514
1719759.9442071407
1719905.1814600748
1720050.430978596
1720195.6927637367
1720340.9668165331
1720486.253138021
1720631.5517292367
1720776.8625912128
1720922.1857249925
1721067.5211316089
1721212.8688120984
1721358.2287674972
1721503.6009988424
1721648.9855071672
1721794.3822935151
1721939.7913589198
1722085.212704418
1722230.646331047
1722376.092239844
1722521.5504318427
1722667.0209080873
1722812.5036696119
1722957.998717454
1723103.506052651
1723249.025676241
1723394.5575892578
1723540.1017927467
1723685.658287742
1723831.2270752816
1723976.8081564037
1724122.4015321466
1724268.007203545
1724413.6251716444
1724559.2554374798
1724704.8980020895
1724850.5528665127
1724996.2200317874
1725141.8994989495
1725287.591269045
1725433.295343109
1725579.0117221805
1725724.7404072993
1725870.4813995042
1726016.234699831
1726162.0003093267
1726307.7782290266
1726453.5684599709
1726599.371003199
1726745.1858597507
1726891.0130306624
1727036.8525169813
1727182.704319744
1727328.56843999
1727474.4448787603
1727620.3336370948
1727766.2347160305
1727912.1481166151
1728058.0738398854
1728204.0118868821
1728349.9622586463
1728495.9249562183
1728641.899980636
1728787.8873329472
1728933.8870141897
1729079.8990254046
1729225.9233676333
1729371.9600419167
1729518.0090492934
1729664.0703908117
1729810.1440675096
1729956.230080429
1730102.3284306116
1730248.4391190994
1730394.562146931
1730540.6975151554
1730686.845224811
1730833.0052769405
1730979.177672586
1731125.36241279
1731271.5594985913
1731417.76893104
1731563.990711175
1731710.224840039
1731856.4713186747
1732002.7301481257
1732149.001329431
1732295.284863641
1732441.5807517956
1732587.8889949375
1732734.2095941107
1732880.5425503585
1733026.8878647208
1733173.2455382484
1733319.6155719815
1733465.9979669643
1733612.3927242402
1733758.7998448536
1733905.219329845
1734051.6511802655
1734198.095397156
1734344.551981561
1734491.0209345245
1734637.5022570915
1734783.995950303
1734930.5020152107
1735077.0204528559
1735223.5512642837
1735370.0944505387
1735516.6500126664
1735663.217951708
1735809.7982687163
1735956.3909647327
1736102.996040803
1736249.6134979723
1736396.2433372866
1736542.8855597877
1736689.540166529
1736836.2071585522
1736982.8865369037
1737129.5783026293
1737276.2824567754
1737422.9990003842
1737569.7279345097
1737716.4692601946
1737863.222978485
1738009.989090428
1738156.76759707
1738303.558499454
1738450.3617986345
1738597.1774956544
1738744.005591561
1738890.8460874013
1739037.6989842225
1739184.5642830683
1739331.4419849932
1739478.3320910411
1739625.2346022597
1739772.1495196966
1739919.0768443993
1740066.0165774124
1740212.9687197907
1740359.9332725785
1740506.9102368243
1740653.8996135758
1740800.9014038818
1740947.9156087865
1741094.942229346
1741241.981266605
1741389.032721612
1741536.0965954158
1741683.1728890655
1741830.261603606
1741977.3627400936
1742124.4762995737
1742271.6022830955
1742418.7406917082
1742565.891526461
1742713.0547884002
1742860.230478582
1743007.4185980526
1743154.6191478616
1743301.832129059
1743449.057542694
1743596.2953898138
1743743.5456714751
1743890.8083887247
1744038.0835426124
1744185.371134189
1744332.6711645045
1744479.983634606
1744627.3085455513
1744774.6458983873
1744921.995694165
1745069.3579339345
1745216.7326187477
1745364.1197496515
1745511.519327704
1745658.9313539534
1745806.3558294503
1745953.7927552466
1746101.2421323936
1746248.703961939
1746396.1782449419
1746543.6649824504
1746691.164175516
1746838.6758251912
1746986.1999325273
1747133.7364985733
1747281.2855243883
1747428.847011021
1747576.4209595239
1747724.007370949
1747871.6062463494
1748019.2175867737
1748166.841393282
1748314.477666923
1748462.1264087504
1748609.7876198166
1748757.461301175
1748905.1474538746
1749052.8460789763
1749200.5571775297
1749348.2807505883
1749496.0167992052
1749643.7653244345
1749791.526327326
1749939.2998089409
1750087.085770329
1750234.8842125447
1750382.6951366416
1750530.5185436741
1750678.354434693
1750826.2028107594
1750974.0636729244
1751121.9370222422
1751269.8228597676
1751417.7211865552
1751565.632003656
1751713.5553121322
1751861.491113035
1752009.4394074194
1752157.4001963406
1752305.3734808539
1752453.3592620108
1752601.3575408738
1752749.3683184949
1752897.3915959294
1753045.4273742335
1753193.4756544624
1753341.5364376684
1753489.6097249147
1753637.6955172538
1753785.7938157415
1753933.9046214342
1754082.027935388
1754230.163758656
1754378.3120923012
1754526.4729373772
1754674.64629494
1754822.8321660468
1754971.0305517544
1755119.2414531156
1755267.464871195
1755415.700807046
1755563.9492617254
1755712.210236291
1755860.4837317995
1756008.7697493054
1756157.068289873
1756305.3793545563
1756453.702944413
1756602.0390605011
1756750.3877038783
1756898.7488756024
1757047.1225767282
1757195.5088083209
1757343.9075714347
1757492.3188671286
1757640.7426964606
1757789.1790604854
1757937.6279602693
1758086.0893968672
1758234.5633713377
1758383.0498847398
1758531.5489381321
1758680.060532574
1758828.584669121
1758977.1213488395
1759125.670572785
1759274.232342017
1759422.806657595
1759571.393520575
1759719.9929320237
1759868.6048929973
1760017.2294045559
1760165.866467759
1760314.5160836668
1760463.1782533394
1760611.8529778335
1760760.5402582164
1760909.2400955448
1761057.9524908797
1761206.6774452808
1761355.4149598095
1761504.1650355225
1761652.9276734882
1761801.7028747634
1761950.4906404093
1762099.2909714873
1762248.103869058
1762396.9293341795
1762545.7673679204
1762694.617971338
1762843.4811454946
1762992.3568914514
1763141.24521027
1763290.1461030087
1763439.0595707367
1763587.9856145126
1763736.924235398
1763885.8754344552
1764034.8392127466
1764183.8155713307
1764332.8045112775
1764481.8060336458
1764630.820139498
1764779.8468298968
1764928.8861059053
1765077.9379685826
1765227.0024189989
1765376.0794582134
1765525.1690872896
1765674.2713072908
1765823.38611928
1765972.5135243172
1766121.653523473
1766270.8061178075
1766419.9713083843
1766569.1490962675
1766718.3394825205
1766867.542468204
1767016.758054389
1767165.9862421362
1767315.2270325099
1767464.4804265741
1767613.7464253935
1767763.025030029
1767912.3162415521
1768061.6200610243
1768210.93648951
1768360.2655280742
1768509.6071777819
1768658.9614396943
1768808.328314884
1768957.7078044126
1769107.0999093454
1769256.5046307477
1769405.921969685
1769555.3519272192
1769704.7945044232
1769854.2497023593
1770003.7175220933
1770153.197964691
1770302.6910312187
1770452.1967227387
1770601.7150403243
1770751.2459850383
1770900.7895579473
1771050.3457601175
1771199.9145926158
1771349.4960565048
1771499.0901528588
1771648.6968827408
1771798.316247218
1771947.9482473573
1772097.5928842255
1772247.2501588867
1772396.920072415
1772546.6026258743
1772696.2978203322
1772846.0056568563
1772995.726136514
1773145.4592603694
1773295.2050294979
1773444.9634449633
1773594.7345078343
1773744.5182191783
1773894.314580064
1774044.1235915557
1774193.9452547291
1774343.7795706491
1774493.6265403845
1774643.4861650036
1774793.3584455752
1774943.2433831645
1775093.1409788476
1775243.05123369
1775392.9741487608
1775542.9097251291
1775692.8579638642
1775842.818866032
1775992.792432709
1776142.7786649608
1776292.7775638576
1776442.789130469
1776592.8133658648
1776742.8502711111
1776892.8998472854
1777042.9620954539
1777193.037016687
1777343.1246120548
1777493.2248826276
1777643.3378294725
1777793.463453667
1777943.6017562784
1778093.752738377
1778243.9164010342
1778394.0927453204
1778544.281772303
1778694.4834830605
1778844.6978786606
1778994.9249601741
1779145.1647286727
1779295.4171852279
1779445.6823309073
1779595.96016679
1779746.250693944
1779896.553913441
1780046.8698263532
1780197.1984337524
1780347.539736707
1780497.8937362966
1780648.2604335893
1780798.6398296582
1780949.0319255753
1781099.4367224134
1781249.854221241
1781400.2844231387
1781550.727329175
1781701.1829404233
1781851.6512579564
1782002.1322828475
1782152.6260161658
1782303.1324589923
1782453.6516123964
1782604.1834774513
1782754.728055231
1782905.2853468088
1783055.855353255
1783206.4380756507
1783357.033515066
1783507.6416725747
1783658.262549251
1783808.8961461694
1783959.5424644
1784110.2015050247
1784260.8732691144
1784411.5577577434
1784562.2549719862
1784712.964912918
1784863.6875816092
1785014.4229791427
1785165.1711065895
1785315.9319650247
1785466.7055555235
1785617.4918791612
1785768.2909370093
1785919.1027301506
1786069.927259657
1786220.7645266042
1786371.6145320677
1786522.4772771236
1786673.3527628437
1786824.2409903116
1786975.1419606
1787126.0556747844
1787276.9821339413
1787427.921339147
1787578.8732914745
1787729.8379920076
1787880.8154418191
1788031.8056419857
1788182.8085935842
1788333.8242976917
1788484.8527553813
1788635.8939677372
1788786.9479358334
1788938.0146607468
1789089.0941435548
1789240.1863853347
1789391.2913871608
1789542.4091501175
1789693.539675279
1789844.6829637235
1789995.8390165286
1790147.0078347719
1790298.1894195282
1790449.383771883
1790600.590892911
1790751.8107836903
1790903.0434452994
1791054.2888788166
1791205.547085317
1791356.818065887
1791508.1018216014
1791659.398353539
1791810.707662779
1791962.0297504002
1792113.3646174783
1792264.7122650999
1792416.0726943405
1792567.4459062798
1792718.831901997
1792870.2306825721
1793021.6422490808
1793173.0666026105
1793324.5037442371
1793475.953675041
1793627.4163961017
1793778.8919085
1793930.380213312
1794081.8813116257
1794233.3952045178
1794384.9218930686
1794536.461378359
1794688.0136614696
1794839.5787434776
1794991.156625471
1795142.7473085274
1795294.3507937277
1795445.967082153
1795597.5961748848
1795749.2380730007
1795900.8927775896
1796052.560289729
1796204.2406105008
1796355.9337409865
1796507.6396822683
1796659.358435424
1796811.090001543
1796962.834381704
1797114.591576989
1797266.3615884802
1797418.14441726
1797569.9400644074
1797721.7485310119
1797873.5698181526
1798025.4039269122
1798177.2508583737
1798329.1106136197
1798480.9831937298
1798632.868599794
1798784.7668328926
1798936.6778941082
1799088.6017845243
1799240.5385052245
1799392.4880572886
1799544.4504418073
1799696.4256598612
1799848.4137125337
1800000.4146009088
1800152.4283260705
1800304.4548890993
1800456.4942910867
1800608.5465331133
1800760.6116162634
1800912.6895416216
1801064.7803102725
1801216.8839232968
1801369.0003817866
1801521.1296868233
1801673.2718394918
1801825.4268408767
1801977.5946920635
1802129.7753941338
1802281.9689481799
1802434.1753552838
1802586.3946165305
1802738.6267330062
1802890.871705796
1803043.1295359859
1803195.4002246582
1803347.6837729057
1803499.9801818114
1803652.2894524608
1803804.6115859405
1803956.9465833327
1804109.2944457317
1804261.65517422
1804414.028769884
1804566.4152338107
1804718.8145670865
1804871.2267707984
1805023.65184603
1805176.089793875
1805328.5406154175
1805481.0043117444
1805633.4808839427
1805785.9703331003
1805938.472660301
1806090.9878666394
1806243.5159531995
1806396.0569210693
1806548.6107713366
1806701.1775050894
1806853.7571234119
1807006.3496273996
1807158.955018137
1807311.5732967127
1807464.2044642149
1807616.8485217318
1807769.5054703488
1807922.175311162
1808074.8580452558
1808227.5536737198
1808380.2621976426
1808532.9836181132
1808685.7179362173
1808838.4651530513
1808991.2252697009
1809143.9982872556
1809296.7842068048
1809449.583029438
1809602.3947562415
1809755.2193883122
1809908.0569267364
1810060.9073726041
1810213.7707270053
1810366.64699103
1810519.5361657653
1810672.4382523082
1810825.353251746
1810978.2811651686
1811131.2219936673
1811284.1757383326
1811437.1424002512
1811590.1219805218
1811743.1144802317
1811896.1199004718
1812049.1382423332
1812202.1695069075
1812355.213695282
1812508.2708085557
1812661.3408478163
1812814.4238141554
1812967.519708665
1813120.628532437
1813273.7502865589
1813426.8849721309
1813580.0325902407
1813733.193141981
1813886.366628444
1814039.5530507218
1814192.7524099033
1814345.9647070884
1814499.1899433662
1814652.4281198294
1814805.6792375706
1814958.943297683
1815112.2203012558
1815265.5102493893
1815418.8131431735
1815572.128983701
1815725.4577720657
1815878.799509361
1816032.1541966766
1816185.5218351134
1816338.902425762
1816492.2959697158
1816645.7024680688
1816799.1219219153
1816952.5543323453
1817105.9997004606
1817259.4580273519
1817412.9293141135
1817566.4135618398
1817719.9107716256
1817873.4209445617
1818026.9440817505
1818180.4801842826
1818334.0292532537
1818487.5912897582
1818641.1662948916
1818794.7542697452
1818948.355215422
1819101.9691330134
1819255.5960236152
1819409.2358883228
1819562.8887282321
1819716.5545444349
1819870.2333380345
1820023.9251101234
1820177.6298617974
1820331.3475941531
1820485.0783082861
1820638.8220052896
1820792.5786862671
1820946.3483523114
1821100.1310045195
1821253.9266439877
1821407.7352718129
1821561.5568890884
1821715.3914969184
1821869.2390963966
1822023.0996886198
1822176.9732746857
1822330.8598556912
1822484.7594327303
1822638.6720069079
1822792.5975793179
1822946.536151058
1823100.4877232262
1823254.4522969201
1823408.4298732341
1823562.4204532742
1823716.424038134
1823870.4406289128
1824024.470226708
1824178.5128326188
1824332.5684477396
1824486.6370731764
1824640.7187100248
1824794.8133593833
1824948.9210223507
1825103.0417000263
1825257.1753935053
1825411.3221038945
1825565.4818322894
1825719.6545797891
1825873.8403474938
1826028.0391365024
1826182.2509479113
1826336.4757828275
1826490.7136423471
1826644.9645275704
1826799.228439597
1826953.505379527
1827107.7953484575
1827262.0983474958
1827416.4143777385
1827570.7434402865
1827725.0855362404
1827879.4406667005
1828033.808832764
1828188.1900355394
1828342.584276124
1828496.9915556184
1828651.4118751243
1828805.8452357429
1828960.2916385715
1829114.7510847193
1829269.2235752838
1829423.709111367
1829578.2076940704
1829732.7193244956
1829887.2440037413
1830041.7817329166
1830196.33251312
1830350.8963454536
1830505.4732310197
1830660.0631709206
1830814.666166255
1830969.2822181333
1831123.911327654
1831278.5534959203
1831433.2087240345
1831587.8770130996
1831742.5583642153
1831897.252778492
1832051.960257029
1832206.6808009297
1832361.4144112975
1832516.161089236
1832670.920835845
1832825.6936522354
1832980.4795395075
1833135.2784987653
1833290.0905311124
1833444.915637653
1833599.7538194875
1833754.6050777277
1833909.4694134742
1834064.3468278311
1834219.2373219035
1834374.1408967953
1834529.057553608
1834683.9872934537
1834838.9301174334
1834993.8860266525
1835148.8550222155
1835303.837105228
1835458.8322767916
1835613.8405380188
1835768.8618900115
1835923.896333875
1836078.943870715
1836234.0045016378
1836389.0782277447
1836544.1650501494
1836699.2649699545
1836854.3779882656
1837009.504106189
1837164.643324831
1837319.7956452947
1837474.9610686933
1837630.1395961302
1837785.3312287119
1837940.5359675451
1838095.7538137366
1838250.9847683897
1838406.228832619
1838561.4860075277
1838716.756294223
1838872.0396938126
1839027.3362074033
1839182.6458360995
1839337.968581016
1839493.3044432565
1839648.6534239291
1839804.0155241417
1839959.390745002
1840114.7790876145
1840270.180553095
1840425.5951425477
1840581.0228570811
1840736.463697804
1840891.917665824
1841047.3847622469
1841202.8649881885
1841358.3583447537
1841513.8648330518
1841669.3844541917
1841824.9172092825
1841980.4630994294
1842136.0221257494
1842291.5942893482
1842447.179591335
1842602.7780328195
1842758.3896149115
1842914.0143387169
1843069.652205353
1843225.3032159258
1843380.9673715457
1843536.6446733226
1843692.335122367
1843848.038719785
1844003.7554666947
1844159.485364203
1844315.2284134205
1844470.9846154577
1844626.7539714256
1844782.536482431
1844938.3321495927
1845094.140974018
1845249.9629568178
1845405.7980991036
1845561.6464019865
1845717.5078665742
1845873.3824939863
1846029.2702853298
1846185.1712417172
1846341.0853642598
1846497.0126540696
1846652.953112255
1846808.9067399357
1846964.8735382198
1847120.8535082198
1847276.8466510482
1847432.852967817
1847588.8724596356
1847744.9051276238
1847900.9509728907
1848057.009996549
1848213.082199712
1848369.1675834924
1848525.2661490035
1848681.3778973545
1848837.5028296667
1848993.6409470495
1849149.7922506162
1849305.9567414809
1849462.134420753
1849618.3252895542
1849774.5293489944
1849930.7466001876
1850086.977044248
1850243.2206822897
1850399.477515427
1850555.7475447704
1850712.0307714418
1850868.3271965522
1851024.636821216
1851180.9596465481
1851337.2956736595
1851493.6449036726
1851650.007337699
1851806.3829768533
1851962.771822251
1852119.173875007
1852275.5891362373
1852432.017607053
1852588.4592885778
1852744.9141819233
1852901.3822882052
1853057.8636085396
1853214.358144042
1853370.8658958254
1853527.3868650128
1853683.921052717
1853840.4684600541
1853997.029088141
1854153.6029380935
1854310.1900110252
1854466.7903080597
1854623.4038303106
1854780.0305788943
1854936.6705549282
1855093.323759529
1855249.9901938105
1855406.6698588973
1855563.362755903
1855720.068885945
1855876.788250141
1856033.5208496086
1856190.2666854619
1856347.025758826
1856503.7980708152
1856660.5836225476
1856817.3824151412
1856974.1944497144
1857131.0197273814
1857287.8582492685
1857444.7100164904
1857601.5750301655
1857758.4532914127
1857915.3448013507
1858072.2495610944
1858229.1675717705
1858386.0988344944
1858543.0433503853
1858700.001120562
1858856.9721461444
1859013.9564282477
1859170.9539679994
1859327.9647665154
1859484.988824915
1859642.0261443183
1859799.076725845
1859956.1405706117
1860113.2176797458
1860270.3080543636
1860427.4116955858
1860584.5286045326
1860741.6587823243
1860898.802230078
1861055.9589489216
1861213.1289399725
1861370.3122043514
1861527.508743179
1861684.7185575766
1861841.9416486616
1861999.178017563
1862156.4276653978
1862313.6905932878
1862470.9668023544
1862628.2562937194
1862785.5590685005
1862942.8751278273
1863100.2044728177
1863257.5471045938
1863414.9030242779
1863572.2722329919
1863729.6547318546
1863887.0505219954
1864044.4596045336
1864201.8819805915
1864359.3176512918
1864516.7666177573
1864674.228881107
1864831.7044424713
1864989.1933029694
1865146.6954637251
1865304.210925861
1865461.7396905005
1865619.2817587634
1865776.8371317806
1865934.4058106723
1866091.9877965618
1866249.583090573
1866407.19169383
1866564.813607453
1866722.4488325731
1866880.0973703114
1867037.759221792
1867195.434388139
1867353.1228704771
1867510.8246699271
1867668.539787621
1867826.26822468
1867984.009982229
1868141.7650613927
1868299.533463296
1868457.3151890608
1868615.1102398196
1868772.9186166937
1868930.740320809
1869088.5753532907
1869246.4237152643
1869404.285407852
1869562.160432187
1869720.0487893915
1869877.9504805915
1870035.865506913
1870193.7938694821
1870351.7355694217
1870509.690607865
1870667.6589859354
1870825.6407047592
1870983.635765463
1871141.6441691737
1871299.665917014
1871457.7010101187
1871615.749449611
1871773.811236618
1871931.886372267
1872089.9748576854
1872248.0766939966
1872406.1918823356
1872564.3204238266
1872722.4623195971
1872880.6175707749
1873038.7861784878
1873196.9681438603
1873355.1634680277
1873513.3721521145
1873671.594197249
1873829.8296045598
1873988.078375175
1874146.3405102193
1874304.6160108293
1874462.90487813
1874621.20711325
1874779.522717318
1874937.8516914635
1875096.1940368118
1875254.5497544995
1875412.9188456521
1875571.301311399
1875729.69715287
1875888.1063711946
1876046.5289674986
1876204.9649429193
1876363.414298583
1876521.8770356197
1876680.3531551594
1876838.8426583323
1876997.345546265
1877155.861820095
1877314.3914809495
1877472.9345299588
1877631.4909682535
1877790.0607969644
1877948.6440172188
1878107.2406301552
1878265.8506369004
1878424.474038586
1878583.1108363431
1878741.7610313029
1878900.4246245932
1879059.101617353
1879217.79201071
1879376.4958057962
1879535.2130037432
1879693.943605683
1879852.6876127436
1880011.445026065
1880170.2158467753
1880329.000076007
1880487.7977148923
1880646.608764564
1880805.4332261502
1880964.2711007919
1881123.1223896176
1881281.9870937604
1881440.865214353
1881599.7567525287
1881758.6617094167
1881917.580086158
1882076.5118838819
1882235.4571037218
1882394.4157468115
1882553.3878142845
1882712.3733072707
1882871.3722269116
1883030.3845743372
1883189.4103506815
1883348.4495570785
1883507.5021946626
1883666.5682645643
1883825.6477679254
1883984.7407058768
1884143.847079553
1884302.9668900885
1884462.1001386181
1884621.2468262732
1884780.406954196
1884939.580523518
1885098.7675353743
1885257.9679909
1885417.1818912304
1885576.4092374975
1885735.6500308441
1885894.9042724022
1886054.1719633075
1886213.4531046958
1886372.7476977028
1886532.0557434612
1886691.3772431144
1886850.712197795
1887010.0606086391
1887169.4224767832
1887328.7978033635
1887488.1865895134
1887647.5888363768
1887807.0045450865
1887966.4337167798
1888125.8763525935
1888285.3324536646
1888444.8020211265
1888604.2850561242
1888763.7815597912
1888923.2915332648
1889082.8149776827
1889242.3518941826
1889401.902283898
1889561.466147975
1889721.0434875477
1889880.6343037535
1890040.2385977309
1890199.8563706183
1890359.48762355
1890519.132357672
1890678.7905741192
1890838.46227403
1890998.1474585433
1891157.8461287976
1891317.5582859283
1891477.2839310819
1891637.0230653938
1891796.7756900028
1891956.5418060487
1892116.3214146704
1892276.114517004
1892435.9211141965
1892595.7412073838
1892755.5747977055
1892915.4218863016
1893075.282474312
1893235.156562873
1893395.0441531322
1893554.9452462264
1893714.8598432955
1893874.7879454803
1894034.7295539211
1894194.684669755
1894354.65329413
1894514.6354281835
1894674.631073056
1894834.6402298887
1894994.662899823
1895154.6990839955
1895314.748783556
1895474.8119996418
1895634.8887333942
1895794.978985955
1895955.0827584658
1896115.2000520646
1896275.330867901
1896435.475207113
1896595.6330708426
1896755.8044602324
1896915.9893764243
1897076.1878205608
1897236.3997937804
1897396.6252972335
1897556.8643320587
1897717.116899399
1897877.3830003971
1898037.6626361923
1898197.955807935
1898358.2625167647
1898518.5827638246
1898678.9165502582
1898839.2638772086
1898999.6247458195
1899159.9991572306
1899320.3871125935
1899480.788613048
1899641.203659738
1899801.6322538075
1899962.074396397
1900122.530088658
1900282.9993317313
1900443.482126761
1900603.978474892
1900764.4883772684
1900925.0118350352
1901085.5488493333
1901246.0994213151
1901406.663552122
1901567.2412428989
1901727.832494791
1901888.4373089434
1902049.0556864978
1902209.6876286073
1902370.3331364137
1902530.9922110625
1902691.6648536995
1902852.3510654706
1903013.0508475178
1903173.764200995
1903334.4911270444
1903495.2316268121
1903655.9857014446
1903816.7533520884
1903977.5345798857
1904138.3293859914
1904299.137771548
1904459.9597377025
1904620.7952856016
1904781.6444163928
1904942.5071312187
1905103.3834312344
1905264.2733175836
1905425.1767914137
1905586.0938538718
1905747.0245061058
1905907.9687492594
1906068.9265844882
1906229.898012936
1906390.8830357513
1906551.8816540816
1906712.8938690752
1906873.9196818767
1907034.959093642
1907196.0121055157
1907357.0787186464
1907518.158934183
1907679.252753274
1907840.3601770643
1908001.4812067107
1908162.6158433584
1908323.7640881564
1908484.9259422543
1908646.101406801
1908807.290482942
1908968.493171835
1909129.7094746258
1909290.9393924635
1909452.1829264986
1909613.4400778806
1909774.7108477557
1909935.9952372818
1910097.2932476052
1910258.6048798764
1910419.9301352457
1910581.2690148633
1910742.6215198764
1910903.987651443
1911065.3674107103
1911226.7607988291
1911388.1678169505
1911549.5884662254
1911711.0227478012
1911872.470662837
1912033.9322124799
1912195.4073978818
1912356.8962201944
1912518.398680569
1912679.9147801534
1912841.4445201075
1913002.9879015794
1913164.544925721
1913326.1155936844
1913487.699906622
1913649.2978656823
1913810.9094720252
1913972.5347267997
1914134.1736311584
1914295.826186254
1914457.492393239
1914619.1722532627
1914780.8657674862
1914942.5729370583
1915104.2937631325
1915266.0282468619
1915427.7763894
1915589.5381918964
1915751.3136555126
1915913.1027813985
1916074.9055707075
1916236.722024594
1916398.5521442117
1916560.395930711
1916722.2533852535
1916884.12450899
1917046.0093030746
1917207.907768662
1917369.819906907
1917531.7457189597
1917693.6852059832
1917855.6383691286
1918017.6052095504
1918179.585728404
1918341.5799268445
1918503.5878060232
1918665.6093671035
1918827.6446112366
1918989.6935395785
1919151.7561532843
1919313.8324535103
1919475.922441408
1919638.0261181416
1919800.1434848628
1919962.2745427282
1920124.4192928937
1920286.5777365158
1920448.749874747
1920610.9357087517
1920773.1352396824
1920935.348468696
1921097.5753969494
1921259.8160255996
1921422.0703557995
1921584.3383887142
1921746.6201254968
1921908.915567305
1922071.2247152957
1922233.547570627
1922395.8841344519
1922558.2344079367
1922720.5983922346
1922882.976088504
1923045.3674979028
1923207.772621589
1923370.191460717
1923532.6240164526
1923695.0702899508
1923857.5302823696
1924020.003994868
1924182.4914286043
1924344.9925847338
1924507.5074644228
1924670.036068827
1924832.5783991045
1924995.1344564152
1925157.7042419182
1925320.287756769
1925482.8850021348
1925645.4959791712
1925808.1206890382
1925970.7591328954
1926133.4113119023
1926296.0772272155
1926458.7568800026
1926621.4502714197
1926784.1574026274
1926946.8782747858
1927109.6128890556
1927272.361246593
1927435.123348567
1927597.8991961342
1927760.6887904552
1927923.4921326914
1928086.3092240037
1928249.140065549
1928411.9846584967
1928574.843004004
1928737.7151032325
1928900.6009573438
1929063.5005674993
1929226.4139348571
1929389.3410605865
1929552.2819458456
1929715.2365917966
1929878.2049996017
1930041.1871704226
1930204.1831054182
1930367.1928057587
1930530.2162726026
1930693.2535071122
1930856.3045104507
1931019.3692837807
1931182.447828261
1931345.5401450628
1931508.6462353452
1931671.7661002711
1931834.899741004
1931998.0471587074
1932161.2083545406
1932324.3833296755
1932487.5720852714
1932650.7746224923
1932813.990942502
1932977.2210464645
1933140.4649355402
1933303.7226109006
1933466.9940737067
1933630.2793251222
1933793.5783663122
1933956.891198441
1934120.2178226693
1934283.5582401697
1934446.9124521033
1934610.280459635
1934773.6622639298
1934937.0578661528
1935100.4672674658
1935263.8904690414
1935427.3274720414
1935590.7782776314
1935754.242886977
1935917.721301244
1936081.2135215944
1936244.719549202
1936408.2393852286
1936571.7730308406
1936735.3204872042
1936898.881755486
1937062.456836848
1937226.045732465
1937389.6484434998
1937553.264971119
1937716.895316489
1937880.5394807772
1938044.1974651467
1938207.8692707724
1938371.5548988178
1938535.25435045
1938698.9676268364
1938862.6947291445
1939026.4356585382
1939190.190416193
1939353.959003273
1939517.7414209459
1939681.5376703795
1939845.3477527422
1940009.1716691982
1940173.009420924
1940336.8610090837
1940500.7264348457
1940664.605699379
1940828.4988038524
1940992.4057494302
1941156.3265372897
1941320.2611685956
1941484.2096445174
1941648.171966224
1941812.1481348847
1941976.1381516652
1942140.1420177426
1942304.1597342829
1942468.1913024555
1942632.2367234305
1942796.2959983775
1942960.3691284626
1943124.4561148637
1943288.5569587476
1943452.6716612838
1943616.8002236432
1943780.9426469964
1943945.0989325095
1944109.2690813614
1944273.453094719
1944437.6509737533
1944601.862719635
1944766.0883335352
1944930.3278166212
1945094.5811700723
1945258.8483950559
1945423.1294927432
1945587.424464306
1945751.7333109162
1945916.0560337412
1946080.392633961
1946244.7431127436
1946409.1074712612
1946573.4857106856
1946737.8778321894
1946902.283836945
1947066.7037261205
1947231.137500897
1947395.5851624426
1947560.0467119305
1947724.5221505335
1947889.0114794204
1948053.5146997725
1948218.0318127584
1948382.5628195521
1948547.1077213266
1948711.6665192554
1948876.2392145118
1949040.825808266
1949205.4263016991
1949370.0406959816
1949534.6689922872
1949699.3111917898
1949863.9672956597
1950028.637305079
1950193.3212212184
1950358.0190452521
1950522.7307783547
1950687.4564217008
1950852.195976465
1951016.9494438185
1951181.7168249441
1951346.4981210127
1951511.2933331998
1951676.1024626803
1951840.9255106295
1952005.762478219
1952170.6133666327
1952335.4781770415
1952500.3569106217
1952665.249568549
1952830.1561519993
1952995.0766621444
1953160.011100169
1953324.9594672448
1953489.9217645484
1953654.8979932563
1953819.8881545449
1953984.8922495868
1954149.910279567
1954314.9422456578
1954479.9881490367
1954645.0479908804
1954810.121772366
1954975.2094946671
1955140.3111589688
1955305.4267664445
1955470.5563182717
1955635.699815628
1955800.8572596912
1955966.0286516352
1956131.213992646
1956296.4132838973
1956461.6265265674
1956626.8537218347
1956792.0948708772
1956957.3499748698
1957122.6190349984
1957287.9020524381
1957453.1990283674
1957618.5099639653
1957783.8348604105
1957949.173718878
1958114.5265405553
1958279.8933266173
1958445.2740782434
1958610.6687966129
1958776.0774829057
1958941.500138297
1959106.9367639746
1959272.3873611146
1959437.8519308965
1959603.3304745005
1959768.8229931071
1959934.3294878919
1960099.8499600436
1960265.3844107382
1960430.9328411568
1960596.4952524798
1960762.0716458878
1960927.6620225576
1961093.2663836782
1961258.8847304266
1961424.517063984
1961590.1633855314
1961755.8236962503
1961921.497997318
1962087.1862899242
1962252.8885752463
1962418.604854466
1962584.3351287653
1962750.0793993261
1962915.8376673262
1963081.609933956
1963247.3962003936
1963413.196467821
1963579.0107374212
1963744.8390103763
1963910.681287865
1964076.537571078
1964242.4078611939
1964408.2921593962
1964574.1904668673
1964740.1027847908
1964906.0291143456
1965071.969456723
1965237.9238131025
1965403.8921846678
1965569.8745726023
1965735.8709780897
1965901.8814023098
1966067.9058464547
1966233.944311704
1966399.9967992422
1966566.0633102534
1966732.143845922
1966898.2384074281
1967064.3469959646
1967230.469612712
1967396.606258855
1967562.756935578
1967728.9216440667
1967895.1003855015
1968061.2931610756
1968227.4999719705
1968393.720819371
1968559.9557044632
1968726.204628432
1968892.4675924592
1969058.7445977388
1969225.0356454523
1969391.3407367857
1969557.659872925
1969723.993055056
1969890.3402843615
1970056.7015620356
1970223.0768892607
1970389.466267223
1970555.8696971096
1970722.287180107
1970888.718717398
1971055.1643101773
1971221.6239596284
1971388.097666938
1971554.5854332936
1971721.0872598824
1971887.6031478876
1972054.133098505
1972220.677112918
1972387.2351923147
1972553.8073378827
1972720.3935508097
1972886.99383228
1973053.6081834894
1973220.2366056226
1973386.8790998673
1973553.5356674127
1973720.2063094466
1973886.891027154
1974053.5898217314
1974220.302694364
1974387.0296462404
1974553.7706785495
1974720.5257924807
1974887.2949892192
1975054.0782699622
1975220.8756358952
1975387.6870882078
1975554.5126280894
1975721.35225673
1975888.205975315
1976055.0737850429
1976221.9556870991
1976388.8516826744
1976555.7617729586
1976722.685959142
1976889.624242411
1977056.5766239644
1977223.5431049888
1977390.5236866747
1977557.518370213
1977724.5271567947
1977891.5500476067
1978058.5870438484
1978225.6381467069
1978392.7033573736
1978559.7826770395
1978726.8761068967
1978893.9836481325
1979061.1053019469
1979228.2410695276
1979395.3909520663
1979562.5549507553
1979729.7330667868
1979896.9253013488
1980064.1316556418
1980231.3521308545
1980398.586728179
1980565.8354488078
1980733.098293934
1980900.3752647466
1981067.6663624463
1981234.9715882218
1981402.290943267
1981569.6244287747
1981736.9720459383
1981904.333795947
1982071.7096800029
1982239.0996992951
1982406.5038550177
1982573.9221483644
1982741.3545805293
1982908.8011527022
1983076.2618660855
1983243.7367218693
1983411.2257212482
1983578.7288654163
1983746.2461555682
1983913.7775928949
1984081.3231785987
1984248.882913871
1984416.4567999062
1984584.0448378997
1984751.6470290467
1984919.2633745382
1985086.8938755775
1985254.5385333565
1985422.1973490706
1985589.8703239153
1985757.5574590866
1985925.258755776
1986092.9742151878
1986260.7038385142
1986428.447626951
1986596.2055816946
1986763.9777039413
1986931.7639948837
1987099.5644557264
1987267.379087662
1987435.2078918875
1987603.0508695995
1987770.9080219949
1987938.7793502668
1988106.6648556208
1988274.56453925
1988442.4784023515
1988610.406446123
1988778.348671762
1988946.3050804622
1989114.2756734297
1989282.260451858
1989450.259416945
1989618.2725698894
1989786.2999118888
1989954.3414441377
1990122.3971678426
1990290.4670841978
1990458.551194402
1990626.6494996538
1990794.7620011524
1990962.888700092
1991131.0295976803
1991299.184695112
1991467.3539935863
1991635.5374943027
1991803.7351984608
1991971.9471072555
1992140.1732218948
1992308.4135435743
1992476.668073494
1992644.9368128537
1992813.2197628533
1992981.516924689
1993149.8282995692
1993318.15388869
1993486.4936932519
1993654.8477144553
1993823.215953501
1993991.5984115857
1994159.9950899181
1994328.4059896953
1994496.8311121182
1994665.270458388
1994833.7240297059
1995002.191827269
1995170.6738522872
1995339.170105958
1995507.6805894824
1995676.205304063
1995844.744250901
1996013.2974311986
1996181.8648461539
1996350.446496977
1996519.0423848662
1996687.6525110237
1996856.276876652
1997024.9154829495
1997193.568331127
1997362.2354223835
1997530.9167579217
1997699.6123389443
1997868.3221666547
1998037.0462422557
1998205.784566947
1998374.5371419396
1998543.3039684333
1998712.0850476313
1998880.8803807376
1999049.6899689517
1999218.5138134856
1999387.3519155395
1999556.204276317
1999725.0708970227
1999893.9517788605
2000062.846923035
2000231.756330747
2000400.6800032083
2000569.6179416205
2000738.5701471877
2000907.5366211152
2001076.5173646035
2001245.512378866
2001414.5216651042
2001583.545224523
2001752.583058328
2001921.6351677245
2002090.7015539182
2002259.7822181107
2002428.877161516
2002597.9863853361
2002767.1098907767
2002936.247679044
2003105.3997513403
2003274.56610888
2003443.7467528654
2003612.9416845029
2003782.1509049993
2003951.3744155613
2004120.6122173956
2004289.864311705
2004459.130699705
2004628.4113825986
2004797.7063615927
2004967.015637895
2005136.3392127128
2005305.6770872495
2005475.0292627208
2005644.3957403307
2005813.7765212867
2005983.1716067968
2006152.5809980694
2006322.0046963082
2006491.4427027297
2006660.8950185382
2006830.3616449423
2006999.8425831501
2007169.337834371
2007338.847399809
2007508.3712806816
2007677.9094781931
2007847.4619935532
2008017.0288279708
2008186.6099826554
2008356.2054588117
2008525.815257658
2008695.4393803994
2008865.0778282457
2009034.7306024067
2009204.3977040923
2009374.0791345085
2009543.7748948734
2009713.484986393
2009883.209410278
2010052.9481677383
2010222.7012599846
2010392.4686882237
2010562.250453674
2010732.0465575426
2010901.8570010404
2011071.6817853781
2011241.5209117671
2011411.3743814144
2011581.2421955394
2011751.1243553495
2011921.0208620564
2012090.9317168717
2012260.856921007
2012430.7964756698
2012600.7503820807
2012770.7186414471
2012940.7012549818
2013110.6982238966
2013280.709549404
2013450.735232712
2013620.7752750418
2013790.8296776018
2013960.8984416048
2014130.9815682636
2014301.0790587908
2014471.190914396
2014641.3171363003
2014811.4577257126
2014981.6126838464
2015151.7820119155
2015321.965711133
2015492.1637827088
2015662.3762278648
2015832.6030478107
2016002.8442437605
2016173.0998169284
2016343.3697685285
2016513.6540997708
2016683.9528118782
2016854.2659060608
2017024.5933835336
2017194.935245511
2017365.291493208
2017535.6621278347
2017706.0471506154
2017876.4465627605
2018046.860365485
2018217.288560005
2018387.731147535
2018558.188129287
2018728.6595064846
2018899.1452803395
2019069.6454520675
2019240.1600228846
2019410.6889940067
2019581.232366646
2019751.7901420267
2019922.3623213614
2020092.9489058661
2020263.5498967578
2020434.1652952528
2020604.795102564
2020775.439319916
2020946.0979485223
2021116.7709895996
2021287.458444365
2021458.160314036
2021628.8765998257
2021799.60730296
2021970.3524246519
2022141.1119661196
2022311.8859285805
2022482.6743132526
2022653.47712135
2022824.2943540986
2022995.1260127127
2023165.9720984108
2023336.832612411
2023507.7075559318
2023678.5969301877
2023849.5007364058
2024020.4189758007
2024191.3516495915
2024362.2987589969
2024533.260305236
2024704.2362895242
2024875.2267130888
2025046.2315771454
2025217.2508829131
2025388.284631612
2025559.3328244614
2025730.3954626773
2025901.4725474878
2026072.5640801091
2026243.6700617608
2026414.7904936634
2026585.9253770374
2026757.074713099
2026928.238503077
2027099.416748188
2027270.6094496527
2027441.816608692
2027613.038226527
2027784.2743043744
2027955.5248434637
2028126.7898450121
2028298.0693102411
2028469.3632403722
2028640.6716366266
2028811.9945002222
2028983.3318323889
2029154.6836343447
2029326.0499073113
2029497.4306525113
2029668.8258711663
2029840.2355644947
2030011.6597337273
2030183.0983800825
2030354.5515047829
2030526.0191090512
2030697.5011941101
2030868.9977611785
2031040.5088114876
2031212.0343462566
2031383.5743667088
2031555.1288740672
2031726.6978695556
2031898.281354393
2032069.879329812
2032241.4917970316
2032413.1187572759
2032584.7602117688
2032756.4161617344
2032928.0866083927
2033099.7715529765
2033271.4709967056
2033443.1849408047
2033614.9133864986
2033786.6563350118
2033958.4137875647
2034130.185745391
2034301.972209711
2034473.7731817504
2034645.588662734
2034817.4186538872
2034989.2631564313
2035161.1221716
2035332.995700615
2035504.8837447017
2035676.7863050862
2035848.7033829943
2036020.6349796478
2036192.5810962815
2036364.541734117
2036536.5168943813
2036708.5065783001
2036880.5107871003
2037052.5295220045
2037224.5627842478
2037396.6105750524
2037568.672895646
2037740.7497472551
2037912.8411311074
2038084.9470484254
2038257.0675004453
2038429.20248839
2038601.3520134876
2038773.5160769653
2038945.6946800512
2039117.887823969
2039290.095509955
2039462.317739233
2039634.5545130314
2039806.8058325783
2039979.0716991024
2040151.3521138278
2040323.6470779919
2040495.9565928187
2040668.2806595373
2040840.6192793767
2041012.9724535656
2041185.3401833295
2041357.7224699056
2041530.1193145192
2041702.5307183997
2041874.9566827768
2042047.3972088802
2042219.8522979352
2042392.3219511802
2042564.806169841
2042737.3049551477
2042909.8183083304
2043082.3462306196
2043254.8887232412
2043427.4457874342
2043600.017424425
2043772.6036354445
2043945.2044217233
2044117.8197844923
2044290.4497249783
2044463.094244421
2044635.7533440473
2044808.4270250883
2044981.1152887759
2045153.8181363414
2045326.5355690122
2045499.2675880285
2045672.0141946177
2045844.7753900122
2046017.5511754437
2046190.3415521446
2046363.1465213427
2046535.9660842791
2046708.8002421816
2046881.6489962833
2047054.5123478165
2047227.3902980143
2047400.282848105
2047573.1899993303
2047746.1117529192
2047919.0481101044
2048091.9990721196
2048264.964640198
2048437.9448155733
2048610.939599475
2048783.9489931448
2048956.9729978128
2049130.0116147124
2049303.0648450782
2049476.1326901398
2049649.21515114
2049822.3122293088
2049995.4239258806
2050168.5502420901
2050341.6911791721
2050514.846738361
2050688.0169208879
2050861.2017279956
2051034.4011609156
2051207.6152208827
2051380.8439091323
2051554.0872268954
2051727.3451754162
2051900.6177559257
2052073.90496966
2052247.206817855
2052420.523301746
2052593.8544225695
2052767.2001815573
2052940.5605799542
2053113.935618992
2053287.3252999072
2053460.7296239363
2053634.1485923121
2053807.5822062795
2053981.030467071
2054154.493375924
2054327.9709340748
2054501.4631427615
2054674.9700032207
2054848.4915166856
2055022.0276844024
2055195.5785076043
2055369.1439875292
2055542.7241254144
2055716.318922494
2055889.9283800144
2056063.5524992093
2056237.191281317
2056410.844727576
2056584.5128392244
2056758.195617501
2056931.89306364
2057105.6051788884
2057279.3319644814
2057453.0734216573
2057626.8295516556
2057800.6003557153
2057974.3858350713
2058148.1859909717
2058322.0008246514
2058495.8303373505
2058669.674530308
2058843.533404764
2059017.4069619542
2059191.295203127
2059365.1981295182
2059539.1157423682
2059713.048042917
2059886.995032405
2060060.956712069
2060234.9330831575
2060408.9241469072
2060582.929904559
2060756.9503573538
2060930.9855065325
2061105.035353332
2061279.0998990024
2061453.1791447802
2061627.2730919074
2061801.3817416253
2061975.5050951755
2062149.6431537957
2062323.7959187364
2062497.9633912349
2062672.1455725336
2062846.3424638745
2063020.5540665
2063194.7803816483
2063369.0214105705
2063543.2771545046
2063717.5476146934
2063891.8327923801
2064066.132688807
2064240.4473052137
2064414.776642851
2064589.1207029584
2064763.479486779
2064937.8529955565
2065112.2412305342
2065286.6441929517
2065461.061884061
2065635.494305102
2065809.9414573186
2065984.4033419548
2066158.8799602548
2066333.3713134585
2066507.8774028192
2066682.3982295766
2066856.933794976
2067031.4841002615
2067206.049146678
2067380.6289354665
2067555.2234678802
2067729.8327451602
2067904.4567685514
2068079.0955392995
2068253.7490586499
2068428.4173278438
2068603.1003481352
2068777.798120766
2068952.5106469817
2069127.2379280285
2069301.9799651525
2069476.7367595953
2069651.5083126118
2069826.2946254446
2070001.0956993396
2070175.9115355436
2070350.7421353036
2070525.5874998618
2070700.4476304736
2070875.322528382
2071050.2121948341
2071225.1166310771
2071400.0358383583
2071574.9698179208
2071749.9185710207
2071924.8820989016
2072099.860402811
2072274.853483997
2072449.8613437074
2072624.8839831862
2072799.9214036898
2072974.9736064626
2073150.0405927526
2073325.1223638086
2073500.218920879
2073675.3302652084
2073850.456398054
2074025.5973206607
2074200.7530342774
2074375.923540153
2074551.108839537
2074726.3089336744
2074901.5238238233
2075076.7535112288
2075251.9979971407
2075427.2572828087
2075602.5313694824
2075777.820258408
2075953.123950844
2076128.442448036
2076303.7757512347
2076479.1238616903
2076654.486780653
2076829.8645093697
2077005.2570490995
2077180.6644010886
2077356.0865665884
2077531.5235468496
2077706.9753431233
2077882.4419566568
2078057.9233887098
2078233.4196405294
2078408.9307133672
2078584.456608475
2078759.9973271044
2078935.5528705034
2079111.1232399319
2079286.7084366381
2079462.3084618743
2079637.9233168925
2079813.5530029451
2079989.1975212805
2080164.85687316
2080340.5310598318
2080516.2200825487
2080691.9239425638
2080867.6426411301
2081043.3761794965
2081219.124558925
2081394.887780664
2081570.6658459676
2081746.4587560892
2081922.2665122824
2082098.0891157968
2082273.9265678946
2082449.778869826
2082625.6460228446
2082801.528028205
2082977.4248871612
2083153.3366009635
2083329.263170875
2083505.2045981458
2083681.160884031
2083857.1320297853
2084033.1180366634
2084209.1189059166
2084385.134638808
2084561.165236589
2084737.210700515
2084913.2710318412
2085089.3462318233
2085265.4363017126
2085441.5412427739
2085617.6610562583
2085793.795743422
2085969.9453055211
2086146.109743812
2086322.2890595465
2086498.4832539896
2086674.6923283937
2086850.9162840154
2087027.1551221113
2087203.4088439385
2087379.6774507496
2087555.9609438102
2087732.2593243732
2087908.5725936957
2088084.9007530354
2088261.2438036494
2088437.6017467915
2088613.9745837278
2088790.3623157116
2088966.7649440009
2089143.182469854
2089319.6148945286
2089496.0622192791
2089672.5244453722
2089849.0015740618
2090025.493606607
2090202.000544266
2090378.5223882978
2090555.059139957
2090731.610800511
2090908.1773712146
2091084.758853327
2091261.3552481078
2091437.9665568161
2091614.5927807072
2091791.2339210492
2091967.8899790978
2092144.5609561126
2092321.2468533535
2092497.9476720807
2092674.66341355
2092851.3940790303
2093028.1396697776
2093204.9001870523
2093381.675632115
2093558.4660062266
2093735.2713106435
2093912.091546635
2094088.9267154578
2094265.7768183732
2094442.6418566424
2094619.5218315267
2094796.4167442832
2094973.326596182
2095150.2513884804
2095327.1911224404
2095504.1457993237
2095681.115420392
2095858.0999869034
2096035.0995001285
2096212.1139613255
2096389.1433717567
2096566.1877326842
2096743.2470453712
2096920.321311076
2097097.4105310696
2097274.5147066107
2097451.6338389628
2097628.7679293887
2097805.916979152
2097983.0809895108
2098160.259961738
2098337.4538970925
2098514.662796838
2098691.886662239
2098869.1254945584
2099046.379295056
2099223.6480650054
2099400.931805665
2099578.2305183006
2099755.544204176
2099932.872864555
2100110.216500699
2100287.5751138814
2100464.9487053617
2100642.3372764057
2100819.740828278
2100997.159362244
2101174.5928795645
2101352.0413815137
2101529.5048693526
2101706.983344347
2101884.4768077624
2102061.9852608647
2102239.50870492
2102417.047141189
2102594.600570948
2102772.1689954577
2102949.7524159853
2103127.3508337964
2103304.964250154
2103482.592666333
2103660.2360835955
2103837.8945032093
2104015.5679264404
2104193.256354557
2104370.959788825
2104548.678230508
2104726.4116808823
2104904.160141211
2105081.9236127613
2105259.7020968013
2105437.495594594
2105615.304107417
2105793.127636533
2105970.966183211
2106148.8197487188
2106326.688334325
2106504.5719412975
2106682.470570901
2106860.3842244125
2107038.3129030974
2107216.2566082235
2107394.2153410604
2107572.189102873
2107750.177894939
2107928.181718523
2108106.2005748954
2108284.234465325
2108462.2833910813
2108640.3473534347
2108818.42635365
2108996.5203930065
2109174.6294727703
2109352.7535942104
2109530.8927585976
2109709.0469671986
2109887.2162212916
2110065.4005221436
2110243.5998710254
2110421.814269207
2110600.0437179604
2110778.2882185555
2110956.5477722604
2111134.822380354
2111313.112044104
2111491.4167647813
2111669.736543658
2111848.0713820057
2112026.4212810914
2112204.7862421963
2112383.166266588
2112561.561355538
2112739.9715103195
2112918.3967322037
2113096.83702246
2113275.2923823684
2113453.7628131984
2113632.2483162214
2113810.7488927115
2113989.2645439412
2114167.7952711796
2114346.3410757077
2114524.9019587953
2114703.4779217155
2114882.068965742
2115060.675092148
2115239.296302203
2115417.93259719
2115596.5839783787
2115775.2504470423
2115953.932004456
2116132.6286518928
2116311.340390624
2116490.067221932
2116668.8091470874
2116847.566167365
2117026.3382840394
2117205.125498385
2117383.927811674
2117562.7452251883
2117741.5777402003
2117920.4253579844
2118099.288079817
2118278.1659069727
2118457.0588407237
2118635.9668823536
2118814.8900331347
2118993.8282943424
2119172.7816672535
2119351.7501531434
2119530.733753285
2119709.7324689627
2119888.7463014484
2120067.77525202
2120246.8193219528
2120425.878512525
2120604.952825008
2120784.0422606887
2120963.146820839
2121142.2665067366
2121321.4013196593
2121500.551260884
2121679.7163316836
2121858.896533346
2122038.091867143
2122217.302334354
2122396.5279362556
2122575.768674127
2122755.0245492416
2122934.295562887
2123113.5817163372
2123292.8830108703
2123472.1994477655
2123651.5310283015
2123830.8777537523
2124010.2396254065
2124189.6166445385
2124369.008812427
2124548.4161303523
2124727.8385995934
2124907.2762214253
2125086.728997137
2125266.196928003
2125445.680015304
2125625.1782603194
2125804.6916643297
2125984.2202286106
2126163.7639544513
2126343.322843128
2126522.8968959204
2126702.48611411
2126882.090498977
2127061.7100517983
2127241.3447738634
2127420.994666449
2127600.6597308363
2127780.339968307
2127960.035380142
2128139.745967618
2128319.4717320264
2128499.212674644
2128678.9687967524
2128858.740099634
2129038.5265845708
2129218.3282528403
2129398.145105734
2129577.977144529
2129757.824370509
2129937.686784955
2130117.5643891515
2130297.457184376
2130477.36517192
2130657.2883530622
2130837.226729086
2131017.180301275
2131197.1490709116
2131377.1330392756
2131557.132207659
2131737.146577341
2131917.176149606
2132097.220925737
2132277.2809070186
2132457.3560947306
2132637.4464901653
2132817.5520946034
2132997.672909329
2133177.808935627
2133357.9601747813
2133538.1266280725
2133718.308296795
2133898.505182228
2134078.7172856582
2134258.94460837
2134439.187151648
2134619.444916774
2134799.7179050427
2134980.0061177346
2135160.3095561354
2135340.628221532
2135520.9621152086
2135701.311238448
2135881.6755925454
2136062.0551787824
2136242.449998445
2136422.86005282
2136603.2853431934
2136783.7258708486
2136964.181637081
2137144.652643172
2137325.13889041
2137505.6403800813
2137686.1571134734
2137866.6890918696
2138047.236316566
2138227.798788845
2138408.3765099957
2138588.9694813048
2138769.5777040604
2138950.2011795463
2139130.83990906
2139311.493893884
2139492.163135308
2139672.847634619
2139853.547393107
2140034.2624120554
2140214.9926927625
2140395.7382365116
2140576.499044593
2140757.275118295
2140938.066458907
2141118.873067714
2141299.6949460143
2141480.532095093
2141661.384516239
2141842.2522107433
2142023.135179895
2142204.03342498
2142384.946947297
2142565.875748132
2142746.819828775
2142927.779190516
2143108.753834647
2143289.743762453
2143470.7489752336
2143651.769474276
2143832.80526087
2144013.8563363077
2144194.92270188
2144376.0043588732
2144557.1013085884
2144738.2135523125
2144919.341091336
2145100.4839269524
2145281.642060452
2145462.8154931236
2145644.004226267
2145825.2082611704
2146006.427599126
2146187.662241426
2146368.9121893635
2146550.177444226
2146731.458007315
2146912.75387992
2147094.0650633327
2147275.3915588465
2147456.7333677546
2147638.0904913456
2147819.4629309224
2148000.850687773
2148182.253763192
2148363.6721584722
2148545.105874908
2148726.554913789
2148908.0192764173
2149089.498964083
2149270.993978081
2149452.504319704
2149634.0299902484
2149815.570991003
2149997.1273232717
2150178.698988345
2150360.2859875173
2150541.888322084
2150723.5059933406
2150905.139002577
2151086.7873510984
2151268.451040195
2151450.130071162
2151631.824445296
2151813.5341638923
2151995.2592282426
2152176.9996396517
2152358.7553994106
2152540.5265088165
2152722.312969165
2152904.114781753
2153085.931947872
2153267.764468828
2153449.6123459134
2153631.4755804245
2153813.354173659
2153995.2481269133
2154177.15744148
2154359.0821186663
2154541.0221597645
2154722.977566072
2154904.9483388863
2155086.9344795058
2155268.9359892234
2155450.9528693464
2155632.9851211677
2155815.032745986
2155997.0957450992
2156179.174119806
2156361.2678714003
2156543.3770011896
2156725.501510469
2156907.6414005356
2157089.7966726897
2157271.96732823
2157454.153368456
2157636.3547946615
2157818.5716081555
2158000.8038102333
2158183.051402194
2158365.3143853378
2158547.592760959
2158729.8865303677
2158912.1956948587
2159094.520255733
2159276.8602142893
2159459.2155718296
2159641.5863296534
2159823.972489057
2160006.37405135
2160188.7910178294
2160371.2233897955
2160553.671168549
2160736.1343553877
2160918.6129516205
2161101.106958545
2161283.616377462
2161466.1412096745
2161648.6814564825
2161831.237119189
2162013.808199091
2162196.3946974995
2162378.9966157116
2162561.6139550307
2162744.246716758
2162926.894902192
2163109.5585126444
2163292.237549413
2163474.932013801
2163657.641907111
2163840.367230646
2164023.107985709
2164205.864173599
2164388.6357956287
2164571.422853096
2164754.225347305
2164937.04327956
2165119.876651159
2165302.725463416
2165485.58971763
2165668.4694151045
2165851.364557145
2166034.2751450553
2166217.2011801396
2166400.1426636977
2166583.099597044
2166766.0719814785
2166949.0598183055
2167132.0631088307
2167315.0818543592
2167498.1160561913
2167681.1657156413
2167864.2308340105
2168047.3114126045
2168230.407452728
2168413.518955688
2168596.645922785
2168779.7883553347
2168962.946254638
2169146.1196220014
2169329.3084587315
2169512.512766134
2169695.7325455113
2169878.9677981795
2170062.21852544
2170245.4847286004
2170428.7664089673
2170612.063567848
2170795.3762065447
2170978.7043263745
2171162.047928639
2171345.4070146475
2171528.7815857064
2171712.1716431235
2171895.5771882026
2172078.9982222607
2172262.434746601
2172445.886762532
2172629.3542713616
2172812.837274398
2172996.3357729465
2173179.8497683234
2173363.3792618336
2173546.9242547858
2173730.4847484888
2173914.060744252
2174097.65224338
2174281.2592471903
2174464.8817569893
2174648.5197740854
2174832.173299788
2175015.842335408
2175199.52688225
2175383.226941633
2175566.9425148624
2175750.673603249
2175934.420208102
2176118.182330733
2176301.9599724477
2176485.753134565
2176669.5618183916
2176853.386025239
2177037.225756417
2177221.081013237
2177404.951797006
2177588.838109045
2177772.7399506588
2177956.6573231607
2178140.590227862
2178324.5386660737
2178508.5026391037
2178692.482148273
2178876.477194889
2179060.487780264
2179244.51390571
2179428.5555725396
2179612.612782061
2179796.6855355953
2179980.773834451
2180164.8776799412
2180348.9970733784
2180533.132016076
2180717.282509342
2180901.4485544995
2181085.630152857
2181269.827305728
2181454.0400144267
2181638.268280266
2181822.512104555
2182006.7714886176
2182191.046433763
2182375.3369413055
2182559.643012559
2182743.9646488377
2182928.3018514523
2183112.654621726
2183297.0229609692
2183481.4068704965
2183665.806351623
2183850.2214056635
2184034.6520339292
2184219.098237744
2184403.560018419
2184588.037377269
2184772.5303156106
2184957.038834759
2185141.562936025
2185326.1026207353
2185510.657890199
2185695.228745735
2185879.815188657
2186064.417220283
2186249.0348419244
2186433.6680549067
2186618.3168605426
2186802.981260149
2186987.661255042
2187172.3568465393
2187357.0680359537
2187541.794824611
2187726.537213824
2187911.295204911
2188096.068799189
2188280.857997976
2188465.662802585
2188650.483214343
2188835.3192345635
2189020.1708645653
2189205.0381056657
2189389.920959184
2189574.8194264336
2189759.7335087424
2189944.663207425
2190129.608523799
2190314.5694591845
2190499.5460149003
2190684.5381922605
2190869.545992594
2191054.569417216
2191239.6084674452
2191424.6631446015
2191609.7334500044
2191794.81938497
2191979.9209508263
2192165.03814889
2192350.1709804796
2192535.319446917
2192720.483549522
2192905.6632896103
2193090.8586685117
2193276.0696875425
2193461.296348024
2193646.5386512764
2193831.796598621
2194017.070191375
2194202.3594308677
2194387.6643184167
2194572.9848553436
2194758.3210429694
2194943.6728826165
2195129.0403756015
2195314.423523256
2195499.8223268976
2195685.236787848
2195870.66690743
2196056.1126869656
2196241.574127773
2196427.0512311836
2196612.543998516
2196798.052431093
2196983.576530237
2197169.116297272
2197354.671733516
2197540.2428403017
2197725.8296189476
2197911.4320707773
2198097.0501971147
2198282.6839992832
2198468.3334786026
2198653.9986364054
2198839.6794740115
2199025.375992745
2199211.0881939307
2199396.816078892
2199582.5596489497
2199768.318905437
2199954.093849674
2200139.8844829863
2200325.6908066985
2200511.5128221354
2200697.3505306183
2200883.2039334807
2201069.0730320443
2201254.957827634
2201440.8583215764
2201626.774515196
2201812.7064098152
2201998.6540067685
2202184.6173073775
2202370.5963129685
2202556.5910248677
2202742.601444402
2202928.6275728927
2203114.669411676
2203300.7269620737
2203486.800225413
2203672.8892030213
2203858.993896225
2204045.114306347
2204231.2504347237
2204417.402282678
2204603.5698515372
2204789.7531426298
2204975.9521572827
2205162.16689682
2205348.3973625777
2205534.6435558805
2205720.905478056
2205907.183130433
2206093.476514339
2206279.7856310993
2206466.1104820506
2206652.4510685173
2206838.807391829
2207025.1794533143
2207211.5672543016
2207397.970796117
2207584.390080098
2207770.8251075693
2207957.2758798613
2208143.7423983035
2208330.224664225
2208516.7226789515
2208703.2364438227
2208889.7659601634
2209076.311229304
2209262.8722525756
2209449.4490313074
2209636.0415668264
2209822.6498604724
2210009.273913571
2210195.9137274534
2210382.569303451
2210569.2406428945
2210755.927747111
2210942.63061744
2211129.3492552103
2211316.0836617514
2211502.8338383962
2211689.5997864767
2211876.3815073194
2212063.179002266
2212249.992272644
2212436.8213197854
2212623.6661450234
2212810.5267496896
2212997.4031351125
2213184.2953026337
2213371.2032535817
2213558.126989289
2213745.0665110894
2213932.0218203156
2214118.992918301
2214305.979806374
2214492.982485878
2214680.0009581414
2214867.0352244982
2215054.085286282
2215241.151144823
2215428.2328014635
2215615.3302575336
2215802.443514367
2215989.572573299
2216176.7174356636
2216363.878102795
2216551.0545760244
2216738.246856695
2216925.454946138
2217112.6788456873
2217299.918556679
2217487.1740804436
2217674.4454183253
2217861.732571656
2218049.03554177
2218236.3543300047
2218423.6889376943
2218611.039366176
2218798.4056167807
2218985.787690854
2219173.185589728
2219360.599314738
2219548.028867222
2219735.474248511
2219922.9354599514
2220110.4125028756
2220297.90537862
2220485.414088522
2220672.9386339197
2220860.479016149
2221048.035236544
2221235.6072964505
2221423.1951972023
2221610.7989401366
2221798.4185265917
2221986.0539579014
2222173.705235412
2222361.3723604577
2222549.055334377
2222736.754158508
2222924.4688341897
2223112.1993627604
2223299.9457455548
2223487.7079839204
2223675.4860791923
2223863.2800327092
2224051.08984581
2224238.915519835
2224426.757056119
2224614.6144560096
2224802.4877208434
2224990.376851959
2225178.2818506975
2225366.202718398
2225554.1394563965
2225742.0920660426
2225930.0605486715
2226118.0449056244
2226306.0451382417
2226494.061247864
2226682.0932358275
2226870.1411034823
2227058.204852165
2227246.284483217
2227434.37999798
2227622.491397794
2227810.618683997
2227998.76185794
2228186.920920959
2228375.095874397
2228563.2867195955
2228751.493457897
2228939.7160906387
2229127.954619172
2229316.209044835
2229504.4793689703
2229692.76559292
2229881.067718028
2230069.3857456315
2230257.719677083
2230446.0695137214
2230634.4352568896
2230822.816907931
2231011.214468189
2231199.6279390026
2231388.0573217245
2231576.502617694
2231764.9638282554
2231953.4409547523
2232141.933998529
2232330.4429609245
2232518.967843293
2232707.5086469753
2232896.065373314
2233084.6380236554
2233273.226599343
2233461.831101719
2233650.4515321353
2233839.0878919344
2234027.7401824603
2234216.408405059
2234405.0925610764
2234593.7926518526
2234782.5086787427
2234971.2406430882
2235159.9885462355
2235348.7523895297
2235537.5321743176
2235726.327901941
2235915.1395737547
2236103.9671911015
2236292.8107553273
2236481.67026778
2236670.545729805
2236859.4371427456
2237048.344507958
2237237.2678267844
2237426.2071005725
2237615.16233067
2237804.133518424
2237993.1206651772
2238182.123772287
2238371.142841097
2238560.1778729544
2238749.228869208
2238938.295831206
2239127.3787602917
2239316.477657823
2239505.592525144
2239694.723363603
2239883.8701745495
2240073.0329593318
2240262.211719294
2240451.4064557953
2240640.61717018
2240829.8438637974
2241019.0865379972
2241208.3451941283
2241397.619833537
2241586.910457581
2241776.2170676063
2241965.5396649633
2242154.8782510012
2242344.2328270716
2242533.603394519
2242722.9899547035
2242912.392508972
2243101.811058674
2243291.2456051605
2243480.696149783
2243670.1626938884
2243859.645238836
2244049.143785973
2244238.658336651
2244428.188892221
2244617.735454035
2244807.2980234404
2244996.876601798
2245186.471190455
2245376.081790764
2245565.7084040763
2245755.3510317453
2245945.009675118
2246134.6843355573
2246324.37501441
2246514.081713029
2246703.8044327684
2246893.54317498
2247083.2979410132
2247273.0687322295
2247462.8555499786
2247652.658395613
2247842.477270487
2248032.312175954
2248222.163113364
2248412.030084079
2248601.913089449
2248791.812130828
2248981.7272095704
2249171.6583270305
2249361.6054845583
2249551.5686835176
2249741.5479252585
2249931.5432111355
2250121.5545425043
2250311.5819207197
2250501.625347132
2250691.6848231056
2250881.7603499917
2251071.851929146
2251261.9595619235
2251452.08324968
2251642.222993768
2251832.3787955516
2252022.550656382
2252212.7385776164
2252402.9425606104
2252593.1626067203
2252783.398717299
2252973.650893712
2253163.9191373107
2253354.203449453
2253544.5038314955
2253734.8202847955
2253925.152810706
2254115.5014105923
2254305.8660858083
2254496.2468377114
2254686.6436676593
2254877.05657701
2255067.4855671166
2255257.930639346
2255448.3917950527
2255638.869035594
2255829.3623623294
2256019.871776616
2256210.397279809
2256400.9388732766
2256591.4965583715
2256782.0703364536
2256972.6602088823
2257163.2661770163
2257353.8882422107
2257544.5264058337
2257735.18066924
2257925.8510337905
2258116.5375008434
2258307.24007176
2258497.958747895
2258688.6935306173
2258879.4444212834
2259070.211421253
2259260.994531887
2259451.793754546
2259642.6090905857
2259833.440541377
2260024.2881082743
2260215.151792641
2260406.0315958364
2260596.9275192227
2260787.8395641563
2260978.7677320084
2261169.7120241355
2261360.6724419
2261551.6489866627
2261742.6416597865
2261933.650462628
2262124.6753965593
2262315.716462938
2262506.7736631264
2262697.846998487
2262888.9364703824
2263080.042080171
2263271.1638292246
2263462.301718902
2263653.4557505655
2263844.6259255796
2264035.812245306
2264227.0147111053
2264418.233324349
2264609.4680863963
2264800.718998612
2264991.986062359
2265183.2692790013
2265374.568649899
2265565.8841764256
2265757.2158599407
2265948.5637018085
2266139.9277033936
2266331.307866061
2266522.704191171
2266714.116680098
2266905.545334202
2267096.990154848
2267288.4511434017
2267479.928301228
2267671.4216296887
2267862.9311301582
2268054.4568039975
2268245.9986525723
2268437.5566772493
2268629.130879394
2268820.7212603684
2269012.3278215476
2269203.9505642937
2269395.589489973
2269587.2445999533
2269778.9158956
2269970.603378276
2270162.3070493573
2270354.026910207
2270545.762962192
2270737.5152066792
2270929.283645037
2271121.068278628
2271312.8691088287
2271504.686137003
2271696.5193645186
2271888.368792743
2272080.2344230455
2272272.1162567935
2272464.014295351
2272655.9285400966
2272847.858992393
2273039.80565361
2273231.7685251157
2273423.7476082747
2273615.7429044656
2273807.754415053
2273999.782141406
2274191.8260848946
2274383.8862468875
2274575.962628755
2274768.055231862
2274960.1640575873
2275152.289107297
2275344.4303823616
2275536.5878841504
2275728.7616140293
2275920.9515733784
2276113.157763564
2276305.380185956
2276497.6188419256
2276689.873732844
2276882.1448600823
2277074.432225006
2277266.7358289976
2277459.055673422
2277651.3917596517
2277843.7440890586
2278036.1126630087
2278228.497482884
2278420.898550052
2278613.315865885
2278805.7494317545
2278998.199249033
2279190.665319093
2279383.1476433026
2279575.646223044
2279768.1610596846
2279960.692154598
2280153.2395091574
2280345.803124731
2280538.3830027007
2280730.9791444363
2280923.591551311
2281116.2202246985
2281308.865165972
2281501.526376506
2281694.203857669
2281886.8976108455
2282079.6076374045
2282272.33393872
2282465.076516167
2282657.8353711194
2282850.610504948
2283043.4019190366
2283236.209614755
2283429.033593479
2283621.873856583
2283814.730405443
2284007.6032414287
2284200.4923659256
2284393.3977803043
2284586.319485941
2284779.2574842116
2284972.2117764913
2285165.182364152
2285358.1692485786
2285551.172431144
2285744.1919132234
2285937.227696194
2286130.279781432
2286323.3481703093
2286516.4328642134
2286709.533864515
2286902.6511725923
2287095.784789822
2287288.934717582
2287482.100957244
2287675.2835101965
2287868.4823778113
2288061.697561466
2288254.9290625397
2288448.1768824095
2288641.4410224496
2288834.721484047
2289028.0182685754
2289221.3313774136
2289414.66081194
2289608.006573534
2289801.368663569
2289994.7470834334
2290188.141834502
2290381.552918154
2290574.980335768
2290768.4240887244
2290961.8841783972
2291155.3606061763
2291348.8533734363
2291542.362481557
2291735.8879319187
2291929.429725901
2292122.987864881
2292316.562350246
2292510.153183374
2292703.7603656445
2292897.3838984384
2293091.0237831366
2293284.6800211156
2293478.3526137653
2293672.0415624627
2293865.7468685885
2294059.468533525
2294253.2065586527
2294446.9609453497
2294640.731695006
2294834.518809
2295028.3222887125
2295222.1421355265
2295415.9783508237
2295609.830935982
2295803.6998923933
2295997.5852214354
2296191.486924491
2296385.4050029432
2296579.339458174
2296773.290291563
2296967.2575045023
2297161.24109837
2297355.24107455
2297549.257434426
2297743.2901793807
2297937.339310794
2298131.4048300595
2298325.4867385556
2298519.585037667
2298713.699728777
2298907.830813271
2299101.9782925285
2299296.142167943
2299490.3224408953
2299684.5191127695
2299878.7321849507
2300072.9616588242
2300267.20753577
2300461.469817183
2300655.748504444
2300850.0435989387
2301044.355102052
2301238.6830151705
2301433.027339675
2301627.3880769606
2301821.765228409
2302016.158795406
2302210.5687793386
2302404.9951815926
2302599.4380035503
2302793.897246608
2302988.372912147
2303182.865001555
2303377.3735162183
2303571.898457525
2303766.4398268564
2303960.9976256103
2304155.571855169
2304350.1625169204
2304544.769612252
2304739.3931425516
2304934.033109203
2305128.689513603
2305323.362357136
2305518.051641189
2305712.757367152
2305907.479536412
2306102.218150354
2306296.9732103758
2306491.7447178615
2306686.5326742004
2306881.337080782
2307076.1579389945
2307270.995250223
2307465.8490158673
2307660.7192373113
2307855.605915945
2308050.509053158
2308245.428650341
2308440.3647088786
2308635.3172301706
2308830.2862156024
2309025.2716665654
2309220.273584449
2309415.2919706446
2309610.326826538
2309805.378153529
2310000.445953005
2310195.5302263563
2310390.6309749745
2310585.7482002513
2310780.8819035725
2310976.03208634
2311171.1987499404
2311366.3818957657
2311561.5815252075
2311756.7976396587
2311952.030240506
2312147.2793291514
2312342.5449069827
2312537.826975392
2312733.1255357726
2312928.440589517
2313123.7721380135
2313319.120182664
2313514.484724858
2313709.865765988
2313905.263307447
2314100.677350629
2314296.107896923
2314491.554947732
2314687.0185044454
2314882.4985684566
2315077.99514116
2315273.50822395
2315469.0378182153
2315664.583925361
2315860.146546776
2316055.7256838554
2316251.321337994
2316446.9335105866
2316642.562203023
2316838.207416709
2317033.869153034
2317229.5474133934
2317425.2421991834
2317620.953511799
2317816.681352632
2318012.425723087
2318208.1866245554
2318403.9640584327
2318599.758026116
2318795.5685290014
2318991.3955684802
2319187.239145959
2319383.0992628294
2319578.975920488
2319774.869120332
2319970.7788637583
2320166.705152159
2320362.6479869415
2320558.607369498
2320754.583301226
2320950.5757835237
2321146.5848177876
2321342.610405412
2321538.6525478037
2321734.7112463564
2321930.7865024684
2322126.8783175373
2322322.986692962
2322519.111630136
2322715.2531304685
2322911.4111953527
2323107.585826187
2323303.7770243715
2323499.984791305
2323696.2091283817
2323892.4500370105
2324088.707518587
2324284.9815745093
2324481.2722061784
2324677.579414994
2324873.9032023507
2325070.2435696586
2325266.6005183132
2325462.9740497144
2325659.3641652633
2325855.7708663596
2326052.1941544
2326248.6340307943
2326445.090496939
2326641.5635542353
2326838.053204084
2327034.559447886
2327231.0822870387
2327427.6217229525
2327624.1777570248
2327820.750390657
2328017.3396252515
2328213.9454622096
2328410.567902929
2328607.2069488214
2328803.8626012844
2329000.53486172
2329197.2237315318
2329393.9292121213
2329590.6513048876
2329787.3900112426
2329984.1453325846
2330180.9172703167
2330377.7058258425
2330574.5110005653
2330771.3327958835
2330968.171213211
2331165.026253946
2331361.8979194933
2331558.786211256
2331755.6911306386
2331952.612679045
2332149.5508578755
2332346.5056685437
2332543.4771124492
2332740.4651909973
2332937.4699055925
2333134.4912576345
2333331.5292485384
2333528.583879705
2333725.655152539
2333922.743068446
2334119.8476288314
2334316.968835101
2334514.106688656
2334711.2611909113
2334908.4323432688
2335105.6201471346
2335302.8246039143
2335500.04571501
2335697.2834818373
2335894.5379057988
2336091.8089883006
2336289.09673075
2336486.4011345534
2336683.7222011182
2336881.059931847
2337078.4143281565
2337275.785391449
2337473.173123133
2337670.577524615
2337867.9985972987
2338065.436342602
2338262.8907619272
2338460.361856683
2338657.849628278
2338855.3540781196
2339052.875207617
2339250.413018174
2339447.967511209
2339645.538688126
2339843.1265503336
2340040.7310992414
2340238.352336254
2340435.9902627897
2340633.6448802534
2340831.3161900546
2341029.0041936035
2341226.708892309
2341424.4302875823
2341622.1683808276
2341819.9231734653
2342017.6946669007
2342215.482862544
2342413.2877618056
2342611.109366097
2342808.9476768235
2343006.8026954057
2343204.6744232494
2343402.5628617667
2343600.4680123683
2343798.3898764653
2343996.328455465
2344194.283750788
2344392.2557638413
2344590.2444960373
2344788.249948788
2344986.2721235044
2345184.311021595
2345382.366644481
2345580.438993571
2345778.5280702766
2345976.633876011
2346174.7564121867
2346372.8956802115
2346571.0516815092
2346769.224417487
2346967.4138895585
2347165.6200991375
2347363.8430476375
2347562.0827364665
2347760.339167049
2347958.612340793
2348156.9022591133
2348355.2089234237
2348553.5323351384
2348751.872495667
2348950.2294064336
2349148.6030688477
2349346.993484325
2349545.4006542787
2349743.824580125
2349942.265263274
2350140.72270515
2350339.196907164
2350537.6878707316
2350736.1955972672
2350934.720088188
2351133.261344904
2351331.8193688407
2351530.3941614097
2351728.9857240273
2351927.5940581094
2352126.2191650723
2352324.861046328
2352523.5197033025
2352722.195137408
2352920.887350061
2353119.596342679
2353318.3221166786
2353517.064673472
2353715.824014487
2353914.6001411364
2354113.3930548364
2354312.2027570056
2354511.029249062
2354709.8725324185
2354908.7326085023
2355107.6094787274
2355306.503144512
2355505.4136072746
2355704.340868433
2355903.284929402
2356102.24579161
2356301.22345647
2356500.217925402
2356699.229199825
2356898.2572811577
2357097.3021708154
2357296.363870227
2357495.442380807
2357694.537703975
2357893.6498411517
2358092.778793757
2358291.924563205
2358491.0871509262
2358690.266558337
2358889.4627868566
2359088.675837906
2359287.9057129063
2359487.1524132728
2359686.4159404365
2359885.6962958137
2360084.9934808253
2360284.307496893
2360483.638345438
2360682.986027877
2360882.350545641
2361081.731900147
2361281.130092818
2361480.545125074
2361679.9769983394
2361879.42571403
2362078.891273578
2362278.373678402
2362477.872929924
2362677.3890295667
2362876.921978753
2363076.471778901
2363276.0384314437
2363475.6219377993
2363675.222299391
2363874.8395176427
2364074.4735939773
2364274.1245298143
2364473.7923265873
2364673.476985715
2364873.178508621
2365072.8968967306
2365272.6321514673
2365472.384274251
2365672.1532665156
2365871.939129681
2366071.7418651725
2366271.561474414
2366471.397958832
2366671.2513198457
2366871.1215588897
2367071.0086773857
2367270.9126767586
2367470.833558434
2367670.771323838
2367870.7259743907
2368070.6975115286
2368270.685936673
2368470.69125125
2368670.7134566857
2368870.7525544064
2369070.808545835
2369270.881432406
2369470.971215543
2369671.0778966723
2369871.201477221
2370071.3419586164
2370271.499342281
2370471.673629652
2370671.8648221516
2370872.0729212076
2371072.2979282485
2371272.5398447015
2371472.79867199
2371673.074411552
2371873.367064811
2372073.6766331946
2372274.0031181322
2372474.346521052
2372674.706843378
2372875.084086549
2373075.478251989
2373275.889341127
2373476.3173553925
2373676.7622962147
2373877.224165018
2374077.7029632423
2374278.198692312
2374478.711353657
2374679.240948707
2374879.7874788926
2375080.350945639
2375280.9313503862
2375481.52869456
2375682.14297959
2375882.7742069084
2376083.4223779454
2376284.0874941265
2376484.769556893
2376685.468567671
2376886.184527892
2377086.917438987
2377287.667302388
2377488.434119522
2377689.2178918305
2377890.0186207397
2378090.836307682
2378291.6709540896
2378492.522561395
2378693.3911310257
2378894.2766644233
2379095.1791630164
2379296.0986282374
2379497.035061519
2379697.9884642945
2379898.9588379916
2380099.946184054
2380300.9505039095
2380501.9717989923
2380703.010070735
2380904.0653205724
2381105.1375499326
2381306.22676026
2381507.332952983
2381708.456129537
2381909.596291355
2382110.753439872
2382311.927576518
2382513.118702737
2382714.326819959
2382915.551929619
2383116.794033152
2383318.0531319934
2383519.3292275732
2383720.622321337
2383921.932414715
2384123.2595091434
2384324.6036060574
2384525.9647068935
2384727.342813082
2384928.7379260696
2385130.1500472873
2385331.5791781717
2385533.025320159
2385734.4884746857
2385935.9686431843
2386137.465827101
2386338.980027868
2386540.5112469224
2386742.0594857014
2386943.6247456423
2387145.2070281776
2387346.806334755
2387548.4226668067
2387750.0560257714
2387951.7064130865
2388153.3738301904
2388355.058278516
2388556.759759512
2388758.478274611
2388960.2138252524
2389161.966412875
2389363.7360389167
2389565.522704812
2389767.32641201
2389969.147161945
2390170.984956056
2390372.839795782
2390574.7116825636
2390776.600617835
2390978.506603046
2391180.4296396305
2391382.36972903
2391584.326872684
2391786.3010720327
2391988.292328512
2392190.300643571
2392392.3260186473
2392594.3684551804
2392796.4279546114
2392998.5045183813
2393200.5981479315
2393402.708844698
2393604.8366101324
2393806.9814456706
2394009.1433527544
2394211.322332826
2394413.5183873223
2394615.7315176944
2394817.9617253803
2395020.2090118215
2395222.4733784604
2395424.7548267404
2395627.0533581027
2395829.3689739862
2396031.701675843
2396234.051465112
2396436.4183432343
2396638.802311655
2396841.2033718117
2397043.621525158
2397246.056773132
2397448.509117178
2397650.978558739
2397853.46509926
2398055.9687401843
2398258.4894829514
2398461.027329015
2398663.582279815
2398866.154336796
2399068.7435014024
2399271.349775074
2399473.973159266
2399676.613655418
2399879.2712649754
2400081.9459893834
2400284.6378300874
2400487.346788533
2400690.0728661604
2400892.816064426
2401095.57638477
2401298.3538286393
2401501.1483974787
2401703.960092731
2401906.788915851
2402109.634868281
2402312.497951468
2402515.3781668576
2402718.275515898
2402921.190000035
2403124.1216207114
2403327.0703793843
2403530.036277496
2403733.0193164935
2403936.019497825
2404139.036822938
2404342.071293275
2404545.1229102947
2404748.1916754395
2404951.2775901575
2405154.380655898
2405357.500874108
2405560.6382462326
2405763.7927737297
2405966.9644580428
2406170.153300621
2406373.359302914
2406576.58246637
2406779.822792434
2406983.080282565
2407186.354938208
2407389.6467608125
2407592.955751828
2407796.2819127045
2407999.6252448875
2408202.9857498365
2408406.363428997
2408609.7582838195
2408813.170315754
2409016.5995262526
2409220.0459167594
2409423.5094887363
2409626.9902436286
2409830.488182888
2410034.0033079656
2410237.5356203127
2410441.0851213755
2410644.6518126163
2410848.2356954813
2411051.836771423
2411255.455041893
2411459.0905083427
2411662.7431722204
2411866.413034988
2412070.100098093
2412273.804362988
2412477.525831126
2412681.2645039596
2412885.020382937
2413088.7934695208
2413292.58376516
2413496.3912713067
2413700.2159894155
2413904.0579209393
2414107.9170673275
2414311.7934300434
2414515.687010536
2414719.5978102596
2414923.5258306684
2415127.4710732163
2415331.4335393533
2415535.4132305435
2415739.410148237
2415943.4242938883
2416147.4556689523
2416351.5042748842
2416555.5701131346
2416759.653185168
2416963.7534924354
2417167.871036392
2417372.0058184937
2417576.157840196
2417780.327102951
2417984.513608223
2418188.7173574637
2418392.9383521304
2418597.176593678
2418801.4320835643
2419005.7048232406
2419209.9948141733
2419414.302057815
2419618.6265556216
2419822.9683090514
2420027.3273195606
2420231.7035886026
2420436.0971176447
2420640.507908139
2420844.935961544
2421049.3812793167
2421253.843862916
2421458.3237137944
2421662.820833421
2421867.3352232478
2422071.8668847345
2422276.415819339
2422480.9820285207
2422685.565513733
2422890.166276445
2423094.784318111
2423299.41964019
2423504.0722441417
2423708.742131425
2423913.429303495
2424118.1337618213
2424322.855507859
2424527.5945430677
2424732.3508689073
2424937.124486839
2425141.9153983174
2425346.7236048128
2425551.549107781
2425756.3919086833
2425961.2520089797
2426166.129410132
2426371.0241135955
2426575.9361208417
2426780.8654333274
2426985.812052513
2427190.775979861
2427395.7572168335
2427600.7557648863
2427805.7716254913
2428010.804800106
2428215.8552901936
2428420.9230972147
2428626.0082226326
2428831.110667905
2429036.230434504
2429241.367523888
2429446.52193752
2429651.6936768624
2429856.882743379
2430062.089138528
2430267.3128637825
2430472.5539206015
2430677.812310449
2430883.0880347877
2431088.381095082
2431293.6914927913
2431499.0192293897
2431704.3643063363
2431909.726725096
2432115.1064871326
2432320.503593911
2432525.9180468917
2432731.3498475486
2432936.798997342
2433142.265497738
2433347.749350201
2433553.250556196
2433758.769117185
2433964.305034642
2434169.858310029
2434375.4289448117
2434581.0169404554
2434786.6222984274
2434992.245020188
2435197.885107214
2435403.542560967
2435609.2173829135
2435814.909574521
2436020.619137255
2436226.3460725783
2436432.0903819683
2436637.852066887
2436843.631128802
2437049.4275691803
2437255.24138949
2437461.072591194
2437666.9211757695
2437872.7871446805
2438078.670499394
2438284.5712413797
2438490.4893721044
2438696.4248930328
2438902.3778056432
2439108.348111399
2439314.3358117696
2439520.3409082238
2439726.3634022307
2439932.4032952543
2440138.4605887746
2440344.5352842556
2440550.627383167
2440756.7368869786
2440962.863797161
2441169.008115178
2441375.16984251
2441581.348980623
2441787.545530987
2441993.759495072
2442199.990874349
2442406.239670284
2442612.5058843577
2442818.789518036
2443025.09057279
2443231.4090500907
2443437.74495141
2443644.0982782147
2443850.4690319854
2444056.857214189
2444263.2628262984
2444469.6858697846
2444676.1263461197
2444882.584256772
2445089.059603222
2445295.5523869395
2445502.062609395
2445708.5902720625
2445915.1353764147
2446121.697923919
2446328.2779160594
2446534.875354303
2446741.4902401245
2446948.122574996
2447154.7723603924
2447361.4395977813
2447568.1242886474
2447774.8264344595
2447981.5460366914
2448188.2830968173
2448395.037616312
2448601.8095966447
2448808.5990393
2449015.4059457476
2449222.2303174627
2449429.07215592
2449635.931462594
2449842.808238956
2450049.702486491
2450256.614206669
2450463.543400966
2450670.4900708576
2450877.45421782
2451084.435843324
2451291.4349488555
2451498.4515358857
2451705.485605891
2451912.537160348
2452119.606200733
2452326.6927285185
2452533.796745191
2452740.918252222
2452948.0572510883
2453155.2137432685
2453362.3877302385
2453569.579213472
2453776.7881944557
2453984.0146746626
2454191.258655571
2454398.520138658
2454605.7991254022
2454813.095617277
2455020.4096157704
2455227.741122356
2455435.090138512
2455642.456665718
2455849.8407054525
2456057.2422591937
2456264.661328417
2456472.09791461
2456679.5520192487
2456887.0236438117
2457094.5127897784
2457302.0194586245
2457509.543651839
2457717.0853708964
2457924.644617278
2458132.2213924634
2458339.815697933
2458547.427535167
2458755.0569056417
2458962.7038108474
2459170.3682522597
2459378.05023136
2459585.749749629
2459793.466808543
2460001.2014095937
2460208.9535542573
2460416.7232440156
2460624.51048035
2460832.3152647424
2461040.1375986747
2461247.9774836246
2461455.8349210834
2461663.709912529
2461871.602459444
2462079.512563311
2462287.4402256072
2462495.385447826
2462703.3482314446
2462911.328577947
2463119.3264888157
2463327.3419655347
2463535.3750095875
2463743.4256224516
2463951.4938056218
2464159.579560577
2464367.6828888003
2464575.8037917763
2464783.9422709844
2464992.098327919
2465200.2719640587
2465408.4631808894
2465616.671979895
2465824.89836256
2466033.142330371
2466241.4038848057
2466449.6830273615
2466657.9797595176
2466866.29408276
2467074.625998574
2467282.975508445
2467491.3426138544
2467699.727316298
2467908.129617257
2468116.549518218
2468324.9870206662
2468533.4421260892
2468741.914835968
2468950.4051517993
2469158.9130750657
2469367.4386072536
2469575.98174985
2469784.5425043423
2469993.120872213
2470201.7168549597
2470410.3304540645
2470618.9616710152
2470827.6105073006
2471036.2769644074
2471244.9610438193
2471453.662747035
2471662.3820755365
2471871.1190308137
2472079.873614355
2472288.645827648
2472497.4356721784
2472706.2431494435
2472915.0682609286
2473123.9110081224
2473332.771392514
2473541.6494155936
2473750.545078845
2473959.4583837693
2474168.3893318498
2474377.3379245773
2474586.304163442
2474795.2880499335
2475004.289585538
2475213.3087717555
2475422.345610072
2475631.400101978
2475840.4722489645
2476049.5620525223
2476258.6695141373
2476467.7946353117
2476676.937417531
2476886.097862287
2477095.2759710713
2477304.471745376
2477513.6851866874
2477722.916296508
2477932.165076325
2478141.43152763
2478350.7156519163
2478560.0174506754
2478769.3369253958
2478978.6740775798
2479188.0289087156
2479397.401420296
2479606.7916138144
2479816.199490764
2480025.6250526328
2480235.0683009247
2480444.5292371283
2480654.0078627374
2480863.5041792463
2481073.018188148
2481282.5498909326
2481492.099289104
2481701.666384151
2481911.25117757
2482120.8536708537
2482330.473865498
2482540.111762992
2482749.767364842
2482959.440672537
2483169.131687572
2483378.840411444
2483588.5668456475
2483798.3109916733
2484008.072851027
2484217.8524252
2484427.6497156876
2484637.464723987
2484847.297451594
2485057.1478999997
2485267.0160707114
2485476.90196522
2485686.8055850226
2485896.7269316167
2486106.6660064985
2486316.6228111605
2486526.59734711
2486736.58961584
2486946.5996188475
2487156.62735763
2487366.6728336858
2487576.7360485075
2487786.8170036036
2487996.915700467
2488207.032140596
2488417.166325489
2488627.3182566445
2488837.4879355566
2489047.6753637344
2489257.880542671
2489468.103473866
2489678.3441588185
2489888.6025990276
2490098.8787959884
2490309.17275121
2490519.484466187
2490729.81394242
2490940.161181408
2491150.526184652
2491360.908953646
2491571.309489902
2491781.727794914
2491992.1638701838
2492202.617717211
2492413.0893374975
2492623.5787325385
2492834.0859038457
2493044.610852915
2493255.1535812477
2493465.7140903454
2493676.29238171
2493886.8884568377
2494097.502317241
2494308.1339644166
2494518.7833998664
2494729.4506250927
2494940.1356415986
2495150.8384508807
2495361.559054452
2495572.2974538105
2495783.0536504583
2495993.8276458997
2496204.619441637
2496415.4290391677
2496626.256440007
2496837.101645652
2497047.9646576075
2497258.845477376
2497469.7441064627
2497680.6605463657
2497891.594798599
2498102.546864663
2498313.516746061
2498524.5044442983
2498735.509960879
2498946.533297303
2499157.5744550857
2499368.6334357266
2499579.7102407315
2499790.8048716052
2500001.917329853
2500213.047616976
2500424.1957344892
2500635.361683894
2500846.545466696
2501057.7470844015
2501268.966538517
2501480.2038305425
2501691.4589619962
2501902.7319343784
2502114.0227491963
2502325.331407957
2502536.657912167
2502748.002263328
2502959.364462958
2503170.7445125594
2503382.142413639
2503593.558167705
2503804.9917762647
2504016.443240821
2504227.9125628923
2504439.399743981
2504650.904785596
2504862.4276892454
2505073.9684564373
2505285.5270886756
2505497.10358748
2505708.6979543525
2505920.3101908034
2506131.9402983417
2506343.588278476
2506555.2541327113
2506766.937862567
2506978.6394695477
2507190.358955163
2507402.096320923
2507613.8515683375
2507825.624698912
2508037.415714166
2508249.224615606
2508461.0514047416
2508672.896083084
2508884.7586521436
2509096.6391134267
2509308.5374684543
2509520.453718732
2509732.3878657715
2509944.3399110846
2510156.309856182
2510368.297702571
2510580.3034517732
2510792.3271052954
2511004.3686646502
2511216.428131349
2511428.505506905
2511640.6007928243
2511852.713990631
2512064.845101832
2512276.99412794
2512489.1610704684
2512701.3459309298
2512913.548710833
2513125.769411701
2513338.008035042
2513550.26458237
2513762.5390551984
2513974.831455041
2514187.1417834074
2514399.4700418212
2514611.816231792
2514824.180354833
2515036.5624124603
2515248.962406188
2515461.3803375247
2515673.8162079966
2515886.2700191136
2516098.74177239
2516311.231469342
2516523.7391114845
2516736.2647003275
2516948.8082373976
2517161.369724205
2517373.9491622658
2517586.546553096
2517799.1618982116
2518011.795199124
2518224.4464573595
2518437.11567443
2518649.8028518516
2518862.507991141
2519075.2310938165
2519287.972161388
2519500.7311953846
2519713.5081973174
2519926.3031687043
2520139.116111063
2520351.947025911
2520564.7959147654
2520777.6627791403
2520990.5476205633
2521203.450440548
2521416.3712406117
2521629.3100222736
2521842.266787047
2522055.241536461
2522268.2342720293
2522481.2449952704
2522694.273707704
2522907.3204108495
2523120.3851062255
2523333.4677953464
2523546.5684797424
2523759.6871609287
2523972.823840424
2524185.978519749
2524399.1512004184
2524612.341883963
2524825.5505718975
2525038.7772657434
2525252.0219670204
2525465.2846772494
2525678.5653979518
2525891.864130643
2526105.180876855
2526318.515638103
2526531.868415909
2526745.2392117945
2526958.628027276
2527172.034863886
2527385.4597231406
2527598.902606562
2527812.3635156723
2528025.8424519943
2528239.33941705
2528452.854412357
2528666.3874394484
2528879.9384998414
2529093.5075950595
2529307.094726625
2529520.699896057
2529734.323104888
2529947.964354638
2530161.623646829
2530375.3009829847
2530588.9963646303
2530802.7097932883
2531016.441270479
2531230.190797736
2531443.9583765785
2531657.7440085313
2531871.5476951194
2532085.369437867
2532299.2092382936
2532513.0670979354
2532726.9430183116
2532940.837000948
2533154.749047369
2533368.6791591016
2533582.6273376653
2533796.5935845966
2534010.577901416
2534224.58028965
2534438.6007508235
2534652.6392864645
2534866.6958980933
2535080.770587247
2535294.8633554466
2535508.97420422
2535723.103135093
2535937.250149593
2536151.415249243
2536365.5984355793
2536579.799710125
2536794.019074408
2537008.2565299547
2537222.512078294
2537436.7857209486
2537651.0774594564
2537865.387295341
2538079.7152301306
2538294.061265354
2538508.425402539
2538722.80764321
2538937.2079889057
2539151.6264411504
2539366.0630014725
2539580.517671402
2539794.9904524684
2540009.481346195
2540223.990354123
2540438.517477776
2540653.062718685
2540867.626078379
2541082.2075583884
2541296.8071602387
2541511.424885471
2541726.06073561
2541940.7147121863
2542155.3868167307
2542370.077050775
2542584.785415844
2542799.5119134802
2543014.2565452093
2543229.0193125624
2543443.800217072
2543658.5992602687
2543873.4164436804
2544088.2517688484
2544303.1052373005
2544517.976850568
2544732.866610184
2544947.7745176805
2545162.7005745852
2545377.6447824417
2545592.6071427767
2545807.587657124
2546022.5863270164
2546237.603153987
2546452.6381395645
2546667.6912852926
2546882.7625926994
2547097.852063319
2547312.959698686
2547528.0855003335
2547743.2294697906
2547958.391608602
2548173.5719182976
2548388.770400411
2548603.987056478
2548819.2218880323
2549034.474896604
2549249.746083739
2549465.0354509675
2549680.3429998243
2549895.6687318445
2550111.0126485648
2550326.3747515148
2550541.755042241
2550757.1535222745
2550972.570193151
2551188.0050564073
2551403.458113579
2551618.9293661984
2551834.4188158116
2552049.926463951
2552265.452312153
2552480.9963619546
2552696.558614893
2552912.1390725006
2553127.737736325
2553343.3546078983
2553558.9896887587
2553774.6429804433
2553990.314484491
2554206.004202434
2554421.712135821
2554637.4382861853
2554853.182655065
2555068.9452439994
2555284.7260545264
2555500.52508818
2555716.34234651
2555932.177831049
2556148.031543338
2556363.9034849154
2556579.7936573206
2556795.7020620885
2557011.6287007686
2557227.5735748964
2557443.5366860116
2557659.518035654
2557875.517625364
2558091.5354566774
2558307.5715311444
2558523.6258503012
2558739.698415688
2558955.7892288454
2559171.8982913154
2559388.0256046336
2559604.1711703516
2559820.334990006
2560036.5170651376
2560252.717397289
2560468.9359880015
2560685.172838812
2560901.4279512735
2561117.701326922
2561333.992967301
2561550.3028739523
2561766.6310484186
2561982.977492237
2562199.342206962
2562415.7251941306
2562632.126455286
2562848.5459919716
2563064.9838057305
2563281.4398981016
2563497.9142706385
2563714.40692488
2563930.9178623697
2564147.4470846523
2564363.9945932715
2564580.5603897665
2564797.1444756924
2565013.746852588
2565230.367521999
2565447.006485469
2565663.6637445437
2565880.339300763
2566097.0331556825
2566313.745310842
2566530.4757677875
2566747.2245280645
2566963.991593219
2567180.7769647907
2567397.5806443365
2567614.4026333983
2567831.242933521
2568048.1015462517
2568264.9784731367
2568481.873715718
2568698.787275552
2568915.719154181
2569132.6693531517
2569349.637874012
2569566.624718308
2569783.6298875827
2570000.6533833942
2570217.695207285
2570434.7553608026
2570651.8338454952
2570868.930662911
2571086.045814593
2571303.1793020996
2571520.3311269744
2571737.501290766
2571954.6897950233
2572171.8966412945
2572389.1218311246
2572606.365366072
2572823.627247682
2573040.9074775027
2573258.2060570843
2573475.5229879767
2573692.858271724
2573910.211909887
2574127.58390401
2574344.974255644
2574562.382966338
2574779.810037644
2574997.2554711066
2575214.719268287
2575432.201430731
2575649.7019599895
2575867.2208576133
2576084.7581251543
2576302.313764158
2576519.8877761867
2576737.480162787
2576955.09092551
2577172.7200659085
2577390.3675855338
2577608.033485933
2577825.717768669
2578043.4204352894
2578261.141487346
2578478.8809263916
2578696.6387539795
2578914.414971657
2579132.2095809877
2579350.0225835196
2579567.853980806
2579785.703774401
2580003.5719658574
2580221.458556724
2580439.363548565
2580657.2869429295
2580875.228741371
2581093.1889454448
2581311.167556704
2581529.164576699
2581747.1800069944
2581965.21384914
2582183.2661046903
2582401.3367752004
2582619.425862226
2582837.5333673167
2583055.659292039
2583273.8036379423
2583491.966406583
2583710.147599517
2583928.3472182998
2584146.5652644876
2584364.8017396317
2584583.056645299
2584801.32998304
2585019.621754412
2585237.931960972
2585456.2606042707
2585674.6076858765
2585892.973207341
2586111.3571702214
2586329.7595760752
2586548.1804264598
2586766.619722933
2586985.0774670476
2587203.553660372
2587422.048304458
2587640.561400865
2587859.092951151
2588077.642956869
2588296.211419589
2588514.798340863
2588733.403722251
2588952.0275653116
2589170.6698716036
2589389.330642687
2589608.0098801153
2589826.7075854586
2590045.423760272
2590264.158406114
2590482.911524546
2590701.683117122
2590920.473185412
2591139.2817309727
2591358.108755363
2591576.954260145
2591795.8182468778
2592014.7007171228
2592233.601672436
2592452.5211143894
2592671.459044538
2592890.4154644436
2593109.390375668
2593328.3837797674
2593547.395678314
2593766.426072864
2593985.47496498
2594204.5423562243
2594423.628248159
2594642.732642346
2594861.855540343
2595080.9969437234
2595300.1568540446
2595519.335272869
2595738.532201761
2595957.7476422773
2596176.9815959926
2596396.2340644645
2596615.5050492566
2596834.794551933
2597054.102574058
2597273.4291171944
2597492.7741829017
2597712.137772755
2597931.5198883135
2598150.920531141
2598370.3397028027
2598589.7774048634
2598809.233638882
2599028.7084064353
2599248.201709083
2599467.7135483893
2599687.243925921
2599906.792843243
2600126.3603019156
2600345.9463035157
2600565.550849604
2600785.1739417464
2601004.815581509
2601224.4757704586
2601444.154510156
2601663.851802178
2601883.5676480876
2602103.3020494506
2602323.0550078345
2602542.8265248057
2602762.616601927
2602982.425240776
2603202.2524429155
2603422.098209913
2603641.9625433357
2603861.8454447524
2604081.746915726
2604301.6669578343
2604521.6055726414
2604741.562761715
2604961.5385266244
2605181.5328689385
2605401.5457902197
2605621.5772920493
2605841.6273759897
2606061.696043611
2606281.7832964826
2606501.8891361738
2606722.013564249
2606942.1565822884
2607162.3181918575
2607382.4983945256
2607602.697191864
2607822.9145854414
2608043.150576824
2608263.4051675927
2608483.6783593134
2608703.9701535567
2608924.2805518936
2609144.6095558954
2609364.9571671276
2609585.323387173
2609805.7082175976
2610026.1116599725
2610246.53371587
2610466.974386862
2610687.4336745157
2610907.911580413
2611128.4081061217
2611348.923253214
2611569.4570232625
2611790.0094178403
2612010.5804385142
2612231.1700868686
2612451.778364471
2612672.4052728945
2612893.050813713
2613113.7149884994
2613334.3977988227
2613555.099246267
2613775.8193324013
2613996.558058799
2614217.3154270346
2614438.0914386827
2614658.8860953124
2614879.6993985083
2615100.531349841
2615321.381950884
2615542.251203214
2615763.1391084045
2615984.045668026
2616204.970883665
2616425.9147568913
2616646.8772892803
2616867.858482409
2617088.8583378517
2617309.87685718
2617530.9140419806
2617751.9698938252
2617973.0444142893
2618194.13760495
2618415.2494673836
2618636.380003162
2618857.529213873
2619078.6971010882
2619299.883666385
2619521.0889113406
2619742.3128375327
2619963.5554465335
2620184.8167399312
2620406.096719299
2620627.395386215
2620848.7127422565
2621070.048789003
2621291.403528027
2621512.7769609173
2621734.1690892484
2621955.5799145983
2622177.0094385464
2622398.457662672
2622619.9245885485
2622841.410217766
2623062.9145518993
2623284.437592528
2623505.979341231
2623727.539799589
2623949.118969177
2624170.716851585
2624392.3334483886
2624613.9687611684
2624835.6227915045
2625057.2955409777
2625278.987011164
2625500.697203655
2625722.4261200256
2625944.173761858
2626165.940130734
2626387.7252282337
2626609.5290559344
2626831.3516154285
2627053.1929082926
2627275.0529361083
2627496.9317004588
2627718.8292029253
2627940.7454450857
2628162.680428533
2628384.6341548446
2628606.606625603
2628828.597842392
2629050.607806795
2629272.636520388
2629494.683984767
2629716.75020151
2629938.8351721996
2630160.938898421
2630383.061381757
2630605.2026237864
2630827.3626261046
2631049.541390291
2631271.738917929
2631493.955210604
2631716.1902699
2631938.4440973974
2632160.716694691
2632383.008063362
2632605.3182049943
2632827.647121174
2633049.9948134865
2633272.361283512
2633494.7465328467
2633717.150563072
2633939.5733757736
2634162.0149725378
2634384.475354951
2634606.9545245934
2634829.452483064
2635051.969231943
2635274.5047728177
2635497.0591072747
2635719.632236902
2635942.224163281
2636164.8348880094
2636387.46441267
2636610.112738851
2636832.779868139
2637055.465802123
2637278.1705423845
2637500.894090524
2637723.636448123
2637946.3976167715
2638169.177598057
2638391.976393569
2638614.79400489
2638837.630433621
2639060.4856813448
2639283.3597496515
2639506.25264013
2639729.16435437
2639952.094893956
2640175.044260489
2640398.0124555524
2640620.999480737
2640844.005337633
2641067.030027831
2641290.073552916
2641513.1359144887
2641736.2171141356
2641959.3171534473
2642182.4360340144
2642405.5737574287
2642628.7303252756
2642851.9057391575
2643075.100000661
2643298.313111377
2643521.545072898
2643744.7958868155
2643968.065554717
2644191.354078205
2644414.661458866
2644637.9876982938
2644861.33279808
2645084.6967598177
2645308.0795850945
2645531.4812755147
2645754.901832665
2645978.34125814
2646201.799553532
2646425.2767204354
2646648.7727604434
2646872.287675145
2647095.821466145
2647319.374135032
2647542.9456833997
2647766.536112843
2647990.1454249513
2648213.77362133
2648437.420703568
2648661.0866732607
2648884.771532003
2649108.4752813904
2649332.1979230177
2649555.9394584754
2649779.6998893702
2650003.479217292
2650227.277443837
2650451.0945706004
2650674.930599174
2650898.7855311646
2651122.659368163
2651346.552111766
2651570.46376357
2651794.394325172
2652018.343798169
2652242.312184153
2652466.2994847316
2652690.305701497
2652914.3308360465
2653138.3748899777
2653362.4378648833
2653586.519762372
2653810.620584036
2654034.7403314747
2654258.8790062848
2654483.0366100655
2654707.2131444155
2654931.4086109283
2655155.623011213
2655379.8563468633
2655604.1086194785
2655828.379830658
2656052.6699819956
2656276.9790751017
2656501.3071115706
2656725.6540930024
2656950.020020996
2657174.404897153
2657398.808723072
2657623.2315003495
2657847.6732305954
2658072.1339154057
2658296.6135563813
2658521.1121551227
2658745.629713225
2658970.1662323014
2659194.721713947
2659419.296159764
2659643.8895713524
2659868.501950315
2660093.1332982536
2660317.783616765
2660542.452907461
2660767.1411719397
2660991.848411803
2661216.5746286535
2661441.319824088
2661666.0839997204
2661890.867157148
2662115.6692979746
2662340.4904238028
2662565.3305362356
2662790.1896368773
2663015.067727325
2663239.964809194
2663464.8808840835
2663689.8159535956
2663914.770019336
2664139.743082903
2664364.7351459116
2664589.7462099614
2664814.7762766564
2665039.8253476024
2665264.8934244034
2665489.980508665
2665715.086601987
2665940.2117059855
2666165.3558222605
2666390.5189524177
2666615.701098063
2666840.9022607966
2667066.1224422352
2667291.3616439803
2667516.6198676373
2667741.8971148133
2667967.193387115
2668192.508686148
2668417.843013515
2668643.1963708336
2668868.568759705
2669093.9601817364
2669319.370638536
2669544.8001317047
2669770.248662862
2669995.7162336097
2670221.202845556
2670446.7085003094
2670672.233199477
2670897.7769446685
2671123.339737486
2671348.921579549
2671574.522472461
2671800.1424178313
2672025.7814172683
2672251.4394723815
2672477.116584774
2672702.8127560676
2672928.5279878653
2673154.262281777
2673380.015639412
2673605.7880623816
2673831.5795522896
2674057.390110757
2674283.219739389
2674509.0684397966
2674734.9362135897
2674960.8230623794
2675186.7289877706
2675412.6539913863
2675638.5980748315
2675864.561239718
2676090.543487657
2676316.54482026
2676542.5652391333
2676768.6047459
2676994.663342166
2677220.7410295443
2677446.837809647
2677672.953684086
2677899.088654469
2678125.2427224186
2678351.415889543
2678577.6081574555
2678803.8195277685
2679030.0500020958
2679256.2995820446
2679482.5682692397
2679708.8560652896
2679935.1629718076
2680161.488990408
2680387.8341227043
2680614.198370306
2680840.5817348375
2681066.9842179082
2681293.405821133
2681519.8465461265
2681746.306394503
2681972.785367873
2682199.283467862
2682425.8006960796
2682652.3370541413
2682878.8925436633
2683105.467166261
2683332.060923544
2683558.6738171405
2683785.30584866
2684011.9570197193
2684238.6273319344
2684465.3167869225
2684692.025386294
2684918.753131677
2685145.5000246833
2685372.2660669293
2685599.051260032
2685825.8556056097
2686052.679105274
2686279.521760653
2686506.3835733593
2686733.264545011
2686960.1646772255
2687187.083971622
2687414.022429812
2687640.9800534258
2687867.956844076
2688094.9528033817
2688321.9679329614
2688549.0022344342
2688776.0557094137
2689003.12835953
2689230.2201863974
2689457.3311916348
2689684.4613768626
2689911.6107437
2690138.7792937616
2690365.9670286784
2690593.1739500654
2690820.400059542
2691047.64535873
2691274.9098492498
2691502.1935327156
2691729.49641076
2691956.8184849983
2692184.159757052
2692411.5202285424
2692638.89990109
2692866.2987763123
2693093.716855841
2693321.154141293
2693548.61063429
2693776.086336454
2694003.5812494075
2694231.095374767
2694458.6287141666
2694686.181269223
2694913.7530415594
2695141.344032798
2695368.954244563
2695596.583678471
2695824.232336157
2696051.9002192393
2696279.5873293406
2696507.2936680852
2696735.019237097
2696962.764037994
2697190.5280724126
2697418.31134197
2697646.1138482923
2697873.935593003
2698101.776577727
2698329.636804084
2698557.5162737095
2698785.4149882235
2699013.332949251
2699241.2701584175
2699469.226617349
2699697.2023276645
2699925.197291002
2700153.211508982
2700381.24498323
2700609.297715372
2700837.369707035
2701065.4609598396
2701293.571475424
2701521.7012554086
2701749.8503014212
2701978.0186150884
2702206.206198037
2702434.4130518897
2702662.6391782844
2702890.8845788436
2703119.1492551947
2703347.4332089657
2703575.7364417845
2703804.058955274
2704032.400751073
2704260.761830805
2704489.1421960983
2704717.5418485817
2704945.960789884
2705174.399021629
2705402.8565454558
2705631.333362989
2705859.8294758582
2706088.3448856925
2706316.879594121
2706545.4336027694
2706774.006913278
2707002.5995272705
2707231.2114463784
2707459.8426722316
2707688.49320646
2707917.1630506897
2708145.852206562
2708374.5606757025
2708603.288459742
2708832.0355603117
2709060.8019790426
2709289.5877175615
2709518.3927775105
2709747.217160516
2709976.0608682097
2710204.9239022234
2710433.8062641895
2710662.7079557353
2710891.6289785034
2711120.569334121
2711349.529024221
2711578.5080504366
2711807.5064144
2712036.5241177394
2712265.561162099
2712494.617549106
2712723.693280395
2712952.788357599
2713181.9027823517
2713411.036556282
2713640.189681035
2713869.362158239
2714098.553989528
2714327.7651765374
2714556.9957209015
2714786.2456242493
2715015.5148882275
2715244.8035144643
2715474.111504596
2715703.4388602576
2715932.7855830844
2716162.1516747125
2716391.5371367713
2716620.9419709085
2716850.366178754
2717079.809761944
2717309.2727221153
2717538.7550608986
2717768.2567799413
2717997.7778808745
2718227.318365335
2718456.8782349606
2718686.457491387
2718916.056136253
2719145.6741711893
2719375.311597845
2719604.968417852
2719834.644632849
2720064.3402444725
2720294.055254356
2720523.7896641484
2720753.543475483
2720983.316689998
2721213.1093093315
2721442.921335123
2721672.7527690115
2721902.60361263
2722132.473867629
2722362.363535642
2722592.2726183096
2722822.2011172697
2723052.149034158
2723282.1163706244
2723512.103128304
2723742.1093088365
2723972.1349138627
2724202.1799450233
2724432.244403958
2724662.328292302
2724892.431611708
2725122.554363811
2725352.696550252
2725582.8581726723
2725813.0392327085
2726043.239732012
2726273.45967222
2726503.699054974
2726733.957881916
2726964.2361546876
2727194.5338749317
2727424.8510442846
2727655.1876644003
2727885.5437369156
2728115.9192634737
2728346.314245717
2728576.728685284
2728807.162583828
2729037.6159429867
2729268.0887644044
2729498.5810497245
2729729.0928005907
2729959.6240186463
2730190.1747055305
2730420.7448628987
2730651.334492389
2730881.943595647
2731112.572174316
2731343.2202300355
2731573.887764462
2731804.5747792344
2732035.2812759983
2732266.007256399
2732496.7527220813
2732727.5176746915
2732958.3021158697
2733189.106047272
2733419.92947054
2733650.7723873192
2733881.634799256
2734112.5167079912
2734343.4181151823
2734574.339022471
2734805.2794315033
2735036.239343927
2735267.2187613887
2735498.2176855356
2735729.2361180093
2735960.274060469
2736191.331514557
2736422.4084819206
2736653.5049642073
2736884.6209630608
2737115.756480139
2737346.911517086
2737578.08607555
2737809.280157179
2738040.4937636224
2738271.7268965286
2738502.979557541
2738734.251748321
2738965.543470511
2739196.854725762
2739428.185515722
2739659.535842036
2739890.905706365
2740122.2951103533
2740353.704055651
2740585.132543909
2740816.580576777
2741048.0481559057
2741279.5352829406
2741511.0419595437
2741742.5681873597
2741974.113968041
2742205.6793032377
2742437.2641946017
2742668.868643779
2742900.4926524325
2743132.1362222084
2743363.7993547586
2743595.4820517353
2743827.1843147906
2744058.9061455713
2744290.6475457414
2744522.408516948
2744754.189060844
2744985.9891790817
2745217.8088733144
2745449.6481451904
2745681.5069963736
2745913.385428512
2746145.2834432595
2746377.20104227
2746609.1382271964
2746841.0949996887
2747073.0713614114
2747305.0673140134
2747537.0828591487
2747769.117998473
2748001.1727336403
2748233.2470663004
2748465.340998119
2748697.454530746
2748929.587665837
2749161.740405047
2749393.9127500313
2749626.104702441
2749858.3162639425
2750090.547436186
2750322.7982208286
2750555.0686195265
2750787.358633935
2751019.668265706
2751251.9975165073
2751484.3463879903
2751716.7148818118
2751949.102999629
2752181.510743099
2752413.938113874
2752646.385113622
2752878.851743996
2753111.338006654
2753343.843903253
2753576.3694354515
2753808.9146049027
2754041.4794132756
2754274.063862223
2754506.6679534046
2754739.291688478
2754971.935069103
2755204.5980969328
2755437.280773638
2755669.983100872
2755902.7050802945
2756135.446713566
2756368.2080023447
2756600.988948286
2756833.789553061
2757066.609818325
2757299.449745737
2757532.3093369585
2757765.18859365
2757998.087517466
2758231.0061100796
2758463.9443731457
2758696.9023083257
2758929.8799172807
2759162.8772016726
2759395.8941631573
2759628.930803408
2759861.9871240803
2760095.0631268364
2760328.158813339
2760561.2741852505
2760794.409244227
2761027.5639919434
2761260.738430056
2761493.9325602273
2761727.1463841214
2761960.3799034012
2762193.633119724
2762426.906034765
2762660.1986501818
2762893.510967638
2763126.842988798
2763360.1947153253
2763593.566148879
2763826.957291134
2764060.3681437494
2764293.79870839
2764527.2489867206
2764760.7189804055
2764994.2086911043
2765227.7181204935
2765461.2472702325
2765694.796141987
2765928.364737423
2766161.9530582055
2766395.561105995
2766629.1888824683
2766862.836389287
2767096.503628116
2767330.1906006224
2767563.897308473
2767797.6237533283
2768031.3699368667
2768265.1358607495
2768498.921526644
2768732.7269362174
2768966.5520911366
2769200.396993064
2769434.2616436784
2769668.1460446417
2769902.0501976223
2770135.9741042885
2770369.917766308
2770603.8811853435
2770837.8643630752
2771071.867301166
2771305.8900012844
2771539.9324650997
2771773.994694281
2772008.0766904918
2772242.1784554124
2772476.299990707
2772710.4412980457
2772944.6023790976
2773178.7832355327
2773412.9838690157
2773647.2042812277
2773881.444473834
2774115.7044485044
2774349.9842069102
2774584.283750722
2774818.603081605
2775052.942201241
2775287.3011112963
2775521.6798134423
2775756.07830935
2775990.496600691
2776224.934689132
2776459.392576356
2776693.8702640287
2776928.367753823
2777162.885047411
2777397.4221464656
2777631.979052653
2777866.5557676577
2778101.152293147
2778335.768630794
2778570.404782271
2778805.0607492523
2779039.7365334057
2779274.432136416
2779509.1475599506
2779743.882805684
2779978.6378752906
2780213.4127704436
2780448.207492812
2780683.022044082
2780917.8564259224
2781152.7106400076
2781387.584688013
2781622.478571613
2781857.392292477
2782092.325852292
2782327.2792527284
2782562.2524954607
2782797.245582165
2783032.2585145175
2783267.2912941882
2783502.3439228646
2783737.4164022175
2783972.508733923
2784207.620919658
2784442.7529610987
2784677.9048599172
2784913.076617801
2785148.268236422
2785383.479717457
2785618.7110625845
2785853.962273481
2786089.2333518188
2786324.5242992872
2786559.8351175585
2786795.1658083107
2787030.516373222
2787265.886813971
2787501.277132237
2787736.6873296914
2787972.1174080255
2788207.567368913
2788443.0372140314
2788678.5269450615
2788914.0365636763
2789149.566071567
2789385.1154704075
2789620.6847618776
2789856.2739476576
2790091.883029427
2790327.5120088663
2790563.1608876507
2790798.8296674713
2791034.5183500033
2791270.226936928
2791505.955429926
2791741.7038306734
2791977.4721408617
2792213.260362167
2792449.068496271
2792684.8965448556
2792920.7445096024
2793156.612392193
2793392.5001943046
2793628.40791763
2793864.3355638464
2794100.283134636
2794336.250631682
2794572.238056661
2794808.2454112675
2795044.272697179
2795280.319916079
2795516.38706965
2795752.474159576
2795988.581187541
2796224.708155223
2796460.855064317
2796697.0219165017
2796933.208713461
2797169.41545688
2797405.6421484365
2797641.8887898275
2797878.1553827315
2798114.4419288337
2798350.748429819
2798587.074887373
2798823.4213031805
2799059.7876789216
2799296.1740162936
2799532.5803169766
2799769.006582656
2800005.4528150186
2800241.9190157442
2800478.405186531
2800714.91132906
2800951.437445017
2801187.9835360902
2801424.549603965
2801661.1356503298
2801897.741676865
2802134.36768527
2802371.013677227
2802607.6796544227
2802844.3656185456
2803081.0715712775
2803317.797514318
2803554.54344935
2803791.3093780614
2804028.095302141
2804264.901223277
2804501.727143159
2804738.5730634695
2804975.438985909
2805212.3249121616
2805449.230843916
2805686.1567828623
2805923.102730684
2806160.0686890823
2806397.054659742
2806634.0606443523
2806871.0866446043
2807108.132662188
2807345.198698793
2807582.284756106
2807819.390835828
2808056.5169396442
2808293.6630692463
2808530.8292263253
2808768.0154125667
2809005.2216296736
2809242.4478793317
2809479.694163233
2809716.960483069
2809954.2468405324
2810191.5532373153
2810428.879675104
2810666.2261556024
2810903.592680498
2811140.9792514835
2811378.385870251
2811615.812538489
2811853.259257901
2812090.7260301756
2812328.2128570057
2812565.7197400853
2812803.246681108
2813040.7936817682
2813278.3607437536
2813515.94786877
2813753.5550585063
2813991.182314657
2814228.8296389165
2814466.49703298
2814704.184498536
2814941.892037292
2815179.6196509367
2815417.3673411654
2815655.1351096747
2815892.922958159
2816130.7308883085
2816368.5589018315
2816606.407000418
2816844.2751857634
2817082.163459565
2817320.071823519
2817558.000279316
2817795.9488286655
2818033.917473257
2818271.9062147886
2818509.9150549574
2818747.943995461
2818985.9930379903
2819224.062184255
2819462.1514359475
2819700.2607947653
2819938.390262407
2820176.5398405697
2820414.7095309473
2820652.899335249
2820891.1092551677
2821129.339292403
2821367.589448653
2821605.8597256173
2821844.1501249894
2822082.46064848
2822320.791297782
2822559.142074597
2822797.512980623
2823035.904017561
2823274.3151871054
2823512.746490967
2823751.1979308412
2823989.6695084283
2824228.1612254293
2824466.6730835447
2824705.2050844696
2824943.7572299168
2825182.3295215815
2825420.9219611655
2825659.53455037
2825898.167290897
2826136.820184442
2826375.4932327196
2826614.1864374247
2826852.899800261
2827091.6333229295
2827330.387007134
2827569.1608545706
2827807.9548669537
2828046.7690459806
2828285.603393355
2828524.4579107794
2828763.3325999575
2829002.227462587
2829241.1425003833
2829480.077715044
2829719.0331082735
2829958.008681776
2830197.0044372557
2830436.0203764113
2830675.0565009583
2830914.1128125964
2831153.18931303
2831392.2860039636
2831631.4028871036
2831870.539964149
2832109.697236816
2832348.874706805
2832588.072375822
2832827.290245572
2833066.528317762
2833305.786594092
2833545.0650762795
2833784.3637660253
2834023.682665036
2834263.0217750184
2834502.3810976795
2834741.7606347203
2834981.160387859
2835220.580358798
2835460.0205492447
2835699.480960906
2835938.96159549
2836178.462454699
2836417.983540252
2836657.5248538516
2836897.086397207
2837136.668172025
2837376.2701800154
2837615.892422881
2837855.5349023417
2838095.1976201013
2838334.8805778683
2838574.5837773527
2838814.307220264
2839054.0509083057
2839293.8148431988
2839533.599026648
2839773.403460363
2840013.228146054
2840253.073085431
2840492.9382801997
2840732.8237320813
2840972.729442781
2841212.65541401
2841452.601647479
2841692.5681448993
2841932.5549079766
2842172.561938434
2842412.589237977
2842652.636808317
2842892.704651167
2843132.7927682386
2843372.9011612376
2843613.029831889
2843853.1787818987
2844093.348012979
2844333.537526844
2844573.7473252057
2844813.977409771
2845054.2277822657
2845294.498444397
2845534.789397878
2845775.1006444227
2846015.432185745
2846255.7840235527
2846496.1561595714
2846736.5485955104
2846976.961333083
2847217.394374004
2847457.847719989
2847698.321372745
2847938.8153340006
2848179.3296054644
2848419.864188851
2848660.4190858766
2848900.994298256
2849141.5898277
2849382.205675935
2849622.841844672
2849863.498335627
2850104.1751505155
2850344.8722910546
2850585.589758955
2850826.3275559447
2851067.085683735
2851307.8641440426
2851548.662938585
2851789.4820690793
2852030.3215372367
2852271.181344787
2852512.061493442
2852752.9619849194
2852993.882820937
2853234.8240032126
2853475.78553346
2853716.767413408
2853957.76964477
2854198.792229264
2854439.83516861
2854680.898464526
2854921.982118726
2855163.0861329404
2855404.2105088835
2855645.355248274
2855886.520352832
2856127.705824278
2856368.9116643253
2856610.1378747066
2856851.3844571356
2857092.6514133327
2857333.9387450195
2857575.2464539157
2857816.574541737
2858057.9230102156
2858299.2918610675
2858540.6810960136
2858782.0907167755
2859023.5207250747
2859264.971122627
2859506.4419111665
2859747.933092409
2859989.444668077
2860230.9766398924
2860472.529009578
2860714.1017788565
2860955.694949445
2861197.3085230775
2861438.942501472
2861680.596886351
2861922.271679438
2862163.9668824514
2862405.682497126
2862647.41852518
2862889.1749683367
2863130.9518283205
2863372.749106856
2863614.5668056677
2863856.4049264737
2864098.2634710106
2864340.1424409975
2864582.0418381593
2864823.961664221
2865065.901920902
2865307.8626099396
2865549.8437330537
2865791.8452919694
2866033.867288413
2866275.9097241107
2866517.972600788
2866760.0559201655
2867002.1596839814
2867244.283893957
2867486.428551818
2867728.593659292
2867970.7792181
2868212.9852299807
2868455.2116966555
2868697.458619852
2868939.726001298
2869182.013842721
2869424.3221458485
2869666.6509124036
2869909.0001441254
2870151.369842737
2870393.7600099663
2870636.170647542
2870878.6017571874
2871121.0533406427
2871363.5253996314
2871606.017935883
2871848.5309511255
2872091.0644470896
2872333.618425505
2872576.192888095
2872818.7878366015
2873061.403272749
2873304.0391982673
2873546.695614887
2873789.3725243323
2874032.069928346
2874274.7878286536
2874517.5262269853
2874760.285125072
2875003.064524646
2875245.8644274375
2875488.6848351727
2875731.525749595
2875974.3871724303
2876217.2691054107
2876460.1715502683
2876703.09450873
2876946.037982539
2877189.001973422
2877431.9864831124
2877674.991513343
2877918.0170658464
2878161.063142356
2878404.129744599
2878647.216874321
2878890.3245332493
2879133.4527231175
2879376.6014456605
2879619.770702605
2879862.960495698
2880106.1708266675
2880349.401697248
2880592.653109174
2880835.925064181
2881079.217564003
2881322.5306103695
2881565.8642050275
2881809.2183497064
2882052.5930461413
2882295.9882960687
2882539.404101218
2882782.840463337
2883026.297384156
2883269.7748654108
2883513.272908838
2883756.791516174
2884000.330689156
2884243.8904295145
2884487.470738998
2884731.0716193384
2884974.6930722725
2885218.3350995374
2885461.9977028654
2885705.6808840055
2885949.38464469
2886193.108986656
2886436.8539116434
2886680.619421389
2886924.405517631
2887168.212202104
2887412.0394765562
2887655.8873427217
2887899.75580234
2888143.644857149
2888387.5545088886
2888631.484759293
2888875.4356101127
2889119.407063082
2889363.3991199406
2889607.4117824286
2889851.445052286
2890095.4989312477
2890339.5734210657
2890583.6685234746
2890827.7842402156
2891071.920573029
2891316.0775236567
2891560.255093833
2891804.453285312
2892048.6720998283
2892292.9115391243
2892537.171604942
2892781.452299023
2893025.7536231033
2893270.0755789373
2893514.418168261
2893758.781392818
2894003.16525435
2894247.5697545996
2894491.9948953046
2894736.44067822
2894980.9071050826
2895225.3941776366
2895469.9018976246
2895714.430266791
2895958.9792868737
2896203.548959628
2896448.1392867933
2896692.7502701124
2896937.381911331
2897182.034212193
2897426.7071744376
2897671.400799821
2897916.1150900833
2898160.8500469686
2898405.605672223
2898650.3819675916
2898895.178934814
2899139.9965756484
2899384.8348918343
2899629.6938851182
2899874.573557246
2900119.473909964
2900364.394945013
2900609.3366641514
2900854.29906912
2901099.282161666
2901344.2859435366
2901589.310416478
2901834.3555822335
2902079.4214425613
2902324.507999203
2902569.6152539076
2902814.743208422
2903059.8918644944
2903305.061223868
2903550.2512883022
2903795.4620595397
2904040.6935393303
2904285.9457294215
2904531.2186315632
2904776.512247498
2905021.826578988
2905267.161627776
2905512.517395612
2905757.8938842453
2906003.2910954263
2906248.7090308988
2906494.147692425
2906739.6070817495
2906985.0872006225
2907230.588050795
2907476.109634017
2907721.651952035
2907967.2150066104
2908212.798799489
2908458.403332423
2908704.028607163
2908949.6746254615
2909195.3413890633
2909441.028899733
2909686.737159217
2909932.4661692665
2910178.2159316353
2910423.986448075
2910669.777720333
2910915.5897501735
2911161.422539344
2911407.2760895975
2911653.1504026875
2911899.0454803673
2912144.9613243844
2912390.897936505
2912636.855318476
2912882.8334720526
2913128.8323989883
2913374.8521010377
2913620.8925799495
2913866.95383749
2914113.0358754084
2914359.138695459
2914605.2622993975
2914851.406688979
2915097.5718659526
2915343.757832086
2915589.9645891297
2915836.192138838
2916082.440482968
2916328.7096232753
2916574.9995615105
2916821.3102994417
2917067.6418388197
2917313.9941814016
2917560.367328943
2917806.7612832026
2918053.1760459305
2918299.6116188965
2918546.0680038515
2918792.5452025537
2919039.0432167607
2919285.5620482303
2919532.1016987143
2919778.6621699836
2920025.24346379
2920271.845581892
2920518.4685260486
2920765.1122980183
2921011.7768995543
2921258.4623324275
2921505.1685983916
2921751.8956992053
2921998.6436366285
2922245.412412421
2922492.2020283365
2922739.0124861468
2922985.8437876063
2923232.695934475
2923479.568928514
2923726.462771483
2923973.3774651377
2924220.3130112505
2924467.269411576
2924714.246667876
2924961.2447819114
2925208.2637554444
2925455.3035902297
2925702.3642880414
2925949.445850636
2926196.548279775
2926443.6715772203
2926690.815744735
2926937.9807840753
2927185.1666970155
2927432.3734853133
2927679.601150731
2927926.849695032
2928174.1191199794
2928421.4094273304
2928668.720618861
2928916.0526963286
2929163.4056614973
2929410.779516131
2929658.174261994
2929905.5899008443
2930153.026434459
2930400.4838645956
2930647.9621930197
2930895.461421496
2931142.9815517897
2931390.5225856593
2931638.0845248834
2931885.6673712204
2932133.271126436
2932380.895792297
2932628.5413705683
2932876.2078630105
2933123.895271402
2933371.603597502
2933619.3328430788
2933867.083009898
2934114.854099727
2934362.646114326
2934610.459055475
2934858.2929249345
2935106.147724473
2935354.023455857
2935601.9201208544
2935849.8377212337
2936097.776258757
2936345.7357352036
2936593.7161523364
2936841.717511924
2937089.7398157343
2937337.783065531
2937585.847263095
2937833.9324101885
2938082.0385085815
2938330.165560043
2938578.313566343
2938826.4825292504
2939074.67245053
2939322.883331963
2939571.1151753133
2939819.367982352
2940067.64175485
2940315.93649457
2940564.2522032964
2940812.588882793
2941060.9465348315
2941309.3251611833
2941557.724763619
2941806.14534391
2942054.5869038226
2942303.04944514
2942551.532969629
2942800.0374790602
2943048.5629752073
2943297.109459836
2943545.6769347307
2943794.265401658
2944042.8748623915
2944291.5053187036
2944540.156772367
2944788.8292251555
2945037.5226788367
2945286.2371351956
2945534.9725960004
2945783.729063025
2946032.5065380433
2946281.3050228227
2946530.1245191507
2946778.9650287954
2947027.826553531
2947276.7090951325
2947525.6126553747
2947774.5372360335
2948023.482838877
2948272.449465693
2948521.437118251
2948770.4457983267
2949019.475507696
2949268.526248129
2949517.598021413
2949766.6908293194
2950015.804673624
2950264.9395561037
2950514.0954785347
2950763.2724426943
2951012.470450353
2951261.6895033005
2951510.929603308
2951760.190752153
2952009.472951613
2952258.7762034596
2952508.100509483
2952757.445871455
2953006.812291154
2953256.199770359
2953505.608310847
2953755.037914398
2954004.4885827843
2954253.960317797
2954503.4531212095
2954752.9669948
2955002.501940349
2955252.05795963
2955501.635054434
2955751.233226536
2956000.8524777144
2956250.4928097506
2956500.154224425
2956749.8367235176
2956999.540308803
2957249.2649820736
2957499.0107451053
2957748.777599679
2957998.5655475752
2958248.3745905696
2958498.2047304558
2958748.0559690096
2958997.928308013
2959247.8217492476
2959497.7362944954
2959747.671945539
2959997.6287041544
2960247.6065721367
2960497.605551263
2960747.625643315
2960997.666850076
2961247.729173324
2961497.812614854
2961747.917176443
2961998.042859875
2962248.189666934
2962498.3575994037
2962748.5466590677
2962998.756847705
2963248.9881671118
2963499.240619066
2963749.5142053533
2963999.808927758
2964250.124788065
2964500.4617880536
2964750.819929521
2965001.199214247
2965251.5996440165
2965502.021220616
2965752.4639458307
2966002.927821441
2966253.412849245
2966503.9190310235
2966754.4463685625
2967004.994863649
2967255.564518069
2967506.155333604
2967756.7673120536
2968007.4004551983
2968258.0547648254
2968508.730242723
2968759.426890679
2969010.1447104746
2969260.8837039103
2969511.6438727677
2969762.4252188355
2970013.2277439022
2970264.051449756
2970514.8963381806
2970765.762410976
2971016.649669925
2971267.5581168183
2971518.487753444
2971769.4385815915
2972020.410603045
2972271.4038196066
2972522.41823306
2972773.4538451945
2973024.5106578018
2973275.588672671
2973526.6878915876
2973777.808316354
2974028.949948755
2974280.1127905822
2974531.2968436256
2974782.502109678
2975033.7285905234
2975284.9762879666
2975536.2452037926
2975787.5353397937
2976038.846697762
2976290.17927949
2976541.533086763
2976792.908121387
2977044.304385148
2977295.721879839
2977547.1606072523
2977798.620569182
2978050.1017674147
2978301.6042037564
2978553.1278799945
2978804.6727979225
2979056.2389593343
2979307.8263660246
2979559.435019781
2979811.06492241
2980062.7160757002
2980314.388481446
2980566.0821414427
2980817.7970574847
2981069.533231362
2981321.2906648805
2981573.0693598306
2981824.869318008
2982076.690541208
2982328.533031226
2982580.396789853
2982832.2818188965
2983084.1881201477
2983336.115695402
2983588.0645464566
2983840.0346751083
2984092.0260831476
2984344.038772384
2984596.072744609
2984848.128001619
2985100.204545213
2985352.302377187
2985604.4214993347
2985856.5619134647
2986108.7236213693
2986360.9066248476
2986613.110925697
2986865.336525717
2987117.5834266995
2987369.8516304567
2987622.1411387804
2987874.4519534702
2988126.784076326
2988379.1375091467
2988631.512253726
2988883.9083118755
2989136.3256853903
2989388.7643760694
2989641.2243857137
2989893.705716123
2990146.2083690926
2990398.7323464346
2990651.277649944
2990903.8442814224
2991156.4322426706
2991409.04153549
2991661.672161676
2991914.324123042
2992166.9974213843
2992419.692058505
2992672.4080362055
2992925.145356288
2993177.90402055
2993430.6840308052
2993683.4853888503
2993936.3080964885
2994189.1521555227
2994442.017567756
2994694.9043349857
2994947.8124590274
2995200.7419416783
2995453.692784743
2995706.6649900246
2995959.658559328
2996212.6734944507
2996465.709797209
2996718.7674694024
2996971.846512835
2997224.9469293114
2997478.068720637
2997731.211888611
2997984.37643505
2998237.562361754
2998490.769670529
2998743.99836318
2998997.248441513
2999250.5199073288
2999503.812762445
2999757.127008662
3000010.4626477864
3000263.819681625
3000517.1981119844
3000770.5979406657
3001024.019169488
3001277.4618002526
3001530.925834767
3001784.4112748387
3002037.9181222753
3002291.4463788792
3002544.99604647
3002798.56712685
3003052.1596218273
3003305.773533211
3003559.4088628097
3003813.0656124256
3004066.74378388
3004320.443378976
3004574.1643995233
3004827.9068473307
3005081.670724208
3005335.456031959
3005589.2627724055
3005843.0909473514
3006096.940558607
3006350.811607983
3006604.7040972896
3006858.618028331
3007112.5534029305
3007366.510222893
3007620.48849003
3007874.488206152
3008128.5093730707
3008382.551992592
3008636.616066539
3008890.701596718
3009144.808584941
3009398.93703302
3009653.0869427677
3009907.2583159897
3010161.451154512
3010415.66546014
3010669.9012346873
3010924.1584799676
3011178.437197793
3011432.7373899715
3011687.059058328
3011941.402204672
3012195.7668308155
3012450.1529385727
3012704.5605297587
3012958.989606187
3013213.440169667
3013467.9122220245
3013722.4057650683
3013976.9208006137
3014231.4573304756
3014486.015356463
3014740.594880404
3014995.1959041073
3015249.8184293895
3015504.4624580657
3015759.127991952
3016013.815032865
3016268.5235826145
3016523.2536430294
3016778.00521592
3017032.778303103
3017287.572906396
3017542.389027609
3017797.226668572
3018052.0858310964
3018306.9665169995
3018561.8687280994
3018816.7924662135
3019071.7377331597
3019326.70453075
3019581.692860815
3019836.702725168
3020091.7341256263
3020346.7870640093
3020601.86154213
3020856.9575618193
3021112.07512489
3021367.2142331623
3021622.3748884555
3021877.557092589
3022132.7608473827
3022387.9861546503
3022643.2330162246
3022898.50143392
3023153.7914095563
3023409.1029449543
3023664.436041929
3023919.790702313
3024175.166927922
3024430.5647205766
3024685.9840820986
3024941.425014309
3025196.88751903
3025452.3715980765
3025707.877253284
3025963.404486468
3026218.95329945
3026474.5236940538
3026730.115672095
3026985.729235409
3027241.3643858125
3027497.021125128
3027752.6994551797
3028008.3993777907
3028264.120894784
3028519.864007978
3028775.628719208
3029031.415030292
3029287.2229430545
3029543.0524593196
3029798.903580906
3030054.77630965
3030310.67064737
3030566.5865958924
3030822.5241570408
3031078.483332641
3031334.4641245184
3031590.466534492
3031846.4905644003
3032102.536216063
3032358.603491306
3032614.692391955
3032870.8029198307
3033126.9350767713
3033383.088864598
3033639.264285137
3033895.4613402155
3034151.680031661
3034407.9203612995
3034664.1823309534
3034920.4659424624
3035176.7711976473
3035433.0980983367
3035689.4466463584
3035945.8168435344
3036202.208691705
3036458.622192693
3036715.057348327
3036971.514160435
3037227.9926308473
3037484.4927613917
3037741.014553892
3037997.55801019
3038254.1231321082
3038510.7099214774
3038767.3183801267
3039023.9485098803
3039280.600312581
3039537.273790052
3039793.968944125
3040050.6857766295
3040307.424289397
3040564.1844842583
3040820.966363038
3041077.76992758
3041334.5951797096
3041591.4421212585
3041848.310754058
3042105.20107994
3042362.113100731
3042619.046818274
3042876.002234397
3043132.9793509315
3043389.9781697104
3043646.998692566
3043904.040921326
3044161.104857835
3044418.190503921
3044675.2978614164
3044932.426932155
3045189.577717971
3045446.750220692
3045703.944442164
3045961.1603842154
3046218.3980486807
3046475.657437394
3046732.9385521896
3046990.241394897
3047247.5659673633
3047504.912271417
3047762.280308894
3048019.670081629
3048277.081591458
3048534.514840211
3048791.969829735
3049049.4465618613
3049306.9450384253
3049564.4652612633
3049822.0072322125
3050079.570953103
3050337.1564257834
3050594.7636520853
3050852.3926338456
3051110.0433729016
3051367.7158710905
3051625.410130244
3051883.1261522123
3052140.863938827
3052398.623491926
3052656.404813348
3052914.207904931
3053172.032768507
3053429.879405928
3053687.747819026
3053945.63800964
3054203.5499796094
3054461.4837307734
3054719.4392649652
3054977.416584037
3055235.4156898223
3055493.4365841607
3055751.4792688927
3056009.5437458586
3056267.630016892
3056525.738083847
3056783.867948557
3057042.019612863
3057300.193078607
3057558.388347629
3057816.6054217643
3058074.8443028675
3058333.104992774
3058591.3874933245
3058849.691806362
3059108.017933728
3059366.365877259
3059624.73563881
3059883.1272202167
3060141.540623322
3060399.9758499693
3060658.4329020013
3060916.9117812547
3061175.4124895856
3061433.9350288315
3061692.479400836
3061951.0456074425
3062209.633650495
3062468.243531832
3062726.8752533095
3062985.5288167666
3063244.2042240473
3063502.901476996
3063761.6205774583
3064020.361527273
3064279.1243282976
3064537.908982371
3064796.7154913386
3065055.5438570473
3065314.3940813416
3065573.2661660616
3065832.1601130664
3066091.075924196
3066350.013601296
3066608.973146214
3066867.9545607967
3067126.9578468846
3067385.9830063367
3067645.030040995
3067904.0989527064
3068163.189743318
3068422.302414679
3068681.4369686292
3068940.59340703
3069199.7717317236
3069458.9719445584
3069718.194047382
3069977.4380420437
3070236.703930386
3070495.9917142703
3070755.3013955397
3071014.632976043
3071273.9864576305
3071533.361842151
3071792.759131448
3072052.178327384
3072311.619431803
3072571.082446555
3072830.567373491
3073090.074214461
3073349.602971309
3073609.153645899
3073868.7262400757
3074128.3207556903
3074387.9371945937
3074647.5755586373
3074907.2358496673
3075166.918069547
3075426.622220123
3075686.348303247
3075946.0963207707
3076205.8662745473
3076465.6581664225
3076725.4719982618
3076985.3077719123
3077245.165489226
3077505.045152057
3077764.946762258
3078024.870321677
3078284.8158321795
3078544.7832956132
3078804.7727138326
3079064.7840886908
3079324.817422043
3079584.8727157367
3079844.9499716396
3080105.0491915997
3080365.1703774724
3080625.3135311124
3080885.4786543753
3081145.6657491094
3081405.8748171837
3081666.1058604475
3081926.358880756
3082186.6338799656
3082446.9308599327
3082707.2498225067
3082967.5907695573
3083227.9537029346
3083488.3386244955
3083748.745536097
3084009.1744395955
3084269.625336843
3084530.0982297086
3084790.593120044
3085051.1100097075
3085311.648900556
3085572.2097944478
3085832.7926932354
3086093.397598789
3086354.024512961
3086614.6734376107
3086875.344374596
3087136.0373257766
3087396.752293005
3087657.489278153
3087918.2482830742
3088179.0293096276
3088439.8323596735
3088700.6574350717
3088961.504537676
3089222.373669359
3089483.264831975
3089744.1780273844
3090005.113257448
3090266.070524027
3090527.049828976
3090788.0511741685
3091049.0745614595
3091310.1199927106
3091571.1874697837
3091832.276994541
3092093.388568843
3092354.5221945466
3092615.6778735267
3092876.8556076395
3093138.0553987473
3093399.2772487127
3093660.521159393
3093921.7871326627
3094183.07517038
3094444.385274408
3094705.7174466094
3094967.0716888485
3095228.4480029894
3095489.8463908895
3095751.266854426
3096012.709395456
3096274.174015845
3096535.660717457
3096797.1695021507
3097058.7003718037
3097320.253328275
3097581.8283734294
3097843.425509133
3098105.0447372505
3098366.6860596486
3098628.349478186
3098890.0349947424
3099151.742611177
3099413.472329356
3099675.2241511466
3099936.9980784087
3100198.794113022
3100460.612256847
3100722.452511751
3100984.3148796014
3101246.1993622654
3101508.105961611
3101770.0346794995
3102031.9855178115
3102293.958478409
3102555.95356316
3102817.970773933
3103080.01011259
3103342.071581013
3103604.1551810643
3103866.260914613
3104128.388783528
3104390.538789679
3104652.7109349356
3104914.9052211605
3105177.121650237
3105439.3602240286
3105701.6209444054
3105963.903813238
3106226.2088323897
3106488.536003744
3106750.8853291664
3107013.2568105273
3107275.6504496974
3107538.066248548
3107800.5042089513
3108062.9643327715
3108325.446621894
3108587.9510781835
3108850.4777035126
3109113.026499754
3109375.5974687724
3109638.190612454
3109900.8059326652
3110163.443431278
3110426.1031101667
3110688.784971203
3110951.4890162614
3111214.2152472087
3111476.963665931
3111739.734274296
3112002.5270741777
3112265.34206745
3112528.179255981
3112791.038641657
3113053.920226348
3113316.8240119275
3113579.7500002705
3113842.6981932526
3114105.668592748
3114368.6612006268
3114631.676018777
3114894.7130490676
3115157.7722933744
3115420.853753574
3115683.9574315357
3115947.083329149
3116210.2314482834
3116473.4017908163
3116736.594358624
3116999.809153584
3117263.0461775726
3117526.305432461
3117789.58692014
3118052.89064248
3118316.2166013597
3118579.564798656
3118842.935236241
3119106.327916006
3119369.7428398225
3119633.18000957
3119896.639427126
3120160.12109437
3120423.625013181
3120687.1511854315
3120950.6996130142
3121214.270297802
3121477.8632416744
3121741.478446511
3122005.1159141925
3122268.775646592
3122532.457645603
3122796.1619130992
3123059.888450961
3123323.6372610703
3123587.408345307
3123851.201705546
3124115.017343682
3124378.855261589
3124642.715461149
3124906.5979442443
3125170.5027127555
3125434.4297685595
3125698.3791135508
3125962.3507496053
3126226.344678606
3126490.360902435
3126754.3994229753
3127018.4602421033
3127282.5433617155
3127546.648783689
3127810.776509906
3128074.9265422514
3128339.0988826086
3128603.293532855
3128867.5104948874
3129131.749770584
3129396.0113618295
3129660.2952705077
3129924.601498504
3130188.930047697
3130453.280919984
3130717.654117244
3130982.0496413624
3131246.467494225
3131510.9076777175
3131775.370193719
3132039.855044129
3132304.362230826
3132568.891755698
3132833.44362063
3133098.01782751
3133362.6143782176
3133627.2332746526
3133891.8745186958
3134156.538112235
3134421.2240571566
3134685.9323553494
3134950.663008694
3135215.4160190914
3135480.1913884236
3135744.989118578
3136009.809211444
3136274.6516689095
3136539.5164928576
3136804.403685189
3137069.313247787
3137334.2451825403
3137599.199491339
3137864.176176072
3138129.1752386233
3138394.1966808946
3138659.2405047705
3138924.3067121403
3139189.395304895
3139454.506284924
3139719.6396541134
3139984.7954143654
3140249.973567565
3140515.1741156033
3140780.3970603715
3141045.642403761
3141310.910147657
3141576.2002939647
3141841.5128445686
3142106.8478013617
3142372.2051662356
3142637.584941083
3142902.98712779
3143168.4117282624
3143433.858744386
3143699.3281780547
3143964.8200311614
3144230.3343055993
3144495.8710032552
3144761.4301260365
3145027.01167583
3145292.6156545295
3145558.24206403
3145823.890906225
3146089.562183003
3146355.2558962717
3146620.9720479185
3146886.7106398395
3147152.4716739296
3147418.2551520835
3147684.0610761903
3147949.8894481594
3148215.7402698793
3148481.613543246
3148747.5092701553
3149013.4274525046
3149279.3680921826
3149545.3311910992
3149811.3167511453
3150077.324774217
3150343.355262211
3150609.408217026
3150875.4836405516
3151141.5815346986
3151407.701901358
3151673.8447424285
3151940.0100598074
3152206.197855393
3152472.408131077
3152738.640888771
3153004.896130367
3153271.1738577643
3153537.474072862
3153803.796777558
3154070.1419737465
3154336.509663339
3154602.899848229
3154869.3125303164
3155135.7477115006
3155402.2053936822
3155668.685578755
3155935.1882686326
3156201.713465208
3156468.261170383
3156734.831386058
3157001.4241141346
3157268.039356507
3157534.6771150893
3157801.337391777
3158068.020188472
3158334.725507076
3158601.4533494906
3158868.2037176117
3159134.9766133553
3159401.7720386162
3159668.589995298
3159935.4304853035
3160202.2935105353
3160469.17907289
3160736.0871742843
3161003.017816615
3161269.9710017852
3161536.9467316996
3161803.9450082616
3162070.9658333687
3162338.0092089386
3162605.0751368687
3162872.1636190647
3163139.27465743
3163406.40825387
3163673.5644102837
3163940.743128589
3164207.9444106845
3164475.168258476
3164742.4146738695
3165009.6836587708
3165276.9752150793
3165544.289344714
3165811.626049575
3166078.985331569
3166346.3671926023
3166613.7716345815
3166881.198659408
3167148.6482690014
3167416.120465263
3167683.6152500995
3167951.1326254187
3168218.672593129
3168486.2351551317
3168753.8203133475
3169021.4280696786
3169289.0584260332
3169556.7113843206
3169824.3869464486
3170092.0851143203
3170359.805889857
3170627.5492749624
3170895.3152715457
3171163.1038815165
3171430.915106784
3171698.748949252
3171966.605410844
3172234.4844934633
3172502.38619902
3172770.310529425
3173038.257486589
3173306.227072423
3173574.219288831
3173842.2341377377
3174110.271621048
3174378.331740673
3174646.414498525
3174914.519896509
3175182.64793655
3175450.798620553
3175718.971950432
3175987.167928098
3176255.386555464
3176523.627834443
3176791.8917669416
3177060.178354886
3177328.487600182
3177596.8195047444
3177865.174070486
3178133.5512993145
3178401.9511931567
3178670.37375392
3178938.818983519
3179207.286883868
3179475.7774568815
3179744.290704474
3180012.8266285546
3180281.3852310507
3180549.9665138717
3180818.5704789325
3181087.1971281487
3181355.8464634297
3181624.5184867047
3181893.2131998823
3182161.9306048797
3182430.6707036127
3182699.433497998
3182968.218989952
3183237.0271813856
3183505.8580742283
3183774.7116703913
3184043.5879717916
3184312.486980347
3184581.408697968
3184850.353126586
3185119.3202681122
3185388.3101244653
3185657.322697563
3185926.3579893243
3186195.4160016673
3186464.496736504
3186733.600195768
3187002.72638137
3187271.87529523
3187541.0469392682
3187810.2413153965
3188079.4584255484
3188348.6982716373
3188617.960855583
3188887.2461793064
3189156.554244727
3189425.885053766
3189695.238608337
3189964.614910375
3190234.0139617934
3190503.4357645144
3190772.880320459
3191042.347631542
3191311.8376996983
3191581.3505268437
3191850.8861148995
3192120.4444657885
3192390.025581433
3192659.629463755
3192929.256114671
3193198.9055361175
3193468.57773001
3193738.272698272
3194007.9904428273
3194277.7309655924
3194547.4942685044
3194817.28035348
3195087.0892224438
3195356.9208773198
3195626.775320032
3195896.652552505
3196166.5525766574
3196436.4753944264
3196706.421007731
3196976.389418496
3197246.3806286464
3197516.3946401016
3197786.4314548005
3198056.4910746617
3198326.5735016116
3198596.6787375757
3198866.8067844813
3199136.957644254
3199407.131318814
3199677.327810101
3199947.547120036
3200217.789250546
3200488.0542035573
3200758.341980992
3201028.65258479
3201298.9860168723
3201569.3422791674
3201839.7213736027
3202110.123302107
3202380.548066609
3202650.99566903
3202921.4661113117
3203191.959395377
3203462.4755231547
3203733.0144965737
3204003.576317564
3204274.160988048
3204544.7685099686
3204815.398885249
3205086.05211582
3205356.728203611
3205627.4271505526
3205898.1489585685
3206168.8936296026
3206439.661165579
3206710.4515684294
3206981.264840084
3207252.1009824746
3207522.9599975264
3207793.841887184
3208064.746653372
3208335.6742980233
3208606.6248230697
3208877.598230443
3209148.5945220697
3209419.6136998953
3209690.655765846
3209961.7207218553
3210232.808569855
3210503.91931178
3210775.052949556
3211046.2094851304
3211317.3889204296
3211588.5912573887
3211859.8164979406
3212131.0646440205
3212402.335697556
3212673.629660494
3212944.9465347636
3213216.2863223
3213487.649025037
3213759.0346449106
3214030.44318385
3214301.8746438036
3214573.3290267
3214844.8063344755
3215116.3065690664
3215387.8297324087
3215659.3758264324
3215930.944853087
3216202.536814302
3216474.1517120157
3216745.7895481642
3217017.4503246844
3217289.1340435077
3217560.840706585
3217832.5703158467
3218104.322873231
3218376.098380676
3218647.8968401193
3218919.718253494
3219191.56262275
3219463.4299498205
3219735.3202366442
3220007.2334851604
3220279.1696973075
3220551.1288750186
3220823.1110202465
3221095.1161349243
3221367.1442209915
3221639.195280388
3221911.2693150546
3222183.3663269244
3222455.486317951
3222727.6292900695
3222999.7952452195
3223271.984185342
3223544.196112379
3223816.4310282646
3224088.6889349534
3224360.969834381
3224633.273728488
3224905.6006192174
3225177.950508511
3225450.3233983046
3225722.719290554
3225995.1381871947
3226267.58009017
3226540.0450014216
3226812.532922894
3227085.043856524
3227357.577804267
3227630.134768061
3227902.714749849
3228175.3177515753
3228447.943775184
3228720.5928226127
3228993.264895819
3229265.959996741
3229538.6781273233
3229811.4192895107
3230084.183485248
3230356.970716475
3230629.780985149
3230902.6142932097
3231175.4706426025
3231448.3500352735
3231721.2524731685
3231994.177958227
3232267.1264924095
3232540.098077655
3232813.0927159106
3233086.110409123
3233359.151159239
3233632.2149681994
3233905.3018379654
3234178.411770477
3234451.5447676824
3234724.7008315297
3234997.879963966
3235271.082166934
3235544.3074423946
3235817.55579229
3236090.827218568
3236364.121723179
3236637.4393080706
3236910.779975186
3237184.143726488
3237457.5305639193
3237730.940489429
3238004.373504968
3238277.8296124856
3238551.3088139254
3238824.811111251
3239098.336506406
3239371.885001342
3239645.4565980085
3239919.0512983575
3240192.6691043335
3240466.3100179005
3240739.9740410037
3241013.6611755947
3241287.371423625
3241561.104787047
3241834.8612678065
3242108.640867868
3242382.4435891784
3242656.26943369
3242930.1184033556
3243203.990500128
3243477.8857259536
3243751.8040827992
3244025.7455726117
3244299.7101973444
3244573.697958952
3244847.708859387
3245121.742900598
3245395.800084552
3245669.880413197
3245943.983888488
3246218.110512379
3246492.2602868257
3246766.433213776
3247040.6292951987
3247314.8485330427
3247589.0909292637
3247863.356485817
3248137.645204659
3248411.957087739
3248686.2921370263
3248960.650354471
3249235.03174203
3249509.4363016593
3249783.8640353163
3250058.3149449513
3250332.7890325347
3250607.286300018
3250881.806749358
3251156.3503825124
3251430.91720144
3251705.5072080917
3251980.1204044386
3252254.756792433
3252529.416374034
3252804.099151199
3253078.805125888
3253353.534300053
3253628.286675667
3253903.0622546817
3254177.861039058
3254452.6830307543
3254727.5282317316
3255002.396643943
3255277.288269362
3255552.2031099424
3255827.1411676444
3256102.102444429
3256377.0869422574
3256652.09466309
3256927.125608882
3257202.179781608
3257477.2571832226
3257752.3578156875
3258027.481680965
3258302.6287810104
3258577.799117799
3258852.992693287
3259128.209509436
3259403.4495682097
3259678.7128715706
3259953.9994214815
3260229.3092198996
3260504.642268801
3260779.9985701432
3261055.378125889
3261330.7809380037
3261606.2070084433
3261881.656339186
3262157.1289321887
3262432.6247894173
3262708.1439128355
3262983.6863044086
3263259.251966102
3263534.840899873
3263810.4531077016
3264086.0885915463
3264361.7473533726
3264637.429395146
3264913.134718827
3265188.863326394
3265464.6152198073
3265740.390401033
3266016.188872039
3266292.0106347906
3266567.8556912555
3266843.7240433944
3267119.6156931883
3267395.530642597
3267671.468893589
3267947.430448132
3268223.4153081873
3268499.4234757368
3268775.4549527415
3269051.5097411703
3269327.587842992
3269603.689260176
3269879.81399469
3270155.9620484975
3270432.133423581
3270708.328121903
3270984.5461454336
3271260.7874961426
3271537.052175993
3271813.3401869694
3272089.651531034
3272365.9862101586
3272642.3442263133
3272918.7255814685
3273195.1302775964
3273471.5583166606
3273748.009700646
3274024.4844315173
3274300.982511247
3274577.503941806
3274854.0487251603
3275130.616863295
3275407.2083581756
3275683.8232117756
3275960.4614260667
3276237.1230030223
3276513.807944615
3276790.5162528115
3277067.247929599
3277344.0029769437
3277620.7813968197
3277897.5831912
3278174.4083620533
3278451.2569113667
3278728.1288411072
3279005.02415325
3279281.9428497693
3279558.88493264
3279835.850403838
3280112.8392653307
3280389.8515191074
3280666.887167137
3280943.946211395
3281221.028653857
3281498.134496493
3281775.2637412916
3282052.4163902234
3282329.592445265
3282606.791908392
3282884.0147815826
3283161.2610668126
3283438.5307660536
3283715.8238812955
3283993.1404145095
3284270.480367673
3284547.8437427646
3284825.2305417545
3285102.6407666355
3285380.0744193783
3285657.5315019623
3285935.0120163653
3286212.5159645667
3286490.0433485457
3286767.594170274
3287045.168431746
3287322.766134932
3287600.387281814
3287878.031874371
3288155.699914583
3288433.3914044234
3288711.106345886
3288988.844740945
3289266.6065915804
3289544.391899774
3289822.200667506
3290100.0328967515
3290377.888589505
3290655.767747741
3290933.6703734426
3291211.5964685897
3291489.546035166
3291767.5190751455
3292045.515590525
3292323.535583281
3292601.5790553945
3292879.6460088496
3293157.7364456286
3293435.8503677086
3293713.9877770864
3293992.1486757384
3294270.3330656486
3294548.5409488007
3294826.772327179
3295105.027202761
3295383.305577544
3295661.6074535064
3295939.932832633
3296218.2817169083
3296496.6541083176
3296775.0500088395
3297053.469420472
3297331.912345195
3297610.378784994
3297888.868741855
3298167.382217763
3298445.919214699
3298724.4797346615
3299003.063779631
3299281.671351595
3299560.302452539
3299838.957084451
3300117.6352493106
3300396.33694912
3300675.062185859
3300953.8109615156
3301232.5832780777
3301511.3791375333
3301790.1985418643
3302069.0414930726
3302347.9079931392
3302626.798044054
3302905.711647805
3303184.6488063815
3303463.6095217667
3303742.593795962
3304021.601630952
3304300.6330287256
3304579.6879912727
3304858.7665205835
3305137.868618641
3305416.9942874503
3305696.143528994
3305975.3163452637
3306254.51273825
3306533.7327099442
3306812.9762623305
3307092.243397414
3307371.53411718
3307650.8484236198
3307930.186318725
3308209.5478044883
3308488.9328828948
3308768.3415559507
3309047.773825642
3309327.229693962
3309606.709162902
3309886.2122344566
3310165.7389106113
3310445.289193374
3310724.863084731
3311004.460586677
3311284.0817012046
3311563.7264303085
3311843.3947759764
3312123.0867402162
3312402.802325016
3312682.5415323703
3312962.3043642743
3313242.0908227223
3313521.900909704
3313801.734627228
3314081.5919772834
3314361.4729618654
3314641.37758297
3314921.3058425942
3315201.2577427267
3315481.233285378
3315761.232472538
3316041.255306203
3316321.3017883706
3316601.371921038
3316881.465706195
3317161.5831458536
3317441.724242004
3317721.8889966444
3318002.077411772
3318282.2894893866
3318562.5252314787
3318842.7846400603
3319123.0677171233
3319403.374464667
3319683.70488469
3319964.058979192
3320244.436750165
3320524.8381996225
3320805.263329557
3321085.712141969
3321366.184638858
3321646.6808222244
3321927.2006940614
3322207.7442563837
3322488.311511185
3322768.902460466
3323049.517106228
3323330.155450472
3323610.817495193
3323891.5032424056
3324172.212694105
3324452.945852293
3324733.702718972
3325014.483296144
3325295.2875858042
3325576.1155899693
3325856.9673106354
3326137.8427498047
3326418.7419094807
3326699.664791667
3326980.6113983593
3327261.5817315755
3327542.5757933124
3327823.5935855736
3328104.635110364
3328385.700369687
3328666.7893655403
3328947.9020999423
3329229.0385748916
3329510.1987923924
3329791.3827544497
3330072.5904630693
3330353.821920249
3330635.0771280094
3330916.356088348
3331197.658803272
3331478.985274787
3331760.3355048993
3332041.709495608
3332323.107248934
3332604.5287668775
3332885.974051445
3333167.443104644
3333448.9359284807
3333730.4525249572
3334011.9928960945
3334293.557043893
3334575.144970361
3334856.756677507
3335138.3921673386
3335420.051441858
3335701.734503087
3335983.4413530286
3336265.171993691
3336546.9264270836
3336828.7046552156
3337110.50668009
3337392.33250373
3337674.1821281384
3337956.055555325
3338237.952787301
3338519.873826076
3338801.8186736605
3339083.787332059
3339365.779803295
3339647.7960893735
3339929.8361923057
3340211.9001141028
3340493.987856769
3340776.099422331
3341058.2348127924
3341340.3940301663
3341622.5770764644
3341904.7839536993
3342187.0146638835
3342469.269209023
3342751.547591144
3343033.849812254
3343316.1758743646
3343598.52577949
3343880.899529637
3344163.2971268324
3344445.7185730846
3344728.1638704063
3345010.6330208126
3345293.126026318
3345575.6428889367
3345858.183610677
3346140.7481935667
3346423.3366396152
3346705.948950837
3346988.585129248
3347271.245176857
3347553.9290956934
3347836.636887766
3348119.3685550913
3348402.1240996853
3348684.9035235653
3348967.706828747
3349250.5340172406
3349533.385091077
3349816.2600522665
3350099.1589028267
3350382.0816447744
3350665.028280121
3350947.9988108976
3351230.993239116
3351514.011566794
3351797.05379595
3352080.119928602
3352363.20996677
3352646.3239124645
3352929.4617677196
3353212.6235345467
3353495.8092149654
3353779.0188109954
3354062.2523246496
3354345.5097579616
3354628.7911129445
3354912.0963916187
3355195.4255960044
3355478.7787281224
3355762.1557899932
3356045.5567836305
3356328.98171107
3356612.430574326
3356895.903375419
3357179.4001163715
3357462.920799198
3357746.465425934
3358030.0339985956
3358313.626519204
3358597.2429897827
3358880.883412353
3359164.5477889394
3359448.2361215567
3359731.948412242
3360015.6846630117
3360299.44487589
3360583.2290528994
3360867.037196058
3361150.8693074025
3361434.725388951
3361718.6054427275
3362002.509470756
3362286.4374750624
3362570.3894576705
3362854.365420599
3363138.3653658866
3363422.3892955515
3363706.4372116197
3363990.509116117
3364274.6050110618
3364558.7248984943
3364842.8687804337
3365127.0366589064
3365411.2285359395
3365695.4444135586
3365979.6842937917
3366263.9481786583
3366548.2360701994
3366832.547970436
3367116.883881395
3367401.2438051053
3367685.627743587
3367970.0356988823
3368254.467673012
3368538.9236680055
3368823.403685891
3369107.9077286967
3369392.4357984527
3369676.98789718
3369961.564026923
3370246.164189703
3370530.78838755
3370815.4366224944
3371100.108896559
3371384.8052117876
3371669.5255702036
3371954.2699738373
3372239.03842472
3372523.830924882
3372808.6474763546
3373093.488081162
3373378.352741349
3373663.241458941
3373948.154235969
3374233.091074465
3374518.051976461
3374803.036943983
3375088.045979076
3375373.079083767
3375658.1362600876
3375943.217510071
3376228.322835751
3376513.452239153
3376798.6057223245
3377083.7832872923
3377368.98493609
3377654.210670752
3377939.4604933118
3378224.734405797
3378510.0324102556
3378795.3545087157
3379080.700703212
3379366.0709957797
3379651.465388453
3379936.8838832616
3380222.3264822536
3380507.7931874585
3380793.2840009117
3381078.7989246496
3381364.3379607084
3381649.9011111166
3381935.488377926
3382221.0997631648
3382506.735268871
3382792.394897081
3383078.0786498324
3383363.7865291554
3383649.518537102
3383935.2746757017
3384221.0549469935
3384506.8593530147
3384792.687895804
3385078.540577393
3385364.417399834
3385650.3183651585
3385936.243475406
3386222.192732615
3386508.1661388245
3386794.1636960683
3387080.1854063985
3387366.231271849
3387652.3012944586
3387938.3954762686
3388224.5138193187
3388510.6563256425
3388796.8229972944
3389083.0138363084
3389369.2288447255
3389655.468024587
3389941.7313779336
3390228.0189068005
3390514.330613243
3390800.666499296
3391087.0265670023
3391373.4108184027
3391659.81925554
3391946.2518804506
3392232.7086951905
3392519.1897017956
3392805.694902309
3393092.224298774
3393378.7778932336
3393665.3556877254
3393951.957684306
3394238.5838850127
3394525.2342918897
3394811.908906981
3395098.6077323314
3395385.330769979
3395672.0780219813
3395958.8494903767
3396245.6451772107
3396532.4650845286
3396819.3092143754
3397106.1775687905
3397393.070149833
3397679.986959542
3397966.927999964
3398253.893273145
3398540.882781131
3398827.896525963
3399114.934509701
3399401.9967343854
3399689.083202063
3399976.1939147813
3400263.328874588
3400550.4880835237
3400837.6715436503
3401124.8792570084
3401412.1112256474
3401699.3674516147
3401986.647936959
3402273.9526837226
3402561.2816939675
3402848.634969737
3403136.012513079
3403423.4143260447
3403710.840410682
3403998.2907690345
3404285.765403166
3404573.26431512
3404860.7875069464
3405148.3349806955
3405435.9067384186
3405723.502782159
3406011.123113982
3406298.7677359316
3406586.436650059
3406874.129858416
3407161.8473630548
3407449.589166019
3407737.3552693757
3408025.14567517
3408312.9603854534
3408600.79940228
3408888.662727701
3409176.5503637632
3409464.462312533
3409752.398576058
3410040.35915639
3410328.3440555837
3410616.3532756926
3410904.3868187633
3411192.4446868645
3411480.526882043
3411768.6334063536
3412056.7642618506
3412344.9194505895
3412633.098974617
3412921.3028360037
3413209.5310367974
3413497.7835790534
3413786.060464828
3414074.3616961758
3414362.687275147
3414651.037203811
3414939.411484218
3415227.8101184242
3415516.2331084865
3415804.6804564614
3416093.152164399
3416381.648234371
3416670.1686684275
3416958.713468626
3417247.2826370248
3417535.876175681
3417824.4940866465
3418113.136371993
3418401.8030337724
3418690.494074043
3418979.209494864
3419267.949298294
3419556.7134863855
3419845.5020612115
3420134.315024825
3420423.152379285
3420712.014126652
3421000.9002689854
3421289.810808339
3421578.745746787
3421867.705086383
3422156.6888291873
3422445.6969772615
3422734.729532666
3423023.7864974556
3423312.867873705
3423601.97366347
3423891.103868811
3424180.2584917904
3424469.437534471
3424758.6409989074
3425047.8688871763
3425337.1212013336
3425626.3979434413
3425915.699115563
3426205.024719762
3426494.3747581015
3426783.7492326377
3427073.148145449
3427362.571498591
3427652.0192941288
3427941.4915341265
3428230.9882206414
3428520.509355752
3428810.0549415154
3429099.6249799975
3429389.2194732632
3429678.8384233774
3429968.4818324056
3430258.1497024065
3430547.84203546
3430837.5588336247
3431127.300098967
3431417.065833553
3431706.8560394426
3431996.670718716
3432286.5098734335
3432576.3735056617
3432866.2616174677
3433156.174210919
3433446.1112880833
3433736.0728510213
3434026.0589018147
3434316.0694425246
3434606.104475219
3434896.1640019664
3435186.2480248287
3435476.3565458884
3435766.4895672076
3436056.647090855
3436346.8291189005
3436637.035653413
3436927.266696462
3437217.5222501107
3437507.802316443
3437798.1068975218
3438088.435995418
3438378.7896122015
3438669.167749936
3438959.570410707
3439249.9975965777
3439540.44930962
3439830.9255519044
3440121.4263255033
3440411.951632488
3440702.5014749235
3440993.075854896
3441283.6747744703
3441574.298235719
3441864.946240715
3442155.6187915243
3442446.315890233
3442737.0375389075
3443027.7837396218
3443318.554494448
3443609.3498054612
3443900.169674734
3444191.0141043346
3444481.8830963504
3444772.7766528483
3445063.694775904
3445354.6374675916
3445645.604729979
3445936.596565155
3446227.6129751876
3446518.653962153
3446809.7195281265
3447100.809675184
3447391.9244054006
3447683.0637208465
3447974.227623611
3448265.4161157645
3448556.629199383
3448847.866876543
3449139.129149315
3449430.4160197903
3449721.727490039
3450013.0635621385
3450304.4242381663
3450595.809520201
3450887.21941032
3451178.653910594
3451470.1130231167
3451761.596749959
3452053.1050931993
3452344.6380549166
3452636.1956371837
3452927.777842093
3453219.3846717174
3453511.0161281363
3453802.6722134296
3454094.3529296773
3454386.0582789592
3454677.7882633493
3454969.542884941
3455261.3221458094
3455553.126048034
3455844.9545936966
3456136.807784871
3456428.685623653
3456720.588112117
3457012.515252344
3457304.4670464164
3457596.443496417
3457888.4446044266
3458180.470372522
3458472.520802799
3458764.5958973337
3459056.695658209
3459348.8200875074
3459640.969187313
3459933.1429597023
3460225.3414067724
3460517.5645306003
3460809.81233327
3461102.084816866
3461394.3819834725
3461686.703835167
3461979.050374048
3462271.4216021933
3462563.8175216885
3462856.2381346184
3463148.6834430685
3463441.1534491177
3463733.6481548655
3464026.1675623907
3464318.7116737794
3464611.2804911183
3464903.8740164936
3465196.492251985
3465489.135199693
3465781.802861698
3466074.495240087
3466367.2123369477
3466659.954154367
3466952.720694426
3467245.5119592263
3467538.3279508497
3467831.1686713835
3468124.0341229164
3468416.9243075373
3468709.8392273276
3469002.7788843904
3469295.743280808
3469588.7324186694
3469881.746300064
3470174.784927082
3470467.848301805
3470760.9364263383
3471054.0493027647
3471347.1869331743
3471640.349319658
3471933.5364643056
3472226.748369202
3472519.985036452
3472813.2464681393
3473106.532666356
3473399.8436331935
3473693.179370743
3473986.53988109
3474279.925166341
3474573.3352285805
3474866.7700699014
3475160.2296923962
3475453.714098158
3475747.223289272
3476040.757267846
3476334.3160359664
3476627.8995957267
3476921.50794922
3477215.141098541
3477508.7990457765
3477802.481793035
3478096.189342403
3478389.921695976
3478683.678855848
3478977.4608241147
3479271.267602864
3479565.099194205
3479858.9556002263
3480152.8368230234
3480446.742864692
3480740.673727329
3481034.6294130227
3481328.6099238833
3481622.6152620013
3481916.6454294724
3482210.700428394
3482504.7802608632
3482798.88492897
3483093.014434826
3483387.168780522
3483681.3479681555
3483975.551999824
3484269.7808776265
3484564.034603654
3484858.3131800187
3485152.6166088125
3485446.9448921345
3485741.298032083
3486035.676030758
3486330.078890251
3486624.5066126767
3486918.9592001266
3487213.4366547014
3487507.938978501
3487802.4661736256
3488097.0182421682
3488391.595186244
3488686.197007947
3488980.8237093776
3489275.4752926375
3489570.151759827
3489864.8531130417
3490159.5793543966
3490454.330485987
3490749.1065099146
3491043.907428282
3491338.733243191
3491633.5839567375
3491928.4595710384
3492223.360088189
3492518.2855102937
3492813.2358394545
3493108.211077775
3493403.2112273523
3493698.236290304
3493993.286268727
3494288.361164726
3494583.460980404
3494878.585717867
3495173.735379212
3495468.909966558
3495764.1094820034
3496059.333927653
3496354.5833056117
3496649.857617986
3496945.156866874
3497240.4810543964
3497535.8301826515
3497831.2042537467
3498126.603269787
3498422.0272328802
3498717.4761451255
3499012.950008644
3499308.4488255363
3499603.972597909
3499899.521327871
3500195.0950175286
3500490.693668983
3500786.317284357
3501081.9658657513
3501377.6394152744
3501673.3379350347
3501969.061427141
3502264.8098936956
3502560.5833368218
3502856.381758622
3503152.2051612046
3503448.05354668
3503743.9269171585
3504039.8252747427
3504335.7486215564
3504631.6969597037
3504927.670291295
3505223.6686184406
3505519.691943252
3505815.7402678328
3506111.8135943087
3506407.911924784
3506704.0352613702
3507000.1836061794
3507296.3569613234
3507592.5553289074
3507888.7787110577
3508185.02710988
3508481.300527487
3508777.5989659913
3509073.922427506
3509370.270914138
3509666.6444280143
3509963.042971241
3510259.4665459325
3510555.9151542024
3510852.3887981656
3511148.887479928
3511445.4112016195
3511741.959965347
3512038.5337732257
3512335.1326273703
3512631.756529896
3512928.4054829115
3513225.0794885466
3513521.7785489094
3513818.502666116
3514115.2518422827
3514412.0260795257
3514708.825379954
3515005.6497456995
3515302.499178871
3515599.3736815853
3515896.2732559606
3516193.197904113
3516490.147628161
3516787.1224302147
3517084.1223124065
3517381.147276847
3517678.197325655
3517975.2724609487
3518272.3726848387
3518569.4979994595
3518866.648406922
3519163.823909346
3519461.0245088497
3519758.250207554
3520055.5010075774
3520352.7769110333
3520650.077920056
3520947.404036758
3521244.7552632606
3521542.1316016833
3521839.533054141
3522136.9596227673
3522434.4113096776
3522731.8881169925
3523029.390046834
3523326.917101323
3523624.469282582
3523922.0465927254
3524219.6490338896
3524517.2766081905
3524814.92931775
3525112.607164691
3525410.3101511295
3525708.0382792023
3526005.791551026
3526303.569968724
3526601.37353442
3526899.2022502376
3527197.0561183007
3527494.9351407266
3527792.8393196533
3528090.768657199
3528388.7231554883
3528686.7028166456
3528984.7076427885
3529282.7376360577
3529580.7927985704
3529878.873132453
3530176.978639831
3530475.1093228296
3530773.265183576
3531071.446224189
3531369.6524468088
3531667.883853556
3531966.1404465567
3532264.422227938
3532562.72919982
3532861.0613643453
3533159.4187236326
3533457.801279811
3533756.2090350077
3534054.6419913513
3534353.10015097
3534651.5835159845
3534950.0920885387
3535248.6258707535
3535547.1848647585
3535845.7690726826
3536144.378496648
3536443.0131387985
3536741.673001257
3537040.3580861525
3537339.068395616
3537637.803931778
3537936.5646967683
3538235.35069271
3538534.1619217494
3538832.998386009
3539131.8600876215
3539430.747028717
3539729.65921142
3540028.596637877
3540327.5593102123
3540626.5472305585
3540925.5604010476
3541224.598823812
3541523.6625009836
3541822.751434689
3542121.8656270755
3542421.0050802683
3542720.1697964016
3543019.359777608
3543318.575026015
3543617.81554377
3543917.081333
3544216.37239584
3544515.6887344234
3544815.0303508854
3545114.3972473606
3545413.7894259766
3545713.2068888834
3546012.6496382086
3546312.1176760877
3546611.6110046566
3546911.1296260436
3547210.6735424
3547510.242755854
3547809.837268542
3548109.457082601
3548409.1022001677
3548708.7726233783
3549008.468354364
3549308.1893952754
3549607.9357482432
3549907.7074154047
3550207.5043988987
3550507.326700862
3550807.1743234266
3551107.0472687446
3551406.9455389474
3551706.869136174
3552006.8180625634
3552306.7923202547
3552606.79191138
3552906.816838092
3553206.867102525
3553506.942706818
3553807.043653111
3554107.1699435436
3554407.32158025
3554707.498565384
3555007.7009010804
3555307.9285894795
3555608.1816327223
3555908.4600329497
3556208.763792297
3556509.0929129194
3556809.4473969517
3557109.827246536
3557410.2324638143
3557710.663050929
3558011.1190100154
3558311.600343231
3558612.107052711
3558912.639140599
3559213.1966090375
3559513.779460171
3559814.3876961344
3560115.021319087
3560415.680331166
3560716.3647345146
3561017.0745312776
3561317.8097235993
3561618.570313617
3561919.3563034907
3562220.167695358
3562521.0044913637
3562821.8666936536
3563122.7543043736
3563423.6673256615
3563724.6057596784
3564025.569608563
3564326.558874462
3564627.573559521
3564928.6136658876
3565229.6791957007
3565530.7701511225
3565831.8865342927
3566133.028347359
3566434.1955924686
3566735.3882717695
3567036.6063874024
3567337.84994153
3567639.118936293
3567940.4133738405
3568241.733256321
3568543.078585883
3568844.4493646687
3569145.845594842
3569447.2672785446
3569748.7144179265
3570050.187015137
3570351.685072327
3570653.208591638
3570954.7575752363
3571256.332025264
3571557.9319438725
3571859.5573332123
3572161.2081954344
3572462.884532683
3572764.5863471245
3573066.3136409023
3573368.0664161686
3573669.8446750757
3573971.6484197755
3574273.4776524124
3574575.3323751544
3574877.212590147
3575179.118299542
3575481.049505493
3575783.006210154
3576084.98841567
3576386.99612421
3576689.0293379193
3576991.088058953
3577293.1722894656
3577595.28203161
3577897.4172875346
3578199.5780594083
3578501.7643493786
3578803.9761596005
3579106.213492229
3579408.4763494204
3579710.7647333224
3580013.0786461052
3580315.418089918
3580617.7830669163
3580920.173579257
3581222.589629096
3581525.0312185837
3581827.4983498906
3582129.9910251666
3582432.5092465696
3582735.0530162565
3583037.622336385
3583340.2172091054
3583642.8376365905
3583945.483620991
3584248.1551644653
3584550.852269172
3584853.57493727
3585156.3231709106
3585459.096972267
3585761.8963434924
3586064.7212867453
3586367.571804185
3586670.447897972
3586973.3495702585
3587276.27682322
3587579.229659009
3587882.2080797856
3588185.2120877113
3588488.2416849467
3588791.2968736454
3589094.377655983
3589397.4840341145
3589700.6160102007
3590003.773586404
3590306.956764886
3590610.1655478016
3590913.399937328
3591216.65993562
3591519.9455448412
3591823.2567671533
3592126.59360472
3592429.956059697
3592733.3441342628
3593036.7578305737
3593340.197150793
3593643.662097085
3593947.1526716137
3594250.6688765367
3594554.2107140324
3594857.7781862584
3595161.37129538
3595464.990043562
3595768.63443297
3596072.3044657614
3596376.0001441175
3596679.721470196
3596983.468446163
3597287.241074185
3597591.0393564277
3597894.8632950513
3598198.7128922367
3598502.588150143
3598806.4890709384
3599110.4156567897
3599414.3679098636
3599718.3458323213
3600022.3494263454
3600326.378694096
3600630.4336377415
3600934.5142594506
3601238.620561391
3601542.752545725
3601846.9102146365
3602151.093570286
3602455.3026148435
3602759.5373504786
3603063.7977793613
3603368.083903653
3603672.3957255394
3603976.733247183
3604281.0964707537
3604585.485398423
3604889.9000323615
3605194.3403747324
3605498.8064277214
3605803.298193493
3606107.8156742183
3606412.3588720695
3606716.927789218
3607021.522427828
3607326.1427900875
3607630.788878161
3607935.4606942213
3608240.1582404412
3608544.8815189935
3608849.630532051
3609154.4052817803
3609459.205770369
3609764.0319999848
3610068.8839728
3610373.761690989
3610678.6651567193
3610983.59437218
3611288.5493395375
3611593.5300609674
3611898.536538644
3612203.568774744
3612508.626771441
3612813.7105309037
3613118.820055323
3613423.955346867
3613729.116407712
3614034.3032400343
3614339.515846003
3614644.754227809
3614950.018387622
3615255.3083276195
3615560.6240499783
3615865.9655568753
3616171.3328504893
3616476.7259329893
3616782.1448065685
3617087.589473398
3617393.059935656
3617698.5561955203
3618004.078255163
3618309.6261167773
3618615.1997825345
3618920.799254615
3619226.4245351967
3619532.0756264604
3619837.752530585
3620143.4552497435
3620449.183786131
3620754.93814192
3621060.7183192912
3621366.524320425
3621672.3561474956
3621978.213802698
3622284.0972882067
3622590.0066062026
3622895.9417588674
3623201.902748383
3623507.889576932
3623813.902246688
3624119.9407598493
3624426.00511859
3624732.0953250933
3625038.211381542
3625344.3532901118
3625650.521053001
3625956.7146723852
3626262.9341504485
3626569.1794893746
3626875.450691347
3627181.7477585506
3627488.070693162
3627794.4194973805
3628100.7941733836
3628407.1947233565
3628713.6211494836
3629020.0734539432
3629326.5516389357
3629633.0557066393
3629939.5856592394
3630246.141498923
3630552.7232278753
3630859.330848283
3631165.9643623256
3631472.623772205
3631779.3090800997
3632086.0202881973
3632392.7573986854
3632699.520413744
3633006.309335575
3633313.12416636
3633619.964908286
3633926.831563542
3634233.724134316
3634540.6426227973
3634847.587031166
3635154.557361627
3635461.5536163617
3635768.575797559
3636075.6239074096
3636382.697948095
3636689.79792182
3636996.9238307676
3637304.0756771276
3637611.2534630904
3637918.4571908475
3638225.686862589
3638532.9424804985
3638840.2240467826
3639147.5315636247
3639454.8650332163
3639762.22445775
3640069.6098394096
3640377.0211804025
3640684.4584829127
3640991.921749134
3641299.4109812584
3641606.9261814784
3641914.467351988
3642222.0344949723
3642529.6276126397
3642837.246707177
3643144.8917807764
3643452.5628356338
3643760.2598739425
3644067.9828978893
3644375.7319096834
3644683.506911513
3644991.3079055725
3645299.1348940567
3645606.9878791613
3645914.866863074
3646222.7718480052
3646530.7028361442
3646838.6598296864
3647146.6428308277
3647454.651841765
3647762.686864687
3648070.747901806
3648378.8349553114
3648686.9480273994
3648995.0871202685
3649303.2522361153
3649611.4433771307
3649919.6605455275
3650227.9037434957
3650536.1729732337
3650844.4682369404
3651152.789536814
3651461.136875046
3651769.5102538504
3652077.909675419
3652386.3351419508
3652694.7866556454
3653003.264218703
3653311.767833316
3653620.2975016986
3653928.853226044
3654237.4350085533
3654546.042851427
3654854.6767568653
3655163.3367270622
3655472.022764234
3655780.7348705744
3656089.473048285
3656398.2372995676
3656707.0276266243
3657015.8440316496
3657324.6865168614
3657633.555084454
3657942.4497366296
3658251.3704755926
3658560.3173035453
3658869.290222683
3659178.289235225
3659487.3143433672
3659796.365549313
3660105.442855267
3660414.5462634326
3660723.6757760076
3661032.831395211
3661342.013123241
3661651.220962301
3661960.454914597
3662269.7149823345
3662579.001167711
3662888.313472947
3663197.651900242
3663507.016451801
3663816.4071298307
3664125.823936538
3664435.2668741206
3664744.7359448015
3665054.23115078
3665363.7524942625
3665673.2999774576
3665982.873602572
3666292.4733718066
3666602.0992873833
3666911.7513515037
3667221.429566376
3667531.1339342077
3667840.8644572087
3668150.62113758
3668460.403977545
3668770.212979306
3669080.0481450725
3669389.9094770537
3669699.79697746
3670009.7106484934
3670319.650492379
3670629.6165113198
3670939.6087075262
3671249.6270832093
3671559.67164058
3671869.7423818414
3672179.83930922
3672489.9624249204
3672800.111731153
3673110.2872301308
3673420.488924065
3673730.716815161
3674040.970905646
3674351.2511977246
3674661.5576936104
3674971.8903955156
3675282.249305654
3675592.6344262306
3675903.045759475
3676213.4833075926
3676523.9470727975
3676834.4370573037
3677144.953263326
3677455.495693071
3677766.064348768
3678076.659232625
3678387.2803468565
3678697.9276936776
3679008.6012753043
3679319.3010939443
3679630.0271518286
3679940.7794511653
3680251.557994171
3680562.362783062
3680873.193820054
3681184.051107357
3681494.934647203
3681805.844441801
3682116.7804933684
3682427.742804123
3682738.731376282
3683049.7462120564
3683360.7873136783
3683671.854683359
3683982.9483233173
3684294.068235771
3684605.214422939
3684916.3868870325
3685227.5856302865
3685538.810654912
3685850.0619631293
3686161.339557158
3686472.643439217
3686783.9736115197
3687095.330076301
3687406.7128357743
3687718.12189216
3688029.5572476787
3688341.018904552
3688652.506864993
3688964.0211312384
3689275.561705502
3689587.1285900064
3689898.7217869726
3690210.341298623
3690521.9871271723
3690833.6592748584
3691145.3577438965
3691457.0825365093
3691768.8336549196
3692080.611101351
3692392.4148780196
3692704.244987164
3693016.101431
3693327.9842117527
3693639.893331645
3693951.828792902
3694263.7905977406
3694575.778748401
3694887.7932471
3695199.8340960634
3695511.901297516
3695823.9948536837
3696136.1147667845
3696448.261039059
3696760.433672726
3697072.632670013
3697384.8580331444
3697697.109764348
3698009.387865843
3698321.692339871
3698634.0231886525
3698946.380414414
3699258.764019384
3699571.17400579
3699883.6103758523
3700196.0731318137
3700508.5622758954
3700821.0778103266
3701133.6197373345
3701446.1880591493
3701758.782777992
3702071.4038961073
3702384.051415717
3702696.7253390504
3703009.425668338
3703322.152405809
3703634.9055536943
3703947.6851142165
3704260.4910896216
3704573.3234821325
3704886.1822939804
3705199.067527396
3705511.9791846033
3705824.9172678497
3706137.8817793583
3706450.872721362
3706763.890096092
3707076.9339057812
3707390.0041526617
3707703.1008389588
3708016.2239669207
3708329.3735387726
3708642.5495567475
3708955.75202308
3709268.9809399946
3709582.236309741
3709895.5181345455
3710208.826416643
3710522.1611582665
3710835.5223616515
3711148.9100290327
3711462.3241626373
3711775.7647647155
3712089.231837495
3712402.7253832114
3712716.245404101
3713029.791902391
3713343.364880333
3713656.9643401564
3713970.5902840965
3714284.242714391
3714597.921633276
3714911.627042989
3715225.358945759
3715539.1173438393
3715852.902239459
3716166.713634857
3716480.551532271
3716794.4159339303
3717108.30684209
3717422.2242589802
3717736.1681868397
3718050.1386279077
3718364.135584423
3718678.1590586253
3718992.2090527457
3719306.2855690396
3719620.3886097395
3719934.518177085
3720248.6742733163
3720562.856900667
3720877.0660613915
3721191.301757724
3721505.563991905
3721819.8527661767
3722134.1680827793
3722448.5099439546
3722762.878351937
3723077.2733089835
3723391.694817329
3723706.1428792146
3724020.6174968844
3724335.1186725725
3724649.6464085374
3724964.2007070147
3725278.781570247
3725593.389000478
3725908.0229999516
3726222.6835709116
3726537.370715594
3726852.0844362588
3727166.8247351423
3727481.5916144894
3727796.3850765447
3728111.2051235456
3728426.0517577524
3728740.924981403
3729055.824796743
3729370.751206018
3729685.704211474
3730000.6838153563
3730315.690019905
3730630.7228273805
3730945.782240023
3731260.8682600786
3731575.9808897944
3731891.12013141
3732206.2859871886
3732521.47845937
3732836.6975502013
3733151.943261931
3733467.215596808
3733782.5145570794
3734097.840144987
3734413.1923627947
3734728.571212744
3735043.976697083
3735359.408818062
3735674.8675779225
3735990.35297893
3736305.865023326
3736621.4037133614
3736936.969051286
3737252.56103935
3737568.1796798045
3737883.8249748927
3738199.496926881
3738515.1955380123
3738830.920810539
3739146.672746712
3739462.451348783
3739778.256618997
3740094.088559621
3740409.9471729
3740725.8324610866
3741041.7444264335
3741357.683071193
3741673.6483976115
3741989.6404079567
3742305.6591044753
3742621.704489421
3742937.776565047
3743253.8753336077
3743570.00079735
3743886.1529585435
3744202.331819435
3744518.5373822795
3744834.769649332
3745151.028622848
3745467.3143050745
3745783.6266982835
3746099.965804722
3746416.331626647
3746732.724166314
3747049.14342598
3747365.5894078934
3747682.0621143263
3747998.5615475276
3748315.087709755
3748631.640603266
3748948.220230318
3749264.8265931606
3749581.4596940675
3749898.119535289
3750214.8061190825
3750531.5194477076
3750848.259523423
3751165.026348479
3751481.819925151
3751798.640255689
3752115.4873423544
3752432.3611874054
3752749.261793102
3753066.1891616974
3753383.143295466
3753700.124196661
3754017.131867543
3754334.1663103728
3754651.227527411
3754968.3155209115
3755285.4302931507
3755602.5718463827
3755919.740182869
3756236.9353048713
3756554.1572146523
3756871.405914466
3757188.6814065906
3757505.9836932807
3757823.3127768
3758140.66865941
3758458.0513433754
3758775.4608309516
3759092.897124417
3759410.3602260286
3759727.8501380496
3760045.366862745
3760362.9104023785
3760680.480759207
3760998.0779355112
3761315.701933548
3761633.3527555824
3761951.03040388
3762268.7348807063
3762586.466188319
3762904.224329
3763222.0093050073
3763539.8211186077
3763857.659772067
3764175.525267652
3764493.417607622
3764811.33679426
3765129.282829825
3765447.255716584
3765765.2554568057
3766083.282052757
3766401.3355066986
3766719.4158209143
3767037.5229976648
3767355.657039218
3767673.817947844
3767992.0057258103
3768310.2203753795
3768628.461898836
3768946.730298441
3769265.0255764653
3769583.347735178
3769901.6967768497
3770220.072703743
3770538.4755181437
3770856.905222315
3771175.3618185273
3771493.845309052
3771812.355696161
3772130.892982117
3772449.4571692073
3772768.0482596965
3773086.6662558564
3773405.3111599595
3773723.982974278
3774042.6817010767
3774361.407342644
3774680.1599012446
3774998.939379153
3775317.745778641
3775636.579101984
3775955.4393514465
3776274.3265293185
3776593.240637867
3776912.1816793648
3777231.149656088
3777550.1445703106
3777869.1664243
3778188.2152203466
3778507.2909607184
3778826.3936476903
3779145.5232835384
3779464.6798705384
3779783.863410959
3780103.0739070913
3780422.3113612044
3780741.5757755754
3781060.8671524804
3781380.185494197
3781699.530802994
3782018.903081165
3782338.3023309796
3782657.728554716
3782977.1817546515
3783296.6619330645
3783616.1690922263
3783935.70323443
3784255.2643619473
3784574.8524770564
3784894.4675820377
3785214.1096791695
3785533.7787707243
3785853.4748589965
3786173.1979462593
3786492.9480347917
3786812.725126875
3787132.5292247892
3787452.360330807
3787772.2184472256
3788092.1035763174
3788412.0157203646
3788731.954881648
3789051.9210624495
3789371.914265043
3789691.9344917266
3790011.981744774
3790332.0560264685
3790652.1573390923
3790972.285684928
3791292.4410662507
3791612.62348536
3791932.8329445305
3792253.0694460464
3792573.3329921914
3792893.6235852498
3793213.941227497
3793534.285921234
3793854.6576687368
3794175.056472291
3794495.4823341803
3794815.935256691
3795136.4152421
3795456.922292709
3795777.456410795
3796098.0175986444
3796418.6058585434
3796739.221192778
3797059.8636036273
3797380.5330933933
3797701.229664355
3798021.9533188
3798342.7040590146
3798663.481887287
3798984.286805897
3799305.1188171473
3799625.977923319
3799946.8641267004
3800267.777429579
3800588.717834244
3800909.6853429843
3801230.679958081
3801551.7016818384
3801872.750516539
3802193.8264644714
3802514.929527926
3802836.059709185
3803157.2170105535
3803478.401434315
3803799.6129827593
3804120.851658177
3804442.11746286
3804763.410399099
3805084.7304691765
3805406.0776754012
3805727.452020056
3806048.853505433
3806370.282133824
3806691.7379075144
3807013.2208288116
3807334.7309000003
3807656.268123374
3807977.832501225
3808299.424035847
3808621.0427295337
3808942.6885845703
3809264.361603267
3809586.061787909
3809907.7891407916
3810229.543664208
3810551.3253604467
3810873.1342318165
3811194.9702806054
3811516.8335091085
3811838.7239196207
3812160.6415144387
3812482.5862958566
3812804.5582661643
3813126.557427672
3813448.5837826696
3813770.637333453
3814092.718082319
3814414.826031557
3814736.961183479
3815059.123540375
3815381.3131045424
3815703.529878279
3816025.773863883
3816348.0450636526
3816670.3434798773
3816992.669114872
3817315.0219709272
3817637.402050342
3817959.8093554154
3818282.243888439
3818604.7056517275
3818927.1946475734
3819249.710878276
3819572.254346135
3819894.8250534516
3820217.4230025257
3820540.04819565
3820862.7006351408
3821185.380323292
3821508.087262404
3821830.8214547792
3822153.5829027104
3822476.3716085153
3822799.187574488
3823122.030802931
3823444.9012961467
3823767.7990564373
3824090.724086106
3824413.6763874474
3824736.6559627806
3825059.6628144006
3825382.696944612
3825705.7583557176
3826028.847050014
3826351.963029821
3826675.106297435
3826998.27685516
3827321.474705301
3827644.6998501634
3827967.952292052
3828291.232033264
3828614.5390761206
3828937.87342292
3829261.235075968
3829584.62403757
3829908.040310025
3830231.4838956557
3830554.95479676
3830878.4530156446
3831201.9785546176
3831525.531415985
3831849.1116020554
3832172.719115128
3832496.353957526
3832820.01613155
3833143.705639508
3833467.422483709
3833791.1666664532
3834114.938190065
3834438.737056846
3834762.5632691043
3835086.4168291506
3835410.2977392944
3835734.2060018447
3836058.141619104
3836382.104593398
3836706.094927029
3837030.1126223085
3837354.1576815466
3837678.230107054
3838002.329901134
3838326.4570661145
3838650.6116042985
3838974.7935179975
3839299.0028095236
3839623.2394811893
3839947.5035352986
3840271.79497418
3840596.1138001382
3840920.4600154865
3841244.833622537
3841569.234623604
3841893.6630209927
3842218.1188170323
3842542.6020140294
3842867.1126142973
3843191.650620151
3843516.2160339043
3843840.8088578647
3844165.429094362
3844490.076745704
3844814.7518142057
3845139.4543021824
3845464.1842119503
3845788.9415458166
3846113.7263061134
3846438.538495149
3846763.37811524
3847088.2451687027
3847413.139657854
3847738.0615850035
3848063.0109524834
3848387.9877626034
3848712.9920176817
3849038.0237200353
3849363.082871983
3849688.169475834
3850013.283533923
3850338.425048561
3850663.5940220663
3850988.7904567583
3851314.014354956
3851639.2657189704
3851964.5445511374
3852289.850853768
3852615.1846291837
3852940.545879703
3853265.9346076474
3853591.350815329
3853916.794505084
3854242.265679226
3854567.7643400757
3854893.290489955
3855218.8441311847
3855544.425266079
3855870.0338969757
3856195.6700261887
3856521.33365604
3856847.0247888532
3857172.7434269497
3857498.489572645
3857824.2632282786
3858150.064396165
3858475.8930786275
3858801.749277991
3859127.632996578
3859453.544236705
3859779.4830007125
3860105.4492909173
3860431.443109643
3860757.4644592153
3861083.5133419586
3861409.589760191
3861735.693716253
3862061.825212463
3862387.984251146
3862714.170834629
3863040.384965237
3863366.62664529
3863692.895877129
3864019.1926630735
3864345.5170054506
3864671.868906588
3864998.248368812
3865324.6553944424
3865651.0899858237
3865977.5521452753
3866304.0418751254
3866630.5591777028
3866957.1040553357
3867283.6765103447
3867610.2765450752
3867936.9041618486
3868263.559362993
3868590.2421508394
3868916.952527717
3869243.690495948
3869570.4560578773
3869897.2492158287
3870224.0699721323
3870550.9183291188
3870877.794289119
3871204.6978544565
3871531.629027478
3871858.587810507
3872185.574205876
3872512.588215916
3872839.62984296
3873166.6990893316
3873493.7959573795
3873820.9204494287
3874148.0725678117
3874475.252314862
3874802.4596929126
3875129.694704289
3875456.957351341
3875784.2476363946
3876111.5655617835
3876438.9111298425
3876766.2843429055
3877093.6852033
3877421.1137133758
3877748.5698754606
3878076.0536918896
3878403.5651649986
3878731.1042971225
3879058.67109059
3879386.2655477524
3879713.8876709384
3880041.5374624846
3880369.214924727
3880696.920060003
3881024.652870642
3881352.413358996
3881680.2015273958
3882008.017378178
3882335.860913681
3882663.7321362426
3882991.631048193
3883319.557651887
3883647.5119496547
3883975.4939438356
3884303.5036367676
3884631.541030791
3884959.606128237
3885287.698931461
3885615.8194427947
3885943.9676645785
3886272.143599152
3886600.347248856
3886928.578616023
3887256.8377030105
3887585.1245121504
3887913.439045784
3888241.7813062533
3888570.1512959
3888898.5490170573
3889226.974472083
3889555.4276633123
3889883.9085930865
3890212.4172637486
3890540.9536776417
3890869.5178371
3891198.109744484
3891526.7294021277
3891855.376812375
3892184.05197757
3892512.754900057
3892841.485582171
3893170.244026273
3893499.0302347
3893827.8442097963
3894156.6859539067
3894485.5554693765
3894814.4527585437
3895143.3778237686
3895472.3306673896
3895801.311291753
3896130.319699204
3896459.35589209
3896788.4198727487
3897117.5116435434
3897446.631206813
3897775.778564904
3898104.9537201645
3898434.1566749415
3898763.387431575
3899092.645992429
3899421.932359843
3899751.2465361664
3900080.5885237465
3900409.958324933
3900739.355942074
3901068.781377512
3901398.2346336106
3901727.7157127126
3902057.224617167
3902386.7613493237
3902716.3259115247
3903045.9183061374
3903375.5385355027
3903705.1866019727
3904034.862507898
3904364.5662556286
3904694.297847517
3905024.0572859063
3905353.8445731644
3905683.6597116347
3906013.50270367
3906343.3735516216
3906673.2722578347
3907003.198824678
3907333.1532544964
3907663.1355496426
3907993.1457124706
3908323.183745333
3908653.2496505836
3908983.343430569
3909313.4650876587
3909643.614624199
3909973.7920425446
3910303.9973450503
3910634.2305340623
3910964.4916119524
3911294.780581068
3911625.097443763
3911955.4422023953
3912285.814859319
3912616.2154168915
3912946.64387746
3913277.1002433975
3913607.584517053
3913938.0967007824
3914268.6367969434
3914599.204807885
3914929.8007359807
3915260.424583581
3915591.0763530424
3915921.756046724
3916252.4636669834
3916583.199216179
3916913.962696662
3917244.7541108076
3917575.573460966
3917906.420749496
3918237.2959787585
3918568.1991511043
3918899.1302689095
3919230.0893345256
3919561.0763503136
3919892.091318634
3920223.1342418464
3920554.2051223125
3920885.3039623853
3921216.430764442
3921547.5855308357
3921878.7682639286
3922209.978966082
3922541.2176396507
3922872.484287012
3923203.778910521
3923535.1015125397
3923866.4520954317
3924197.83066156
3924529.237213287
3924860.6717529693
3925192.1342829857
3925523.624805692
3925855.1433234527
3926186.689838632
3926518.2643535864
3926849.8668706957
3927181.4973923177
3927513.1559208175
3927844.8424585597
3928176.5570079098
3928508.299571234
3928840.070150889
3929171.8687492586
3929503.6953686993
3929835.5500115785
3930167.4326802627
3930499.3433771105
3930831.2821045057
3931163.2488648063
3931495.2436603806
3931827.2664935957
3932159.3173668203
3932491.3962824214
3932823.50324276
3933155.63825022
3933487.8013071623
3933819.9924159558
3934152.2115789694
3934484.4587985645
3934816.7340771267
3935149.037417017
3935481.368820606
3935813.7282902626
3936146.115828358
3936478.531437263
3936810.975119339
3937143.446876974
3937475.94671253
3937808.474628379
3938141.030626892
3938473.6147104413
3938806.22688139
3939138.8671421264
3939471.535495015
3939804.231942428
3940136.956486738
3940469.7091303174
3940802.489875532
3941135.298724771
3941468.1356803994
3941801.0007447912
3942133.8939203196
3942466.81520936
3942799.764614277
3943132.742137462
3943465.747781282
3943798.7815481103
3944131.8434403236
3944464.9334602966
3944798.0516103962
3945131.197893015
3945464.37231052
3945797.5748652876
3946130.8055596943
3946464.0643961164
3946797.351376922
3947130.6665045046
3947464.009781233
3947797.3812094843
3948130.7807916366
3948464.208530067
3948797.6644271454
3949131.1484852657
3949464.6607067985
3949798.201094122
3950131.7696496155
3950465.366375657
3950798.991274618
3951132.6443488933
3951466.3256008555
3951800.035032883
3952133.772647356
3952467.538446655
3952801.332433152
3953135.1546092434
3953469.004977302
3953802.883539709
3954136.790298844
3954470.7252570903
3954804.68841682
3955138.679780431
3955472.699350298
3955806.747128802
3956140.823118326
3956474.927321252
3956809.059739955
3957143.2203768333
3957477.409234263
3957811.6263146265
3958145.8716203077
3958480.1451536906
3958814.44691715
3959148.776913087
3959483.1351438775
3959817.521611906
3960151.9363195575
3960486.3792692167
3960820.85046326
3961155.3499040897
3961489.877594083
3961824.4335356257
3962159.017731103
3962493.6301829023
3962828.2708934005
3963162.939865001
3963497.6371000824
3963832.362601031
3964167.1163702346
3964501.8984100805
3964836.7087229476
3965171.5473112403
3965506.414177338
3965841.3093236294
3966176.232752502
3966511.1844663452
3966846.164467539
3967181.172758489
3967516.209341576
3967851.274219189
3968186.3673937176
3968521.488867552
3968856.638643074
3969191.8167226897
3969527.023108781
3969862.257803739
3970197.5208099545
3970532.812129818
3970868.1317657125
3971203.479720046
3971538.8559952015
3971874.2605935712
3972209.693517547
3972545.1547695207
3972880.644351877
3973216.162267024
3973551.708517347
3973887.283105239
3974222.8860330926
3974558.5173033015
3974894.176918251
3975229.8648803513
3975565.581191988
3975901.325855556
3976237.098873449
3976572.9002480614
3976908.7299817805
3977244.588077017
3977580.474536158
3977916.3893615995
3978252.3325557364
3978588.304120965
3978924.3040596726
3979260.3323742724
3979596.389067152
3979932.474140708
3980268.587597338
3980604.729439438
3980940.8996693976
3981277.098289631
3981613.3253025264
3981949.580710483
3982285.8645158974
3982622.1767211687
3982958.5173286875
3983294.886340868
3983631.2837601015
3983967.709588786
3984304.163829322
3984640.646484108
3984977.1575555364
3985313.6970460224
3985650.2649579584
3985986.8612937448
3986323.4860557816
3986660.1392464694
3986996.8208682016
3987333.530923395
3987670.2694144426
3988007.0363437464
3988343.8317137077
3988680.6555267284
3989017.5077852025
3989354.3884915486
3989691.2976481607
3990028.235257442
3990365.2013217956
3990702.1958436235
3991039.2188253216
3991376.2702693096
3991713.3501779833
3992050.458553746
3992387.5953990025
3992724.7607161566
3993061.9545076042
3993399.1767757675
3993736.4275230425
3994073.7067518346
3994411.0144645493
3994748.3506635916
3995085.715351359
3995423.1085302746
3995760.5302027357
3996097.9803711483
3996435.45903792
3996772.9662054568
3997110.5018761577
3997448.0660524457
3997785.658736721
3998123.27993139
3998460.9296388617
3998798.607861543
3999136.3146018344
3999474.0498621603
3999811.813644922
4000149.605952527
4000487.426787385
4000825.276151905
4001163.1540484885
4001501.060479561
4001838.9954475244
4002176.9589547883
4002514.951003764
4002852.9715968603
4003191.0207364894
4003529.0984250526
4003867.204664978
4004205.339458669
4004543.502808536
4004881.6947169914
4005219.9151864387
4005558.164219306
4005896.4418179975
4006234.7479849258
4006573.0827225037
4006911.4460331434
4007249.8379192585
4007588.258383254
4007926.70742756
4008265.185054581
4008603.691266732
4008942.2260664264
4009280.7894560704
4009619.3814380947
4009958.002014906
4010296.65118892
4010635.3289625505
4010974.035338213
4011312.7703183237
4011651.5339052896
4011990.326101543
4012329.146909492
4012667.996331553
4013006.8743701424
4013345.781027668
4013684.716306565
4014023.6802092404
4014362.672738112
4014701.6938955984
4015040.743684116
4015379.8221060834
4015718.9291639104
4016058.0648600324
4016397.2291968586
4016736.4221768086
4017075.643802301
4017414.894075747
4017754.1729995823
4018093.480576218
4018432.8168080747
4018772.1816975717
4019111.575247129
4019450.9974591676
4019790.4483360993
4020129.927880362
4020469.4360943683
4020808.972980539
4021148.538541296
4021488.1327790525
4021827.7556962464
4022167.4072952922
4022507.087578612
4022846.7965486282
4023186.534207763
4023526.30055844
4023866.095603073
4024205.919344103
4024545.771783944
4024885.652925021
4025225.5627697567
4025565.5013205674
4025905.468579894
4026245.4645501524
4026585.4892337676
4026925.5426331647
4027265.624750768
4027605.7355890037
4027945.8751502885
4028286.043437065
4028626.2404517503
4028966.4661967712
4029306.720674554
4029647.0038875164
4029987.3158381023
4030327.65652873
4030668.0259618266
4031008.4241398196
4031348.8510651365
4031689.3067402053
4032029.7911674455
4032370.304349302
4032710.8462881944
4033051.416986552
4033392.016446803
4033732.6446713693
4034073.301662695
4034413.987423202
4034754.70195532
4035095.445261479
4035436.217344108
4035777.0182056385
4036117.847848492
4036458.706275116
4036799.5934879333
4037140.5094893742
4037481.4542818703
4037822.4278678447
4038163.430249746
4038504.4614299973
4038845.521411031
4039186.610195279
4039527.7277851743
4039868.8741831495
4040210.049391629
4040551.253413063
4040892.4862498757
4041233.747904501
4041575.0383793726
4041916.3576769247
4042257.705799583
4042599.082749798
4042940.4885299965
4043281.923142613
4043623.386590082
4043964.87887484
4044306.399999313
4044647.9499659534
4044989.5287771886
4045331.1364354547
4045672.7729431875
4046014.4383028243
4046356.1325167925
4046697.8555875462
4047039.6075175134
4047381.3883091323
4047723.197964839
4048065.0364870722
4048406.9038782613
4048748.8001408605
4049090.7252773
4049432.6792900185
4049774.6621814542
4050116.6739540463
4050458.714610225
4050800.7841524472
4051142.882583143
4051485.009904753
4051827.1661197166
4052169.351230474
4052511.5652394574
4052853.8081491236
4053196.079961905
4053538.3806802426
4053880.710306578
4054223.0688433517
4054565.4562929976
4054907.872657974
4055250.317940714
4055592.79214366
4055935.295269255
4056277.827319941
4056620.388298153
4056962.9782063495
4057305.5970469667
4057648.244822447
4057990.9215352344
4058333.627187773
4058676.361782498
4059019.1253218707
4059361.9178083264
4059704.739244311
4060047.5896322685
4060390.468974644
4060733.3772738744
4061076.3145324225
4061419.2807527245
4061762.2759372275
4062105.3000883767
4062448.3532086187
4062791.4353003916
4063134.546366159
4063477.686408359
4063820.8554294393
4064164.053431847
4064507.2804180295
4064850.5363904266
4065193.821351502
4065537.1353036966
4065880.478249458
4066223.8501912355
4066567.251131477
4066910.6810726235
4067254.140017141
4067597.627967471
4067941.144926062
4068284.6908953646
4068628.2658778285
4068971.869875896
4069315.502892033
4069659.1649286835
4070002.8559882976
4070346.5760733257
4070690.32518622
4071034.1033294233
4071377.9105054038
4071721.746716605
4072065.6119654793
4072409.5062544793
4072753.429586056
4073097.3819626556
4073441.3633867465
4073785.373860774
4074129.4133871915
4074473.4819684518
4074817.5796070094
4075161.7063053097
4075505.8620658233
4075850.046890997
4076194.260783284
4076538.5037451405
4076882.7757790205
4077227.0768873715
4077571.4070726647
4077915.7663373486
4078260.154683878
4078604.5721147093
4078949.0186322993
4079293.4942390947
4079637.99893757
4079982.5327301733
4080327.095619362
4080671.6876075924
4081016.3086973233
4081360.958891003
4081705.6381911067
4082050.3466000836
4082395.084120393
4082739.850754492
4083084.6465048403
4083429.471373888
4083774.325364112
4084119.2084779614
4084464.1207178975
4084809.062086379
4085154.0325858663
4085499.032218811
4085844.060987691
4086189.118894957
4086534.2059430713
4086879.322134494
4087224.4674716867
4087569.6419571023
4087914.845593219
4088260.0783824907
4088605.340327379
4088950.6314303465
4089295.9516938557
4089641.3011203604
4089986.6797123407
4090332.087472251
4090677.524402555
4091022.990505716
4091368.485784197
4091714.0102404547
4092059.5638769693
4092405.146696197
4092750.758700602
4093096.39989265
4093442.0702748047
4093787.7698495234
4094133.4986192887
4094479.256586557
4094825.0437537944
4095170.860123467
4095516.7056980412
4095862.580479975
4096208.4844717514
4096554.417675829
4096900.3800946744
4097246.371730756
4097592.3925865404
4097938.442664487
4098284.5219670804
4098630.6304967804
4098976.768256055
4099322.935247374
4099669.131473204
4100015.3569360073
4100361.611638269
4100707.8955824496
4101054.2087710197
4101400.5512064486
4101746.922891206
4102093.323827754
4102439.7540185796
4102786.2134661446
4103132.702172921
4103479.2201413787
4103825.767373989
4104172.3438732154
4104518.949641546
4104865.584681444
4105212.248995382
4105558.942585832
4105905.6654552664
4106252.41760615
4106599.199040971
4106946.0097621963
4107292.8497722973
4107639.719073748
4107986.617669023
4108333.545560595
4108680.502750931
4109027.4892425206
4109374.505037831
4109721.550139337
4110068.6245495128
4110415.728270826
4110762.861305768
4111110.0236568074
4111457.215326418
4111804.436317078
4112151.6866312614
4112498.9662714466
4112846.2752401005
4113193.613539717
4113540.981172765
4113888.378141722
4114235.8044490656
4114583.2600972643
4114930.745088813
4115278.259426182
4115625.803111849
4115973.376148293
4116320.978537992
4116668.610283426
4117016.271387065
4117363.961851405
4117711.6816789177
4118059.4308720827
4118407.20943338
4118755.017365281
4119102.854670284
4119450.72135086
4119798.6174094905
4120146.5428486564
4120494.4976708386
4120842.4818785195
4121190.4954741714
4121538.538460293
4121886.6108393585
4122234.7126138504
4122582.8437862503
4122931.004359033
4123279.1943346984
4123627.413715721
4123975.6625045845
4124323.9407037715
4124672.248315767
4125020.5853430545
4125368.9517881093
4125717.3476534327
4126065.772941502
4126414.2276548003
4126762.7117958143
4127111.2253670194
4127459.768370919
4127808.3408099893
4128156.942686717
4128505.5740035875
4128854.2347630877
4129202.924967704
4129551.6446199142
4129900.3937222227
4130249.1722771074
4130597.9802870564
4130946.817754557
4131295.684682088
4131644.581072155
4131993.5069272374
4132342.4622498234
4132691.447042402
4133040.461307462
4133389.5050474918
4133738.5782649727
4134087.6809624108
4134436.813142287
4134785.9748070925
4135135.165959316
4135484.386601439
4135833.6367359706
4136182.9163653916
4136532.2254921934
4136881.5641188673
4137230.932247904
4137580.3298817957
4137929.7570230253
4138279.213674102
4138628.699837509
4138978.2155157393
4139327.760711285
4139677.3354266305
4140026.9396642856
4140376.5734267356
4140726.2367164735
4141075.9295359934
4141425.6518877884
4141775.403774353
4142125.1851981734
4142474.9961617603
4142824.8366676
4143174.7067181882
4143524.606316019
4143874.5354635795
4144224.494163383
4144574.4824179155
4144924.500229674
4145274.547601154
4145624.6245348523
4145974.731033265
4146324.8670988814
4146675.0327342143
4147025.2279417533
4147375.4527239953
4147725.7070834385
4148075.9910225803
4148426.30454391
4148776.6476499434
4149127.0203431705
4149477.42262609
4149827.8545012
4150178.3159710006
4150528.8070379826
4150879.327704662
4151229.87797353
4151580.457847087
4151931.0673278333
4152281.7064182693
4152632.375120886
4152983.0734382025
4153333.801372711
4153684.5589269125
4154035.3461033083
4154386.1629044004
4154737.0093326825
4155087.885390673
4155438.7910808655
4155789.726405763
4156140.6913678683
4156491.6859696843
4156842.7102137054
4157193.764102452
4157544.847638419
4157895.9608241105
4158247.103662031
4158598.276154683
4158949.478304564
4159300.7101141945
4159651.971586072
4160003.262722701
4160354.583526586
4160705.9340002337
4161057.3141461406
4161408.7239668295
4161760.163464798
4162111.632642553
4162463.1315026004
4162814.6600474473
4163166.2182795918
4163517.806201558
4163869.4238158455
4164221.071124961
4164572.748131413
4164924.4548377087
4165276.191246349
4165627.957359858
4165979.753180736
4166331.5787114934
4166683.4339546375
4167035.3189126784
4167387.2335881167
4167739.177983479
4168091.1521012676
4168443.155943992
4168795.1895141625
4169147.2528142896
4169499.3458468756
4169851.4686144483
4170203.621119511
4170555.8033645744
4170908.015352151
4171260.257084751
4171612.5285648797
4171964.8297950653
4172317.1607778124
4172669.521515633
4173021.9120110404
4173374.3322665473
4173726.782284659
4174079.2620679056
4174431.771618793
4174784.310939834
4175136.880033544
4175489.478902436
4175842.1075490173
4176194.765975819
4176547.454185348
4176900.1721801194
4177252.919962649
4177605.697535451
4177958.5049010343
4178311.3420619313
4178664.20902065
4179017.1057797065
4179370.032341618
4179722.988708901
4180075.974884065
4180428.9908696427
4180782.0366681446
4181135.112282088
4181488.2177139907
4181841.352966371
4182194.518041739
4182547.7129426296
4182900.9376715543
4183254.192231031
4183607.47662358
4183960.7908517197
4184314.134917962
4184667.5088248434
4185020.9125748756
4185374.3461705795
4185727.809614475
4186081.3029090827
4186434.8260569153
4186788.379060511
4187141.961922383
4187495.574645052
4187849.217231041
4188202.889682871
4188556.5920030563
4188910.324194136
4189264.086258624
4189617.8781990446
4189971.7000179193
4190325.551717772
4190679.4333011177
4191033.344770497
4191387.2861284255
4191741.2573774275
4192095.2585200267
4192449.2895587482
4192803.3504961086
4193157.4413346495
4193511.562076887
4193865.712725348
4194219.893282557
4194574.10375104
4194928.344133315
4195282.614431924
4195636.914649387
4195991.244788229
4196345.604850979
4196699.994840162
4197054.414758297
4197408.86460793
4197763.344391579
4198117.854111772
4198472.393771038
4198826.9633719055
4199181.562916894
4199536.19240855
4199890.851849393
4200245.541241953
4200600.26058876
4200955.009892342
4201309.789155222
4201664.598379945
4202019.437569036
4202374.306725024
4202729.20585044
4203084.134947814
4203439.094019669
4203794.083068555
4204149.1020969935
4204504.151107516
4204859.230102656
4205214.339084946
4205569.478056908
4205924.6470210925
4206279.845980024
4206635.074936236
4206990.333892263
4207345.622850635
4207700.941813881
4208056.290784549
4208411.669765167
4208767.078758269
4209122.517766388
4209477.986792061
4209833.485837812
4210189.014906195
4210544.573999737
4210900.163120974
4211255.782272441
4211611.431456674
4211967.110676201
4212322.8199335765
4212678.559231328
4213034.328571992
4213390.127958107
4213745.957392208
4214101.816876827
4214457.706414517
4214813.626007808
4215169.575659239
4215525.555371347
4215881.565146673
4216237.604987753
4216593.6748971185
4216949.774877327
4217305.904930909
4217662.065060404
4218018.255268352
4218374.475557284
4218730.725929759
4219087.0063883085
4219443.316935473
4219799.657573794
4220156.028305812
4220512.429134069
4220868.860061098
4221225.321089458
4221581.812221683
4221938.333460314
4222294.884807896
4222651.46626696
4223008.077840069
4223364.719529756
4223721.391338565
4224078.093269039
4224434.825323723
4224791.58750516
4225148.379815886
4225505.202258463
4225862.054835427
4226218.937549322
4226575.850402693
4226932.793398079
4227289.766538041
4227646.769825117
4228003.803261852
4228360.866850792
4228717.960594485
4229075.084495476
4229432.238556305
4229789.422779534
4230146.637167703
4230503.881723361
4230861.1564490525
4231218.461347319
4231575.796420725
4231933.161671811
4232290.557103124
4232647.982717216
4233005.438516632
4233362.924503923
4233720.440681632
4234077.987052321
4234435.563618536
4234793.170382824
4235150.807347737
4235508.474515816
4235866.171889629
4236223.899471719
4236581.657264636
4236939.445270932
4237297.26349316
4237655.111933869
4238012.990595604
4238370.899480935
4238728.8385924045
4239086.807932566
4239444.807503972
4239802.837309168
4240160.897350722
4240518.987631182
4240877.108153099
4241235.2589190295
4241593.439931526
4241951.651193143
4242309.892706427
4242668.16447395
4243026.4664982585
4243384.798781906
4243743.1613274515
4244101.554137439
4244459.977214443
4244818.43056101
4245176.914179698
4245535.428073062
4245893.972243658
4246252.546694046
4246611.151426772
4246969.786444412
4247328.451749514
4247687.147344637
4248045.873232338
4248404.629415167
4248763.415895699
4249122.232676486
4249481.079760084
4249839.957149056
4250198.864845958
4250557.8028533505
4250916.771173785
4251275.76980984
4251634.798764065
4251993.8580390215
4252352.947637269
4252712.067561362
4253071.217813876
4253430.398397366
4253789.609314392
4254148.850567517
4254508.122159302
4254867.42409231
4255226.756369093
4255586.118992233
4255945.511964283
4256304.935287806
4256664.388965366
4257023.872999527
4257383.387392841
4257742.932147892
4258102.507267235
4258462.112753433
4258821.748609052
4259181.414836657
4259541.111438803
4259900.838418073
4260260.5957770245
4260620.383518222
4260980.201644232
4261340.050157621
4261699.929060944
4262059.838356788
4262419.778047711
4262779.748136277
4263139.748625056
4263499.779516614
4263859.840813511
4264219.93251833
4264580.054633632
4264940.207161986
4265300.390105958
4265660.603468119
4266020.847251028
4266381.121457271
4266741.426089411
4267101.761150014
4267462.126641653
4267822.522566895
4268182.948928304
4268543.405728467
4268903.892969945
4269264.41065531
4269624.958787133
4269985.537367985
4270346.146400427
4270706.785887051
4271067.455830419
4271428.156233103
4271788.887097675
4272149.64842671
4272510.440222768
4272871.2624884425
4273232.115226297
4273592.998438904
4273953.912128839
4274314.856298675
4274675.830950977
4275036.836088338
4275397.871713322
4275758.937828505
4276120.0344364615
4276481.161539767
4276842.319140988
4277203.507242718
4277564.725847523
4277925.97495798
4278287.254576665
4278648.564706154
4279009.905349016
4279371.276507844
4279732.678185209
4280094.110383685
4280455.573105851
4280817.066354286
4281178.590131557
4281540.144440262
4281901.729282969
4282263.344662257
4282624.990580705
4282986.667040893
4283348.37404539
4283710.111596794
4284071.879697676
4284433.678350616
4284795.507558194
4285157.36732299
4285519.257647576
4285881.178534551
4286243.129986486
4286605.112005965
4286967.124595567
4287329.167757873
4287691.241495458
4288053.345810922
4288415.480706837
4288777.646185787
4289139.842250354
4289502.068903121
4289864.326146663
4290226.61398358
4290588.932416448
4290951.28144785
4291313.661080372
4291676.071316595
4292038.512159098
4292400.983610481
4292763.485673321
4293126.018350204
4293488.5816437155
4293851.175556439
4294213.800090954
4294576.455249863
4294939.141035743
4295301.857451182
4295664.604498765
4296027.38218108
4296390.1905007055
4296753.029460247
4297115.8990622815
4297478.799309397
4297841.730204184
4298204.691749228
4298567.683947111
4298930.706800437
4299293.760311787
4299656.844483751
4300019.959318917
4300383.104819876
4300746.280989207
4301109.48782952
4301472.725343395
4301835.993533423
4302199.292402194
4302562.621952299
4302925.982186321
4303289.373106869
4303652.794716524
4304016.24701788
4304379.730013528
4304743.24370606
4305106.788098059
4305470.363192136
4305833.968990875
4306197.60549687
4306561.272712713
4306924.970640998
4307288.69928431
4307652.458645261
4308016.248726434
4308380.0695304265
4308743.921059832
4309107.803317244
4309471.71630525
4309835.660026464
4310199.63448347
4310563.639678866
4310927.6756152455
4311291.742295207
4311655.839721338
4312019.967896251
4312384.126822535
4312748.316502787
4313112.536939604
4313476.7881355835
4313841.070093314
4314205.382815412
4314569.726304467
4314934.100563075
4315298.505593837
4315662.941399351
4316027.407982207
4316391.905345022
4316756.433490386
4317120.9924209
4317485.582139162
4317850.2026477745
4318214.853949327
4318579.536046438
4318944.2489417
4319308.992637713
4319673.76713708
4320038.572442401
4320403.408556269
4320768.275481303
4321133.173220098
4321498.101775254
4321863.0611493755
4322228.051345063
4322593.072364913
4322958.124211545
4323323.206887554
4323688.320395544
4324053.4647381175
4324418.639917879
4324783.845937425
4325149.082799377
4325514.35050633
4325879.64906089
4326244.978465662
4326610.338723251
4326975.729836263
4327341.151807294
4327706.6046389695
4328072.088333885
4328437.602894648
4328803.148323866
4329168.724624135
4329534.33179808
4329899.969848302
4330265.638777406
4330631.338588001
4330997.069282696
4331362.830864096
4331728.623334804
4332094.446697444
4332460.300954617
4332826.186108932
4333192.102162998
4333558.049119417
4333924.0269808145
4334290.035749794
4334656.075428964
4335022.146020934
4335388.247528317
4335754.379953723
4336120.543299754
4336486.737569039
4336852.962764181
4337219.218887791
4337585.505942482
4337951.823930857
4338318.172855545
4338684.552719152
4339050.9635242885
4339417.405273569
4339783.877969607
4340150.381615015
4340516.916212398
4340883.481764388
4341250.078273591
4341616.705742621
4341983.364174091
4342350.05357061
4342716.773934808
4343083.525269293
4343450.30757668
4343817.120859585
4344183.965120623
4344550.840362412
4344917.746587558
4345284.683798695
4345651.651998432
4346018.651189387
4346385.681374175
4346752.742555406
4347119.834735715
4347486.957917711
4347854.112104013
4348221.297297238
4348588.513500006
4348955.760714934
4349323.038944635
4349690.348191743
4350057.68845887
4350425.059748637
4350792.462063661
4351159.895406555
4351527.359779958
4351894.855186479
4352262.3816287415
4352629.939109365
4352997.527630973
4353365.147196184
4353732.7978076115
4354100.479467897
4354468.192179651
4354835.935945498
4355203.71076806
4355571.516649951
4355939.353593811
4356307.221602256
4356675.120677908
4357043.050823391
4357411.012041329
4357779.004334347
4358147.027705059
4358515.082156108
4358883.16769011
4359251.28430969
4359619.4320174735
4359987.610816076
4360355.820708143
4360724.061696289
4361092.333783141
4361460.6369713275
4361828.971263472
4362197.336662203
4362565.733170138
4362934.160789923
4363302.619524174
4363671.1093755225
4364039.630346593
4364408.182440007
4364776.765658409
4365145.38000442
4365514.025480668
4365882.702089783
4366251.409834392
4366620.148717127
4366988.918740607
4367357.71990748
4367726.552220369
4368095.415681902
4368464.310294711
4368833.236061426
4369202.1929846695
4369571.1810670905
4369940.2003113115
4370309.2507199645
4370678.33229568
4371047.445041093
4371416.588958824
4371785.764051524
4372154.970321818
4372524.207772339
4372893.476405719
4373262.776224593
4373632.107231583
4374001.469429345
4374370.8628205005
4374740.287407685
4375109.743193533
4375479.230180681
4375848.748371753
4376218.297769402
4376587.878376256
4376957.490194949
4377327.1332281185
4377696.8074784
4378066.512948421
4378436.249640835
4378806.017558271
4379175.816703366
4379545.647078757
4379915.508687081
4380285.401530967
4380655.325613071
4381025.280936023
4381395.26750246
4381765.285315021
4382135.334376344
4382505.41468906
4382875.526255827
4383245.669079275
4383615.843162042
4383986.048506769
4384356.285116098
4384726.552992657
4385096.852139107
4385467.182558079
4385837.544252214
4386207.937224153
4386578.361476539
4386948.817012003
4387319.303833204
4387689.821942778
4388060.371343366
4388430.95203761
4388801.564028153
4389172.207317631
4389542.881908702
4389913.587804003
4390284.325006177
4390655.093517867
4391025.893341718
4391396.724480365
4391767.586936472
4392138.480712673
4392509.405811614
4392880.36223594
4393251.349988297
4393622.36907132
4393993.419487675
4394364.501239998
4394735.614330936
4395106.758763135
4395477.934539243
4395849.141661896
4396220.380133762
4396591.649957477
4396962.95113569
4397334.2836710485
4397705.647566201
4398077.042823787
4398448.469446473
4398819.927436898
4399191.416797712
4399562.937531565
4399934.489641105
4400306.073128973
4400677.687997838
4401049.33425034
4401421.01188913
4401792.720916859
4402164.461336177
4402536.233149727
4402908.036360177
4403279.870970171
4403651.73698236
4404023.634399395
4404395.563223931
4404767.523458609
4405139.515106101
4405511.538169049
4405883.592650108
4406255.678551931
4406627.795877171
4406999.944628472
4407372.124808508
4407744.336419923
4408116.579465372
4408488.853947509
4408861.159868989
4409233.497232459
4409605.86604059
4409978.266296032
4410350.698001439
4410723.161159466
4411095.655772771
4411468.181844
4411840.739375829
4412213.3283709055
4412585.948831886
4412958.6007614285
4413331.284162191
4413703.999036821
4414076.745387996
4414449.5232183635
4414822.332530583
4415195.173327314
4415568.045611214
4415940.949384934
4416313.8846511515
4416686.851412516
4417059.849671689
4417432.87943133
4417805.940694097
4418179.0334626455
4418552.157739651
4418925.313527768
4419298.500829655
4419671.719647975
4420044.969985389
4420418.2518445505
4420791.56522814
4421164.910138809
4421538.2865792215
4421911.69455204
4422285.1340599265
4422658.605105537
4423032.107691552
4423405.641820625
4423779.207495422
4424152.804718606
4424526.433492841
4424900.093820783
4425273.785705115
4425647.5091484925
4426021.264153581
4426395.050723046
4426768.868859554
4427142.718565759
4427516.599844349
4427890.512697978
4428264.457129315
4428638.433141025
4429012.440735777
4429386.479916227
4429760.550685062
4430134.653044941
4430508.78699853
4430882.952548499
4431257.149697516
4431631.37844824
4432005.638803358
4432379.930765531
4432754.254337427
4433128.609521716
4433502.996321068
4433877.414738144
4434251.864775632
4434626.346436192
4435000.859722497
4435375.404637217
4435749.981183022
4436124.589362577
4436499.229178567
4436873.90063366
4437248.603730524
4437623.338471834
4437998.10486026
4438372.902898467
4438747.732589146
4439122.593934961
4439497.486938585
4439872.411602691
4440247.367929954
4440622.355923047
4440997.375584637
4441372.426917414
4441747.509924046
4442122.624607206
4442497.770969571
4442872.949013805
4443248.158742604
4443623.4001586335
4443998.67326457
4444373.97806309
4444749.314556869
4445124.682748584
4445500.082640904
4445875.514236524
4446250.977538111
4446626.472548343
4447001.9992699
4447377.557705449
4447753.1478576865
4448128.769729282
4448504.423322915
4448880.108641264
4449255.825687009
4449631.574462828
4450007.354971392
4450383.1672154
4450759.011197523
4451134.88692044
4451510.794386833
4451886.733599372
4452262.704560759
4452638.707273663
4453014.741740767
4453390.807964753
4453766.905948303
4454143.035694098
4454519.197204812
4454895.3904831465
4455271.615531775
4455647.87235338
4456024.160950644
4456400.481326243
4456776.833482877
4457153.217423224
4457529.633149966
4457906.080665787
4458282.559973373
4458659.071075408
4459035.613974568
4459412.188673559
4459788.795175053
4460165.433481739
4460542.103596302
4460918.805521419
4461295.539259796
4461672.304814109
4462049.102187045
4462425.931381292
4462802.792399537
4463179.685244467
4463556.609918762
4463933.566425127
4464310.554766242
4464687.574944796
4465064.626963477
4465441.710824964
4465818.826531965
4466195.974087161
4466573.153493241
4466950.364752896
4467327.607868815
4467704.882843687
4468082.189680196
4468459.528381051
4468836.898948931
4469214.3013865305
4469591.735696539
4469969.20188164
4470346.699944543
4470724.229887931
4471101.791714497
4471479.385426933
4471857.011027933
4472234.668520188
4472612.357906384
4472990.079189233
4473367.8323714165
4473745.617455632
4474123.434444572
4474501.283340923
4474879.164147396
4475257.076866678
4475635.021501464
4476012.998054449
4476391.006528329
4476769.0469258
4477147.119249548
4477525.223502289
4477903.359686707
4478281.5278055025
4478659.727861371
4479037.959857
4479416.223795106
4479794.519678377
4480172.84750951
4480551.2072912045
4480929.599026158
4481308.02271707
4481686.478366629
4482064.965977552
4482443.485552531
4482822.037094263
4483200.620605449
4483579.236088789
4483957.883546974
4484336.56298272
4484715.274398723
4485094.017797681
4485472.793182295
4485851.600555267
4486230.439919289
4486609.311277081
4486988.214631336
4487367.1499847565
4487746.117340043
4488125.116699901
4488504.148067023
4488883.211444129
4489262.3068339145
4489641.434239084
4490020.593662338
4490399.785106384
4490779.008573916
4491158.264067656
4491537.5515903
4491916.871144553
4492296.2227331195
4492675.606358706
4493055.0220240075
4493434.469731749
4493813.949484628
4494193.46128535
4494573.005136621
4494952.581041149
4495332.189001631
4495711.829020792
4496091.501101332
4496471.205245957
4496850.941457375
4497230.709738295
4497610.510091416
4497990.342519464
4498370.207025139
4498750.103611151
4499130.032280209
4499509.99303502
4499889.985878288
4500270.01081274
4500650.067841076
4501030.156966007
4501410.278190245
4501790.431516499
4502170.616947471
4502550.834485892
4502931.084134464
4503311.365895898
4503691.679772906
4504072.025768201
4504452.403884485
4504832.814124491
4505213.256490921
4505593.730986489
4505974.237613908
4506354.776375892
4506735.347275145
4507115.9503144
4507496.585496362
4507877.252823746
4508257.952299265
4508638.683925636
4509019.447705564
4509400.2436417835
4509781.071737
4510161.93199393
4510542.824415289
4510923.749003794
4511304.705762153
4511685.6946931
4512066.715799343
4512447.7690836
4512828.8545485865
4513209.972197023
4513591.122031617
4513972.304055106
4514353.518270197
4514734.764679611
4515116.043286065
4515497.354092279
4515878.697100963
4516260.072314857
4516641.479736667
4517022.919369117
4517404.391214926
4517785.895276814
4518167.431557493
4518549.000059702
4518930.600786154
4519312.23373957
4519693.898922671
4520075.596338178
4520457.325988806
4520839.087877295
4521220.882006357
4521602.708378717
4521984.566997097
4522366.457864219
4522748.380982799
4523130.336355579
4523512.323985273
4523894.343874606
4524276.396026301
4524658.480443084
4525040.5971276695
4525422.746082802
4525804.927311197
4526187.14081558
4526569.386598677
4526951.664663215
4527333.975011909
4527716.317647506
4528098.692572721
4528481.0997902835
4528863.539302919
4529246.011113356
4529628.5152243115
4530011.051638532
4530393.620358738
4530776.221387656
4531158.854728016
4531541.520382546
4531924.218353965
4532306.948645023
4532689.7112584375
4533072.506196939
4533455.333463258
4533838.193060125
4534221.084990261
4534604.009256414
4534986.9658613065
4535369.954807669
4535752.976098234
4536136.029735731
4536519.115722884
4536902.234062444
4537285.384757133
4537668.567809684
4538051.783222829
4538435.030999301
4538818.311141824
4539201.62365315
4539584.968536004
4539968.34579312
4540351.755427229
4540735.197441069
4541118.671837364
4541502.178618867
4541885.717788304
4542269.28934841
4542652.893301921
4543036.529651572
4543420.1984000895
4543803.899550229
4544187.633104717
4544571.399066291
4544955.197437687
4545339.028221643
4545722.891420885
4546106.787038171
4546490.715076229
4546874.675537796
4547258.668425612
4547642.693742414
4548026.751490933
4548410.841673925
4548794.96429412
4549179.119354257
4549563.306857078
4549947.526805321
4550331.779201716
4550716.064049024
4551100.381349974
4551484.731107309
4551869.113323769
4552253.5280020945
4552637.975145019
4553022.454755302
4553406.966835676
4553791.511388884
4554176.088417667
4554560.697924769
4554945.339912923
4555330.014384891
4555714.7213434065
4556099.460791213
4556484.2327310555
4556869.037165676
4557253.874097821
4557638.743530224
4558023.645465649
4558408.5799068315
4558793.546856517
4559178.54631745
4559563.578292368
4559948.642784035
4560333.739795187
4560718.8693285715
4561104.031386934
4561489.225973023
4561874.453089585
4562259.712739356
4562645.004925104
4563030.329649567
4563415.686915493
4563801.07672563
4564186.499082717
4564571.953989522
4564957.4414487835
4565342.961463252
4565728.514035676
4566114.0991688045
4566499.716865389
4566885.367128168
4567271.049959912
4567656.765363362
4568042.5133412685
4568428.293896383
4568814.107031446
4569199.952749229
4569585.831052474
4569971.741943933
4570357.685426357
4570743.6615025
4571129.670175115
4571515.711446943
4571901.785320757
4572287.891799302
4572674.03088533
4573060.202581596
4573446.406890843
4573832.643815846
4574218.913359349
4574605.215524107
4574991.550312875
4575377.917728406
4575764.3177734595
4576150.750450779
4576537.21576314
4576923.713713288
4577310.244303981
4577696.807537974
4578083.403418016
4578470.031946882
4578856.693127319
4579243.386962086
4579630.1134539405
4580016.8726056395
4580403.664419942
4580790.488899597
4581177.346047381
4581564.235866045
4581951.158358347
4582338.1135270465
4582725.101374893
4583112.1219046675
4583499.175119119
4583886.261021008
4584273.379613094
4584660.53089814
4585047.714878905
4585434.9315581415
4585822.180938629
4586209.463023122
4586596.777814381
4586984.125315167
4587371.505528235
4587758.918456365
4588146.364102311
4588533.842468837
4588921.353558705
4589308.897374678
4589696.473919522
4590084.08319599
4590471.725206866
4590859.399954904
4591247.107442869
4591634.847673526
4592022.620649631
4592410.426373969
4592798.264849295
4593186.136078374
4593574.040063975
4593961.976808863
4594349.9463158045
4594737.948587556
4595125.983626905
4595514.051436608
4595902.152019433
4596290.285378148
4596678.451515512
4597066.650434311
4597454.882137303
4597843.14662726
4598231.443906949
4598619.7739791395
4599008.1368466
4599396.532512092
4599784.960978404
4600173.422248295
4600561.916324537
4600950.4432099005
4601339.002907156
4601727.595419065
4602116.220748418
4602504.878897976
4602893.569870513
4603282.293668798
4603671.050295605
4604059.839753698
4604448.662045865
4604837.5171748735
4605226.405143494
4605615.325954501
4606004.279610667
4606393.266114758
4606782.2854695665
4607171.337677856
4607560.422742403
4607949.54066598
4608338.691451365
4608727.875101321
4609117.091618645
4609506.3410061
4609895.623266465
4610284.938402515
4610674.286417026
4611063.6673127655
4611453.081092529
4611842.527759085
4612232.00731521
4612621.519763683
4613011.065107279
4613400.64334877
4613790.254490951
4614179.898536593
4614569.575488471
4614959.285349368
4615349.028122062
4615738.8038093215
4616128.6124139475
4616518.453938709
4616908.328386386
4617298.235759759
4617688.17606161
4618078.149294709
4618468.155461856
4618858.194565824
4619248.266609394
4619638.371595348
4620028.509526467
4620418.6804055255
4620808.884235323
4621199.121018635
4621589.390758242
4621979.69345693
4622370.029117481
4622760.397742668
4623150.799335296
4623541.23389814
4623931.701433982
4624322.201945608
4624712.7354358025
4625103.301907341
4625493.901363029
4625884.533805641
4626275.199237965
4626665.897662785
4627056.629082887
4627447.393501051
4627838.190920079
4628229.021342751
4628619.884771853
4629010.781210173
4629401.710660499
4629792.673125608
4630183.668608309
4630574.697111379
4630965.758637609
4631356.853189786
4631747.980770701
4632139.141383131
4632530.335029886
4632921.561713748
4633312.821437504
4633704.114203946
4634095.440015865
4634486.798876041
4634878.190787285
4635269.615752378
4635661.073774111
4636052.564855278
4636444.088998669
4636835.646207066
4637227.236483282
4637618.8598301
4638010.516250312
4638402.205746712
4638793.928322094
4639185.683979239
4639577.472720963
4639969.294550049
4640361.149469293
4640753.037481487
4641144.958589427
4641536.9127958985
4641928.900103716
4642320.920515666
4642712.974034542
4643105.060663142
4643497.180404263
4643889.333260689
4644281.5192352375
4644673.738330696
4645065.9905498605
4645458.275895529
4645850.594370499
4646242.94597756
4646635.330719528
4647027.748599191
4647420.199619349
4647812.6837828
4648205.201092343
4648597.7515507685
4648990.335160894
4649382.951925511
4649775.601847418
4650168.284929415
4650561.001174305
4650953.750584877
4651346.533163951
4651739.348914319
4652132.197838782
4652525.079940143
4652917.995221203
4653310.943684763
4653703.925333618
4654096.940170588
4654489.988198467
4654883.069420056
4655276.183838162
4655669.331455576
4656062.512275122
4656455.726299594
4656848.973531797
4657242.253974535
4657635.567630612
4658028.914502834
4658422.294593996
4658815.707906923
4659209.15444441
4659602.634209265
4659996.147204292
4660389.693432289
4660783.272896081
4661176.885598466
4661570.53154225
4661964.210730242
4662357.923165247
4662751.668850075
4663145.447787524
4663539.259980421
4663933.105431565
4664326.984143765
4664720.896119829
4665114.841362558
4665508.819874779
4665902.831659295
4666296.876718912
4666690.955056443
4667085.066674697
4667479.211576486
4667873.38976461
4668267.6012419
4668661.846011156
4669056.124075192
4669450.435436819
4669844.780098839
4670239.158064084
4670633.569335356
4671028.013915469
4671422.491807235
4671817.003013468
4672211.547536982
4672606.125380579
4673000.736547094
4673395.381039331
4673790.0588601045
4674184.770012229
4674579.5144985095
4674974.292321781
4675369.1034848485
4675763.947990528
4676158.825841636
4676553.737040989
4676948.681591401
4677343.659495681
4677738.670756664
4678133.7153771585
4678528.79335998
4678923.904707948
4679319.049423869
4679714.227510582
4680109.438970894
4680504.683807624
4680899.96202359
4681295.273621612
4681690.618604509
4682085.996975091
4682481.408736197
4682876.853890636
4683272.332441229
4683667.844390797
4684063.38974215
4684458.9684981285
4684854.580661545
4685250.226235218
4685645.905221972
4686041.6176246265
4686437.363446005
4686833.14268892
4687228.955356213
4687624.801450698
4688020.680975196
4688416.593932532
4688812.540325519
4689208.520157
4689604.53342979
4690000.580146713
4690396.6603105925
4690792.773924255
4691188.920990523
4691585.101512214
4691981.315492172
4692377.562933212
4692773.843838161
4693170.158209845
4693566.50605108
4693962.8873647135
4694359.302153561
4694755.75042045
4695152.232168208
4695548.747399663
4695945.296117641
4696341.878324962
4696738.494024473
4697135.143218993
4697531.8259113515
4697928.542104376
4698325.291800886
4698722.075003732
4699118.891715732
4699515.741939717
4699912.625678517
4700309.542934963
4700706.493711884
4701103.478012104
4701500.49583847
4701897.547193806
4702294.632080942
4702691.750502712
4703088.902461937
4703486.087961468
4703883.3070041295
4704280.559592753
4704677.8457301725
4705075.16541922
4705472.51866273
4705869.905463527
4706267.325824464
4706664.779748364
4707062.267238064
4707459.788296396
4707857.342926187
4708254.931130292
4708652.552911535
4709050.208272753
4709447.897216781
4709845.619746457
4710243.375864615
4710641.165574082
4711038.9888777165
4711436.845778344
4711834.736278803
4712232.66038193
4712630.618090553
4713028.609407531
4713426.634335691
4713824.692877873
4714222.785036914
4714620.910815654
4715019.070216933
4715417.26324358
4715815.4898984535
4716213.750184385
4716612.044104214
4717010.37166078
4717408.732856916
4717807.127695481
4718205.556179307
4718604.018311236
4719002.514094108
4719401.043530766
4719799.606624052
4720198.203376799
4720596.833791868
4720995.497872093
4721394.195620317
4721792.927039383
4722191.692132126
4722590.490901407
4722989.323350062
4723388.189480935
4723787.08929687
4724186.022800713
4724584.989995308
4724983.990883491
4725383.025468126
4725782.093752051
4726181.19573811
4726580.331429149
4726979.500828006
4727378.703937548
4727777.940760611
4728177.211300041
4728576.515558687
4728975.853539396
4729375.225245017
4729774.630678386
4730174.069842374
4730573.542739817
4730973.049373566
4731372.589746469
4731772.163861366
4732171.771721126
4732571.413328588
4732971.088686604
4733370.797798024
4733770.540665696
4734170.317292474
4734570.127681198
4734969.971834738
4735369.849755937
4735769.761447646
4736169.706912718
4736569.686153994
4736969.699174346
4737369.7459766185
4737769.826563664
4738169.940938334
4738570.089103484
4738970.271061967
4739370.486816627
4739770.736370337
4740171.019725943
4740571.336886299
4740971.687854259
4741372.072632681
4741772.491224406
4742172.943632314
4742573.429859248
4742973.949908065
4743374.50378162
4743775.0914827725
4744175.713014367
4744576.368379281
4744977.057580362
4745377.780620467
4745778.537502455
4746179.328229183
4746580.152803499
4746981.011228283
4747381.903506382
4747782.829640657
4748183.789633964
4748584.783489166
4748985.811209111
4749386.872796678
4749787.968254719
4750189.097586094
4750590.260793663
4750991.457880287
4751392.688848819
4751793.953702137
4752195.252443096
4752596.585074555
4752997.951599378
4753399.352020427
4753800.786340554
4754202.254562642
4754603.756689546
4755005.292724126
4755406.862669248
4755808.466527776
4756210.104302562
4756611.775996492
4757013.48161242
4757415.221153211
4757816.994621729
4758218.80202084
4758620.643353401
4759022.518622295
4759424.42783038
4759826.370980522
4760228.348075585
4760630.35911844
4761032.404111941
4761434.483058976
4761836.595962402
4762238.742825087
4762640.9236499
4763043.1384397065
4763445.387197368
4763847.669925772
4764249.986627775
4764652.33730625
4765054.721964064
4765457.140604088
4765859.593229181
4766262.079842233
4766664.600446104
4767067.155043666
4767469.743637789
4767872.366231344
4768275.022827192
4768677.713428225
4769080.438037305
4769483.196657305
4769885.989291094
4770288.815941548
4770691.676611529
4771094.571303928
4771497.50002161
4771900.462767449
4772303.459544318
4772706.490355091
4773109.555202632
4773512.6540898355
4773915.787019567
4774318.9539947
4774722.155018111
4775125.390092675
4775528.659221267
4775931.9624067545
4776335.2996520335
4776738.670959968
4777142.076333438
4777545.515775317
4777948.989288476
4778352.4968758095
4778756.038540185
4779159.614284483
4779563.224111579
4779966.868024353
4780370.546025682
4780774.258118437
4781178.0043055145
4781581.784589786
4781985.59897413
4782389.447461426
4782793.330054546
4783197.246756389
4783601.197569825
4784005.182497734
4784409.2015430005
4784813.254708502
4785217.341997122
4785621.4634117335
4786025.618955236
4786429.808630502
4786834.032440416
4787238.290387858
4787642.582475703
4788046.908706854
4788451.2690841835
4788855.663610576
4789260.092288916
4789664.555122086
4790069.052112972
4790473.583264448
4790878.14857942
4791282.74806076
4791687.381711357
4792092.049534095
4792496.7515318515
4792901.48770753
4793306.258064009
4793711.062604174
4794115.9013309125
4794520.774247112
4794925.681355658
4795330.622659431
4795735.598161336
4796140.607864252
4796545.651771069
4796950.729884674
4797355.842207946
4797760.988743793
4798166.169495097
4798571.384464745
4798976.633655629
4799381.917070638
4799787.234712662
4800192.586584582
4800597.972689308
4801003.393029721
4801408.847608714
4801814.336429178
4802219.859493993
4802625.416806073
4803031.008368298
4803436.634183563
4803842.29425476
4804247.988584781
4804653.71717652
4805059.48003286
4805465.277156716
4805871.10855097
4806276.9742185185
4806682.874162254
4807088.808385062
4807494.776889857
4807900.779679525
4808306.81675696
4808712.888125059
4809118.993786718
4809525.133744832
4809931.308002288
4810337.516562004
4810743.759426864
4811150.036599767
4811556.348083612
4811962.6938812835
4812369.0739957
4812775.488429751
4813181.937186334
4813588.4202683475
4813994.937678691
4814401.489420263
4814808.075495954
4815214.6959086815
4815621.350661336
4816028.03975682
4816434.76319803
4816841.520987859
4817248.313129228
4817655.139625026
4818062.000478156
4818468.89569152
4818875.825268017
4819282.789210552
4819689.787522017
4820096.820205334
4820503.887263394
4820910.988699103
4821318.124515362
4821725.2947150655
4822132.499301137
4822539.738276471
4822947.011643971
4823354.319406542
4823761.661567088
4824169.038128516
4824576.449093718
4824983.8944656225
4825391.3742471235
4825798.888441128
4826206.43705054
4826614.0200782595
4827021.63752721
4827429.28940029
4827836.975700406
4828244.696430467
4828652.451593379
4829060.24119205
4829468.065229379
4829875.923708294
4830283.816631693
4830691.744002487
4831099.705823583
4831507.702097881
4831915.732828311
4832323.798017772
4832731.897669176
4833140.031785431
4833548.200369449
4833956.403424142
4834364.640952408
4834772.912957182
4835181.219441363
4835589.560407863
4835997.935859595
4836406.345799462
4836814.790230395
4837223.269155297
4837631.782577083
4838040.330498665
4838448.912922955
4838857.529852869
4839266.181291311
4839674.867241214
4840083.587705484
4840492.342687034
4840901.132188781
4841309.95621363
4841718.8147645155
4842127.707844343
4842536.63545603
4842945.597602492
4843354.594286647
4843763.625511409
4844172.691279687
4844581.791594417
4844990.926458508
4845400.095874877
4845809.2998464415
4846218.538376111
4846627.811466823
4847037.119121486
4847446.46134302
4847855.838134345
4848265.249498378
4848674.6954380395
4849084.175956241
4849493.691055922
4849903.240739992
4850312.825011373
4850722.4438729845
4851132.097327739
4851541.785378577
4851951.508028412
4852361.265280164
4852771.057136756
4853180.88360111
4853590.74467615
4854000.6403647885
4854410.570669967
4854820.5355946
4855230.535141612
4855640.569313927
4856050.638114457
4856460.741546149
4856870.879611916
4857281.052314684
4857691.259657376
4858101.501642921
4858511.778274242
4858922.089554256
4859332.435485908
4859742.816072116
4860153.231315805
4860563.681219903
4860974.165787326
4861384.685021023
4861795.238923912
4862205.827498918
4862616.450748972
4863027.108677001
4863437.801285934
4863848.528578689
4864259.290558217
4864670.087227436
4865080.918589275
4865491.784646666
4865902.685402538
4866313.62085981
4866724.591021434
4867135.595890331
4867546.635469432
4867957.709761668
4868368.81876997
4868779.962497261
4869191.1409464935
4869602.354120588
4870013.602022478
4870424.8846550975
4870836.202021377
4871247.554124243
4871658.940966646
4872070.362551511
4872481.818881773
4872893.309960366
4873304.835790224
4873716.396374272
4874127.991715465
4874539.621816727
4874951.286680996
4875362.9863112075
4875774.720710296
4876186.48988119
4876598.293826843
4877010.132550184
4877422.006054148
4877833.914341676
4878245.857415702
4878657.8352791555
4879069.847934994
4879481.895386146
4879893.97763555
4880306.094686145
4880718.24654087
4881130.433202654
4881542.654674456
4881954.9109592065
4882367.202059846
4882779.527979313
4883191.888720551
4883604.284286488
4884016.714680086
4884429.179904276
4884841.679962
4885254.2148562
4885666.784589817
4886079.389165783
4886492.028587063
4886904.702856587
4887317.4119772995
4887730.1559521435
4888142.934784061
4888555.748475988
4888968.597030888
4889381.480451695
4889794.398741352
4890207.351902806
4890620.339939002
4891033.362852873
4891446.420647386
4891859.513325477
4892272.640890091
4892685.803344175
4893099.000690675
4893512.2329325285
4893925.500072702
4894338.802114132
4894752.139059767
4895165.510912555
4895578.917675443
4895992.35935137
4896405.835943303
4896819.347454183
4897232.893886957
4897646.475244576
4898060.091529988
4898473.742746133
4898887.428895982
4899301.149982474
4899714.906008559
4900128.69697719
4900542.522891317
4900956.383753889
4901370.279567851
4901784.210336172
4902198.176061795
4902612.176747672
4903026.212396756
4903440.28301199
4903854.388596346
4904268.529152767
4904682.704684207
4905096.91519362
4905511.16068396
4905925.44115818
4906339.756619226
4906754.107070073
4907168.492513664
4907582.912952955
4907997.368390902
4908411.85883045
4908826.384274576
4909240.944726226
4909655.540188354
4910070.170663921
4910484.836155881
4910899.536667191
4911314.2722008005
4911729.042759686
4912143.848346795
4912558.688965086
4912973.564617518
4913388.475307039
4913803.421036629
4914218.401809236
4914633.417627821
4915048.468495341
4915463.554414758
4915878.675389034
4916293.831421115
4916709.022513985
4917124.248670594
4917539.509893903
4917954.806186873
4918370.137552457
4918785.503993636
4919200.905513362
4919616.342114599
4920031.813800308
4920447.320573453
4920862.862436997
4921278.439393893
4921694.051447124
4922109.698599647
4922525.380854422
4922941.098214417
4923356.850682585
4923772.6382619105
4924188.460955351
4924604.318765869
4925020.211696432
4925436.139750007
4925852.102929557
4926268.10123804
4926684.134678445
4927100.203253726
4927516.3069668505
4927932.445820787
4928348.619818493
4928764.828962956
4929181.073257134
4929597.352703997
4930013.667306513
4930430.017067649
4930846.401990377
4931262.822077656
4931679.2773324745
4932095.767757793
4932512.293356582
4932928.85413181
4933345.450086442
4933762.081223465
4934178.747545841
4934595.449056543
4935012.185758542
4935428.9576548105
4935845.764748319
4936262.607042031
4936679.48453894
4937096.397242008
4937513.345154208
4937930.328278515
4938347.34661789
4938764.400175329
4939181.488953797
4939598.612956267
4940015.772185714
4940432.966645113
4940850.19633744
4941267.46126566
4941684.761432768
4942102.09684173
4942519.467495524
4942936.873397125
4943354.3145495
4943771.790955646
4944189.302618531
4944606.8495411305
4945024.431726425
4945442.0491773905
4945859.7018970065
4946277.38988824
4946695.113154091
4947112.871697528
4947530.66552153
4947948.494629079
4948366.359023141
4948784.258706718
4949202.19368278
4949620.163954307
4950038.169524281
4950456.210395683
4950874.286571492
4951292.398054682
4951710.544848254
4952128.72695518
4952546.944378442
4952965.197121023
4953383.485185895
4953801.808576062
4954220.167294497
4954638.561344183
4955056.990728105
4955475.455449246
4955893.95551059
4956312.490915113
4956731.061665818
4957149.667765682
4957568.309217689
4957986.986024825
4958405.698190065
4958824.445716416
4959243.228606855
4959662.046864366
4960080.900491939
4960499.789492559
4960918.713869213
4961337.673624881
4961756.668762567
4962175.699285253
4962594.765195926
4963013.866497573
4963433.003193175
4963852.175285741
4964271.382778248
4964690.625673688
4965109.90397505
4965529.217685323
4965948.5668075
4966367.951344559
4966787.371299513
4967206.8266753405
4967626.317475036
4968045.843701589
4968465.405357981
4968885.002447226
4969304.634972305
4969724.302936211
4970144.006341937
4970563.745192477
4970983.519490821
4971403.329239957
4971823.174442897
4972243.055102624
4972662.971222134
4973082.922804422
4973502.909852471
4973922.932369297
4974342.990357887
4974763.083821234
4975183.212762336
4975603.377184188
4976023.577089787
4976443.81248212
4976864.083364202
4977284.389739023
4977704.731609577
4978125.108978866
4978545.521849874
4978965.970225622
4979386.454109097
4979806.973503297
4980227.528411224
4980648.118835873
4981068.744780246
4981489.406247334
4981910.103240154
4982330.835761697
4982751.603814964
4983172.407402957
4983593.246528665
4984014.12119511
4984435.031405283
4984855.977162186
4985276.958468822
4985697.975328192
4986119.027743299
4986540.115717135
4986961.239252725
4987382.39835306
4987803.593021144
4988224.823259982
4988646.0890725665
4989067.390461924
4989488.727431046
4989910.099982939
4990331.5081206085
4990752.951847059
4991174.431165296
4991595.946078314
4992017.496589143
4992439.082700776
4992860.70441622
4993282.3617384825
4993704.05467057
4994125.783215481
4994547.547376242
4994969.34715585
4995391.182557316
4995813.053583644
4996234.960237847
4996656.902522921
4997078.880441896
4997500.893997772
4997922.943193557
4998345.028032262
4998767.148516897
4999189.304650463
4999611.49643599
5000033.723876478
5000455.986974939
5000878.285734384
5001300.620157826
5001722.990248266
5002145.396008735
5002567.837442237
5002990.314551784
5003412.827340389
5003835.375811066
5004257.959966816
5004680.579810675
5005103.235345646
5005525.926574744
5005948.653500983
5006371.416127377
5006794.214456931
5007217.048492681
5007639.918237633
5008062.823694801
5008485.764867202
5008908.741757853
5009331.754369759
5009754.802705957
5010177.886769454
5010601.006563268
5011024.162090416
5011447.353353916
5011870.580356775
5012293.843102032
5012717.141592696
5013140.475831786
5013563.84582232
5013987.251567317
5014410.693069788
5014834.170332772
5015257.683359278
5015681.232152328
5016104.8167149415
5016528.43705014
5016952.093160935
5017375.785050366
5017799.512721445
5018223.276177197
5018647.0754206395
5019070.910454798
5019494.781282683
5019918.687907339
5020342.630331778
5020766.6085590245
5021190.622592102
5021614.672434033
5022038.7580878325
5022462.879556545
5022887.036843184
5023311.229950777
5023735.458882348
5024159.723640921
5024584.024229512
5025008.360651168
5025432.732908905
5025857.141005749
5026281.584944727
5026706.064728865
5027130.580361182
5027555.1318447245
5027979.71918251
5028404.342377566
5028829.001432922
5029253.6963516055
5029678.427136646
5030103.193791061
5030527.996317902
5030952.834720186
5031377.709000945
5031802.619163208
5032227.565209994
5032652.547144356
5033077.564969314
5033502.618687898
5033927.7083031405
5034352.8338180715
5034777.995235724
5035203.19255912
5035628.425791312
5036053.694935322
5036478.999994183
5036904.340970929
5037329.7178685805
5037755.130690195
5038180.5794387935
5038606.064117411
5039031.584729082
5039457.141276841
5039882.733763723
5040308.362192753
5040734.026566986
5041159.726889448
5041585.463163176
5042011.235391204
5042437.04357656
5042862.8877223
5043288.767831452
5043714.683907052
5044140.6359521365
5044566.623969746
5044992.647962916
5045418.707934676
5045844.803888083
5046270.935826168
5046697.103751969
5047123.307668524
5047549.547578864
5047975.823486048
5048402.135393106
5048828.483303079
5049254.867219008
5049681.287143932
5050107.743080893
5050534.235032921
5050960.76300308
5051387.3269944
5051813.927009923
5052240.563052693
5052667.235125741
5053093.94323213
5053520.687374894
5053947.467557075
5054374.2837817175
5054801.136051865
5055228.024370563
5055654.948740844
5056081.909165773
5056508.905648385
5056935.938191726
5057363.00679884
5057790.111472763
5058217.252216563
5058644.429033273
5059071.641925941
5059498.890897615
5059926.175951339
5060353.497090163
5060780.854317122
5061208.247635285
5061635.677047691
5062063.142557387
5062490.644167421
5062918.181880833
5063345.755700691
5063773.365630034
5064201.011671913
5064628.693829377
5065056.412105476
5065484.16650326
5065911.957025769
5066339.783676076
5066767.6464572195
5067195.545372253
5067623.480424227
5068051.451616183
5068479.458951194
5068907.502432302
5069335.582062558
5069763.6978450185
5070191.849782733
5070620.037878757
5071048.262136133
5071476.522557937
5071904.81914721
5072333.151907008
5072761.520840387
5073189.925950389
5073618.367240092
5074046.84471254
5074475.358370788
5074903.908217894
5075332.494256913
5075761.116490901
5076189.774922906
5076618.469556005
5077047.200393244
5077475.967437681
5077904.770692374
5078333.61016037
5078762.485844749
5079191.397748559
5079620.345874859
5080049.330226706
5080478.350807163
5080907.407619286
5081336.500666128
5081765.6299507655
5082194.795476252
5082623.997245647
5083053.235262011
5083482.509528395
5083911.820047881
5084341.166823521
5084770.549858377
5085199.96915551
5085629.424717982
5086058.916548858
5086488.444651189
5086918.0090280585
5087347.609682521
5087777.246617639
5088206.919836477
5088636.629342089
5089066.375137561
5089496.157225945
5089925.975610308
5090355.830293715
5090785.721279231
5091215.648569922
5091645.612168843
5092075.612079083
5092505.648303696
5092935.7208457505
5093365.829708313
5093795.974894439
5094226.156407219
5094656.37424971
5095086.62842498
5095516.918936096
5095947.245786129
5096377.608978146
5096808.008515206
5097238.444400401
5097668.916636787
5098099.425227438
5098529.970175421
5098960.551483797
5099391.169155658
5099821.823194064
5100252.513602086
5100683.240382797
5101114.003539267
5101544.8030745685
5101975.638991764
5102406.511293946
5102837.419984177
5103268.365065531
5103699.34654108
5104130.364413887
5104561.418687049
5104992.509363627
5105423.636446697
5105854.7999393325
5106285.99984461
5106717.236165602
5107148.508905375
5107579.818067027
5108011.1636536205
5108442.545668234
5108873.964113942
5109305.418993813
5109736.910310943
5110168.438068399
5110600.002269259
5111031.6029166
5111463.240013502
5111894.91356304
5112326.623568284
5112758.370032335
5113190.152958258
5113621.972349135
5114053.828208045
5114485.720538057
5114917.649342273
5115349.614623762
5115781.616385603
5116213.65463088
5116645.729362671
5117077.84058406
5117509.988298117
5117942.1725079445
5118374.393216615
5118806.65042721
5119238.944142813
5119671.274366495
5120103.641101362
5120536.044350486
5120968.484116952
5121400.960403841
5121833.47321424
5122266.022551233
5122698.608417893
5123131.230817326
5123563.889752609
5123996.585226825
5124429.317243062
5124862.085804404
5125294.890913928
5125727.732574741
5126160.61078992
5126593.525562552
5127026.4768957235
5127459.464792523
5127892.489256027
5128325.550289346
5128758.647895556
5129191.782077747
5129624.9528390085
5130058.160182429
5130491.404111086
5130924.684628092
5131358.001736526
5131791.3554394785
5132224.745740039
5132658.172641299
5133091.636146339
5133525.136258271
5133958.672980176
5134392.246315147
5134825.856266274
5135259.50283665
5135693.186029358
5136126.905847511
5136560.662294192
5136994.455372495
5137428.285085511
5137862.151436336
5138296.054428054
5138729.99406378
5139163.970346597
5139597.983279602
5140032.0328658875
5140466.119108551
5140900.242010677
5141334.401575383
5141768.597805753
5142202.8307048865
5142637.100275878
5143071.406521824
5143505.749445814
5143940.129050964
5144374.545340362
5144808.998317107
5145243.487984295
5145678.0143450275
5146112.577402391
5146547.177159506
5146981.813619462
5147416.486785358
5147851.196660293
5148285.943247369
5148720.726549675
5149155.546570333
5149590.403312432
5150025.296779076
5150460.226973363
5150895.1938983975
5151330.1975572705
5151765.237953104
5152200.315088991
5152635.428968034
5153070.579593336
5153505.766968001
5153940.991095121
5154376.251977822
5154811.549619196
5155246.884022349
5155682.255190384
5156117.663126407
5156553.107833512
5156988.589314826
5157424.107573444
5157859.662612472
5158295.254435015
5158730.883044181
5159166.548443066
5159602.250634797
5160037.989622472
5160473.765409198
5160909.577998081
5161345.427392232
5161781.313594758
5162217.236608756
5162653.196437357
5163089.193083659
5163525.226550772
5163961.296841805
5164397.403959857
5164833.547908061
5165269.728689515
5165705.946307329
5166142.200764617
5166578.492064487
5167014.820210053
5167451.185204414
5167887.587050703
5168324.025752025
5168760.5013114875
5169197.013732207
5169633.563017285
5170070.149169856
5170506.772193021
5170943.432089897
5171380.128863595
5171816.862517232
5172253.633053921
5172690.440476767
5173127.284788906
5173564.165993442
5174001.084093492
5174438.03909217
5174875.030992584
5175312.059797871
5175749.125511135
5176186.228135495
5176623.367674069
5177060.544129972
5177497.757506323
5177935.007806229
5178372.295032831
5178809.619189235
5179246.980278561
5179684.378303927
5180121.813268443
5180559.285175249
5180996.794027454
5181434.339828178
5181871.922580543
5182309.542287668
5182747.198952675
5183184.892578674
5183622.623168807
5184060.390726185
5184498.195253932
5184936.036755168
5185373.915233006
5185811.83069059
5186249.783131032
5186687.772557456
5187125.798972985
5187563.862380741
5188001.962783852
5188440.100185429
5188878.2745886175
5189316.485996533
5189754.7344123
5190193.019839046
5190631.342279882
5191069.701737959
5191508.098216389
5191946.5317183025
5192385.002246823
5192823.509805079
5193262.054396196
5193700.636023293
5194139.254689518
5194577.910397989
5195016.603151834
5195455.33295418
5195894.099808148
5196332.903716886
5196771.744683515
5197210.622711162
5197649.537802959
5198088.489962035
5198527.479191521
5198966.505494537
5199405.568874233
5199844.669333734
5200283.806876168
5200722.981504668
5201162.193222354
5201601.442032382
5202040.727937872
5202480.050941957
5202919.411047771
5203358.808258446
5203798.242577116
5204237.7140069045
5204677.222550968
5205116.768212428
5205556.35099442
5205995.97090008
5206435.627932532
5206875.322094931
5207315.053390404
5207754.821822086
5208194.627393114
5208634.470106625
5209074.349965754
5209514.266973629
5209954.221133406
5210394.212448215
5210834.240921193
5211274.306555477
5211714.409354195
5212154.549320508
5212594.726457543
5213034.94076844
5213475.192256338
5213915.480924376
5214355.806775696
5214796.169813424
5215236.570040726
5215677.007460729
5216117.482076576
5216557.993891406
5216998.542908352
5217439.129130577
5217879.752561211
5218320.413203396
5218761.111060277
5219201.846134995
5219642.618430694
5220083.427950505
5220524.274697596
5220965.158675098
5221406.079886155
5221847.038333913
5222288.034021505
5222729.066952097
5223170.137128825
5223611.2445548335
5224052.389233269
5224493.571167276
5224934.790360002
5225376.046814583
5225817.340534187
5226258.67152195
5226700.039781019
5227141.445314543
5227582.888125659
5228024.368217535
5228465.885593311
5228907.440256134
5229349.032209153
5229790.661455519
5230232.327998378
5230674.031840873
5231115.772986174
5231557.55143742
5231999.367197761
5232441.22027035
5232883.110658325
5233325.03836486
5233767.003393097
5234209.005746186
5234651.04542728
5235093.122439531
5235535.236786091
5235977.388470105
5236419.577494744
5236861.803863155
5237304.067578487
5237746.3686438985
5238188.707062529
5238631.082837558
5239073.495972128
5239515.946469394
5239958.434332511
5240400.959564636
5240843.522168924
5241286.12214852
5241728.759506603
5242171.4342463175
5242614.146370822
5243056.895883272
5243499.682786817
5243942.507084633
5244385.368779869
5244828.2678756835
5245271.204375234
5245714.178281681
5246157.189598181
5246600.238327886
5247043.324473974
5247486.448039596
5247929.609027911
5248372.80744208
5248816.043285253
5249259.316560613
5249702.6272713095
5250145.975420504
5250589.361011359
5251032.7840470355
5251476.244530697
5251919.742465494
5252363.277854613
5252806.850701204
5253250.461008431
5253694.108779458
5254137.794017439
5254581.516725557
5255025.276906969
5255469.074564837
5255912.909702327
5256356.782322605
5256800.692428836
5257244.640024173
5257688.625111807
5258132.647694891
5258576.707776593
5259020.805360079
5259464.940448516
5259909.113045062
5260353.323152904
5260797.570775201
5261241.85591512
5261686.17857583
5262130.5387605
5262574.936472287
5263019.371714383
5263463.844489946
5263908.354802147
5264352.902654154
5264797.488049139
5265242.110990262
5265686.771480714
5266131.469523656
5266576.205122259
5267020.978279696
5267465.7889991375
5267910.637283745
5268355.523136714
5268800.446561203
5269245.4075603895
5269690.406137444
5270135.442295541
5270580.516037842
5271025.627367545
5271470.776287812
5271915.962801817
5272361.186912737
5272806.448623745
5273251.747938007
5273697.084858719
5274142.459389048
5274587.871532169
5275033.321291259
5275478.808669493
5275924.333670039
5276369.896296096
5276815.49655083
5277261.134437419
5277706.809959041
5278152.523118875
5278598.273920087
5279044.06236588
5279489.888459421
5279935.752203889
5280381.653602465
5280827.592658328
5281273.569374648
5281719.583754626
5282165.635801433
5282611.72551825
5283057.852908258
5283504.017974638
5283950.220720563
5284396.461149235
5284842.739263826
5285289.055067519
5285735.408563496
5286181.799754941
5286628.228645026
5287074.695236958
5287521.199533908
5287967.741539061
5288414.321255602
5288860.938686716
5289307.593835577
5289754.2867053915
5290201.0172993345
5290647.785620593
5291094.591672351
5291541.435457796
5291988.316980104
5292435.236242483
5292882.193248112
5293329.188000174
5293776.220501861
5294223.290756359
5294670.3987668445
5295117.54453653
5295564.728068592
5296011.94936622
5296459.208432604
5296906.505270932
5297353.839884396
5297801.212276174
5298248.622449478
5298696.070407489
5299143.556153397
5299591.079690394
5300038.64102166
5300486.240150409
5300933.877079822
5301381.551813091
5301829.264353409
5302277.0147039695
5302724.802867965
5303172.628848578
5303620.492649023
5304068.394272486
5304516.333722157
5304964.311001235
5305412.326112901
5305860.379060372
5306308.4698468335
5306756.59847548
5307204.764949509
5307652.969272114
5308101.211446494
5308549.491475834
5308997.809363351
5309446.165112234
5309894.558725677
5310342.990206882
5310791.459559034
5311239.966785353
5311688.511889026
5312137.094873252
5312585.715741232
5313034.374496164
5313483.071141247
5313931.805679671
5314380.578114657
5314829.388449395
5315278.2366870865
5315727.122830932
5316176.046884121
5316625.008849879
5317074.008731394
5317523.04653187
5317972.122254509
5318421.235902512
5318870.3874790855
5319319.576987418
5319768.804430737
5320218.0698122345
5320667.373135114
5321116.714402581
5321566.093617828
5322015.510784081
5322464.965904536
5322914.458982397
5323363.990020869
5323813.5590231605
5324263.165992475
5324712.8109320095
5325162.493844992
5325612.214734617
5326061.973604094
5326511.770456629
5326961.60529542
5327411.4781236965
5327861.388944655
5328311.337761505
5328761.3245774545
5329211.349395714
5329661.412219492
5330111.513051986
5330561.65189643
5331011.828756022
5331462.043633972
5331912.296533492
5332362.587457783
5332812.916410075
5333263.28339357
5333713.68841148
5334164.131467017
5334614.612563395
5335065.131703824
5335515.688891508
5335966.28412968
5336416.917421544
5336867.588770313
5337318.298179202
5337769.045651413
5338219.831190184
5338670.654798716
5339121.516480228
5339572.416237933
5340023.354075045
5340474.329994784
5340925.344000352
5341376.396094989
5341827.486281899
5342278.6145643005
5342729.780945411
5343180.985428436
5343632.228016615
5344083.508713156
5344534.827521278
5344986.1844441965
5345437.579485134
5345889.0126473075
5346340.483933927
5346791.993348232
5347243.540893433
5347695.12657275
5348146.750389404
5348598.412346603
5349050.1124475915
5349501.85069558
5349953.62709379
5350405.4416454425
5350857.29435376
5351309.185221965
5351761.1142532695
5352213.081450919
5352665.086818123
5353117.130358108
5353569.212074097
5354021.331969302
5354473.490046971
5354925.6863103155
5355377.920762562
5355830.193406935
5356282.5042466605
5356734.853284963
5357187.2405250585
5357639.665970195
5358092.129623587
5358544.631488463
5358997.171568049
5359449.749865562
5359902.36638425
5360355.021127331
5360807.7140980335
5361260.445299585
5361713.2147352155
5362166.022408152
5362618.868321614
5363071.752478854
5363524.674883088
5363977.635537548
5364430.634445464
5364883.6716100555
5365336.747034576
5365789.860722244
5366243.012676292
5366696.2028999515
5367149.431396455
5367602.698169033
5368056.003220908
5368509.346555336
5368962.728175539
5369416.148084748
5369869.606286197
5370323.102783111
5370776.637578744
5371230.210676322
5371683.822079076
5372137.471790244
5372591.1598130595
5373044.88615076
5373498.650806568
5373952.453783741
5374406.295085507
5374860.174715102
5375314.092675761
5375768.048970712
5376222.043603214
5376676.076576494
5377130.147893788
5377584.2575583365
5378038.405573376
5378492.591942147
5378946.816667878
5379401.079753828
5379855.381203228
5380309.7210193155
5380764.099205333
5381218.515764508
5381672.970700105
5382127.464015352
5382581.995713491
5383036.565797765
5383491.174271413
5383945.82113768
5384400.506399795
5384855.230061024
5385309.9921245985
5385764.792593761
5386219.631471756
5386674.508761816
5387129.424467206
5387584.378591159
5388039.371136922
5388494.402107738
5388949.471506853
5389404.57933751
5389859.725602946
5390314.910306429
5390770.133451193
5391225.395040484
5391680.695077551
5392136.033565627
5392591.4105079835
5393046.825907856
5393502.279768493
5393957.772093142
5394413.302885052
5394868.872147472
5395324.479883637
5395780.126096822
5396235.810790263
5396691.533967212
5397147.295630916
5397603.095784628
5398058.9344315855
5398514.811575063
5398970.727218298
5399426.681364546
5399882.674017055
5400338.705179079
5400794.774853858
5401250.883044668
5401707.029754749
5402163.214987355
5402619.438745739
5403075.7010331545
5403532.001852845
5403988.341208086
5404444.719102121
5404901.135538205
5405357.590519592
5405814.084049539
5406270.616131289
5406727.18676812
5407183.795963277
5407640.443720018
5408097.1300415965
5408553.854931273
5409010.61839229
5409467.42042793
5409924.261041437
5410381.140236071
5410838.0580150895
5411295.014381751
5411752.009339305
5412209.042891029
5412666.115040175
5413123.2257900005
5413580.3751437655
5414037.563104731
5414494.789676146
5414952.054861293
5415409.358663423
5415866.701085796
5416324.0821316745
5416781.501804319
5417238.960106983
5417696.457042948
5418153.992615469
5418611.566827806
5419069.179683223
5419526.831184985
5419984.521336342
5420442.250140583
5420900.017600959
5421357.8237207355
5421815.668503178
5422273.551951551
5422731.474069108
5423189.434859138
5423647.434324896
5424105.472469647
5424563.549296659
5425021.664809198
5425479.81901052
5425938.011903916
5426396.24349264
5426854.513779961
5427312.822769146
5427771.170463467
5428229.556866178
5428687.9819805715
5429146.445809906
5429604.948357452
5430063.489626477
5430522.069620252
5430980.688342048
5431439.345795123
5431898.041982773
5432356.776908255
5432815.550574843
5433274.3629858075
5433733.214144409
5434192.1040539425
5434651.03271767
5435110.000138865
5435569.006320799
5436028.051266745
5436487.134979979
5436946.257463762
5437405.418721391
5437864.61875613
5438323.857571254
5438783.135170036
5439242.451555742
5439701.80673167
5440161.200701084
5440620.633467261
5441080.105033476
5441539.615403007
5441999.164579132
5442458.752565114
5442918.379364256
5443378.044979823
5443837.749415094
5444297.492673347
5444757.274757849
5445217.0956719015
5445676.955418774
5446136.854001744
5446596.791424092
5447056.767689099
5447516.782800044
5447976.836760198
5448436.929572862
5448897.061241307
5449357.231768816
5449817.441158669
5450277.689414137
5450737.976538525
5451198.302535105
5451658.667407158
5452119.071157969
5452579.51379082
5453039.995308995
5453500.515715768
5453961.075014444
5454421.673208297
5454882.310300613
5455342.986294675
5455803.701193757
5456264.455001169
5456725.247720184
5457186.079354089
5457646.94990617
5458107.859379714
5458568.807778008
5459029.795104329
5459490.821361985
5459951.886554253
5460412.990684423
5460874.133755782
5461335.315771607
5461796.53673521
5462257.796649869
5462719.095518872
5463180.4333455125
5463641.810133077
5464103.225884857
5464564.680604133
5465026.174294216
5465487.706958388
5465949.278599939
5466410.889222162
5466872.538828337
5467334.227421779
5467795.955005769
5468257.7215836
5468719.527158566
5469181.371733958
5469643.255313072
5470105.17789919
5470567.139495629
5471029.140105671
5471491.179732612
5471953.258379747
5472415.37605036
5472877.532747769
5473339.728475258
5473801.963236123
5474264.237033662
5474726.549871172
5475188.901751948
5475651.292679276
5476113.722656478
5476576.191686839
5477038.699773658
5477501.246920234
5477963.833129852
5478426.458405836
5478889.1227514725
5479351.826170062
5479814.568664903
5480277.350239296
5480740.170896543
5481203.030639932
5481665.929472786
5482128.867398395
5482591.844420061
5483054.860541087
5483517.915764761
5483981.01009441
5484444.143533324
5484907.316084806
5485370.52775216
5485833.778538689
5486297.068447697
5486760.397482475
5487223.765646352
5487687.172942621
5488150.619374585
5488614.104945551
5489077.629658813
5489541.193517697
5490004.7965255
5490468.438685527
5490932.120001086
5491395.840475482
5491859.600112023
5492323.398914005
5492787.236884757
5493251.1140275765
5493715.030345772
5494178.985842653
5494642.980521514
5495107.014385688
5495571.0874384735
5496035.19968318
5496499.351123117
5496963.541761595
5497427.771601924
5497892.040647402
5498356.348901366
5498820.696367112
5499285.083047954
5499749.508947205
5500213.974068162
5500678.478414163
5501143.021988507
5501607.60479451
5502072.226835482
5502536.888114738
5503001.588635593
5503466.328401347
5503931.107415338
5504395.92568087
5504860.783201258
5505325.679979816
5505790.616019849
5506255.591324695
5506720.6058976585
5507185.659742056
5507650.752861205
5508115.88525842
5508581.05693702
5509046.267900311
5509511.5181516325
5509976.807694292
5510442.136531607
5510907.504666896
5511372.912103467
5511838.358844661
5512303.844893787
5512769.370254165
5513234.934929112
5513700.538921951
5514166.182236003
5514631.864874575
5515097.586841012
5515563.348138624
5516029.148770732
5516494.988740658
5516960.868051714
5517426.786707245
5517892.74471056
5518358.7420649845
5518824.7787738405
5519290.854840452
5519756.970268143
5520223.125060226
5520689.319220048
5521155.552750923
5521621.825656176
5522088.137939131
5522554.489603102
5523020.88065144
5523487.311087457
5523953.780914482
5524420.290135839
5524886.838754856
5525353.426774861
5525820.054199169
5526286.721031131
5526753.427274064
5527220.172931296
5527686.958006156
5528153.78250196
5528620.646422062
5529087.549769779
5529554.492548441
5530021.474761377
5530488.49641192
5530955.557503397
5531422.65803913
5531889.798022472
5532356.977456744
5532824.196345276
5533291.454691402
5533758.752498441
5534226.08976975
5534693.466508649
5535160.882718472
5535628.3384025525
5536095.833564223
5536563.368206819
5537030.942333662
5537498.55594811
5537966.2090534875
5538433.901653128
5538901.633750367
5539369.40534854
5539837.216450973
5540305.067061024
5540772.957182018
5541240.886817291
5541708.855970182
5542176.864644027
5542644.912842153
5543113.00056792
5543581.127824655
5544049.294615696
5544517.500944383
5544985.746814054
5545454.032228038
5545922.357189695
5546390.721702357
5546859.125769361
5547327.569394049
5547796.052579762
5548264.575329829
5548733.137647614
5549201.7395364465
5549670.380999669
5550139.062040625
5550607.782662656
5551076.542869092
5551545.3426633
5552014.182048612
5552483.061028372
5552951.979605922
5553420.9377846075
5553889.935567761
5554358.97295875
5554828.049960909
5555297.166577582
5555766.322812115
5556235.518667854
5556704.754148133
5557174.029256322
5557643.3439957565
5558112.698369782
5558582.092381747
5559051.526034999
5559520.999332873
5559990.512278742
5560460.064875941
5560929.65712782
5561399.289037727
5561868.960609011
5562338.671845012
5562808.4227491
5563278.213324616
5563748.043574909
5564217.913503329
5564687.823113228
5565157.772407946
5565627.7613908565
5566097.7900653
5566567.858434629
5567037.966502195
5567508.114271351
5567978.301745439
5568448.528927835
5568918.795821879
5569389.102430928
5569859.448758333
5570329.83480745
5570800.260581622
5571270.726084226
5571741.231318607
5572211.776288119
5572682.360996119
5573152.985445961
5573623.649641003
5574094.35358459
5574565.097280102
5575035.880730884
5575506.703940293
5575977.566911688
5576448.469648414
5576919.412153853
5577390.394431353
5577861.416484271
5578332.478315967
5578803.579929801
5579274.721329131
5579745.902517308
5580217.123497713
5580688.384273696
5581159.684848618
5581631.025225839
5582102.40540871
5582573.825400615
5583045.285204905
5583516.784824942
5583988.324264089
5584459.903525707
5584931.522613162
5585403.181529804
5585874.8802790195
5586346.618864161
5586818.397288593
5587290.215555682
5587762.073668778
5588233.97163127
5588705.909446513
5589177.887117872
5589649.904648713
5590121.9620424025
5590594.059302306
5591066.19643178
5591538.373434214
5592010.590312963
5592482.847071396
5592955.14371288
5593427.480240773
5593899.856658465
5594372.272969315
5594844.72917669
5595317.22528396
5595789.761294495
5596262.337211665
5596734.953038828
5597207.608779379
5597680.304436676
5598153.04001409
5598625.815514993
5599098.630942744
5599571.486300739
5600044.38159234
5600517.316820916
5600990.291989842
5601463.307102491
5601936.362162236
5602409.4571724385
5602882.592136497
5603355.767057772
5603828.98193964
5604302.236785474
5604775.53159864
5605248.866382533
5605722.24114052
5606195.655875975
5606669.110592276
5607142.605292797
5607616.139980918
5608089.714660001
5608563.329333449
5609036.984004627
5609510.678676913
5609984.413353684
5610458.188038309
5610932.00273419
5611405.857444692
5611879.7521731965
5612353.686923082
5612827.661697729
5613301.676500517
5613775.731334815
5614249.826204028
5614723.961111524
5615198.136060686
5615672.351054893
5616146.6060975185
5616620.901191965
5617095.236341605
5617569.611549821
5618044.026819995
5618518.482155512
5618992.977559755
5619467.513036095
5619942.088587941
5620416.704218665
5620891.359931652
5621366.055730288
5621840.791617945
5622315.567598033
5622790.383673925
5623265.239849009
5623740.136126669
5624215.072510295
5624690.049003271
5625165.065608975
5625640.1223308155
5626115.219172171
5626590.356136428
5627065.533226976
5627540.750447192
5628016.007800489
5628491.305290243
5628966.642919844
5629442.020692683
5629917.438612149
5630392.896681633
5630868.394904514
5631343.933284206
5631819.51182409
5632295.130527556
5632770.789397997
5633246.488438793
5633722.22765336
5634198.007045079
5634673.826617342
5635149.686373544
5635625.586317078
5636101.526451338
5636577.506779707
5637053.527305601
5637529.588032405
5638005.688963513
5638481.830102321
5638958.011452213
5639434.233016606
5639910.494798888
5640386.796802455
5640863.139030701
5641339.521487025
5641815.944174823
5642292.407097484
5642768.910258426
5643245.453661038
5643722.037308715
5644198.661204861
5644675.325352859
5645152.0297561325
5645628.774418071
5646105.559342073
5646582.38453154
5647059.249989871
5647536.155720469
5648013.10172672
5648490.088012052
5648967.114579854
5649444.181433527
5649921.2885764735
5650398.436012085
5650875.623743787
5651352.851774971
5651830.120109041
5652307.4287494
5652784.777699453
5653262.166962603
5653739.596542243
5654217.066441802
5654694.576664672
5655172.12721426
5655649.718093971
5656127.349307199
5656605.020857373
5657082.73274789
5657560.484982155
5658038.277563576
5658516.110495559
5658993.983781513
5659471.897424835
5659949.851428955
5660427.84579727
5660905.8805331895
5661383.955640122
5661862.071121467
5662340.226980655
5662818.423221087
5663296.659846171
5663774.936859318
5664253.25426394
5664731.612063447
5665210.0102612395
5665688.448860751
5666166.927865385
5666645.447278551
5667124.007103662
5667602.60734412
5668081.248003362
5668559.929084787
5669038.650591812
5669517.41252785
5669996.214896314
5670475.05770062
5670953.9409441715
5671432.864630405
5671911.828762727
5672390.833344551
5672869.878379294
5673348.9638703605
5673828.0898211915
5674307.256235191
5674786.463115775
5675265.7104663635
5675744.998290374
5676224.326591223
5676703.695372318
5677183.104637101
5677662.554388979
5678142.044631372
5678621.575367699
5679101.146601368
5679580.758335822
5680060.410574471
5680540.103320735
5681019.836578034
5681499.61034979
5681979.424639425
5682459.279450349
5682939.174786007
5683419.11064981
5683899.087045181
5684379.103975541
5684859.161444317
5685339.259454917
5685819.39801079
5686299.5771153495
5686779.796772018
5687260.056984221
5687740.3577553835
5688220.69908892
5688701.080988278
5689181.503456871
5689661.966498128
5690142.470115473
5690623.014312333
5691103.599092125
5691584.224458299
5692064.89041427
5692545.596963465
5693026.344109315
5693507.131855247
5693987.960204678
5694468.82916106
5694949.738727812
5695430.688908362
5695911.679706141
5696392.711124579
5696873.783167095
5697354.895837143
5697836.049138142
5698317.243073524
5698798.47764672
5699279.752861162
5699761.068720271
5700242.425227503
5700723.822386279
5701205.260200031
5701686.738672194
5702168.257806201
5702649.817605475
5703131.418073473
5703613.059213617
5704094.741029343
5704576.4635240855
5705058.22670128
5705540.030564352
5706021.875116759
5706503.760361926
5706985.68630329
5707467.652944287
5707949.660288356
5708431.708338922
5708913.797099445
5709395.926573352
5709878.096764082
5710360.307675073
5710842.559309764
5711324.851671582
5711807.184763991
5712289.558590419
5712771.973154305
5713254.428459089
5713736.924508213
5714219.461305106
5714702.038853233
5715184.657156023
5715667.316216918
5716150.016039359
5716632.756626791
5717115.537982644
5717598.360110383
5718081.22301344
5718564.12669526
5719047.0711592855
5719530.056408961
5720013.082447732
5720496.14927903
5720979.256906323
5721462.405333047
5721945.594562645
5722428.824598564
5722912.095444239
5723395.407103139
5723878.7595787
5724362.152874368
5724845.586993591
5725329.061939816
5725812.577716492
5726296.134327055
5726779.7317749765
5727263.370063693
5727747.049196656
5728230.769177312
5728714.530009101
5729198.331695496
5729682.174239935
5730166.0576458685
5730649.981916748
5731133.947056024
5731617.953067148
5732101.9999535605
5732586.087718737
5733070.216366117
5733554.3858991545
5734038.596321301
5734522.847635998
5735007.139846724
5735491.47295692
5735975.84697004
5736460.261889539
5736944.71771887
5737429.21446149
5737913.75212084
5738398.330700401
5738882.950203617
5739367.610633943
5739852.311994837
5740337.054289741
5740821.837522139
5741306.661695474
5741791.526813204
5742276.432878788
5742761.379895683
5743246.367867348
5743731.39679723
5744216.46668881
5744701.577545538
5745186.729370872
5745671.922168272
5746157.1559411865
5746642.4306931
5747127.746427461
5747613.103147731
5748098.500857371
5748583.939559842
5749069.419258608
5749554.939957117
5750040.501658856
5750526.104367277
5751011.748085842
5751497.432818013
5751983.158567246
5752468.925337025
5752954.733130803
5753440.581952046
5753926.471804217
5754412.402690783
5754898.374615209
5755384.387580948
5755870.44159149
5756356.53665029
5756842.6727608135
5757328.8499265285
5757815.06815089
5758301.32743739
5758787.6277894825
5759273.969210637
5759760.351704322
5760246.775274005
5760733.239923156
5761219.745655232
5761706.292473726
5762192.880382096
5762679.5093838135
5763166.179482347
5763652.890681158
5764139.642983737
5764626.436393547
5765113.270914058
5765600.146548742
5766087.063301072
5766574.021174521
5767061.020172548
5767548.0602986505
5768035.14155629
5768522.26394894
5769009.427480075
5769496.632153157
5769983.877971685
5770471.16493912
5770958.493058939
5771445.862334617
5771933.272769629
5772420.724367452
5772908.2171315495
5773395.751065423
5773883.326172536
5774370.9424563665
5774858.599920391
5775346.298568077
5775834.038402926
5776321.819428404
5776809.641647988
5777297.50506516
5777785.409683397
5778273.35550618
5778761.342536976
5779249.370779288
5779737.440236586
5780225.550912351
5780713.702810063
5781201.895933191
5781690.130285242
5782178.405869684
5782666.72269
5783155.080749674
5783643.480052186
5784131.920601021
5784620.402399649
5785108.925451579
5785597.4897602815
5786086.095329242
5786574.7421619445
5787063.4302618615
5787552.159632503
5788040.930277341
5788529.742199862
5789018.595403553
5789507.489891899
5789996.425668386
5790485.40273649
5790974.421099721
5791463.480761557
5791952.581725483
5792441.723994989
5792930.907573549
5793420.132464678
5793909.398671852
5794398.70619856
5794888.0550482925
5795377.4452245375
5795866.876730787
5796356.349570517
5796845.863747246
5797335.41926445
5797825.01612562
5798314.65433425
5798804.333893818
5799294.05480784
5799783.817079798
5800273.620713184
5800763.46571149
5801253.3520782115
5801743.279816841
5802233.248930859
5802723.259423787
5803213.311299104
5803703.404560307
5804193.539210891
5804683.715254339
5805173.932694171
5805664.19153387
5806154.491776934
5806644.833426858
5807135.21648714
5807625.640961276
5808116.106852754
5808606.614165093
5809097.16290178
5809587.753066313
5810078.384662191
5810569.057692902
5811059.772161969
5811550.528072878
5812041.325429129
5812532.164234224
5813023.044491662
5813513.966204944
5814004.92937756
5814495.934013033
5814986.980114855
5815478.067686527
5815969.196731551
5816460.367253417
5816951.579255654
5817442.83274175
5817934.127715211
5818425.464179539
5818916.84213824
5819408.261594816
5819899.7225527605
5820391.225015603
5820882.768986835
5821374.354469964
5821865.981468495
5822357.649985922
5822849.360025775
5823341.111591548
5823832.90468675
5824324.739314887
5824816.615479466
5825308.533183996
5825800.492431972
5826292.493226928
5826784.535572358
5827276.619471774
5827768.744928685
5828260.911946587
5828753.120529015
5829245.370679466
5829737.662401452
5830229.995698483
5830722.37057407
5831214.787031725
5831707.245074947
5832199.744707272
5832692.285932202
5833184.868753247
5833677.4931739215
5834170.159197738
5834662.866828199
5835155.61606884
5835648.406923166
5836141.239394689
5836634.113486925
5837127.029203388
5837619.986547583
5838112.985523047
5838606.026133286
5839099.108381814
5839592.23227215
5840085.3978078095
5840578.6049922975
5841071.853829155
5841565.144321888
5842058.476474014
5842551.850289052
5843045.265770521
5843538.722921926
5844032.221746811
5844525.762248684
5845019.344431063
5845512.96829747
5846006.633851425
5846500.341096436
5846994.090036048
5847487.880673769
5847981.713013123
5848475.58705763
5848969.502810812
5849463.46027618
5849957.459457281
5850451.500357626
5850945.582980737
5851439.707330139
5851933.873409355
5852428.081221898
5852922.330771315
5853416.62206112
5853910.9550948385
5854405.3298759945
5854899.746408114
5855394.204694713
5855888.704739338
5856383.246545506
5856877.830116743
5857372.455456577
5857867.122568536
5858361.831456133
5858856.582122923
5859351.3745724205
5859846.208808155
5860341.084833655
5860836.0026524495
5861330.962268057
5861825.963684031
5862321.006903889
5862816.0919311615
5863311.218769379
5863806.387422075
5864301.597892765
5864796.850185007
5865292.144302321
5865787.480248237
5866282.85802629
5866778.277640013
5867273.739092925
5867769.242388585
5868264.7875305135
5868760.374522245
5869256.003367314
5869751.674069256
5870247.386631604
5870743.141057882
5871238.937351651
5871734.775516432
5872230.655555763
5872726.57747318
5873222.541272207
5873718.546956407
5874214.594529303
5874710.683994433
5875206.815355336
5875702.988615549
5876199.2037786115
5876695.46084805
5877191.759827427
5877688.100720271
5878184.48353012
5878680.908260515
5879177.374914984
5879673.883497093
5880170.434010369
5880667.026458353
5881163.660844588
5881660.337172614
5882157.055445976
5882653.815668202
5883150.617842859
5883647.461973477
5884144.348063601
5884641.276116774
5885138.246136529
5885635.258126432
5886132.312090017
5886629.4080308275
5887126.5459524095
5887623.725858308
5888120.94775207
5888618.211637227
5889115.517517351
5889612.865395975
5890110.255276648
5890607.687162916
5891105.161058315
5891602.676966416
5892100.234890755
5892597.834834881
5893095.476802343
5893593.160796689
5894090.886821467
5894588.654880218
5895086.464976514
5895584.317113893
5896082.2112959055
5896580.147526102
5897078.125808022
5897576.146145241
5898074.208541299
5898572.312999747
5899070.459524138
5899568.648118024
5900066.878784957
5900565.15152848
5901063.46635217
5901561.823259569
5902060.22225423
5902558.663339707
5903057.146519545
5903555.67179732
5904054.239176578
5904552.848660872
5905051.50025376
5905550.1939587975
5906048.92977954
5906547.707719534
5907046.527782358
5907545.38997156
5908044.294290696
5908543.240743326
5909042.229332994
5909541.260063282
5910040.33293774
5910539.447959925
5911038.605133397
5911537.804461715
5912037.045948439
5912536.329597119
5913035.655411339
5913535.023394648
5914034.433550606
5914533.885882775
5915033.3803947065
5915532.917089986
5916032.495972162
5916532.1170448
5917031.780311461
5917531.485775709
5918031.233441109
5918531.023311211
5919030.855389604
5919530.729679842
5920030.6461854875
5920530.604910107
5921030.605857254
5921530.649030518
5922030.734433453
5922530.8620696245
5923031.031942601
5923531.244055949
5924031.498413236
5924531.795018015
5925032.133873882
5925532.51498439
5926032.938353109
5926533.403983607
5927033.911879442
5927534.462044206
5928035.054481459
5928535.689194769
5929036.366187707
5929537.085463842
5930037.847026748
5930538.650879982
5931039.49702714
5931540.385471783
5932041.31621748
5932542.289267807
5933043.304626322
5933544.362296625
5934045.462282274
5934546.604586844
5935047.78921391
5935549.016167045
5936050.285449823
5936551.597065808
5937052.951018599
5937554.347311758
5938055.785948863
5938557.266933489
5939058.790269199
5939560.355959596
5940061.964008244
5940563.614418719
5941065.3071946
5941567.042339465
5942068.8198568905
5942570.639750444
5943072.5020237295
5943574.406680312
5944076.353723772
5944578.343157689
5945080.374985631
5945582.449211202
5946084.56583797
5946586.724869517
5947088.926309423
5947591.170161271
5948093.456428641
5948595.785115105
5949098.156224268
5949600.5697597
5950103.0257249875
5950605.52412371
5951108.064959439
5951610.648235786
5952113.27395632
5952615.9421246275
5953118.652744291
5953621.405818898
5954124.201352032
5954627.039347268
5955129.919808215
5955632.842738449
5956135.808141555
5956638.81602112
5957141.8663807195
5957644.959223966
5958148.094554434
5958651.272375712
5959154.492691388
5959657.755505052
5960161.060820294
5960664.408640687
5961167.798969848
5961671.231811355
5962174.707168798
5962678.225045766
5963181.785445839
5963685.388372633
5964189.033829725
5964692.72182071
5965196.452349178
5965700.225418721
5966204.041032934
5966707.899195395
5967211.799909723
5967715.7431795
5968219.729008319
5968723.757399775
5969227.828357449
5969731.941884961
5970236.097985894
5970740.296663844
5971244.537922405
5971748.821765174
5972253.148195748
5972757.517217711
5973261.928834683
5973766.383050251
5974270.879868012
5974775.419291562
5975280.00132449
5975784.625970417
5976289.293232929
5976794.003115627
5977298.7556221085
5977803.550755975
5978308.388520824
5978813.268920246
5979318.191957865
5979823.157637269
5980328.16596206
5980833.2169358395
5981338.310562197
5981843.4468447585
5982348.625787116
5982853.847392869
5983359.111665623
5983864.418608981
5984369.768226546
5984875.1605219105
5985380.5954987025
5985886.073160514
5986391.593510951
5986897.156553618
5987402.76229212
5987908.41073005
5988414.101871041
5988919.835718685
5989425.612276589
5989931.43154836
5990437.293537606
5990943.198247922
5991449.145682939
5991955.135846255
5992461.168741478
5992967.244372215
5993473.362742078
5993979.523854662
5994485.727713602
5994991.974322495
5995498.263684953
5996004.595804585
5996510.970685003
5997017.388329805
5997523.848742628
5998030.351927071
5998536.897886746
5999043.486625266
5999550.1181462435
6000056.79245328
6000563.509550012
6001070.269440041
6001577.072126982
6002083.91761445
6002590.805906057
6003097.737005408
6003604.710916141
6004111.727641861
6004618.787186183
6005125.889552723
6005633.034745096
6006140.22276691
6006647.453621803
6007154.727313383
6007662.043845264
6008169.403221068
6008676.805444411
6009184.250518899
6009691.738448177
6010199.269235851
6010706.84288554
6011214.459400864
6011722.118785445
6012229.821042888
6012737.56617684
6013245.354190909
6013753.185088718
6014261.058873887
6014768.975550038
6015276.935120782
6015784.937589765
6016292.982960597
6016801.071236903
6017309.202422305
6017817.376520428
6018325.593534883
6018833.853469319
6019342.156327348
6019850.502112596
6020358.890828688
6020867.322479248
6021375.797067892
6021884.31459827
6022392.8750739945
6022901.478498695
6023410.124875997
6023918.814209528
6024427.546502917
6024936.321759778
6025445.139983765
6025954.001178495
6026462.905347595
6026971.852494695
6027480.842623414
6027989.8757374035
6028498.951840284
6029008.070935685
6029517.2330272375
6030026.438118572
6030535.686213321
6031044.977315104
6031554.311427576
6032063.688554357
6032573.108699081
6033082.571865382
6033592.078056878
6034101.62727723
6034611.219530057
6035120.854818995
6035630.533147679
6036140.254519741
6036650.018938819
6037159.826408534
6037669.676932548
6038179.570514483
6038689.507157978
6039199.486866667
6039709.509644176
6040219.5754941655
6040729.684420262
6041239.8364261035
6041750.031515328
6042260.269691573
6042770.550958479
6043280.875319671
6043791.242778814
6044301.653339535
6044812.107005475
6045322.603780272
6045833.143667557
6046343.726670995
6046854.352794213
6047365.022040855
6047875.734414562
6048386.489918975
6048897.288557738
6049408.130334481
6049919.015252871
6050429.94331654
6050940.914529132
6051451.92889429
6051962.986415646
6052474.08709687
6052985.230941595
6053496.417953464
6054007.648136126
6054518.921493224
6055030.238028405
6055541.597745304
6056053.000647591
6056564.446738902
6057075.936022883
6057587.468503184
6058099.044183439
6058610.66306732
6059122.325158467
6059634.030460524
6060145.7789771445
6060657.570711976
6061169.405668668
6061681.28385086
6062193.205262226
6062705.169906404
6063217.177787047
6063729.228907804
6064241.323272316
6064753.460884259
6065265.6417472735
6065777.865865012
6066290.133241127
6066802.443879273
6067314.797783102
6067827.194956256
6068339.635402414
6068852.119125218
6069364.646128324
6069877.216415386
6070389.829990046
6070902.486855987
6071415.187016851
6071927.930476295
6072440.7172379745
6072953.547305548
6073466.420682671
6073979.33737299
6074492.297380188
6075005.30070791
6075518.347359815
6076031.437339561
6076544.5706507955
6077057.747297202
6077570.967282429
6078084.230610136
6078597.537283983
6079110.887307631
6079624.280684741
6080137.717418961
6080651.19751398
6081164.720973444
6081678.287801017
6082191.898000362
6082705.551575129
6083219.248529006
6083732.988865643
6084246.772588706
6084760.599701856
6085274.47020876
6085788.384113082
6086302.341418474
6086816.342128626
6087330.3862471925
6087844.473777839
6088358.60472423
6088872.779090023
6089386.996878906
6089901.258094536
6090415.56274058
6090929.910820706
6091444.3023385815
6091958.737297875
6092473.215702243
6092987.73755538
6093502.302860942
6094016.911622599
6094531.5638440205
6095046.259528865
6095560.998680828
6096075.781303567
6096590.6074007545
6097105.476976061
6097620.3900331585
6098135.34657572
6098650.346607404
6099165.390131909
6099680.477152896
6100195.607674038
6100710.781699008
6101225.999231468
6101741.260275118
6102256.564833619
6102771.912910647
6103287.304509875
6103802.739634981
6104318.218289641
6104833.740477517
6105349.306202311
6105864.915467687
6106380.568277324
6106896.264634896
6107412.004544071
6107927.788008551
6108443.615032002
6108959.485618103
6109475.399770532
6109991.357492969
6110507.358789094
6111023.403662574
6111539.4921171125
6112055.62415638
6112571.799784056
6113088.0190038225
6113604.281819347
6114120.588234338
6114636.938252464
6115153.331877407
6115669.769112851
6116186.249962478
6116702.774429971
6117219.342519003
6117735.95423328
6118252.609576477
6118769.308552276
6119286.0511643635
6119802.83741641
6120319.667312129
6120836.540855192
6121353.458049284
6121870.418898094
6122387.423405307
6122904.471574611
6123421.5634096805
6123938.698914228
6124455.878091929
6124973.100946471
6125490.367481544
6126007.677700823
6126525.031608025
6127042.429206823
6127559.87050091
6128077.355493975
6128594.884189709
6129112.456591802
6129630.072703932
6130147.732529817
6130665.436073136
6131183.18333758
6131700.974326842
6132218.809044602
6132736.687494578
6133254.609680451
6133772.575605915
6134290.585274662
6134808.638690388
6135326.735856787
6135844.876777542
6136363.061456372
6136881.28989696
6137399.562103002
6137917.878078195
6138436.237826223
6138954.641350806
6139473.088655629
6139991.57974439
6140510.114620787
6141028.693288516
6141547.315751278
6142065.982012757
6142584.692076678
6143103.445946727
6143622.243626604
6144141.085120009
6144659.970430641
6145178.899562189
6145697.872518379
6146216.889302898
6146735.94991945
6147255.054371734
6147774.202663453
6148293.394798298
6148812.630779996
6149331.910612236
6149851.234298723
6150370.60184316
6150890.01324925
6151409.468520686
6151928.967661197
6152448.510674477
6152968.097564228
6153487.728334157
6154007.40298797
6154527.12152936
6155046.88396206
6155566.690289763
6156086.540516174
6156606.434645005
6157126.372679959
6157646.354624734
6158166.380483063
6158686.450258642
6159206.563955179
6159726.721576385
6160246.923125968
6160767.168607626
6161287.458025093
6161807.791382069
6162328.168682263
6162848.589929388
6163369.055127153
6163889.564279259
6164410.117389442
6164930.714461403
6165451.355498854
6165972.040505507
6166492.769485077
6167013.542441265
6167534.359377808
6168055.220298409
6168576.125206783
6169097.074106645
6169618.06700171
6170139.103895679
6170660.184792295
6171181.309695261
6171702.478608293
6172223.691535109
6172744.948479425
6173266.249444946
6173787.594435414
6174308.983454536
6174830.41650603
6175351.893593613
6175873.414721006
6176394.979891914
6176916.589110083
6177438.24237922
6177959.9397030445
6178481.681085278
6179003.46652964
6179525.296039841
6180047.169619626
6180569.087272705
6181091.049002799
6181613.054813632
6182135.104708926
6182657.198692404
6183179.336767775
6183701.518938791
6184223.745209161
6184746.015582611
6185268.330062864
6185790.688653634
6186313.09135867
6186835.538181685
6187358.029126406
6187880.564196558
6188403.143395867
6188925.766728062
6189448.434196856
6189971.1458060015
6190493.901559214
6191016.701460222
6191539.545512754
6192062.4337205235
6192585.366087289
6193108.342616763
6193631.3633126775
6194154.428178763
6194677.537218748
6195200.690436364
6195723.887835329
6196247.129419399
6196770.415192295
6197293.745157747
6197817.119319486
6198340.537681234
6198864.000246748
6199387.50701975
6199911.058003971
6200434.6532031465
6200958.29262101
6201481.976261296
6202005.704127726
6202529.476224061
6203053.292554023
6203577.1531213485
6204101.057929772
6204625.0069830185
6205149.000284849
6205673.037838988
6206197.119649174
6206721.245719141
6207245.416052631
6207769.6306533795
6208293.889525114
6208818.192671596
6209342.540096555
6209866.931803728
6210391.367796857
6210915.8480796665
6211440.372655924
6211964.941529359
6212489.55470371
6213014.212182718
6213538.913970127
6214063.660069676
6214588.450485097
6215113.285220158
6215638.164278587
6216163.08766413
6216688.055380528
6217213.067431513
6217738.123820855
6218263.224552286
6218788.36962955
6219313.559056392
6219838.792836558
6220364.070973794
6220889.393471832
6221414.760334445
6221940.171565367
6222465.627168344
6222991.127147124
6223516.671505442
6224042.260247071
6224567.893375747
6225093.570895218
6225619.292809233
6226145.059121542
6226670.869835894
6227196.724956025
6227722.6244857125
6228248.568428693
6228774.556788718
6229300.589569539
6229826.666774893
6230352.788408559
6230878.954474275
6231405.164975794
6231931.419916869
6232457.719301253
6232984.063132698
6233510.451414946
6234036.884151776
6234563.361346931
6235089.883004163
6235616.44912723
6236143.059719872
6236669.714785871
6237196.41432897
6237723.1583529245
6238249.9468614925
6238776.77985843
6239303.657347494
6239830.579332429
6240357.545817019
6240884.556805009
6241411.612300158
6241938.712306223
6242465.856826951
6242993.045866128
6243520.2794275
6244047.557514828
6244574.88013187
6245102.247282389
6245629.658970145
6246157.115198885
6246684.615972399
6247212.161294434
6247739.751168754
6248267.38559912
6248795.0645892825
6249322.78814303
6249850.556264115
6250378.368956298
6250906.226223345
6251434.128069021
6251962.07449709
6252490.065511304
6253018.101115455
6253546.181313295
6254074.30610859
6254602.475505107
6255130.6895066
6255658.94811686
6256187.251339644
6256715.5991787175
6257243.991637849
6257772.428720807
6258300.91043136
6258829.436773264
6259358.007750314
6259886.6233662665
6260415.283624892
6260943.98852996
6261472.738085228
6262001.532294492
6262530.371161512
6263059.2546900585
6263588.182883903
6264117.1557468185
6264646.173282576
6265175.235494936
6265704.342387698
6266233.493964621
6266762.690229479
6267291.931186047
6267821.216838087
6268350.547189397
6268879.922243741
6269409.342004893
6269938.806476629
6270468.315662727
6270997.869566959
6271527.468193092
6272057.111544928
6272586.79962623
6273116.532440777
6273646.309992345
6274176.132284702
6274705.99932165
6275235.911106955
6275765.867644398
6276295.868937756
6276825.91499081
6277356.005807339
6277886.1413911125
6278416.321745935
6278946.546875576
6279476.816783816
6280007.131474436
6280537.4909512075
6281067.895217936
6281598.344278392
6282128.838136359
6282659.37679562
6283189.960259958
6283720.5885331575
6284251.26161899
6284781.979521265
6285312.742243755
6285843.549790245
6286374.402164521
6286905.299370354
6287436.241411558
6287967.228291906
6288498.260015185
6289029.336585182
6289560.458005683
6290091.624280477
6290622.83541334
6291154.091408083
6291685.392268485
6292216.737998335
6292748.12860142
6293279.564081518
6293811.044442445
6294342.569687977
6294874.1398219075
6295405.754848024
6295937.41477012
6296469.119591987
6297000.869317402
6297532.663950185
6298064.503494115
6298596.387952984
6299128.317330588
6299660.291630704
6300192.310857153
6300724.3750137165
6301256.484104189
6301788.638132365
6302320.83710204
6302853.081017009
6303385.369881054
6303917.703697998
6304450.082471625
6304982.50620573
6305514.974904112
6306047.488570565
6306580.047208878
6307112.650822872
6307645.299416333
6308177.99299306
6308710.731556851
6309243.515111507
6309776.343660812
6310309.217208594
6310842.13575864
6311375.099314749
6311908.107880725
6312441.161460365
6312974.2600574605
6313507.403675838
6314040.592319287
6314573.82599161
6315107.104696611
6315640.428438091
6316173.797219841
6316707.211045692
6317240.669919433
6317774.17384487
6318307.7228258075
6318841.31686605
6319374.9559693895
6319908.640139659
6320442.369380651
6320976.143696171
6321509.963090027
6322043.827566025
6322577.737127959
6323111.691779663
6323645.691524932
6324179.736367575
6324713.826311399
6325247.961360214
6325782.141517816
6326316.36678804
6326850.637174684
6327384.952681556
6327919.313312469
6328453.719071233
6328988.169961646
6329522.665987545
6330057.207152729
6330591.79346101
6331126.424916201
6331661.101522115
6332195.823282551
6332730.590201349
6333265.402282309
6333800.259529246
6334335.161945974
6334870.109536308
6335405.10230405
6335940.14025304
6336475.223387082
6337010.351709992
6337545.525225585
6338080.74393768
6338616.007850079
6339151.316966625
6339686.671291124
6340222.070827393
6340757.515579251
6341293.005550515
6341828.540744993
6342364.121166528
6342899.746818928
6343435.417706013
6343971.133831602
6344506.895199516
6345042.701813576
6345578.55367759
6346114.450795405
6346650.393170831
6347186.380807688
6347722.413709801
6348258.491880978
6348794.615325069
6349330.784045883
6349866.998047247
6350403.257332981
6350939.5619069105
6351475.911772861
6352012.306934645
6352548.747396112
6353085.233161077
6353621.764233364
6354158.3406168
6354694.962315199
6355231.629332413
6355768.3416722575
6356305.0993385585
6356841.9023351455
6357378.750665846
6357915.644334489
6358452.583344889
6358989.567700902
6359526.597406345
6360063.672465049
6360600.7928808415
6361137.958657541
6361675.169799006
6362212.426309052
6362749.728191512
6363287.075450217
6363824.468089
6364361.906111693
6364899.389522116
6365436.918324128
6365974.492521549
6366512.1121182125
6367049.777117955
6367587.487524594
6368125.243341993
6368663.044573973
6369200.891224369
6369738.783297018
6370276.720795756
6370814.703724418
6371352.732086828
6371890.805886849
6372428.925128305
6372967.089815035
6373505.299950876
6374043.555539654
6374581.856585232
6375120.203091437
6375658.595062109
6376197.032501086
6376735.515412208
6377274.043799316
6377812.617666237
6378351.237016839
6378889.901854949
6379428.612184409
6379967.368009061
6380506.169332733
6381045.016159295
6381583.908492576
6382122.84633642
6382661.82969467
6383200.858571168
6383739.932969761
6384279.052894278
6384818.218348592
6385357.429336533
6385896.685861948
6386435.987928682
6386975.3355405675
6387514.728701478
6388054.167415247
6388593.651685721
6389133.181516748
6389672.756912175
6390212.377875851
6390752.044411609
6391291.756523326
6391831.514214838
6392371.317489993
6392911.166352642
6393451.06080662
6393991.000855804
6394530.986504034
6395071.017755158
6395611.094613029
6396151.2170814965
6396691.3851644145
6397231.598865622
6397771.858188996
6398312.163138378
6398852.513717621
6399392.9099305775
6399933.351781089
6400473.839273036
6401014.37241026
6401554.951196616
6402095.5756359575
6402636.245732142
6403176.961489025
6403717.722910448
6404258.530000295
6404799.38276241
6405340.281200648
6405881.22531887
6406422.215120918
6406963.250610677
6407504.331791991
6408045.458668722
6408586.631244726
6409127.849523864
6409669.113509995
6410210.423206965
6410751.778618664
6411293.179748936
6411834.626601643
6412376.119180648
6412917.657489797
6413459.2415329795
6414000.871314046
6414542.546836857
6415084.268105276
6415626.035123168
6416167.847894394
6416709.706422807
6417251.610712296
6417793.560766714
6418335.556589925
6418877.598185794
6419419.685558174
6419961.818710957
6420503.997647996
6421046.222373159
6421588.4928903105
6422130.809203318
6422673.171316052
6423215.579232364
6423758.032956149
6424300.532491265
6424843.077841577
6425385.669010957
6425928.30600326
6426470.988822383
6427013.717472183
6427556.491956529
6428099.312279294
6428642.178444347
6429185.090455562
6429728.048316795
6430271.052031946
6430814.101604874
6431357.197039452
6431900.338339552
6432443.525509036
6432986.758551803
6433530.037471714
6434073.362272644
6434616.732958467
6435160.1495330585
6435703.612000293
6436247.120364035
6436790.674628184
6437334.274796607
6437877.920873177
6438421.612861774
6438965.35076626
6439509.13459054
6440052.964338479
6440596.840013955
6441140.761620847
6441684.729163034
6442228.742644394
6442772.802068795
6443316.907440144
6443861.058762306
6444405.256039163
6444949.499274596
6445493.788472473
6446038.1236367
6446582.50477115
6447126.931879701
6447671.404966238
6448215.924034644
6448760.489088801
6449305.10013258
6449849.757169891
6450394.460204606
6450939.209240609
6451484.004281784
6452028.845332005
6452573.732395182
6453118.66547519
6453663.6445759125
6454208.669701238
6454753.740855052
6455298.858041243
6455844.021263684
6456389.23052629
6456934.485832936
6457479.787187511
6458025.134593903
6458570.528055988
6459115.967577683
6459661.453162864
6460206.98481542
6460752.562539242
6461298.186338223
6461843.856216251
6462389.572177206
6462935.3342250055
6463481.14236353
6464026.996596669
6464572.896928318
6465118.843362357
6465664.835902703
6466210.874553239
6466756.959317858
6467303.090200456
6467849.267204926
6468395.490335164
6468941.759595051
6469488.074988511
6470034.436519426
6470580.844191692
6471127.298009207
6471673.797975866
6472220.344095555
6472766.936372197
6473313.574809678
6473860.259411895
6474406.990182748
6474953.767126135
6475500.590245943
6476047.459546097
6476594.375030485
6477141.336703007
6477688.344567563
6478235.398628055
6478782.498888371
6479329.645352438
6479876.838024147
6480424.076907397
6480971.362006094
6481518.693324139
6482066.0708654225
6482613.494633876
6483160.9646333875
6483708.480867864
6484256.043341207
6484803.6520573255
6485351.307020109
6485899.0082334895
6486446.75570136
6486994.5494276285
6487542.389416199
6488090.27567098
6488638.208195865
6489186.186994789
6489734.212071646
6490282.2834303435
6490830.40107479
6491378.565008897
6491926.775236558
6492475.0317617105
6493023.334588249
6493571.683720087
6494120.079161133
6494668.520915297
6495217.00898648
6495765.543378617
6496314.124095608
6496862.751141366
6497411.4245198015
6497960.14423483
6498508.910290349
6499057.7226903
6499606.581438583
6500155.486539113
6500704.4379958045
6501253.435812571
6501802.479993316
6502351.570541981
6502900.707462468
6503449.890758694
6503999.120434575
6504548.396494028
6505097.718940957
6505647.087779307
6506196.50301298
6506745.964645897
6507295.472681976
6507845.027125134
6508394.627979279
6508944.275248355
6509493.96893627
6510043.709046944
6510593.495584298
6511143.328552251
6511693.207954726
6512243.13379563
6512793.106078913
6513343.124808482
6513893.189988261
6514443.301622172
6514993.459714124
6515543.664268069
6516093.915287916
6516644.21277759
6517194.556741015
6517744.947182116
6518295.384104818
6518845.867513034
6519396.397410715
6519946.973801774
6520497.596690139
6521048.266079735
6521598.981974477
6522149.744378318
6522700.553295174
6523251.408728971
6523802.31068364
6524353.259163108
6524904.254171304
6525455.295712145
6526006.383789588
6526557.518407548
6527108.699569956
6527659.927280745
6528211.2015438285
6528762.522363168
6529313.889742682
6529865.3036863
6530416.764197957
6530968.271281584
6531519.824941115
6532071.425180471
6532623.07200361
6533174.765414455
6533726.505416939
6534278.292014997
6534830.125212552
6535382.005013565
6535933.931421958
6536485.904441669
6537037.924076632
6537589.990330785
6538142.103208065
6538694.262712396
6539246.468847742
6539798.721618028
6540351.021027194
6540903.367079177
6541455.759777903
6542008.199127337
6542560.685131408
6543113.217794054
6543665.797119216
6544218.423110835
6544771.095772853
6545323.815109196
6545876.581123834
6546429.393820694
6546982.25320372
6547535.159276855
6548088.112044027
6548641.111509208
6549194.157676327
6549747.2505493285
6550300.390132158
6550853.576428758
6551406.809443076
6551960.089179042
6552513.41564063
6553066.788831771
6553620.208756413
6554173.675418503
6554727.188821973
6555280.748970798
6555834.355868912
6556388.009520265
6556941.709928803
6557495.457098476
6558049.251033232
6558603.091737008
6559156.979213781
6559710.913467485
6560264.894502074
6560818.9223214965
6561372.996929691
6561927.118330636
6562481.286528269
6563035.501526541
6563589.763329407
6564144.071940819
6564698.427364728
6565252.829605077
6565807.278665845
6566361.7745509725
6566916.317264414
6567470.906810125
6568025.543192048
6568580.226414162
6569134.956480412
6569689.733394752
6570244.557161141
6570799.427783535
6571354.34526589
6571909.30961215
6572464.320826301
6573019.378912287
6573574.483874066
6574129.635715596
6574684.834440825
6575240.080053737
6575795.37255828
6576350.711958414
6576906.098258098
6577461.531461294
6578017.011571961
6578572.538594051
6579128.112531549
6579683.733388405
6580239.401168583
6580795.115876042
6581350.877514736
6581906.686088651
6582462.541601741
6583018.444057968
6583574.393461297
6584130.389815694
6584686.433125122
6585242.523393534
6585798.660624923
6586354.844823241
6586911.075992455
6587467.354136531
6588023.679259424
6588580.051365127
6589136.470457595
6589692.936540796
6590249.449618699
6590806.009695272
6591362.6167744845
6591919.270860293
6592475.971956693
6593032.720067642
6593589.51519711
6594146.357349069
6594703.246527475
6595260.182736328
6595817.165979586
6596374.19626122
6596931.273585202
6597488.397955508
6598045.569376108
6598602.787850964
6599160.053384076
6599717.365979404
6600274.725640925
6600832.13237261
6601389.586178424
6601947.087062367
6602504.635028403
6603062.230080509
6603619.872222659
6604177.561458832
6604735.297793004
6605293.081229138
6605850.911771242
6606408.789423278
6606966.714189225
6607524.686073063
6608082.705078756
6608640.771210313
6609198.884471699
6609757.0448668925
6610315.252399877
6610873.507074631
6611431.808895137
6611990.157865363
6612548.553989318
6613106.997270971
6613665.487714303
6614224.025323298
6614782.610101925
6615341.242054196
6615899.921184081
6616458.647495563
6617017.420992628
6617576.24167926
6618135.109559445
6618694.024637154
6619252.986916401
6619811.996401158
6620371.053095413
6620930.157003151
6621489.308128348
6622048.5064750165
6622607.752047132
6623167.044848681
6623726.384883656
6624285.772156042
6624845.206669831
6625404.688428998
6625964.21743756
6626523.793699493
6627083.417218789
6627643.087999439
6628202.80604542
6628762.57136075
6629322.383949409
6629882.243815389
6630442.150962683
6631002.105395283
6631562.107117183
6632122.156132362
6632682.252444843
6633242.396058605
6633802.586977645
6634362.825205955
6634923.110747519
6635483.443606359
6636043.823786458
6636604.2512918115
6637164.726126417
6637725.2482942715
6638285.817799372
6638846.434645703
6639407.098837289
6639967.810378116
6640528.569272182
6641089.375523486
6641650.229136027
6642211.130113794
6642772.07846081
6643333.074181064
6643894.117278557
6644455.20775729
6645016.345621265
6645577.530874468
6646138.76352093
6646700.04356464
6647261.3710096
6647822.745859814
6648384.168119284
6648945.637792002
6649507.154881999
6650068.7193932645
6650630.331329804
6651191.990695624
6651753.697494728
6652315.451731109
6652877.253408801
6653439.102531796
6654000.999104102
6654562.943129725
6655124.934612673
6655686.97355694
6656249.059966562
6656811.193845534
6657373.375197864
6657935.604027562
6658497.880338637
6659060.204135085
6659622.575420945
6660184.994200213
6660747.4604768995
6661309.974255016
6661872.535538575
6662435.1443315735
6662997.800638052
6663560.504462008
6664123.255807457
6664686.054678409
6665248.901078881
6665811.795012872
6666374.736484422
6666937.725497534
6667500.762056222
6668063.846164502
6668626.9778263895
6669190.157045887
6669753.383827037
6670316.658173843
6670879.980090323
6671443.349580494
6672006.766648373
6672570.231297964
6673133.743533315
6673697.303358429
6674260.910777325
6674824.565794024
6675388.268412543
6675952.018636892
6676515.816471116
6677079.661919222
6677643.554985234
6678207.495673169
6678771.483987053
6679335.519930893
6679899.603508737
6680463.734724596
6681027.913582494
6681592.140086452
6682156.414240494
6682720.736048647
6683285.105514919
6683849.522643363
6684413.987437991
6684978.499902828
6685543.0600419
6686107.667859219
6686672.32335884
6687237.026544775
6687801.777421053
6688366.575991699
6688931.422260742
6689496.316232211
6690061.25791012
6690626.247298526
6691191.284401444
6691756.369222903
6692321.501766934
6692886.682037554
6693451.91003882
6694017.185774748
6694582.509249372
6695147.880466722
6695713.299430831
6696278.76614573
6696844.280615439
6697409.842844018
6697975.452835486
6698541.110593879
6699106.816123228
6699672.5694275545
6700238.370510922
6700804.219377351
6701370.1160308765
6701936.060475535
6702502.052715361
6703068.092754393
6703634.180596652
6704200.316246205
6704766.499707073
6705332.7309832955
6705899.01007891
6706465.336997941
6707031.711744456
6707598.134322478
6708164.60473605
6708731.1229892075
6709297.689085994
6709864.303030449
6710430.964826599
6710997.674478513
6711564.43199022
6712131.23736576
6712698.090609176
6713264.991724497
6713831.940715793
6714398.937587093
6714965.982342442
6715533.074985882
6716100.2155214595
6716667.403953217
6717234.640285187
6717801.9245214425
6718369.256666014
6718936.636722948
6719504.064696291
6720071.540590077
6720639.064408379
6721206.63615523
6721774.255834679
6722341.923450774
6722909.639007563
6723477.402509093
6724045.213959402
6724613.0733625665
6725180.980722621
6725748.936043617
6726316.939329604
6726884.990584618
6727453.089812741
6728021.237018007
6728589.432204469
6729157.67537618
6729725.9665371915
6730294.305691556
6730862.692843314
6731431.127996547
6731999.611155293
6732568.142323608
6733136.721505544
6733705.348705145
6734274.023926492
6734842.747173628
6735411.518450608
6735980.337761488
6736549.205110325
6737118.1205011755
6737687.083938084
6738256.0954251345
6738825.154966371
6739394.262565854
6739963.418227639
6740532.621955774
6741101.873754343
6741671.173627394
6742240.521578987
6742809.917613181
6743379.361734038
6743948.8539456185
6744518.39425197
6745087.98265718
6745657.6191653
6746227.303780391
6746797.036506516
6747366.817347723
6747936.6463081045
6748506.52339171
6749076.448602603
6749646.421944848
6750216.443422511
6750786.513039657
6751356.630800336
6751926.7967086425
6752497.01076863
6753067.272984362
6753637.583359908
6754207.941899321
6754778.348606696
6755348.803486086
6755919.306541561
6756489.857777188
6757060.457197037
6757631.104805176
6758201.800605661
6758772.544602592
6759343.336800022
6759914.1772020245
6760485.065812669
6761056.002636013
6761626.987676155
6762198.020937155
6762769.102423085
6763340.232138016
6763911.410086024
6764482.63627118
6765053.910697544
6765625.233369218
6766196.604290265
6766768.023464755
6767339.490896767
6767911.006590362
6768482.570549642
6769054.18277867
6769625.843281522
6770197.552062277
6770769.30912501
6771341.114473799
6771912.968112708
6772484.870045843
6773056.820277269
6773628.818811064
6774200.865651308
6774772.960802067
6775345.104267447
6775917.296051517
6776489.536158356
6777061.824592045
6777634.161356665
6778206.546456298
6778778.979895012
6779351.461676919
6779923.991806085
6780496.570286594
6781069.19712253
6781641.872317961
6782214.595877002
6782787.367803721
6783360.188102203
6783933.056776534
6784505.973830799
6785078.939269084
6785651.95309546
6786225.0153140435
6786798.125928905
6787371.284944134
6787944.492363816
6788517.748192026
6789091.05243288
6789664.405090452
6790237.806168832
6790811.255672108
6791384.753604371
6791958.2999697095
6792531.8947722
6793105.538015963
6793679.229705072
6794252.969843621
6794826.758435701
6795400.59548539
6795974.480996809
6796548.414974035
6797122.397421162
6797696.428342284
6798270.507741493
6798844.635622885
6799418.81199054
6799993.0368485795
6800567.310201085
6801141.632052153
6801716.002405879
6802290.421266345
6802864.888637675
6803439.404523953
6804013.968929274
6804588.581857738
6805163.243313442
6805737.9533004835
6806312.7118229475
6806887.518884961
6807462.374490609
6808037.278643993
6808612.231349209
6809187.232610348
6809762.2824315345
6810337.380816858
6810912.52777042
6811487.723296319
6812062.967398661
6812638.260081547
6813213.601349065
6813788.991205347
6814364.429654481
6814939.916700572
6815515.452347725
6816091.036600041
6816666.669461615
6817242.350936578
6817818.081029021
6818393.859743051
6818969.687082774
6819545.563052297
6820121.48765571
6820697.460897152
6821273.482780715
6821849.553310508
6822425.672490637
6823001.840325211
6823578.056818327
6824154.321974121
6824730.6357966885
6825306.99829014
6825883.409458586
6826459.869306137
6827036.377836889
6827612.935054983
6828189.540964516
6828766.1955696
6829342.898874347
6829919.650882871
6830496.45159927
6831073.301027687
6831650.19917222
6832227.146036984
6832804.1416260945
6833381.185943664
6833958.278993797
6834535.420780633
6835112.611308277
6835689.850580844
6836267.138602451
6836844.475377216
6837421.86090924
6837999.295202671
6838576.778261611
6839154.31009018
6839731.890692495
6840309.520072676
6840887.198234828
6841464.9251831
6842042.700921597
6842620.525454439
6843198.3987857485
6843776.320919645
6844354.291860236
6844932.311611672
6845510.380178061
6846088.497563526
6846666.663772189
6847244.878808173
6847823.14267559
6848401.455378588
6848979.816921281
6849558.227307791
6850136.686542245
6850715.194628766
6851293.751571467
6851872.357374502
6852451.012041984
6853029.715578038
6853608.467986793
6854187.269272375
6854766.119438898
6855345.018490518
6855923.96643135
6856502.963265522
6857082.008997165
6857661.103630406
6858240.247169376
6858819.439618192
6859398.68098101
6859977.97126195
6860557.310465142
6861136.698594716
6861716.135654793
6862295.621649531
6862875.156583048
6863454.74045948
6864034.373282958
6864614.055057616
6865193.785787588
6865773.565476995
6866353.39413
6866933.271750723
6867513.198343299
6868093.173911866
6868673.1984605435
6869253.271993498
6869833.394514851
6870413.566028741
6870993.786539304
6871574.05605068
6872154.374567004
6872734.742092404
6873315.1586310435
6873895.624187051
6874476.138764564
6875056.702367724
6875637.315000656
6876217.976667529
6876798.68737247
6877379.447119621
6877960.2559131235
6878541.113757119
6879122.020655749
6879702.976613145
6880283.981633477
6880865.035720873
6881446.138879478
6882027.291113436
6882608.492426878
6883189.742823976
6883771.042308862
6884352.390885682
6884933.78855858
6885515.235331704
6886096.731209199
6886678.276195199
6887259.870293881
6887841.513509375
6888423.205845832
6889004.9473073995
6889586.737898212
6890168.577622446
6890750.466484237
6891332.4044877365
6891914.391637093
6892496.427936458
6893078.513389981
6893660.6480018
6894242.831776095
6894825.064717002
6895407.346828675
6895989.678115266
6896572.0585809145
6897154.488229801
6897736.967066065
6898319.495093862
6898902.072317344
6899484.698740667
6900067.374367986
6900650.099203442
6901232.873251219
6901815.69651546
6902398.56900032
6902981.490709956
6903564.461648512
6904147.481820172
6904730.551229081
6905313.669879397
6905896.837775279
6906480.054920885
6907063.3213203745
6907646.636977893
6908230.001897629
6908813.416083728
6909396.879540352
6909980.39227166
6910563.9542818
6911147.565574964
6911731.226155297
6912314.9360269625
6912898.695194123
6913482.503660942
6914066.361431584
6914650.268510197
6915234.224900974
6915818.230608065
6916402.285635635
6916986.38998785
6917570.543668861
6918154.746682862
6918738.999034004
6919323.300726457
6919907.651764384
6920492.052151955
6921076.501893336
6921661.000992682
6922245.54945419
6922830.147282013
6923414.794480321
6923999.491053284
6924584.237005058
6925169.032339839
6925753.877061785
6926338.771175068
6926923.714683857
6927508.707592325
6928093.749904643
6928678.84162497
6929263.982757506
6929849.17330641
6930434.413275856
6931019.702670017
6931605.041493053
6932190.429749167
6932775.867442519
6933361.354577284
6933946.891157639
6934532.477187758
6935118.112671818
6935703.79761398
6936289.532018452
6936875.315889394
6937461.149230985
6938047.032047403
6938632.964342812
6939218.946121418
6939804.977387387
6940391.058144897
6940977.188398129
6941563.368151263
6942149.597408479
6942735.876173943
6943322.204451865
6943908.582246412
6944495.009561765
6945081.486402108
6945668.012771608
6946254.588674476
6946841.214114883
6947427.88909701
6948014.613625042
6948601.387703164
6949188.211335558
6949775.084526398
6950362.007279897
6950948.979600225
6951536.001491568
6952123.072958115
6952710.194004035
6953297.364633545
6953884.58485082
6954471.854660044
6955059.174065409
6955646.543071102
6956233.961681311
6956821.429900212
6957408.947732023
6957996.515180918
6958584.13225109
6959171.798946728
6959759.515272008
6960347.281231152
6960935.096828336
6961522.962067751
6962110.8769535925
6962698.84149005
6963286.855681319
6963874.919531576
6964463.033045047
6965051.196225909
6965639.409078358
6966227.671606587
6966815.983814779
6967404.345707158
6967992.757287904
6968581.218561214
6969169.729531285
6969758.290202315
6970346.9005785
6970935.560664023
6971524.270463112
6972113.02997995
6972701.839218736
6973290.69818367
6973879.606878935
6974468.565308763
6975057.573477336
6975646.631388858
6976235.739047527
6976824.896457546
6977414.103623116
6978003.3605484255
6978592.667237704
6979182.02369514
6979771.429924938
6980360.8859313
6980950.391718416
6981539.947290518
6982129.552651797
6982719.207806458
6983308.912758705
6983898.667512745
6984488.472072782
6985078.326443009
6985668.230627662
6986258.184630932
6986848.188457027
6987438.2421101555
6988028.3455945095
6988618.4989143275
6989208.702073802
6989798.955077145
6990389.257928563
6990979.610632268
6991570.013192468
6992160.4656133605
6992750.967899185
6993341.520054138
6993932.122082431
6994522.773988277
6995113.475775886
6995704.227449458
6996295.029013235
6996885.880471415
6997476.781828212
6998067.733087839
6998658.734254512
6999249.785332431
6999840.886325839
7000432.037238939
7001023.238075944
7001614.488841073
7002205.78953854
7002797.1401725495
7003388.540747346
7003979.991267134
7004571.491736131
7005163.042158555
7005754.642538625
7006346.292880545
7006937.993188565
7007529.743466889
7008121.543719736
7008713.393951328
7009305.294165885
7009897.244367614
7010489.244560767
7011081.294749549
7011673.394938183
7012265.545130892
7012857.745331899
7013449.995545412
7014042.2957756845
7014634.646026926
7015227.046303361
7015819.496609212
7016411.996948707
7017004.547326056
7017597.147745513
7018189.798211291
7018782.498727616
7019375.249298714
7019968.049928813
7020560.900622127
7021153.801382911
7021746.75221538
7022339.753123762
7022932.804112287
7023525.9051851835
7024119.056346667
7024712.257600997
7025305.508952389
7025898.810405073
7026492.161963281
7027085.563631245
7027679.015413182
7028272.517313353
7028866.069335977
7029459.671485284
7030053.323765512
7030647.02618089
7031240.77873564
7031834.581434026
7032428.434280267
7033022.337278598
7033616.290433255
7034210.293748473
7034804.347228475
7035398.450877525
7035992.604699846
7036586.808699676
7037181.062881252
7037775.367248812
7038369.721806593
7038964.126558822
7039558.581509764
7040153.086663646
7040747.642024707
7041342.247597187
7041936.903385312
7042531.609393353
7043126.365625534
7043721.172086099
7044316.028779289
7044910.935709345
7045505.892880512
7046100.900297018
7046695.957963133
7047291.065883089
7047886.224061129
7048481.432501496
7049076.691208422
7049672.000186182
7050267.359439003
7050862.768971136
7051458.228786823
7052053.738890313
7052649.299285851
7053244.909977673
7053840.570970052
7054436.282267222
7055032.043873434
7055627.855792934
7056223.718029958
7056819.630588784
7057415.593473648
7058011.606688798
7058607.6702384865
7059203.7841269635
7059799.948358481
7060396.162937275
7060992.427867628
7061588.743153775
7062185.108799972
7062781.52481047
7063377.991189508
7063974.507941369
7064571.075070293
7065167.692580533
7065764.360476346
7066361.0787619855
7066957.847441708
7067554.666519754
7068151.536000409
7068748.455887916
7069345.426186531
7069942.446900511
7070539.5180341005
7071136.639591585
7071733.811577209
7072331.033995233
7072928.306849913
7073525.630145511
7074123.003886285
7074720.428076482
7075317.902720391
7075915.427822259
7076513.003386347
7077110.629416916
7077708.305918213
7078306.032894531
7078903.810350118
7079501.638289236
7080099.516716151
7080697.445635122
7081295.425050418
7081893.454966286
7082491.5353870215
7083089.666316874
7083687.847760111
7084286.079720996
7084884.362203782
7085482.695212766
7086081.078752198
7086679.512826347
7087277.99743948
7087876.532595866
7088475.118299773
7089073.754555455
7089672.441367211
7090271.178739295
7090869.966675978
7091468.80518153
7092067.694260207
7092666.633916308
7093265.624154092
7093864.664977829
7094463.756391792
7095062.898400253
7095662.091007484
7096261.334217746
7096860.6280353395
7097459.972464524
7098059.367509575
7098658.813174766
7099258.309464358
7099857.856382654
7100457.453933918
7101057.102122423
7101656.8009524485
7102256.5504282685
7102856.350554162
7103456.201334391
7104056.102773262
7104656.0548750395
7105256.057644002
7105856.11108443
7106456.215200584
7107056.369996778
7107656.575477273
7108256.831646352
7108857.138508295
7109457.496067383
7110057.904327898
7110658.363294107
7111258.87297032
7111859.433360808
7112460.044469851
7113060.706301734
7113661.418860725
7114262.182151139
7114862.996177243
7115463.860943324
7116064.776453666
7116665.742712555
7117266.759724277
7117867.827493102
7118468.946023348
7119070.115319286
7119671.335385203
7120272.606225387
7120873.927844113
7121475.300245696
7122076.723434411
7122678.197414547
7123279.722190394
7123881.297766241
7124482.92414638
7125084.601335085
7125686.329336677
7126288.108155431
7126889.937795641
7127491.818261597
7128093.749557579
7128695.731687907
7129297.764656859
7129899.848468731
7130501.983127815
7131104.168638404
7131706.405004796
7132308.692231268
7132911.030322146
7133513.41928171
7134115.859114257
7134718.349824082
7135320.891415469
7135923.4838927435
7136526.127260188
7137128.8215221
7137731.566682777
7138334.36274652
7138937.209717626
7139540.10760038
7140143.05639911
7140746.056118103
7141349.106761658
7141952.208334076
7142555.360839644
7143158.564282693
7143761.818667508
7144365.123998393
7144968.480279651
7145571.887515582
7146175.345710493
7146778.854868669
7147382.414994447
7147986.026092114
7148589.688165977
7149193.401220338
7149797.165259491
7150400.980287768
7151004.846309463
7151608.763328881
7152212.73135033
7152816.750378116
7153420.820416547
7154024.941469917
7154629.113542563
7155233.336638779
7155837.610762875
7156441.935919158
7157046.312111926
7157650.739345517
7158255.217624227
7158859.746952366
7159464.327334247
7160068.95877418
7160673.641276479
7161278.374845439
7161883.159485403
7162487.995200671
7163092.881995554
7163697.819874368
7164302.808841411
7164907.848901027
7165512.940057516
7166118.082315194
7166723.275678377
7167328.520151379
7167933.815738518
7168539.162444095
7169144.560272458
7169750.009227908
7170355.509314764
7170961.060537344
7171566.662899965
7172172.316406934
7172778.021062597
7173383.776871259
7173989.583837242
7174595.441964866
7175201.351258449
7175807.311722301
7176413.32336077
7177019.386178165
7177625.5001788065
7178231.665367019
7178837.881747124
7179444.14932343
7180050.468100291
7180656.8380820155
7181263.259272927
7181869.731677352
7182476.255299616
7183082.830144027
7183689.456214943
7184296.133516674
7184902.862053547
7185509.641829888
7186116.472850026
7186723.355118273
7187330.288638986
7187937.273416479
7188544.309455081
7189151.396759121
7189758.5353329275
7190365.725180818
7190972.966307149
7191580.25871624
7192187.602412418
7192794.997400017
7193402.443683369
7194009.941266789
7194617.490154641
7195225.090351241
7195832.741860923
7196440.444688022
7197048.1988368705
7197656.004311787
7198263.861117138
7198871.769257241
7199479.728736433
7200087.73955905
7200695.801729427
7201303.9152518865
7201912.080130794
7202520.296370473
7203128.56397526
7203736.882949492
7204345.25329751
7204953.675023636
7205562.148132239
7206170.672627643
7206779.2485141875
7207387.875796215
7207996.554478062
7208605.284564058
7209214.066058573
7209822.898965932
7210431.783290479
7211040.719036556
7211649.706208505
7212258.744810654
7212867.834847376
7213476.976323
7214086.169241871
7214695.413608333
7215304.70942673
7215914.056701394
7216523.455436699
7217132.9056369765
7217742.407306573
7218351.960449835
7218961.56507111
7219571.221174729
7220180.928765072
7220790.68784647
7221400.498423273
7222010.360499829
7222620.274080488
7223230.239169599
7223840.255771497
7224450.323890563
7225060.443531132
7225670.614697556
7226280.837394185
7226891.1116253575
7227501.437395455
7228111.814708815
7228722.24356979
7229332.723982734
7229943.255952001
7230553.839481943
7231164.474576902
7231775.161241261
7232385.899479361
7232996.689295557
7233607.530694206
7234218.423679648
7234829.36825627
7235440.364428414
7236051.412200437
7236662.511576697
7237273.662561553
7237884.865159361
7238496.119374468
7239107.42521126
7239718.782674084
7240330.1917673
7240941.652495266
7241553.16486233
7242164.728872881
7242776.344531267
7243388.011841849
7243999.73080899
7244611.501437051
7245223.323730396
7245835.197693374
7246447.123330376
7247059.100645754
7247671.12964387
7248283.210329089
7248895.342705763
7249507.526778285
7250119.762551008
7250732.050028296
7251344.389214518
7251956.780114038
7252569.222731226
7253181.717070433
7253794.263136058
7254406.8609324545
7255019.51046399
7255632.211735035
7256244.964749943
7256857.769513114
7257470.626028905
7258083.534301684
7258696.494335823
7259309.506135694
7259922.569705668
7260535.685050102
7261148.852173399
7261762.071079917
7262375.341774029
7262988.664260108
7263602.038542513
7264215.464625649
7264828.942513875
7265442.472211567
7266056.053723099
7266669.687052847
7267283.3722051885
7267897.109184485
7268510.897995141
7269124.738641522
7269738.631128003
7270352.5754589625
7270966.571638766
7271580.619671819
7272194.719562488
7272808.871315151
7273423.07493419
7274037.330423983
7274651.637788911
7275265.997033342
7275880.408161684
7276494.871178306
7277109.386087589
7277723.952893916
7278338.571601655
7278953.242215219
7279567.964738976
7280182.739177311
7280797.565534607
7281412.443815249
7282027.374023623
7282642.356164099
7283257.390241092
7283872.476258974
7284487.614222131
7285102.80413495
7285718.046001804
7286333.339827109
7286948.68561524
7287564.083370583
7288179.533097529
7288795.034800465
7289410.588483783
7290026.194151856
7290641.851809105
7291257.561459905
7291873.323108647
7292489.136759724
7293105.002417509
7293720.920086428
7294336.889770856
7294952.911475187
7295568.985203814
7296185.110961131
7296801.2887515295
7297417.518579392
7298033.800449141
7298650.134365158
7299266.520331838
7299882.958353576
7300499.448434753
7301115.990579798
7301732.58479309
7302349.231079027
7302965.929442008
7303582.679886429
7304199.48241669
7304816.337037174
7305433.243752311
7306050.202566484
7306667.213484094
7307284.27650954
7307901.391647209
7308518.558901533
7309135.778276895
7309753.0497777
7310370.373408347
7310987.749173242
7311605.177076785
7312222.657123365
7312840.189317416
7313457.773663327
7314075.410165503
7314693.0988283465
7315310.83965625
7315928.632653647
7316546.477824929
7317164.375174503
7317782.324706774
7318400.32642615
7319018.380337039
7319636.4864438325
7320254.644750969
7320872.855262842
7321491.117983859
7322109.432918431
7322727.800070952
7323346.219445862
7323964.691047555
7324583.214880443
7325201.790948938
7325820.419257449
7326439.099810389
7327057.832612155
7327676.617667189
7328295.45497989
7328914.344554671
7329533.286395946
7330152.280508112
7330771.326895615
7331390.425562855
7332009.576514246
7332628.779754205
7333248.035287146
7333867.343117488
7334486.70324963
7335106.1156880185
7335725.580437059
7336345.097501167
7336964.666884761
7337584.2885922445
7338203.962628067
7338823.688996632
7339443.467702359
7340063.2987496685
7340683.18214298
7341303.1178867165
7341923.105985281
7342543.146443128
7343163.239264661
7343783.384454305
7344403.582016481
7345023.831955599
7345644.134276109
7346264.488982423
7346884.896078963
7347505.355570154
7348125.867460422
7348746.4317541905
7349367.048455872
7349987.717569919
7350608.439100747
7351229.21305278
7351850.039430446
7352470.918238157
7353091.849480372
7353712.833161503
7354333.869285979
7354954.957858229
7355576.098882682
7356197.292363768
7356818.538305902
7357439.836713544
7358061.18759111
7358682.590943033
7359304.046773742
7359925.55508767
7360547.115889234
7361168.729182897
7361790.394973077
7362412.113264208
7363033.884060723
7363655.707367056
7364277.583187627
7364899.511526901
7365521.492389299
7366143.525779255
7366765.611701206
7367387.75015959
7368009.9411588255
7368632.184703382
7369254.480797681
7369876.829446162
7370499.230653262
7371121.684423419
7371744.190761059
7372366.74967065
7372989.361156616
7373612.0252234
7374234.741875441
7374857.511117179
7375480.332953041
7376103.2073875
7376726.134424982
7377349.114069928
7377972.146326783
7378595.23119999
7379218.368693976
7379841.558813216
7380464.801562139
7381088.09694519
7381711.4449668145
7382334.845631457
7382958.298943548
7383581.804907565
7384205.363527939
7384828.974809116
7385452.638755545
7386076.355371673
7386700.124661932
7387323.946630801
7387947.821282716
7388571.748622123
7389195.728653473
7389819.761381216
7390443.846809787
7391067.984943667
7391692.175787292
7392316.419345113
7392940.715621583
7393565.064621153
7394189.466348262
7394813.9208073905
7395438.428002979
7396062.98793948
7396687.600621348
7397312.266053038
7397936.984238989
7398561.7551836865
7399186.578891571
7399811.455367099
7400436.384614726
7401061.366638909
7401686.4014440905
7402311.489034757
7402936.629415353
7403561.822590335
7404187.0685641635
7404812.367341295
7405437.7189261755
7406063.123323294
7406688.5805370975
7407314.090572043
7407939.653432595
7408565.269123212
7409190.937648342
7409816.659012476
7410442.433220062
7411068.260275564
7411694.140183443
7412320.072948163
7412946.058574189
7413572.097065968
7414198.188427998
7414824.332664726
7415450.529780619
7416076.779780141
7416703.082667746
7417329.438447927
7417955.847125139
7418582.308703847
7419208.823188521
7419835.390583627
7420462.010893634
7421088.684122995
7421715.410276211
7422342.189357734
7422969.021372037
7423595.906323588
7424222.844216844
7424849.835056305
7425476.878846427
7426103.975591684
7426731.125296545
7427358.327965486
7427985.583602977
7428612.892213478
7429240.253801492
7429867.668371478
7430495.135927911
7431122.6564752655
7431750.230018002
7432377.856560625
7433005.536107597
7433633.268663393
7434261.054232491
7434888.892819366
7435516.784428499
7436144.729064348
7436772.726731425
7437400.777434193
7438028.88117713
7438657.037964716
7439285.247801415
7439913.510691738
7440541.82664015
7441170.195651131
7441798.617729164
7442427.09287873
7443055.62110431
7443684.202410373
7444312.83680143
7444941.524281951
7445570.264856419
7446199.058529316
7446827.905305114
7447456.805188325
7448085.7581834225
7448714.764294889
7449343.82352721
7449972.935884874
7450602.101372366
7451231.319994158
7451860.591754768
7452489.916658668
7453119.2947103465
7453748.725914291
7454378.210274977
7455007.747796922
7455637.338484602
7456266.982342506
7456896.679375125
7457526.429586949
7458156.23298247
7458786.089566163
7459415.9993425505
7460045.962316111
7460675.978491335
7461306.0478727175
7461936.1704647355
7462566.3462719135
7463196.57529873
7463826.85754968
7464457.193029258
7465087.581741961
7465718.023692281
7466348.518884703
7466979.06732375
7467609.669013905
7468240.323959667
7468871.032165532
7469501.793635982
7470132.608375547
7470763.47638871
7471394.39767997
7472025.372253826
7472656.400114779
7473287.481267328
7473918.615715959
7474549.803465203
7475181.044519547
7475812.338883492
7476443.686561541
7477075.087558179
7477706.541877941
7478338.049525316
7478969.610504805
7479601.224820915
7480232.8924781475
7480864.613481009
7481496.38783399
7482128.215541624
7482760.096608405
7483392.031038836
7484024.018837426
7484656.060008666
7485288.154557093
7485920.302487201
7486552.503803497
7487184.758510492
7487817.066612692
7488449.428114607
7489081.8430207325
7489714.311335608
7490346.833063731
7490979.408209609
7491612.036777755
7492244.7187726665
7492877.454198884
7493510.2430609055
7494143.085363244
7494775.981110412
7495408.930306923
7496041.932957291
7496674.989066016
7497308.098637642
7497941.261676669
7498574.478187613
7499207.7481749905
7499841.0716433
7500474.448597091
7501107.879040863
7501741.362979136
7502374.900416425
7503008.491357251
7503642.135806129
7504275.833767566
7504909.585246109
7505543.390246265
7506177.248772551
7506811.160829491
7507445.126421587
7508079.145553392
7508713.218229413
7509347.344454172
7509981.52423219
7510615.757567991
7511250.044466096
7511884.384931016
7512518.778967303
7513153.226579468
7513787.727772034
7514422.282549527
7515056.890916456
7515691.552877377
7516326.268436803
7516961.037599258
7517595.860369272
7518230.736751369
7518865.666750078
7519500.650369912
7520135.68761543
7520770.778491145
7521405.923001586
7522041.121151284
7522676.372944752
7523311.678386552
7523947.037481198
7524582.450233223
7525217.916647158
7525853.436727533
7526489.010478883
7527124.637905723
7527760.319012619
7528396.053804086
7529031.84228466
7529667.684458875
7530303.580331249
7530939.529906349
7531575.533188695
7532211.590182821
7532847.700893264
7533483.8653245615
7534120.083481249
7534756.355367849
7535392.680988929
7536029.060349013
7536665.493452637
7537301.980304344
7537938.520908653
7538575.115270137
7539211.763393319
7539848.465282742
7540485.220942943
7541122.0303784665
7541758.8935938515
7542395.8105936255
7543032.781382361
7543669.805964585
7544306.884344842
7544944.016527674
7545581.202517609
7546218.442319224
7546855.735937045
7547493.083375619
7548130.484639491
7548767.939733206
7549405.4486613115
7550043.011428337
7550680.62803886
7551318.298497414
7551956.022808544
7552593.800976802
7553231.633006731
7553869.518902869
7554507.458669793
7555145.452312039
7555783.499834156
7556421.601240694
7557059.756536203
7557697.965725221
7558336.228812328
7558974.545802061
7559612.916698973
7560251.3415076155
7560889.820232542
7561528.352878291
7562166.939449445
7562805.579950546
7563444.274386145
7564083.022760799
7564721.825079063
7565360.681345477
7565999.591564627
7566638.555741056
7567277.573879318
7567916.6459839735
7568555.7720595775
7569194.952110673
7569834.18614185
7570473.474157653
7571112.816162637
7571752.212161366
7572391.662158397
7573031.166158276
7573670.724165593
7574310.3361848965
7574950.002220746
7575589.722277704
7576229.496360331
7576869.324473176
7577509.206620832
7578149.142807848
7578789.133038786
7579429.177318212
7580069.275650688
7580709.428040766
7581349.634493042
7581989.895012064
7582630.2096024
7583270.5782686155
7583911.0010152785
7584551.477846939
7585192.008768197
7585832.593783604
7586473.23289773
7587113.926115141
7587754.673440408
7588395.474878085
7589036.330432773
7589677.2401090255
7590318.203911414
7590959.221844511
7591600.293912886
7592241.420121095
7592882.600473743
7593523.834975386
7594165.123630598
7594806.46644395
7595447.863420019
7596089.314563362
7596730.819878584
7597372.379370244
7598013.99304292
7598655.660901185
7599297.382949617
7599939.159192775
7600580.989635268
7601222.874281659
7601864.813136524
7602506.80620444
7603148.853489988
7603790.954997729
7604433.110732274
7605075.320698189
7605717.58490005
7606359.903342442
7607002.276029942
7607644.7029671315
7608287.1841585785
7608929.719608895
7609572.309322646
7610214.9533044165
7610857.651558789
7611500.404090331
7612143.210903658
7612786.072003338
7613428.987393955
7614071.957080095
7614714.981066343
7615358.059357286
7616001.191957493
7616644.3788715815
7617287.620104124
7617930.915659707
7618574.265542919
7619217.669758332
7619861.128310565
7620504.641204192
7621148.208443803
7621791.830033985
7622435.505979331
7623079.23628443
7623723.020953857
7624366.859992236
7625010.7534041405
7625654.701194163
7626298.703366898
7626942.759926921
7627586.870878856
7628231.036227281
7628875.255976791
7629519.530131979
7630163.8586974405
7630808.24167777
7631452.679077548
7632097.170901401
7632741.717153911
7633386.317839671
7634030.972963282
7634675.682529324
7635320.446542426
7635965.26500717
7636610.137928156
7637255.065309983
7637900.0471572485
7638545.083474553
7639190.174266482
7639835.319537667
7640480.519292691
7641125.773536158
7641771.082272669
7642416.445506809
7643061.863243214
7643707.33548647
7644352.86224118
7644998.443511947
7645644.079303376
7646289.769620072
7646935.514466624
7647581.313847666
7648227.16776779
7648873.076231603
7649519.039243708
7650165.0568087
7650811.128931214
7651457.255615843
7652103.436867196
7652749.67268988
7653395.963088504
7654042.308067678
7654688.707631994
7655335.161786094
7655981.670534573
7656628.233882041
7657274.851833109
7657921.524392373
7658568.251564477
7659215.033354015
7659861.869765602
7660508.760803849
7661155.706473372
7661802.706778782
7662449.761724679
7663096.871315708
7663744.035556469
7664391.254451577
7665038.528005647
7665685.85622328
7666333.239109123
7666980.676667779
7667628.168903864
7668275.715821995
7668923.317426792
7669570.973722871
7670218.684714837
7670866.45040734
7671514.270804984
7672162.145912387
7672810.075734172
7673458.060274943
7674106.099539353
7674754.193532007
7675402.342257528
7676050.545720536
7676698.803925657
7677347.116877511
7677995.484580708
7678643.907039902
7679292.384259703
7679940.916244734
7680589.5029996205
7681238.144528973
7681886.840837447
7682535.5919296555
7683184.397810223
7683833.258483777
7684482.173954945
7685131.144228356
7685780.1693086205
7686429.249200399
7687078.383908305
7687727.573436969
7688376.817791019
7689026.116975069
7689675.470993783
7690324.879851775
7690974.343553676
7691623.862104119
7692273.435507734
7692923.063769155
7693572.746892999
7694222.4848839305
7694872.277746567
7695522.125485543
7696172.028105493
7696821.9856110355
7697471.998006837
7698122.06529752
7698772.187487717
7699422.3645820655
7700072.596585202
7700722.883501765
7701373.225336376
7702023.622093704
7702674.07377837
7703324.580395016
7703975.141948278
7704625.758442782
7705276.429883198
7705927.156274152
7706577.937620283
7707228.773926233
7707879.665196643
7708530.611436156
7709181.612649396
7709832.66884104
7710483.7800157145
7711134.946178062
7711786.1673327265
7712437.443484337
7713088.77463757
7713740.160797054
7714391.6019674335
7715043.098153356
7715694.649359467
7716346.255590414
7716997.916850827
7717649.6331453845
7718301.404478719
7718953.23085548
7719605.112280314
7720257.048757854
7720909.040292783
7721561.086889734
7722213.188553357
7722865.345288301
7723517.5570992185
7724169.823990761
7724822.145967565
7725474.523034311
7726126.955195639
7726779.4424562
7727431.984820648
7728084.582293621
7728737.234879804
7729389.942583836
7730042.705410372
7730695.523364066
7731348.396449575
7732001.324671554
7732654.308034645
7733307.346543536
7733960.440202866
7734613.589017295
7735266.792991482
7735920.052130066
7736573.36643774
7737226.735919147
7737880.160578946
7738533.640421797
7739187.17545236
7739840.765675296
7740494.411095251
7741148.111716918
7741801.867544942
7742455.678583985
7743109.544838713
7743763.466313768
7744417.44301385
7745071.474943604
7745725.562107696
7746379.70451079
7747033.902157551
7747688.155052644
7748342.463200719
7748996.826606476
7749651.245274562
7750305.719209648
7750960.248416399
7751614.832899482
7752269.472663552
7752924.167713308
7753578.918053403
7754233.723688506
7754888.584623287
7755543.500862418
7756198.472410551
7756853.49927239
7757508.58145259
7758163.718955824
7758818.911786763
7759474.159950079
7760129.463450431
7760784.8222925225
7761440.236481011
7762095.706020572
7762751.23091588
7763406.811171608
7764062.446792417
7764718.137783015
7765373.88414806
7766029.685892232
7766685.543020204
7767341.455536655
7767997.423446247
7768653.446753691
7769309.525463646
7769965.659580795
7770621.8491098145
7771278.094055384
7771934.394422171
7772590.750214883
7773247.1614381885
7773903.628096768
7774560.1501953015
7775216.727738473
7775873.360730947
7776530.04917744
7777186.793082618
7777843.592451166
7778500.447287767
7779157.357597105
7779814.32338385
7780471.344652718
7781128.421408379
7781785.55365552
7782442.741398826
7783099.984642984
7783757.283392666
7784414.63765259
7785072.047427429
7785729.512721872
7786387.0335406065
7787044.609888322
7787702.241769692
7788359.929189439
7789017.672152237
7789675.470662776
7790333.324725748
7790991.234345845
7791649.199527741
7792307.220276162
7792965.296595785
7793623.428491301
7794281.615967406
7794939.859028792
7795598.157680138
7796256.51192617
7796914.921771569
7797573.387221029
7798231.908279246
7798890.484950916
7799549.11724072
7800207.805153388
7800866.548693599
7801525.347866054
7802184.202675449
7802843.113126484
7803502.0792238405
7804161.100972251
7804820.1783764
7805479.311440987
7806138.500170711
7806797.744570276
7807457.044644382
7808116.400397714
7808775.811835008
7809435.27896095
7810094.801780242
7810754.380297588
7811414.014517676
7812073.704445243
7812733.450084976
7813393.251441581
7814053.108519764
7814713.0213242285
7815372.989859683
7816033.014130818
7816693.094142371
7817353.229899034
7818013.421405516
7818673.668666523
7819333.971686749
7819994.3304709345
7820654.745023774
7821315.215349976
7821975.741454251
7822636.32334131
7823296.961015863
7823957.654482606
7824618.403746284
7825279.20881159
7825940.06968324
7826600.986365944
7827261.958864402
7827922.987183358
7828584.071327511
7829245.2113015745
7829906.407110265
7830567.658758297
7831228.966250386
7831890.329591232
7832551.748785585
7833213.223838145
7833874.754753629
7834536.341536755
7835197.984192224
7835859.682724789
7836521.437139151
7837183.24744003
7837845.113632146
7838507.035720219
7839169.013708969
7839831.047603101
7840493.137407368
7841155.283126477
7841817.48476515
7842479.742328108
7843142.05582006
7843804.425245759
7844466.850609915
7845129.3319172505
7845791.86917249
7846454.46238036
7847117.111545584
7847779.816672873
7848442.577766985
7849105.394832629
7849768.267874533
7850431.196897425
7851094.181906016
7851757.222905066
7852420.319899288
7853083.472893409
7853746.681892162
7854409.946900274
7855073.267922475
7855736.6449634805
7856400.078028053
7857063.567120908
7857727.112246777
7858390.713410392
7859054.37061647
7859718.083869777
7860381.853175027
7861045.678536956
7861709.559960298
7862373.497449787
7863037.491010158
7863701.540646131
7864365.646362472
7865029.808163904
7865694.02605516
7866358.30004098
7867022.630126082
7867687.0163152395
7868351.458613172
7869015.957024619
7869680.5115543185
7870345.122207011
7871009.788987435
7871674.511900316
7872339.290950426
7873004.126142489
7873669.017481246
7874333.964971441
7874998.968617799
7875664.028425093
7876329.144398051
7876994.3165414175
7877659.5448599355
7878324.829358348
7878990.1700414
7879655.566913822
7880321.019980389
7880986.529245831
7881652.094714896
7882317.716392329
7882983.394282861
7883649.128391271
7884314.918722292
7884980.765280672
7885646.668071158
7886312.627098501
7886978.642367448
7887644.713882734
7888310.841649141
7888977.025671403
7889643.265954272
7890309.562502499
7890975.915320819
7891642.324414017
7892308.789786829
7892975.311444008
7893641.889390307
7894308.52363048
7894975.214169282
7895641.96101145
7896308.764161772
7896975.623624987
7897642.539405851
7898309.5115091195
7898976.539939534
7899643.624701883
7900310.765800907
7900977.963241365
7901645.217028015
7902312.527165615
7902979.893658924
7903647.316512685
7904314.795731691
7904982.331320685
7905649.923284428
7906317.571627681
7906985.27635519
7907653.037471747
7908320.8549821
7908988.728891011
7909656.6592032425
7910324.645923558
7910992.6890567215
7911660.788607481
7912328.944580634
7912997.156980928
7913665.425813129
7914333.751082003
7915002.132792301
7915670.57094882
7916339.065556311
7917007.616619542
7917676.2241432825
7918344.888132297
7919013.608591358
7919682.385525215
7920351.218938673
7921020.108836483
7921689.055223417
7922358.058104243
7923027.117483718
7923696.233366647
7924365.405757783
7925034.634661899
7925703.920083769
7926373.262028163
7927042.660499859
7927712.11550361
7928381.627044225
7929051.195126463
7929720.819755098
7930390.500934905
7931060.238670645
7931730.032967126
7932399.8838291075
7933069.791261368
7933739.7552686855
7934409.775855836
7935079.853027599
7935749.986788737
7936420.17714406
7937090.424098333
7937760.727656336
7938431.087822848
7939101.504602634
7939771.978000509
7940442.5080212355
7941113.094669597
7941783.737950376
7942454.437868356
7943125.194428317
7943796.00763503
7944466.877493309
7945137.804007923
7945808.787183656
7946479.827025295
7947150.923537607
7947822.076725413
7948493.28659348
7949164.553146598
7949835.876389551
7950507.256327129
7951178.692964119
7951850.186305293
7952521.736355472
7953193.34311943
7953865.006601957
7954536.726807841
7955208.503741873
7955880.3374088295
7956552.227813532
7957224.174960757
7957896.178855295
7958568.23950194
7959240.356905485
7959912.5310707055
7960584.762002429
7961257.049705434
7961929.394184512
7962601.79544446
7963274.253490074
7963946.768326131
7964619.339957461
7965291.968388844
7965964.653625078
7966637.395670958
7967310.194531283
7967983.050210836
7968655.962714446
7969328.932046897
7970001.9582129875
7970675.041217517
7971348.1810652865
7972021.37776108
7972694.63130973
7973367.941716024
7974041.308984761
7974714.733120744
7975388.214128776
7976061.752013644
7976735.346780184
7977408.998433182
7978082.706977444
7978756.472417773
7979430.294758975
7980104.174005839
7980778.1101632025
7981452.103235857
7982126.153228607
7982800.260146262
7983474.423993628
7984148.644775496
7984822.922496708
7985497.257162056
7986171.648776349
7986846.097344396
7987520.602871007
7988195.165360976
7988869.784819148
7989544.4612503145
7990219.19465929
7990893.985050885
7991568.832429911
7992243.736801166
7992918.698169496
7993593.716539696
7994268.791916582
7994943.924304967
7995619.113709666
7996294.360135478
7996969.663587253
7997645.024069787
7998320.441587899
7998995.916146405
7999671.447750122
8000347.0364038525
8001022.682112445
8001698.384880703
8002374.144713446
8003049.961615491
8003725.835591659
8004401.766646754
8005077.754785629
8005753.800013088
8006429.902333952
8007106.061753043
8007782.2782751825
8008458.551905178
8009134.882647885
8009811.270508109
8010487.715490675
8011164.217600405
8011840.776842127
8012517.393220663
8013194.066740823
8013870.797407465
8014547.5852254
8015224.430199453
8015901.332334451
8016578.291635207
8017255.30810658
8017932.381753381
8018609.51258044
8019286.700592587
8019963.945794648
8020641.248191455
8021318.607787822
8021996.024588612
8022673.498598639
8023351.029822736
8024028.618265733
8024706.263932447
8025383.966827743
8026061.726956438
8026739.544323365
8027417.418933359
8028095.350791253
8028773.339901882
8029451.386270066
8030129.489900671
8030807.650798518
8031485.868968444
8032164.1444152845
8032842.4771438595
8033520.867159042
8034199.314465651
8034877.819068526
8035556.3809725065
8036235.00018243
8036913.676703137
8037592.410539452
8038271.201696247
8038950.050178346
8039628.955990592
8040307.919137825
8040986.939624871
8041666.017456607
8042345.152637857
8043024.345173465
8043703.595068276
8044382.902327132
8045062.26695488
8045741.688956346
8046421.16833641
8047100.7050999
8047780.2992516635
8048459.950796546
8049139.659739379
8049819.426085042
8050499.249838365
8051179.131004199
8051859.069587391
8052539.06559279
8053219.119025246
8053899.229889592
8054579.398190712
8055259.623933438
8055939.907122623
8056620.247763119
8057300.645859759
8057981.10141743
8058661.614440968
8059342.184935226
8060022.812905057
8060703.498355316
8061384.241290856
8062065.041716517
8062745.899637185
8063426.815057701
8064107.78798292
8064788.818417699
8065469.906366877
8066151.051835346
8066832.2548279455
8067513.515349535
8068194.833404971
8068876.208999115
8069557.642136824
8070239.132822942
8070920.681062362
8071602.286859929
8072283.950220501
8072965.671148943
8073647.449650098
8074329.285728862
8075011.179390079
8075693.130638615
8076375.139479332
8077057.205917093
8077739.329956764
8078421.5116031915
8079103.750861274
8079786.047735861
8080468.402231817
8081150.81435401
8081833.284107288
8082515.811496554
8083198.396526656
8083881.039202463
8084563.739528844
8085246.497510667
8085929.313152801
8086612.1864601
8087295.117437466
8087978.106089753
8088661.152421832
8089344.256438574
8090027.418144833
8090710.637545517
8091393.914645479
8092077.249449593
8092760.641962732
8093444.09218977
8094127.600135581
8094811.165805022
8095494.789203002
8096178.47033438
8096862.209204031
8097546.00581683
8098229.86017764
8098913.772291369
8099597.742162877
8100281.769797043
8100965.855198746
8101649.998372863
8102334.1993242735
8103018.45805784
8103702.774578477
8104387.148891047
8105071.58100043
8105756.070911508
8106440.618629145
8107125.224158258
8107809.8875037115
8108494.608670387
8109179.38766317
8109864.2244869415
8110549.119146587
8111234.071646974
8111919.081993022
8112604.150189596
8113289.276241585
8113974.460153873
8114659.70193133
8115345.001578878
8116030.359101385
8116715.7745037405
8117401.247790831
8118086.778967546
8118772.368038775
8119458.01500939
8120143.719884314
8120829.482668419
8121515.303366598
8122201.181983741
8122887.118524723
8123573.112994468
8124259.165397853
8124945.275739769
8125631.44402511
8126317.670258771
8127003.954445642
8127690.296590605
8128376.696698585
8129063.154774461
8129749.670823129
8130436.244849484
8131122.876858408
8131809.566854828
8132496.314843627
8133183.1208297005
8133869.984817948
8134556.906813269
8135243.886820558
8135930.924844702
8136618.020890632
8137305.174963231
8137992.387067402
8138679.657208042
8139366.985390038
8140054.371618326
8140741.815897789
8141429.318233332
8142116.878629855
8142804.497092264
8143492.173625462
8144179.9082343355
8144867.700923824
8145555.551698814
8146243.460564214
8146931.427524926
8147619.452585843
8148307.535751903
8148995.677027998
8149683.876419033
8150372.133929918
8151060.449565561
8151748.82333087
8152437.255230739
8153125.745270109
8153814.293453874
8154502.899786945
8155191.564274234
8155880.286920632
8156569.067731088
8157257.906710494
8157946.803863765
8158635.759195812
8159324.77271155
8160013.844415892
8160702.974313734
8161392.162410026
8162081.408709667
8162770.7132175695
8163460.075938651
8164149.496877829
8164838.97604
8165528.513430118
8166218.109053081
8166907.762913808
8167597.475017218
8168287.245368229
8168977.073971744
8169666.960832715
8170356.905956046
8171046.909346656
8171736.971009468
8172427.090949402
8173117.269171363
8173807.505680306
8174497.800481138
8175188.153578781
8175878.564978157
8176569.034684192
8177259.562701793
8177950.149035918
8178640.793691473
8179331.496673386
8180022.257986581
8180713.077635986
8181403.955626509
8182094.891963112
8182785.886650706
8183476.9396942165
8184168.051098574
8184859.220868706
8185550.449009525
8186241.735525995
8186933.080423028
8187624.483705555
8188315.945378507
8189007.465446815
8189699.043915393
8190390.680789207
8191082.376073173
8191774.129772224
8192465.941891294
8193157.812435315
8193849.741409205
8194541.728817932
8195233.774666415
8195925.878959588
8196618.041702387
8197310.262899749
8198002.542556594
8198694.880677891
8199387.2772685625
8200079.732333546
8200772.245877778
8201464.817906199
8202157.448423731
8202850.137435348
8203542.884945971
8204235.690960541
8204928.555484
8205621.478521288
8206314.4600773305
8207007.500157103
8207700.598765531
8208393.755907557
8209086.9715881245
8209780.245812179
8210473.578584644
8211166.9699105015
8211860.419794677
8212553.928242117
8213247.495257767
8213941.120846574
8214634.805013483
8215328.547763426
8216022.349101383
8216716.209032286
8217410.127561082
8218104.10469272
8218798.140432133
8219492.234784304
8220186.387754166
8220880.599346669
8221574.869566765
8222269.198419403
8222963.585909537
8223658.032042101
8224352.536822082
8225047.100254415
8225741.722344054
8226436.403095952
8227131.1425150465
8227825.940606327
8228520.79737473
8229215.712825213
8229910.686962728
8230605.719792236
8231300.81131869
8231995.961547032
8232691.170482253
8233386.438129293
8234081.7644931115
8234777.149578667
8235472.593390902
8236168.095934809
8236863.657215332
8237559.277237431
8238254.956006067
8238950.693526201
8239646.489802795
8240342.344840795
8241038.258645195
8241734.231220943
8242430.262573002
8243126.3527063355
8243822.501625891
8244518.709336666
8245214.97584361
8245911.301151688
8246607.685265866
8247304.128191111
8248000.629932387
8248697.190494647
8249393.809882891
8250090.488102071
8250787.225157154
8251484.02105311
8252180.875794891
8252877.789387501
8253574.761835893
8254271.793145035
8254968.883319902
8255666.032365463
8256363.240286689
8257060.507088538
8257757.832776014
8258455.217354074
8259152.660827691
8259850.16320184
8260547.7244814765
8261245.34467161
8261943.023777199
8262640.761803219
8263338.558754646
8264036.4146364555
8264734.329453625
8265432.303211115
8266130.335913937
8266828.427567051
8267526.578175436
8268224.787744071
8268923.05627792
8269621.383781994
8270319.770261258
8271018.215720691
8271716.720165276
8272415.283599992
8273113.906029823
8273812.587459734
8274511.327894741
8275210.127339809
8275908.985799924
8276607.903280067
8277306.879785209
8278005.915320366
8278705.009890507
8279404.163500617
8280103.376155684
8280802.647860692
8281501.97862063
8282201.368440467
8282900.817325225
8283600.325279875
8284299.892309406
8284999.518418807
8285699.20361305
8286398.9478971595
8287098.7512761075
8287798.613754886
8288498.535338486
8289198.516031899
8289898.555840115
8290598.654768112
8291298.812820915
8291999.030003502
8292699.306320865
8293399.641777999
8294100.03637988
8294800.490131539
8295501.003037953
8296201.575104118
8296902.2063350305
8297602.896735687
8298303.646311084
8299004.455066201
8299705.323006073
8300406.250135679
8301107.236460017
8301808.281984088
8302509.386712873
8303210.550651408
8303911.773804674
8304613.056177673
8305314.397775406
8306015.798602875
8306717.258665082
8307418.7779670125
8308120.356513702
8308821.99431014
8309523.691361327
8310225.447672268
8310927.263247952
8311629.138093417
8312331.072213652
8313033.065613662
8313735.118298453
8314437.2302730335
8315139.401542409
8315841.632111572
8316543.921985562
8317246.271169372
8317948.67966801
8318651.1474864865
8319353.674629793
8320056.2611029735
8320758.906911023
8321461.612058951
8322164.376551769
8322867.20039449
8323570.083592124
8324273.026149669
8324976.028072171
8325679.089364626
8326382.21003205
8327085.3900794545
8327788.629511839
8328491.928334252
8329195.2865516925
8329898.704169176
8330602.18119172
8331305.71762434
8332009.313472055
8332712.968739864
8333416.68343282
8334120.457555925
8334824.291114197
8335528.184112656
8336232.136556305
8336936.148450198
8337640.219799339
8338344.350608748
8339048.540883448
8339752.79062846
8340457.099848807
8341161.468549495
8341865.89673558
8342570.38441207
8343274.931583988
8343979.538256359
8344684.204434191
8345388.930122544
8346093.715326426
8346798.560050863
8347503.464300882
8348208.42808151
8348913.451397775
8349618.534254686
8350323.676657308
8351028.878610651
8351734.140119745
8352439.461189619
8353144.841825287
8353850.282031812
8354555.781814209
8355261.341177509
8355966.960126744
8356672.638666945
8357378.376803146
8358084.174540362
8358790.031883662
8359495.94883806
8360201.925408592
8360907.961600294
8361614.0574181825
8362320.212867327
8363026.427952748
8363732.7026794795
8364439.03705256
8365145.431077026
8365851.8847579155
8366558.39810025
8367264.971109102
8367971.6037894925
8368678.296146462
8369385.04818505
8370091.859910279
8370798.731327224
8371505.662440909
8372212.653256377
8372919.703778668
8373626.8140128255
8374333.983963892
8375041.213636893
8375748.503036907
8376455.852168961
8377163.261038099
8377870.729649367
8378578.258007809
8379285.846118455
8379993.493986383
8380701.201616625
8381408.969014228
8382116.796184238
8382824.683131704
8383532.629861657
8384240.63637918
8384948.702689303
8385656.82879708
8386365.014707557
8387073.260425786
8387781.565956801
8388489.931305687
8389198.35647748
8389906.84147723
8390615.38630999
8391323.990980815
8392032.65549474
8392741.379856853
8393450.164072191
8394159.00814581
8394867.912082763
8395576.875888107
8396285.899566881
8396994.983124176
8397704.12656503
8398413.329894502
8399122.593117649
8399831.916239528
8400541.299265184
8401250.742199706
8401960.24504814
8402669.807815542
8403379.430506976
8404089.1131275
8404798.855682159
8405508.65817605
8406218.520614216
8406928.443001721
8407638.425343627
8408348.467644997
8409058.569910876
8409768.732146366
8410478.954356514
8411189.23654638
8411899.578721037
8412609.980885545
8413320.443044955
8414030.965204367
8414741.547368834
8415452.18954342
8416162.891733196
8416873.653943228
8417584.47617857
8418295.358444322
8419006.30074554
8419717.303087292
8420428.36547465
8421139.487912685
8421850.67040645
8422561.91296105
8423273.215581544
8423984.578273002
8424696.001040498
8425407.483889105
8426119.02682388
8426830.629849931
8427542.292972317
8428254.016196113
8428965.799526393
8429677.642968236
8430389.546526715
8431101.510206893
8431813.534013882
8432525.61795274
8433237.762028545
8433949.96624638
8434662.230611302
8435374.555128427
8436086.93980282
8436799.384639557
8437511.889643721
8438224.454820395
8438937.080174657
8439649.765711576
8440362.511436265
8441075.317353792
8441788.18346924
8442501.109787693
8443214.09631422
8443927.143053936
8444640.25001191
8445353.41719323
8446066.64460298
8446779.932246247
8447493.28012812
8448206.688253663
8448920.156628003
8449633.685256211
8450347.274143375
8451060.923294583
8451774.632714907
8452488.402409472
8453202.23238335
8453916.122641634
8454630.073189415
8455344.084031781
8456058.155173827
8456772.286620628
8457486.478377312
8458200.730448952
8458915.042840645
8459629.415557485
8460343.848604547
8461058.34198696
8461772.895709807
8462487.50977818
8463202.184197174
8463916.918971889
8464631.71410742
8465346.56960885
8466061.48548131
8466776.46172988
8467491.498359662
8468206.59537575
8468921.752783231
8469636.97058724
8470352.248792857
8471067.587405186
8471782.986429326
8472498.445870383
8473213.965733454
8473929.546023628
8474645.18674604
8475360.88790578
8476076.64950795
8476792.471557654
8477508.354059981
8478224.29702007
8478940.300443009
8479656.364333905
8480372.488697866
8481088.673539996
8481804.918865407
8482521.224679183
8483237.590986473
8483954.017792366
8484670.505101971
8485387.0529204
8486103.66125274
8486820.330104144
8487537.0594797
8488253.84938452
8488970.699823719
8489687.610802406
8490404.582325695
8491121.614398682
8491838.707026515
8492555.860214291
8493273.073967123
8493990.348290127
8494707.683188401
8495425.078667095
8496142.534731308
8496860.051386155
8497577.628636757
8498295.266488228
8499012.964945685
8499730.724014232
8500448.543699022
8501166.424005155
8501884.364937752
8502602.366501933
8503320.4287028
8504038.551545508
8504756.735035164
8505474.979176888
8506193.283975802
8506911.649437029
8507630.075565692
8508348.562366897
8509067.109845802
8509785.718007514
8510504.386857161
8511223.116399864
8511941.906640733
8512660.75758493
8513379.669237562
8514098.641603755
8514817.674688641
8515536.768497344
8516255.923034994
8516975.138306702
8517694.41431763
8518413.751072891
8519133.148577617
8519852.606836937
8520572.125855966
8521291.705639867
8522011.346193757
8522731.047522767
8523450.809632028
8524170.632526675
8524890.516211843
8525610.460692646
8526330.465974253
8527050.532061782
8527770.658960368
8528490.846675148
8529211.09521124
8529931.404573813
8530651.77476799
8531372.205798905
8532092.6976717
8532813.25039151
8533533.863963474
8534254.538392713
8534975.273684403
8535696.069843667
8536416.926875642
8537137.844785472
8537858.823578281
8538579.863259245
8539300.963833487
8540022.125306152
8540743.347682381
8541464.630967317
8542185.975166107
8542907.380283875
8543628.846325802
8544350.373297015
8545071.96120266
8545793.610047884
8546515.319837814
8547237.090577632
8547958.92227247
8548680.814927474
8549402.768547792
8550124.783138575
8550846.85870497
8551568.995252108
8552291.192785176
8553013.451309307
8553735.77082965
8554458.151351357
8555180.592879564
8555903.095419455
8556625.658976167
8557348.283554854
8558070.969160667
8558793.71579876
8559516.52347429
8560239.392192392
8560962.321958257
8561685.312777022
8562408.364653844
8563131.47759388
8563854.651602268
8564577.886684202
8565301.18284482
8566024.540089283
8566747.958422747
8567471.437850373
8568194.97837732
8568918.58000873
8569642.242749799
8570365.966605669
8571089.751581503
8571813.597682463
8572537.504913691
8573261.473280387
8573985.502787696
8574709.593440782
8575433.745244807
8576157.958204936
8576882.232326334
8577606.567614151
8578330.964073583
8579055.421709783
8579779.940527914
8580504.520533146
8581229.161730627
8581953.86412556
8582678.627723096
8583403.452528402
8584128.33854665
8584853.28578301
8585578.294242648
8586303.36393072
8587028.494852431
8587753.687012937
8588478.940417405
8589204.25507101
8589929.630978908
8590655.068146305
8591380.566578358
8592106.126280243
8592831.74725713
8593557.429514198
8594283.17305662
8595008.977889553
8595734.84401821
8596460.77144775
8597186.76018335
8597912.810230186
8598638.921593437
8599365.094278265
8600091.328289881
8600817.623633448
8601543.980314147
8602270.398337157
8602996.877707656
8603723.418430813
8604450.02051184
8605176.6839559
8605903.408768179
8606630.194953859
8607357.042518122
8608083.951466134
8608810.921803115
8609537.95353423
8610265.046664666
8610992.201199608
8611719.41714424
8612446.694503734
8613174.033283308
8613901.433488132
8614628.895123396
8615356.418194287
8616084.002705991
8616811.648663683
8617539.356072584
8618267.124937868
8618994.955264725
8619722.847058345
8620450.800323918
8621178.81506662
8621906.891291678
8622635.029004265
8623363.228209574
8624091.488912798
8624819.811119134
8625548.194833754
8626276.64006189
8627005.14680872
8627733.715079436
8628462.344879238
8629191.03621332
8629919.789086862
8630648.603505094
8631377.479473198
8632106.416996373
8632835.416079815
8633564.476728726
8634293.598948283
8635022.782743726
8635752.028120235
8636481.335083012
8637210.703637255
8637940.133788168
8638669.625540936
8639399.178900795
8640128.793872932
8640858.470462548
8641588.208674848
8642318.008515038
8643047.8699883
8643777.793099878
8644507.77785496
8645237.824258752
8645967.932316458
8646698.102033287
8647428.333414428
8648158.626465123
8648888.981190564
8649619.397595957
8650349.875686515
8651080.415467445
8651811.016943956
8652541.680121243
8653272.40500455
8654003.191599073
8654734.03991002
8655464.949942607
8656195.921702025
8656926.955193527
8657658.050422303
8658389.207393572
8659120.426112546
8659851.706584439
8660583.048814468
8661314.452807829
8662045.918569775
8662777.446105504
8663509.035420233
8664240.68651918
8664972.399407543
8665704.17409058
8666436.010573486
8667167.908861484
8667899.868959794
8668631.890873635
8669363.974608228
8670096.120168773
8670828.327560531
8671560.596788704
8672292.927858515
8673025.320775185
8673757.77554392
8674490.29216998
8675222.870658573
8675955.51101492
8676688.213244246
8677420.97735178
8678153.803342741
8678886.691222344
8679619.640995849
8680352.652668465
8681085.726245418
8681818.861731939
8682552.059133235
8683285.318454575
8684018.639701167
8684752.02287824
8685485.467991028
8686218.975044759
8686952.544044664
8687686.174995957
8688419.867903905
8689153.622773726
8689887.439610647
8690621.318419905
8691355.259206716
8692089.261976348
8692823.32673402
8693557.453484964
8694291.642234417
8695025.892987616
8695760.205749797
8696494.580526177
8697229.01732203
8697963.516142577
8698698.076993056
8699432.699878704
8700167.384804742
8700902.131776446
8701636.940799039
8702371.81187776
8703106.74501785
8703841.740224551
8704576.797503103
8705311.916858733
8706047.098296715
8706782.341822278
8707517.647440664
8708253.015157117
8708988.444976864
8709723.936905183
8710459.490947304
8711195.107108474
8711930.785393935
8712666.525808934
8713402.328358721
8714138.193048524
8714874.119883627
8715610.108869258
8716346.16001067
8717082.273313107
8717818.448781805
8718554.68642205
8719290.98623907
8720027.348238122
8720763.772424452
8721500.258803315
8722236.807379965
8722973.418159632
8723710.091147607
8724446.826349126
8725183.623769445
8725920.483413815
8726657.405287476
8727394.389395718
8728131.435743777
8728868.544336911
8729605.715180378
8730342.948279435
8731080.243639337
8731817.601265326
8732555.021162696
8733292.503336689
8734030.047792563
8734767.654535579
8735505.323570976
8736243.054904057
8736980.848540058
8737718.704484247
8738456.622741882
8739194.603318226
8739932.646218542
8740670.751448078
8741408.919012131
8742147.148915948
8742885.441164793
8743623.795763934
8744362.212718615
8745100.69203414
8745839.233715758
8746577.837768734
8747316.504198335
8748055.233009834
8748794.024208492
8749532.877799565
8750271.793788357
8751010.772180118
8751749.81298012
8752488.916193632
8753228.081825908
8753967.309882255
8754706.600367926
8755445.953288196
8756185.368648333
8756924.846453616
8757664.386709314
8758403.989420686
8759143.65459304
8759883.382231634
8760623.172341743
8761363.024928646
8762102.939997597
8762842.917553911
8763582.957602846
8764323.06014968
8765063.225199692
8765803.45275816
8766543.742830362
8767284.095421562
8768024.510537073
8768764.988182157
8769505.5283621
8770246.131082175
8770986.796347653
8771727.524163848
8772468.314536026
8773209.167469468
8773950.08296946
8774691.061041286
8775432.101690229
8776173.204921555
8776914.370740587
8777655.599152591
8778396.890162855
8779138.243776664
8779879.659999287
8780621.138836049
8781362.680292219
8782104.284373084
8782845.951083934
8783587.68043006
8784329.472416747
8785071.327049272
8785813.24433296
8786555.224273084
8787297.266874934
8788039.372143801
8788781.540084964
8789523.770703748
8790266.06400543
8791008.419995302
8791750.838678662
8792493.320060799
8793235.864147011
8793978.470942577
8794721.140452826
8795463.872683039
8796206.66763851
8796949.525324538
8797692.445746403
8798435.428909438
8799178.474818926
8799921.583480163
8800664.75489845
8801407.989079086
8802151.286027374
8802894.645748595
8803638.068248086
8804381.553531129
8805125.101603031
8805868.712469092
8806612.386134595
8807356.122604882
8808099.92188524
8808843.783980973
8809587.708897384
8810331.696639778
8811075.747213462
8811819.860623727
8812564.036875911
8813308.275975306
8814052.577927217
8814796.942736955
8815541.370409809
8816285.860951124
8817030.414366191
8817775.030660322
8818519.709838824
8819264.451907009
8820009.25687019
8820754.124733659
8821499.055502763
8822244.049182797
8822989.105779076
8823734.22529691
8824479.407741617
8825224.653118491
8825969.961432884
8826715.33269009
8827460.766895426
8828206.26405421
8828951.824171757
8829697.447253369
8830443.133304393
8831188.882330135
8831934.694335911
8832680.56932704
8833426.507308839
8834172.508286614
8834918.572265718
8835664.699251454
8836410.889249144
8837157.142264111
8837903.458301673
8838649.837367136
8839396.27946586
8840142.784603149
8840889.352784328
8841635.98401472
8842382.67829965
8843129.435644425
8843876.256054407
8844623.139534904
8845370.086091243
8846117.095728748
8846864.168452749
8847611.304268556
8848358.50318153
8849105.765196986
8849853.09032025
8850600.478556653
8851347.929911526
8852095.44439018
8852843.02199798
8853590.662740244
8854338.3666223
8855086.133649483
8855833.963827124
8856581.857160538
8857329.813655095
8858077.833316114
8858825.916148923
8859574.062158864
8860322.271351267
8861070.543731453
8861818.879304795
8862567.278076608
8863315.740052233
8864064.265237005
8864812.853636265
8865561.50525533
8866310.22009958
8867058.99817433
8867807.839484926
8868556.744036704
8869305.711835008
8870054.742885161
8870803.837192537
8871552.994762465
8872302.215600286
8873051.499711342
8873800.847100977
8874550.257774517
8875299.731737344
8876049.268994782
8876798.869552178
8877548.53341488
8878298.26058823
8879048.051077578
8879797.904888252
8880547.822025634
8881297.802495057
8882047.846301867
8882797.953451416
8883548.123949032
8884298.357800102
8885048.65500996
8885799.015583955
8886549.439527439
8887299.926845765
8888050.477544282
8888801.091628326
8889551.769103285
8890302.509974498
8891053.314247316
8891804.181927094
8892555.113019168
8893306.10752893
8894057.16546172
8894808.28682289
8895559.471617801
8896310.719851807
8897062.031530267
8897813.406658519
8898564.84524196
8899316.34728593
8900067.912795788
8900819.541776894
8901571.23423459
8902322.990174273
8903074.809601286
8903826.692520993
8904578.638938751
8905330.648859927
8906082.722289884
8906834.859233964
8907587.05969757
8908339.323686047
8909091.65120476
8909844.042259073
8910596.496854335
8911349.01499595
8912101.596689263
8912854.241939645
8913606.95075246
8914359.723133078
8915112.559086867
8915865.458619175
8916618.421735413
8917371.448440928
8918124.538741093
8918877.692641279
8919630.910146836
8920384.191263173
8921137.535995645
8921890.944349626
8922644.416330485
8923397.951943599
8924151.551194338
8924905.214088064
8925658.94063018
8926412.730826052
8927166.584681049
8927920.502200551
8928674.483389914
8929428.528254552
8930182.636799825
8930936.809031112
8931691.044953788
8932445.344573235
8933199.70789483
8933954.134923937
8934708.625665972
8935463.180126296
8936217.798310291
8936972.480223339
8937727.225870803
8938482.035258103
8939236.908390604
8939991.845273687
8940746.845912738
8941501.91031314
8942257.03848028
8943012.230419524
8943767.486136291
8944522.805635955
8945278.188923897
8946033.636005506
8946789.146886153
8947544.721571261
8948300.360066198
8949056.062376358
8949811.828507125
8950567.658463892
8951323.552252049
8952079.509876966
8952835.531344073
8953591.616658743
8954347.765826369
8955103.978852341
8955860.255742036
8956616.596500883
8957373.001134258
8958129.469647553
8958886.002046166
8959642.598335491
8960399.258520925
8961155.982607843
8961912.77060168
8962669.622507814
8963426.538331645
8964183.518078567
8964940.561753964
8965697.669363268
8966454.840911863
8967212.076405147
8967969.37584852
8968726.739247385
8969484.166607141
8970241.657933172
8970999.213230917
8971756.83250576
8972514.515763104
8973272.263008352
8974030.074246889
8974787.949484158
8975545.888725545
8976303.891976455
8977061.959242292
8977820.090528464
8978578.28584038
8979336.545183422
8980094.868563041
8980853.255984623
8981611.707453579
8982370.222975314
8983128.802555224
8983887.44619875
8984646.15391129
8985404.92569825
8986163.761565045
8986922.661517082
8987681.625559777
8988440.653698523
8989199.745938769
8989958.902285911
8990718.122745365
8991477.40732254
8992236.756022839
8992996.168851709
8993755.64581455
8994515.186916776
8995274.792163806
8996034.461561056
8996794.195113946
8997553.992827872
8998313.85470829
8999073.780760603
8999833.770990228
9000593.825402588
9001353.944003081
9002114.126797168
9002874.37379025
9003634.684987748
9004395.060395086
9005155.500017686
9005916.003860971
9006676.571930345
9007437.204231272
9008197.900769155
9008958.661549421
9009719.486577494
9010480.375858784
9011241.32939875
9012002.347202802
9012763.429276368
9013524.575624876
9014285.786253754
9015047.061168429
9015808.400374314
9016569.803876873
9017331.27168152
9018092.803793682
9018854.400218794
9019616.060962267
9020377.786029568
9021139.575426115
9021901.429157337
9022663.347228667
9023425.329645542
9024187.376413394
9024949.48753764
9025711.66302375
9026473.902877143
9027236.207103254
9027998.57570752
9028761.008695358
9029523.506072244
9030286.067843597
9031048.694014855
9031811.384591457
9032574.13957884
9033336.958982447
9034099.842807697
9034862.79106007
9035625.803744985
9036388.880867885
9037152.022434214
9037915.228449395
9038678.498918906
9039441.833848173
9040205.23324264
9040968.69710775
9041732.225448951
9042495.818271684
9043259.475581378
9044023.197383516
9044786.983683525
9045550.834486853
9046314.749798948
9047078.729625238
9047842.77397121
9048606.882842293
9049371.056243936
9050135.294181589
9050899.596660705
9051663.96368673
9052428.3952651
9053192.891401302
9053957.45210077
9054722.077368956
9055486.767211314
9056251.521633297
9057016.34064034
9057781.224237934
9058546.172431517
9059311.185226543
9060076.262628468
9060841.404642748
9061606.61127482
9062371.88253018
9063137.218414266
9063902.618932538
9064668.08409045
9065433.613893466
9066199.208347026
9066964.867456624
9067730.591227703
9068496.379665725
9069262.23277615
9070028.150564441
9070794.13303604
9071560.18019645
9072326.292051109
9073092.468605487
9073858.709865047
9074625.01583525
9075391.386521546
9076157.821929434
9076924.322064366
9077690.886931805
9078457.51653722
9079224.210886074
9079990.96998382
9080757.793835962
9081524.682447951
9082291.635825256
9083058.653973345
9083825.73689769
9084592.88460374
9085360.097097008
9086127.374382943
9086894.716467017
9087662.123354703
9088429.595051475
9089197.131562784
9089964.732894147
9090732.399051014
9091500.130038861
9092267.925863165
9093035.786529401
9093803.712043025
9094571.702409552
9095339.757634439
9096107.877723165
9096876.062681207
9097644.312514044
9098412.627227135
9099181.006825998
9099949.451316094
9100717.960702902
9101486.534991901
9102255.174188577
9103023.878298389
9103792.647326859
9104561.481279448
9105330.380161641
9106099.343978921
9106868.372736773
9107637.466440659
9108406.625096105
9109175.848708576
9109945.137283558
9110714.490826538
9111483.909343002
9112253.392838435
9113022.94131831
9113792.55478815
9114562.233253427
9115331.976719625
9116101.785192238
9116871.658676738
9117641.59717865
9118411.600703444
9119181.669256616
9119951.802843656
9120722.001470057
9121492.265141312
9122262.593862893
9123032.987640332
9123803.446479104
9124573.970384708
9125344.559362631
9126115.213418357
9126885.932557417
9127656.716785287
9128427.566107465
9129198.48052945
9129969.460056737
9130740.504694827
9131511.614449197
9132282.789325386
9133054.029328875
9133825.334465163
9134596.704739751
9135368.140158122
9136139.640725814
9136911.20644831
9137682.837331112
9138454.533379726
9139226.294599652
9139998.120996395
9140770.012575442
9141541.969342334
9142313.991302557
9143086.078461617
9143858.23082502
9144630.448398255
9145402.731186867
9146175.079196341
9146947.49243219
9147719.97089992
9148492.51460504
9149265.12355306
9150037.79774947
9150810.53719982
9151583.341909599
9152356.211884322
9153129.147129497
9153902.14765062
9154675.21345324
9155448.344542854
9156221.54092497
9156994.802605107
9157768.129588779
9158541.5218815
9159314.979488768
9160088.502416134
9160862.090669096
9161635.744253173
9162409.463173881
9163183.247436719
9163957.097047243
9164731.012010954
9165504.992333371
9166279.038020011
9167053.149076397
9167827.325508049
9168601.567320468
9169375.874519214
9170150.247109791
9170924.685097722
9171699.188488526
9172473.757287713
9173248.39150084
9174023.091133416
9174797.856190963
9175572.686679007
9176347.582603075
9177122.543968692
9177897.570781367
9178672.663046664
9179447.82077009
9180223.043957178
9180998.332613451
9181773.686744422
9182549.106355658
9183324.59145267
9184100.142040988
9184875.758126143
9185651.439713666
9186427.18680909
9187202.999417927
9187978.87754575
9188754.82119807
9189530.830380423
9190306.905098341
9191083.045357343
9191859.251162998
9192635.522520825
9193411.85943636
9194188.26191514
9194964.7299627
9195741.263584577
9196517.862786293
9197294.527573423
9198071.257951485
9198848.05392602
9199624.91550257
9200401.842686651
9201178.835483847
9201955.893899675
9202733.017939681
9203510.207609404
9204287.462914389
9205064.783860179
9205842.170452295
9206619.622696323
9207397.140597785
9208174.72416223
9208952.3733952
9209730.088302223
9210507.868888883
9211285.715160709
9212063.627123248
9212841.604782045
9213619.64814265
9214397.757210614
9215175.931991464
9215954.172490789
9216732.478714118
9217510.850667004
9218289.288354997
9219067.79178363
9219846.360958492
9220624.995885119
9221403.696569059
9222182.46301587
9222961.295231104
9223740.193220314
9224519.156989038
9225298.186542867
9226077.28188734
9226856.443028012
9227635.66997044
9228414.962720161
9229194.32128277
9229973.74566381
9230753.235868836
9231532.791903408
9232312.413773084
9233092.101483427
9233871.855039975
9234651.67444833
9235431.55971403
9236211.510842642
9236991.527839726
9237771.610710824
9238551.759461539
9239331.974097416
9240112.254624018
9240892.60104691
9241673.013371658
9242453.491603825
9243234.035748962
9244014.64581267
9244795.321800498
9245576.063718013
9246356.871570785
9247137.745364362
9247918.68510435
9248699.6907963
9249480.762445781
9250261.900058366
9251043.103639623
9251824.373195123
9252605.70873042
9253387.110251125
9254168.57776279
9254950.111270986
9255731.710781291
9256513.376299258
9257295.1078305
9258076.905380571
9258858.76895505
9259640.69855951
9260422.694199527
9261204.755880678
9261986.883608526
9262769.07738868
9263551.337226702
9264333.663128173
9265116.05509867
9265898.513143752
9266681.037269041
9267463.627480095
9268246.283782497
9269029.006181829
9269811.794683672
9270594.649293609
9271377.570017204
9272160.556860076
9272943.609827794
9273726.728925942
9274509.9141601
9275293.16553584
9276076.483058782
9276859.866734495
9277643.316568566
9278426.832566582
9279210.414734129
9279994.063076796
9280777.777600154
9281561.558309829
9282345.405211393
9283129.318310434
9283913.297612542
9284697.343123293
9285481.45484831
9286265.632793173
9287049.87696347
9287834.187364794
9288618.56400274
9289403.006882902
9290187.516010853
9290972.091392228
9291756.733032601
9292541.440937571
9293326.21511273
9294111.05556368
9294895.962295994
9295680.935315311
9296465.974627208
9297251.080237284
9298036.25215114
9298821.490374371
9299606.794912562
9300392.16577135
9301177.602956317
9301963.106473066
9302748.676327195
9303534.312524311
9304320.015069993
9305105.783969887
9305891.619229574
9306677.520854661
9307463.48885075
9308249.523223449
9309035.623978341
9309821.791121075
9310608.024657235
9311394.324592428
9312180.690932263
9312967.123682348
9313753.622848272
9314540.188435681
9315326.820450166
9316113.51889734
9316900.283782808
9317687.115112185
9318474.012891062
9319260.977125086
9320048.007819856
9320835.104980981
9321622.268614074
9322409.49872475
9323196.795318604
9323984.158401286
9324771.587978397
9325559.08405555
9326346.64663836
9327134.275732446
9327921.971343404
9328709.73347689
9329497.562138503
9330285.457333863
9331073.419068586
9331861.447348295
9332649.542178586
9333437.70356512
9334225.931513501
9335014.226029348
9335802.587118281
9336591.014785927
9337379.509037884
9338168.069879819
9338956.69731733
9339745.391356047
9340534.152001593
9341322.979259592
9342111.87313565
9342900.833635435
9343689.860764548
9344478.954528622
9345268.114933282
9346057.341984155
9346846.635686852
9347635.996047039
9348425.423070326
9349214.916762345
9350004.477128725
9350794.104175095
9351583.79790709
9352373.558330318
9353163.385450453
9353953.279273108
9354743.239803916
9355533.26704851
9356323.361012504
9357113.521701572
9357903.749121333
9358694.043277416
9359484.404175462
9360274.831821108
9361065.326219987
9361855.88737772
9362646.515299983
9363437.209992394
9364227.971460594
9365018.79971022
9365809.694746895
9366600.656576296
9367391.685204044
9368182.780635782
9368973.942877151
9369765.171933793
9370556.467811352
9371347.83051545
9372139.26005177
9372930.756425936
9373722.319643594
9374513.94971039
9375305.646631947
9376097.410413953
9376889.241062032
9377681.138581833
9378473.102979003
9379265.134259189
9380057.232428042
9380849.397491189
9381641.629454318
9382433.928323062
9383226.29410307
9384018.726799991
9384811.22641946
9385603.792967165
9386396.42644874
9387189.126869837
9387981.89423611
9388774.728553213
9389567.629826799
9390360.598062502
9391153.63326602
9391946.735442985
9392739.904599056
9393533.140739888
9394326.443871118
9395119.813998444
9395913.251127504
9396706.755263956
9397500.326413458
9398293.964581672
9399087.669774257
9399881.441996852
9400675.281255158
9401469.187554816
9402263.160901489
9403057.201300839
9403851.308758508
9404645.483280202
9405439.72487156
9406234.03353825
9407028.409285935
9407822.85212028
9408617.362046951
9409411.939071596
9410206.583199918
9411001.294437565
9411796.072790205
9412590.918263508
9413385.830863122
9414180.810594752
9414975.85746405
9415770.971476687
9416566.152638333
9417361.400954658
9418156.716431333
9418952.099074012
9419747.548888404
9420543.065880163
9421338.650054963
9422134.30141848
9422930.019976364
9423725.805734333
9424521.658698037
9425317.57887316
9426113.56626537
9426909.620880349
9427705.74272377
9428501.931801297
9429298.18811864
9430094.511681462
9430890.902495442
9431687.36056626
9432483.885899574
9433280.478501106
9434077.138376513
9434873.865531484
9435670.659971694
9436467.521702828
9437264.45073057
9438061.447060583
9438858.510698589
9439655.641650252
9440452.839921258
9441250.105517294
9442047.438444024
9442844.838707173
9443642.30631241
9444439.841265421
9445237.443571893
9446035.113237515
9446832.850267977
9447630.654668946
9448428.52644615
9449226.465605265
9450024.472151976
9450822.546091976
9451620.687430935
9452418.896174587
9453217.172328606
9454015.51589868
9454813.926890507
9455612.405309778
9456410.951162187
9457209.564453414
9458008.245189188
9458806.993375188
9459605.80901711
9460404.69212065
9461203.642691487
9462002.660735358
9462801.74625794
9463600.899264932
9464400.119762035
9465199.407754947
9465998.763249367
9466798.18625098
9467597.676765522
9468397.23479868
9469196.86035615
9469996.553443639
9470796.314066827
9471596.14223146
9472396.037943223
9473196.001207817
9473996.03203095
9474796.130418325
9475596.296375649
9476396.529908609
9477196.831022952
9477997.199724363
9478797.636018554
9479598.139911229
9480398.71140808
9481199.350514855
9482000.057237243
9482800.831580956
9483601.673551703
9484402.583155198
9485203.56039715
9486004.605283253
9486805.717819257
9487606.898010857
9488408.145863768
9489209.461383702
9490010.844576357
9490812.295447482
9491613.814002778
9492415.40024796
9493217.054188741
9494018.775830843
9494820.56517998
9495622.422241852
9496424.347022217
9497226.339526772
9498028.399761239
9498830.527731339
9499632.723442769
9500434.98690129
9501237.318112606
9502039.717082437
9502842.183816507
9503644.718320537
9504447.320600253
9505249.990661357
9506052.72850961
9506855.534150722
9507658.407590415
9508461.348834418
9509264.357888434
9510067.434758231
9510870.579449516
9511673.791968016
9512477.072319461
9513280.420509579
9514083.836544096
9514887.320428727
9515690.872169238
9516494.49177134
9517298.179240765
9518101.934583245
9518905.757804492
9519709.648910278
9520513.607906315
9521317.634798339
9522121.72959208
9522925.892293276
9523730.12290766
9524534.42144095
9525338.787898919
9526143.222287284
9526947.724611782
9527752.294878151
9528556.933092108
9529361.639259433
9530166.413385842
9530971.255477076
9531776.165538875
9532581.14357698
9533386.18959713
9534191.303605046
9534996.485606512
9535801.735607248
9536607.053612996
9537412.4396295
9538217.893662507
9539023.415717738
9539829.005800977
9540634.66391795
9541440.390074402
9542246.184276082
9543052.046528732
9543857.976838082
9544663.97520992
9545470.041649971
9546276.176163986
9547082.378757713
9547888.649436902
9548694.988207284
9549501.395074647
9550307.870044723
9551114.413123265
9551921.024316022
9552727.703628749
9553534.451067178
9554341.2666371
9555148.150344253
9555955.102194387
9556762.12219326
9557569.210346628
9558376.366660224
9559183.591139846
9559990.883791229
9560798.244620131
9561605.67363231
9562413.170833526
9563220.736229517
9564028.36982608
9564836.071628954
9565643.841643903
9566451.679876687
9567259.586333064
9568067.561018778
9568875.60393963
9569683.715101365
9570491.894509742
9571300.142170528
9572108.458089486
9572916.842272362
9573725.294724958
9574533.81545302
9575342.404462315
9576151.061758611
9576959.787347673
9577768.58123525
9578577.443427147
9579386.373929115
9580195.372746922
9581004.439886339
9581813.575353133
9582622.779153056
9583432.05129192
9584241.391775476
9585050.800609494
9585860.277799746
9586669.823352007
9587479.43727203
9588289.119565628
9589098.870238556
9589908.689296588
9590718.5767455
9591528.532591067
9592338.556839047
9593148.649495253
9593958.810565446
9594769.040055402
9595579.3379709
9596389.704317717
9597200.139101634
9598010.64232841
9598821.214003865
9599631.85413376
9600442.562723875
9601253.339779994
9602064.185307877
9602875.099313347
9603686.081802165
9604497.13278012
9605308.25225299
9606119.440226564
9606930.696706627
9607742.02169894
9608553.415209332
9609364.877243571
9610176.407807441
9610988.006906733
9611799.67454721
9612611.410734706
9613423.215474986
9614235.08877384
9615047.030637057
9615859.041070431
9616671.120079752
9617483.267670788
9618295.483849375
9619107.76862128
9619920.121992301
9620732.54396823
9621545.034554841
9622357.593757967
9623170.221583383
9623982.918036886
9624795.68312427
9625608.516851332
9626421.419223867
9627234.390247656
9628047.429928534
9628860.53827228
9629673.715284692
9630486.96097157
9631300.275338694
9632113.658391902
9632927.110136978
9633740.630579721
9634554.219725933
9635367.877581418
9636181.604151975
9636995.39944339
9637809.263461504
9638623.196212105
9639437.197700994
9640251.267933978
9641065.406916842
9641879.614655433
9642693.891155535
9643508.236422958
9644322.650463508
9645137.133282995
9645951.684887223
9646766.305281986
9647580.99447313
9648395.752466448
9649210.579267746
9650025.474882841
9650840.439317519
9651655.472577635
9652470.574668981
9653285.74559737
9654100.985368615
9654916.29398853
9655731.671462927
9656547.117797606
9657362.632998418
9658178.217071163
9658993.870021652
9659809.591855707
9660625.382579124
9661441.242197758
9662257.170717409
9663073.168143896
9663889.23448304
9664705.36974066
9665521.573922575
9666337.847034585
9667154.189082554
9667970.600072283
9668787.080009593
9669603.628900308
9670420.24675023
9671236.933565224
9672053.689351093
9672870.514113665
9673687.407858761
9674504.370592209
9675321.402319834
9676138.503047442
9676955.672780905
9677772.911526024
9678590.219288632
9679407.596074557
9680225.041889606
9681042.55673965
9681860.140630499
9682677.793567983
9683495.515557935
9684313.306606187
9685131.166718567
9685949.095900891
9686767.094159031
9687585.161498802
9688403.297926035
9689221.503446568
9690039.778066214
9690858.121790849
9691676.53462629
9692495.016578373
9693313.567652933
9694132.187855812
9694950.877192842
9695769.635669848
9696588.463292705
9697407.360067232
9698226.325999271
9699045.361094663
9699864.465359228
9700683.638798846
9701502.88141934
9702322.193226555
9703141.574226331
9703961.02442451
9704780.543826941
9705600.132439444
9706419.790267907
9707239.517318154
9708059.313596029
9708879.179107381
9709699.113858037
9710519.117853884
9711339.191100748
9712159.33360448
9712979.545370927
9713799.826405939
9714620.176715367
9715440.59630504
9716261.085180849
9717081.643348627
9717902.270814223
9718722.96758349
9719543.733662264
9720364.569056435
9721185.473771838
9722006.447814327
9722827.491189757
9723648.603903983
9724469.785962861
9725291.037372228
9726112.358137978
9726933.748265954
9727755.207762007
9728576.736632
9729398.334881771
9730220.002517218
9731041.73954418
9731863.54596852
9732685.421796096
9733507.367032772
9734329.381684408
9735151.465756847
9735973.61925599
9736795.84218768
9737618.134557785
9738440.496372165
9739262.927636668
9740085.428357195
9740907.998539595
9741730.638189733
9742553.347313477
9743376.125916693
9744198.974005248
9745021.89158499
9745844.87866183
9746667.935241615
9747491.061330218
9748314.256933505
9749137.522057327
9749960.856707597
9750784.260890167
9751607.734610908
9752431.277875694
9753254.890690396
9754078.573060889
9754902.324993026
9755726.146492722
9756550.037565833
9757373.998218235
9758198.028455803
9759022.128284393
9759846.297709925
9760670.536738252
9761494.845375257
9762319.223626815
9763143.671498807
9763968.188997112
9764792.77612759
9765617.43289616
9766442.159308687
9767266.955371048
9768091.82108913
9768916.756468792
9769741.761515956
9770566.83623649
9771391.980636274
9772217.194721196
9773042.478497138
9773867.831969988
9774693.25514561
9775518.74802993
9776344.310628818
9777169.94294816
9777995.644993844
9778821.416771738
9779647.25828777
9780473.169547813
9781299.150557756
9782125.201323487
9782951.3218509
9783777.512145882
9784603.772214312
9785430.102062117
9786256.501695171
9787082.97111937
9787909.510340605
9788736.119364772
9789562.798197744
9790389.54684546
9791216.365313794
9792043.253608644
9792870.211735904
9793697.239701474
9794524.33751123
9795351.505171113
9796178.742687
9797006.050064791
9797833.427310385
9798660.874429686
9799488.391428571
9800315.978312982
9801143.635088805
9801971.361761937
9802799.158338284
9803627.02482375
9804454.961224217
9805282.96754563
9806111.043793876
9806939.189974857
9807767.406094482
9808595.692158654
9809424.048173266
9810252.474144258
9811080.970077524
9811909.535978967
9812738.171854502
9813566.877710035
9814395.653551456
9815224.499384716
9816053.415215705
9816882.401050337
9817711.45689452
9818540.58275417
9819369.778635178
9820199.0445435
9821028.380485024
9821857.786465673
9822687.262491355
9823516.808567988
9824346.424701467
9825176.110897752
9826005.867162734
9826835.693502335
9827665.589922473
9828495.556429064
9829325.593028007
9830155.699725263
9830985.876526732
9831816.123438332
9832646.440465989
9833476.827615619
9834307.284893125
9835137.812304473
9835968.409855563
9836799.077552319
9837629.815400664
9838460.623406524
9839291.501575802
9840122.449914467
9840953.468428422
9841784.557123592
9842615.716005908
9843446.945081295
9844278.244355664
9845109.613834979
9845941.05352515
9846772.563432109
9847604.143561782
9848435.793920103
9849267.514513003
9850099.30534639
9850931.16642624
9851763.097758463
9852595.099348992
9853427.171203762
9854259.313328685
9855091.525729736
9855923.808412831
9856756.161383906
9857588.584648894
9858421.078213735
9859253.642084364
9860086.276266698
9860918.980766714
9861751.755590335
9862584.600743495
9863417.516232137
9864250.50206218
9865083.558239602
9865916.684770327
9866749.881660296
9867583.14891545
9868416.486541731
9869249.894545084
9870083.372931432
9870916.921706757
9871750.540876986
9872584.230448063
9873417.990425933
9874251.820816522
9875085.721625818
9875919.692859745
9876753.734524254
9877587.84662529
9878422.029168805
9879256.282160746
9880090.60560704
9880924.999513682
9881759.463886598
9882593.998731742
9883428.604055066
9884263.279862497
9885098.026160033
9885932.842953606
9886767.730249168
9887602.688052673
9888437.716370078
9889272.815207334
9890107.98457038
9890943.224465212
9891778.534897763
9892613.915873995
9893449.36739986
9894284.889481302
9895120.482124316
9895956.14533484
9896791.879118837
9897627.683482265
9898463.558431085
9899299.503971258
9900135.520108726
9900971.60684949
9901807.764199493
9902643.9921647
9903480.290751072
9904316.659964554
9905153.09981115
9905989.610296806
9906826.191427488
9907662.843209162
9908499.565647794
9909336.35874935
9910173.222519781
9911010.156965092
9911847.162091233
9912684.237904172
9913521.38440988
9914358.601614308
9915195.889523463
9916033.248143299
9916870.677479787
9917708.1775389
9918545.74832661
9919383.38984889
9920221.102111693
9921058.885121034
9921896.73888287
9922734.66340317
9923572.658687916
9924410.72474306
9925248.861574624
9926087.06918856
9926925.347590845
9927763.696787462
9928602.116784388
9929440.6075876
9930279.16920306
9931117.801636787
9931956.504894743
9932795.278982908
9933634.123907264
9934473.039673774
9935312.02628846
9936151.083757285
9936990.212086234
9937829.411281291
9938668.681348441
9939508.022293668
9940347.434122939
9941186.91684228
9942026.470457656
9942866.094975058
9943705.790400472
9944545.556739863
9945385.393999266
9946225.302184645
9947065.281301994
9947905.3313573
9948745.452356558
9949585.644305754
9950425.907210864
9951266.241077919
9952106.645912891
9952947.121721774
9953787.668510564
9954628.28628523
9955468.975051813
9956309.734816285
9957150.565584643
9957991.467362884
9958832.440157004
9959673.483972998
9960514.59881685
9961355.784694593
9962197.041612208
9963038.369575694
9963879.768591052
9964721.238664262
9965562.779801363
9966404.39200834
9967246.075291192
9968087.829655925
9968929.655108538
9969771.551655037
9970613.519301405
9971455.558053685
9972297.667917866
9973139.848899951
9973982.101005947
9974824.424241839
9975666.818613676
9976509.284127446
9977351.820789153
9978194.42860481
9979037.107580423
9979879.857722005
9980722.679035543
9981565.571527088
9982408.535202634
9983251.570068188
9984094.676129768
9984937.85339336
9985781.101865022
9986624.421550747
9987467.812456546
9988311.274588438
9989154.807952436
9989998.412554555
9990842.088400792
9991685.835497204
9992529.65384979
9993373.543464564
9994217.504347546
9995061.536504734
9995905.63994219
9996749.81466591
9997594.060681917
9998438.37799623
9999282.766614873
10000127.226543864
10000971.757789208
10001816.360356968
10002661.034253145
10003505.779483765
10004350.59605485
10005195.483972408
10006040.443242501
10006885.473871138
10007730.575864345
10008575.749228146
10009420.99396857
10010266.310091646
10011111.697603382
10011957.156509846
10012802.686817048
10013648.288531017
10014493.961657785
10015339.706203362
10016185.52217382
10017031.409575172
10017877.368413446
10018723.398694681
10019569.500424907
10020415.673610158
10021261.91825645
10022108.234369857
10022954.621956395
10023801.081022099
10024647.611573007
10025494.213615134
10026340.88715456
10027187.632197304
10028034.448749403
10028881.336816894
10029728.296405818
10030575.327522216
10031422.430172108
10032269.604361577
10033116.850096641
10033964.167383347
10034811.556227732
10035659.016635824
10036506.548613705
10037354.152167397
10038201.827302948
10039049.574026402
10039897.392343806
10040745.282261204
10041593.243784623
10042441.276920151
10043289.381673817
10044137.558051668
10044985.806059752
10045834.125704119
10046682.5169908
10047530.979925884
10048379.514515404
10049228.120765409
10050076.79868195
10050925.54827108
10051774.369538834
10052623.262491306
10053472.227134528
10054321.263474552
10055170.371517437
10056019.551269237
10056868.802735988
10057718.125923786
10058567.520838669
10059416.987486694
10060266.525873918
10061116.1360064
10061965.81789018
10062815.571531357
10063665.396935971
10064515.294110084
10065365.263059756
10066215.303791046
10067065.41631
10067915.600622717
10068765.856735244
10069616.184653644
10070466.584383978
10071317.055932311
10072167.599304693
10073018.214507224
10073868.901545955
10074719.660426948
10075570.491156274
10076421.39374
10077272.368184173
10078123.414494902
10078974.532678237
10079825.722740248
10080676.984687004
10081528.318524577
10082379.724259017
10083231.201896437
10084082.75144289
10084934.372904448
10085786.066287182
10086637.831597172
10087489.668840464
10088341.57802318
10089193.559151374
10090045.61223112
10090897.737268494
10091749.934269577
10092602.203240423
10093454.544187149
10094306.957115816
10095159.442032503
10096011.99894329
10096864.627854254
10097717.328771457
10098570.101701023
10099422.94664901
10100275.863621501
10101128.852624578
10101981.913664328
10102835.046746809
10103688.251878148
10104541.52906441
10105394.878311679
10106248.299626043
10107101.793013586
10107955.358480394
10108808.996032536
10109662.70567614
10110516.487417273
10111370.341262026
10112224.267216485
10113078.265286721
10113932.335478866
10114786.477798989
10115640.692253182
10116494.978847537
10117349.337588146
10118203.768481104
10119058.27153248
10119912.846748412
10120767.494134972
10121622.213698257
10122477.00544436
10123331.86937936
10124186.80550939
10125041.81384053
10125896.894378876
10126752.047130527
10127607.272101581
10128462.569298137
10129317.938726274
10130173.380392134
10131028.894301794
10131884.48046136
10132740.138876932
10133595.869554589
10134451.672500476
10135307.547720678
10136163.495221296
10137019.515008435
10137875.6070882
10138731.771466697
10139588.00815001
10140444.317144286
10141300.698455613
10142157.152090097
10143013.678053847
10143870.276352948
10144726.946993554
10145583.689981751
10146440.50532365
10147297.393025361
10148154.353092995
10149011.385532664
10149868.490350459
10150725.667552533
10151582.91714498
10152440.239133911
10153297.633525442
10154155.100325668
10155012.639540741
10155870.251176761
10156727.935239842
10157585.6917361
10158443.52067165
10159301.422052616
10160159.39588509
10161017.442175234
10161875.560929146
10162733.752152946
10163592.015852755
10164450.352034671
10165308.760704858
10166167.241869418
10167025.795534473
10167884.421706144
10168743.120390555
10169601.89159383
10170460.735322075
10171319.651581453
10172178.64037807
10173037.701718051
10173896.835607525
10174756.042052595
10175615.321059432
10176474.672634143
10177334.096782856
10178193.5935117
10179053.162826804
10179912.8047343
10180772.519240297
10181632.306350967
10182492.16607242
10183352.098410793
10184212.10337221
10185072.180962792
10185932.331188709
10186792.554056076
10187652.849571027
10188513.2177397
10189373.658568226
10190234.172062745
10191094.758229371
10191955.417074285
10192816.148603603
10193676.952823464
10194537.829740005
10195398.779359346
10196259.801687667
10197120.89673109
10197982.064495755
10198843.304987803
10199704.618213376
10200566.004178615
10201427.462889647
10202288.994352652
10203150.598573755
10204012.275559101
10204874.025314836
10205735.847847084
10206597.74316203
10207459.711265804
10208321.752164552
10209183.86586442
10210046.052371558
10210908.311692115
10211770.643832218
10212633.048798058
10213495.526595766
10214358.077231491
10215220.700711386
10216083.397041582
10216946.166228272
10217809.00827759
10218671.923195686
10219534.910988718
10220397.971662836
10221261.1052242
10222124.311678939
10222987.591033256
10223850.943293283
10224714.368465178
10225577.866555098
10226441.437569184
10227305.08151363
10228168.798394581
10229032.588218192
10229896.450990623
10230760.386718038
10231624.395406594
10232488.477062438
10233352.631691767
10234216.859300727
10235081.15989548
10235945.53348219
10236809.980067002
10237674.49965612
10238539.09225569
10239403.757871877
10240268.496510848
10241133.30817877
10241998.19288181
10242863.150626116
10243728.181417897
10244593.285263302
10245458.4621685
10246323.712139662
10247189.035182936
10248054.431304537
10248919.900510615
10249785.442807341
10250651.058200888
10251516.74669743
10252382.50830314
10253248.343024172
10254114.250866741
10254980.231837003
10255846.285941133
10256712.41318531
10257578.613575684
10258444.88711848
10259311.233819852
10260177.65368598
10261044.14672304
10261910.712937213
10262777.352334682
10263644.064921603
10264510.850704199
10265377.70968863
10266244.64188108
10267111.647287734
10267978.725914748
10268845.87776835
10269713.102854706
10270580.401179997
10271447.772750411
10272315.217572132
10273182.735651346
10274050.32699422
10274917.99160698
10275785.729495797
10276653.54066686
10277521.425126351
10278389.382880446
10279257.413935373
10280125.518297302
10280993.695972424
10281861.946966931
10282730.271287015
10283598.668938866
10284467.13992866
10285335.684262628
10286204.301946947
10287072.992987812
10287941.757391414
10288810.59516393
10289679.5063116
10290548.490840595
10291417.548757115
10292286.68006736
10293155.884777525
10294025.16289381
10294894.514422392
10295763.939369515
10296633.437741356
10297503.009544117
10298372.654784001
10299242.373467186
10300112.165599918
10300982.03118838
10301851.970238773
10302721.982757302
10303592.068750173
10304462.228223588
10305332.461183736
10306202.76763686
10307073.14758915
10307943.60104681
10308814.12801605
10309684.728503076
10310555.402514078
10311426.150055306
10312296.971132949
10313167.865753217
10314038.833922321
10314909.875646474
10315780.990931863
10316652.179784747
10317523.442211313
10318394.77821778
10319266.187810356
10320137.67099526
10321009.227778684
10321880.858166888
10322752.562166063
10323624.33978243
10324496.191022202
10325368.115891598
10326240.114396818
10327112.186544118
10327984.3323397
10328856.551789783
10329728.844900588
10330601.211678332
10331473.652129218
10332346.16625951
10333218.754075408
10334091.415583137
10334964.15078892
10335836.95969898
10336709.84231952
10337582.798656808
10338455.82871705
10339328.932506468
10340202.110031292
10341075.361297747
10341948.686312042
10342822.085080445
10343695.557609165
10344569.103904432
10345442.723972473
10346316.41781952
10347190.185451781
10348064.026875533
10348937.942096984
10349811.931122366
10350685.993957914
10351560.130609863
10352434.341084419
10353308.625387864
10354182.983526412
10355057.415506296
10355931.921333754
10356806.501015022
10357681.154556315
10358555.881963916
10359430.683244038
10360305.558402922
10361180.507446807
10362055.530381931
10362930.627214516
10363805.797950843
10364681.042597134
10365556.361159628
10366431.75364457
10367307.220058203
10368182.760406747
10369058.37469649
10369934.062933654
10370809.825124485
10371685.66127523
10372561.571392132
10373437.55548144
10374313.613549378
10375189.745602237
10376065.951646244
10376942.231687648
10377818.585732698
10378695.013787623
10379571.515858715
10380448.091952205
10381324.74207434
10382201.466231378
10383078.264429567
10383955.13667516
10384832.082974393
10385709.103333559
10386586.197758893
10387463.366256649
10388340.608833082
10389217.925494429
10390095.316246986
10390972.781096993
10391850.320050703
10392727.93311438
10393605.620294277
10394483.381596657
10395361.217027755
10396239.126593878
10397117.110301264
10397995.168156173
10398873.300164867
10399751.50633359
10400629.786668645
10401508.141176274
10402386.569862742
10403265.072734315
10404143.649797255
10405022.30105783
10405901.026522283
10406779.826196926
10407658.700088
10408537.648201779
10409416.670544526
10410295.767122492
10411174.937941987
10412054.18300926
10412933.502330583
10413812.895912223
10414692.363760455
10415571.905881548
10416451.522281757
10417331.212967396
10418210.977944715
10419090.817219991
10419970.730799498
10420850.718689488
10421730.780896282
10422610.917426134
10423491.128285319
10424371.413480114
10425251.773016801
10426132.206901655
10427012.715140933
10427893.29774096
10428773.954707993
10429654.68604831
10430535.491768196
10431416.37187391
10432297.326371774
10433178.355268054
10434059.45856903
10434940.636280984
10435821.888410203
10436703.214962972
10437584.615945553
10438466.091364276
10439347.641225405
10440229.265535226
10441110.964300029
10441992.737526078
10442874.585219704
10443756.507387176
10444638.504034784
10445520.575168816
10446402.720795566
10447284.94092132
10448167.235552352
10449049.604694996
10449932.048355522
10450814.566540224
10451697.159255398
10452579.826507313
10453462.56830231
10454345.38464666
10455228.27554666
10456111.241008608
10456994.281038797
10457877.395643529
10458760.584829077
10459643.848601785
10460527.186967928
10461410.599933807
10462294.087505722
10463177.649689954
10464061.286492843
10464944.997920673
10465828.783979744
10466712.64467636
10467596.580016823
10468480.59000744
10469364.67465449
10470248.833964322
10471133.06794322
10472017.37659749
10472901.75993344
10473786.217957355
10474670.750675583
10475555.358094413
10476440.040220153
10477324.797059113
10478209.628617601
10479094.534901928
10479979.515918383
10480864.571673322
10481749.702173034
10482634.90742383
10483520.187432025
10484405.542203909
10485290.971745841
10486176.476064112
10487062.05516504
10487947.709054938
10488833.437740121
10489719.241226908
10490605.119521596
10491491.072630541
10492377.100560043
10493263.20331642
10494149.380905991
10495035.633335056
10495921.960609976
10496808.362737052
10497694.839722605
10498581.391572956
10499468.01829443
10500354.719893346
10501241.49637601
10502128.347748786
10503015.27401798
10503902.275189916
10504789.351270918
10505676.502267292
10506563.728185408
10507451.029031573
10508338.404812112
10509225.855533356
10510113.38120163
10511000.98182327
10511888.65740458
10512776.407951932
10513664.233471638
10514552.13397003
10515440.10945344
10516328.159928178
10517216.28540062
10518104.48587708
10518992.76136389
10519881.111867387
10520769.537393905
10521658.03794978
10522546.613541326
10523435.264174925
10524323.989856891
10525212.790593563
10526101.66639128
10526990.617256358
10527879.643195182
10528768.744214067
10529657.920319356
10530547.17151739
10531436.497814514
10532325.899217064
10533215.375731364
10534104.927363802
10534994.554120697
10535884.256008398
10536774.033033246
10537663.885201566
10538553.812519748
10539443.814994117
10540333.892631019
10541224.045436801
10542114.273417814
10543004.576580405
10543894.954930902
10544785.408475695
10545675.937221117
10546566.541173518
10547457.220339248
10548347.974724637
10549238.804336084
10550129.709179915
10551020.689262489
10551911.744590156
10552802.875169272
10553694.081006194
10554585.362107253
10555476.71847885
10556368.15012732
10557259.65705902
10558151.239280308
10559042.896797521
10559934.629617061
10560826.437745266
10561718.321188495
10562610.27995311
10563502.31404547
10564394.423471939
10565286.608238855
10566178.868352627
10567071.203819595
10567963.614646122
10568856.100838572
10569748.66240329
10570641.299346682
10571534.011675095
10572426.799394894
10573319.662512446
10574212.60103412
10575105.61496628
10575998.704315279
10576891.869087525
10577785.109289367
10578678.424927175
10579571.81600732
10580465.282536173
10581358.824520085
10582252.44196547
10583146.13487868
10584039.90326609
10584933.747134073
10585827.666489001
10586721.66133723
10587615.73168518
10588509.877539203
10589404.098905677
10590298.395790977
10591192.768201483
10592087.216143552
10592981.739623604
10593876.338647999
10594771.013223113
10595665.763355331
10596560.589051032
10597455.490316575
10598350.467158386
10599245.519582829
10600140.647596281
10601035.85120513
10601931.130415758
10602826.485234529
10603721.915667873
10604617.421722151
10605513.003403753
10606408.660719063
10607304.39367447
10608200.20227634
10609096.086531105
10609992.046445131
10610888.082024809
10611784.193276528
10612680.380206678
10613576.642821632
10614472.981127823
10615369.39513162
10616265.88483942
10617162.45025761
10618059.09139259
10618955.80825073
10619852.60083847
10620749.46916218
10621646.413228258
10622543.433043104
10623440.528613111
10624337.699944656
10625234.947044183
10626132.269918066
10627029.668572703
10627927.143014498
10628824.69324985
10629722.319285136
10630620.021126805
10631517.798781233
10632415.652254825
10633313.581553983
10634211.586685112
10635109.667654593
10636007.824468875
10636906.057134341
10637804.365657397
10638702.75004445
10639601.210301906
10640499.74643615
10641398.358453635
10642297.046360748
10643195.810163897
10644094.64986949
10644993.56548394
10645892.557013657
10646791.62446503
10647690.767844513
10648589.987158498
10649489.282413399
10650388.653615626
10651288.100771574
10652187.6238877
10653087.222970396
10653986.89802608
10654886.649061168
10655786.476082074
10656686.379095215
10657586.358106991
10658486.413123861
10659386.544152223
10660286.751198493
10661187.034269096
10662087.393370427
10662987.828508953
10663888.33969107
10664788.926923206
10665689.590211777
10666590.32956321
10667491.144983929
10668392.036480334
10669293.004058896
10670194.047726015
10671095.16748812
10671996.363351636
10672897.635322968
10673798.983408589
10674700.407614902
10675601.907948337
10676503.484415324
10677405.137022292
10678306.865775673
10679208.670681871
10680110.551747365
10681012.508978564
10681914.542381901
10682816.651963808
10683718.837730696
10684621.099689044
10685523.437845264
10686425.85220579
10687328.34277706
10688230.909565508
10689133.552577572
10690036.271819668
10690939.067298276
10691841.939019812
10692744.886990717
10693647.911217429
10694551.011706365
10695454.188464012
10696357.441496788
10697260.770811135
10698164.176413493
10699067.658310305
10699971.216508018
10700874.85101305
10701778.561831892
10702682.348970963
10703586.212436711
10704490.152235582
10705394.168374002
10706298.260858458
10707202.429695379
10708106.674891211
10709010.996452404
10709915.394385407
10710819.86869667
10711724.41939262
10712629.046479752
10713533.749964496
10714438.529853305
10715343.38615263
10716248.318868903
10717153.328008622
10718058.413578216
10718963.575584143
10719868.814032858
10720774.128930815
10721679.52028447
10722584.98810026
10723490.532384686
10724396.153144183
10725301.850385208
10726207.624114223
10727113.474337664
10728019.401062036
10728925.404293777
10729831.484039348
10730737.640305212
10731643.873097828
10732550.182423662
10733456.568289157
10734363.030700816
10735269.569665086
10736176.185188428
10737082.877277311
10737989.645938177
10738896.491177537
10739803.413001837
10740710.411417544
10741617.486431127
10742524.638049055
10743431.866277795
10744339.171123799
10745246.552593578
10746154.010693584
10747061.545430284
10747969.156810155
10748876.844839646
10749784.609525273
10750692.450873489
10751600.368890768
10752508.363583585
10753416.434958415
10754324.583021734
10755232.807779998
10756141.109239725
10757049.487407373
10757957.94228942
10758866.473892344
10759775.082222601
10760683.767286718
10761592.529091151
10762501.367642382
10763410.282946892
10764319.275011161
10765228.343841676
10766137.489444893
10767046.711827343
10767956.010995487
10768865.38695581
10769774.839714797
10770684.369278913
10771593.975654686
10772503.658848582
10773413.418867089
10774323.255716696
10775233.169403888
10776143.159935158
10777053.227316972
10777963.371555863
10778873.592658302
10779783.890630778
10780694.265479784
10781604.71721179
10782515.245833334
10783425.851350887
10784336.533770943
10785247.293099996
10786158.12934454
10787069.042511074
10787980.032606069
10788891.099636069
10789802.243607545
10790713.464527
10791624.762400927
10792536.137235807
10793447.589038184
10794359.117814532
10795270.723571355
10796182.406315152
10797094.166052425
10798006.002789678
10798917.916533392
10799829.907290112
10800741.975066321
10801654.119868524
10802566.341703225
10803478.640576908
10804391.016496124
10805303.469467357
10806215.999497112
10807128.6065919
10808041.290758228
10808954.052002605
10809866.89033152
10810779.805751523
10811692.798269104
10812605.867890777
10813519.014623052
10814432.238472417
10815345.53944543
10816258.917548582
10817172.372788388
10818085.905171363
10818999.514704019
10819913.201392874
10820826.96524442
10821740.80626522
10822654.724461766
10823568.719840579
10824482.792408174
10825396.94217105
10826311.16913577
10827225.47330883
10828139.854696753
10829054.313306058
10829968.849143269
10830883.462214904
10831798.152527466
10832712.920087524
10833627.764901577
10834542.68697615
10835457.686317766
10836372.762932932
10837287.916828217
10838203.148010124
10839118.45648518
10840033.842259914
10840949.305340853
10841864.845734525
10842780.463447439
10843696.158486167
10844611.930857219
10845527.780567126
10846443.707622418
10847359.712029627
10848275.793795263
10849191.952925907
10850108.189428067
10851024.503308276
10851940.894573072
10852857.36322899
10853773.90928254
10854690.532740308
10855607.233608805
10856524.01189457
10857440.86760414
10858357.800744057
10859274.811320832
10860191.899341054
10861109.064811239
10862026.307737928
10862943.628127662
10863861.025986984
10864778.501322415
10865696.05414054
10866613.68444788
10867531.392250983
10868449.177556392
10869367.04037065
10870284.980700282
10871202.99855188
10872121.093931967
10873039.26684709
10873957.5173038
10874875.845308643
10875794.250868145
10876712.733988903
10877631.294677442
10878549.932940315
10879468.648784073
10880387.442215268
10881306.31324043
10882225.261866154
10883144.288098974
10884063.391945444
10884982.573412118
10885901.832505552
10886821.169232277
10887740.583598897
10888660.075611943
10889579.645277977
10890499.292603554
10891419.017595233
10892338.82025955
10893258.70060311
10894178.658632452
10895098.694354134
10896018.80777472
10896938.99890077
10897859.267738825
10898779.614295492
10899700.038577313
10900620.540590852
10901541.120342672
10902461.77783934
10903382.5130874
10904303.32609346
10905224.216864064
10906145.185405785
10907066.231725186
10907987.355828837
10908908.557723284
10909829.837415142
10910751.19491096
10911672.630217306
10912594.143340753
10913515.734287873
10914437.403065216
10915359.149679398
10916280.974136971
10917202.87644451
10918124.856608588
10919046.914635781
10919969.050532643
10920891.264305795
10921813.55596179
10922735.925507205
10923658.37294862
10924580.898292612
10925503.501545763
10926426.182714624
10927348.941805827
10928271.778825926
10929194.693781503
10930117.68667914
10931040.757525396
10931963.906326901
10932887.133090213
10933810.43782192
10934733.820528604
10935657.28121685
10936580.819893245
10937504.43656435
10938428.1312368
10939351.903917162
10940275.754612017
10941199.683327958
10942123.690071551
10943047.77484943
10943971.937668163
10944896.17853434
10945820.497454554
10946744.894435395
10947669.369483456
10948593.92260531
10949518.55380759
10950443.26309687
10951368.050479747
10952292.915962815
10953217.859552646
10954142.881255882
10955067.981079096
10955993.159028888
10956918.415111855
10957843.749334594
10958769.161703704
10959694.652225764
10960620.22090742
10961545.867755247
10962471.59277585
10963397.395975826
10964323.27736176
10965249.236940296
10966175.274718018
10967101.390701527
10968027.58489743
10968953.857312333
10969880.20795284
10970806.636825535
10971733.14393707
10972659.72929403
10973586.392903022
10974513.134770656
10975439.954903519
10976366.853308264
10977293.82999148
10978220.884959776
10979148.018219765
10980075.22977806
10981002.51964127
10981929.88781599
10982857.334308874
10983784.859126516
10984712.462275531
10985640.143762533
10986567.903594116
10987495.741776941
10988423.658317603
10989351.65322272
10990279.726498907
10991207.878152788
10992136.108190976
10993064.416620072
10993992.803446742
10994921.268677581
10995849.812319212
10996778.434378259
10997707.134861318
10998635.91377506
10999564.771126086
11000493.706921019
11001422.721166484
11002351.813869108
11003280.985035513
11004210.234672306
11005139.56278616
11006068.969383677
11006998.454471488
11007928.01805622
11008857.660144478
11009787.38074294
11010717.179858211
11011647.057496926
11012577.013665713
11013507.048371203
11014437.161620034
11015367.35341881
11016297.623774216
11017227.972692858
11018158.400181374
11019088.9062464
11020019.490894547
11020950.154132498
11021880.895966867
11022811.716404293
11023742.615451414
11024673.593114866
11025604.649401292
11026535.784317305
11027466.997869596
11028398.29006478
11029329.660909498
11030261.110410394
11031192.638574086
11032124.245407265
11033055.930916552
11033987.695108587
11034919.53799002
11035851.459567497
11036783.459847659
11037715.538837133
11038647.696542611
11039579.93297072
11040512.248128103
11041444.642021416
11042377.114657281
11043309.666042393
11044242.296183383
11045175.005086899
11046107.792759595
11047040.659208123
11047973.604439134
11048906.628459258
11049839.731275199
11050772.912893584
11051706.17332107
11052639.512564313
11053572.930629944
11054506.42752467
11055440.00325512
11056373.657827955
11057307.391249834
11058241.203527413
11059175.094667353
11060109.064676292
11061043.113560937
11061977.241327925
11062911.447983917
11063845.733535577
11064780.097989544
11065714.541352527
11066649.063631168
11067583.664832132
11068518.344962083
11069453.104027687
11070387.94203561
11071322.858992497
11072257.85490506
11073192.929779945
11074128.083623819
11075063.316443354
11075998.628245195
11076934.019036056
11077869.488822589
11078805.037611464
11079740.66540935
11080676.372222923
11081612.158058854
11082548.022923794
11083483.966824464
11084419.989767514
11085356.091759622
11086292.272807462
11087228.532917688
11088164.872097023
11089101.29035212
11090037.787689658
11090974.364116317
11091911.019638775
11092847.754263714
11093784.567997787
11094721.460847724
11095658.432820184
11096595.483921846
11097532.614159396
11098469.823539492
11099407.112068865
11100344.479754176
11101281.926602108
11102219.452619351
11103157.057812586
11104094.742188502
11105032.505753765
11105970.348515105
11106908.270479187
11107846.271652704
11108784.352042343
11109722.51165477
11110660.750496723
11111599.06857487
11112537.465895902
11113475.942466512
11114414.498293392
11115353.133383235
11116291.847742714
11117230.641378568
11118169.514297469
11119108.466506112
11120047.498011194
11120986.60881939
11121925.79893744
11122865.068372022
11123804.417129833
11124743.845217573
11125683.35264194
11126622.939409636
11127562.605527338
11128502.351001792
11129442.175839677
11130382.080047697
11131322.063632555
11132262.126600955
11133202.268959574
11134142.490715167
11135082.791874414
11136023.172444023
11136963.632430699
11137904.171841148
11138844.790682055
11139785.488960175
11140726.266682193
11141667.12385482
11142608.060484761
11143549.07657873
11144490.172143416
11145431.347185574
11146372.601711893
11147313.935729088
11148255.34924387
11149196.842262954
11150138.41479303
11151080.066840857
11152021.798413133
11152963.60951657
11153905.500157885
11154847.470343797
11155789.520080997
11156731.649376253
11157673.858236259
11158616.146667736
11159558.514677402
11160500.962271977
11161443.489458162
11162386.096242724
11163328.78263236
11164271.548633793
11165214.39425375
11166157.31949895
11167100.3243761
11168043.408891967
11168986.573053254
11169929.816866688
11170873.140338996
11171816.543476906
11172760.026287122
11173703.588776417
11174647.2309515
11175590.952819098
11176534.754385943
11177478.635658765
11178422.596644273
11179366.637349244
11180310.75778039
11181254.95794444
11182199.23784813
11183143.597498192
11184088.036901342
11185032.556064356
11185977.154993951
11186921.833696863
11187866.592179827
11188811.430449583
11189756.348512845
11190701.346376397
11191646.424046954
11192591.58153126
11193536.818836052
11194482.135968072
11195427.532934042
11196373.009740744
11197318.5663949
11198264.202903256
11199209.919272551
11200155.715509536
11201101.591620926
11202047.547613516
11202993.583494032
11203939.699269215
11204885.894945813
11205832.170530578
11206778.526030233
11207724.961451573
11208671.476801325
11209618.07208624
11210564.747313064
11211511.502488554
11212458.337619457
11213405.252712509
11214352.247774502
11215299.32281217
11216246.477832265
11217193.712841546
11218141.02784674
11219088.422854653
11220035.897872016
11220983.452905586
11221931.087962123
11222878.803048382
11223826.598171122
11224774.473337082
11225722.428553065
11226670.463825809
11227618.579162076
11228566.774568627
11229515.050052201
11230463.405619606
11231411.841277583
11232360.357032895
11233308.952892309
11234257.628862586
11235206.384950494
11236155.221162777
11237104.137506247
11238053.133987645
11239002.210613742
11239951.367391307
11240900.604327083
11241849.921427889
11242799.318700468
11243748.796151595
11244698.353788039
11245647.991616571
11246597.709643966
11247547.507876972
11248497.386322409
11249447.344987027
11250397.383877603
11251347.50300091
11252297.702363702
11253247.9819728
11254198.341834962
11255148.781956961
11256099.302345578
11257049.903007587
11258000.583949775
11258951.345178893
11259902.186701767
11260853.108525159
11261804.110655848
11262755.193100616
11263706.355866224
11264657.5989595
11265608.922387207
11266560.326156124
11267511.810273044
11268463.374744747
11269415.01957802
11270366.744779626
11271318.5503564
11272270.436315106
11273222.402662534
11274174.44940547
11275126.576550683
11276078.784105008
11277031.072075214
11277983.440468092
11278935.889290432
11279888.418549027
11280841.028250672
11281793.718402136
11282746.489010258
11283699.340081813
11284652.271623593
11285605.283642396
11286558.376144994
11287511.549138231
11288464.802628882
11289418.136623744
11290371.551129617
11291325.0461533
11292278.62170159
11293232.277781269
11294186.014399182
11295139.831562107
11296093.729276847
11297047.707550205
11298001.76638896
11298955.905799963
11299910.125789996
11300864.426365864
11301818.80753437
11302773.269302323
11303727.81167653
11304682.434663773
11305637.138270909
11306591.922504721
11307546.787372017
11308501.73287961
11309456.759034287
11310411.865842903
11311367.053312248
11312322.32144913
11313277.670260368
11314233.09975277
11315188.609933151
11316144.200808303
11317099.872385086
11318055.624670295
11319011.45767074
11319967.371393245
11320923.3658446
11321879.441031668
11322835.596961247
11323791.833640153
11324748.151075207
11325704.54927323
11326661.02824104
11327617.587985437
11328574.22851329
11329530.949831394
11330487.751946578
11331444.63486566
11332401.598595444
11333358.643142799
11334315.768514529
11335272.974717459
11336230.261758415
11337187.629644223
11338145.078381713
11339102.607977688
11340060.218439024
11341017.909772526
11341975.681985024
11342933.53508335
11343891.46907431
11344849.483964782
11345807.579761578
11346765.756471526
11347724.014101462
11348682.35265822
11349640.772148632
11350599.272579513
11351557.853957742
11352516.516290136
11353475.25958353
11354434.083844757
11355392.989080638
11356351.975298055
11357311.042503823
11358270.190704782
11359229.419907775
11360188.730119638
11361148.121347217
11362107.593597328
11363067.146876862
11364026.781192638
11364986.496551497
11365946.292960288
11366906.170425829
11367866.128955012
11368826.168554662
11369786.289231624
11370746.490992745
11371706.773844874
11372667.137794858
11373627.582849523
11374588.109015767
11375548.716300413
11376509.404710313
11377470.17425232
11378431.024933262
11379391.956760036
11380352.969739472
11381314.063878424
11382275.239183748
11383236.495662296
11384197.833320925
11385159.252166467
11386120.752205824
11387082.33344583
11388043.995893344
11389005.739555223
11389967.564438304
11390929.470549488
11391891.457895618
11392853.52648355
11393815.676320149
11394777.907412272
11395740.219766783
11396702.613390524
11397665.0882904
11398627.644473257
11399590.281945955
11400553.000715362
11401515.800788319
11402478.68217174
11403441.644872468
11404404.68889737
11405367.814253313
11406331.020947168
11407294.308985803
11408257.678376064
11409221.129124869
11410184.661239063
11411148.274725521
11412111.969591113
11413075.745842688
11414039.603487168
11415003.5425314
11415967.562982263
11416931.664846627
11417895.848131372
11418860.112843372
11419824.458989479
11420788.886576619
11421753.395611646
11422717.986101437
11423682.658052875
11424647.411472835
11425612.246368175
11426577.162745826
11427542.16061264
11428507.239975505
11429472.4008413
11430437.643216908
11431402.96710919
11432368.37252508
11433333.859471433
11434299.42795514
11435265.077983083
11436230.80956215
11437196.622699209
11438162.517401187
11439128.493674954
11440094.5515274
11441060.690965408
11442026.911995875
11442993.214625666
11443959.598861717
11444926.064710898
11445892.6121801
11446859.24127622
11447825.952006148
11448792.744376754
11449759.618394984
11450726.574067704
11451693.611401815
11452660.73040421
11453627.931081789
11454595.213441422
11455562.57749006
11456530.023234572
11457497.550681863
11458465.15983883
11459432.850712372
11460400.62330937
11461368.477636771
11462336.413701454
11463304.431510324
11464272.53107028
11465240.712388229
11466208.975471053
11467177.3203257
11468145.746959059
11469114.25537803
11470082.845589522
11471051.517600445
11472020.271417681
11472989.107048186
11473958.024498846
11474927.023776572
11475896.104888273
11476865.26784086
11477834.512641223
11478803.83929632
11479773.247813039
11480742.738198295
11481712.310459001
11482681.964602074
11483651.700634401
11484621.51856295
11485591.41839461
11486561.4001363
11487531.463794935
11488501.609377436
11489471.836890697
11490442.146341683
11491412.537737293
11492383.011084445
11493353.56639006
11494324.20366106
11495294.922904344
11496265.724126883
11497236.607335575
11498207.572537344
11499178.619739115
11500149.748947812
11501120.96017034
11502092.253413668
11503063.628684703
11504035.085990371
11505006.6253376
11505978.246733319
11506949.950184455
11507921.735697918
11508893.603280682
11509865.552939657
11510837.584681774
11511809.698513962
11512781.894443134
11513754.172476267
11514726.532620275
11515698.97488209
11516671.499268647
11517644.105786884
11518616.794443734
11519589.565246113
11520562.418201003
11521535.353315318
11522508.370596
11523481.470049987
11524454.651684191
11525427.915505605
11526401.261521144
11527374.689737748
11528348.200162362
11529321.792801926
11530295.467663385
11531269.22475366
11532243.06407974
11533216.985648546
11534190.989467027
11535165.075542126
11536139.243880767
11537113.494489947
11538087.827376587
11539062.242547637
11540036.740010045
11541011.319770763
11541985.981836738
11542960.7262149
11543935.552912248
11544910.461935706
11545885.453292232
11546860.526988776
11547835.68303227
11548810.921429714
11549786.24218804
11550761.645314204
11551737.13081516
11552712.698697867
11553688.348969283
11554664.08163634
11555639.896706045
11556615.794185333
11557591.774081163
11558567.836400498
11559543.981150271
11560520.208337495
11561496.517969104
11562472.910052065
11563449.384593338
11564425.941599889
11565402.581078678
11566379.303036653
11567356.107480822
11568332.99441813
11569309.96385554
11570287.015800025
11571264.150258524
11572241.367238056
11573218.666745564
11574196.04878802
11575173.513372393
11576151.060505655
11577128.690194774
11578106.402446702
11579084.197268458
11580062.074666992
11581040.034649275
11582018.077222286
11582996.202392971
11583974.410168357
11584952.700555395
11585931.073561061
11586909.529192334
11587888.067456191
11588866.68835961
11589845.391909547
11590824.17811303
11591803.046977013
11592781.99850848
11593761.032714408
11594740.14960176
11595719.349177564
11596698.63144878
11597677.99642239
11598657.44410538
11599636.974504735
11600616.58762744
11601596.28348046
11602576.062070824
11603555.9234055
11604535.867491476
11605515.894335737
11606496.00394525
11607476.196327055
11608456.471488114
11609436.829435421
11610417.270175966
11611397.793716742
11612378.40006474
11613359.089226931
11614339.861210357
11615320.716021987
11616301.653668817
11617282.674157841
11618263.777496034
11619244.96369044
11620226.23274803
11621207.584675804
11622189.01948076
11623170.537169898
11624152.137750216
11625133.821228692
11626115.587612374
11627097.43690824
11628079.369123291
11629061.384264532
11630043.48233894
11631025.663353568
11632007.927315397
11632990.27423143
11633972.704108676
11634955.216954136
11635937.812774822
11636920.491577717
11637903.253369873
11638886.098158278
11639869.02594994
11640852.036751868
11641835.130571052
11642818.307414547
11643801.567289343
11644784.91020245
11645768.336160881
11646751.845171653
11647735.437241776
11648719.112378241
11649702.870588113
11650686.711878382
11651670.636256065
11652654.643728178
11653638.734301716
11654622.907983746
11655607.16478126
11656591.504701277
11657575.927750818
11658560.433936907
11659545.02326656
11660529.695746776
11661514.451384624
11662499.290187107
11663484.212161245
11664469.217314063
11665454.30565256
11666439.477183813
11667424.73191482
11668410.06985261
11669395.491004208
11670380.995376643
11671366.582976943
11672352.253812112
11673338.007889226
11674323.845215295
11675309.765797347
11676295.769642413
11677281.8567575
11678268.02714969
11679254.280825991
11680240.617793439
11681227.038059063
11682213.541629903
11683200.128512992
11684186.79871534
11685173.552244034
11686160.389106087
11687147.309308536
11688134.31285842
11689121.399762752
11690108.570028622
11691095.823663043
11692083.160673058
11693070.581065709
11694058.084848035
11695045.67202708
11696033.342609862
11697021.096603476
11698008.934014937
11698996.854851294
11699984.859119592
11700972.946826851
11701961.117980165
11702949.372586561
11703937.710653083
11704926.132186782
11705914.637194704
11706903.225683903
11707891.897661401
11708880.6531343
11709869.492109623
11710858.414594427
11711847.420595761
11712836.510120656
11713825.683176212
11714814.939769462
11715804.279907458
11716793.703597257
11717783.210845916
11718772.80166049
11719762.476048013
11720752.234015591
11721742.07557026
11722732.000719074
11723722.0094691
11724712.101827392
11725702.27780099
11726692.537397005
11727682.88062247
11728673.307484452
11729663.817990012
11730654.412146216
11731645.089960104
11732635.851438787
11733626.696589308
11734617.625418734
11735608.637934132
11736599.734142566
11737590.914051084
11738582.177666802
11739573.524996763
11740564.95604804
11741556.4708277
11742548.069342816
11743539.751600437
11744531.517607681
11745523.367371598
11746515.30089926
11747507.318197742
11748499.41927412
11749491.604135443
11750483.872788833
11751476.225241348
11752468.66150006
11753461.181572052
11754453.785464397
11755446.473184152
11756439.244738443
11757432.100134326
11758425.039378885
11759418.062479198
11760411.169442346
11761404.360275391
11762397.634985462
11763390.993579617
11764384.436064944
11765377.962448524
11766371.572737444
11767365.266938766
11768359.045059625
11769352.907107083
11770346.853088228
11771340.883010149
11772334.996879935
11773329.194704652
11774323.476491436
11775317.842247356
11776312.291979503
11777306.825694969
11778301.443400845
11779296.145104202
11780290.93081218
11781285.800531851
11782280.754270311
11783275.792034652
11784270.913831973
11785266.119669346
11786261.409553915
11787256.783492757
11788252.241492966
11789247.783561647
11790243.409705894
11791239.119932787
11792234.914249474
11793230.792663034
11794226.755180566
11795222.801809175
11796218.932555964
11797215.147428012
11798211.446432471
11799207.829576425
11800204.29686698
11801200.848311238
11802197.483916309
11803194.203689275
11804191.007637296
11805187.895767452
11806184.868086854
11807181.924602613
11808179.065321838
11809176.290251642
11810173.59939911
11811170.992771406
11812168.470375616
11813166.032218857
11814163.678308237
11815161.408650853
11816159.223253865
11817157.122124366
11818155.105269471
11819153.172696302
11820151.32441197
11821149.560423598
11822147.880738279
11823146.285363182
11824144.774305401
11825143.34757206
11826142.005170278
11827140.747107154
11828139.573389856
11829138.484025488
11830137.47902117
11831136.558384025
11832135.722121183
11833134.970239766
11834134.302746879
11835133.719649693
11836133.220955314
11837132.806670869
11838132.476803487
11839132.231360273
11840132.070348404
11841131.99377499
11842132.001647156
11843132.093972038
11844132.270756768
11845132.532008478
11846132.877734277
11847133.307941347
11848133.8226368
11849134.421827769
11850135.105521392
11851135.87372478
11852136.726445116
11853137.663689518
11854138.685465124
11855139.79177907
11856140.982638495
11857142.258050542
11858143.618022326
11859145.062561037
11860146.591673791
11861148.205367733
11862149.903650004
11863151.686527725
11864153.554008089
11865155.506098215
11866157.542805247
11867159.664136335
11868161.870098624
11869164.160699261
11870166.535945369
11871168.995844146
11872171.540402716
11873174.16962823
11874176.883527838
11875179.682108667
11876182.565377913
11877185.53334271
11878188.586010206
11879191.723387558
11880194.945481917
11881198.25230044
11882201.643850254
11883205.120138567
11884208.681172509
11885212.326959237
11886216.057505911
11887219.872819662
11888223.7729077
11889227.757777156
11890231.827435195
11891235.981888974
11892240.221145656
11893244.545212401
11894248.954096347
11895253.447804708
11896258.026344622
11897262.689723253
11898267.437947767
11899272.271025302
11900277.188963076
11901282.19176823
11902287.279447932
11903292.452009346
11904297.709459648
11905303.051806
11906308.479055548
11907313.991215516
11908319.588293046
11909325.27029531
11910331.037229482
11911336.889102709
11912342.825922213
11913348.847695144
11914354.954428675
11915361.146129983
11916367.422806242
11917373.784464631
11918380.2311123
11919386.762756476
11920393.379404312
11921400.08106299
11922406.867739685
11923413.739441555
11924420.696175829
11925427.737949662
11926434.86477024
11927442.07664474
11928449.373580348
11929456.755584247
11930464.2226636
11931471.774825634
11932479.412077516
11933487.13442643
11934494.941879561
11935502.834444074
11936510.812127203
11937518.874936115
11938527.022877999
11939535.255960042
11940543.574189436
11941551.97757337
11942560.466119016
11943569.039833609
11944577.69872432
11945586.442798343
11946595.272062872
11947604.186525075
11948613.186192196
11949622.271071408
11950631.441169908
11951640.69649489
11952650.037053555
11953659.462853098
11954668.973900696
11955678.570203597
11956688.251768973
11957698.018604027
11958707.870715963
11959717.808111953
11960727.830799252
11961737.938785039
11962748.132076515
11963758.410680884
11964768.774605354
11965779.223857129
11966789.75844339
11967800.378371391
11968811.083648318
11969821.874281378
11970832.75027778
11971843.711644707
11972854.758389419
11973865.890519101
11974877.108040964
11975888.41096222
11976899.799290081
11977911.27303176
11978922.832194444
11979934.476785399
11980946.206811814
11981958.022280904
11982969.923199883
11983981.909575945
11984993.981416356
11986006.13872831
11987018.381519021
11988030.709795713
11989043.123565603
11990055.622835912
11991068.207613835
11992080.877906643
11993093.633721534
11994106.475065729
11995119.401946452
11996132.414370902
11997145.512346352
11998158.695880003
11999171.964979082
12000185.319650812
12001198.759902423
12002212.28574114
12003225.897174167
12004239.594208783
12005253.37685219
12006267.245111622
12007281.198994305
12008295.23850745
12009309.363658333
12010323.574454164
12011337.870902177
12012352.253009604
12013366.72078368
12014381.274231639
12015395.91336069
12016410.638178123
12017425.448691146
12018440.344906999
12019455.326832915
12020470.394476112
12021485.54784388
12022500.786943426
12023516.111781998
12024531.522366835
12025547.018705176
12026562.600804264
12027578.268671319
12028594.022313632
12029609.861738423
12030625.786952935
12031641.797964415
12032657.894780107
12033674.077407233
12034690.34585309
12035706.7001249
12036723.140229914
12037739.666175378
12038756.277968543
12039772.975616632
12040789.759126946
12041806.628506713
12042823.583763182
12043840.624903608
12044857.751935245
12045874.96486532
12046892.263701135
12047909.648449924
12048927.11911894
12049944.675715439
12050962.31824668
12051980.046719894
12052997.86114239
12054015.761521399
12055033.747864181
12056051.820177998
12057069.97847011
12058088.22274775
12059106.553018233
12060124.969288794
12061143.471566698
12062162.059859205
12063180.734173585
12064199.494517071
12065218.340896985
12066237.273320561
12067256.291795071
12068275.39632778
12069294.586925955
12070313.863596842
12071333.226347758
12072352.675185949
12073372.210118683
12074391.831153233
12075411.538296867
12076431.331556838
12077451.210940463
12078471.176454995
12079491.228107706
12080511.365905868
12081531.58985676
12082551.899967631
12083572.296245808
12084592.778698541
12085613.34733311
12086634.002156792
12087654.743176868
12088675.570400588
12089696.483835287
12090717.483488219
12091738.569366664
12092759.741477903
12093780.999829222
12094802.344427878
12095823.775281204
12096845.292396458
12097866.895780927
12098888.585441897
12099910.361386653
12100932.223622458
12101954.172156649
12102976.206996487
12103998.328149263
12105020.535622267
12106042.829422787
12107065.209558088
12108087.676035514
12109110.22886233
12110132.868045827
12111155.593593301
12112178.405512044
12113201.303809326
12114224.28849249
12115247.359568808
12116270.517045576
12117293.760930091
12118317.09122965
12119340.507951548
12120364.011103064
12121387.600691544
12122411.276724262
12123435.039208522
12124458.88815162
12125482.823560836
12126506.845443523
12127530.953806955
12128555.14865844
12129579.430005278
12130603.797854776
12131628.25221424
12132652.793090949
12133677.42049226
12134702.134425456
12135726.934897844
12136751.821916733
12137776.795489408
12138801.855623227
12139827.002325475
12140852.235603465
12141877.555464506
12142902.96191591
12143928.454964994
12144954.03461904
12145979.700885419
12147005.453771414
12148031.293284344
12149057.219431525
12150083.232220246
12151109.331657875
12152135.517751707
12153161.790509056
12154188.149937246
12155214.596043592
12156241.128835415
12157267.748320015
12158294.454504758
12159321.247396942
12160348.127003893
12161375.093332931
12162402.146391356
12163429.286186542
12164456.512725791
12165483.826016426
12166511.226065774
12167538.712881163
12168566.28646992
12169593.946839347
12170621.693996826
12171649.527949657
12172677.448705174
12173705.456270706
12174733.55065356
12175761.731861116
12176789.999900684
12177818.354779596
12178846.796505185
12179875.325084785
12180903.940525735
12181932.642835341
12182961.43202099
12183990.308089998
12185019.271049695
12186048.320907427
12187077.457670502
12188106.681346312
12189135.991942173
12190165.389465421
12191194.873923402
12192224.445323456
12193254.103672925
12194283.848979129
12195313.681249458
12196343.600491235
12197373.606711803
12198403.699918509
12199433.88011867
12200464.14731969
12201494.501528883
12202524.942753604
12203555.471001199
12204586.086279016
12205616.788594406
12206647.577954695
12207678.454367284
12208709.417839497
12209740.468378693
12210771.605992218
12211802.830687404
12212834.142471654
12213865.5413523
12214897.027336694
12215928.600432195
12216960.260646159
12217992.007985942
12219023.84245888
12220055.764072377
12221087.772833772
12222119.868750421
12223152.051829688
12224184.322078906
12225216.679505486
12226249.124116769
12227281.655920116
12228314.27492289
12229346.981132457
12230379.774556179
12231412.6552014
12232445.623075532
12233478.67818592
12234511.820539927
12235545.050144928
12236578.36700826
12237611.771137344
12238645.262539526
12239678.841222176
12240712.507192664
12241746.260458363
12242780.101026643
12243814.028904855
12244848.04410042
12245882.146620689
12246916.336473037
12247950.613664836
12248984.97820344
12250019.430096274
12251053.969350692
12252088.595974071
12253123.30997379
12254158.111357227
12255193.000131762
12256227.976304749
12257263.039883623
12258298.190875737
12259333.429288475
12260368.755129218
12261404.168405328
12262439.669124234
12263475.2572933
12264510.932919912
12265546.696011452
12266582.546575308
12267618.484618869
12268654.510149496
12269690.623174626
12270726.823701628
12271763.111737888
12272799.487290796
12273835.95036772
12274872.5009761
12275909.139123306
12276945.864816727
12277982.678063758
12279019.578871794
12280056.567248229
12281093.643200431
12282130.80673585
12283168.057861857
12284205.396585846
12285242.822915219
12286280.336857347
12287317.938419677
12288355.627609588
12289393.404434478
12290431.268901749
12291469.221018802
12292507.260793038
12293545.388231836
12294583.60334265
12295621.90613286
12296660.296609867
12297698.77478108
12298737.340653878
12299775.994235719
12300814.735533983
12301853.564556079
12302892.481309416
12303931.485801404
12304970.57803945
12306009.75803094
12307049.025783338
12308088.381304026
12309127.824600419
12310167.355679931
12311206.974549947
12312246.681217933
12313286.47569128
12314326.3579774
12315366.328083713
12316406.386017632
12317446.531786576
12318486.765397938
12319527.086859185
12320567.496177712
12321607.99336094
12322648.578416288
12323689.251351152
12324730.012173004
12325770.860889241
12326811.797507286
12327852.822034562
12328893.934478495
12329935.134846507
12330976.423145998
12332017.799384449
12333059.263569256
12334100.81570785
12335142.455807656
12336184.183876079
12337225.999920597
12338267.903948618
12339309.89596757
12340351.975984883
12341394.14400799
12342436.400044324
12343478.744101292
12344521.176186375
12345563.696306987
12346606.30447056
12347649.00068453
12348691.784956332
12349734.65729338
12350777.617703158
12351820.666193083
12352863.802770589
12353907.027443118
12354950.34021811
12355993.74110298
12357037.230105218
12358080.807232242
12359124.472491493
12360168.225890417
12361212.067436453
12362255.997137023
12363300.014999622
12364344.12103167
12365388.315240612
12366432.597633895
12367476.968218967
12368521.427003253
12369565.973994248
12370610.609199379
12371655.332626093
12372700.144281844
12373745.04417408
12374790.032310229
12375835.108697794
12376880.273344202
12377925.526256908
12378970.867443364
12380016.296911027
12381061.814667325
12382107.420719769
12383153.115075786
12384198.897742836
12385244.768728374
12386290.728039863
12387336.775684735
12388382.911670499
12389429.136004591
12390475.448694475
12391521.84974761
12392568.339171458
12393614.91697346
12394661.583161127
12395708.337741898
12396755.180723242
12397802.11211262
12398849.1319175
12399896.240145326
12400943.436803613
12401990.721899804
12403038.095441367
12404085.557435773
12405133.107890494
12406180.746812971
12407228.47421073
12408276.290091215
12409324.194461899
12410372.187330255
12411420.268703757
12412468.438589856
12413516.696996074
12414565.043929866
12415613.479398703
12416662.003410066
12417710.615971431
12418759.31709025
12419808.106774056
12420856.9850303
12421905.951866463
12422955.007290026
12424004.15130847
12425053.383929277
12426102.705159904
12427152.115007887
12428201.613480682
12429251.200585775
12430300.876330651
12431350.640722768
12432400.493769668
12433450.43547881
12434500.46585768
12435550.58491377
12436600.792654566
12437651.089087559
12438701.474220213
12439751.948060071
12440802.510614598
12441853.161891287
12442903.90189763
12443954.730641095
12445005.648129227
12446056.654369496
12447107.749369396
12448158.933136424
12449210.205678076
12450261.567001848
12451313.017115215
12452364.556025725
12453416.183740852
12454467.900268095
12455519.705614954
12456571.599788908
12457623.582797505
12458675.654648224
12459727.815348567
12460780.064906038
12461832.403328143
12462884.830622384
12463937.346796243
12464989.951857274
12466042.645812962
12467095.428670814
12468148.300438335
12469201.261123009
12470254.310732398
12471307.449273985
12472360.676755281
12473413.993183797
12474467.398567045
12475520.892912537
12476574.47622776
12477628.148520282
12478681.909797587
12479735.760067191
12480789.699336613
12481843.727613341
12482897.844904942
12483952.05121891
12485006.346562764
12486060.730944019
12487115.204370197
12488169.76684882
12489224.418387378
12490279.158993447
12491333.988674521
12492388.907438125
12493443.915291782
12494499.01224299
12495554.198299324
12496609.473468283
12497664.837757394
12498720.29117418
12499775.833726175
12500831.4654209
12501887.18626586
12502942.996268636
12503998.895436732
12505054.883777676
12506110.961299
12507167.128008213
12508223.383912893
12509279.729020549
12510336.163338717
12511392.686874928
12512449.299636716
12513506.00163162
12514562.792867148
12515619.673350887
12516676.64309035
12517733.702093074
12518790.850366598
12519848.087918436
12520905.414756177
12521962.830887338
12523020.33631946
12524077.931060083
12525135.615116749
12526193.388497002
12527251.251208361
12528309.20325842
12529367.244654698
12530425.375404742
12531483.595516095
12532541.904996281
12533600.303852899
12534658.79209347
12535717.369725542
12536776.036756666
12537834.79319439
12538893.639046269
12539952.574319823
12541011.599022657
12542070.713162297
12543129.9167463
12544189.209782215
12545248.592277575
12546308.064239983
12547367.625676969
12548427.276596094
12549487.017004909
12550546.846910974
12551606.766321847
12552666.775245063
12553726.87368823
12554787.061658885
12555847.339164587
12556907.706212897
12557968.162811354
12559028.70896757
12560089.344689082
12561150.069983456
12562210.884858256
12563271.789321046
12564332.783379395
12565393.867040839
12566455.040313
12567516.30320342
12568577.655719666
12569639.097869309
12570700.629659891
12571762.251099035
12572823.962194286
12573885.762953214
12574947.653383395
12576009.633492399
12577071.7032878
12578133.862777147
12579196.111968067
12580258.450868107
12581320.879484847
12582383.397825861
12583446.005898701
12584508.703710997
12585571.491270302
12586634.368584195
12587697.335660256
12588760.392506067
12589823.539129207
12590886.775537234
12591950.10173778
12593013.517738404
12594077.02354669
12595140.61917022
12596204.304616556
12597268.079893336
12598331.945008116
12599395.899968488
12600459.944782037
12601524.079456352
12602588.303999022
12603652.61841761
12604717.022719758
12605781.516913032
12606846.101005023
12607910.775003323
12608975.5389155
12610040.392749196
12611105.336511983
12612170.370211454
12613235.493855203
12614300.707450828
12615366.011005925
12616431.404528067
12617496.888024898
12618562.461503997
12619628.124972962
12620693.87843939
12621759.721910857
12622825.655395018
12623891.678899445
12624957.792431744
12626023.995999515
12627090.289610364
12628156.673271893
12629223.146991683
12630289.710777393
12631356.364636598
12632423.10857691
12633489.942605935
12634556.866731254
12635623.88096053
12636690.985301344
12637758.179761307
12638825.464348031
12639892.839069124
12640960.303932203
12642027.858944852
12643095.504114736
12644163.239449441
12645231.064956587
12646298.980643785
12647366.986518627
12648435.082588779
12649503.268861834
12650571.54534541
12651639.912047127
12652708.3689746
12653776.91613545
12654845.553537276
12655914.281187745
12656983.099094454
12658052.00726503
12659121.005707089
12660190.094428232
12661259.273436137
12662328.5427384
12663397.90234265
12664467.352256507
12665536.892487604
12666606.523043565
12667676.243931994
12668746.05516057
12669815.9567369
12670885.94866861
12671956.030963331
12673026.203628698
12674096.466672312
12675166.820101863
12676237.263924954
12677307.79814922
12678378.422782296
12679449.137831818
12680519.943305394
12681590.839210713
12682661.825555388
12683732.902347054
12684804.069593353
12685875.32730192
12686946.675480371
12688018.114136398
12689089.643277617
12690161.262911668
12691232.973046193
12692304.773688838
12693376.664847218
12694448.646529028
12695520.71874189
12696592.88149345
12697665.13479135
12698737.478643239
12699809.91305674
12700882.43803955
12701955.053599296
12703027.759743623
12704100.556480184
12705173.443816628
12706246.421760583
12707319.49031975
12708392.649501756
12709465.899314255
12710539.2397649
12711612.670861349
12712686.192611227
12713759.805022245
12714833.508102031
12715907.301858243
12716981.18629854
12718055.161430579
12719129.227261994
12720203.383800495
12721277.63105372
12722351.969029326
12723426.397734977
12724500.917178337
12725575.527367037
12726650.228308799
12727725.020011257
12728799.90248208
12729874.87572893
12730949.939759474
12732025.094581354
12733100.340202289
12734175.676629921
12735251.10387192
12736326.621935952
12737402.23082969
12738477.930560779
12739553.72113694
12740629.602565823
12741705.574855097
12742781.638012437
12743857.792045515
12744934.036961984
12746010.372769566
12747086.799475916
12748163.317088706
12749239.925615616
12750316.625064325
12751393.415442508
12752470.29675782
12753547.269017993
12754624.33223068
12755701.486403566
12756778.731544327
12757856.067660624
12758933.494760191
12760011.012850687
12761088.621939793
12762166.322035195
12763244.11314458
12764321.995275635
12765399.968436018
12766478.03263347
12767556.187875656
12768634.434170261
12769712.771524977
12770791.199947465
12771869.719445473
12772948.330026662
12774027.031698726
12775105.824469358
12776184.708346251
12777263.683337098
12778342.74944957
12779421.906691413
12780501.1550703
12781580.494593922
12782659.92526998
12783739.447106145
12784819.06011017
12785898.764289726
12786978.559652513
12788058.446206233
12789138.423958585
12790218.492917273
12791298.653089972
12792378.904484438
12793459.24710835
12794539.680969412
12795620.206075326
12796700.822433775
12797781.530052518
12798862.328939235
12799943.219101632
12801024.200547421
12802105.273284309
12803186.437320005
12804267.692662194
12805349.03931864
12806430.477297029
12807512.00660507
12808593.62725048
12809675.339240944
12810757.14258423
12811839.037288025
12812921.023360047
12814003.100808011
12815085.269639634
12816167.529862631
12817249.881484699
12818332.324513605
12819414.858957045
12820497.484822737
12821580.202118404
12822663.010851739
12823745.911030518
12824828.902662437
12825911.98575522
12826995.16031659
12828078.426354272
12829161.783875993
12830245.232889451
12831328.773402425
12832412.405422617
12833496.128957754
12834579.944015566
12835663.850603756
12836747.848730104
12837831.938402317
12838916.119628126
12840000.39241526
12841084.756771456
12842169.212704444
12843253.760221932
12844338.39933171
12845423.130041482
12846507.952358985
12847592.866291959
12848677.871848112
12849762.969035234
12850848.157861039
12851933.438333265
12853018.810459651
12854104.27424794
12855189.82970587
12856275.476841157
12857361.215661598
12858447.046174906
12859532.96838883
12860618.98231111
12861705.087949464
12862791.285311693
12863877.574405517
12864963.955238681
12866050.427818934
12867136.992154025
12868223.6482517
12869310.396119684
12870397.23576578
12871484.167197712
12872571.190423232
12873658.305450091
12874745.512286017
12875832.810938815
12876920.201416213
12878007.683725968
12879095.257875832
12880182.923873562
12881270.681726918
12882358.531443626
12883446.4730315
12884534.506498272
12885622.6318517
12886710.849099543
12887799.15824954
12888887.559309501
12889976.052287163
12891064.637190288
12892153.31402664
12893242.082803983
12894330.943530083
12895419.896212675
12896508.94085958
12897598.077478537
12898687.306077316
12899776.626663683
12900866.03924538
12901955.54383023
12903045.140425976
12904134.829040388
12905224.609681236
12906314.482356295
12907404.447073335
12908494.503840104
12909584.652664427
12910674.893554052
12911765.226516757
12912855.651560316
12913946.168692479
12915036.777921075
12916127.479253858
12917218.272698604
12918309.158263091
12919400.1359551
12920491.205782415
12921582.367752785
12922673.621874047
12923764.968153957
12924856.406600296
12925947.937220853
12927039.560023379
12928131.275015716
12929223.082205623
12930314.981600884
12931406.973209288
12932499.057038622
12933591.233096674
12934683.501391208
12935775.861930065
12936868.314721007
12937960.85977183
12939053.49709032
12940146.226684244
12941239.04856145
12942331.962729705
12943424.969196802
12944518.067970535
12945611.2590587
12946704.542469094
12947797.918209488
12948891.38628773
12949984.946711592
12951078.599488875
12952172.344627377
12953266.182134872
12954360.112019213
12955454.134288175
12956548.248949561
12957642.456011174
12958736.755480815
12959831.14736629
12960925.631675377
12962020.208415935
12963114.877595741
12964209.639222605
12965304.493304333
12966399.439848704
12967494.478863584
12968589.610356754
12969684.834336022
12970780.1508092
12971875.559784101
12972971.061268536
12974066.65527029
12975162.34179723
12976258.120857144
12977353.992457844
12978449.95660715
12979546.013312848
12980642.162582807
12981738.40442482
12982834.738846704
12983931.165856278
12985027.68546136
12986124.29766977
12987221.002489304
12988317.799927834
12989414.689993156
12990511.672693094
12991608.748035468
12992705.916028079
12993803.176678801
12994900.529995436
12995997.975985808
12997095.514657743
12998193.14601907
12999290.870077616
13000388.68684118
13001486.596317649
13002584.598514823
13003682.693440536
13004780.881102614
13005879.161508892
13006977.534667175
13008076.000585351
13009174.559271226
13010273.210732631
13011371.954977408
13012470.792013386
13013569.72184838
13014668.744490277
13015767.85994689
13016867.068226054
13017966.369335614
13019065.763283404
13020165.250077242
13021264.82972502
13022364.502234552
13023464.267613683
13024564.125870254
13025664.07701211
13026764.121047068
13027864.257983027
13028964.487827806
13030064.81058925
13031165.22627521
13032265.734893527
13033366.336452028
13034467.030958612
13035567.818421105
13036668.698847355
13037769.672245216
13038870.738622535
13039971.897987142
13041073.15034694
13042174.495709758
13043275.93408345
13044377.46547587
13045479.089894876
13046580.807348294
13047682.617844038
13048784.521389935
13049886.517993847
13050988.607663631
13052090.790407147
13053193.066232229
13054295.43514679
13055397.897158666
13056500.45227572
13057603.100505812
13058705.84185681
13059808.676336547
13060911.603952944
13062014.62471384
13063117.7386271
13064220.945700591
13065324.245942183
13066427.639359714
13067531.125961108
13068634.705754207
13069738.378746884
13070842.144947005
13071946.004362447
13073049.957001051
13074154.002870746
13075258.14197938
13076362.374334823
13077466.699944953
13078571.118817644
13079675.630960746
13080780.23638219
13081884.935089827
13082989.727091534
13084094.612395192
13085199.591008676
13086304.66293987
13087409.82819663
13088515.086786887
13089620.438718496
13090725.883999344
13091831.42263731
13092937.054640256
13094042.780016117
13095148.598772753
13096254.51091805
13097360.516459893
13098466.615406174
13099572.807764778
13100679.093543567
13101785.472750485
13102891.945393395
13103998.511480188
13105105.171018757
13106211.924016964
13107318.770482758
13108425.710424006
13109532.743848601
13110639.870764438
13111747.091179414
13112854.405101422
13113961.812538335
13115069.313498102
13116176.907988597
13117284.596017716
13118392.377593363
13119500.252723405
13120608.221415801
13121716.283678424
13122824.439519176
13123932.688945962
13125041.031966684
13126149.468589246
13127257.998821527
13128366.622671485
13129475.340146998
13130584.151255978
13131693.056006327
13132802.05440593
13133911.146462748
13135020.332184663
13136129.611579586
13137238.984655429
13138348.451420102
13139458.01188152
13140567.666047564
13141677.413926205
13142787.255525328
13143897.190852853
13145007.219916688
13146117.342724727
13147227.559284942
13148337.869605219
13149448.273693481
13150558.771557644
13151669.363205627
13152780.048645353
13153890.827884713
13155001.700931685
13156112.667794162
13157223.72848007
13158334.88299733
13159446.13135384
13160557.473557578
13161668.909616444
13162780.439538363
13163892.063331263
13165003.781003073
13166115.592561718
13167227.4980151
13168339.497371206
13169451.590637937
13170563.777823225
13171676.058935
13172788.433981167
13173900.902969716
13175013.46590855
13176126.122805607
13177238.873668818
13178351.718506122
13179464.657325452
13180577.690134723
13181690.81694192
13182804.037754962
13183917.35258178
13185030.76143032
13186144.264308492
13187257.861224292
13188371.552185634
13189485.337200461
13190599.216276716
13191713.189422343
13192827.256645286
13193941.417953461
13195055.673354872
13196170.022857435
13197284.466469098
13198399.004197808
13199513.636051489
13200628.362038141
13201743.182165688
13202858.09644208
13203973.104875267
13205088.207473204
13206203.40424384
13207318.695195103
13208434.080335
13209549.55967146
13210665.133212436
13211780.800965885
13212896.562939735
13214012.419141999
13215128.369580608
13216244.414263517
13217360.553198688
13218476.78639408
13219593.113857655
13220709.535597345
13221826.051621167
13222942.661937056
13224059.366552975
13225176.165476888
13226293.058716735
13227410.04628053
13228527.128176216
13229644.304411758
13230761.574995123
13231878.93993428
13232996.399237195
13234113.952911815
13235231.600966157
13236349.343408171
13237467.180245826
13238585.111487092
13239703.137139918
13240821.257212328
13241939.47171227
13243057.780647721
13244176.184026653
13245294.681857044
13246413.27414687
13247531.960904079
13248650.742136706
13249769.617852703
13250888.588060046
13252007.652766718
13253126.81198067
13254246.065709941
13255365.413962483
13256484.85674628
13257604.394069316
13258724.025939574
13259843.752365038
13260963.573353667
13262083.4889135
13263203.4990525
13264323.603778653
13265443.803099945
13266564.097024338
13267684.485559879
13268804.968714528
13269925.546496276
13271046.218913116
13272166.985973038
13273287.847684035
13274408.804054076
13275529.855091207
13276651.000803396
13277772.241198638
13278893.576284932
13280015.006070245
13281136.53056263
13282258.149770057
13283379.863700524
13284501.672362035
13285623.575762585
13286745.573910179
13287867.666812787
13288989.854478471
13290112.136915201
13291234.514130985
13292356.986133827
13293479.552931702
13294602.214532673
13295724.970944718
13296847.822175842
13297970.768234055
13299093.809127364
13300216.94486378
13301340.175451284
13302463.500897942
13303586.921211734
13304710.436400678
13305834.04647278
13306957.75143603
13308081.551298497
13309205.446068164
13310329.43575305
13311453.520361168
13312577.699900536
13313701.974379169
13314826.343805062
13315950.808186283
13317075.367530828
13318200.021846715
13319324.771141963
13320449.61542457
13321574.554702608
13322699.588984076
13323824.718276994
13324949.942589387
13326075.261929281
13327200.6763047
13328326.185723642
13329451.790194191
13330577.489724344
13331703.28432213
13332829.173995579
13333955.15875269
13335081.23860155
13336207.413550163
13337333.683606558
13338460.048778767
13339586.509074826
13340713.064502764
13341839.715070592
13342966.460786399
13344093.301658189
13345220.237694
13346347.268901873
13347474.39528984
13348601.616865914
13349728.933638187
13350856.345614675
13351983.852803415
13353111.455212448
13354239.152849816
13355366.945723534
13356494.8338417
13357622.817212328
13358750.895843467
13359879.069743158
13361007.338919448
13362135.703380354
13363264.16313398
13364392.718188345
13365521.3685515
13366650.114231491
13367778.95523637
13368907.891574156
13370036.923252959
13371166.050280802
13372295.272665737
13373424.590415819
13374554.003539097
13375683.512043603
13376813.115937445
13377942.815228652
13379072.60992528
13380202.500035387
13381332.485567028
13382462.566528238
13383592.742927128
13384723.014771733
13385853.382070113
13386983.844830329
13388114.40306044
13389245.056768486
13390375.805962583
13391506.650650766
13392637.590841103
13393768.626541657
13394899.757760495
13396030.984505655
13397162.30678526
13398293.724607352
13399425.237979997
13400556.846911266
13401688.551409231
13402820.351481933
13403952.247137498
13405084.238383973
13406216.325229429
13407348.507681938
13408480.785749579
13409613.159440394
13410745.628762517
13411878.193723997
13413010.854332909
13414143.610597331
13415276.462525344
13416409.410124995
13417542.453404421
13418675.592371676
13419808.827034838
13420942.157401992
13422075.583481219
13423209.105280574
13424342.722808197
13425476.436072143
13426610.245080499
13427744.14984135
13428878.150362782
13430012.246652884
13431146.438719714
13432280.726571418
13433415.110216057
13434549.58966172
13435684.164916497
13436818.835988453
13437953.602885734
13439088.465616407
13440223.424188564
13441358.478610298
13442493.628889706
13443628.875034882
13444764.217053894
13445899.654954895
13447035.188745955
13448170.818435172
13449306.544030644
13450442.365540443
13451578.282972725
13452714.296335563
13453850.405637057
13454986.610885313
13456122.91208843
13457259.309254512
13458395.802391639
13459532.391507968
13460669.076611578
13461805.857710576
13462942.734813066
13464079.707927132
13465216.777060937
13466353.94222256
13467491.203420112
13468628.560661705
13469766.013955448
13470903.563309453
13472041.208731806
13473178.950230675
13474316.787814146
13475454.721490333
13476592.751267351
13477730.87715329
13478869.099156322
13480007.417284535
13481145.831546048
13482284.341948977
13483422.948501445
13484561.651211571
13485700.450087447
13486839.345137252
13487978.336369077
13489117.423791047
13490256.607411284
13491395.887237888
13492535.263279034
13493674.735542824
13494814.304037383
13495953.968770836
13497093.729751313
13498233.586986942
13499373.540485824
13500513.590256141
13501653.736306
13502793.978643531
13503934.317276865
13505074.752214106
13506215.283463443
13507355.911032982
13508496.634930858
13509637.455165206
13510778.371744161
13511919.38467586
13513060.493968414
13514201.699630015
13515343.001668772
13516484.400092825
13517625.894910317
13518767.486129358
13519909.173758145
13521050.957804793
13522192.838277446
13523334.815184245
13524476.888533333
13525619.05833286
13526761.324590938
13527903.687315771
13529046.14651548
13530188.70219821
13531331.354372108
13532474.103045298
13533616.948225984
13534759.889922287
13535902.928142361
13537046.062894356
13538189.294186424
13539332.62202672
13540476.046423364
13541619.567384575
13542763.184918473
13543906.899033215
13545050.70973696
13546194.617037836
13547338.620944059
13548482.721463753
13549626.918605084
13550771.212376209
13551915.602785287
13553060.089840483
13554204.67354993
13555349.353921844
13556494.130964361
13557639.004685648
13558783.975093868
13559929.042197159
13561074.20600374
13562219.466521753
13563364.823759366
13564510.277724743
13565655.828426057
13566801.475871477
13567947.220069144
13569093.061027287
13570238.998754045
13571385.033257594
13572531.164546108
13573677.39262773
13574823.71751069
13575970.139203139
13577116.657713247
13578263.273049196
13579409.98521916
13580556.794231318
13581703.70009382
13582850.702814901
13583997.802402714
13585144.998865439
13586292.292211257
13587439.682448322
13588587.169584872
13589734.753629062
13590882.43458908
13592030.212473106
13593178.087289328
13594326.059045931
13595474.127751075
13596622.293413002
13597770.556039874
13598918.91563988
13600067.372221205
13601215.925792016
13602364.576360561
13603513.323934998
13604662.168523524
13605811.110134332
13606960.148775613
13608109.284455564
13609258.51718235
13610407.846964223
13611557.273809355
13612706.797725938
13613856.418722173
13615006.136806231
13616155.951986365
13617305.864270749
13618455.873667581
13619605.980185065
13620756.183831405
13621906.484614797
13623056.882543422
13624207.37762554
13625357.969869325
13626508.659282982
13627659.44587472
13628810.32965272
13629961.31062524
13631112.388800463
13632263.564186597
13633414.836791852
13634566.206624439
13635717.67369257
13636869.238004427
13638020.899568278
13639172.65839231
13640324.514484735
13641476.46785377
13642628.5185076
13643780.666454498
13644932.91170265
13646085.254260277
13647237.694135595
13648390.231336823
13649542.865872182
13650695.597749861
13651848.426978137
13653001.353565207
13654154.377519289
13655307.49884861
13656460.717561362
13657614.033665827
13658767.4471702
13659920.95808271
13661074.566411579
13662228.272165038
13663382.075351313
13664535.975978604
13665689.974055195
13666844.069589293
13667998.262589121
13669152.553062918
13670306.941018881
13671461.426465303
13672616.009410387
13673770.689862367
13674925.467829479
13676080.343319958
13677235.316342039
13678390.386903932
13679545.55501393
13680700.820680244
13681856.183911111
13683011.64471477
13684167.203099437
13685322.859073406
13686478.61264489
13687634.463822134
13688790.412613379
13689946.45902687
13691102.60307085
13692258.844753535
13693415.18408323
13694571.621068152
13695728.155716548
13696884.788036667
13698041.518036755
13699198.345725035
13700355.271109814
13701512.294199314
13702669.415001785
13703826.63352548
13704983.949778652
13706141.363769526
13707298.87550641
13708456.484997537
13709614.192251157
13710771.997275528
13711929.900078906
13713087.900669523
13714245.999055691
13715404.195245642
13716562.489247635
13717720.881069932
13718879.370720794
13720037.958208453
13721196.643541228
13722355.426727356
13723514.307775099
13724673.286692722
13725832.363488492
13726991.538170643
13728150.810747502
13729310.181227308
13730469.649618326
13731629.215928826
13732788.88016708
13733948.642341327
13735108.502459897
13736268.46053103
13737428.516563
13738588.670564082
13739748.922542546
13740909.27250664
13742069.720464697
13743230.266424961
13744390.910395712
13745551.652385226
13746712.492401779
13747873.430453625
13749034.466549097
13750195.600696446
13751356.832903955
13752518.163179906
13753679.591532579
13754841.117970228
13756002.742501196
13757164.465133736
13758326.285876133
13759488.204736674
13760650.221723646
13761812.336845305
13762974.550109997
13764136.861525983
13765299.271101551
13766461.77884499
13767624.384764591
13768787.088868616
13769949.891165417
13771112.791663254
13772275.790370421
13773438.887295216
13774602.082445929
13775765.37583083
13776928.76745827
13778092.257336516
13779255.845473869
13780419.531878626
13781583.316559086
13782747.199523548
13783911.180780282
13785075.26033765
13786239.438203922
13787403.714387402
13788568.088896392
13789732.561739169
13790897.132924093
13792061.80245944
13793226.570353517
13794391.43661463
13795556.401251089
13796721.464271199
13797886.62568324
13799051.88549558
13800217.2437165
13801382.700354312
13802548.255417325
13803713.908913825
13804879.660852179
13806045.511240676
13807211.460087627
13808377.50740135
13809543.653190158
13810709.89746237
13811876.24022627
13813042.681490239
13814209.221262563
13815375.859551564
13816542.596365558
13817709.43171284
13818876.365601787
13820043.398040695
13821210.529037884
13822377.758601677
13823545.0867404
13824712.51346238
13825880.03877591
13827047.662689375
13828215.385211073
13829383.20634933
13830551.126112478
13831719.144508816
13832887.261546731
13834055.477234524
13835223.791580526
13836392.20459307
13837560.71628049
13838729.326651115
13839898.035713255
13841066.843475299
13842235.749945555
13843404.755132359
13844573.859044045
13845743.061688928
13846912.363075398
13848081.763211768
13849251.262106376
13850420.859767564
13851590.55620367
13852760.351423042
13853930.245433988
13855100.23824491
13856270.329864124
13857440.520299973
13858610.809560804
13859781.197654933
13860951.684590764
13862122.270376619
13863292.955020841
13864463.738531783
13865634.620917792
13866805.602187218
13867976.682348385
13869147.8614097
13870319.139379488
13871490.516266104
13872661.992077896
13873833.566823196
13875005.240510413
13876177.013147876
13877348.884743938
13878520.85530696
13879692.924845299
13880865.093367312
13882037.360881332
13883209.727395777
13884382.192918975
13885554.757459292
13886727.421025086
13887900.183624696
13889073.045266539
13890246.005958954
13891419.065710302
13892592.224528952
13893765.482423268
13894938.83940162
13896112.295472344
13897285.85064387
13898459.504924534
13899633.258322708
13900807.110846763
13901981.062505042
13903155.113305975
13904329.263257904
13905503.512369202
13906677.860648246
13907852.30810341
13909026.854743069
13910201.500575572
13911376.245609352
13912551.089852758
13913726.033314168
13914901.076001963
13916076.217924492
13917251.459090196
13918426.799507426
13919602.239184562
13920777.77812999
13921953.416352091
13923129.15385925
13924304.990659824
13925480.926762253
13926656.962174898
13927833.096906146
13929009.33096438
13930185.664357966
13931362.097095346
13932538.629184883
13933715.260634966
13934891.991453987
13936068.82165034
13937245.751232414
13938422.780208575
13939599.908587275
13940777.13637688
13941954.463585787
13943131.890222387
13944309.416295055
13945487.041812241
13946664.766782315
13947842.591213679
13949020.51511473
13950198.53849387
13951376.661359498
13952554.88371999
13953733.205583803
13954911.626959315
13956090.147854926
13957268.768279044
13958447.488240045
13959626.30774639
13960805.22680646
13961984.245428663
13963163.363621403
13964342.581393093
13965521.898752142
13966701.31570693
13967880.832265927
13969060.448437514
13970240.164230106
13971419.979652116
13972599.894711927
13973779.909418013
13974960.02377876
13976140.237802584
13977320.551497903
13978500.964873131
13979681.47793669
13980862.09069697
13982042.803162444
13983223.615341509
13984404.52724258
13985585.538874084
13986766.650244413
13987947.861362047
13989129.17223538
13990310.582872842
13991492.09328285
13992673.703473836
13993855.413454225
13995037.223232416
13996219.132816894
13997401.14221606
13998583.251438342
13999765.460492171
14000947.76938595
14002130.178128168
14003312.68672723
14004495.295191564
14005678.003529608
14006860.811749797
14008043.719860565
14009226.727870319
14010409.835787553
14011593.043620678
14012776.351378128
14013959.759068344
14015143.266699737
14016326.874280805
14017510.58181996
14018694.389325643
14019878.296806296
14021062.304270364
14022246.41172629
14023430.619182488
14024614.926647464
14025799.334129632
14026983.84163744
14028168.449179335
14029353.156763738
14030537.964399152
14031722.872094002
14032907.879856734
14034092.987695802
14035278.195619656
14036463.50363675
14037648.911755506
14038834.419984438
14040020.028331969
14041205.736806557
14042391.545416655
14043577.454170693
14044763.463077186
14045949.57214456
14047135.78138128
14048322.0907958
14049508.500396581
14050695.010192087
14051881.620190747
14053068.330401085
14054255.140831532
14055442.051490553
14056629.062386611
14057816.173528174
14059003.384923678
14060190.696581647
14061378.108510518
14062565.620718764
14063753.233214848
14064940.946007242
14066128.759104388
14067316.672514815
14068504.686246963
14069692.800309306
14070881.014710318
14072069.329458473
14073257.744562216
14074446.260030078
14075634.87587051
14076823.592091983
14078012.40870298
14079201.325711979
14080390.343127424
14081579.460957859
14082768.679211732
14083957.997897524
14085147.417023716
14086336.936598795
14087526.55663121
14088716.277129503
14089906.098102132
14091096.019557582
14092286.041504338
14093476.163950887
14094666.386905689
14095856.710377287
14097047.134374142
14098237.658904744
14099428.283977585
14100619.009601153
14101809.835783912
14103000.762534413
14104191.789861118
14105382.917772524
14106574.146277124
14107765.475383414
14108956.90509986
14110148.435435016
14111340.06639735
14112531.797995364
14113723.630237555
14114915.563132422
14116107.596688436
14117299.730914157
14118491.965818057
14119684.301408637
14120876.737694405
14122069.274683861
14123261.91238548
14124454.65080783
14125647.489959382
14126840.429848647
14128033.47048413
14129226.611874342
14130419.854027761
14131613.196952956
14132806.640658407
14134000.185152626
14135193.830444122
14136387.576541413
14137581.423452977
14138775.371187393
14139969.41975314
14141163.569158737
14142357.819412699
14143552.170523545
14144746.622499788
14145941.175349923
14147135.829082523
14148330.583706079
14149525.439229112
14150720.395660145
14151915.45300767
14153110.611280264
14154305.870486427
14155501.23063468
14156696.691733547
14157892.253791556
14159087.91681723
14160283.68081907
14161479.54580566
14162675.5117855
14163871.578767119
14165067.746759046
14166264.015769783
14167460.38580792
14168656.85688196
14169853.429000434
14171050.102171876
14172246.876404822
14173443.751707803
14174640.72808933
14175837.805557996
14177034.984122308
14178232.263790803
14179429.644572021
14180627.126474472
14181824.709506752
14183022.393677376
14184220.178994883
14185418.065467816
14186616.053104717
14187814.141914131
14189012.331904572
14190210.62308464
14191409.015462859
14192607.509047769
14193806.103847919
14195004.799871828
14196203.597128103
14197402.495625265
14198601.495371861
14199800.596376445
14200999.798647568
14202199.102193778
14203398.507023605
14204598.013145657
14205797.62056846
14206997.32930057
14208197.139350541
14209397.0507269
14210597.063438267
14211797.177493164
14212997.392900156
14214197.709667798
14215398.127804652
14216598.64731928
14217799.268220212
14218999.99051607
14220200.814215386
14221401.739326727
14222602.765858656
14223803.893819707
14225005.123218507
14226206.45406359
14227407.886363529
14228609.420126887
14229811.055362236
14231012.792078143
14232214.630283149
14233416.569985887
14234618.611194896
14235820.753918748
14237022.99816602
14238225.343945252
14239427.79126508
14240630.340134049
14241832.990560735
14243035.742553715
14244238.596121566
14245441.55127287
14246644.60801617
14247847.76636011
14249051.026313236
14250254.387884134
14251457.851081382
14252661.415913537
14253865.082389237
14255068.85051704
14256272.720305528
14257476.691763287
14258680.764898906
14259884.93972097
14261089.216238035
14262293.59445875
14263498.074391676
14264702.656045401
14265907.339428516
14267112.124549584
14268317.011417255
14269522.00004009
14270727.090426687
14271932.282585636
14273137.576525534
14274342.972254977
14275548.46978253
14276754.06911685
14277959.770266505
14279165.573240094
14280371.478046218
14281577.484693443
14282783.593190433
14283989.803545758
14285196.11576802
14286402.529865822
14287609.045847768
14288815.663722463
14290022.38349848
14291229.205184488
14292436.128789058
14293643.154320803
14294850.281788329
14296057.511200214
14297264.842565127
14298472.275891649
14299679.81118839
14300887.448463963
14302095.18772698
14303303.028986054
14304510.972249769
14305719.017526798
14306927.164825728
14308135.414155174
14309343.765523752
14310552.218940051
14311760.774412747
14312969.431950433
14314178.191561725
14315387.053255243
14316596.01703961
14317805.082923446
14319014.250915347
14320223.521023992
14321432.893257977
14322642.367625928
14323851.944136467
14325061.622798193
14326271.40361979
14327481.28660986
14328691.271777028
14329901.359129924
14331111.548677178
14332321.84042742
14333532.234389251
14334742.730571363
14335953.32898236
14337164.029630875
14338374.832525542
14339585.737674966
14340796.745087842
14342007.854772775
14343219.066738406
14344430.380993368
14345641.797546305
14346853.316405851
14348064.93758062
14349276.661079312
14350488.486910535
14351700.415082935
14352912.445605153
14354124.578485806
14355336.813733593
14356549.151357133
14357761.59136507
14358974.133766051
14360186.778568724
14361399.525781738
14362612.375413708
14363825.327473348
14365038.381969275
14366251.538910141
14367464.798304599
14368678.160161268
14369891.624488864
14371105.191296011
14372318.860591363
14373532.632383574
14374746.5066813
14375960.483493201
14377174.562827904
14378388.744694123
14379603.02910049
14380817.416055666
14382031.90556831
14383246.49764705
14384461.192300616
14385675.989537632
14386890.889366766
14388105.891796682
14389320.996836042
14390536.204493515
14391751.514777737
14392966.927697433
14394182.443261242
14395398.06147783
14396613.782355871
14397829.605904004
14399045.532130955
14400261.561045371
14401477.69265592
14402693.926971277
14403910.264000116
14405126.70375111
14406343.246232904
14407559.891454237
14408776.63942375
14409993.490150126
14411210.44364204
14412427.499908142
14413644.658957168
14414861.920797773
14416079.285438636
14417296.75288844
14418514.323155863
14419731.996249592
14420949.772178281
14422167.650950674
14423385.632575424
14424603.717061222
14425821.90441675
14427040.194650697
14428258.587771723
14429477.083788576
14430695.682709916
14431914.384544432
14433133.189300817
14434352.096987762
14435571.10761393
14436790.221188076
14438009.43771886
14439228.757214982
14440448.179685134
14441667.705138013
14442887.333582288
14444107.065026715
14445326.899479963
14446546.83695073
14447766.877447719
14448987.020979628
14450207.26755513
14451427.617182987
14452648.069871873
14453868.625630489
14455089.28446754
14456310.046391735
14457530.911411747
14458751.879536342
14459972.950774198
14461194.125134023
14462415.402624527
14463636.783254419
14464858.267032377
14466079.853967177
14467301.544067496
14468523.33734205
14469745.233799549
14470967.23344871
14472189.336298216
14473411.542356845
14474633.851633279
14475856.264136238
14477078.779874438
14478301.3988566
14479524.12109141
14480746.946587652
14481969.87535401
14483192.907399213
14484416.042731978
14485639.28136103
14486862.623295061
14488086.068542857
14489309.617113113
14490533.269014552
14491757.024255905
14492980.882845895
14494204.844793223
14495428.910106678
14496653.078794956
14497877.350866789
14499101.72633091
14500326.205196049
14501550.787470907
14502775.473164279
14504000.26228487
14505225.154841412
14506450.15084264
14507675.250297295
14508900.45321408
14510125.75960179
14511351.169469139
14512576.682824863
14513802.299677702
14515028.020036396
14516253.843909688
14517479.77130629
14518705.802235002
14519931.93670454
14521158.17472365
14522384.516301071
14523610.961445525
14524837.510165814
14526064.162470657
14527290.918368803
14528517.777869
14529744.740979996
14530971.807710541
14532198.97806936
14533426.252065258
14534653.629706964
14535881.111003226
14537108.695962802
14538336.384594413
14539564.176906874
14540792.072908916
14542020.072609292
14543248.17601676
14544476.383140078
14545704.693988005
14546933.108569272
14548161.626892699
14549390.248967016
14550618.974800987
14551847.804403374
14553076.737782909
14554305.774948418
14555534.915908635
14556764.160672326
14557993.509248257
14559222.961645195
14560452.517871909
14561682.177937137
14562911.941849709
14564141.809618363
14565371.781251874
14566601.856759008
14567832.036148513
14569062.319429219
14570292.706609868
14571523.19769924
14572753.792706104
14573984.49163924
14575215.294507425
14576446.201319406
14577677.212084018
14578908.326810015
14580139.545506174
14581370.868181275
14582602.294844072
14583833.825503403
14585065.460168025
14586297.198846718
14587529.041548269
14588760.98828146
14589993.03905508
14591225.193877883
14592457.452758716
14593689.815706339
14594922.282729538
14596154.853837103
14597387.529037796
14598620.308340468
14599853.191753877
14601086.17928682
14602319.270948088
14603552.466746472
14604785.766690772
14606019.17078975
14607252.679052262
14608486.291487075
14609720.008102989
14610953.8289088
14612187.753913276
14613421.78312528
14614655.91655358
14615890.154206978
14617124.496094277
14618358.942224277
14619593.492605785
14620828.147247573
14622062.906158507
14623297.769347362
14624532.736822946
14625767.808594065
14627002.984669495
14628238.26505811
14629473.649768682
14630709.13881003
14631944.732190957
14633180.429920278
14634416.232006809
14635652.138459327
14636888.149286708
14638124.264497738
14639360.484101234
14640596.808106007
14641833.236520847
14643069.769354634
14644306.406616151
14645543.14831422
14646779.994457662
14648016.945055297
14649254.000115946
14650491.1596484
14651728.423661541
14652965.792164167
14654203.2651651
14655440.842673162
14656678.524697155
14657916.31124596
14659154.202328376
14660392.197953233
14661630.29812936
14662868.502865583
14664106.812170735
14665345.226053618
14666583.74452312
14667822.367588047
14669061.09525723
14670299.927539505
14671538.864443675
14672777.905978639
14674017.052153198
14675256.302976193
14676495.65845646
14677735.118602838
14678974.683424167
14680214.352929257
14681454.127127007
14682694.006026229
14683933.989635767
14685174.077964462
14686414.271021131
14687654.568814674
14688894.971353909
14690135.478647681
14691376.090704838
14692616.807534225
14693857.629144693
14695098.55554506
14696339.586744234
14697580.722751038
14698821.963574324
14700063.30922294
14701304.759705711
14702546.31503155
14703787.975209283
14705029.740247762
14706271.610155845
14707513.584942387
14708755.664616248
14709997.849186251
14711240.13866132
14712482.53305028
14713725.032361994
14714967.636605322
14716210.345789095
14717453.159922238
14718696.079013582
14719939.10307199
14721182.23210633
14722425.466125464
14723668.80513826
14724912.249153554
14726155.798180275
14727399.45222726
14728643.21130338
14729887.075417502
14731131.04457847
14732375.118795214
14733619.298076576
14734863.582431428
14736107.971868645
14737352.466397101
14738597.066025672
14739841.770763202
14741086.58061863
14742331.495600801
14743576.515718596
14744821.640980892
14746066.871396538
14747312.206974506
14748557.647723556
14749803.193652662
14751048.844770674
14752294.601086477
14753540.462608954
14754786.42934696
14756032.501309443
14757278.678505259
14758524.960943291
14759771.348632433
14761017.841581536
14762264.439799588
14763511.143295353
14764757.952077815
14766004.866155837
14767251.885538306
14768499.01023412
14769746.240252139
14770993.575601323
14772241.016290532
14773488.562328665
14774736.213724619
14775983.970487261
14777231.83262558
14778479.800148353
14779727.873064574
14780976.05138311
14782224.335112866
14783472.72426274
14784721.218841607
14785969.818858432
14787218.524322087
14788467.335241478
14789716.251625512
14790965.273483066
14792214.400823135
14793463.633654509
14794712.971986188
14795962.415827049
14797211.965186004
14798461.620071964
14799711.38049381
14800961.246460518
14802211.217980968
14803461.295064075
14804711.477718756
14805961.765953893
14807212.159778496
14808462.65920136
14809713.264231496
14810963.974877788
14812214.79114916
14813465.713054528
14814716.740602788
14815967.873802917
14817219.112663811
14818470.457194394
14819721.907403585
14820973.463300282
14822225.124893501
14823476.892192047
14824728.765204938
14825980.743941072
14827232.828409376
14828485.018618781
14829737.314578185
14830989.716296582
14832242.223782869
14833494.837045982
14834747.556094855
14836000.380938388
14837253.311585609
14838506.348045329
14839759.490326578
14841012.738438264
14842266.09238932
14843519.552188687
14844773.117845273
14846026.78936808
14847280.566766016
14848534.450048024
14849788.439223045
14851042.534299994
14852296.735287905
14853551.042195598
14854805.45503211
14856059.973806359
14857314.59852729
14858569.329203852
14859824.16584496
14861079.108459627
14862334.15705677
14863589.311645338
14864844.572234286
14866099.938832533
14867355.411449125
14868610.99009289
14869866.674772877
14871122.465498012
14872378.362277245
14873634.365119537
14874890.474033812
14876146.689029092
14877403.010114305
14878659.437298406
14879915.97059036
14881172.609999096
14882429.355533667
14883686.207202915
14884943.165015893
14886200.228981534
14887457.399108805
14888714.67540667
14889972.057884067
14891229.54655002
14892487.14141347
14893744.842483386
14895002.649768734
14896260.563278455
14897518.583021613
14898776.709007055
14900034.941243848
14901293.279740931
14902551.72450728
14903810.27555187
14905068.932883646
14906327.696511643
14907586.56644481
14908845.542692123
14910104.625262562
14911363.814165074
14912623.109408733
14913882.511002393
14915142.018955132
14916401.6332759
14917661.353973677
14918921.181057453
14920181.114536177
14921441.154418897
14922701.300714567
14923961.553432176
14925221.91258071
14926482.378169129
14927742.95020651
14929003.628701724
14930264.413663851
14931525.305101855
14932786.303024724
14934047.407441452
14935308.618361006
14936569.935792435
14937831.359744709
14939092.89022682
14940354.527247768
14941616.270816548
14942878.120942159
14944140.077633569
14945402.14089984
14946664.310749942
14947926.587192874
14949188.97023764
14950451.459893212
14951714.056168653
14952976.759072939
14954239.568615073
14955502.484804062
14956765.507648913
14958028.637158632
14959291.873342197
14960555.216208678
14961818.665767055
14963082.222026335
14964345.884995533
14965609.654683629
14966873.531099698
14968137.514252719
14969401.604151709
14970665.800805682
14971930.104223656
14973194.514414644
14974459.031387635
14975723.655151706
14976988.385715848
14978253.223089078
14979518.167280417
14980783.218298856
14982048.376153478
14983313.640853275
14984579.012407267
14985844.490824483
14987110.076113947
14988375.76828468
14989641.567345683
14990907.473306043
14992173.486174755
14993439.60596085
14994705.832673356
14995972.166321274
14997238.606913693
14998505.15445962
14999771.80896808
15001038.570448114
15002305.438908748
15003572.414359024
15004839.49680794
15006106.6862646
15007373.982738007
15008641.386237198
15009908.896771215
15011176.514349062
15012444.238979844
15013712.07067257
15014980.009436281
15016248.05528002
15017516.20821283
15018784.468243757
15020052.835381811
15021321.309636101
15022589.891015643
15023858.579529483
15025127.375186669
15026396.277996218
15027665.28796724
15028934.405108757
15030203.629429819
15031472.960939478
15032742.399646783
15034011.94556079
15035281.598690521
15036551.359045094
15037821.22663353
15039091.201464888
15040361.283548225
15041631.472892566
15042901.769507032
15044172.173400652
15045442.684582483
15046713.30306159
15047984.028847031
15049254.861947872
15050525.802373141
15051796.850131966
15053068.00523338
15054339.267686447
15055610.637500236
15056882.11468378
15058153.699246211
15059425.391196564
15060697.19054391
15061969.097297318
15063241.111465858
15064513.233058603
15065785.462084595
15067057.798552966
15068330.24247276
15069602.793853052
15070875.452702915
15072148.2190314
15073421.092847638
15074694.07416068
15075967.162979605
15077240.35931349
15078513.663171414
15079787.074562462
15081060.59349568
15082334.219980214
15083607.954025116
15084881.795639468
15086155.744832357
15087429.801612835
15088703.965990053
15089978.237973062
15091252.617570955
15092527.104792817
15093801.699647736
15095076.402144805
15096351.212293083
15097626.13010172
15098901.155579781
15100176.288736358
15101451.529580545
15102726.878121402
15104002.334368091
15105277.898329673
15106553.570015248
15107829.349433912
15109105.236594763
15110381.2315069
15111657.334179392
15112933.544621402
15114209.862842001
15115486.28885029
15116762.822655372
15118039.46426632
15119316.213692302
15120593.070942387
15121870.036025686
15123147.108951304
15124424.28972835
15125701.57836593
15126978.974873122
15128256.4792591
15129534.091532942
15130811.81170376
15132089.639780665
15133367.575772742
15134645.619689193
15135923.771539012
15137202.031331405
15138480.39907546
15139758.87478029
15141037.458455013
15142316.15010872
15143594.94975059
15144873.857389709
15146152.873035202
15147431.996696187
15148711.228381757
15149990.568101127
15151270.015863298
15152549.571677485
15153829.235552786
15155109.007498322
15156388.887523225
15157668.875636587
15158948.971847601
15160229.176165365
15161509.488599006
15162789.909157658
15164070.437850421
15165351.074686518
15166631.81967496
15167912.672824973
15169193.63414566
15170474.703646157
15171755.8813356
15173037.167223092
15174318.561317837
15175600.06362894
15176881.674165541
15178163.39293678
15179445.219951762
15180727.155219728
15182009.198749693
15183291.350550894
15184573.610632442
15185855.979003483
15187138.455673164
15188421.040650595
15189703.73394499
15190986.535565462
15192269.44552116
15193552.463821234
15194835.590474805
15196118.825491112
15197402.168879185
15198685.62064827
15199969.180807488
15201252.849365992
15202536.626332939
15203820.511717452
15205104.505528746
15206388.60777595
15207672.818468224
15208957.137614723
15210241.565224575
15211526.101307034
15212810.745871136
15214095.498926137
15215380.360481167
15216665.330545388
15217950.409127967
15219235.596238036
15220520.89188482
15221806.29607746
15223091.808825117
15224377.43013696
15225663.160022128
15226948.998489885
15228234.945549272
15229521.001209557
15230807.165479878
15232093.438369408
15233379.819887321
15234666.31004276
15235952.90884496
15237239.616303068
15238526.432426257
15239813.357223706
15241100.390704563
15242387.532878097
15243674.783753363
15244962.143339638
15246249.611646067
15247537.188681835
15248824.874456123
15250112.668978084
15251400.572256962
15252688.584301913
15253976.705122123
15255264.934726775
15256553.273125028
15257841.720326163
15259130.276339242
15260418.94117355
15261707.714838244
15262996.597342517
15264285.58869556
15265574.688906532
15266863.897984693
15268153.215939203
15269442.642779257
15270732.178514052
15272021.823152753
15273311.576704647
15274601.439178813
15275891.41058454
15277181.490930995
15278471.680227382
15279761.978482898
15281052.385706717
15282342.901908103
15283633.527096229
15284924.261280296
15286215.104469512
15287506.056673048
15288797.11790021
15290088.288160075
15291379.567461947
15292670.955815004
15293962.453228455
15295254.059711508
15296545.775273347
15297837.599923246
15299129.533670383
15300421.576523973
15301713.728493232
15303005.989587342
15304298.359815612
15305590.839187138
15306883.427711226
15308176.125397064
15309468.932253873
15310761.84829087
15312054.873517247
15313348.007942285
15314641.251575178
15315934.604425145
15317228.066501414
15318521.637813175
15319815.318369746
15321109.108180232
15322403.00725395
15323697.015600098
15324991.133227903
15326285.360146595
15327579.696365371
15328874.141893528
15330168.696740262
15331463.360914806
15332758.134426394
15334053.017284261
15335348.009497639
15336643.111075733
15337938.322027842
15339233.64236317
15340529.072090957
15341824.61122044
15343120.259760827
15344416.017721422
15345711.88511143
15347007.861940099
15348303.948216667
15349600.143950379
15350896.449150475
15352192.863826174
15353489.387986781
15354786.021641511
15356082.764799612
15357379.61747033
15358676.579662884
15359973.651386585
15361270.832650652
15362568.123464337
15363865.52383689
15365163.033777565
15366460.653295614
15367758.38240026
15369056.22110082
15370354.16940652
15371652.227326615
15372950.394870363
15374248.67204699
15375547.058865817
15376845.555336073
15378144.161467018
15379442.877267912
15380741.70274802
15382040.6379166
15383339.682782887
15384638.837356208
15385938.101645797
15387237.475660918
15388536.959410839
15389836.552904794
15391136.256152116
15392436.069162043
15393735.991943842
15395036.024506785
15396336.166860143
15397636.419013187
15398936.780975161
15400237.2527554
15401537.834363148
15402838.525807677
15404139.327098265
15405440.23824416
15406741.259254696
15408042.390139125
15409343.630906725
15410644.981566776
15411946.442128558
15413248.012601351
15414549.692994408
15415851.483317075
15417153.383578604
15418455.393788278
15419757.513955384
15421059.744089175
15422362.084199004
15423664.534294123
15424967.094383823
15426269.764477395
15427572.544584123
15428875.434713306
15430178.434874197
15431481.545076156
15432784.765328443
15434088.095640352
15435391.536021177
15436695.086480184
15437998.747026728
15439302.517670082
15440606.398419537
15441910.389284395
15443214.490273954
15444518.701397518
15445823.022664351
15447127.45408382
15448431.995665198
15449736.647417787
15451041.40935089
15452346.281473784
15453651.263795832
15454956.356326316
15456261.559074538
15457566.872049807
15458872.295261433
15460177.828718727
15461483.472430965
15462789.226407522
15464095.090657681
15465401.065190753
15466707.15001605
15468013.345142858
15469319.650580553
15470626.066338422
15471932.592425779
15473239.22885194
15474545.97562623
15475852.832757961
15477159.800256426
15478466.878131006
15479774.066390993
15481081.36504571
15482388.774104476
15483696.293576585
15485003.923471428
15486311.663798295
15487619.514566515
15488927.475785412
15490235.547464315
15491543.729612553
15492852.022239426
15494160.425354322
15495468.938966546
15496777.563085426
15498086.297720296
15499395.142880457
15500704.098575307
15502013.164814148
15503322.341606317
15504631.62896115
15505941.026887985
15507250.535396159
15508560.154494978
15509869.884193847
15511179.724502075
15512489.675429001
15513799.73698397
15515109.90917629
15516420.19201537
15517730.585510522
15519041.089671092
15520351.704506423
15521662.430025864
15522973.266238764
15524284.213154435
15525595.270782296
15526906.439131659
15528217.718211876
15529529.108032301
15530840.608602254
15532152.219931182
15533463.94202831
15534775.774903093
15536087.71856485
15537399.773022939
15538711.938286716
15540024.214365508
15541336.601268739
15542649.099005733
15543961.70758585
15545274.427018454
15546587.257312873
15547900.198478566
15549213.250524769
15550526.41346094
15551839.687296415
15553153.072040556
15554466.567702731
15555780.174292276
15557093.891818622
15558407.720291106
15559721.659719098
15561035.71011197
15562349.871479059
15563664.143829832
15564978.527173538
15566293.021519642
15567607.626877489
15568922.343256453
15570237.17066591
15571552.109115208
15572867.158613782
15574182.319170985
15575497.590796191
15576812.973498784
15578128.46728811
15579444.072173648
15580759.788164651
15582075.6152706
15583391.553500844
15584707.60286477
15586023.763371764
15587340.035031177
15588656.417852463
15589972.911844978
15591289.517018108
15592606.233381245
15593923.060943745
15595239.999715097
15596557.049704565
15597874.210921636
15599191.48337567
15600508.867076065
15601826.362032216
15603143.968253484
15604461.68574933
15605779.514529118
15607097.45460225
15608415.505978124
15609733.668666106
15611051.942675693
15612370.32801616
15613688.824697003
15615007.432727592
15616326.152117334
15617644.982875632
15618963.92501186
15620282.978535486
15621602.143455887
15622921.419782469
15624240.807524642
15625560.306691783
15626879.917293398
15628199.639338769
15629519.472837403
15630839.417798683
15632159.474232022
15633479.642146831
15634799.921552496
15636120.312458497
15637440.814874215
15638761.42880907
15640082.154272478
15641402.991273828
15642723.939822633
15644044.999928188
15645366.17160001
15646687.454847487
15648008.849680044
15649330.356107103
15650651.974138057
15651973.703782395
15653295.54504951
15654617.497948833
15655939.562489787
15657261.738681769
15658584.026534306
15659906.426056698
15661228.937258473
15662551.56014903
15663874.294737803
15665197.141034223
15666520.099047692
15667843.16878771
15669166.35026368
15670489.643485038
15671813.048461221
15673136.565201636
15674460.193715816
15675783.934013074
15677107.786102947
15678431.749994842
15679755.825698202
15681080.01322247
15682404.312577058
15683728.723771472
15685053.246815126
15686377.881717468
15687702.628487943
15689027.487135965
15690352.457671082
15691677.54010261
15693002.7344401
15694328.040692968
15695653.458870666
15696978.988982648
15698304.63103833
15699630.385047236
15700956.251018787
15702282.228962434
15703608.31888764
15704934.520803824
15706260.834720545
15707587.26064713
15708913.798593136
15710240.44856799
15711567.210581155
15712894.084642092
15714221.070760231
15715548.168945102
15716875.379206134
15718202.701552793
15719530.135994546
15720857.682540828
15722185.3412012
15723513.111985004
15724840.994901804
15726168.98996104
15727497.09717218
15728825.316544699
15730153.648088032
15731482.09181172
15732810.647725204
15734139.315837959
15735468.09615946
15736796.988699183
15738125.993466605
15739455.110471172
15740784.339722427
15742113.681229819
15743443.135002824
15744772.701050928
15746102.379383577
15747432.170010319
15748762.072940605
15750092.08818392
15751422.215749752
15752752.45564758
15754082.807886897
15755413.272477156
15756743.849427907
15758074.53874861
15759405.340448756
15760736.254537832
15762067.2810253
15763398.419920715
15764729.671233539
15766061.034973266
15767392.51114939
15768724.099771407
15770055.800848812
15771387.61439107
15772719.540407747
15774051.578908304
15775383.729902245
15776715.993399069
15778048.369408242
15779380.857939335
15780713.459001813
15782046.172605185
15783378.998758953
15784711.937472623
15786044.988755697
15787378.152617656
15788711.429068066
15790044.818116406
15791378.319772186
15792711.934044912
15794045.660944067
15795379.500479225
15796713.452659866
15798047.517495504
15799381.694995651
15800715.985169824
15802050.388027538
15803384.903578276
15804719.53183162
15806054.272797057
15807389.126484104
15808724.092902282
15810059.172061078
15811394.363970079
15812729.668638773
15814065.086076686
15815400.616293337
15816736.259298254
15818072.01510096
15819407.88371095
15820743.865137815
15822079.95939105
15823416.166480185
15824752.486414747
15826088.919204235
15827425.464858245
15828762.123386275
15830098.894797858
15831435.779102527
15832772.776309814
15834109.88642926
15835447.109470362
15836784.445442725
15838121.89435585
15839459.45621928
15840797.131042551
15842134.91883517
15843472.819606744
15844810.833366781
15846148.960124822
15847487.199890412
15848825.552673094
15850164.018482411
15851502.597327879
15852841.289219106
15854180.094165606
15855519.01217693
15856858.043262625
15858197.187432209
15859536.444695294
15860875.815061402
15862215.298540082
15863554.895140888
15864894.604873374
15866234.427747091
15867574.363771567
15868914.412956418
15870254.57531117
15871594.850845382
15872935.239568608
15874275.741490379
15875616.356620317
15876957.084967952
15878297.926542843
15879638.881354555
15880979.94941265
15882321.130726691
15883662.425306212
15885003.833160842
15886345.354300115
15887686.988733599
15889028.736470861
15890370.597521437
15891712.571894964
15893054.659600977
15894396.860649047
15895739.175048748
15897081.602809653
15898424.143941334
15899766.798453333
15901109.56635529
15902452.447656749
15903795.442367287
15905138.550496483
15906481.77205388
15907825.107049124
15909168.555491764
15910512.117391378
15911855.792757548
15913199.581599858
15914543.48392789
15915887.499751197
15917231.629079428
15918575.871922135
15919920.228288908
15921264.698189331
15922609.281632962
15923953.978629453
15925298.789188363
15926643.71331928
15927988.751031797
15929333.902335508
15930679.167240003
15932024.545754844
15933370.037889693
15934715.64365411
15936061.363057693
15937407.196110038
15938753.14282071
15940099.203199409
15941445.377255598
15942791.66499898
15944138.066439122
15945484.581585625
15946831.210448094
15948177.953036098
15949524.809359306
15950871.779427294
15952218.863249663
15953566.060836025
15954913.37219595
15956260.797339149
15957608.336275097
15958955.989013502
15960303.755563946
15961651.635936037
15962999.630139388
15964347.738183582
15965695.960078295
15967044.295833113
15968392.74545765
15969741.30896152
15971089.98635431
15972438.777645737
15973787.682845289
15975136.701962681
15976485.835007505
15977835.08198938
15979184.442917928
15980533.917802742
15981883.506653506
15983233.209479818
15984583.0262913
15985932.957097579
15987283.001908248
15988633.160733035
15989983.433581438
15991333.820463184
15992684.32138787
15994034.936365128
15995385.66540459
15996736.508515855
15998087.465708623
15999438.536992496
16000789.722377108
16002141.021872096
16003492.435487064
16004843.963231748
16006195.605115656
16007547.361148523
16008899.23133996
16010251.215699606
16011603.314237101
16012955.526962057
16014307.853884185
16015660.29501309
16017012.850358425
16018365.51992983
16019718.30373692
16021071.201789442
16022424.214096913
16023777.340669079
16025130.581515558
16026483.936646001
16027837.40607006
16029190.989797354
16030544.687837599
16031898.50020042
16033252.426895471
16034606.467932409
16035960.623320853
16037314.893070562
16038669.277191062
16040023.77569211
16041378.388583334
16042733.115874393
16044087.957574949
16045442.913694631
16046797.98424317
16048153.169230193
16049508.468665367
16050863.882558357
16052219.410918796
16053575.05375645
16054930.811080854
16056286.682901777
16057642.669228854
16058998.770071758
16060354.985440157
16061711.315343691
16063067.7597921
16064424.318795023
16065780.992362134
16067137.780503111
16068494.683227593
16069851.70054536
16071208.832465954
16072566.078999154
16073923.440154606
16075280.91594199
16076638.506370988
16077996.21145125
16079354.031192519
16080711.965604449
16082070.014696725
16083428.17847903
16084786.456961019
16086144.850152476
16087503.358062958
16088861.98070225
16090220.718080008
16091579.570205925
16092938.537089689
16094297.61874096
16095656.815169495
16097016.126384953
16098375.552397033
16099735.093215425
16101094.748849794
16102454.519309934
16103814.404605411
16105174.404746022
16106534.519741435
16107894.749601346
16109255.094335457
16110615.553953437
16111976.128465053
16113336.817879977
16114697.622207912
16116058.54145856
16117419.575641599
16118780.724766828
16120141.988843827
16121503.367882399
16122864.861892223
16124226.470883008
16125588.194864463
16126950.033846267
16128311.987838197
16129674.056849934
16131036.240891192
16132398.539971685
16133760.954101095
16135123.483289238
16136486.127545698
16137848.88688029
16139211.761302704
16140574.750822656
16141937.855449867
16143301.075194025
16144664.410064919
16146027.860072237
16147391.425225703
16148755.105535043
16150118.90100998
16151482.811660241
16152846.837495519
16154210.978525609
16155575.234760204
16156939.606209036
16158304.092881834
16159668.694788296
16161033.41193822
16162398.244341305
16163763.192007283
16165128.254945891
16166493.433166862
16167858.726679932
16169224.135494806
16170589.659621285
16171955.299069079
16173321.053847922
16174686.923967555
16176052.909437688
16177419.010268128
16178785.226468584
16180151.558048798
16181518.005018514
16182884.56738748
16184251.245165437
16185618.038362104
16186984.94698729
16188351.971050711
16189719.11056212
16191086.36553126
16192453.735967854
16193821.221881716
16195188.823282568
16196556.540180162
16197924.372584252
16199292.320504593
16200660.38395094
16202028.562933015
16203396.857460644
16204765.26754355
16206133.793191496
16207502.434414236
16208871.1912215
16210240.063623117
16211609.051628813
16212978.155248353
16214347.374491502
16215716.709368022
16217086.159887679
16218455.726060208
16219825.40789544
16221195.205403112
16222565.11859299
16223935.147474848
16225305.292058418
16226675.55235354
16228045.928369956
16229416.420117434
16230787.02760575
16232157.750844678
16233528.589843992
16234899.54461344
16236270.61516286
16237641.801501999
16239013.103640635
16240384.521588549
16241756.055355486
16243127.704951296
16244499.470385725
16245871.351668557
16247243.348809576
16248615.461818567
16249987.690705314
16251360.03547957
16252732.49615119
16254105.072729927
16255477.765225569
16256850.573647907
16258223.498006698
16259596.538311798
16260969.694572968
16262342.966799999
16263716.355002683
16265089.859190818
16266463.479374196
16267837.215562584
16269211.067765841
16270585.035993733
16271959.120256059
16273333.320562616
16274707.636923175
16276082.069347601
16277456.617845664
16278831.282427164
16280206.063101906
16281580.959879695
16282955.972770335
16284331.1017836
16285706.346929362
16287081.708217395
16288457.18565751
16289832.779259514
16291208.489033185
16292584.314988399
16293960.257134937
16295336.315482609
16296712.49004123
16298088.780820614
16299465.187830575
16300841.711080896
16302218.350581462
16303595.106342055
16304971.978372494
16306348.9666826
16307726.071282158
16309103.292181056
16310480.629389083
16311858.08291606
16313235.65277181
16314613.338966161
16315991.141508935
16317369.060409924
16318747.095679022
16320125.247326024
16321503.515360758
16322881.899793053
16324260.400632707
16325639.017889615
16327017.751573578
16328396.601694426
16329775.568261992
16331154.651286114
16332533.850776624
16333913.166743325
16335292.59919612
16336672.148144813
16338051.813599244
16339431.595569251
16340811.49406464
16342191.50909532
16343571.640671099
16344951.888801819
16346332.253497321
16347712.734767454
16349093.332622059
16350474.04707095
16351854.87812404
16353235.825791143
16354616.890082108
16355998.071006784
16357379.368574986
16358760.782796668
16360142.313681545
16361523.96123957
16362905.725480566
16364287.606414383
16365669.60405088
16367051.718399875
16368433.949471295
16369816.297274962
16371198.761820735
16372581.343118474
16373964.041178003
16375346.856009286
16376729.787622048
16378112.836026255
16379496.001231734
16380879.28324835
16382262.682085969
16383646.197754422
16385029.830263643
16386413.579623466
16387797.445843758
16389181.428934392
16390565.5289052
16391949.745766155
16393334.079526994
16394718.530197693
16396103.097788088
16397487.782308055
16398872.583767468
16400257.50217617
16401642.537544103
16403027.689881112
16404412.959197078
16405798.345501876
16407183.848805355
16408569.469117494
16409955.206448043
16411341.060806984
16412727.032204166
16414113.120649476
16415499.326152794
16416885.648723977
16418272.088372976
16419658.645109646
16421045.318943873
16422432.109885551
16423819.017944532
16425206.04313081
16426593.18545414
16427980.444924517
16429367.8215518
16430755.315345883
16432142.926316664
16433530.654474
16434918.499827858
16436306.462388102
16437694.54216463
16439082.739167338
16440471.053406099
16441859.484890908
16443248.033631537
16444636.699637985
16446025.482920127
16447414.383487862
16448803.401351098
16450192.536519708
16451581.789003663
16452971.158812838
16454360.645957142
16455750.250446485
16457139.972290741
16458529.811499923
16459919.768083809
16461309.842052411
16462700.03341561
16464090.34218332
16465480.768365456
16466871.311971897
16468261.973012634
16469652.751497544
16471043.64743655
16472434.660839567
16473825.791716486
16475217.040077327
16476608.405931875
16477999.889290158
16479391.490162062
16480783.208557513
16482175.044486435
16483566.99795872
16484959.068984365
16486351.25757326
16487743.563735338
16489135.987480523
16490528.528818715
16491921.187759947
16493313.964314012
16494706.858490948
16496099.87030065
16497492.999753058
16498886.246858103
16500279.611625688
16501673.094065819
16503066.6941884
16504460.412003364
16505854.24752066
16507248.200750185
16508642.271701988
16510036.460385872
16511430.766811883
16512825.190989928
16514219.732929956
16515614.39264191
16517009.170135701
16518404.065421345
16519799.078508755
16521194.209407879
16522589.45812867
16523984.82468104
16525380.309075044
16526775.9113205
16528171.63142746
16529567.469405843
16530963.425265605
16532359.499016702
16533755.690669056
16535152.00023269
16536548.42771753
16537944.973133532
16539341.63649066
16540738.417798838
16542135.317068126
16543532.334308356
16544929.469529588
16546326.722741755
16547724.093954818
16549121.583178747
16550519.190423472
16551916.915699027
16553314.759015348
16554712.720382402
16556110.799810158
16557508.997308556
16558907.312887667
16560305.746557327
16561704.29832761
16563102.968208458
16564501.756209845
16565900.662341747
16567299.686614105
16568698.829036964
16570098.08962027
16571497.468374
16572896.965308137
16574296.580432657
16575696.313757544
16577096.165292747
16578496.135048315
16579896.2230342
16581296.429260382
16582696.753736854
16584097.196473563
16585497.757480567
16586898.43676782
16588299.23434531
16589700.150223026
16591101.184410961
16592502.336919105
16593903.607757416
16595304.996935956
16596706.504464686
16598108.1303536
16599509.874612695
16600911.73725193
16602313.718281373
16603715.81771099
16605118.035550777
16606520.371810736
16607922.826500867
16609325.39963117
16610728.091211617
16612130.901252277
16613533.82976312
16614936.876754154
16616340.04223538
16617743.326216776
16619146.728708414
16620550.24972027
16621953.889262352
16623357.647344671
16624761.523977237
16626165.519170064
16627569.632933129
16628973.865276514
16630378.2162102
16631782.6857442
16633187.273888532
16634591.980653178
16635996.806048224
16637401.750083655
16638806.812769491
16640211.99411575
16641617.294132454
16643022.712829627
16644428.250217255
16645833.90630543
16647239.681104146
16648645.574623423
16650051.586873291
16651457.717863742
16652863.967604872
16654270.336106677
16655676.823379183
16657083.429432422
16658490.154276427
16659896.99792123
16661303.960376827
16662711.041653324
16664118.241760718
16665525.560709046
16666932.998508343
16668340.555168616
16669748.230699968
16671156.025112404
16672563.938415963
16673971.970620688
16675380.12173662
16676788.3917738
16678196.780742237
16679605.288652044
16681013.915513232
16682422.661335846
16683831.526129933
16685240.509905506
16686649.612672681
16688058.834441474
16689468.175221933
16690877.635024112
16692287.21385806
16693696.91173383
16695106.728661442
16696516.664651018
16697926.719712578
16699336.893856179
16700747.187091878
16702157.599429699
16703568.130879765
16704978.781452104
16706389.551156778
16707800.440003844
16709211.448003365
16710622.575165406
16712033.821499992
16713445.18701726
16714856.67172724
16716268.275639998
16717679.998765597
16719091.841114078
16720503.80269557
16721915.883520115
16723328.08359778
16724740.402938636
16726152.841552755
16727565.399450213
16728978.076641046
16730390.873135397
16731803.78894331
16733216.824074857
16734629.978540119
16736043.252349138
16737456.645512063
16738870.158038938
16740283.789939843
16741697.541224862
16743111.411904072
16744525.401987562
16745939.511485377
16747353.740407676
16748768.088764504
16750182.55656595
16751597.143822102
16753011.850543015
16754426.676738843
16755841.622419644
16757256.68759551
16758671.87227653
16760087.176472798
16761502.600194408
16762918.143451417
16764333.80625399
16765749.58861219
16767165.490536112
16768581.512035854
16769997.65312148
16771413.91380316
16772830.294090956
16774246.793994972
16775663.41352531
16777080.15269207
16778497.011505358
16779913.989975244
16781331.0881119
16782748.305925395
16784165.643425845
16785583.10062335
16787000.677527986
16788418.37414997
16789836.19049927
16791254.126586102
16792672.18242054
16794090.358012706
16795508.653372705
16796927.068510618
16798345.603436634
16799764.258160833
16801183.032693334
16802601.92704425
16804020.941223666
16805440.07524181
16806859.329108663
16808278.70283445
16809698.196429256
16811117.80990321
16812537.543266427
16813957.396529004
16815377.369701136
16816797.46279291
16818217.67581446
16819638.008775912
16821058.461687356
16822479.034559034
16823899.727400932
16825320.540223286
16826741.473036196
16828162.525849797
16829583.69867422
16831004.99151957
16832426.404396046
16833847.937313754
16835269.59028283
16836691.363313418
16838113.256415613
16839535.26959967
16840957.402875584
16842379.656253602
16843802.029743835
16845224.523356423
16846647.137101516
16848069.87098922
16849492.72502975
16850915.699233226
16852338.793609787
16853762.008169588
16855185.34292274
16856608.7978795
16858032.373049878
16859456.068444133
16860879.884072382
16862303.81994478
16863727.876071483
16865152.05246261
16866576.349128388
16868000.766078938
16869425.303324424
16870849.960874997
16872274.738740787
16873699.636932056
16875124.65545883
16876549.794331376
16877975.05355982
16879400.43315433
16880825.933125068
16882251.553482164
16883677.29423586
16885103.155396283
16886529.136973605
16887955.238977995
16889381.461419586
16890807.804308657
16892234.267655242
16893660.851469614
16895087.55576191
16896514.38054231
16897941.325820994
16899368.391608093
16900795.577913854
16902222.88474843
16903650.31212199
16905077.86004472
16906505.528526768
16907933.317578413
16909361.2272097
16910789.257430915
16912217.408252213
16913645.679683775
16915074.071735788
16916502.584418405
16917931.217741877
16919359.971716363
16920788.846352052
16922217.841659136
16923646.957647767
16925076.19432824
16926505.551710613
16927935.029805183
16929364.628622107
16930794.34817158
16932224.188463803
16933654.149508934
16935084.231317244
16936514.433898892
16937944.75726408
16939375.20142301
16940805.766385846
16942236.452162895
16943667.258764222
16945098.186200134
16946529.234480806
16947960.403616432
16949391.69361723
16950823.104493365
16952254.636255123
16953686.28891267
16955118.062476214
16956549.956955977
16957981.972362127
16959414.108704984
16960846.36599462
16962278.744241357
16963711.243455376
16965143.863646887
16966576.60482611
16968009.46700323
16969442.45018853
16970875.5543922
16972308.77962446
16973742.125895523
16975175.59321559
16976609.18159497
16978042.891043767
16979476.7215723
16980910.673190758
16982344.74590937
16983778.939738363
16985213.25468793
16986647.690768372
16988082.24798988
16989516.92636269
16990951.725897025
16992386.64660309
16993821.688491218
16995256.851571508
16996692.135854296
16998127.541349784
16999563.06806821
17000998.71601981
17002434.485214785
17003870.375663448
17005306.387376007
17006742.520362694
17008178.774633758
17009615.15019944
17011051.647069983
17012488.265255596
17013925.004766595
17015361.865613192
17016798.847805634
17018235.951354165
17019673.176269006
17021110.52256047
17022547.990238775
17023985.579314172
17025423.289796915
17026861.121697254
17028299.075025443
17029737.149791706
17031175.346006367
17032613.66367965
17034052.1028218
17035490.663443092
17036929.34555374
17038368.149164077
17039807.074284326
17041246.120924756
17042685.28909562
17044124.57880719
17045563.99006973
17047003.52289346
17048443.177288726
17049882.953265756
17051322.85083482
17052762.870006185
17054203.010790087
17055643.27319687
17057083.65723676
17058524.162920035
17059964.79025697
17061405.539257836
17062846.409932908
17064287.40229243
17065728.516346745
17067169.752106097
17068611.109580763
17070052.58878102
17071494.189717118
17072935.912399404
17074377.756838128
17075819.723043572
17077261.811026014
17078704.020795744
17080146.352363046
17081588.805738173
17083031.380931478
17084474.077953216
17085916.896813676
17087359.837523144
17088802.90009188
17090246.08453024
17091689.390848488
17093132.819056913
17094576.369165808
17096020.041185472
17097463.835126195
17098907.75099824
17100351.788811978
17101795.94857767
17103240.230305612
17104684.63400611
17106129.159689426
17107573.80736593
17109018.577045895
17110463.46873962
17111908.48245741
17113353.618209574
17114798.876006413
17116244.255858198
17117689.757775314
17119135.38176803
17120581.12784665
17122026.996021498
17123472.986302838
17124919.098701056
17126365.333226435
17127811.689889282
17129258.168699913
17130704.769668646
17132151.492805798
17133598.338121645
17135045.305626586
17136492.395330895
17137939.607244898
17139386.941378914
17140834.39774323
17142281.97634824
17143729.67720423
17145177.500321522
17146625.445710447
17148073.51338133
17149521.70334449
17150970.015610233
17152418.45018895
17153867.007090934
17155315.68632652
17156764.487906035
17158213.41183978
17159662.458138157
17161111.626811467
17162560.917870037
17164010.331324212
17165459.867184322
17166909.525460713
17168359.306163676
17169809.20930363
17171259.234890874
17172709.38293575
17174159.653448604
17175610.04643974
17177060.561919577
17178511.199898414
17179961.960386608
17181412.843394496
17182863.848932426
17184314.977010753
17185766.227639783
17187217.60082994
17188669.096591536
17190120.714934926
17191572.455870464
17193024.31940846
17194476.30555935
17195928.414333444
17197380.645741098
17198832.999792676
17200285.47649853
17201738.075869016
17203190.797914464
17204643.642645303
17206096.610071857
17207549.700204488
17209002.91305356
17210456.248629406
17211909.70694245
17213363.28800303
17214816.991821513
17216270.81840826
17217724.767773643
17219178.83992803
17220633.03488176
17222087.352645267
17223541.793228894
17224996.356643006
17226451.042897984
17227905.85200416
17229360.78397202
17230815.838811796
17232271.01653397
17233726.31714889
17235181.740666926
17236637.287098464
17238092.95645385
17239548.748743527
17241004.66397785
17242460.702167198
17243916.863321956
17245373.147452477
17246829.554569244
17248286.08468251
17249742.737802766
17251199.513940364
17252656.413105693
17254113.435309142
17255570.580561068
17257027.848871935
17258485.240252096
17259942.75471195
17261400.392261885
17262858.152912263
17264316.03667359
17265774.043556117
17267232.17357035
17268690.426726654
17270148.803035423
17271607.302507065
17273065.92515194
17274524.670980524
17275983.54000318
17277442.53223032
17278901.647672344
17280360.886339623
17281820.24824267
17283279.73339175
17284739.341797378
17286199.07346993
17287658.92841981
17289118.906657435
17290579.008193184
17292039.23303753
17293499.581200864
17294960.05269359
17296420.64752613
17297881.36570886
17299342.20725231
17300803.172166746
17302264.260462705
17303725.472150564
17305186.807240747
17306648.265743673
17308109.847669728
17309571.55302941
17311033.38183311
17312495.334091246
17313957.409814246
17315419.609012507
17316881.931696557
17318344.37787668
17319806.94756342
17321269.640767172
17322732.45749836
17324195.39776742
17325658.46158475
17327121.648960855
17328584.95990613
17330048.394431017
17331511.952545952
17332975.634261332
17334439.439587705
17335903.368535366
17337367.421114866
17338831.597336605
17340295.89721103
17341760.320748582
17343224.867959667
17344689.5388548
17346154.333444398
17347619.2517389
17349084.29374875
17350549.459484372
17352014.74895631
17353480.16217488
17354945.699150637
17356411.359893993
17357877.144415405
17359343.052725326
17360809.084834173
17362275.240752473
17363741.520490643
17365207.924059145
17366674.451468434
17368141.102728937
17369607.877851214
17371074.776845586
17372541.79972262
17374008.946492746
17375476.21716642
17376943.611754116
17378411.130266253
17379878.772713374
17381346.53910591
17382814.429454327
17384282.44376909
17385750.58206064
17387218.844339546
17388687.23061614
17390155.740901005
17391624.375204574
17393093.13353732
17394562.015909713
17396031.022332203
17397500.15281533
17398969.407369543
17400438.78600531
17401908.288733117
17403377.91556341
17404847.666506767
17406317.541573536
17407787.5407743
17409257.664119516
17410727.91161966
17412198.28328522
17413668.77912664
17415139.39915449
17416610.143379215
17418081.011811305
17419552.00446125
17421023.121339504
17422494.362456664
17423965.727823086
17425437.21744936
17426908.831345953
17428380.569523353
17429852.43199206
17431324.41876254
17432796.52984535
17434268.76525096
17435741.124989867
17437213.609072573
17438686.217509545
17440158.95031139
17441631.807488468
17443104.789051387
17444577.89501062
17446051.12537667
17447524.480160046
17448997.95937122
17450471.56302077
17451945.291119166
17453419.14367692
17454893.12070455
17456367.222212557
17457841.44821146
17459315.798711736
17460790.273723967
17462264.87325864
17463739.597326264
17465214.445937358
17466689.419102404
17468164.516831998
17469639.739136614
17471115.086026784
17472590.557513017
17474066.153605845
17475541.87431579
17477017.71965334
17478493.68962908
17479969.78425352
17481446.003537174
17482922.347490575
17484398.816124212
17485875.409448687
17487352.127474494
17488828.97021217
17490305.93767224
17491783.02986524
17493260.246801704
17494737.588492133
17496215.05494713
17497692.6461772
17499170.362192873
17500648.2030047
17502126.16862317
17503604.25905891
17505082.474322416
17506560.814424228
17508039.279374894
17509517.869184956
17510996.583864957
17512475.423425414
17513954.38787693
17515433.477230035
17516912.691495266
17518392.03068317
17519871.49480427
17521351.08386918
17522830.797888424
17524310.63687255
17525790.60083211
17527270.689777657
17528750.903719757
17530231.24266892
17531711.706635777
17533192.29563085
17534673.0096647
17536153.848747887
17537634.812890936
17539115.902104475
17540597.116399035
17542078.45578518
17543559.920273475
17545041.50987448
17546523.224598765
17548005.06445686
17549487.029459406
17550969.119616933
17552451.334940016
17553933.675439216
17555416.14112508
17556898.73200824
17558381.448099244
17559864.28940866
17561347.25594707
17562830.347725037
17564313.564753145
17565796.90704194
17567280.374602064
17568763.96744407
17570247.68557853
17571731.52901603
17573215.49776711
17574699.59184243
17576183.81125254
17577668.156008024
17579152.62611946
17580637.221597444
17582121.942452557
17583606.788695358
17585091.7603365
17586576.857386544
17588062.079856075
17589547.427755695
17591032.90109595
17592518.499887507
17594004.22414093
17595490.073866814
17596976.049075752
17598462.149778344
17599948.375985187
17601434.727706842
17602921.204953983
17604407.807737175
17605894.536067024
17607381.389954124
17608868.369409047
17610355.47444247
17611842.705064964
17613330.06128713
17614817.54311958
17616305.15057292
17617792.883657757
17619280.74238467
17620768.726764336
17622256.836807337
17623745.07252428
17625233.433925778
17626721.921022415
17628210.533824872
17629699.272343732
17631188.136589613
17632677.126573134
17634166.24230491
17635655.48379556
17637144.851055674
17638634.34409594
17640123.96292695
17641613.70755932
17643103.578003682
17644593.57427062
17646083.696370836
17647573.944314916
17649064.318113487
17650554.817777187
17652045.443316635
17653536.194742464
17655027.072065275
17656518.075295765
17658009.20444454
17659500.45952222
17660991.840539455
17662483.347506836
17663974.980435077
17665466.739334773
17666958.624216568
17668450.6350911
17669942.77196901
17671435.034860935
17672927.423777487
17674419.93872938
17675912.579727218
17677405.34678165
17678898.239903316
17680391.259102836
17681884.404390957
17683377.675778188
17684871.073275283
17686364.59689286
17687858.24664157
17689352.02253206
17690845.924574953
17692339.95278097
17693834.107160732
17695328.387724895
17696822.794484116
17698317.327449013
17699811.986630358
17701306.77203866
17702801.68368469
17704296.72157908
17705791.885732476
17707287.176155556
17708782.59285894
17710278.135853365
17711773.805149462
17713269.6007579
17714765.522689342
17716261.57095442
17717757.745563917
17719254.04652835
17720750.473858505
17722247.027565017
17723743.70765856
17725240.5141498
17726737.447049383
17728234.506368056
17729731.692116454
17731229.004305262
17732726.442945153
17734224.00804677
17735721.6996209
17737219.517678082
17738717.462229107
17740215.53328462
17741713.730855305
17743212.054951847
17744710.505584896
17746209.082765207
17747707.78650343
17749206.61681026
17750705.573696382
17752204.65717245
17753703.86724926
17755203.203937367
17756702.667247564
17758202.25719051
17759701.973776903
17761201.81701744
17762701.78692277
17764201.883503675
17765702.10677081
17767202.456734877
17768702.933406573
17770203.536796562
17771704.266915657
17773205.123774417
17774706.10738365
17776207.217754025
17777708.454896253
17779209.81882103
17780711.309539035
17782212.927061044
17783714.67139773
17785216.542559806
17786718.54055798
17788220.66540293
17789722.917105474
17791225.29567618
17792727.801125873
17794230.43346523
17795733.192704972
17797236.07885581
17798739.09192843
17800242.23193362
17801745.498882066
17803248.892784487
17804752.413651604
17806256.06149411
17807759.836322825
17809263.738148335
17810767.766981475
17812271.922832936
17813776.20571344
17815280.615633715
17816785.152604457
17818289.81663647
17819794.607740443
17821299.525927108
17822804.571207203
17824309.743591417
17825815.0430906
17827320.46971534
17828826.023476474
17830331.704384718
17831837.512450796
17833343.447685454
17834849.510099396
17836355.69970343
17837862.016508263
17839368.46052464
17840875.031763304
17842381.73023496
17843888.55595046
17845395.508920413
17846902.589155667
17848409.79666694
17849917.131464973
17851424.59356052
17852932.1829643
17854439.899687126
17855947.743739724
17857455.715132844
17858963.813877236
17860472.039983626
17861980.393462874
17863488.874325592
17864997.482582647
17866506.218244765
17868015.0813227
17869524.071827218
17871033.18976904
17872542.435159
17874051.808007833
17875561.308326293
17877070.936125148
17878580.69141513
17880090.57420712
17881600.584511727
17883110.72233984
17884620.987702187
17886131.380609542
17887641.901072673
17889152.549102318
17890663.324709322
17892174.227904424
17893685.258698396
17895196.417102017
17896707.70312603
17898219.116781317
17899730.65807851
17901242.3270285
17902754.12364204
17904266.047929898
17905778.09990286
17907290.27957168
17908802.586947203
17910315.02204019
17911827.584861416
17913340.275421675
17914853.093731754
17916366.03980244
17917879.11364449
17919392.31526876
17920905.64468601
17922419.101907033
17923932.68694262
17925446.39980353
17926960.24050063
17928474.209044684
17929988.30544648
17931502.529716823
17933016.88186651
17934531.361906346
17936045.969847083
17937560.705699604
17939075.569474675
17940590.561183095
17942105.68083567
17943620.92844317
17945136.304016475
17946651.807566352
17948167.439103615
17949683.19863906
17951199.086183514
17952715.101747774
17954231.24534262
17955747.516978938
17957263.916667506
17958780.444419134
17960297.10024464
17961813.884154804
17963330.796160515
17964847.836272556
17966365.00450174
17967882.300858896
17969399.72535484
17970917.278000392
17972434.95880634
17973952.76778358
17975470.704942897
17976988.77029512
17978506.963851076
17980025.285621554
17981543.73561745
17983062.31384957
17984581.020328727
17986099.855065763
17987618.818071503
17989137.909356788
17990657.128932405
17992176.47680927
17993695.952998176
17995215.557509962
17996735.290355463
17998255.151545484
17999775.141090933
18001295.259002615
18002815.505291373
18004335.879968043
18005856.383043475
18007377.01452851
18008897.77443395
18010418.662770722
18011939.67954963
18013460.824781526
18014982.09847725
18016503.500647623
18018025.031303566
18019546.69045589
18021068.47811545
18022590.3942931
18024112.43899969
18025634.612246074
18027156.914043073
18028679.344401617
18030201.903332524
18031724.590846658
18033247.40695487
18034770.35166799
18036293.42499695
18037816.626952574
18039339.957545724
18040863.416787267
18042387.00468807
18043910.72125899
18045434.566510864
18046958.540454626
18048482.643101115
18050006.8744612
18051531.234545745
18053055.723365586
18054580.340931673
18056105.087254837
18057629.962345954
18059154.966215897
18060680.098875545
18062205.360335775
18063730.750607423
18065256.269701444
18066781.91762868
18068307.69440001
18069833.600026317
18071359.634518445
18072885.79788735
18074412.090143885
18075938.51129893
18077465.061363366
18078991.740348086
18080518.54826398
18082045.48512189
18083572.550932787
18085099.745707523
18086627.069456987
18088154.522192076
18089682.10392364
18091209.81466265
18092737.654419966
18094265.623206478
18095793.72103309
18097321.947910696
18098850.303850193
18100378.788862444
18101907.40295843
18103436.146149006
18104965.01844508
18106494.019857552
18108023.150397293
18109552.41007528
18111081.79890238
18112611.316889502
18114140.964047555
18115670.740387447
18117200.645920087
18118730.680656347
18120260.844607215
18121791.137783565
18123321.56019631
18124852.111856367
18126382.792774614
18127913.602962036
18129444.542429518
18130975.611187976
18132506.809248332
18134038.1366215
18135569.593318406
18137101.179349933
18138632.894727077
18140164.739460725
18141696.7135618
18143228.81704123
18144761.0499099
18146293.41217885
18147825.903858867
18149358.52496098
18150891.275496088
18152424.155475125
18153957.164909013
18155490.303808656
18157023.572185062
18158556.97004912
18160090.497411776
18161624.15428396
18163157.940676574
18164691.85660067
18166225.90206703
18167760.077086713
18169294.381670624
18170828.815829705
18172363.37957489
18173898.0729171
18175432.89586734
18176967.848436527
18178502.930635605
18180038.14247552
18181573.48396719
18183108.955121666
18184644.555949755
18186180.28646252
18187716.146670874
18189252.136585776
18190788.25621817
18192324.50557898
18193860.884679236
18195397.39352986
18196934.0321418
18198470.800526023
18200007.69869345
18201544.726655155
18203081.884421945
18204619.172004897
18206156.58941494
18207694.13666303
18209231.813760143
18210769.620717198
18212307.55754524
18213845.624255203
18215383.82085805
18216922.147364754
18218460.60378625
18219999.190133616
18221537.906417683
18223076.75264953
18224615.728840094
18226154.835000355
18227694.071141284
18229233.437273826
18230772.93340903
18232312.55955784
18233852.31573123
18235392.20194019
18236932.21819566
18238472.364508733
18240012.640890244
18241553.047351293
18243093.583902825
18244634.250555824
18246175.047321282
18247715.97421015
18249257.03123349
18250798.21840225
18252339.535727434
18253880.98322002
18255422.560890973
18256964.26875139
18258506.106812127
18260048.075084284
18261590.173578825
18263132.402306743
18264674.76127904
18266217.250506677
18267759.870000727
18269302.61977216
18270845.499831967
18272388.510191165
18273931.65086071
18275474.921851724
18277018.32317506
18278561.854841843
18280105.516863037
18281649.309249654
18283193.232012704
18284737.285163157
18286281.468712103
18287825.782670517
18289370.227049407
18290914.801859792
18292459.507112652
18294004.34281911
18295549.308990035
18297094.405636556
18298639.63276966
18300184.990400363
18301730.478539683
18303276.09719861
18304821.84638824
18306367.726119556
18307913.73640358
18309459.87725135
18311006.148673844
18312552.550682202
18314099.083287306
18315645.7465003
18317192.54033217
18318739.46479395
18320286.51989667
18321833.70565133
18323381.022069037
18324928.469160788
18326476.04693762
18328023.755410563
18329571.594590623
18331119.564488955
18332667.665116437
18334215.89648423
18335764.25860334
18337312.7514848
18338861.37513966
18340410.129578926
18341959.014813717
18343508.03085504
18345057.177713946
18346606.455401476
18348155.86392865
18349705.403306622
18351255.073546298
18352804.874658838
18354354.80665526
18355904.86954662
18357455.063343965
18359005.388058316
18360555.843700808
18362106.430282455
18363657.147814322
18365207.99630746
18366758.975772895
18368310.086221803
18369861.32766509
18371412.700113937
18372964.203579366
18374515.838072445
18376067.603604235
18377619.500185773
18379171.52782819
18380723.68654253
18382275.97633985
18383828.39723123
18385380.94922773
18386933.632340435
18388486.446580376
18390039.391958695
18391592.46848644
18393145.676174678
18394699.01503449
18396252.485076915
18397806.08631311
18399359.818754114
18400913.682411008
18402467.67729487
18404021.80341679
18405576.060787845
18407130.44941908
18408684.969321664
18410239.62050664
18411794.402985096
18413349.31676812
18414904.36186676
18416459.53829219
18418014.84605545
18419570.285167646
18421125.85563986
18422681.55748319
18424237.39070873
18425793.35532754
18427349.451350786
18428905.678789534
18430462.037654877
18432018.52795792
18433575.14970972
18435131.902921457
18436688.78760419
18438245.803769033
18439802.95142708
18441360.23058944
18442917.641267214
18444475.18347148
18446032.85721341
18447590.662504084
18449148.59935461
18450706.667776097
18452264.867779616
18453823.19937636
18455381.6625774
18456940.257393856
18458498.983836833
18460057.84191746
18461616.831646845
18463175.95303607
18464735.206096333
18466294.59083871
18467854.107274327
18469413.755414303
18470973.535269726
18472533.446851794
18474093.490171593
18475653.665240247
18477213.972068883
18478774.41066863
18480334.981050618
18481895.683225933
18483456.517205786
18485017.48300127
18486578.580623515
18488139.810083654
18489701.17139278
18491262.664562114
18492824.28960274
18494386.046525806
18495947.935342446
18497509.9560638
18499072.108701006
18500634.393265165
18502196.809767496
18503759.358219106
18505322.038631134
18506884.851014726
18508447.79538099
18510010.87174115
18511574.08010631
18513137.420487624
18514700.892896235
18516264.497343298
18517828.233839963
18519392.10239734
18520956.103026666
18522520.235739045
18524084.500545643
18525648.897457607
18527213.426486064
18528778.08764224
18530342.88093726
18531907.80638228
18533472.863988463
18535038.053766966
18536603.375728957
18538168.82988556
18539734.416248012
18541300.134827442
18542865.98563502
18544431.968681905
18545998.08397923
18547564.33153824
18549130.71137007
18550697.223485887
18552263.867896866
18553830.644614175
18555397.55364899
18556964.595012445
18558531.768715795
18560099.07477018
18561666.51318677
18563234.08397675
18564801.78715126
18566369.622721553
18567937.590698775
18569505.691094108
18571073.92391873
18572642.289183833
18574210.7869006
18575779.41708017
18577348.17973382
18578917.074872687
18580486.102507968
18582055.262650847
18583624.555312477
18585193.980504133
18586763.53823696
18588333.228522155
18589903.051370915
18591473.00679443
18593043.094803903
18594613.315410487
18596183.66862546
18597754.15445998
18599324.772925247
18600895.524032462
18602466.40779279
18604037.424217515
18605608.573317796
18607179.855104838
18608751.26958985
18610322.816784035
18611894.496698603
18613466.309344724
18615038.254733685
18616610.332876652
18618182.543784846
18619754.88746947
18621327.363941707
18622899.973212883
18624472.715294056
18626045.59019656
18627618.59793158
18629191.73851032
18630765.01194401
18632338.418243833
18633911.957421076
18635485.62948693
18637059.43445262
18638633.37232936
18640207.443128344
18641781.646860912
18643355.983538136
18644930.453171358
18646505.055771764
18648079.791350592
18649654.65991907
18651229.661488384
18652804.79606985
18654380.06367466
18655955.46431405
18657530.99799925
18659106.664741468
18660682.464552045
18662258.39744207
18663834.463422894
18665410.662505724
18666986.9947018
18668563.46002236
18670140.05847861
18671716.790081866
18673293.65484334
18674870.65277428
18676447.783885926
18678025.04818949
18679602.445696335
18681179.976417553
18682757.640364517
18684335.437548432
18685913.367980555
18687491.43167214
18689069.6286344
18690647.958878666
18692226.422416158
18693805.01925813
18695383.74941584
18696962.612900514
18698541.60972352
18700120.73989597
18701700.003429238
18703279.40033455
18704858.930623166
18706438.594306357
18708018.39139534
18709598.32190147
18711178.385835968
18712758.583210107
18714338.91403515
18715919.378322333
18717499.976083044
18719080.707328398
18720661.572069786
18722242.57031844
18723823.70208564
18725404.96738266
18726986.366220735
18728567.89861122
18730149.56456536
18731731.364094436
18733313.29720972
18734895.363922462
18736477.564244058
18738059.89818564
18739642.3657586
18741224.9669742
18742807.70184371
18744390.570378426
18745973.572589595
18747556.708488587
18749139.97808665
18750723.38139508
18752306.91842516
18753890.58918815
18755474.393695462
18757058.331958234
18758642.40398788
18760226.609795656
18761810.94939286
18763395.422790788
18764980.030000705
18766564.77103399
18768149.645901904
18769734.65461575
18771319.79718683
18772905.07362641
18774490.483945914
18776076.028156493
18777661.70626957
18779247.518296413
18780833.464248333
18782419.54413664
18784005.75797261
18785592.105767623
18787178.587532964
18788765.20327994
18790351.95301987
18791938.836764026
18793525.85452385
18795113.006310496
18796700.292135406
18798287.71200986
18799875.26594517
18801462.953952666
18803050.776043635
18804638.73222947
18806226.822521463
18807815.04693093
18809403.405469213
18810991.898147587
18812580.524977505
18814169.285970137
18815758.18113693
18817347.210489176
18818936.37403821
18820525.67179536
18822115.10377193
18823704.669979326
18825294.370428845
18826884.20513183
18828474.174099613
18830064.277343497
18831654.514874935
18833244.886705115
18834835.392845497
18836426.03330738
18838016.808102116
18839607.71724104
18841198.760735467
18842789.93859682
18844381.2508364
18845972.69746556
18847564.278495654
18849155.99393799
18850747.843804035
18852339.828104988
18853931.94685232
18855524.20005734
18857116.587731406
18858709.10988588
18860301.766532075
18861894.557681426
18863487.483345255
18865080.543534923
18866673.73826179
18868267.067537215
18869860.531372566
18871454.129779167
18873047.86276846
18874641.73035177
18876235.732540462
18877829.86934591
18879424.14077944
18881018.5468525
18882613.08757642
18884207.762962572
18885802.573022332
18887397.51776707
18888992.597208165
18890587.811356947
18892183.16022487
18893778.64382328
18895374.26216355
18896970.015257057
18898565.90311515
18900161.92574928
18901758.083170794
18903354.375391074
18904950.802421506
18906547.364273474
18908144.06095836
18909740.89248752
18911337.85887241
18912934.96012439
18914532.196254842
18916129.56727516
18917727.073196698
18919324.714030925
18920922.489789195
18922520.400482904
18924118.446123444
18925716.626722217
18927314.94229062
18928913.392840005
18930511.978381857
18932110.698927537
18933709.554488443
18935308.545075983
18936907.67070151
18938506.93137652
18940106.32711237
18941705.857920468
18943305.523812223
18944905.324799042
18946505.26089233
18948105.33210347
18949705.538443938
18951305.879925113
18952906.356558405
18954506.96835523
18956107.71532697
18957708.597485103
18959309.61484102
18960910.767406136
18962512.05519187
18964113.478209637
18965715.036470864
18967316.72998693
18968918.558769334
18970520.52282946
18972122.62217874
18973724.856828593
18975327.22679041
18976929.73207569
18978532.37269583
18980135.148662254
18981738.059986398
18983341.106679685
18984944.28875355
18986547.606219392
18988151.059088722
18989754.64737293
18991358.37108346
18992962.230231743
18994566.22482918
18996170.354887288
18997774.62041747
18999379.02143116
19000983.55793981
19002588.229954854
19004193.037487738
19005797.980549872
19007403.05915278
19009008.27330786
19010613.623026572
19012219.108320355
19013824.729200624
19015430.485678907
19017036.37776662
19018642.405475207
19020248.56881613
19021854.86780084
19023461.30244079
19025067.8727474
19026674.578732207
19028281.420406625
19029888.39778212
19031495.510870147
19033102.75968213
19034710.14422961
19036317.664524008
19037925.320576794
19039533.112399425
19041141.040003374
19042749.103400107
19044357.30260105
19045965.637617752
19047574.108461645
19049182.715144195
19050791.457676876
19052400.336071126
19054009.350338496
19055618.500490416
19057227.786538366
19058837.20849382
19060446.76636826
19062056.46017316
19063666.289919965
19065276.25562023
19066886.357285403
19068496.594926957
19070106.968556385
19071717.478185125
19073328.123824745
19074938.90548669
19076549.823182452
19078160.876923513
19079772.06672137
19081383.3925875
19082994.85453337
19084606.452570543
19086218.186710473
19087830.05696466
19089442.063344587
19091054.20586172
19092666.484527636
19094278.89935379
19095891.45035168
19097504.137532808
19099116.960908677
19100729.920490783
19102343.016290598
19103956.248319693
19105569.616589546
19107183.121111654
19108796.761897527
19110410.53895863
19112024.4523066
19113638.501952775
19115252.687908795
19116867.01018613
19118481.468796287
19120096.063750785
19121710.795061097
19123325.662738815
19124940.66679542
19126555.807242434
19128171.084091365
19129786.4973537
19131402.047041073
19133017.733164854
19134633.55573668
19136249.51476803
19137865.610270437
19139481.84225542
19141098.21073447
19142714.71571919
19144331.35722107
19145948.13525164
19147565.049822427
19149182.10094493
19150799.288630787
19152416.612891387
19154034.073738374
19155651.671183243
19157269.405237533
19158887.275912784
19160505.28322049
19162123.427172266
19163741.707779616
19165360.125054084
19166978.679007206
19168597.36965049
19170216.196995597
19171835.16105391
19173454.2618371
19175073.49935667
19176692.873624165
19178312.38465114
19179932.0324491
19181551.817029677
19183171.738404382
19184791.796584766
19186411.991582386
19188032.32340876
19189652.792075552
19191273.39759417
19192894.13997628
19194515.019233413
19196136.03537712
19197757.188418962
19199378.478370465
19200999.905243266
19202621.46904889
19204243.169798903
19205865.00750487
19207486.982178316
19209109.09383093
19210731.342474114
19212353.728119563
19213976.250778805
19215598.910463415
19217221.70718496
19218844.640954975
19220467.711785115
19222090.91968691
19223714.264671944
19225337.74675179
19226961.365937985
19228585.122242227
19230209.015675943
19231833.046250824
19233457.213978417
19235081.518870305
19236705.96093807
19238330.54019326
19239955.25664754
19241580.11031245
19243205.101199586
19244830.229320534
19246455.494686846
19248080.897310223
19249706.43720211
19251332.114374213
19252957.92883808
19254583.880605318
19256209.969687514
19257836.196096227
19259462.559843134
19261089.060939793
19262715.699397806
19264342.475228768
19265969.388444245
19267596.43905596
19269223.627075355
19270850.952514153
19272478.41538392
19274106.015696265
19275733.753462788
19277361.628695067
19278989.641404785
19280617.791603517
19282246.079302866
19283874.504514452
19285503.067249846
19287131.76752078
19288760.60533871
19290389.580715377
19292018.693662353
19293647.944191255
19295277.332313705
19296906.858041283
19298536.52138569
19300166.322358504
19301796.260971356
19303426.337235864
19305056.551163614
19306686.90276635
19308317.39205554
19309948.01904294
19311578.783740126
19313209.686158735
19314840.7263104
19316471.904206708
19318103.219859373
19319734.673279986
19321366.26448019
19322997.99347161
19324629.860265855
19326261.864874672
19327894.007309545
19329526.287582234
19331158.70570434
19332791.2616875
19334423.955543358
19336056.78728352
19337689.75691971
19339322.864463538
19340956.10992664
19342589.493320674
19344223.01465724
19345856.673948117
19347490.471204787
19349124.406439025
19350758.479662444
19352392.690886695
19354027.040123437
19355661.52738428
19357296.152680963
19358930.916025106
19360565.81742836
19362200.856902394
19363836.03445886
19365471.35010943
19367106.803865712
19368742.39573946
19370378.12574229
19372013.993885875
19373650.00018188
19375286.14464193
19376922.427277774
19378558.84810104
19380195.407123398
19381832.104356524
19383468.939812083
19385105.913501754
19386743.025437173
19388380.275630083
19390017.664092135
19391655.190834995
19393292.855870347
19394930.65920983
19396568.6008652
19398206.680848103
19399844.89917022
19401483.25584323
19403121.75087882
19404760.384288676
19406399.15608444
19408038.066277884
19409677.114880655
19411316.30190444
19412955.62736093
19414595.091261774
19416234.693618745
19417874.434443496
19419514.313747723
19421154.33154312
19422794.48784138
19424434.782654203
19426075.215993244
19427715.787870288
19429356.498296984
19430997.347285043
19432638.33484616
19434279.460992005
19435920.725734357
19437562.129084878
19439203.67105528
19440845.351657264
19442487.170902543
19444129.12880282
19445771.22536977
19447413.46061518
19449055.834550723
19450698.347188115
19452340.998539064
19453983.78861525
19455626.71742846
19457269.78499038
19458912.991312727
19460556.33640721
19462199.820285562
19463843.44295949
19465487.20444069
19467131.10474095
19468775.143871967
19470419.321845453
19472063.63867314
19473708.094366718
19475352.688937988
19476997.42239864
19478642.29476041
19480287.30603502
19481932.4562342
19483577.745369695
19485223.173453186
19486868.740496494
19488514.44651131
19490160.29150937
19491806.27550242
19493452.398502152
19495098.660520382
19496745.06156882
19498391.601659197
19500038.28080326
19501685.099012755
19503332.056299422
19504979.15267497
19506626.388151225
19508273.76273989
19509921.276452716
19511568.929301456
19513216.721297815
19514864.652453624
19516512.7227806
19518160.932290494
19519809.28099506
19521457.768906053
19523106.396035228
19524755.162394304
19526404.06799512
19528053.112849396
19529702.29696889
19531351.620365363
19533001.083050538
19534650.685036257
19536300.426334247
19537950.306956273
19539600.326914098
19541250.48621949
19542900.78488422
19544551.22292002
19546201.80033873
19547852.517152086
19549503.373371866
19551154.369009834
19552805.50407773
19554456.778587405
19556108.1925506
19557759.74597909
19559411.438884653
19561063.271279067
19562715.243174113
19564367.35458153
19566019.605513185
19567671.99598082
19569324.525996216
19570977.195571158
19572630.004717395
19574282.953446794
19575936.0417711
19577589.269702107
19579242.637251597
19580896.14443137
19582549.791253213
19584203.57772888
19585857.503870245
19587511.569689065
19589165.775197133
19590820.120406248
19592474.605328165
19594129.22997477
19595783.994357813
19597438.898489103
19599093.94238044
19600749.12604363
19602404.44949047
19604059.912732728
19605715.51578229
19607371.258650925
19609027.14135044
19610683.163892645
19612339.326289307
19613995.62855236
19615652.070693452
19617308.65272452
19618965.374657337
19620622.236503717
19622279.23827548
19623936.379984394
19625593.661642365
19627251.083261173
19628908.64485263
19630566.346428562
19632224.188000754
19633882.16958114
19635540.291181393
19637198.552813455
19638856.954489112
19640515.496220186
19642174.178018514
19643832.999895878
19645491.961864192
19647151.063935243
19648810.306120865
19650469.68843289
19652129.21088312
19653788.873483498
19655448.676245704
19657108.619181696
19658768.702303275
19660428.925622273
19662089.28915054
19663749.792899866
19665410.43688218
19667071.22110928
19668732.145593014
19670393.210345227
19672054.41537772
19673715.76070247
19675377.24633115
19677038.872275744
19678700.638548054
19680362.545159932
19682024.592123233
19683686.779449765
19685349.107151464
19687011.575240146
19688674.183727667
19690336.93262588
19691999.82194661
19693662.85170183
19695326.021903243
19696989.33256283
19698652.78369241
19700316.37530385
19701980.10740901
19703643.98001972
19705307.99314792
19706972.146805443
19708636.44100415
19710300.875755917
19711965.45107257
19713630.166966103
19715295.023448225
19716960.020530928
19718625.15822605
19720290.436545465
19721955.855501045
19723621.41510463
19725287.115368184
19726952.956303533
19728618.937922567
19730285.060237166
19731951.323259167
19733617.72700058
19735284.27147312
19736950.9566888
19738617.782659464
19740284.749397
19741951.85691329
19743619.105220187
19745286.494329665
19746954.02425357
19748621.695003796
19750289.506592236
19751957.459030744
19753625.552331336
19755293.786505744
19756962.16156599
19758630.67752393
19760299.334391464
19761968.13218049
19763637.07090287
19765306.150570586
19766975.371195503
19768644.732789524
19770314.235364556
19771983.87893246
19773653.663505267
19775323.589094725
19776993.65571286
19778663.863371547
19780334.212082695
19782004.701858215
19783675.332709983
19785346.10464999
19787017.01769011
19788688.071842264
19790359.26711837
19792030.6035303
19793702.081090096
19795373.69980952
19797045.45970061
19798717.36077525
19800389.403045367
19802061.586522877
19803733.91121967
19805406.377147757
19807078.984319016
19808751.732745383
19810424.62243878
19812097.6534111
19813770.825674403
19815444.139240447
19817117.594121296
19818791.190328836
19820464.927875012
19822138.80677175
19823812.827030957
19825486.988664642
19827161.291684713
19828835.736103106
19830510.32193176
19832185.049182583
19833859.917867634
19835534.927998703
19837210.079587847
19838885.37264698
19840560.807188045
19842236.38322299
19843912.100763727
19845587.959822286
19847263.96041058
19848940.102540556
19850616.386224177
19852292.811473347
19853969.378300145
19855646.086716373
19857322.9367341
19858999.928365253
19860677.06162178
19862354.336515658
19864031.75305879
19865709.311263237
19867387.01114091
19869064.852703772
19870742.8359638
19872420.96093295
19874099.2276232
19875777.636046465
19877456.18621481
19879134.87814015
19880813.71183447
19882492.68730974
19884171.804577883
19885851.063650966
19887530.464540917
19889210.00725972
19890889.691819347
19892569.51823178
19894249.486508995
19895929.59666294
19897609.848705664
19899290.242649123
19900970.778505296
19902651.456286166
19904332.276003677
19906013.237669904
19907694.34129679
19909375.58689632
19911056.974480487
19912738.504061285
19914420.1756507
19916101.989260692
19917783.94490333
19919466.04259057
19921148.28233441
19922830.664146844
19924513.188039828
19926195.85402545
19927878.66211566
19929561.612322465
19931244.704657864
19932927.93913386
19934611.31576246
19936294.834555626
19937978.495525446
19939662.298683885
19941346.244042955
19943030.331614666
19944714.56141098
19946398.933443993
19948083.44772568
19949768.104268048
19951452.90308312
19953137.8441829
19954822.927579414
19956508.153284635
19958193.52131066
19959879.03166947
19961564.68437309
19963250.47943353
19964936.416862782
19966622.496672943
19968308.718876004
19969995.083483987
19971681.59050892
19973368.239962824
19975055.031857736
19976741.966205638
19978429.043018647
19980116.26230875
19981803.624087982
19983491.128368374
19985178.775161926
19986866.564480744
19988554.496336833
19990242.570742227
19991930.787708968
19993619.147249088
19995307.649374638
19996996.29409761
19998685.08143013
20000374.011384204
20002063.083971877
20003752.299205188
20005441.65709615
20007131.157656893
20008820.80089942
20010510.586835783
20012200.51547803
20013890.58683822
20015580.800928395
20017271.15776058
20018961.6573469
20020652.29969938
20022343.08483007
20024034.012751035
20025725.083474286
20027416.297011968
20029107.6533761
20030799.15257874
20032490.79463196
20034182.57954782
20035874.507338382
20037566.578015674
20039258.791591845
20040951.148078922
20042643.647488974
20044336.28983407
20046029.075126242
20047722.003377642
20049415.074600305
20051108.288806304
20052801.646007713
20054495.14621661
20056188.78944507
20057882.57570513
20059576.505008955
20061270.577368584
20062964.792796094
20064659.151303574
20066353.652903058
20068048.29760672
20069743.085426603
20071438.016374785
20073133.090463366
20074828.30770443
20076523.66811006
20078219.171692315
20079914.818463363
20081610.60843526
20083306.54162009
20085002.61802996
20086698.837676916
20088395.200573143
20090091.70673069
20091788.35616166
20093485.148878157
20095182.084892273
20096879.164216116
20098576.38686175
20100273.75284135
20101971.26216699
20103668.914850775
20105366.710904807
20107064.650341153
20108762.73317201
20110460.95940944
20112159.32906556
20113857.84215248
20115556.49868231
20117255.298667166
20118954.242119122
20120653.32905038
20122352.55947301
20124051.933399133
20125751.450840868
20127451.111810297
20129150.916319657
20130850.86438091
20132550.956006307
20134251.191207927
20135951.56999789
20137652.092388332
20139352.758391336
20141053.56801911
20142754.521283742
20144455.618197367
20146156.858772114
20147858.243020073
20149559.7709535
20151261.44258437
20152963.257924937
20154665.216987297
20156367.31978359
20158069.56632596
20159771.95662649
20161474.490697417
20163177.168550834
20164879.990198888
20166582.955653723
20168286.064927436
20169989.318032306
20171692.714980308
20173396.255783714
20175099.940454636
20176803.769005217
20178507.741447616
20180211.85779394
20181916.11805642
20183620.522247177
20185325.07037836
20187029.762462128
20188734.598510597
20190439.57853605
20192144.702550475
20193849.970566157
20195555.382595226
20197260.938649833
20198966.638742145
20200672.482884288
20202378.471088506
20204084.603366923
20205790.87973171
20207497.300195035
20209203.864769027
20210910.573465973
20212617.42629789
20214324.423277065
20216031.564415637
20217738.84972578
20219446.279219665
20221153.852909427
20222861.570807334
20224569.432925515
20226277.439276155
20227985.589871433
20229693.88472349
20231402.323844627
20233110.907246873
20234819.634942528
20236528.506943744
20238237.5232627
20239946.683911588
20241655.988902558
20243365.438247878
20245075.0319597
20246784.770050216
20248494.65253162
20250204.67941606
20251914.85071586
20253625.166443054
20255335.626609955
20257046.231228724
20258756.98031156
20260467.873870663
20262178.911918193
20263890.094466437
20265601.421527553
20267312.89311375
20269024.50923723
20270736.26991016
20272448.17514487
20274160.2249534
20275872.419348095
20277584.75834111
20279297.241944667
20281009.870170977
20282722.643032208
20284435.560540657
20286148.622708507
20287861.829547964
20289575.18107125
20291288.677290548
20293002.318218198
20294716.10386625
20296430.034247056
20298144.1093728
20299858.329255696
20301572.69390798
20303287.20334183
20305001.85756956
20306716.656603355
20308431.60045544
20310146.689138055
20311861.92266338
20313577.301043775
20315292.824291307
20317008.492418338
20318724.305437062
20320440.26335971
20322156.36619852
20323872.613965694
20325589.006673552
20327305.544334292
20329022.22696016
20330739.054563392
20332456.027156193
20334173.144750934
20335890.407359693
20337607.814994838
20339325.367668584
20341043.06539317
20342760.90818085
20344478.896043837
20346197.02899446
20347915.307044934
20349633.730207514
20351352.29849445
20353071.01191796
20354789.870490424
20356508.87422394
20358228.023130883
20359947.317223474
20361666.75651398
20363386.341014657
20365106.07073773
20366825.94569554
20368545.965900324
20370266.131364338
20371986.44209985
20373706.89811909
20375427.49943445
20377148.246058036
20378869.138002243
20380590.175279304
20382311.35790149
20384032.68588108
20385754.1592303
20387475.77796152
20389197.542086966
20390919.451618925
20392641.506569676
20394363.706951495
20396086.05277667
20397808.544057436
20399531.180806164
20401253.9630351
20402976.89075652
20404699.963982727
20406423.182725955
20408146.54699858
20409870.05681285
20411593.712181058
20413317.513115495
20415041.459628455
20416765.551732235
20418489.789439082
20420214.172761384
20421938.70171139
20423663.3763014
20425388.196543716
20427113.162450597
20428838.274034426
20430563.531307466
20432288.934282016
20434014.48297039
20435740.177384883
20437466.01753781
20439192.003441434
20440918.135108147
20442644.41255022
20444370.835779957
20446097.40480968
20447824.119651653
20449550.980318278
20451277.986821827
20453005.139174614
20454732.437388957
20456459.881477177
20458187.47145159
20459915.20732448
20461643.089108244
20463371.11681517
20465099.290457573
20466827.610047787
20468556.07559809
20470284.6871209
20472013.444628492
20473742.3481332
20475471.397647355
20477200.593183283
20478929.93475332
20480659.422369756
20482389.05604501
20484118.835791375
20485848.761621185
20487578.833546776
20489309.051580444
20491039.41573462
20492769.92602159
20494500.582453705
20496231.385043304
20497962.33380273
20499693.428744324
20501424.669880398
20503156.057223372
20504887.59078556
20506619.270579305
20508351.09661696
20510083.068910833
20511815.187473357
20513547.452316847
20515279.86345365
20517012.420896128
20518745.124656633
20520477.974747524
20522210.971181117
20523944.11396985
20525677.403126046
20527410.838662066
20529144.42059027
20530878.14892298
20532612.02367264
20534346.044851582
20536080.212472167
20537814.52654676
20539548.987087734
20541283.594107457
20543018.347618256
20544753.24763259
20546488.294162784
20548223.487221215
20549958.826820254
20551694.312972244
20553429.945689633
20555165.72498477
20556901.65087002
20558637.723357774
20560373.94246041
20562110.308190305
20563846.820559807
20565583.47958138
20567320.285267364
20569057.23763015
20570794.336682126
20572531.582435634
20574268.97490315
20576006.514097024
20577744.20002964
20579482.032713402
20581220.012160692
20582958.13838391
20584696.411395412
20586434.83120767
20588173.39783305
20589912.111283943
20591650.971572753
20593389.978711836
20595129.13271368
20596868.433590643
20598607.881355133
20600347.47601955
20602087.217596307
20603827.106097803
20605567.14153641
20607307.32392462
20609047.653274797
20610788.129599355
20612528.75291071
20614269.52322123
20616010.44054341
20617751.50488963
20619492.716272302
20621234.074703846
20622975.58019668
20624717.23276322
20626459.03241585
20628200.97916707
20629943.07302927
20631685.314014863
20633427.702136282
20635170.237405907
20636912.91983625
20638655.749439698
20640398.726228677
20642141.85021562
20643885.12141296
20645628.53983312
20647372.105488505
20649115.81839162
20650859.678554866
20652603.68599068
20654347.840711497
20656092.14272971
20657836.592057895
20659581.188708313
20661325.932693537
20663070.82402597
20664815.862718053
20666561.04878223
20668306.382230904
20670051.86307661
20671797.49133175
20673543.267008778
20675289.19012014
20677035.260678243
20678781.47869567
20680527.844184704
20682274.357157927
20684021.01762775
20685767.82560663
20687514.781107027
20689261.884141352
20691009.134722155
20692756.53286185
20694504.078572903
20696251.77186777
20697999.61275888
20699747.601258818
20701495.737379886
20703244.021134675
20704992.45253561
20706741.031595163
20708489.7583258
20710238.632739954
20711987.65485018
20713736.82466891
20715486.142208613
20717235.607481774
20718985.220500816
20720734.981278352
20722484.88982669
20724234.94615843
20725985.15028602
20727735.50222193
20729486.001978654
20731236.64956863
20732987.445004422
20734738.38829848
20736489.47946329
20738240.71851134
20739992.10545507
20741743.640307106
20743495.323079765
20745247.15378567
20746999.132437266
20748751.259047054
20750503.533627525
20752255.956191134
20754008.526750464
20755761.245317973
20757514.111906156
20759267.126527514
20761020.28919451
20762773.599919774
20764527.058715634
20766280.66559473
20768034.42056952
20769788.323652513
20771542.37485622
20773296.5741931
20775050.921675757
20776805.417316653
20778560.061128303
20780314.85312322
20782069.793313876
20783824.881712917
20785580.11833268
20787335.503185824
20789091.03628481
20790846.71764217
20792602.54727042
20794358.52518204
20796114.651389632
20797870.925905686
20799627.348742723
20801383.91991327
20803140.639429808
20804897.507304996
20806654.523551196
20808411.68818106
20810169.00120708
20811926.46264179
20813684.072497718
20815441.83078736
20817199.737523336
20818957.79271814
20820715.996384308
20822474.348534383
20824232.849180855
20825991.4983364
20827750.296013385
20829509.242224485
20831268.336982194
20833027.580299065
20834786.97218764
20836546.51266042
20838306.201730046
20840066.039409023
20841826.025709897
20843586.160645224
20845346.444227513
20847106.876469444
20848867.4573834
20850628.18698207
20852389.06527796
20854150.092283633
20855911.26801165
20857672.59247452
20859434.065684896
20861195.687655296
20862957.458398283
20864719.377926424
20866481.446252234
20868243.663388412
20870006.02934736
20871768.544141766
20873531.207784157
20875294.020287108
20877056.98166319
20878820.091924928
20880583.35108499
20882346.7591559
20884110.316150237
20885874.022080578
20887637.876959458
20889401.880799584
20891166.03361336
20892930.335413508
20894694.786212556
20896459.386023093
20898224.134857703
20899989.032728925
20901754.079649433
20903519.275631774
20905284.62068853
20907050.1148323
20908815.758075666
20910581.550431225
20912347.491911527
20914113.58252925
20915879.822296947
20917646.211227212
20919412.74933264
20921179.436625794
20922946.273119356
20924713.25882588
20926480.39375797
20928247.677928224
20930015.11134925
20931782.694033656
20933550.425993998
20935318.30724297
20937086.33779314
20938854.517657116
20940622.846847504
20942391.325376872
20944159.953257926
20945928.730503224
20947697.65712539
20949466.733137038
20951235.958550777
20953005.33337923
20954774.857634977
20956544.531330712
20958314.354479022
20960084.327092525
20961854.44918384
20963624.720765557
20965395.14185038
20967165.712450888
20968936.43257972
20970707.30224949
20972478.32147284
20974249.49026239
20976020.808630735
20977792.27659059
20979563.894154545
20981335.661335237
20983107.5781453
20984879.64459732
20986651.86070404
20988424.226478033
20990196.741931953
20991969.407078438
20993742.221930128
20995515.186499666
20997288.300799653
20999061.56484282
21000834.978641775
21002608.542209156
21004382.25555762
21006156.118699767
21007930.13164834
21009704.29441594
21011478.607015222
21013253.069458842
21015027.68175945
21016802.44392971
21018577.35598223
21020352.41792975
21022127.629784893
21023902.991560318
21025678.503268685
21027454.16492261
21029229.976534847
21031005.938118014
21032782.049684778
21034558.311247803
21036334.722819764
21038111.28441332
21039887.9960411
21041664.857715867
21043441.86945024
21045219.0312569
21046996.34314852
21048773.805137727
21050551.417237286
21052329.179459833
21054107.091818042
21055885.154324595
21057663.36699217
21059441.729833454
21061220.24286108
21062998.906087823
21064777.719526317
21066556.683189258
21068335.797089323
21070115.061239164
21071894.475651555
21073674.04033914
21075453.755314607
21077233.620590653
21079013.636179972
21080793.80209526
21082574.11834916
21084354.584954467
21086135.201923825
21087915.969269935
21089696.8870055
21091477.955143176
21093259.17369575
21095040.542675883
21096822.06209628
21098603.73196964
21100385.55230868
21102167.52312609
21103949.644434556
21105731.916246857
21107514.33857567
21109296.9114337
21111079.634833664
21112862.50878823
21114645.5333102
21116428.708412245
21118212.034107085
21119995.510407437
21121779.137326013
21123562.914875545
21125346.8430687
21127130.921918295
21128915.151437007
21130699.531637557
21132484.062532675
21134268.744135037
21136053.576457467
21137838.559512645
21139623.693313304
21141408.977872167
21143194.413201977
21144979.999315456
21146765.7362253
21148551.62394433
21150337.662485242
21152123.85186077
21153910.19208365
21155696.683166582
21157483.32512239
21159270.117963776
21161057.06170348
21162844.15635425
21164631.40192882
21166418.798439946
21168206.345900327
21169994.044322804
21171781.89372007
21173569.89410489
21175358.045490004
21177146.347888127
21178934.801312093
21180723.405774623
21182512.161288463
21184301.067866374
21186090.125521112
21187879.334265437
21189668.694112066
21191458.205073845
21193247.867163494
21195037.680393774
21196827.644777454
21198617.76032725
21200408.02705606
21202198.44497648
21203989.01410141
21205779.734443568
21207570.60601573
21209361.62883067
21211152.802901115
21212944.128239926
21214735.604859836
21216527.232773617
21218319.01199405
21220110.942533866
21221903.024405975
21223695.257622987
21225487.642197814
21227280.17814319
21229072.865471903
21230865.704196736
21232658.69433043
21234451.83588586
21236245.128875773
21238038.573312953
21239832.16921019
21241625.91658024
21243419.815436017
21245213.865790144
21247008.06765554
21248802.421044968
21250596.925971217
21252391.582447086
21254186.390485328
21255981.35009883
21257776.461300354
21259571.7241027
21261367.13851867
21263162.70456102
21264958.422242697
21266754.291576322
21268550.31257484
21270346.485251013
21272142.80961765
21273939.285687562
21275735.913473517
21277532.692988418
21279329.62424503
21281126.70725617
21282923.942034658
21284721.32859326
21286518.86694493
21288316.557102315
21290114.399078358
21291912.392885845
21293710.538537595
21295508.83604643
21297307.285425134
21299105.886686616
21300904.639843665
21302703.544909105
21304502.601895764
21306301.81081643
21308101.171684068
21309900.68451133
21311700.349311184
21313500.16609642
21315300.134879872
21317100.25567438
21318900.528492734
21320700.95334786
21322501.53025256
21324302.259219673
21326103.140262034
21327904.17339245
21329705.358623892
21331506.69596903
21333308.185440846
21335109.827052142
21336911.620815765
21338713.566744566
21340515.66485135
21342317.915149055
21344120.317650493
21345922.87236852
21347725.579315986
21349528.43850571
21351331.44995067
21353134.613663558
21354937.929657362
21356741.3979449
21358545.01853903
21360348.791452616
21362152.716698483
21363956.794289574
21365761.02423872
21367565.40655878
21369369.94126263
21371174.62836309
21372979.467873164
21374784.459805544
21376589.60417324
21378394.900989078
21380200.35026593
21382005.952016678
21383811.70625415
21385617.612991314
21387423.672241006
21389229.8840161
21391036.248329483
21392842.765193995
21394649.434622645
21396456.256628145
21398263.23122351
21400070.358421583
21401877.638235252
21403685.07067741
21405492.6557609
21407300.393498696
21409108.28390365
21410916.326988656
21412724.52276661
21414532.871250357
21416341.37245293
21418150.026387047
21419958.833065744
21421767.79250187
21423576.904708333
21425386.169698026
21427195.587483816
21429005.15807869
21430814.881495513
21432624.757747184
21434434.78684662
21436244.968806677
21438055.3036404
21439865.79136052
21441676.43198009
21443487.225511968
21445298.17196907
21447109.271364316
21448920.523710575
21450731.92902085
21452543.48730802
21454355.198585
21456167.062864713
21457979.080160078
21459791.250484016
21461603.57384941
21463416.050269272
21465228.679756485
21467041.46232397
21468854.397984665
21470667.486751445
21472480.728637334
21474294.123655215
21476107.671818025
21477921.373138696
21479735.22763016
21481549.235305354
21483363.396177173
21485177.71025864
21486992.17756265
21488806.798102144
21490621.571890064
21492436.498939306
21494251.5792629
21496066.812873755
21497882.199784804
21499697.740009
21501513.43355929
21503329.280448623
21505145.280689903
21506961.434296172
21508777.741280336
21510594.20165535
21512410.815434165
21514227.582629696
21516044.50325498
21517861.57732294
21519678.80484653
21521496.185838707
21523313.720312435
21525131.408280678
21526949.24975635
21528767.244752508
21530585.393282067
21532403.695358
21534222.15099327
21536040.760200802
21537859.522993654
21539678.43938475
21541497.50938707
21543316.733013574
21545136.110277247
21546955.641191058
21548775.32576794
21550595.164020963
21552415.155963056
21554235.3016072
21556055.60096637
21557876.054053515
21559696.660881694
21561517.42146386
21563338.335812982
21565159.403942056
21566980.625864066
21568802.001592003
21570623.53113881
21572445.214517564
21574267.051741216
21576089.042822756
21577911.187775176
21579733.48661143
21581555.9393446
21583378.545987643
21585201.30655355
21587024.221055325
21588847.289505966
21590670.511918474
21592493.88830581
21594317.418681063
21596141.103057195
21597964.941447213
21599788.93386412
21601613.080320884
21603437.380830597
21605261.83540623
21607086.44406079
21608911.206807297
21610736.123658754
21612561.19462818
21614386.419728547
21616211.798972964
21618037.332374398
21619863.019945867
21621688.861700397
21623514.85765096
21625341.00781067
21627167.312192507
21628993.77080949
21630820.38367465
21632647.15080101
21634474.0722016
21636301.1478894
21638128.377877537
21639955.762178987
21641783.30080679
21643610.99377398
21645438.84109354
21647266.842778597
21649094.998842146
21650923.309297223
21652751.774156865
21654580.39343411
21656409.167142004
21658238.095293544
21660067.177901857
21661896.41497995
21663725.80654086
21665555.352597643
21667385.053163294
21669214.90825095
21671044.917873625
21672875.08204436
21674705.400776215
21676535.874082237
21678366.50197548
21680197.28446896
21682028.22157582
21683859.31330907
21685690.559681773
21687521.960706986
21689353.516397726
21691185.22676714
21693017.091828253
21694849.111594126
21696681.286077823
21698513.61529241
21700346.099250957
21702178.73796649
21704011.531452157
21705844.479720995
21707677.582786072
21709510.84066046
21711344.25335719
21713177.82088943
21715011.5432702
21716845.420512587
21718679.452629667
21720513.639634516
21722347.98154022
21724182.478359815
21726017.13010647
21727851.93679323
21729686.898433175
21731522.015039388
21733357.28662492
21735192.713202987
21737028.294786505
21738864.031388693
21740699.9230226
21742535.96970132
21744372.17143795
21746208.52824553
21748045.040137254
21749881.707126174
21751718.529225383
21753555.506447986
21755392.63880704
21757229.926315773
21759067.368987113
21760904.9668343
21762742.719870392
21764580.628108494
21766418.691561718
21768256.910243124
21770095.284165908
21771933.813343138
21773772.49778793
21775611.337513387
21777450.33253259
21779289.482858777
21781128.788504895
21782968.249484185
21784807.86580973
21786647.637494642
21788487.564552046
21790327.64699502
21792167.88483677
21794008.27809038
21795848.826768972
21797689.53088567
21799530.390453566
21801371.405485913
21803212.57599566
21805053.901996084
21806895.38350026
21808737.02052132
21810578.813072406
21812420.761166606
21814262.86481714
21816105.124037106
21817947.53883964
21819790.109237876
21821632.83524492
21823475.71687404
21825318.754138205
21827161.947050687
21829005.29562459
21830848.79987306
21832692.459809244
21834536.275446244
21836380.246797297
21838224.373875514
21840068.65669404
21841913.095266033
21843757.6896046
21845602.43972303
21847447.3456343
21849292.4073517
21851137.624888346
21852982.998257395
21854828.527472008
21856674.2125453
21858520.05349053
21860366.050320808
21862212.203049306
21864058.511689182
21865904.976253565
21867751.596755758
21869598.373208746
21871445.305625837
21873292.394020155
21875139.638404876
21876987.038793173
21878834.595198177
21880682.30763315
21882530.176111225
21884378.20064558
21886226.381249398
21888074.71793581
21889923.21071814
21891771.85960938
21893620.664622854
21895469.625771705
21897318.743069112
21899168.016528267
21901017.44616231
21902867.031984523
21904716.77400805
21906566.672246087
21908416.726711817
21910266.937418398
21912117.304379154
21913967.827607106
21915818.50711558
21917669.342917737
21919520.335026767
21921371.483455878
21923222.788218223
21925074.249327097
21926925.866795655
21928777.640637107
21930629.570864655
21932481.65749146
21934333.90053087
21936186.29999591
21938038.85589993
21939891.56825609
21941744.43707761
21943597.4623777
21945450.64416953
21947303.98246641
21949157.477281503
21951011.128628038
21952864.936519224
21954718.900968246
21956573.021988455
21958427.299592897
21960281.733794928
21962136.324607726
21963991.072044525
21965845.976118546
21967701.036842972
21969556.254231125
21971411.62829619
21973267.1590514
21975122.846509982
21976978.690685134
21978834.691590216
21980690.849238295
21982547.163642734
21984403.634816732
21986260.262773525
21988117.047526356
21989973.98908842
21991831.087473053
21993688.34269345
21995545.75476286
21997403.323694523
21999261.04950165
22001118.932197616
22002976.9717955
22004835.168308675
22006693.52175036
22008552.032133803
22010410.699472256
22012269.52377893
22014128.505067173
22015987.6433502
22017846.938641265
22019706.390953626
22021566.00030055
22023425.766695295
22025285.69015108
22027145.77068126
22029006.00829905
22030866.403017722
22032726.954850543
22034587.663810737
22036448.52991166
22038309.553166542
22040170.73358865
22042032.071191262
22043893.56598765
22045755.21799109
22047617.027214814
22049478.99367219
22051341.11737645
22053203.398340873
22055065.83657874
22056928.43210329
22058791.1849279
22060654.0950658
22062517.16253028
22064380.38733463
22066243.76949213
22068107.30901608
22069971.005919714
22071834.860216416
22073698.871919435
22075563.041042067
22077427.3675976
22079291.851599287
22081156.493060518
22083021.291994542
22084886.248414658
22086751.362334166
22088616.63376637
22090482.06272457
22092347.649222028
22094213.39327213
22096079.294888146
22097945.354083378
22099811.570871133
22101677.945264675
22103544.47727741
22105411.1669226
22107278.014213555
22109145.01916359
22111012.181786023
22112879.502094164
22114746.98010129
22116614.61582081
22118482.40926599
22120350.36045016
22122218.469386637
22124086.736088697
22125955.160569753
22127823.742843088
22129692.48292203
22131561.380819898
22133430.43655003
22135299.650125746
22137169.021560337
22139038.550867222
22140908.238059692
22142778.083151076
22144648.08615471
22146518.24708389
22148388.565952037
22150259.04277245
22152129.677558463
22154000.470323417
22155871.421080656
22157742.529843524
22159613.796625316
22161485.22143947
22163356.804299287
22165228.54521811
22167100.444209296
22168972.501286138
22170844.716462087
22172717.089750446
22174589.621164568
22176462.310717806
22178335.158423513
22180208.16429505
22182081.32834573
22183954.650589
22185828.13103817
22187701.769706607
22189575.56660767
22191449.52175468
22193323.635161083
22195197.90684021
22197072.33680542
22198946.92507009
22200821.671647575
22202696.576551255
22204571.63979445
22206446.861390628
22208322.24135311
22210197.77969528
22212073.4764305
22213949.33157212
22215825.34513359
22217701.517128255
22219577.847569488
22221454.336470675
22223330.983845197
22225207.78970644
22227084.754067734
22228961.876942568
22230839.158344273
22232716.59828624
22234594.196781863
22236471.95384448
22238349.869487576
22240227.9437245
22242106.17656864
22243984.568033397
22245863.118132163
22247741.826878335
22249620.694285266
22251499.720366452
22253378.905135237
22255258.24860503
22257137.750789233
22259017.411701202
22260897.231354434
22262777.20976229
22264657.346938178
22266537.642895505
22268418.097647678
22270298.71120811
22272179.483590167
22274060.414807357
22275941.50487304
22277822.753800638
22279704.161603563
22281585.72829519
22283467.453889024
22285349.33839844
22287231.38183687
22289113.58421772
22290995.94555442
22292878.465860397
22294761.145149022
22296643.983433824
22298526.980728175
22300410.13704551
22302293.452399258
22304176.9268028
22306060.56026971
22307944.352813236
22309828.30444695
22311712.41518424
22313596.685038548
22315481.114023305
22317365.702151906
22319250.449437886
22321135.35589464
22323020.421535604
22324905.64637423
22326791.03042391
22328676.573698234
22330562.276210457
22332448.13797417
22334334.159002773
22336220.339309722
22338106.678908464
22339993.177812405
22341879.836035095
22343766.653589934
22345653.63049039
22347540.766749907
22349428.06238191
22351315.51739999
22353203.13181742
22355090.905647803
22356978.83890456
22358866.931601148
22360755.183751035
22362643.595367644
22364532.166464526
22366420.897055116
22368309.78715287
22370198.83677127
22372088.045923732
22373977.414623875
22375866.942884985
22377756.63072068
22379646.47814438
22381536.485169575
22383426.651809737
22385316.9780783
22387207.463988837
22389098.109554786
22390988.91478963
22392879.87970685
22394771.004319888
22396662.28864237
22398553.732687596
22400445.336469196
22402337.100000616
22404229.023295343
22406121.10636687
22408013.349228643
22409905.751894254
22411798.31437715
22413691.036690827
22415583.918848783
22417476.960864473
22419370.162751533
22421263.524523284
22423157.04619336
22425050.727775227
22426944.569282383
22428838.57072834
22430732.732126553
22432627.053490624
22434521.53483402
22436416.17617025
22438310.97751282
22440205.93887521
22442101.06027106
22443996.341713704
22445891.783216797
22447787.38479381
22449683.146458264
22451579.068223678
22453475.150103524
22455371.39211142
22457267.79426084
22459164.35656531
22461061.079038355
22462957.961693455
22464855.004544273
22466752.20760416
22468649.57088678
22470547.094405618
22472444.77817421
22474342.622206084
22476240.626514733
22478138.79111378
22480037.11601672
22481935.601237092
22483834.24678843
22485733.052684233
22487632.01893818
22489531.145563625
22491430.432574254
22493329.879983567
22495229.487805106
22497129.25605242
22499029.18473901
22500929.27387852
22502829.52348445
22504729.93357036
22506630.504149795
22508531.235236265
22510432.126843464
22512333.178984765
22514234.391673863
22516135.76492427
22518037.298749544
22519938.99316325
22521840.848178905
22523742.863810156
22525645.040070526
22527547.376973584
22529449.874532893
22531352.532761972
22533255.351674534
22535158.331283964
22537061.471603967
22538964.77264807
22540868.23442985
22542771.85696288
22544675.64026069
22546579.584336944
22548483.68920518
22550387.95487898
22552292.381371915
22554196.96869753
22556101.71686954
22558006.625901345
22559911.695806667
22561816.92659905
22563722.31829208
22565627.870899346
22567533.584434386
22569439.45891089
22571345.4943424
22573251.69074251
22575158.048124813
22577064.56650286
22578971.245890386
22580878.0863008
22582785.087747842
22584692.25024507
22586599.573806077
22588507.05844447
22590414.704173803
22592322.51100778
22594230.478959948
22596138.608043924
22598046.898273315
22599955.349661727
22601863.96222277
22603772.735970013
22605681.670917157
22607590.76707777
22609500.024465468
22611409.443093866
22613319.022976536
22615228.764127187
22617138.666559394
22619048.73028678
22620958.95532296
22622869.341681562
22624779.88937621
22626690.598420475
22628601.468828086
22630512.50061262
22632423.69378771
22634335.048366975
22636246.564364012
22638158.241792537
22640070.08066614
22641982.080998458
22643894.24280312
22645806.56609377
22647719.05088404
22649631.697187524
22651544.50501796
22653457.474388935
22655370.605314095
22657283.897807084
22659197.3518815
22661110.967551082
22663024.74482943
22664938.683730196
22666852.784267023
22668767.046453565
22670681.470303472
22672596.055830352
22674510.80304795
22676425.71196988
22678340.78260979
22680256.014981344
22682171.40909815
22684086.964973964
22686002.682622395
22687918.562057115
22689834.603291776
22691750.80634005
22693667.171215598
22695583.697932042
22697500.386503145
22699417.236942526
22701334.249263857
22703251.423480805
22705168.759607002
22707086.257656213
22709003.917642064
22710921.739578232
22712839.723478395
22714757.86935623
22716676.17722542
22718594.647099588
22720513.278992523
22722432.072917853
22724351.02888926
22726270.14692044
22728189.42702502
22730108.86921679
22732028.473509382
22733948.2399165
22735868.16845182
22737788.259129044
22739708.511961862
22741628.92696392
22743549.50414901
22745470.24353078
22747391.14512293
22749312.208939154
22751233.434993114
22753154.823298596
22755076.37386926
22756998.08671881
22758919.961860947
22760841.999309383
22762764.19907782
22764686.56117992
22766609.085629493
22768531.77244019
22770454.621625736
22772377.633199833
22774300.807176158
22776224.14356851
22778147.642390564
22780071.303656038
22781995.12737865
22783919.113572117
22785843.262250166
22787767.573426466
22789692.047114838
22791616.683328956
22793541.482082553
22795466.443389345
22797391.567263022
22799316.853717405
22801242.302766174
22803167.91442306
22805093.6887018
22807019.62561613
22808945.725179777
22810871.987406433
22812798.41230993
22814724.999903962
22816651.750202265
22818578.66321858
22820505.738966603
22822432.97746017
22824360.37871298
22826287.942738775
22828215.669551305
22830143.559164315
22832071.611591555
22833999.82684673
22835928.204943683
22837856.74589612
22839785.449717794
22841714.31642246
22843643.346023824
22845572.53853574
22847501.89397192
22849431.412346125
22851361.093672108
22853290.937963635
22855220.94523447
22857151.11549833
22859081.44876907
22861011.945060413
22862942.60438613
22864873.426759977
22866804.41219569
22868735.56070713
22870666.872308016
22872598.34701213
22874529.98483324
22876461.785785124
22878393.749881558
22880325.87713628
22882258.167563148
22884190.621175908
22886123.237988338
22888056.01801422
22889988.96126729
22891922.067761473
22893855.33751037
22895788.770527907
22897722.366827823
22899656.126423914
22901590.049329966
22903524.135559727
22905458.385127082
22907392.798045777
22909327.374329608
22911262.113992374
22913197.017047822
22915132.083509896
22917067.313392207
22919002.706708692
22920938.263473112
22922873.98369927
22924809.867400967
22926745.914591968
22928682.125286166
22930618.499497328
22932555.03723926
22934491.738525778
22936428.603370644
22938365.631787807
22940302.8237909
22942240.179393873
22944177.6986105
22946115.3814546
22948053.227939982
22949991.23808043
22951929.411889855
22953867.749382026
22955806.250570778
22957744.915469926
22959683.744093254
22961622.73645473
22963561.89256799
22965501.212447003
22967440.69610556
22969380.343557484
22971320.154816616
22973260.129896738
22975200.268811777
22977140.571575526
22979081.03820182
22981021.668704502
22982962.46309736
22984903.421394374
22986844.543609206
22988785.82975583
22990727.279848054
22992668.89389972
22994610.67192467
22996552.613936707
22998494.719949774
23000436.98997768
23002379.424034268
23004322.022133395
23006264.78428887
23008207.71051468
23010150.8008245
23012094.05523233
23014037.473751977
23015981.056397304
23017924.80318217
23019868.714120388
23021812.789225917
23023757.028512575
23025701.431994226
23027645.999684736
23029590.73159793
23031535.627747815
23033480.68814807
23035425.91281271
23037371.301755562
23039316.8549905
23041262.5725314
23043208.454392083
23045154.500586525
23047100.71112856
23049047.086032063
23050993.62531092
23052940.32897896
23054887.19705021
23056834.22953837
23058781.426457457
23060728.78782132
23062676.31364384
23064624.003938906
23066571.858720366
23068519.8780022
23070468.06179826
23072416.41012243
23074364.922988616
23076313.60041066
23078262.4424026
23080211.44897815
23082160.620151345
23084109.95593604
23086059.456346143
23088009.12139555
23089958.951098118
23091908.945467852
23093859.104518607
23095809.428264294
23097759.916718815
23099710.569896042
23101661.38781002
23103612.370474476
23105563.517903466
23107514.83011086
23109466.307110563
23111417.948916502
23113369.755542547
23115321.72700271
23117273.863310866
23119226.164480932
23121178.630526837
23123131.26146245
23125084.05730185
23127037.018058762
23128990.143747263
23130943.43438123
23132896.8899746
23134850.510541297
23136804.29609521
23138758.246650364
23140712.36222065
23142666.64282
23144621.088462353
23146575.6991616
23148530.474931825
23150485.415786777
23152440.521740533
23154395.792807
23156351.229000118
23158306.83033383
23160262.596822035
23162218.52847878
23164174.625317957
23166130.88735353
23168087.314599436
23170043.90706959
23172000.66477808
23173957.587738678
23175914.67596548
23177871.929472394
23179829.34827338
23181786.932382397
23183744.681813356
23185702.596580315
23187660.676697195
23189618.922177948
23191577.333036553
23193535.909286965
23195494.65094316
23197453.558019053
23199412.630528715
23201371.86848606
23203331.271905076
23205290.840799723
23207250.57518393
23209210.475071777
23211170.540477186
23213130.771414135
23215091.167896606
23217051.729938578
23219012.457554035
23220973.350756913
23222934.409561288
23224895.633981097
23226857.02403033
23228818.579722974
23230780.301072974
23232742.188094407
23234704.24080122
23236666.459207408
23238628.843326963
23240591.39317388
23242554.108762156
23244516.99010574
23246480.037218723
23248443.25011506
23250406.62880875
23252370.173313797
23254333.883644156
23256297.759813923
23258261.80183706
23260226.009727575
23262190.38349947
23264154.923166756
23266119.628743447
23268084.500243504
23270049.537681036
23272014.741070006
23273980.11042443
23275945.645758327
23277911.347085662
23279877.214420557
23281843.247776974
23283809.44716894
23285775.812610477
23287742.344115604
23289709.04169835
23291675.90537269
23293642.935152747
23295610.131052505
23297577.493085984
23299545.021267224
23301512.715610202
23303480.576129053
23305448.602837756
23307416.79575035
23309385.15488087
23311353.680243354
23313322.371851843
23315291.229720324
23317260.253862936
23319229.444293674
23321198.80102658
23323168.3240757
23325138.01345503
23327107.869178716
23329077.891260758
23331048.0797152
23333018.434556097
23334988.9557975
23336959.64345346
23338930.49753799
23340901.51806523
23342872.705049194
23344844.058503944
23346815.57844353
23348787.264881976
23350759.117833424
23352731.137311902
23354703.323331464
23356675.67590618
23358648.195050113
23360620.880777333
23362593.73310186
23364566.752037857
23366539.93759935
23368513.289800406
23370486.8086551
23372460.49417746
23374434.34638166
23376408.36528172
23378382.550891727
23380356.903225753
23382331.422297884
23384306.108122196
23386280.96071273
23388255.98008366
23390231.166249022
23392206.519222908
23394182.039019402
23396157.725652546
23398133.57913652
23400109.599485375
23402085.786713198
23404062.140834086
23406038.661862127
23408015.349811424
23409992.204696022
23411969.226530116
23413946.415327758
23415923.771103047
23417901.293870084
23419878.983642925
23421856.84043577
23423834.864262674
23425813.055137746
23427791.413075093
23429769.938088827
23431748.63019305
23433727.489401832
23435706.51572938
23437685.709189754
23439665.069797076
23441644.59756546
23443624.292508975
23445604.154641833
23447584.183978107
23449564.38053192
23451544.744317386
23453525.275348637
23455505.973639794
23457486.839204933
23459467.87205828
23461449.07221391
23463430.43968596
23465411.97448855
23467393.67663577
23469375.546141848
23471357.583020866
23473339.787286963
23475322.158954274
23477304.69803694
23479287.404549092
23481270.278504826
23483253.31991838
23485236.528803844
23487219.905175366
23489203.44904709
23491187.160433106
23493171.03934772
23495155.085804872
23497139.299818866
23499123.681403805
23501108.230573833
23503092.947343107
23505077.83172573
23507062.883735962
23509048.103387903
23511033.490695715
23513019.045673553
23515004.768335536
23516990.65869596
23518976.7167688
23520962.942568365
23522949.336108774
23524935.897404186
23526922.626468774
23528909.523316655
23530896.587962095
23532883.820419222
23534871.2207022
23536858.788825206
23538846.52480237
23540834.428648006
23542822.5003761
23544810.740000978
23546799.14753677
23548787.72299765
23550776.466397807
23552765.377751373
23554754.457072627
23556743.70437571
23558733.119674806
23560722.7029841
23562712.454317734
23564702.373690046
23566692.461115032
23568682.71660703
23570673.14018018
23572663.731848687
23574654.49162674
23576645.419528488
23578636.515568227
23580627.779760107
23582619.21211833
23584610.812657103
23586602.581390575
23588594.518333092
23590586.623498674
23592578.89690167
23594571.338556238
23596563.94847659
23598556.726676933
23600549.67317143
23602542.787974395
23604536.071099993
23606529.522562437
23608523.14237594
23610516.930554677
23612510.887113012
23614505.012064967
23616499.30542491
23618493.76720702
23620488.39742551
23622483.196094614
23624478.163228508
23626473.298841514
23628468.602947813
23630464.07556163
23632459.716697205
23634455.52636872
23636451.50459054
23638447.651376724
23640443.966741644
23642440.450699486
23644437.103264492
23646433.9244509
23648430.914272904
23650428.072744843
23652425.399880905
23654422.89569534
23656420.560202394
23658418.39341626
23660416.39535133
23662414.56602167
23664412.905441664
23666411.41362552
23668410.090587486
23670408.936341822
23672407.95090273
23674407.134284567
23676406.486501537
23678406.007567897
23680405.697497915
23682405.5563058
23684405.584005952
23686405.78061245
23688406.1461397
23690406.68060192
23692407.384013377
23694408.25638834
23696409.297741026
23698410.508085806
23700411.887436904
23702413.435808588
23704415.153215136
23706417.039670777
23708419.09518993
23710421.319786675
23712423.713475443
23714426.27627046
23716429.008186016
23718431.909236383
23720434.979435805
23722438.21879866
23724441.627339184
23726445.205071665
23728448.952010397
23730452.868169613
23732456.953563757
23734461.208206926
23736465.632113554
23738470.22529789
23740474.98777423
23742479.91955687
23744485.020660065
23746490.291098204
23748495.730885543
23750501.340036385
23752507.118565027
23754513.066485733
23756519.18381295
23758525.47056079
23760531.92674371
23762538.552375965
23764545.34747187
23766552.312045734
23768559.44611182
23770566.749684546
23772574.22277817
23774581.865407012
23776589.677585393
23778597.659327578
23780605.810648035
23782614.131560892
23784622.622080617
23786631.28222148
23788640.111997813
23790649.11142394
23792658.280514132
23794667.619282827
23796677.1277443
23798686.805912882
23800696.6538029
23802706.6714287
23804716.858804606
23806727.21594491
23808737.742864043
23810748.439576294
23812759.306096006
23814770.34243752
23816781.548615128
23818792.924643267
23820804.470536232
23822816.186308376
23824828.07197404
23826840.127547573
23828852.353043325
23830864.748475596
23832877.313858833
23834890.04920735
23836902.954535484
23838916.029857606
23840929.275188014
23842942.690541167
23844956.275931373
23846970.031372994
23848983.956880394
23850998.052467927
23853012.318149965
23855026.753940817
23857041.35985495
23859056.13590669
23861071.08211039
23863086.19848043
23865101.48503113
23867116.94177696
23869132.568732243
23871148.365911353
23873164.33332867
23875180.47099857
23877196.778935425
23879213.257153574
23881229.905667488
23883246.724491507
23885263.713640008
23887280.87312738
23889298.202967953
23891315.703176215
23893333.373766508
23895351.21475322
23897369.22615074
23899387.407973457
23901405.760235768
23903424.282952018
23905442.976136696
23907461.839804154
23909480.873968784
23911500.07864499
23913519.453847125
23915538.99958968
23917558.715887018
23919578.60275353
23921598.660203636
23923618.888251733
23925639.28691223
23927659.856199488
23929680.596128013
23931701.506712165
23933722.58796636
23935743.839905012
23937765.262542486
23939786.85589329
23941808.6199718
23943830.554792434
23945852.660369605
23947874.936717737
23949897.383851256
23951920.00178453
23953942.790532082
23955965.750108294
23957988.88052759
23960012.181804396
23962035.653953094
23964059.29698821
23966083.110924132
23968107.095775288
23970131.251556117
23972155.57828105
23974180.07596452
23976204.744620927
23978229.5842648
23980254.594910532
23982279.776572563
23984305.12926534
23986330.653003253
23988356.347800847
23990382.21367252
23992408.25063272
23994434.458695892
23996460.83787649
23998487.388188966
24000514.10964772
24002541.002267305
24004568.066062126
24006595.301046643
24008622.70723531
24010650.284642536
24012678.03328288
24014705.953170754
24016734.044320617
24018762.306746937
24020790.74046418
24022819.345486805
24024848.121829234
24026877.069506038
24028906.18853163
24030935.478920482
24032964.940687068
24034994.57384581
24037024.378411286
24039054.35439792
24041084.501820184
24043114.82069256
24045145.311029527
24047175.97284557
24049206.80615511
24051237.810972743
24053268.98731289
24055300.335190047
24057331.8546187
24059363.545613278
24061395.408188377
24063427.442358434
24065459.648137946
24067492.0255414
24069524.574583292
24071557.295278117
24073590.187640324
24075623.25168451
24077656.48742512
24079689.894876655
24081723.47405362
24083757.224970467
24085791.147641797
24087825.242082067
24089859.50830578
24091893.946327448
24093928.55616158
24095963.33782268
24097998.29132521
24100033.41668379
24102068.71391288
24104104.183026988
24106139.82404064
24108175.636968296
24110211.62182463
24112247.778623957
24114284.10738095
24116320.60811008
24118357.280825876
24120394.125542857
24122431.142275497
24124468.331038427
24126505.691846125
24128543.22471312
24130580.929653946
24132618.80668308
24134656.855815202
24136695.077064656
24138733.47044612
24140772.03597409
24142810.773663092
24144849.683527675
24146888.765582323
24148928.019841682
24150967.446320243
24153007.045032553
24155046.815993156
24157086.759216547
24159126.874717426
24161167.162510138
24163207.62260939
24165248.255029682
24167289.059785563
24169330.03689159
24171371.186362267
24173412.508212253
24175454.002456054
24177495.669108227
24179537.508183334
24181579.51969589
24183621.703660604
24185664.06009184
24187706.58900431
24189749.290412538
24191792.164331086
24193835.210774526
24195878.429757375
24197921.821294308
24199965.385399844
24202009.12208856
24204053.031375024
24206097.113273773
24208141.367799524
24210185.794966664
24212230.39478992
24214275.16728382
24216320.112462953
24218365.230341896
24220410.520935185
24222455.98425751
24224501.620323405
24226547.42914746
24228593.410744265
24230639.56512836
24232685.892314486
24234732.392317038
24236779.065150764
24238825.910830203
24240872.929369956
24242920.12078462
24244967.48508875
24247015.022297043
24249062.732424047
24251110.61548437
24253158.671492618
24255206.900463343
24257255.302411303
24259303.87735091
24261352.625296917
24263401.546263892
24265450.640266437
24267499.907319177
24269549.34743667
24271598.960633628
24273648.746924628
24275698.70632428
24277748.838847205
24279799.144507974
24281849.62332136
24283900.275301788
24285951.100464027
24288002.098822657
24290053.270392302
24292104.615187593
24294156.133223105
24296207.82451357
24298259.689073574
24300311.726917744
24302363.938060716
24304416.32251708
24306468.880301617
24308521.611428764
24310574.515913315
24312627.59376986
24314680.845013037
24316734.269657493
24318787.867717817
24320841.63920876
24322895.584144916
24324949.70254093
24327003.994411454
24329058.45977109
24331113.098634638
24333167.911016546
24335222.896931626
24337278.056394476
24339333.38941976
24341388.89602213
24343444.576216195
24345500.43001672
24347556.45743831
24349612.65849563
24351669.033203345
24353725.58157607
24355782.303628623
24357839.19937547
24359896.26883143
24361953.512011122
24364010.928929217
24366068.519600388
24368126.284039263
24370184.22226061
24372242.33427906
24374300.620109286
24376359.079765975
24378417.71326375
24380476.520617444
24382535.501841538
24384594.656950872
24386653.985960074
24388713.48888383
24390773.16573683
24392833.016533718
24394893.041289277
24396953.240018148
24399013.612735026
24401074.159454603
24403134.880191527
24405195.77496064
24407256.843776442
24409318.08665378
24411379.503607307
24413441.094651718
24415502.85980172
24417564.799071968
24419626.912477266
24421689.200032264
24423751.661751676
24425814.29765021
24427877.10774257
24429940.092043474
24432003.25056758
24434066.583329707
24436130.09034451
24438193.771626715
24440257.627191033
24442321.657052137
24444385.86122484
24446450.239723824
24448514.7925638
24450579.519759495
24452644.421325635
24454709.497276947
24456774.747628104
24458840.172393937
24460905.77158913
24462971.545228407
24465037.4933265
24467103.6158981
24469169.912958033
24471236.384520993
24473303.03060171
24475369.851214927
24477436.84637538
24479504.016097814
24481571.360396918
24483638.879287533
24485706.57278436
24487774.440902144
24489842.483655628
24491910.70105951
24493979.093128644
24496047.65987773
24498116.401321515
24500185.317474756
24502254.40835221
24504323.67396863
24506393.114338726
24508462.72947735
24510532.519399215
24512602.484119084
24514672.623651717
24516742.93801183
24518813.42721428
24520884.09127379
24522954.930205125
24525025.94402305
24527097.13274234
24529168.496377766
24531240.034944046
24533311.748456053
24535383.636928517
24537455.70037621
24539527.938813902
24541600.352256335
24543672.94071838
24545745.70421477
24547818.642760284
24549891.75636971
24551965.045057833
24554038.508839432
24556112.14772925
24558185.961742174
24560259.95089294
24562334.115196344
24564408.454667173
24566482.969320178
24568557.659170244
24570632.524232123
24572707.56452061
24574782.7800505
24576858.1708366
24578933.736893706
24581009.47823657
24583085.394880097
24585161.486839037
24587237.754128203
24589314.196762398
24591390.81475638
24593467.608125053
24595544.57688319
24597621.721045595
24599699.04062708
24601776.535642467
24603854.206106566
24605932.052034143
24608010.07344012
24610088.27033926
24612166.642746396
24614245.19067634
24616323.914143868
24618402.813163903
24620481.88775122
24622561.13792065
24624640.563687023
24626720.165065162
24628799.942069903
24630879.894716024
24632960.02301846
24635040.326991994
24637120.806651466
24639201.46201171
24641282.293087512
24643363.29989382
24645444.48244541
24647525.84075714
24649607.374843847
24651689.08472037
24653770.970401563
24655853.03190222
24657935.269237287
24660017.68242157
24662100.27146991
24664183.036397167
24666265.977218144
24668349.09394779
24670432.386600915
24672515.85519238
24674599.49973703
24676683.320249744
24678767.316745367
24680851.489238713
24682935.837744754
24685020.362278298
24687105.06285421
24689189.939487364
24691274.99219257
24693360.2209848
24695445.62587888
24697531.20688968
24699616.96403207
24701702.897320926
24703789.006771125
24705875.29239749
24707961.75421501
24710048.392238505
24712135.206482857
24714222.196962953
24716309.36369362
24718396.70668985
24720484.225966476
24722571.921538383
24724659.79342046
24726747.841627598
24728836.066174686
24730924.46707657
24733013.04434824
24735101.798004545
24737190.728060376
24739279.834530637
24741369.117430165
24743458.576774023
24745548.212576903
24747638.024853863
24749728.013619754
24751818.17888948
24753908.520677947
24755999.039000016
24758089.73387069
24760180.605304834
24762271.653317355
24764362.87792317
24766454.27913714
24768545.856974326
24770637.61144945
24772729.54257758
24774821.65037358
24776913.934852377
24779006.396028884
24781099.033917975
24783191.848534677
24785284.839893866
24787378.008010466
24789471.352899402
24791564.87457556
24793658.573054012
24795752.44834949
24797846.500477083
24799940.72945167
24802035.13528819
24804129.718001574
24806224.477606714
24808319.414118644
24810414.527552262
24812509.8179225
24814605.28524431
24816700.929532576
24818796.7508024
24820892.74906853
24822988.924346056
24825085.27664988
24827181.80599496
24829278.51239624
24831375.39586862
24833472.45642716
24835569.694086764
24837667.10886239
24839764.70076899
24841862.46982148
24843960.416034963
24846058.539424207
24848156.84000432
24850255.317790225
24852353.972796876
24854452.805039246
24856551.81453225
24858651.001290962
24860750.365330297
24862849.90666523
24864949.625310734
24867049.52128173
24869149.594593346
24871249.84526036
24873350.273297895
24875450.878720887
24877551.66154431
24879652.621783156
24881753.759452347
24883855.07456697
24885956.567141965
24888058.237192314
24890160.08473301
24892262.10977899
24894364.312345393
24896466.69244701
24898569.25009899
24900671.985316273
24902774.898113858
24904877.988506738
24906981.256509863
24909084.70213833
24911188.325407095
24913292.12633116
24915396.104925524
24917500.261205144
24919604.595185176
24921709.106880423
24923813.79630605
24925918.663477015
24928023.708408326
24930128.931114998
24932234.33161199
24934339.909914427
24936445.66603726
24938551.599995524
24940657.711804222
24942764.00147833
24944870.46903302
24946977.114483114
24949083.937843785
24951190.93913001
24953298.11835681
24955405.475539215
24957513.0106922
24959620.72383091
24961728.614970308
24963836.68412544
24965944.931311328
24968053.356542964
24970161.959835537
24972270.741203874
24974379.700663175
24976488.838228427
24978598.15391467
24980707.647736948
24982817.31971025
24984927.169849727
24987037.198170375
24989147.40468724
24991257.78941537
24993368.352369767
24995479.093565635
24997590.01301782
24999701.110741533
25001812.386751775
25003923.841063607
25006035.473692082
25008147.28465221
25010259.273959156
25012371.441627927
25014483.78767359
25016596.312111206
25018709.01495579
25020821.89622256
25022934.95592639
25025048.194082487
25027161.610705882
25029275.205811646
25031388.979414847
25033502.93153051
25035617.062173817
25037731.371359788
25039845.859103505
25041960.525420047
25044075.370324444
25046190.39383193
25048305.595957387
25050420.97671605
25052536.536122955
25054652.27419319
25056768.19094184
25058884.286383945
25061000.560534704
25063117.01340915
25065233.64502238
25067350.455389492
25069467.444525577
25071584.612445734
25073701.959165014
25075819.484698612
25077937.189061586
25080055.072269034
25082173.13433606
25084291.37527772
25086409.79510922
25088528.393845618
25090647.171502024
25092766.128093544
25094885.263635293
25097004.578142382
25099124.071629878
25101243.744112995
25103363.595606796
25105483.6261264
25107603.835686933
25109724.224303454
25111844.791991197
25113965.53876522
25116086.464640666
25118207.569632646
25120328.85375629
25122450.317026727
25124571.959459033
25126693.781068448
25128815.781870045
25130937.96187896
25133060.32111033
25135182.859579235
25137305.577300914
25139428.47429046
25141551.550563008
25143674.8061337
25145798.241017677
25147921.85523008
25150045.64878601
25152169.621700708
25154293.773989275
25156418.105666857
25158542.616748605
25160667.307249617
25162792.177185148
25164917.226570304
25167042.455420237
25169167.8637501
25171293.451575056
25173419.218910262
25175545.165770825
25177671.29217201
25179797.598128926
25181924.083656743
25184050.74877062
25186177.593485676
25188304.61781718
25190431.82178025
25192559.20539005
25194686.768661764
25196814.511610553
25198942.4342516
25201070.536600024
25203198.818671104
25205327.280479968
25207455.922041796
25209584.74337177
25211713.744485013
25213842.92539682
25215972.28612232
25218101.826676697
25220231.54707514
25222361.447332837
25224491.52746498
25226621.787486702
25228752.2274133
25230882.84725992
25233013.647041753
25235144.626774
25237275.786471795
25239407.12615045
25241538.645825114
25243670.345510982
25245802.22522326
25247934.28497715
25250066.524787854
25252198.944670532
25254331.54464049
25256464.32471289
25258597.284902938
25260730.425225846
25262863.74569678
25264997.24633105
25267130.927143823
25269264.788150314
25271398.82936574
25273533.050805327
25275667.452484284
25277802.03441779
25279936.796621166
25282071.73910959
25284206.86189828
25286342.16500247
25288477.648437332
25290613.312218197
25292749.15636025
25294885.180878717
25297021.385788836
25299157.771105837
25301294.33684496
25303431.083021387
25305568.00965046
25307705.116747368
25309842.40432735
25311979.872405656
25314117.520997465
25316255.350118134
25318393.359782856
25320531.550006874
25322669.920805443
25324808.472193807
25326947.20418722
25329086.116800886
25331225.21005016
25333364.48395024
25335503.93851639
25337643.57376386
25339783.389707863
25341923.386363763
25344063.563746765
25346203.921872135
25348344.46075514
25350485.180411037
25352626.0808551
25354767.162102543
25356908.42416874
25359049.867068905
25361191.490818314
25363333.29543224
25365475.280925903
25367617.447314687
25369759.794613812
25371902.32283856
25374045.032004207
25376187.922126036
25378330.99321933
25380474.24529932
25382617.67838139
25384761.29248078
25386905.087612778
25389049.06379267
25391193.22103569
25393337.55935729
25395482.078772556
25397626.77929693
25399771.660945665
25401916.72373405
25404061.967677385
25406207.392790917
25408352.99909005
25410498.786590036
25412644.755306173
25414790.905253768
25416937.236448076
25419083.748904552
25421230.442638308
25423377.3176648
25425524.373999286
25427671.611657083
25429819.030653507
25431966.63100381
25434114.41272342
25436262.375827596
25438410.520331662
25440558.846250936
25442707.353600685
25444856.04239639
25447004.912653163
25449153.96438649
25451303.197611637
25453452.612343937
25455602.208598718
25457751.986391257
25459901.945736993
25462052.086651202
25464202.40914922
25466352.913246375
25468503.598957963
25470654.46629947
25472805.515286032
25474956.74593314
25477108.15825609
25479259.75227022
25481411.527990874
25483563.485433348
25485715.62461309
25487867.9455454
25490020.448245626
25492173.132729117
25494325.999011174
25496479.047107305
25498632.27703266
25500785.688802745
25502939.28243287
25505093.05793839
25507247.01533467
25509401.154637013
25511555.47586089
25513709.979021613
25515864.664134543
25518019.531215046
25520174.58027844
25522329.811340254
25524485.22441564
25526640.819520134
25528796.596669056
25530952.555877775
25533108.697161667
25535265.02053606
25537421.526016437
25539578.213618122
25541735.083356492
25543892.13524694
25546049.369304784
25548206.785545576
25550364.383984484
25552522.16463706
25554680.12751863
25556838.272644594
25558996.600030337
25561155.1096912
25563313.801642682
25565472.675900124
25567631.732478924
25569790.971394476
25571950.39266213
25574109.99629744
25576269.782315604
25578429.750732176
25580589.901562504
25582750.234822005
25584910.750526074
25587071.44869007
25589232.329329513
25591393.392459754
25593554.638096206
25595716.06625428
25597877.676949345
25600039.47019697
25602201.44601236
25604363.60441109
25606525.94540853
25608688.469020102
25610851.175261226
25613014.064147275
25615177.135693774
25617340.3899161
25619503.826829683
25621667.446449947
25623831.24879227
25625995.233872242
25628159.401705086
25630323.75230639
25632488.28569154
25634653.001875974
25636817.90087513
25638982.98270439
25641148.2473793
25643313.69491525
25645479.325327687
25647645.138632048
25649811.134843733
25651977.313978344
25654143.676051117
25656310.221077662
25658476.949073374
25660643.86005371
25662810.95403412
25664978.231030006
25667145.69105693
25669313.3341303
25671481.160265565
25673649.169478197
25675817.361783598
25677985.737197384
25680154.29573482
25682323.037411522
25684491.9622429
25686661.07024443
25688830.36143158
25690999.835819762
25693169.493424557
25695339.334261388
25697509.35834572
25699679.56569304
25701849.956318762
25704020.53023853
25706191.28746761
25708362.22802164
25710533.351916052
25712704.65916633
25714876.14978795
25717047.823796358
25719219.681207135
25721391.72203573
25723563.94629762
25725736.354008302
25727908.945183273
25730081.71983802
25732254.67798799
25734427.81964878
25736601.14483584
25738774.65356467
25740948.345850766
25743122.22170958
25745296.28115672
25747470.524207633
25749644.950877834
25751819.561182823
25753994.35513811
25756169.332759205
25758344.494061567
25760519.839060813
25762695.367772404
25764871.080211855
25767046.97639468
25769223.056336347
25771399.32005248
25773575.767558545
25775752.398870062
25777929.214002557
25780106.212971553
25782283.395792574
25784460.762481093
25786638.313052747
25788816.04752301
25790993.965907417
25793172.068221495
25795350.354480725
25797528.824700747
25799707.478897046
25801886.317085158
25804065.339280624
25806244.545498982
25808423.93575577
25810603.51006648
25812783.268446762
25814963.21091211
25817143.337478068
25819323.648160182
25821504.14297395
25823684.821935028
25825865.685058918
25828046.732361168
25830227.96385733
25832409.37956297
25834590.979493633
25836772.763664834
25838954.73209223
25841136.884791337
25843319.22177771
25845501.743066918
25847684.44867447
25849867.338616036
25852050.412907135
25854233.67156333
25856417.114600196
25858600.742033307
25860784.553878225
25862968.55015048
25865152.73086575
25867337.09603956
25869521.645687487
25871706.37982511
25873891.298467956
25876076.401631717
25878261.689331915
25880447.161584143
25882632.81840398
25884818.65980702
25887004.685808845
25889190.896424994
25891377.291671164
25893563.8715629
25895750.636115782
25897937.58534542
25900124.71926735
25902312.037897274
25904499.541250743
25906687.229343355
25908875.102190707
25911063.159808412
25913251.402212065
25915439.82941722
25917628.4414396
25919817.238294743
25922006.219998274
25924195.386565793
25926384.73801287
25928574.27435521
25930763.99560839
25932953.901788015
25935143.992909703
25937334.268989082
25939524.730041765
25941715.376083322
25943906.20712948
25946097.22319581
25948288.42429794
25950479.810451493
25952671.38167205
25954863.13797534
25957055.079376943
25959247.205892492
25961439.51753762
25963632.01432796
25965824.696279146
25968017.56340677
25970210.615726568
25972403.853254132
25974597.2760051
25976790.883995116
25978984.677239772
25981178.65575482
25983372.81955585
25985567.168658506
25987761.70307845
25989956.42283132
25992151.327932775
25994346.41839841
25996541.69424399
25998737.155485116
26000932.802137442
26003128.634216633
26005324.651738286
26007520.85471818
26009717.243171915
26011913.817115158
26014110.576563574
26016307.521532826
26018504.65203859
26020701.968096472
26022899.469722256
26025097.156931553
26027295.029740043
26029493.0881634
26031691.33221724
26033889.761917353
26036088.37727936
26038287.17831894
26040486.165051777
26042685.33749355
26044884.695659947
26047084.239566594
26049283.96922929
26051483.884663664
26053683.985885404
26055884.272910204
26058084.7457537
26060285.40443175
26062486.248959824
26064687.27935379
26066888.49562928
26069089.897802
26071291.485887643
26073493.259901863
26075695.219860464
26077897.3657791
26080099.697673474
26082302.21555929
26084504.9194522
26086707.80936808
26088910.88532242
26091114.147331096
26093317.595409766
26095521.229574144
26097725.049839944
26099929.05622283
26102133.248738628
26104337.627403
26106542.19223167
26108746.94324036
26110951.88044474
26113157.003860693
26115362.313503735
26117567.809389748
26119773.49153441
26121979.359953452
26124185.414662603
26126391.655677546
26128598.083014116
26130804.696688
26133011.49671493
26135218.483110648
26137425.655890837
26139633.015071403
26141840.560667865
26144048.292696137
26146256.2111719
26148464.316110905
26150672.607528903
26152881.085441582
26155089.7498648
26157298.60081426
26159507.638305712
26161716.862354904
26163926.272977546
26166135.87018955
26168345.654006463
26170555.6244442
26172765.781518474
26174976.125245046
26177186.655639675
26179397.372718073
26181608.276496112
26183819.366989512
26186030.644214034
26188242.10818545
26190453.75891948
26192665.59643206
26194877.62073874
26197089.83185546
26199302.22979795
26201514.81458198
26203727.586223327
26205940.544737723
26208153.69014106
26210367.022449058
26212580.54167751
26214794.2478422
26217008.140958857
26219222.221043434
26221436.488111507
26223650.942179028
26225865.583261732
26228080.41137542
26230295.42653588
26232510.62875886
26234726.018060256
26236941.594455827
26239157.357961364
26241373.308592673
26243589.4463655
26245805.771295812
26248022.283399202
26250238.98269164
26252455.869188875
26254672.94290672
26256890.203860983
26259107.652067427
26261325.28754197
26263543.11030038
26265761.120358463
26267979.317732047
26270197.70243689
26272416.274488978
26274635.03390392
26276853.98069769
26279073.11488607
26281292.43648488
26283511.94550995
26285731.641977053
26287951.52590213
26290171.59730095
26292391.856189355
26294612.302583173
26296832.936498187
26299053.7579504
26301274.766955424
26303495.963529266
26305717.347687714
26307938.91944661
26310160.67882179
26312382.625829056
26314604.760484353
26316827.082803477
26319049.59280228
26321272.290496603
26323495.17590225
26325718.24903524
26327941.509911202
26330164.958546158
26332388.594955906
26334612.41915631
26336836.431163225
26339060.630992465
26341285.01865999
26343509.594181612
26345734.3575732
26347959.308850616
26350184.44802968
26352409.77512641
26354635.29015647
26356860.99313589
26359086.884080492
26361312.963006146
26363539.22992873
26365765.684864063
26367992.327828135
26370219.15883677
26372446.17790585
26374673.385051258
26376900.78028882
26379128.36363458
26381356.135104217
26383584.094713774
26385812.242479086
26388040.578416046
26390269.102540545
26392497.81486842
26394726.715415675
26396955.80419815
26399185.081231743
26401414.54653235
26403644.200115874
26405874.04199821
26408104.072195217
26410334.290722895
26412564.6975971
26414795.29283374
26417026.076448724
26419257.0484579
26421488.208877288
26423719.557722747
26425951.095010195
26428182.820755538
26430414.734974697
26432646.83768359
26434879.128898073
26437111.60863418
26439344.276907783
26441577.133734796
26443810.179131143
26446043.4131127
26448276.8356955
26450510.446895417
26452744.246728376
26454978.23521031
26457212.41235715
26459446.778184835
26461681.332709238
26463916.075946406
26466151.007912222
26468386.128622625
26470621.43809355
26472856.936340895
26475092.6233807
26477328.499228857
26479564.563901316
26481800.81741402
26484037.259782918
26486273.89102396
26488510.711153038
26490747.72018622
26492984.918139398
26495222.30502853
26497459.88086957
26499697.645678427
26501935.599471163
26504173.742263682
26506412.07407195
26508650.59491193
26510889.30479958
26513128.20375087
26515367.291781716
26517606.56890819
26519846.035146203
26522085.690511733
26524325.535020754
26526565.56868918
26528805.79153309
26531046.203568418
26533286.804811135
26535527.595277216
26537768.57498265
26540009.74394341
26542251.102175437
26544492.649694808
26546734.386517465
26548976.312659394
26551218.42813658
26553460.732964963
26555703.227160636
26557945.910739545
26560188.783717677
26562431.84611103
26564675.097935602
26566918.539207388
26569162.169942334
26571405.990156554
26573649.999865986
26575894.19908664
26578138.58783452
26580383.166125577
26582627.933975924
26584872.891401518
26587118.03841837
26589363.375042494
26591608.901289895
26593854.617176592
26596100.522718545
26598346.61793188
26600592.90283256
26602839.377436604
26605086.041760035
26607332.89581882
26609579.93962909
26611827.173206814
26614074.596568026
26616322.209728744
26618570.012705002
26620818.00551283
26623066.188168205
26625314.56068727
26627563.123086
26629811.875380438
26632060.817586616
26634309.94972052
26636559.271798298
26638808.783835936
26641058.485849477
26643308.377854966
26645558.459868446
26647808.731905967
26650059.193983518
26652309.84611726
26654560.68832319
26656811.720617358
26659062.943015818
26661314.35553457
26663565.958189778
26665817.75099745
26668069.733973637
26670321.907134406
26672574.270495813
26674826.824073926
26677079.56788475
26679332.501944464
26681585.626269076
26683838.94087466
26686092.445777275
26688346.14099295
26690600.026537858
26692854.102428023
26695108.368679516
26697362.825308416
26699617.4723308
26701872.309762746
26704127.337620284
26706382.555919603
26708637.964676727
26710893.563907746
26713149.353628743
26715405.333855756
26717661.504604973
26719917.86589244
26722174.41773424
26724431.16014647
26726688.093145225
26728945.2167466
26731202.53096663
26733460.03582153
26735717.731327347
26737975.617500175
26740233.694356117
26742491.961911228
26744750.42018177
26747009.069183636
26749267.908933096
26751526.9394462
26753786.160739064
26756045.5728278
26758305.175728463
26760564.969457276
26762824.9540303
26765085.12946366
26767345.49577347
26769606.05297579
26771866.801086906
26774127.74012273
26776388.870099545
26778650.191033423
26780911.70294049
26783173.405836873
26785435.299738646
26787697.38466205
26789959.660623167
26792222.127638124
26794484.78572306
26796747.634894054
26799010.675167408
26801273.906559046
26803537.329085268
26805800.942762163
26808064.74760587
26810328.743632544
26812592.930858266
26814857.309299294
26817121.878971726
26819386.639891706
26821651.592075393
26823916.735538878
26826182.07029848
26828447.59637014
26830713.313770175
26832979.22251469
26835245.32261984
26837511.614101794
26839778.096976653
26842044.771260694
26844311.636970025
26846578.69412081
26848845.94272922
26851113.382811368
26853381.01438359
26855648.837461837
26857916.85206245
26860185.05820154
26862453.45589529
26864722.04515988
26866990.826011423
26869259.79846622
26871528.962540388
26873798.31825012
26876067.86561159
26878337.60464093
26880607.5353545
26882877.657768257
26885147.971898563
26887418.47776155
26889689.175373416
26891960.06475035
26894231.14590849
26896502.418864146
26898773.883633457
26901045.540232625
26903317.388677854
26905589.428985283
26907861.661171284
26910134.08525184
26912406.701243326
26914679.50916189
26916952.509023745
26919225.700845096
26921499.0846421
26923772.660431083
26926046.428228203
26928320.388049673
26930594.539911713
26932868.883830484
26935143.419822372
26937418.14790338
26939693.06808989
26941968.180398073
26944243.484844156
26946518.981444366
26948794.67021487
26951070.551172014
26953346.624331966
26955622.889710966
26957899.347325247
26960175.99719098
26962452.839324575
26964729.873742044
26967007.10045979
26969284.519494005
26971562.130860925
26973839.934576795
26976117.930657804
26978396.119120304
26980674.49998049
26982953.073254615
26985231.838958923
26987510.797109608
26989789.947723094
26992069.29081541
26994348.82640298
26996628.554502003
26998908.475128736
27001188.588299442
27003468.89403032
27005749.392337754
27008030.083237942
27010310.96674715
27012592.04288165
27014873.31165765
27017154.773091584
27019436.4271995
27021718.273997843
27024000.313502826
27026282.54573072
27028564.970697805
27030847.588420305
27033130.398914605
27035413.402196933
27037696.598283567
27039979.98719079
27042263.568934835
27044547.34353215
27046831.310998797
27049115.471351236
27051399.824605703
27053684.370778482
27055969.10988587
27058254.041944105
27060539.16696959
27062824.484978568
27065109.995987337
27067395.7000122
27069681.597069394
27071967.687175393
27074253.970346276
27076540.44659852
27078827.115948364
27081113.97841213
27083401.03400611
27085688.282746576
27087975.72464994
27090263.359732464
27092551.188010458
27094839.209500242
27097127.42421813
27099415.83218044
27101704.433403444
27103993.227903564
27106282.215697072
27108571.396800295
27110860.771229554
27113150.33900112
27115440.100131433
27117730.05463677
27120020.202533457
27122310.54383783
27124601.078566223
27126891.806734968
27129182.728360347
27131473.843458813
27133765.152046643
27136056.65414018
27138348.349755768
27140640.23890969
27142932.32161841
27145224.59789821
27147517.067765445
27149809.731236458
27152102.5883276
27154395.639055226
27156688.883435633
27158982.32148528
27161275.953220475
27163569.77865757
27165863.797812928
27168158.010702852
27170452.41734381
27172747.017752115
27175041.811944127
27177336.799936216
27179631.981744744
27181927.35738608
27184222.92687654
27186518.690232605
27188814.64747059
27191110.798606873
27193407.143657826
27195703.682639774
27198000.415569197
27200297.342462428
27202594.463335842
27204891.778205827
27207189.28708876
27209486.990001027
27211784.88695896
27214082.977979057
27216381.263077654
27218679.742271136
27220978.415575903
27223277.283008285
27225576.34458479
27227875.60032176
27230175.050235584
27232474.694342673
27234774.532659423
27237074.56520223
27239374.791987445
27241675.213031586
27243975.828351
27246276.63796209
27248577.641881272
27250878.840124898
27253180.232709486
27255481.819651395
27257783.600967042
27260085.57667284
27262387.746785205
27264690.111320555
27266992.670295253
27269295.423725836
27271598.371628664
27273901.514020167
27276204.850916766
27278508.38233483
27280812.1082909
27283116.02880135
27285420.143882614
27287724.453551117
27290028.957823295
27292333.656715587
27294638.550244365
27296943.638426185
27299248.921277426
27301554.398814533
27303860.07105394
27306165.93801204
27308471.999705393
27310778.256150376
27313084.70736345
27315391.35336105
27317698.19415964
27320005.229775663
27322312.460225515
27324619.885525767
27326927.505692817
27329235.320743117
27331543.330693133
27333851.535559263
27336159.93535808
27338468.530105997
27340777.31981947
27343086.304514967
27345395.484208956
27347704.858917907
27350014.42865823
27352324.193446506
27354634.153299153
27356944.308232646
27359254.65826346
27361565.203408014
27363875.943682898
27366186.879104536
27368498.00968941
27370809.335453995
27373120.85641478
27375432.572588254
27377744.483990837
27380056.590639137
27382368.89254958
27384681.38973866
27386994.08222287
27389306.970018648
27391620.053142596
27393933.331611153
27396246.805440824
27398560.4746481
27400874.339249484
27403188.399261475
27405502.654700525
27407817.105583247
27410131.75192609
27412446.59374556
27414761.63105817
27417076.86388037
27419392.292228784
27421707.91611987
27424023.73557014
27426339.750596114
27428655.9612143
27430972.367441222
27433288.969293345
27435605.766787294
27437922.759939548
27440239.94876662
27442557.333285037
27444874.913511276
27447192.689462025
27449510.661153596
27451828.828602683
27454147.191825762
27456465.750839368
27458784.50566004
27461103.45630425
27463422.60278865
27465741.94512973
27468061.483344022
27470381.217448074
27472701.147458367
27475021.273391623
27477341.595264155
27479662.113092683
27481982.8268937
27484303.736683752
27486624.842479397
27488946.144297127
27491267.64215361
27493589.336065345
27495911.226048894
27498233.31212081
27500555.5942976
27502878.07259599
27505200.747032326
27507523.617623333
27509846.684385527
27512169.947335467
27514493.40648973
27516817.061864823
27519140.913477432
27521464.961344074
27523789.205481324
27526113.645905755
27528438.282633893
27530763.115682475
27533088.145067867
27535413.37080681
27537738.792915832
27540064.411411524
27542390.22631046
27544716.23762918
27547042.44538438
27549368.84959259
27551695.450270407
27554022.247434422
27556349.24110117
27558676.43128742
27561003.818009533
27563331.40128429
27565659.18112822
27567987.15755793
27570315.330590025
27572643.700241048
27574972.26652772
27577301.029466588
27579629.989074256
27581959.145367343
27584288.498362396
27586618.048076194
27588947.79452513
27591277.737725988
27593607.877695326
27595938.21444976
27598268.74800591
27600599.47838034
27602930.405589785
27605261.529650815
27607592.850580048
27609924.36839411
27612256.08310958
27614587.994743247
27616920.10331152
27619252.4088312
27621584.911318865
27623917.610791143
27626250.507264674
27628583.600756038
27630916.89128199
27633250.378859106
27635584.063504037
27637917.945233416
27640252.024063837
27642586.30001211
27644920.773094665
27647255.443328314
27649590.310729645
27651925.37531532
27654260.63710198
27656596.096106235
27658931.752344847
27661267.605834413
27663603.656591598
27665939.904633056
27668276.349975396
27670612.992635448
27672949.83262965
27675286.869974837
27677624.104687616
27679961.53678466
27682299.166282635
27684636.99319816
27686975.017548017
27689313.23934882
27691651.65861725
27693990.275369983
27696329.089623637
27698668.10139506
27701007.31070071
27703346.71755744
27705686.321981877
27708026.1239907
27710366.123600602
27712706.32082821
27715046.71569033
27717387.308203593
27719728.09838469
27722069.08625032
27724410.271817114
27726751.655101944
27729093.236121282
27731435.01489199
27733776.99143072
27736119.165754166
27738461.537879035
27740804.10782198
27743146.875599813
27745489.841229185
27747833.004726812
27750176.366109397
27752519.9253936
27754863.682596304
27757207.637733992
27759551.790823553
27761896.14188165
27764240.690925
27766585.43797032
27768930.383034285
27771275.52613372
27773620.867285296
27775966.406505745
27778312.14381179
27780658.079220098
27783004.212747574
27785350.544410728
27787697.074226454
27790043.802211434
27792390.7283824
27794737.852756098
27797085.175349202
27799432.69617857
27801780.41526088
27804128.332612887
27806476.448251322
27808824.76219294
27811173.274454482
27813521.98505264
27815870.894004285
27818220.001326103
27820569.30703485
27822918.811147284
27825268.513680097
27827618.414650165
27829968.514074184
27832318.81196892
27834669.30835113
27837020.00323758
27839370.896645032
27841721.988590192
27844073.279089946
27846424.768161003
27848776.455820132
27851128.342084106
27853480.42696964
27855832.71049362
27858185.192672767
27860537.873523857
27862890.753063668
27865243.83130898
27867597.108276572
27869950.58398317
27872304.258445676
27874658.131680816
27877012.203705378
27879366.474536143
27881720.944189854
27884075.612683408
27886430.480033547
27888785.546257056
27891140.81137074
27893496.275391392
27895851.938335806
27898207.80022073
27900563.861063078
27902920.12087959
27905276.579687078
27907633.237502344
27909990.094342135
27912347.150223374
27914704.405162815
27917061.85917727
27919419.512283545
27921777.364498463
27924135.41583883
27926493.66632141
27928852.11596314
27931210.764780775
27933569.612791136
27935928.66001105
27938287.90645728
27940647.352146763
27943006.997096274
27945366.84132264
27947726.884842686
27950087.12767325
27952447.569831155
27954808.211333185
27957169.052196287
27959530.092437238
27961891.332072876
27964252.771120045
27966614.409595523
27968976.24751627
27971338.284899075
27973700.521760773
27976062.958118223
27978425.593988262
27980788.429387745
27983151.464333463
27985514.698842388
27987878.132931307
27990241.766617082
27992605.59991657
27994969.632846568
27997333.86542405
27999698.297665816
28002062.929588735
28004427.76120967
28006792.792545483
28009158.02361304
28011523.45442915
28013889.0850108
28016254.915374804
28018620.945538033
28020987.175517358
28023353.6053296
28025720.234991744
28028087.06452062
28030454.093933098
28032821.323246066
28035188.7524764
28037556.381640986
28039924.210756652
28042292.2398404
28044660.468909055
28047028.897979513
28049397.527068663
28051766.356193334
28054135.38537054
28056504.614617117
28058874.04394996
28061243.67338597
28063613.50294204
28065983.532635078
28068353.762481924
28070724.192499597
28073094.822704945
28075465.653114874
28077836.68374629
28080207.914616045
28082579.345741168
28084950.97713851
28087322.808824986
28089694.84081751
28092067.073133
28094439.50578837
28096812.138800487
28099184.972186383
28101558.00596292
28103931.240147028
28106304.674755625
28108678.309805583
28111052.14531395
28113426.181297585
28115800.41777343
28118174.85475841
28120549.492269464
28122924.33032352
28125299.368937466
28127674.608128347
28130050.04791305
28132425.688308507
28134801.52933167
28137177.570999417
28139553.813328814
28141930.256336745
28144306.90004016
28146683.74445601
28149060.789601244
28151438.035492815
28153815.482147615
28156193.129582718
28158570.97781502
28160949.026861478
28163327.276739057
28165705.727464654
28168084.379055407
28170463.231528047
28172842.284899715
28175221.539187316
28177600.994407818
28179980.650578193
28182360.507715352
28184740.56583638
28187120.8249582
28189501.28509778
28191881.9462721
28194262.80849808
28196643.87179287
28199025.136173222
28201406.60165629
28203788.268259
28206170.13599834
28208552.20489129
28210934.474954784
28213316.94620593
28215699.618661653
28218082.49233895
28220465.567254815
28222848.843426187
28225232.320870228
28227615.999603715
28229999.879643813
28232383.96100747
28234768.24371168
28237152.727773458
28239537.413209744
28241922.30003766
28244307.38827416
28246692.67793625
28249078.16904094
28251463.86160519
28253849.75564618
28256235.851180702
28258622.148225937
28261008.646798853
28263395.346916463
28265782.248595793
28268169.351853807
28270556.65670764
28272944.16317426
28275331.8712707
28277719.781013984
28280107.89242108
28282496.205509197
28284884.720295135
28287273.436796103
28289662.355029073
28292051.475011088
28294440.79675918
28296830.32029034
28299220.045621715
28301609.972770292
28304000.10175312
28306390.432587236
28308780.965289637
28311171.69987754
28313562.636367764
28315953.774777535
28318345.115123846
28320736.657423753
28323128.40169431
28325520.347952515
28327912.49621554
28330304.846500397
28332697.398824137
28335090.153203823
28337483.109656464
28339876.268199302
28342269.628849167
28344663.191623308
28347056.956538726
28349450.9236125
28351845.092861705
28354239.464303352
28356634.037954632
28359028.813832566
28361423.791954234
28363818.972336713
28366214.354997028
28368609.939952433
28371005.727219786
28373401.716816343
28375797.908759132
28378194.303065244
28380590.899751768
28382987.698835734
28385384.70033436
28387781.904264674
28390179.310643774
28392576.919488758
28394974.730816666
28397372.744644772
28399770.960989945
28402169.379869465
28404568.001300376
28406966.82529978
28409365.851884793
28411765.08107246
28414164.512880012
28416564.147324495
28418963.984423026
28421364.024192724
28423764.26665064
28426164.71181407
28428565.359699894
28430966.210325416
28433367.263707694
28435768.519863855
28438169.97881102
28440571.640566256
28442973.50514681
28445375.57256975
28447777.842852212
28450180.31601132
28452582.99206416
28454985.87102803
28457388.952919837
28459792.237756897
28462195.725556288
28464599.41633515
28467003.310110625
28469407.406899802
28471811.70671994
28474216.209588125
28476620.915521506
28479025.824537236
28481430.936652403
28483836.251884334
28486241.77024995
28488647.491766583
28491053.41645133
28493459.54432135
28495865.8753938
28498272.409685787
28500679.147214584
28503086.0879973
28505493.2320511
28507900.57939315
28510308.13004056
28512715.884010673
28515123.84132043
28517532.001987174
28519940.366028026
28522348.933460157
28524757.704300746
28527166.678566914
28529575.856275953
28531985.237444993
28534394.822091207
28536804.610231787
28539214.601883914
28541624.797064777
28544035.19579151
28546445.79808141
28548856.603951614
28551267.61341932
28553678.82650172
28556090.243215945
28558501.863579314
28560913.68760897
28563325.715322107
28565737.94673593
28568150.381867643
28570563.020734448
28572975.86335349
28575388.9097421
28577802.15991742
28580215.613896668
28582629.27169705
28585043.13333573
28587457.198830023
28589871.4681971
28592285.941454176
28594700.618618466
28597115.499707192
28599530.58473758
28601945.87372679
28604361.366692163
28606777.063650873
28609192.96462014
28611609.0696172
28614025.37865922
28616441.89176355
28618858.608947366
28621275.530227903
28623692.655622397
28626109.985148083
28628527.518822208
28630945.256661948
28633363.198684663
28635781.344907537
28638199.69534782
28640618.250022754
28643037.00894953
28645455.972145516
28647875.1396279
28650294.51141394
28652714.087520886
28655133.867965996
28657553.85276652
28659974.04193967
28662394.435502812
28664815.033473156
28667235.835867956
28669656.842704486
28672078.053999946
28674499.46977172
28676921.09003702
28679342.91481312
28681764.944117285
28684187.17796679
28686609.61637891
28689032.25937086
28691455.106960036
28693878.15916366
28696301.41599901
28698724.877483364
28701148.543633953
28703572.414468177
28705996.490003258
28708420.77025649
28710845.25524516
28713269.944986556
28715694.839497972
28718119.938796643
28720545.24289998
28722970.75182522
28725396.46558966
28727822.384210605
28730248.507705286
28732674.83609113
28735101.369385384
28737528.10760535
28739955.050768327
28742382.198891636
28744809.551992577
28747237.110088404
28749664.87319655
28752092.841334265
28754521.01451887
28756949.392767675
28759377.97609794
28761806.764527112
28764235.758072443
28766664.956751257
28769094.360580884
28771523.969578642
28773953.78376186
28776383.803147808
28778814.027753934
28781244.457597513
28783675.092695873
28786105.93306635
28788536.97872622
28790968.22969294
28793399.685983784
28795831.347616103
28798263.214607228
28800695.28697451
28803127.564735282
28805560.047906846
28807992.736506656
28810425.630552005
28812858.730060242
28815292.035048723
28817725.54553474
28820159.261535767
28822593.1830691
28825027.31015209
28827461.642802108
28829896.181036506
28832330.92487265
28834765.874327846
28837201.02941957
28839636.390165135
28842071.95658191
28844507.72868726
28846943.7064985
28849379.89003312
28851816.27930843
28854252.874341812
28856689.675150637
28859126.68175229
28861563.894164145
28864001.312403522
28866438.936487928
28868876.766434688
28871314.80226118
28873753.0439848
28876191.491622873
28878630.145192903
28881069.004712228
28883508.07019824
28885947.341668334
28888386.8191399
28890826.502630346
28893266.392157003
28895706.487737387
28898146.78938885
28900587.29712879
28903028.01097461
28905468.93094366
28907910.05705352
28910351.389321372
28912792.927764796
28915234.672401145
28917676.623247836
28920118.780322284
28922561.14364184
28925003.71322405
28927446.489086263
28929889.47124591
28932332.659720406
28934776.05452712
28937219.65568365
28939663.463207193
28942107.477115348
28944551.69742549
28946996.124155045
28949440.75732145
28951885.59694208
28954330.643034484
28956775.895616043
28959221.354704197
28961667.020316385
28964112.892469987
28966558.97118263
28969005.25647151
28971451.74835426
28973898.446848266
28976345.351970974
28978792.463739835
28981239.782172244
28983687.30728577
28986135.039097812
28988582.97762582
28991031.122887257
28993479.474899523
28995928.033680253
28998376.799246673
29000825.77161642
29003274.950806912
29005724.336835604
29008173.929719966
29010623.729477413
29013073.73612553
29015523.94968173
29017974.370163485
29020424.99758828
29022875.831973523
29025326.87333687
29027778.12169557
29030229.577067275
29032681.239469416
29035133.10891947
29037585.185434926
29040037.46903321
29042489.959731933
29044942.657548524
29047395.562500473
29049848.674605273
29052301.99388036
29054755.520343408
29057209.25401168
29059663.194902845
29062117.343034353
29064571.6984237
29067026.26108839
29069481.031045873
29071936.008313768
29074391.192909528
29076846.584850658
29079302.184154674
29081757.990839023
29084214.004921403
29086670.226419087
29089126.655349772
29091583.291730914
29094040.135580037
29096497.18691466
29098954.445752244
29101411.912110437
29103869.586006697
29106327.46745856
29108785.55648355
29111243.853099138
29113702.357323032
29116161.06917253
29118619.988665346
29121079.11581895
29123538.450650886
29125997.993178688
29128457.74341984
29130917.701392006
29133377.867112663
29135838.24059936
29138298.821869638
29140759.610940993
29143220.607831147
29145681.812557414
29148143.225137528
29150604.84558898
29153066.673929323
29155528.710176118
29157990.95434686
29160453.406459235
29162916.066530734
29165378.934578925
29167842.010621376
29170305.294675585
29172768.786759302
29175232.486889858
29177696.395085
29180160.511362236
29182624.835739147
29185089.368233304
29187554.108862225
29190019.0576436
29192484.214594956
29194949.579733867
29197415.153077923
29199880.93464464
29202346.924451787
29204813.122516707
29207279.528857168
29209746.143490702
29212212.9664349
29214679.997707352
29217147.237325594
29219614.685307335
29222082.341670122
29224550.206431545
29227018.279609207
29229486.56122065
29231955.051283654
29234423.749815583
29236892.656834226
29239361.772357125
29241831.096401896
29244300.628986143
29246770.37012742
29249240.31984346
29251710.478151817
29254180.845070105
29256651.420615945
29259122.204806894
29261593.197660755
29264064.399194907
29266535.809427157
29269007.428375065
29271479.25605626
29273951.29248837
29276423.537688967
29278895.991675798
29281368.65446644
29283841.52607852
29286314.606529675
29288787.89583755
29291261.394019775
29293735.101093933
29296209.01707778
29298683.14198891
29301157.475844957
29303632.018663574
29306106.77046234
29308581.731259033
29311056.90107124
29313532.27991661
29316007.867812797
29318483.664777458
29320959.67082825
29323435.885982767
29325912.31025879
29328388.943673924
29330865.786245823
29333342.837992154
29335820.098930527
29338297.56907872
29340775.24845435
29343253.13707508
29345731.23495859
29348209.54212254
29350688.058584612
29353166.78436242
29355645.719473764
29358124.86393626
29360604.217767585
29363083.780985426
29365563.553607404
29368043.535651326
29370523.727134813
29373004.128075555
29375484.738491245
29377965.558399566
29380446.587818217
29382927.826764826
29385409.27525721
29387890.933313012
29390372.80094992
29392854.87818564
29395337.16503781
29397819.66152425
29400302.367662612
29402785.283470597
29405268.40896591
29407751.744166266
29410235.289089367
29412719.043752868
29415203.008174606
29417687.182372227
29420171.566363454
29422656.160166003
29425140.963797532
29427625.97727588
29430111.20061871
29432596.63384375
29435082.276968718
29437568.130011346
29440054.192989357
29442540.465920426
29445026.948822398
29447513.641712952
29450000.544609815
29452487.65753073
29454974.980493367
29457462.513515588
29459950.256615072
29462438.20980956
29464926.3731168
29467414.746554527
29469903.330140494
29472392.12389239
29474881.127828076
29477370.34196525
29479859.76632166
29482349.40091506
29484839.245763145
29487329.300883792
29489819.5662947
29492310.042013627
29494800.72805833
29497291.624446582
29499782.731196135
29502274.048324704
29504765.57585017
29507257.313790243
29509749.262162697
29512241.420985296
29514733.790275756
29517226.370051973
29519719.160331663
29522212.161132604
29524705.372472573
29527198.794369347
29529692.426840715
29532186.269904397
29534680.323578298
29537174.587880146
29539669.06282773
29542163.74843883
29544658.64473119
29547153.751722716
29549649.06943114
29552144.59787426
29554640.337069876
29557136.287035782
29559632.44778978
29562128.81934961
29564625.401733197
29567122.194958284
29569619.199042678
29572116.414004184
29574613.839860555
29577111.47662972
29579609.32432943
29582107.382977497
29584605.652591743
29587104.133189976
29589602.824790016
29592101.727409627
29594600.841066744
29597100.165779136
29599599.701564625
29602099.448441032
29604599.406426128
29607099.57553786
29609599.955794003
29612100.54721238
29614601.34981083
29617102.36360719
29619603.588619288
29622105.02486491
29624606.672362007
29627108.531128366
29629610.601181824
29632112.88254023
29634615.375221368
29637118.0792432
29639620.99462352
29642124.121380173
29644627.459531013
29647131.00909389
29649634.770086665
29652138.742527124
29654642.92643325
29657147.321822844
29659651.928713758
29662156.747123864
29664661.777070954
29667167.018573083
29669672.47164787
29672178.136313368
29674684.01258738
29677190.100487784
29679696.40003245
29682202.911239184
29684709.634125993
29687216.56871069
29689723.71501115
29692231.073045254
29694738.642830826
29697246.424385928
29699754.4177282
29702262.622875717
29704771.039846294
29707279.66865783
29709788.509328213
29712297.561875273
29714806.826317023
29717316.302671302
29719825.990956
29722335.891189024
29724846.003388204
29727356.327571627
29729866.86375695
29732377.611962266
29734888.572205413
29737399.7445043
29739911.128876835
29742422.72534087
29744934.533914436
29747446.554615382
29749958.78746163
29752471.23247109
29754983.88966162
29757496.759051327
29760009.84065788
29762523.13449939
29765036.640593715
29767550.358958784
29770064.28961252
29772578.432572793
29775092.78785766
29777607.355484977
29780122.13547269
29782637.127838727
29785152.332600966
29787667.749777526
29790183.379386097
29792699.22144481
29795215.275971543
29797731.542984236
29800248.02250084
29802764.714539237
29805281.619117495
29807798.736253504
29810316.065965217
29812833.608270586
29815351.3631875
29817869.330734104
29820387.510928106
29822905.903787646
29825424.509330627
29827943.327575013
29830462.358538758
29832981.602239776
29835501.058696147
29838020.72792578
29840540.60994665
29843060.70477672
29845581.0124339
29848101.532936357
29850622.266301814
29853143.21254843
29855664.371694125
29858185.74375688
29860707.328754675
29863229.12670543
29865751.13762725
29868273.361538067
29870795.798455864
29873318.44839863
29875841.311384294
29878364.38743103
29880887.676556587
29883411.178779148
29885934.894116644
29888458.822587073
29890982.96420844
29893507.318998676
29896031.88697591
29898556.668158084
29901081.66256321
29903606.870209288
29906132.291114267
29908657.92529634
29911183.772773273
29913709.83356327
29916236.107684277
29918762.59515431
29921289.295991395
29923816.210213482
29926343.337838713
29928870.678885058
29931398.23337053
29933926.001313165
29936453.982730925
29938982.177642018
29941510.58606423
29944039.20801578
29946568.043514635
29949097.092578836
29951626.355226416
29954155.831475347
29956685.521343794
29959215.424849737
29961745.54201122
29964275.872846283
29966806.417372912
29969337.175609335
29971868.147573356
29974399.333283212
29976930.732756887
29979462.34601244
29981994.17306792
29984526.213941325
29987058.468650836
29989590.937214445
29992123.61965022
29994656.515976217
29997189.62621044
29999722.95037114
30002256.48847613
30004790.240543675
30007324.206591774
30009858.3866385
30012392.780701924
30014927.388800066
30017462.210951116
30019997.247173093
30022532.49748408
30025067.96190215
30027603.640445326
30030139.53313188
30032675.639979642
30035211.96100689
30037748.49623165
30040285.24567201
30042822.20934606
30045359.38727183
30047896.77946754
30050434.385951225
30052972.206740975
30055510.2418549
30058048.49131109
30060586.955127645
30063125.63332262
30065664.52591423
30068203.632920526
30070742.954359613
30073282.490249604
30075822.240608543
30078362.20545467
30080902.384806033
30083442.77868075
30085983.387096938
30088524.21007272
30091065.247626204
30093606.49977546
30096147.96653873
30098689.647934083
30101231.543979637
30103773.65469352
30106315.98009381
30108858.52019875
30111401.275026415
30113944.244594935
30116487.428922452
30119030.8280271
30121574.441927012
30124118.270640273
30126662.314185146
30129206.57257971
30131751.045842115
30134295.7339905
30136840.63704296
30139385.755017754
30141931.08793298
30144476.635806795
30147022.39865734
30149568.37650278
30152114.56936127
30154660.9772509
30157207.60018996
30159754.43819655
30162301.49128883
30164848.759484965
30167396.24280306
30169943.941261407
30172491.85487811
30175039.98367134
30177588.32765927
30180136.88686008
30182685.661291935
30185234.650972955
30187783.85592144
30190333.27615551
30192882.911693342
30195432.762553126
30197982.82875298
30200533.110311214
30203083.607245952
30205634.319575388
30208185.24731771
30210736.390491106
30213287.749113772
30215839.323203847
30218391.112779643
30220943.117859304
30223495.338461023
30226047.774603
30228600.426303387
30231153.293580502
30233706.376452494
30236259.67493757
30238813.18905393
30241366.9188198
30243920.86425338
30246475.025372826
30249029.402196478
30251583.99474249
30254138.80302908
30256693.827074464
30259249.066896804
30261804.52251445
30264360.193945564
30266916.081208367
30269472.18432109
30272028.50330196
30274585.03816921
30277141.788941007
30279698.755635712
30282255.938271493
30284813.336866595
30287370.951439247
30289928.782007635
30292486.828590117
30295045.091204878
30297603.56987016
30300162.26460421
30302721.17542528
30305280.302351613
30307839.6454014
30310399.204593014
30312958.97994465
30315518.97147456
30318079.179201007
30320639.603142183
30323200.24331647
30325761.09974207
30328322.172437243
30330883.46142026
30333444.96670938
30336006.688322872
30338568.626278944
30341130.78059599
30343693.151292223
30346255.738385912
30348818.541895337
30351381.56183871
30353944.798234433
30356508.251100723
30359071.920455866
30361635.806318138
30364199.90870583
30366764.227637224
30369328.76313055
30371893.515204214
30374458.483876448
30377023.669165548
30379589.071089804
30382154.68966745
30384720.524916902
30387286.576856405
30389852.845504254
30392419.330878753
30394986.0329982
30397552.951880906
30400120.08754511
30402687.440009248
30405255.009291563
30407822.79541037
30410390.798383977
30412959.01823064
30415527.45496879
30418096.108616695
30420664.979192663
30423234.066715017
30425803.37120208
30428372.892672177
30430942.631143562
30433512.586634696
30436082.759163838
30438653.14874932
30441223.75540947
30443794.579162564
30446365.620027114
30448936.878021214
30451508.353163388
30454080.045471903
30456651.95496511
30459224.081661347
30461796.425578892
30464368.986736216
30466941.765151605
30469514.760843407
30472087.97382997
30474661.40412958
30477235.05176078
30479808.916741673
30482382.999090806
30484957.298826467
30487531.81596702
30490106.550530825
30492681.502536178
30495256.67200157
30497832.058945302
30500407.66338574
30502983.485341255
30505559.52483015
30508135.781870987
30510712.25648189
30513288.948681418
30515865.85848788
30518442.98591966
30521020.33099514
30523597.89373263
30526175.67415064
30528753.672267485
30531331.888101563
30533910.32167125
30536488.97299488
30539067.84209102
30541646.92897782
30544226.23367386
30546805.756197467
30549385.496567037
30551965.454800975
30554545.63091761
30557126.02493547
30559706.63687289
30562287.466748286
30564868.514580052
30567449.780386537
30570031.264186338
30572612.96599761
30575194.885838956
30577777.02372873
30580359.379685335
30582941.9537272
30585524.745872673
30588107.7561403
30590690.98454844
30593274.431115516
30595858.09585995
30598441.978800103
30601026.079954594
30603610.399341602
30606194.93697974
30608779.692887384
30611364.66708296
30613949.85958491
30616535.2704116
30619120.8995816
30621706.747113284
30624292.81302509
30626879.097335465
30629465.60006279
30632052.321225703
30634639.26084239
30637226.418931495
30639813.795511406
30642401.39060057
30644989.20421745
30647577.236380428
30650165.48710809
30652753.956418835
30655342.644331116
30657931.5508634
30660520.676034085
30663110.01986183
30665699.582364835
30668289.36356177
30670879.363471035
30673469.582111105
30676060.019500446
30678650.675657474
30681241.550600786
30683832.6443488
30686423.956919994
30689015.488332845
30691607.238605775
30694199.207757454
30696791.395806115
30699383.802770436
30701976.428668838
30704569.273519814
30707162.337341852
30709755.620153382
30712349.121973027
30714942.842819218
30717536.782710448
30720130.94166522
30722725.319701977
30725319.9168394
30727914.733095743
30730509.768489704
30733105.02303972
30735700.496764306
30738296.18968197
30740892.101811156
30743488.23317051
30746084.58377848
30748681.153653577
30751277.942814324
30753874.95127918
30756472.179066848
30759069.626195602
30761667.292684153
30764265.178550966
30766863.283814564
30769461.60849348
30772060.152606178
30774658.91617132
30777257.89920737
30779857.10173286
30782456.52376634
30785056.165326275
30787656.026431393
30790256.107099988
30792856.407350786
30795456.92720227
30798057.66667299
30800658.625781488
30803259.804546252
30805861.20298596
30808462.8211191
30811064.658964224
30813666.716539886
30816268.99386458
30818871.49095706
30821474.207835626
30824077.144519035
30826680.301025778
30829283.677374426
30831887.273583546
30834491.089671638
30837095.125657402
30839699.381559342
30842303.857396033
30844908.553186044
30847513.46894796
30850118.604700346
30852723.96046173
30855329.536250807
30857935.332086105
30860541.347986203
30863147.583969686
30865754.040055078
30868360.71626109
30870967.612606253
30873574.729109157
30876182.065788396
30878789.622662563
30881397.39975025
30884005.397069998
30886613.61464053
30889222.05248038
30891830.710608155
30894439.58904246
30897048.687801827
30899658.006905
30902267.54637052
30904877.306217
30907487.28646305
30910097.487127278
30912707.908228304
30915318.549784683
30917929.41181515
30920540.494338278
30923151.797372673
30925763.32093696
30928375.065049708
30930987.02972966
30933599.214995384
30936211.62086551
30938824.24735867
30941437.09449349
30944050.162288606
30946663.450762592
30949276.959934212
30951890.68982204
30954504.640444715
30957118.811820876
30959733.20396911
30962347.81690818
30964962.650656674
30967577.70523324
30970192.980656527
30972808.47694518
30975424.194117863
30978040.132193156
30980656.291189846
30983272.67112653
30985889.27202186
30988506.0938945
30991123.13676305
30993740.4006463
30996357.885562845
30998975.591531362
31001593.518570513
31004211.66669897
31006830.035935406
31009448.626298424
31012067.437806834
31014686.470479243
31017305.72433433
31019925.199390773
31022544.89566719
31025164.8131824
31027784.95195501
31030405.31200371
31033025.89334719
31035646.696004134
31038267.719993237
31040888.965333123
31043510.43204262
31046132.12014035
31048754.02964502
31051376.16057532
31053998.512949888
31056621.086787555
31059243.88210696
31061866.898926806
31064490.137265798
31067113.597142648
31069737.27857606
31072361.181584686
31074985.306187365
31077609.652402744
31080234.22024954
31082859.009746477
31085484.0209122
31088109.25376556
31090734.708325222
31093360.3846099
31095986.282638323
31098612.40242922
31101238.744001314
31103865.307373274
31106492.09256396
31109119.099592045
31111746.328476254
31114373.77923533
31117001.451887943
31119629.346452966
31122257.46294907
31124885.801395003
31127514.361809503
31130143.14421132
31132772.148619197
31135401.375051826
31138030.823528077
31140660.49406665
31143290.386686284
31145920.501405742
31148550.83824372
31151181.397219095
31153812.17835057
31156443.18165691
31159074.407156866
31161705.854869213
31164337.524812717
31166969.417006075
31169601.531468187
31172233.868217763
31174866.427273575
31177499.208654396
31180132.212378938
31182765.438466106
31185398.886934616
31188032.557803247
31190666.451090783
31193300.566816006
31195934.904997703
31198569.465654593
31201204.248805597
31203839.254469443
31206474.482664917
31209109.933410812
31211745.606725864
31214381.502628997
31217017.62113894
31219653.962274496
31222290.526054464
31224927.31249765
31227564.321622856
31230201.553448826
31232839.007994495
31235476.685278606
31238114.58531997
31240752.7081374
31243391.05374965
31246029.622175723
31248668.413434178
31251307.42754403
31253946.664524034
31256586.124393012
31259225.807169784
31261865.712873116
31264505.841521963
31267146.193135086
31269786.767731313
31272427.56532948
31275068.585948355
31277709.82960696
31280351.29632388
31282992.986118145
31285634.89900853
31288277.035013873
31290919.394153018
31293561.976444747
31296204.781908028
31298847.810561653
31301491.062424462
31304134.537515312
31306778.23585299
31309422.15745654
31312066.30234456
31314710.6705361
31317355.262049958
31320000.07690499
31322645.115120057
31325290.37671396
31327935.86170569
31330581.570114054
31333227.501957916
31335873.65725615
31338520.036027554
31341166.638291202
31343813.46406571
31346460.51337014
31349107.786223315
31351755.282644108
31354403.0026514
31357050.946264014
31359699.113500956
31362347.50438105
31364996.118923184
31367644.957146246
31370294.01906906
31372943.304710716
31375592.814089846
31378242.54722554
31380892.504136626
31383542.68484201
31386193.089360584
31388843.71771119
31391494.56991286
31394145.64598443
31396796.945944812
31399448.46981291
31402100.21760757
31404752.189347897
31407404.385052547
31410056.804740623
31412709.448430978
31415362.316142533
31418015.407894205
31420668.723704852
31423322.26359352
31425976.027579073
31428630.015680436
31431284.22791653
31433938.66430623
31436593.324868653
31439248.209622473
31441903.318586815
31444558.651780557
31447214.209222626
31449869.99093197
31452525.996927455
31455182.227228157
31457838.681852955
31460495.360820793
31463152.264150612
31465809.3918613
31468466.743972003
31471124.32050141
31473782.121468667
31476440.146892663
31479098.396792356
31481756.871186703
31484415.5700946
31487074.49353513
31489733.641527202
31492393.014089767
31495052.611241803
31497712.4330022
31500372.47939013
31503032.750424303
31505693.24612388
31508353.966507774
31511014.91159496
31513676.081404414
31516337.47595505
31518999.095265973
31521660.939356107
31524323.00824443
31526985.30194993
31529647.820491523
31532310.563888397
31534973.53215928
31537636.725323357
31540300.143399555
31542963.786406875
31545627.654364303
31548291.74729078
31550956.065205425
31553620.608127184
31556285.376075055
31558950.36906804
31561615.587125085
31564281.030265387
31566946.6985077
31569612.59187122
31572278.710374907
31574945.05403776
31577611.622878805
31580278.416916993
31582945.436171465
31585612.680661183
31588280.150405165
31590947.845422436
31593615.765731957
31596283.911352944
31598952.28230417
31601620.87860486
31604289.700273976
31606958.747330554
31609628.01979363
31612297.517682172
31614967.241015345
31617637.18981213
31620307.364091564
31622977.763872687
31625648.38917455
31628319.240016192
31630990.3164166
31633661.618394952
31636333.14597023
31639004.899161488
31641676.877987783
31644349.0824681
31647021.51262163
31649694.168467365
31652367.050024364
31655040.157311693
31657713.49034841
31660387.049153585
31663060.833746213
31665734.8441455
31668409.080370445
31671083.542440124
31673758.230373606
31676433.1441899
31679108.28390822
31681783.64954757
31684459.241127033
31687135.05866569
31689811.102182627
31692487.37169692
31695163.8672276
31697840.588793874
31700517.536414776
31703194.71010939
31705872.109896813
31708549.73579607
31711227.587826394
31713905.666006807
31716583.970356412
31719262.50089431
31721941.257639606
31724620.2406114
31727299.449828733
31729978.88531084
31732658.54707677
31735338.435145624
31738018.549536526
31740698.890268512
31743379.457360838
31746060.250832547
31748741.27070276
31751422.5169906
31754103.989715185
31756785.68889564
31759467.61455102
31762149.766700584
31764832.1453634
31767514.750558592
31770197.58230529
31772880.640622567
31775563.925529685
31778247.437045712
31780931.175189786
31783615.13998105
31786299.331438646
31788983.74958171
31791668.394429326
31794353.266000766
31797038.36431512
31799723.689391524
31802409.24124914
31805095.01990705
31807781.025384538
31810467.257700697
31813153.71687468
31815840.402925648
31818527.315872762
31821214.455735184
31823901.82253201
31826589.416282535
31829277.237005863
31831965.284721162
31834653.559447598
31837342.061204284
31840030.79001052
31842719.745885417
31845408.928848147
31848098.338917892
31850787.976113833
31853477.84045515
31856167.931960955
31858858.25065057
31861548.796543114
31864239.569657773
31866930.57001374
31869621.79763014
31872313.25252629
31875004.93472133
31877696.844234444
31880388.98108484
31883081.345291708
31885773.93687425
31888466.75585161
31891159.80224312
31893853.076067917
31896546.57734521
31899240.306094207
31901934.262334056
31904628.446084097
31907322.857363477
31910017.496191412
31912712.362587124
31915407.456569828
31918102.778158743
31920798.327373024
31923494.10423203
31926190.108754918
31928886.340960916
31931582.80086925
31934279.488499086
31936976.403869785
31939673.547000516
31942370.917910516
31945068.51661902
31947766.343145262
31950464.397508487
31953162.679727867
31955861.189822778
31958559.9278124
31961258.893715978
31963958.087552756
31966657.509341925
31969357.159102865
31972057.03685476
31974757.142616864
31977457.476408437
31980158.038248736
31982858.828157015
31985559.846152477
31988261.09225451
31990962.566482313
31993664.268855155
31996366.1993923
31999068.358112954
32001770.745036513
32004473.360182192
32007176.20356926
32009879.27521699
32012582.575144663
32015286.10337156
32017989.859916892
32020693.84480007
32023398.058040317
32026102.499656916
32028807.16966915
32031512.06809625
32034217.194957633
32036922.550272524
32039628.13406022
32042333.94634001
32045039.987131193
32047746.25645307
32050452.754324876
32053159.48076604
32055866.435795803
32058573.619433463
32061281.031698335
32063988.672609657
32066696.542186935
32069404.64044922
32072112.96741602
32074821.523106582
32077530.30754023
32080239.320736274
32082948.56271397
32085658.03349277
32088367.733091936
32091077.661530785
32093787.818828646
32096498.20500478
32099208.82007872
32101919.664069522
32104630.736996725
32107342.038879596
32110053.569737468
32112765.32958968
32115477.318455506
32118189.536354415
32120901.98330569
32123614.659328666
32126327.564442698
32129040.698667057
32131754.0620213
32134467.65452451
32137181.47619623
32139895.52705576
32142609.807122443
32145324.316415645
32148039.054954655
32150754.02275897
32153469.219847877
32156184.64624075
32158900.301956944
32161616.187015764
32164332.30143678
32167048.645239092
32169765.218442276
32172482.021065634
32175199.053128544
32177916.314650383
32180633.80565046
32183351.526148293
32186069.47616319
32188787.655714538
32191506.064821724
32194224.703504063
32196943.571781144
32199662.669672094
32202381.997196503
32205101.554373696
32207821.341223065
32210541.357764013
32213261.604015864
32215982.079998158
32218702.785730224
32221423.721231464
32224144.886521287
32226866.281619035
32229587.906544305
32232309.76131625
32235031.845954478
32237754.16047833
32240476.704907227
32243199.479260582
32245922.48355775
32248645.717818275
32251369.182061516
32254092.8763069
32256816.800573844
32259540.95488171
32262265.339250125
32264989.95369825
32267714.798245724
32270439.8729119
32273165.17771622
32275890.71267812
32278616.477816965
32281342.473152332
32284068.698703595
32286795.154490195
32289521.840531573
32292248.756847113
32294975.903456457
32297703.280378792
32300430.887633763
32303158.725240763
32305886.79321924
32308615.091588646
32311343.62036838
32314072.37957803
32316801.369236987
32319530.58936472
32322260.039980683
32324989.721104283
32327719.63275518
32330449.77495258
32333180.147716153
32335910.751065303
32338641.585019503
32341372.64959823
32344103.944820896
32346835.470707104
32349567.227276277
32352299.21454789
32355031.43254143
32357763.881276313
32360496.56077223
32363229.471048396
32365962.612124506
32368695.98401998
32371429.58675432
32374163.42034701
32376897.484817486
32379631.78018538
32382366.30647012
32385101.063691214
32387836.05186816
32390571.271020398
32393306.721167635
32396042.40232911
32398778.314524535
32401514.457773354
32404250.83209508
32406987.437509228
32409724.274035245
32412461.341692783
32415198.640501298
32417936.170480307
32420673.93164934
32423411.924027845
32426150.147635553
32428888.602491725
32431627.28861609
32434366.206028115
32437105.35474733
32439844.73479327
32442584.346185405
32445324.1889434
32448064.26308674
32450804.568634953
32453545.10560759
32456285.874024194
32459026.873904306
32461768.105267413
32464509.568133194
32467251.262521133
32469993.188450787
32472735.345941704
32475477.735013377
32478220.3556855
32480963.207977556
32483706.29190911
32486449.60749973
32489193.154768974
32491936.93373641
32494680.944421537
32497425.18684406
32500169.66102348
32502914.366979368
32505659.304731306
32508404.474298798
32511149.87570155
32513895.50895908
32516641.37409097
32519387.471116796
32522133.80005615
32524880.36092861
32527627.1537537
32530374.178551145
32533121.43534046
32535868.924141247
32538616.644973096
32541364.597855534
32544112.782808293
32546861.199850906
32549609.849002972
32552358.730284095
32555107.84371388
32557857.189311925
32560606.76709778
32563356.57709118
32566106.619311668
32568856.893778864
32571607.400512375
32574358.139531754
32577109.11085675
32579860.31450691
32582611.75050186
32585363.41886122
32588115.319604617
32590867.45275167
32593619.818321943
32596372.4163352
32599125.246811
32601878.30976898
32604631.605228767
32607385.133209936
32610138.893732253
32612892.88681529
32615647.112478692
32618401.570742097
32621156.261625152
32623911.185147494
32626666.34132871
32629421.730188582
32632177.351746693
32634933.20602269
32637689.293036234
32640445.61280691
32643202.165354505
32645958.950698618
32648715.9688589
32651473.21985502
32654230.70370664
32656988.420433424
32659746.37005497
32662504.552591085
32665262.96806137
32668021.616485495
32670780.497883134
32673539.612273898
32676298.959677596
32679058.540113837
32681818.353602305
32684578.40016268
32687338.679814644
32690099.192577884
32692859.938472018
32695620.917516872
32698382.129732065
32701143.57513729
32703905.253752243
32706667.165596545
32709429.310690034
32712191.68905234
32714954.30070316
32717717.1456622
32720480.22394916
32723243.535583746
32726007.080585595
32728770.858974554
32731534.870770264
32734299.115992434
32737063.59466078
32739828.306794956
32742593.2524148
32745358.431539975
32748123.84419019
32750889.49038518
32753655.370144654
32756421.483488347
32759187.830435917
32761954.41100722
32764721.225221932
32767488.273099773
32770255.554660477
32773023.069923718
32775790.818909362
32778558.801637083
32781327.018126618
32784095.468397714
32786864.152470108
32789633.07036355
32792402.222097717
32795171.60769249
32797941.227167558
32800711.080542665
32803481.167837568
32806251.489071958
32809022.04426572
32811792.83343855
32814563.856610205
32817335.113800447
32820106.60502904
32822878.33031575
32825650.289680272
32828422.483142518
32831194.91072218
32833967.572439037
32836740.468312863
32839513.59836336
32842286.962610442
32845060.56107382
32847834.393773276
32850608.46072859
32853382.761959545
32856157.297485925
32858932.06732745
32861707.07150405
32864482.310035437
32867257.78294141
32870033.490241755
32872809.43195621
32875585.608104765
32878362.01870695
32881138.663782775
32883915.543351967
32886692.657434333
32889470.006049674
32892247.589217734
32895025.406958453
32897803.459291574
32900581.74623691
32903360.267814275
32906139.02404342
32908918.014944352
32911697.240536634
32914476.70084028
32917256.395875048
32920036.325660758
32922816.49021724
32925596.88956425
32928377.52372175
32931158.39270951
32933939.496547353
32936720.83525512
32939502.408852573
32942284.21735975
32945066.26079623
32947848.53918205
32950631.052536976
32953413.800880864
32956196.784233555
32958980.002614826
32961763.456044663
32964547.14454285
32967331.068129238
32970115.226823676
32972899.62064596
32975684.249616142
32978469.113753818
32981254.213079046
32984039.54761162
32986825.117371406
32989610.92237827
32992396.96265201
32995183.23821263
32997969.749079935
33000756.49527379
33003543.47681408
33006330.693720605
33009118.146013446
33011905.833712213
33014693.75683699
33017481.91540759
33020270.309443895
33023058.938965794
33025847.803993106
33028636.904545855
33031426.240643863
33034215.812307023
33037005.619555227
33039795.662408307
33042585.940886363
33045376.455009017
33048167.20479638
33050958.19026828
33053749.41144463
33056540.868345328
33059332.560990218
33062124.48939934
33064916.65359254
33067709.05358973
33070501.689410828
33073294.561075676
33076087.6686044
33078881.012016643
33081674.59133253
33084468.406571917
33087262.45775473
33090056.744900893
33092851.268030267
33095646.027162917
33098441.022318706
33101236.253517564
33104031.720779426
33106827.424124163
33109623.363571916
33112419.539142348
33115215.95085561
33118012.59873157
33120809.48279018
33123606.603051383
33126403.95953506
33129201.55226129
33131999.381249964
33134797.44652103
33137595.748094447
33140394.285990097
33143193.06022815
33145992.070828285
33148791.317810673
33151590.801195208
33154390.521001853
33157190.477250576
33159990.669961277
33162791.099154063
33165591.764848832
33168392.66706556
33171193.805824224
33173995.18114473
33176796.79304726
33179598.641551524
33182400.72667771
33185203.04844572
33188005.606875557
33190808.401987195
33193611.43380056
33196414.702335775
33199218.207612764
33202021.94965152
33204825.928472042
33207630.144094255
33210434.59653836
33213239.28582409
33216044.211971644
33218849.375000965
33221654.774932057
33224460.41178492
33227266.2855795
33230072.396335945
33232878.744074192
33235685.32881426
33238492.150576163
33241299.20937985
33244106.505245548
33246914.038192995
33249721.808242425
33252529.815413795
33255338.059727125
33258146.54120244
33260955.25985971
33263764.215719096
33266573.408800565
33269382.839124147
33272192.506709877
33275002.411577728
33277812.553747945
33280622.93324029
33283433.550075013
33286244.40427209
33289055.495851565
33291866.82483349
33294678.39123784
33297490.195084807
33300302.23639437
33303114.51518659
33305927.03148152
33308739.78529921
33311552.776659735
33314366.005583074
33317179.472089436
33319993.176198807
33322807.11793126
33325621.29730686
33328435.71434561
33331250.36906772
33334065.26149319
33336880.391642094
33339695.75953451
33342511.36519052
33345327.208630197
33348143.28987356
33350959.60894082
33353776.165852003
33356592.96062719
33359409.99328647
33362227.26384987
33365044.772337608
33367862.518769715
33370680.503166284
33373498.725547414
33376317.1859332
33379135.884343743
33381954.82079908
33384773.995319445
33387593.40792488
33390413.05863549
33393232.94747138
33396053.074452598
33398873.439599387
33401694.042931795
33404514.884469938
33407335.96423393
33410157.282243893
33412978.838519946
33415800.63308214
33418622.66595074
33421444.937145803
33424267.446687452
33427090.19459582
33429913.180890966
33432736.40559316
33435559.86872247
33438383.570299026
33441207.510342974
33444031.688874442
33446856.105913583
33449680.76148046
33452505.655595362
33455330.78827836
33458156.15954961
33460981.76942925
33463807.61793737
33466633.70509426
33469460.030920006
33472286.59543476
33475113.39865868
33477940.44061193
33480767.72131467
33483595.24078699
33486422.999049194
33489250.99612138
33492079.23202372
33494907.706776377
33497736.42039946
33500565.372913275
33503394.564337928
33506223.994693596
33509053.66400046
33511883.572278697
33514713.71954849
33517544.105829954
33520374.73114341
33523205.595508978
33526036.698946845
33528868.0414772
33531699.62312017
33534531.44389608
33537363.50382506
33540195.80292731
33543028.341223024
33545861.118732404
33548694.13547565
33551527.391472902
33554360.8867445
33557194.621310584
33560028.59519136
33562862.80840704
33565697.26097777
33568531.952923894
33571366.884265564
33574202.055023
33577037.46521642
33579873.11486604
33582709.00399209
33585545.132614724
33588381.5007543
33591218.10843098
33594054.95566499
33596892.04247657
33599729.368885875
33602566.934913285
33605404.740578964
33608242.78590314
33611081.07090607
33613919.59560799
33616758.36002913
33619597.364189684
33622436.608110026
33625276.09181034
33628115.81531087
33630955.77863187
33633795.98179353
33636636.42481624
33639477.10772018
33642318.030525625
33645159.19325282
33648000.59592203
33650842.23855352
33653684.12116749
33656526.24378434
33659368.606424265
33662211.20910755
33665054.05185446
33667897.134685196
33670740.45762017
33673584.02067961
33676427.823883764
33679271.86725294
33682116.150807396
33684960.67456744
33687805.43855327
33690650.44278533
33693495.68728382
33696341.17206905
33699186.8971613
33702032.8625808
33704879.068347976
33707725.51448307
33710572.201006375
33713419.12793819
33716266.29529882
33719113.70310858
33721961.35138769
33724809.240156606
33727657.36943556
33730505.739244886
33733354.34960487
33736203.200535774
33739052.29205812
33741901.62419194
33744751.196957774
33747601.01037587
33750451.06446655
33753301.35925014
33756151.8947469
33759002.670977294
33761853.68796159
33764704.945720114
33767556.444273196
33770408.18364111
33773260.1638444
33776112.384903125
33778964.84683783
33781817.549668804
33784670.49341638
33787523.67810089
33790377.10374264
33793230.7703621
33796084.67797956
33798938.82661536
33801793.21628987
33804647.84702337
33807502.71883643
33810357.83174912
33813213.18578202
33816068.78095543
33818924.6172897
33821780.694805205
33824637.01352224
33827493.57346132
33830350.37464274
33833207.41708687
33836064.7008141
33838922.225844726
33841779.99219934
33844637.99989804
33847496.24896142
33850354.73940979
33853213.47126354
33856072.444543056
33858931.65926866
33861791.11546088
33864650.813140035
33867510.75232652
33870370.93304073
33873231.355303
33876092.01913393
33878952.92455365
33881814.071582764
33884675.460241616
33887537.0905506
33890398.96253013
33893261.07620055
33896123.431582406
33898986.02869604
33901848.86756187
33904711.94820031
33907575.27063171
33910438.8348767
33913302.64095542
33916166.688888505
33919030.97869631
33921895.51039926
33924760.28401779
33927625.29957225
33930490.55708322
33933356.05657106
33936221.7980562
33939087.78155909
33941954.00710009
33944820.474699855
33947687.18437854
33950554.13615681
33953421.330055036
33956288.766093664
33959156.44429314
33962024.36467385
33964892.527256384
33967760.932061136
33970629.57910855
33973498.46841908
33976367.60001314
33979236.973911375
33982106.59013397
33984976.44870162
33987846.54963471
33990716.8929537
33993587.478679076
33996458.306831226
33999329.377430774
34002200.69049811
34005072.24605373
34007944.0441181
34010816.08471164
34013688.36785503
34016560.89356848
34019433.661872685
34022306.67278806
34025179.926335104
34028053.4225343
34030927.16140607
34033801.142971046
34036675.36724965
34039549.8342624
34042424.54402978
34045299.49657222
34048174.69191044
34051050.13006465
34053925.811055586
34056801.73490368
34059677.90162943
34062554.31125336
34065430.96379591
34068307.85927773
34071184.99771928
34074062.37914107
34076940.00356361
34079817.87100737
34082695.98149307
34085574.335040964
34088452.93167179
34091331.771405995
34094210.854264125
34097090.1802667
34099969.74943419
34102849.56178727
34105729.617346406
34108609.91613214
34111490.458165005
34114371.24346548
34117252.27205433
34120133.5439518
34123015.05917867
34125896.8177554
34128778.81970255
34131661.06504068
34134543.55379026
34137426.28597199
34140309.26160637
34143192.480713956
34146075.9433153
34148959.6494309
34151843.59908154
34154727.7922875
34157612.22906955
34160496.909448214
34163381.83344404
34166267.001077615
34169152.41236944
34172038.06734023
34174923.9660105
34177810.10840084
34180696.49453181
34183583.12442401
34186469.99809802
34189357.11557436
34192244.47687376
34195132.08201674
34198019.9310239
34200908.02391583
34203796.36071305
34206684.9414363
34209573.76610612
34212462.834743105
34215352.14736786
34218241.70400099
34221131.504663095
34224021.54937472
34226911.838156626
34229802.37102934
34232693.14801348
34235584.16912966
34238475.434398435
34241366.943840556
34244258.69747658
34247150.695327125
34250042.93741282
34252935.42375428
34255828.154372156
34258721.12928698
34261614.34851954
34264507.8120904
34267401.52002019
34270295.47232954
34273189.669039026
34276084.11016943
34278978.79574133
34281873.725775346
34284768.90029215
34287664.31931237
34290559.98285666
34293455.89094561
34296352.0436
34299248.44084042
34302145.082687534
34305041.96916198
34307939.10028436
34310836.47607547
34313734.09655591
34316631.961746335
34319530.071667425
34322428.42633983
34325327.02578423
34328225.87002123
34331124.959071636
34334024.292956054
34336923.87169517
34339823.69530965
34342723.763820104
34345624.07724737
34348524.63561204
34351425.43893482
34354326.48723637
34357227.78053742
34360129.31885862
34363031.10222062
34365933.13064423
34368835.404150106
34371737.92275892
34374640.686491385
34377543.695368126
34380446.94940999
34383350.448637605
34386254.193071686
34389158.18273294
34392062.41764207
34394966.897819795
34397871.623286754
34400776.5940638
34403681.81017159
34406587.27163083
34409492.97846225
34412398.930686496
34415305.12832444
34418211.57139673
34421118.25992409
34424025.193927266
34426932.373426974
34429839.79844395
34432747.46899886
34435655.385112576
34438563.54680577
34441471.95409918
34444380.60701355
34447289.505569555
34450198.649788074
34453108.03968979
34456017.67529544
34458927.55662578
34461837.683701575
34464748.05654356
34467658.67517243
34470569.53960908
34473480.6498742
34476392.005988546
34479303.60797289
34482215.45584792
34485127.54963454
34488039.88935345
34490952.47502542
34493865.306671225
34496778.38431163
34499691.707967415
34502605.27765928
34505519.09340816
34508433.15523475
34511347.46315983
34514262.01720419
34517176.81738854
34520091.86373382
34523007.15626074
34525922.69499008
34528838.47994265
34531754.51113924
34534670.78860064
34537587.312347576
34540504.082401
34543421.09878163
34546338.36151027
34549255.870607734
34552173.62609474
34555091.627992265
34558009.876321025
34560928.37110184
34563847.11235552
34566766.10010289
34569685.33436475
34572604.81516186
34575524.54251518
34578444.516445465
34581364.73697353
34584285.204120204
34587205.91790625
34590126.87835263
34593048.08548011
34595969.53930952
34598891.23986169
34601813.18715747
34604735.38121768
34607657.8220631
34610580.50971472
34613503.444193296
34616426.625519685
34619350.05371473
34622273.72879921
34625197.65079418
34628121.819720216
34631046.235598385
34633970.89844947
34636895.80829433
34639820.96515383
34642746.369048744
34645672.020000085
34648597.918028645
34651524.06315529
34654450.4554009
34657377.09478626
34660303.98133246
34663231.115060076
34666158.49599022
34669086.124143675
34672013.999541335
34674942.12220407
34677870.4921527
34680799.109408244
34683727.97399152
34686657.08592342
34689586.44522482
34692516.051916555
34695445.90601972
34698376.007554926
34701306.35654328
34704236.95300562
34707167.79696284
34710098.88843584
34713030.22744545
34715961.81401272
34718893.64815849
34721825.72990366
34724758.059269145
34727690.63627578
34730623.46094471
34733556.53329655
34736489.85335243
34739423.4211332
34742357.23665979
34745291.29995311
34748225.61103402
34751160.16992359
34754094.976642676
34757030.0312122
34759965.33365311
34762900.88398624
34765836.68223277
34768772.728413336
34771709.02254909
34774645.56466091
34777582.35476972
34780519.39289648
34783456.67906206
34786394.213287555
34789331.99559383
34792270.02600185
34795208.30453256
34798146.831206836
34801085.606045865
34804024.62907031
34806963.900301345
34809903.41975986
34812843.18746682
34815783.20344319
34818723.46770986
34821663.980287954
34824604.74119836
34827545.750462055
34830487.00810002
34833428.51413314
34836370.26858262
34839312.271469146
34842254.52281392
34845197.02263786
34848139.77096194
34851082.76780715
34854026.0131944
34856969.50714483
34859913.249679364
34862857.240818985
34865801.48058469
34868745.96899741
34871690.70607836
34874635.69184825
34877580.926328294
34880526.409539424
34883472.141502656
34886418.12223899
34889364.351769365
34892310.83011494
34895257.55729664
34898204.5333355
34901151.758252524
34904099.232068665
34907046.95480516
34909994.92648274
34912943.14712264
34915891.61674581
34918840.33537329
34921789.3030261
34924738.51972521
34927687.98549178
34930637.70034679
34933587.66431126
34936537.87740623
34939488.33965268
34942439.05107186
34945390.01168452
34948341.22151193
34951292.68057506
34954244.38889495
34957196.34649267
34960148.553389184
34963101.00960569
34966053.71516318
34969006.67008271
34971959.874385335
34974913.328092046
34977867.031224124
34980820.98380233
34983775.185847975
34986729.63738203
34989684.338425584
34992639.28899969
34995594.489125356
34998549.93882381
35001505.63811605
35004461.58702315
35007417.78556619
35010374.23376619
35013330.93164445
35016287.87922176
35019245.07651943
35022202.52355847
35025160.22035997
35028118.16694504
35031076.363334686
35034034.80955016
35036993.50561247
35039952.451542735
35042911.64736205
35045871.09309144
35048830.78875224
35051790.73436526
35054750.92995183
35057711.375532985
35060672.071129836
35063633.0167635
35066594.21245503
35069555.65822566
35072517.35409647
35075479.30008857
35078441.49622308
35081403.94252112
35084366.63900382
35087329.58569225
35090292.78260767
35093256.229771145
35096219.927203804
35099183.87492679
35102148.07296117
35105112.52132822
35108077.22004901
35111042.16914468
35114007.36863639
35116972.81854527
35119938.518892474
35122904.469699085
35125870.67098639
35128837.12277547
35131803.825087495
35134770.77794361
35137737.9813649
35140705.43537267
35143673.13998803
35146641.095232114
35149609.30112611
35152577.757691175
35155546.46494848
35158515.42291914
35161484.631624445
35164454.091085516
35167423.80132353
35170393.762359664
35173363.974215016
35176334.43691093
35179305.1504685
35182276.11490892
35185247.33025338
35188218.79652307
35191190.513739176
35194162.48192282
35197134.70109534
35200107.171277866
35203079.892491594
35206052.86475772
35209026.08809738
35211999.56253191
35214973.28808246
35217947.264770225
35220921.49261642
35223895.971642256
35226870.701868944
35229845.683317624
35232820.91600966
35235796.39996619
35238772.13520844
35241748.12175764
35244724.35963493
35247700.84886168
35250677.58945905
35253654.581448264
35256631.82485056
35259609.31968716
35262587.0659793
35265565.06374815
35268543.31301509
35271521.81380128
35274500.56612798
35277479.570016414
35280458.825487755
35283438.33256341
35286418.09126454
35289398.101612404
35292378.36362825
35295358.877333336
35298339.64274891
35301320.659896165
35304301.9287965
35307283.44947111
35310265.22194125
35313247.24622818
35316229.52235311
35319212.05033745
35322194.830202386
35325177.861969195
35328161.145659156
35331144.68129354
35334128.468893625
35337112.508480616
35340096.80007594
35343081.34370081
35346066.139376506
35349051.18712431
35352036.486965455
35355022.038921356
35358007.84301324
35360993.899262406
35363980.20769014
35366966.768317744
35369953.58116652
35372940.64625768
35375927.9636127
35378915.53325278
35381903.35519925
35384891.42947341
35387879.75609648
35390868.335089944
35393857.166475035
35396846.25027306
35399835.58650534
35402825.17519319
35405815.016357936
35408805.110020824
35411795.45620332
35414786.054926686
35417776.90621225
35420768.01008133
35423759.36655519
35426750.97565532
35429742.83740296
35432734.95181946
35435727.31892616
35438719.938744396
35441712.81129551
35444705.936600775
35447699.31468168
35450692.9455595
35453686.82925558
35456680.965791285
35459675.355187885
35462669.99746688
35465664.892649546
35468660.04075726
35471655.44181137
35474651.095833234
35477647.00284423
35480643.16286564
35483639.57591897
35486636.24202554
35489633.1612067
35492630.33348382
35495627.75887822
35498625.43741141
35501623.3691047
35504621.553979464
35507619.99205709
35510618.68335896
35513617.62790645
35516616.82572089
35519616.276823804
35522615.98123652
35525615.93898041
35528616.15007689
35531616.614547275
35534617.332413174
35537618.30369571
35540619.52841649
35543621.006596856
35546622.73825821
35549624.72342195
35552626.962109424
35555629.45434218
35558632.20014156
35561635.19952898
35564638.452525854
35567641.959153526
35570645.719433635
35573649.733387314
35576654.001036204
35579658.52240166
35582663.297505096
35585668.32636795
35588673.60901158
35591679.14545757
35594684.935727276
35597690.97984213
35600697.27782356
35603703.82969295
35606710.63547196
35609717.695181735
35612725.00884394
35615732.57647995
35618740.39811121
35621748.473759174
35624756.80344523
35627765.38719095
35630774.22501775
35633783.316947065
35636792.66300036
35639802.26319903
35642812.11756476
35645822.226118706
35648832.588882565
35651843.20587773
35654854.077125676
35657865.202647865
35660876.58246571
35663888.21660083
35666900.10507462
35669912.24790857
35672924.64512415
35675937.29674279
35678950.20278618
35681963.363275506
35684976.77823249
35687990.44767854
35691004.37163517
35694018.55012384
35697032.983165994
35700047.670783274
35703062.6129971
35706077.80982898
35709093.261300415
35712108.967432834
35715124.928247966
35718141.14376702
35721157.614011735
35724174.33900355
35727191.31876397
35730208.553314514
35733226.042676635
35736243.786871985
35739261.78592202
35742280.03984827
35745298.548672244
35748317.312415406
35751336.331099495
35754355.60474576
35757375.13337595
35760394.91701152
35763414.95567401
35766435.249384955
35769455.79816582
35772476.6020383
35775497.661023855
35778518.975144036
35781540.54442039
35784562.36887439
35787584.44852781
35790606.78340191
35793629.373518445
35796652.21889892
35799675.31956489
35802698.6755379
35805722.28683945
35808746.15349124
35811770.275514774
35814794.652931616
35817819.28576332
35820844.17403141
35823869.31775765
35826894.716963336
35829920.37167026
35832946.28189993
35835972.447673924
35838998.869013816
35842025.54594112
35845052.478477575
35848079.666644685
35851107.11046404
35854134.809957236
35857162.76514578
35860190.9760515
35863219.44269569
35866248.16510017
35869277.143286474
35872306.37727619
35875335.867090926
35878365.612752214
35881395.6142818
35884425.87170124
35887456.385032125
35890487.15429608
35893518.17951463
35896549.460709624
35899580.997902386
35902612.79111475
35905644.84036826
35908677.145684555
35911709.707085244
35914742.52459189
35917775.598226264
35920808.92800993
35923842.513964504
35926876.35611164
35929910.454472885
35932944.80907011
35935979.41992465
35939014.28705837
35942049.410492845
35945084.79024971
35948120.42635063
35951156.31881716
35954192.46767111
35957228.87293405
35960265.534627646
35963302.45277354
35966339.62739333
35969377.05850889
35972414.74614158
35975452.6903133
35978490.89104563
35981529.34836024
35984568.0622788
35987607.03282291
35990646.260014385
35993685.74387482
35996725.4844259
35999765.48168931
36002805.73568671
36005846.2464398
36008887.01397018
36011928.03829969
36014969.31944993
36018010.85744261
36021052.6522994
36024094.70404193
36027137.01269204
36030179.57827135
36033222.40080157
36036265.48030438
36039308.816801496
36042352.41031462
36045396.26086538
36048440.36847563
36051484.733167015
36054529.35496124
36057574.23388001
36060619.369944975
36063664.763178
36066710.41360073
36069756.321234874
36072802.486102164
36075848.90822433
36078895.58762308
36081942.52432008
36084989.71833721
36088037.169696115
36091084.878418535
36094132.84452621
36097181.06804079
36100229.54898417
36103278.28737802
36106327.28324407
36109376.536604084
36112426.047479786
36115475.815892935
36118525.84186521
36121576.1254185
36124626.66657449
36127677.465354934
36130728.52178159
36133779.835876144
36136831.4076605
36139883.23715635
36142935.32438546
36145987.669369586
36149040.27213051
36152093.13268999
36155146.25106974
36158199.62729166
36161253.26137746
36164307.15334893
36167361.30322783
36170415.71103587
36173470.376794994
36176525.3005269
36179580.48225338
36182635.92199622
36185691.6197772
36188747.57561814
36191803.78954073
36194860.26156693
36197916.991718456
36200973.98001711
36204031.22648469
36207088.73114293
36210146.49401379
36213204.51511898
36216262.794480324
36219321.33211963
36222380.12805872
36225439.18231938
36228498.49492338
36231558.065892674
36234617.89524901
36237677.98301421
36240738.32921009
36243798.93385841
36246859.79698114
36249920.91860004
36252982.29873692
36256043.93741365
36259105.83465203
36262167.99047391
36265230.40490106
36268293.077955455
36271356.009658866
36274419.20003314
36277482.649100125
36280546.35688159
36283610.32339952
36286674.548675716
36289739.03273202
36292803.77559028
36295868.77727236
36298934.03780011
36301999.55719532
36305065.33548001
36308131.372675955
36311197.66880503
36314264.2238891
36317331.03794996
36320398.11100963
36323465.4430899
36326533.03421266
36329600.88439977
36332668.99367313
36335737.3620546
36338805.989566
36341874.87622935
36344944.02206648
36348013.427099265
36351083.091349594
36354153.01483929
36357223.197590396
36360293.63962473
36363364.34096418
36366435.30163066
36369506.52164607
36372578.00103229
36375649.73981118
36378721.73800478
36381793.99563492
36384866.51272352
36387939.289292485
36391012.32536366
36394085.620959096
36397159.17610065
36400232.99081024
36403307.06510978
36406381.3990212
36409455.99256642
36412530.8457673
36415605.9586459
36418681.33122409
36421756.9635238
36424832.85556696
36427909.00737544
36430985.41897132
36434062.09037647
36437139.021612816
36440216.21270233
36443293.66366692
36446371.374528565
36449449.34530912
36452527.5760307
36455606.06671517
36458684.8173845
36461763.82806062
36464843.09876544
36467922.62952113
36471002.42034935
36474082.471272305
36477162.78231187
36480243.35349002
36483324.18482871
36486405.27634986
36489486.62807558
36492568.24002776
36495650.11222839
36498732.244699456
36501814.63746284
36504897.29054077
36507980.20395492
36511063.3777275
36514146.81188043
36517230.50643569
36520314.46141528
36523398.676841125
36526483.15273535
36529567.889119886
36532652.88601674
36535738.143447906
36538823.661435306
36541909.44000118
36544995.47916723
36548081.77895569
36551168.33938849
36554255.16048765
36557342.24227518
36560429.58477302
36563517.18800334
36566605.05198808
36569693.17674927
36572781.562308915
36575870.20868899
36578959.11591172
36582048.28399886
36585137.71297265
36588227.402855046
36591317.353668086
36594407.565433815
36597498.03817418
36600588.77191138
36603679.76666738
36606771.02246423
36609862.53932396
36612954.31726856
36616046.35632029
36619138.65650091
36622231.2178327
36625324.04033762
36628417.12403776
36631510.468955144
36634604.07511178
36637697.94252987
36640792.07123141
36643886.46123846
36646981.11257309
36650076.02525729
36653171.199313365
36656266.634763084
36659362.33162875
36662458.289932355
36665554.50969599
36668650.99094173
36671747.733691595
36674844.7379678
36677942.00379237
36681039.53118738
36684137.32017493
36687235.37077704
36690333.683016025
36693432.25691368
36696531.09249233
36699630.18977399
36702729.54878078
36705829.16953478
36708929.05205803
36712029.1963728
36715129.60250111
36718230.270465076
36721331.200286806
36724432.39198834
36727533.84559202
36730635.56111967
36733737.53859363
36736839.77803594
36739942.27946873
36743045.04291414
36746148.06839419
36749251.35593119
36752354.90554719
36755458.7172643
36758562.79110469
36761667.127090394
36764771.72524379
36767876.58558671
36770981.708141536
36774087.092930324
36777192.73997522
36780298.64929838
36783404.82092187
36786511.25486799
36789617.951158844
36792724.909816556
36795832.130863294
36798939.61432115
36802047.360212505
36805155.36855922
36808263.63938369
36811372.172708
36814480.96855432
36817590.02694482
36820699.34790161
36823808.931447
36826918.77760309
36830028.88639207
36833139.25783611
36836249.89195732
36839360.78877811
36842471.94832037
36845583.3706065
36848695.055658616
36851807.00349892
36854919.214149594
36858031.68763277
36861144.42397078
36864257.42318576
36867370.6852999
36870484.21033542
36873597.998314425
36876712.049259365
36879826.36319213
36882940.94013518
36886055.780110635
36889170.88314071
36892286.249247625
36895401.878453515
36898517.77078075
36901633.926251486
36904750.34488794
36907867.026712336
36910983.971746825
36914101.180013865
36917218.651535384
36920336.38633384
36923454.384431385
36926572.64585026
36929691.170612715
36932809.9587409
36935929.01025721
36939048.325183816
36942167.90354296
36945287.745356895
36948407.85064786
36951528.21943812
36954648.851749845
36957769.74760544
36960890.90702709
36964012.33003705
36967134.01665758
36970255.96691088
36973378.18081935
36976500.65840518
36979623.39969064
36982746.404698014
36985869.67344956
36988993.20596755
36992117.0022742
36995241.06239192
36998365.38634292
37001489.97414949
37004614.825833894
37007739.941418365
37010865.320925325
37013990.96437699
37017116.871795654
37020243.04320361
37023369.478623144
37026496.178076565
37029623.14158609
37032750.36917416
37035877.86086302
37039005.61667496
37042133.63663229
37045261.92075725
37048390.46907229
37051519.28159965
37054648.35836163
37057777.69938057
37060907.304678775
37064037.17427856
37067167.30820217
37070297.706472084
37073428.369110554
37076559.296139896
37079690.48758245
37082821.943460464
37085953.66379642
37089085.64861258
37092217.89793128
37095350.41177485
37098483.19016564
37101616.23312599
37104749.54067816
37107883.11284465
37111016.94964775
37114151.051109776
37117285.4172531
37120420.048099995
37123554.94367297
37126690.1039943
37129825.529086344
37132961.21897147
37136097.173672035
37139233.3932104
37142369.87760886
37145506.62688994
37148643.64107592
37151780.92018917
37154918.46425209
37158056.27328695
37161194.3473163
37164332.68636243
37167471.290447734
37170610.15959458
37173749.29382536
37176888.69316246
37180028.357628204
37183168.28724512
37186308.482035525
37189448.94202182
37192589.6672264
37195730.657671586
37198871.91337993
37202013.43437376
37205155.220675476
37208297.272307485
37211439.5892922
37214582.17165202
37217725.01940929
37220868.132586576
37224011.51120621
37227155.15529061
37230299.0648622
37233443.239943326
37236587.68055656
37239732.38672424
37242877.358468816
37246022.59581269
37249168.098778315
37252313.867388114
37255459.90166444
37258606.20162989
37261752.76730682
37264899.598717675
37268046.69588489
37271194.05883084
37274341.68757812
37277489.582149096
37280637.74256623
37283786.16885196
37286934.86102874
37290083.819119036
37293233.04314522
37296382.5331299
37299532.289095476
37302682.31106439
37305832.59905913
37308983.15310206
37312133.97321582
37315285.0594228
37318436.41174547
37321588.0302063
37324739.91482777
37327892.06563236
37331044.48264247
37334197.16588074
37337350.11536957
37340503.33113145
37343656.81318886
37346810.56156422
37349964.57628018
37353118.85735914
37356273.40482361
37359428.21869607
37362583.29899904
37365738.64575501
37368894.2589864
37372050.13871587
37375206.28496586
37378362.69775887
37381519.37711741
37384676.32306392
37387833.535621054
37390991.01481127
37394148.76065707
37397306.773180984
37400465.052405536
37403623.59835324
37406782.41104654
37409941.49050813
37413100.836760454
37416260.449826054
37419420.32972745
37422580.4764871
37425740.89012778
37428901.57067172
37432062.51814169
37435223.73256014
37438385.21394964
37441546.962332726
37444708.97773187
37447871.26016977
37451033.8096689
37454196.626251824
37457359.70994109
37460523.06075919
37463686.67872889
37466850.56387247
37470014.71621271
37473179.1357721
37476343.822573215
37479508.77663861
37482673.997990794
37485839.486652486
37489005.24264619
37492171.26599447
37495337.556719914
37498504.11484502
37501670.94039261
37504838.03338496
37508005.39384487
37511173.02179488
37514340.917257555
37517509.0802555
37520677.510811225
37523846.20894749
37527015.1746868
37530184.40805177
37533353.909064986
37536523.677748986
37539693.71412661
37542864.01822014
37546034.59005244
37549205.42964602
37552376.537023515
37555547.91220752
37558719.55522059
37561891.466085486
37565063.644824766
37568236.09146103
37571408.80601693
37574581.788514994
37577755.03897809
37580928.55742854
37584102.34388921
37587276.39838265
37590450.72093149
37593625.31155839
37596800.170285895
37599975.297136806
37603150.69213369
37606326.35529918
37609502.28665595
37612678.486226544
37615854.95403387
37619031.69010025
37622208.69444858
37625385.96710145
37628563.5080815
37631741.31741141
37634919.395113744
37638097.74121134
37641276.35572678
37644455.23868273
37647634.390101865
37650813.810006775
37653993.498420365
37657173.45536501
37660353.68086361
37663534.17493878
37666714.9376132
37669895.96890954
37673077.268850416
37676258.83745867
37679440.67475692
37682622.78076786
37685805.155514166
37688987.799018465
37692170.71130369
37695353.89239223
37698537.342307016
37701721.06107067
37704905.048705906
37708089.30523542
37711273.83068185
37714458.62506806
37717643.68841669
37720829.02075044
37724014.622092046
37727200.49246413
37730386.631889656
37733573.040391035
37736759.71799122
37739946.66471286
37743133.88057869
37746321.36561143
37749509.11983374
37752697.1432685
37755885.43593838
37759073.99786612
37762262.829074435
37765451.929586016
37768641.29942383
37771830.9386103
37775020.84716842
37778211.02512086
37781401.47249037
37784592.1892997
37787783.17557152
37790974.431328766
37794165.956594095
37797357.75139027
37800549.815740064
37803742.14966616
37806934.75319155
37810127.626338705
37813320.76913062
37816514.18158998
37819707.86373958
37822901.81560218
37826096.03720049
37829290.528557435
37832485.289695725
37835680.32063814
37838875.62140747
37842071.19202643
37845267.03251802
37848463.14290475
37851659.523209624
37854856.17345537
37858053.09366479
37861250.28386067
37864447.74406573
37867645.47430295
37870843.47459504
37874041.74496481
37877240.285435066
37880439.09602855
37883638.176768295
37886837.52767682
37890037.14877716
37893237.040092066
37896437.201644346
37899637.63345683
37902838.335552275
37906039.30795365
37909240.5506837
37912442.06376526
37915643.847221166
37918845.901074246
37922048.22534734
37925250.82006321
37928453.68524484
37931656.820915006
37934860.22709655
37938063.903812304
37941267.85108505
37944472.06893779
37947676.5573933
37950881.31647442
37954086.34620403
37957291.64660496
37960497.21770008
37963703.059512176
37966909.17206426
37970115.55537912
37973322.20947963
37976529.134388655
37979736.33012898
37982943.79672364
37986151.53419543
37989359.54256722
37992567.8218619
37995776.37210234
37998985.19331143
38002194.28551196
38005403.648727
38008613.28297933
38011823.18829186
38015033.36468747
38018243.81218898
38021454.530819446
38024665.52060168
38027876.78155858
38031088.31371306
38034300.117088005
38037512.19170633
38040724.53759087
38043937.15476468
38047150.0432506
38050363.203071535
38053576.6342504
38056790.336810045
38060004.31077354
38063218.55616371
38066433.07300351
38069647.86131584
38072862.92112363
38076078.25244982
38079293.85531725
38082509.72974901
38085725.87576796
38088942.29339704
38092158.982659176
38095375.94357724
38098593.17617432
38101810.6804733
38105028.4564971
38108246.50426869
38111464.82381102
38114683.41514702
38117902.278299585
38121121.41329182
38124340.8201466
38127560.49888689
38130780.44953565
38134000.67211577
38137221.16665037
38140441.933162324
38143662.97167462
38146884.28221022
38150105.8647921
38153327.71944323
38156549.84618652
38159772.24504509
38162994.91604185
38166217.859199785
38169441.07454188
38172664.56209104
38175888.3218704
38179112.35390289
38182336.6582115
38185561.23481921
38188786.083749026
38192011.20502395
38195236.5986669
38198462.26470102
38201688.20314927
38204914.41403462
38208140.8973801
38211367.653208636
38214594.68154339
38217821.9824073
38221049.55582339
38224277.40181468
38227505.52040417
38230733.91161489
38233962.57546979
38237191.51199206
38240420.72120463
38243650.203130536
38246879.95779282
38250109.98521442
38253340.28541854
38256570.858428136
38259801.70426624
38263032.8229559
38266264.214520164
38269495.87898206
38272727.81636458
38275960.0266909
38279192.509984024
38282425.26626698
38285658.29556283
38288891.59789456
38292125.17328537
38295359.02175826
38298593.14333628
38301827.53804249
38305062.205899976
38308297.14693179
38311532.36116093
38314767.84861062
38318003.609303854
38321239.64326371
38324475.95051327
38327712.531075545
38330949.38497375
38334186.51223091
38337423.912870094
38340661.586914405
38343899.534386925
38347137.75531075
38350376.24970889
38353615.017604604
38356854.0590209
38360093.37398089
38363332.96250766
38366572.82462425
38369812.96035392
38373053.369719684
38376294.05274467
38379535.00945198
38382776.23986473
38386017.74400603
38389259.521898925
38392501.57356668
38395743.899032354
38398986.49831905
38402229.37144992
38405472.51844798
38408715.93933661
38411959.63413864
38415203.602877416
38418447.845576
38421692.36225753
38424937.15294515
38428182.21766192
38431427.55643113
38434673.16927585
38437919.056219235
38441165.217284426
38444411.65249449
38447658.36187283
38450905.345442265
38454152.60322621
38457400.13524772
38460647.94152997
38463896.02209612
38467144.376969256
38470393.006172694
38473641.90972953
38476891.087662935
38480140.53999608
38483390.26675205
38486640.26795427
38489890.54362559
38493141.093789436
38496391.91846891
38499643.017687194
38502894.39146747
38506146.039832845
38509397.96280667
38512650.16041206
38515902.632672206
38519155.37961029
38522408.40124946
38525661.69761313
38528915.26872418
38532169.11460607
38535423.23528191
38538677.63077491
38541932.301108286
38545187.24630516
38548442.46638891
38551697.96138267
38554953.73130966
38558209.77619309
38561466.09605611
38564722.69092217
38567979.560814194
38571236.70575563
38574494.12576964
38577751.82087944
38581009.79110827
38584268.036479294
38587526.55701589
38590785.352741234
38594044.42367855
38597303.76985109
38600563.39128202
38603823.28799482
38607083.46001242
38610343.90735831
38613604.630055666
38616865.62812773
38620126.901597776
38623388.45048897
38626650.27482473
38629912.374628246
38633174.74992278
38636437.40073159
38639700.32707787
38642963.528985135
38646227.00647633
38649490.759574965
38652754.78830425
38656019.09268744
38659283.672747836
38662548.528508626
38665813.65999326
38669079.06722494
38672344.75022695
38675610.7090226
38678876.94363507
38682143.45408791
38685410.24040411
38688677.30260718
38691944.64072035
38695212.254766926
38698480.144770205
38701748.31075341
38705016.75274002
38708285.47075325
38711554.46481642
38714823.734952845
38718093.28118575
38721363.1035387
38724633.20203469
38727903.57669728
38731174.22754972
38734445.15461532
38737716.35791742
38740987.83747927
38744259.593324356
38747531.62547593
38750803.933957316
38754076.51879188
38757349.38000285
38760622.51761382
38763895.931647815
38767169.62212841
38770443.58907888
38773717.83252257
38776992.35248284
38780267.14898294
38783542.22204641
38786817.57169651
38790093.1979566
38793369.100850046
38796645.28040013
38799921.73663045
38803198.46956405
38806475.479224555
38809752.76563524
38813030.328819476
38816308.168800645
38819586.28560204
38822864.6792472
38826143.34975942
38829422.29716209
38832701.5214786
38835981.022732235
38839260.80094664
38842540.856144875
38845821.18835057
38849101.79758705
38852382.68387771
38855663.84724594
38858945.28771506
38862227.00530864
38865509.00005
38868791.27196254
38872073.82106967
38875356.647394724
38878639.75096135
38881923.13179265
38885206.78991226
38888490.72534354
38891774.9381099
38895059.428234756
38898344.19574145
38901629.24065359
38904914.562994495
38908200.16278761
38911486.04005636
38914772.19482419
38918058.62711453
38921345.33695072
38924632.324356385
38927919.589354865
38931207.13196962
38934494.95222409
38937783.05014164
38941071.425745875
38944360.079060175
38947649.010107994
38950938.21891277
38954227.70549799
38957517.469887085
38960807.512103446
38964097.8321707
38967388.43011223
38970679.3059515
38973970.45971198
38977261.891417064
38980553.60109038
38983845.58875533
38987137.85443539
38990430.39815403
38993723.21993474
38997016.319801
39000309.69777621
39003603.353884034
39006897.28814786
39010191.50059119
39013485.991237506
39016780.76011024
39020075.807233036
39023371.13262932
39026666.73632258
39029962.61833634
39033258.778694086
39036555.217419334
39039851.93453551
39043148.93006629
39046446.204035096
39049743.75646545
39053041.587380864
39056339.696804784
39059638.08476088
39062936.75127261
39066235.69636348
39069534.920057036
39072834.42237679
39076134.203346275
39079434.262988955
39082734.601328515
39086035.218388416
39089336.11419219
39092637.28876338
39095938.74212546
39099240.47430212
39102542.48531683
39105844.77519314
39109147.34395459
39112450.19162476
39115753.31822718
39119056.723785326
39122360.40832293
39125664.37186347
39128968.6144305
39132273.13604759
39135577.93673822
39138883.016526125
39142188.3754348
39145494.01348781
39148799.93070873
39152106.12712113
39155412.602748595
39158719.35761464
39162026.391742975
39165333.70515713
39168641.29788068
39171949.16993722
39175257.321350254
39178565.75214354
39181874.462340586
39185183.45196499
39188492.72104035
39191802.26959027
39195112.09763836
39198422.20520812
39201732.59232334
39205043.259007536
39208354.20528431
39211665.431177296
39214976.936710015
39218288.721906245
39221600.78678953
39224913.13138347
39228225.75571171
39231538.65979787
39234851.84366556
39238165.30733835
39241479.05084002
39244793.07419412
39248107.377424285
39251421.96055415
39254736.82360728
39258051.96660747
39261367.38957828
39264683.092543356
39267999.07552635
39271315.3385509
39274631.881640665
39277948.70481921
39281265.80811036
39284583.19153767
39287900.855124824
39291218.79889546
39294537.02287317
39297855.52708179
39301174.31154488
39304493.37628613
39307812.72132919
39311132.346697755
39314452.252415486
39317772.43850598
39321092.90499307
39324413.651900366
39327734.67925155
39331055.9870703
39334377.57538022
39337699.44420517
39341021.59356875
39344344.02349465
39347666.734006576
39350989.72512821
39354312.99688326
39357636.549295336
39360960.382388316
39364284.49618581
39367608.89071153
39370933.56598918
39374258.5220424
39377583.75889505
39380909.276570775
39384235.07509328
39387561.15448628
39390887.51477352
39394214.155978695
39397541.07812546
39400868.28123771
39404195.76533908
39407523.530453295
39410851.576604106
39414179.90381515
39417508.51211041
39420837.401513316
39424166.57204782
39427496.02373762
39430825.75660642
39434155.770678006
39437486.065976016
39440816.64252438
39444147.50034675
39447478.6394669
39450810.05990857
39454141.76169545
39457473.74485154
39460806.00940027
39464138.55536566
39467471.38277139
39470804.49164122
39474137.881998934
39477471.55386821
39480805.507272996
39484139.74223698
39487474.258783944
39490809.056937665
39494144.13672184
39497479.49816051
39500815.14127713
39504151.066095725
39507487.27264001
39510823.76093378
39514160.53100082
39517497.582864866
39520834.916549854
39524172.53207951
39527510.42947765
39530848.60876806
39534187.069974475
39537525.81312095
39540864.83823096
39544204.145328574
39547543.73443751
39550883.6055816
39554223.75878465
39557564.194070406
39560904.91146285
39564245.91098573
39567587.192662865
39570928.756518096
39574270.60257515
39577612.73085813
39580955.141390525
39584297.834196426
39587640.80929959
39590984.066723846
39594327.606493056
39597671.42863096
39601015.533161595
39604359.920108706
39607704.58949615
39611049.54134778
39614394.77568737
39617740.29253902
39621086.09192627
39624432.173873216
39627778.53840364
39631125.185541406
39634472.115310386
39637819.327734366
39641166.82283738
39644514.60064322
39647862.66117576
39651211.00445887
39654559.63051635
39657908.53937234
39661257.73105037
39664607.2055746
39667956.96296881
39671307.00325691
39674657.32646277
39678007.932610214
39681358.8217233
39684709.99382584
39688061.44894174
39691413.18709488
39694765.208309114
39698117.512608565
39701470.100016825
39704822.97055805
39708176.12425606
39711529.56113478
39714883.28121811
39718237.2845299
39721591.57109423
39724946.14093494
39728300.99407594
39731656.13054117
39735011.55035447
39738367.25354002
39741723.24012142
39745079.51012284
39748436.06356815
39751792.900481276
39755150.02088617
39758507.42480667
39761865.112266906
39765223.083290726
39768581.337902084
39771939.876124926
39775298.69798313
39778657.80350088
39782017.192701824
39785376.86561015
39788736.82224974
39792097.06264456
39795457.58681857
39798818.394795656
39802179.48659994
39805540.86225532
39808902.521785766
39812264.46521525
39815626.69256767
39818989.20386725
39822351.99913763
39825715.07840305
39829078.44168741
39832442.089014694
39835806.02040889
39839170.235893905
39842534.7354939
39845899.51923278
39849264.58713455
39852629.9392232
39855995.57552265
39859361.496057145
39862727.700850375
39866094.18992658
39869460.96330968
39872828.021023706
39876195.36309265
39879562.989540465
39882930.90039131
39886299.095669135
39889667.57539795
39893036.33960179
39896405.38830459
39899774.721530624
39903144.33930359
39906514.241647765
39909884.42858711
39913254.90014564
39916625.65634742
39919996.69721637
39923368.02277672
39926739.63305243
39930111.52806754
39933483.7078461
39936856.17241214
39940228.92178974
39943601.956002854
39946975.275075704
39950348.87903226
39953722.7678966
39957096.94169276
39960471.40044474
39963846.14417675
39967221.1729128
39970596.48667693
39973972.085493244
39977347.96938579
39980724.13837865
39984100.59249582
39987477.331761554
39990854.35619983
39994231.66583475
39997609.26069039
40000987.14079076
40004365.30616011
40007743.756822444
40011122.492801875
40014501.51412248
40017880.82080836
40021260.412883624
40024640.29037228
40028020.4532986
40031400.901686616
40034781.63556042
40038162.65494414
40041543.959861785
40044925.55033765
40048307.42639577
40051689.588060245
40055072.03535521
40058454.76830478
40061837.78693309
40065221.09126417
40068604.68132233
40071988.557131596
40075372.718716115
40078757.16610002
40082141.899307355
40085526.91836243
40088912.22328931
40092297.814112134
40095683.69085504
40099069.85354218
40102456.302197695
40105843.03684567
40109230.0575104
40112617.36421598
40116004.95698655
40119392.83584627
40122781.00081922
40126169.45192974
40129558.1892019
40132947.212659866
40136336.52232782
40139726.11822991
40143116.000390336
40146506.168833174
40149896.623582765
40153287.36466321
40156678.392098695
40160069.705913395
40163461.30613142
40166853.19277712
40170245.365874596
40173637.82544805
40177030.57152167
40180423.60411964
40183816.92326618
40187210.528985396
40190604.421301655
40193998.60023907
40197393.06582186
40200787.81807423
40204182.857020296
40207578.18268445
40210973.79509082
40214369.694263615
40217765.88022706
40221162.353005365
40224559.11262276
40227956.15910339
40231353.49247164
40234751.11275166
40238149.01996768
40241547.214143924
40244945.69530456
40248344.46347397
40251743.518676326
40255142.86093586
40258542.49027681
40261942.40672344
40265342.610299975
40268743.10103059
40272143.8789397
40275544.94405148
40278946.29639018
40282347.93598007
40285749.8628453
40289152.07701031
40292554.57849929
40295957.36733649
40299360.44354618
40302763.807152644
40306167.45818013
40309571.39665285
40312975.62259523
40316380.136031464
40319784.93698584
40323190.02548265
40326595.40154607
40330001.06520056
40333407.016470335
40336813.25537967
40340219.78195287
40343626.59621422
40347033.69818802
40350441.087898485
40353848.76537008
40357256.730627015
40360664.98369361
40364073.52459416
40367482.3533529
40370891.46999429
40374300.87454258
40377710.56702207
40381120.54745708
40384530.815871924
40387941.37229093
40391352.216738336
40394763.34923863
40398174.769816056
40401586.47849494
40404998.47529963
40408410.760254346
40411823.33338361
40415236.19471167
40418649.34426287
40422062.78206155
40425476.50813204
40428890.5224987
40432304.82518579
40435719.41621782
40439134.29561907
40442549.46341388
40445964.919626616
40449380.66428155
40452796.69740328
40456213.01901585
40459629.629143864
40463046.52781161
40466463.715043455
40469881.190863766
40473298.95529683
40476717.008367196
40480135.35009915
40483553.98051707
40486972.89964533
40490392.10750824
40493811.60413044
40497231.38953596
40500651.46374946
40504071.826795235
40507492.47869769
40510913.419481196
40514334.64917009
40517756.16778893
40521177.975362025
40524600.071913786
40528022.45746862
40531445.13205085
40534868.095685124
40538291.348395534
40541714.89020673
40545138.72114305
40548562.84122892
40551987.25048875
40555411.94894687
40558836.93662789
40562262.21355613
40565687.77975604
40569113.63525203
40572539.780068465
40575966.21423001
40579392.937760785
40582819.950685464
40586247.253028415
40589674.84481408
40593102.72606689
40596530.89681122
40599959.357071675
40603388.10687263
40606817.14623854
40610246.47519385
40613676.09376294
40617106.001970515
40620536.1998407
40623966.68739822
40627397.46466743
40630828.53167283
40634259.888438866
40637691.53498993
40641123.47135067
40644555.69754546
40647988.2135988
40651421.019535154
40654854.11537892
40658287.50115484
40661721.17688706
40665155.14260031
40668589.39831902
40672023.94406766
40675458.77987072
40678893.90575263
40682329.32173805
40685765.02785138
40689201.02411715
40692637.31055984
40696073.88720388
40699510.75407404
40702947.91119447
40706385.35858996
40709823.096284926
40713261.12430389
40716699.442671366
40720138.0514118
40723576.95054986
40727016.140110016
40730455.62011678
40733895.390594676
40737335.451568164
40740775.803062014
40744216.44510044
40747657.37770822
40751098.600909814
40754540.114729755
40757981.919192605
40761424.0143228
40764866.40014508
40768309.0766839
40771752.04396381
40775195.30200937
40778638.85084503
40782082.69049563
40785526.82098538
40788971.24233909
40792415.95458125
40795860.95773642
40799306.25182917
40802751.83688398
40806197.7129256
40809643.879978515
40813090.3380673
40816537.08721653
40819984.12745072
40823431.45879469
40826879.08127269
40830326.99490956
40833775.19972981
40837223.695758015
40840672.483018786
40844121.561536625
40847570.931336306
40851020.59244233
40854470.54487931
40857920.78867184
40861371.32384446
40864822.150422014
40868273.26842877
40871724.67788961
40875176.37882905
40878628.371271715
40882080.65524221
40885533.23076509
40888986.09786513
40892439.256566875
40895892.70689495
40899346.44887399
40902800.48252853
40906254.807883464
40909709.42496309
40913164.33379229
40916619.53439563
40920075.02679774
40923530.81102327
40926986.88709678
40930443.255043074
40933899.914886735
40937356.86665241
40940814.11036474
40944271.64604831
40947729.47372802
40951187.5934282
40954646.005173765
40958104.70898929
40961563.704899445
40965022.9929289
40968482.57310223
40971942.445444286
40975402.60997965
40978863.066733
40982323.81572902
40985784.856992394
40989246.190547794
40992707.816419825
40996169.734633334
40999631.945212945
41003094.44818333
41006557.24356919
41010020.331395134
41013483.71168604
41016947.3844665
41020411.349761225
41023875.60759493
41027340.1579923
41030805.00097807
41034270.13657683
41037735.564813495
41041201.285712674
41044667.29929908
41048133.60559745
41051600.2046324
41055067.09642884
41058534.281011395
41062001.75840479
41065469.528633766
41068937.59172305
41072405.947697364
41075874.59658137
41079343.538399965
41082812.77317781
41086282.30093965
41089752.12171022
41093222.23551418
41096692.64237645
41100163.342321694
41103634.33537467
41107105.62156011
41110577.2009028
41114049.073427476
41117521.239158824
41120993.698121764
41124466.450340986
41127939.49584125
41131412.83464733
41134886.46678391
41138360.39227592
41141834.611148074
41145309.123425126
41148783.92913186
41152259.028293066
41155734.420933515
41159210.10707791
41162686.08675122
41166162.35997813
41169638.92678345
41173115.78719196
41176592.94122837
41180070.388917655
41183548.130284525
41187026.16535379
41190504.494150236
41193983.11669869
41197462.03302394
41200941.243150726
41204420.74710403
41207900.54490857
41211380.63658917
41214861.02217064
41218341.70167773
41221822.675135426
41225303.942568466
41228785.50400167
41232267.359459884
41235749.50896792
41239231.95255063
41242714.690232754
41246197.7220393
41249681.047995016
41253164.66812476
41256648.582453355
41260132.791005574
41263617.29380644
41267102.09088071
41270587.182253234
41274072.56794886
41277558.24799247
41281044.2224089
41284530.491222925
41288017.05445959
41291503.91214366
41294991.06430002
41298478.51095352
41301966.252128966
41305454.28785138
41308942.61814556
41312431.2430364
41315920.16254874
41319409.3767075
41322898.88553755
41326388.68906369
41329878.78731097
41333369.18030421
41336859.868068285
41340350.8506281
41343842.12800847
41347333.70023445
41350825.56733087
41354317.72932262
41357810.18623461
41361302.93809174
41364795.98491894
41368289.326741
41371782.963583045
41375276.89546987
41378771.122426406
41382265.644477576
41385760.46164821
41389255.57396341
41392750.981448
41396246.68412693
41399742.682025105
41403238.975167476
41406735.56357897
41410232.447284445
41413729.62630899
41417227.10067748
41420724.87041485
41424222.93554605
41427721.29609593
41431219.952089615
41434718.90355198
41438218.15050796
41441717.692982525
41445217.53100062
41448717.664587215
41452218.09376718
41455718.81856565
41459219.839007504
41462721.15511772
41466222.76692125
41469724.674443
41473226.8777081
41476729.37674144
41480232.171568014
41483735.26221278
41487238.648700744
41490742.33105687
41494246.30930608
41497750.58347351
41501255.153584085
41504760.01966278
41508265.181734614
41511770.63982448
41515276.39395764
41518782.44415875
41522288.79045308
41525795.43286553
41529302.37142113
41532809.606144875
41536317.1370617
41539824.96419679
41543333.08757507
41546841.50722156
41550350.22316128
41553859.23541918
41557368.54402052
41560878.14899
41564388.050352894
41567898.24813415
41571408.74235882
41574919.53305191
41578430.62023839
41581942.00394347
41585453.6841921
41588965.66100933
41592477.9344202
41595990.504449666
41599503.37112305
41603016.53446506
41606529.994500995
41610043.75125583
41613557.80475464
41617072.15502246
41620586.80208428
41624101.74596534
41627616.98669062
41631132.524285175
41634648.358774096
41638164.490182355
41641680.9185353
41645197.64385765
41648714.66617475
41652231.98551159
41655749.60189327
41659267.51534486
41662785.72589136
41666304.23355805
41669823.03836992
41673342.14035207
41676861.5395296
41680381.235927515
41683901.22957118
41687421.52048536
41690942.108695395
41694462.99422634
41697984.17710327
41701505.65735132
41705027.43499551
41708549.51006113
41712071.8825732
41715594.552556865
41719117.52003722
41722640.78503932
41726164.34758855
41729688.20770968
41733212.36542811
41736736.820768885
41740261.573757134
41743786.624418005
41747311.97277655
41750837.61885806
41754363.56268762
41757889.80429037
41761416.343691446
41764943.18091592
41768470.3159892
41771997.748936094
41775525.479782015
41779053.508552045
41782581.835271336
41786110.45996505
41789639.382658266
41793168.60337632
41796698.12214431
41800227.93898739
41803758.05393074
41807288.46699944
41810819.178218946
41814350.187614076
41817881.49521027
41821413.10103263
41824945.005106345
41828477.2074566
41832009.7081085
41835542.50708741
41839075.60441843
41842609.000126764
41846142.69423761
41849676.68677609
41853210.97776765
41856745.56723715
41860280.455210075
41863815.641711526
41867351.126766734
41870886.9104009
41874422.992639154
41877959.37350689
41881496.05302924
41885033.031231426
41888570.30813867
41892107.88377611
41895645.75816925
41899183.93134296
41902722.40332273
41906261.17413371
41909800.24380115
41913339.61235027
41916879.279806234
41920419.24619446
41923959.51154011
41927500.07586841
41931040.93920464
41934582.10157395
41938123.563001856
41941665.32351326
41945207.383133695
41948749.74188832
41952292.3998024
41955835.35690121
41959378.613209926
41962922.16875399
41966466.02355857
41970010.17764897
41973554.63105044
41977099.38378818
41980644.43588773
41984189.78737403
41987735.4382726
41991281.38860868
41994827.63840752
41998374.18769443
42001921.03649461
42005468.184833534
42009015.6327364
42012563.38022852
42016111.42733519
42019659.77408162
42023208.42049338
42026757.36659544
42030306.61241335
42033856.15797235
42037406.003297746
42040956.148414865
42044506.59334893
42048057.33812542
42051608.3827696
42055159.727306776
42058711.37176228
42062263.31616144
42065815.56052959
42069368.10489196
42072920.949274085
42076474.09370119
42080027.538198635
42083581.28279175
42087135.3275058
42090689.672366284
42094244.31739849
42097799.26262775
42101354.50807943
42104910.05377887
42108465.89975144
42112022.0460224
42115578.492617294
42119135.23956139
42122692.28688006
42126249.634598665
42129807.28274249
42133365.231337085
42136923.48040773
42140482.02997981
42144040.88007869
42147600.030729756
42151159.4819584
42154719.2337899
42158279.28624983
42161839.63936349
42165400.29315627
42168961.24765357
42172522.50288068
42176084.05886318
42179645.91562639
42183208.0731957
42186770.53159653
42190333.29085426
42193896.350994326
42197459.71204203
42201023.374022976
42204587.33696248
42208151.60088596
42211716.165818825
42215281.031786434
42218846.19881436
42222411.666927956
42225977.43615264
42229543.50651384
42233109.878037
42236676.55074754
42240243.524670824
42243810.799832456
42247378.376257785
42250946.253972255
42254514.43300132
42258082.91337032
42261651.6951049
42265220.77823041
42268790.162772305
42272359.84875604
42275929.83620708
42279500.125150874
42283070.71561281
42286641.60761851
42290212.801193364
42293784.29636283
42297356.09315239
42300928.191587426
42304500.59169359
42308073.29349625
42311646.29702092
42315219.60229305
42318793.20933814
42322367.118181676
42325941.32884905
42329515.841365926
42333090.65575771
42336665.772049904
42340241.190267995
42343816.9104374
42347392.932583794
42350969.25673258
42354545.88290928
42358122.81113939
42361700.04144842
42365277.57386189
42368855.408405215
42372433.54510409
42376011.98398394
42379590.7250703
42383169.768388666
42386749.113964505
42390328.7618235
42393908.71199109
42397488.96449281
42401069.519354194
42404650.37660078
42408231.5362581
42411812.99835161
42415394.76290702
42418976.829949796
42422559.19950547
42426141.8715996
42429724.84625765
42433308.12350534
42436891.703368135
42440475.5858716
42444059.77104128
42447644.25890276
42451229.04948158
42454814.14280323
42458399.53889345
42461985.23777771
42465571.2394816
42469157.54403069
42472744.151450455
42476331.06176666
42479918.2750048
42483505.79119044
42487093.610349186
42490681.73250661
42494270.157688305
42497858.88591978
42501447.9172268
42505037.251634866
42508626.88916959
42512216.82985656
42515807.07372129
42519397.62078956
42522988.4710869
42526579.6246389
42530171.08147118
42533762.84160935
42537354.90507904
42540947.27190576
42544539.94211531
42548132.91573322
42551726.19278512
42555319.77329663
42558913.657293305
42562507.844800934
42566102.33584506
42569697.13045133
42573292.22864538
42576887.630452834
42580483.33589934
42584079.34501046
42587675.65781201
42591272.27432954
42594869.19458871
42598466.41861518
42602063.9464345
42605661.778072596
42609259.91355477
42612858.35290696
42616457.09615472
42620056.14332373
42623655.49443965
42627255.149528064
42630855.10861482
42634455.37172549
42638055.93888577
42641656.81012133
42645257.985457756
42648859.464921
42652461.248536386
42656063.33632988
42659665.72832706
42663268.42455364
42666871.4250353
42670474.72979765
42674078.338866554
42677682.25226764
42681286.4700266
42684890.992169134
42688495.81872087
42692100.94970777
42695706.3851552
42699312.12508913
42702918.1695352
42706524.5185191
42710131.17206658
42713738.13020325
42717345.39295501
42720952.96034752
42724560.83240648
42728169.009157635
42731777.49062663
42735386.27683946
42738995.3678215
42742604.76359876
42746214.4641969
42749824.469641656
42753434.77995877
42757045.3951739
42760656.31531298
42764267.54040167
42767879.070465714
42771490.90553088
42775103.04562283
42778715.4907676
42782328.24099059
42785941.29631783
42789554.656775
42793168.32238787
42796782.2931822
42800396.56918369
42804011.15041829
42807626.03691168
42811241.22868965
42814856.725777976
42818472.52820235
42822088.63598883
42825705.04916285
42829321.767750464
42832938.79177738
42836556.12126939
42840173.75625229
42843791.696751796
42847409.942793876
42851028.49440426
42854647.35160874
42858266.51443313
42861885.98290315
42865505.75704488
42869125.83688379
42872746.22244594
42876366.91375708
42879987.91084302
42883609.21372959
42887230.822442524
42890852.73700783
42894474.95745124
42898097.48379859
42901720.31607572
42905343.454308376
42908966.89852266
42912590.64874406
42916214.70499869
42919839.067312285
42923463.73571072
42927088.71021982
42930713.99086537
42934339.57767339
42937965.47066965
42941591.66988
42945218.17533032
42948844.98704636
42952472.10505427
42956099.52937955
42959727.26004834
42963355.29708642
42966983.64051966
42970612.29037395
42974241.246675074
42977870.50944908
42981500.07872177
42985129.95451902
42988760.136866726
42992390.625790685
42996021.421317056
42999652.52347138
43003283.9322798
43006915.64776815
43010547.66996231
43014179.998888195
43017812.63457162
43021445.57703866
43025078.826315135
43028712.38242696
43032346.245400056
43035980.41526023
43039614.89203369
43043249.67574598
43046884.76642329
43050520.16409147
43054155.868776426
43057791.8805041
43061428.199300334
43065064.82519123
43068701.75820264
43072338.9983605
43075976.54569074
43079614.400219224
43083252.56197216
43086891.03097514
43090529.807254374
43094168.890835725
43097808.281745136
43101447.98000858
43105087.98565191
43108728.29870127
43112368.91918253
43116009.847121656
43119651.08254461
43123292.62547727
43126934.47594587
43130576.633976035
43134219.099594
43137861.87282565
43141504.95369697
43145148.34223394
43148792.03846245
43152436.04240867
43156080.35409849
43159724.973557904
43163369.9008129
43167015.13588948
43170660.67881364
43174306.529611275
43177952.688308574
43181599.15493145
43185245.92950591
43188893.01205796
43192540.40261352
43196188.10119878
43199836.10783966
43203484.422562174
43207133.04539235
43210781.97635621
43214431.21547976
43218080.76278896
43221730.61830999
43225380.782068804
43229031.254091434
43232682.034403905
43236333.123032175
43239984.52000245
43243636.22534069
43247288.23907292
43250940.561225206
43254593.19182358
43258246.1308941
43261899.378462724
43265552.93455568
43269206.79919894
43272860.97241856
43276515.454240605
43280170.24469104
43283825.34379611
43287480.75158179
43291136.46807415
43294792.49329927
43298448.82728321
43302105.47005205
43305762.42163178
43309419.682048656
43313077.25132868
43316735.129497916
43320393.31658247
43324051.81260833
43327710.61760177
43331369.731588796
43335029.154595494
43338688.88664797
43342348.92777232
43346009.27799465
43349669.93734096
43353330.90583756
43356992.183510445
43360653.770385735
43364315.66648955
43367977.871847905
43371640.3864871
43375303.21043316
43378966.34371222
43382629.78635039
43386293.538373806
43389957.59980859
43393621.97068078
43397286.65101669
43400951.64084237
43404616.94018396
43408282.54906759
43411948.46751931
43415614.695565455
43419281.23323207
43422948.08054531
43426615.23753133
43430282.704216264
43433950.480626285
43437618.56678745
43441286.9627261
43444955.66846831
43448624.68404024
43452294.009468056
43455963.64477784
43459633.589995936
43463303.84514843
43466974.4102615
43470645.28536131
43474316.47047406
43477987.96562591
43481659.77084296
43485331.88615159
43489004.31157787
43492677.04714802
43496350.09288821
43500023.448824555
43503697.11498343
43507371.091390945
43511045.3780733
43514719.97505669
43518394.88236734
43522070.10003144
43525745.628075115
43529421.466524765
43533097.6154065
43536774.07474655
43540450.84457112
43544127.92490636
43547805.31577866
43551483.01721416
43555161.02923907
43558839.35187966
43562517.98516212
43566196.9291127
43569876.183757566
43573555.749123104
43577235.62523549
43580915.81212095
43584596.30980574
43588277.118316025
43591958.237678215
43595639.66791848
43599321.40906308
43603003.46113826
43606685.8241703
43610368.49818543
43614051.483209856
43617734.77927
43621418.38639205
43625102.30460227
43628786.53392694
43632471.07439224
43636155.92602462
43639841.08885028
43643526.56289549
43647212.348186545
43650898.44474972
43654584.8526113
43658271.571797505
43661958.60233478
43665645.944249354
43669333.597567506
43673021.562315546
43676709.83851968
43680398.42620638
43684087.32540188
43687776.53613248
43691466.05842449
43695155.89230421
43698846.03779798
43702536.494932
43706227.26373279
43709918.34422657
43713609.73643966
43717301.440398395
43720993.45612901
43724685.783658095
43728378.42301164
43732071.37421623
43735764.637298115
43739458.21228365
43743152.09919916
43746846.2980709
43750540.808925405
43754235.63178892
43757930.7666878
43761626.2136484
43765321.97269698
43769018.043860175
43772714.427163966
43776411.12263501
43780108.13029955
43783805.45018397
43787503.08231464
43791201.02671783
43794899.28342009
43798597.85244772
43802296.733827084
43805995.92758456
43809695.43374645
43813395.25233939
43817095.38338942
43820795.82692319
43824496.582967006
43828197.65154726
43831899.03269034
43835600.726422556
43839302.73277048
43843005.051760435
43846707.68341882
43850410.62777204
43854113.884846404
43857817.45466861
43861521.337264694
43865225.53266135
43868930.0408849
43872634.86196176
43876339.995918356
43880045.44278102
43883751.20257637
43887457.27533072
43891163.66107051
43894870.359822184
43898577.37161207
43902284.696466886
43905992.3344127
43909700.28547623
43913408.54968383
43917117.12706195
43920826.01763703
43924535.22143543
43928244.73848379
43931954.56880846
43935664.712435916
43939375.1693926
43943085.939704895
43946797.023399524
43950508.42050261
43954220.13104087
43957932.1550407
43961644.492528565
43965357.14353094
43969070.10807422
43972783.38618505
43976496.977889836
43980210.88321505
43983925.10218718
43987639.63483263
43991354.48117816
43995069.641249895
43998785.115074605
44002500.9026787
44006217.00408867
44009933.41933102
44013650.14843217
44017367.19141881
44021084.54831734
44024802.21915429
44028520.20395616
44032238.502749376
44035957.115560725
44039676.04241638
44043395.283343114
44047114.83836737
44050834.70751567
44054554.89081455
44058275.38829045
44061996.199970074
44065717.32587987
44069438.76604638
44073160.520496145
44076882.589255616
44080604.972351596
44084327.66981028
44088050.68165849
44091774.00792269
44095497.64862941
44099221.60380523
44102945.87347661
44106670.45767029
44110395.35641274
44114120.56973052
44117846.0976502
44121571.940198265
44125298.09740156
44129024.56928628
44132751.35587928
44136478.45720705
44140205.873296164
44143933.60417321
44147661.64986469
44151390.01039735
44155118.685797706
44158847.67609234
44162576.98130786
44166306.601470746
44170036.53660789
44173766.78674552
44177497.35191051
44181228.23212938
44184959.42742873
44188690.93783517
44192422.76337523
44196154.90407569
44199887.35996309
44203620.131064035
44207353.217405155
44211086.61901298
44214820.33591441
44218554.3681357
44222288.71570376
44226023.37864512
44229758.35698643
44233493.65075432
44237229.25997533
44240965.18467629
44244701.424883746
44248437.980624355
44252174.85192475
44255912.0388115
44259649.541311525
44263387.359451115
44267125.493257195
44270863.94275635
44274602.70797522
44278341.78894048
44282081.185678706
44285820.89821674
44289560.92658117
44293301.27079865
44297041.93089588
44300782.90689952
44304524.19883625
44308265.80673267
44312007.73061563
44315749.970511734
44319492.526447676
44323235.398450136
44326978.58654571
44330722.0907613
44334465.911123484
44338210.04765898
44341954.50039447
44345699.26935668
44349444.3545723
44353189.75606796
44356935.473870546
44360681.50800668
44364427.858503066
44368174.52538644
44371921.50868342
44375668.80842091
44379416.42462555
44383164.357324064
44386912.60654317
44390661.17230961
44394410.05465011
44398159.25359133
44401908.76916017
44405658.601383284
44409408.75028741
44413159.21589932
44416909.998245634
44420661.0973533
44424412.51324897
44428164.245959416
44431916.29551137
44435668.661931604
44439421.345246874
44443174.345483854
44446927.662669495
44450681.29683046
44454435.24799352
44458189.51618546
44461944.10143295
44465699.00376295
44469454.22320216
44473209.759777345
44476965.61351529
44480721.78444278
44484478.272586614
44488235.07797348
44491992.20063035
44495749.64058393
44499507.397861026
44503265.47248842
44507023.864492826
44510782.57390124
44514541.600740366
44518300.945037015
44522060.606818
44525820.58611013
44529580.88294022
44533341.49733499
44537102.429321446
44540863.67892632
44544625.24617644
44548387.13109861
44552149.333719596
44555911.8540664
44559674.692165755
44563437.8480445
44567201.321729474
44570965.11324752
44574729.22262547
44578493.649890095
44582258.3950684
44586023.458187155
44589788.83927321
44593554.53835341
44597320.55545454
44601086.89060362
44604853.54382742
44608620.51515281
44612387.804606654
44616155.412215814
44619923.33800716
44623691.58200747
44627460.14424381
44631229.024742946
44634998.22353177
44638767.74063716
44642537.57608591
44646307.72990508
44650078.20212147
44653848.99276196
44657620.10185346
44661391.52942286
44665163.275497034
44668935.340102814
44672707.72326727
44676480.42501722
44680253.44537957
44684026.784381226
44687800.442049
44691574.41840999
44695348.71349102
44699123.32731902
44702898.25992088
44706673.51132355
44710449.081553936
44714224.97063887
44718001.178605475
44721777.70548058
44725554.55129113
44729331.71606405
44733109.19982619
44736887.002604656
44740665.12442632
44744443.56531812
44748222.325307
44752001.4044199
44755780.802683786
44759560.52012551
44763340.5567722
44767120.91265075
44770901.5877881
44774682.58221121
44778463.89594697
44782245.52902251
44786027.48146472
44789809.75330056
44793592.34455702
44797375.25526106
44801158.485439666
44804942.03511973
44808725.904328406
44812510.0930926
44816294.60143928
44820079.42939546
44823864.57698803
44827650.044244155
44831435.83119076
44835221.937854834
44839008.36426337
44842795.11044338
44846582.17642187
44850369.56222576
44854157.26788223
44857945.29341821
44861733.63886071
44865522.304236755
44869311.28957326
44873100.59489753
44876890.22023622
44880680.16561663
44884470.4310657
44888261.01661046
44892051.922277935
44895843.14809507
44899634.69408909
44903426.56028695
44907218.74671568
44911011.25340233
44914804.080373846
44918597.227657564
44922390.695280164
44926184.48326897
44929978.591650955
44933773.02045316
44937567.769702666
44941362.839426436
44945158.22965171
44948953.94040547
44952749.97171479
44956546.32360673
44960342.99610828
44964139.989246786
44967937.30304897
44971734.93754218
44975532.8927534
44979331.16870973
44983129.76543825
44986928.682965964
44990727.92132014
44994527.48052778
44998327.36061599
45002127.56161186
45005928.08354241
45009728.92643501
45013530.09031639
45017331.575213954
45021133.38115471
45024935.50816577
45028737.95627425
45032540.72550718
45036343.815891854
45040147.22745531
45043950.96022467
45047755.01422706
45051559.389489524
45055364.086039454
45059169.10390363
45062974.44310945
45066780.10368397
45070586.085654326
45074392.38904767
45078199.013891034
45082005.96021177
45085813.228036925
45089620.81739365
45093428.72830911
45097236.960810356
45101045.51492483
45104854.39067932
45108663.588101275
45112473.10721775
45116282.94805593
45120093.110642985
45123903.59500598
45127714.40117229
45131525.52916899
45135336.97902326
45139148.75076229
45142960.84441316
45146773.26000334
45150585.99755965
45154399.05710956
45158212.43868016
45162026.14229865
45165840.167992234
45169654.51578801
45173469.18571337
45177284.177795425
45181099.492061384
45184915.12853846
45188731.08725376
45192547.368234776
45196363.97150837
45200180.89710202
45203998.14504287
45207815.71535812
45211633.60807502
45215451.82322069
45219270.36082256
45223089.22090775
45226908.4035035
45230727.908637054
45234547.73633555
45238367.88662652
45242188.35953683
45246009.15509399
45249830.273325175
45253651.71425763
45257473.477918595
45261295.56433526
45265117.97353504
45268940.70554511
45272763.76039274
45276587.13810519
45280410.83870964
45284234.86223362
45288059.20870405
45291883.87814846
45295708.870594054
45299534.1860681
45303359.82459788
45307185.78621058
45311012.070933685
45314838.67879437
45318665.609819934
45322492.86403767
45326320.44147478
45330148.34215884
45333976.566116765
45337805.113376155
45341633.983964205
45345463.17790823
45349292.69523552
45353122.53597332
45356952.700149104
45360783.18779012
45364613.99892365
45368445.13357705
45372276.591777526
45376108.37355269
45379940.4789295
45383772.907935545
45387605.660598084
45391438.736944444
45395272.137001954
45399105.86079787
45402939.90835971
45406774.279714726
45410608.97489027
45414443.99391367
45418279.33681221
45422115.0036135
45425950.99434453
45429787.30903293
45433623.94770598
45437460.910391025
45441298.197115436
45445135.80790648
45448973.74279172
45452812.00179843
45456650.58495398
45460489.49228575
45464328.72382111
45468168.27958745
45472008.159612045
45475848.36392248
45479688.892546035
45483529.74551011
45487370.922842085
45491212.42456928
45495054.25071926
45498896.401319325
45502738.876396894
45506581.67597935
45510424.80009413
45514268.248768605
45518112.02203011
45521956.11990624
45525800.54242431
45529645.28961175
45533490.36149597
45537335.7581043
45541181.47946435
45545027.52560346
45548873.896549046
45552720.59232854
45556567.61296938
45560414.958499
45564262.62894475
45568110.624334246
45571958.94469484
45575807.590053976
45579656.56043911
45583505.855877586
45587355.476397045
45591205.42202485
45595055.69278846
45598906.288715325
45602757.20983291
45606608.45616868
45610460.02775
45614311.924604535
45618164.14675966
45622016.694242835
45625869.56708155
45629722.76530317
45633576.288935386
45637430.13800556
45641284.3125412
45645138.812569775
45648993.63811878
45652848.78921571
45656704.26588795
45660560.0681632
45664416.19606886
45668272.649632424
45672129.42888139
45675986.53384319
45679843.964545496
45683701.72101574
45687559.80328141
45691418.21137005
45695276.94530916
45699136.00512627
45702995.390848786
45706855.10250444
45710715.140120655
45714575.50372496
45718436.19334488
45722297.20900787
45726158.550741635
45730020.21857363
45733882.21253139
45737744.53264245
45741607.178934366
45745470.151434675
45749333.450170845
45753197.07517061
45757061.026461415
45760925.30407083
45764789.90802642
45768654.83835564
45772520.09508624
45776385.67824569
45780251.587861575
45784117.823961444
45787984.38657288
45791851.27572346
45795718.491440654
45799586.03375224
45803453.90268571
45807322.098268636
45811190.6205286
45815059.46949312
45818928.645189956
45822798.147646606
45826667.976890676
45830538.13294976
45834408.615851454
45838279.425623365
45842150.56229301
45846022.02588817
45849893.816436365
45853765.93396521
45857638.378502324
45861511.15007522
45865384.248711705
45869257.67443932
45873131.42728567
45877005.50727839
45880879.91444511
45884754.64881346
45888629.710410975
45892505.09926548
45896380.81540452
45900256.85885573
45904133.22964676
45908009.92780515
45911886.95335875
45915764.3063351
45919641.98676185
45923519.99466668
45927398.330077216
45931276.99302113
45935155.98352599
45939035.30161964
45942914.947329655
45946794.92068371
45950675.22170947
45954555.850434504
45958436.80688669
45962318.0910936
45966199.70308292
45970081.64288233
45973963.91051952
45977846.50602216
45981729.42941786
45985612.68073451
45989496.25999968
45993380.16724108
45997264.402486406
46001148.96576328
46005033.85709957
46008919.0765229
46012804.62406097
46016690.49974151
46020576.7035922
46024463.23564079
46028350.09591488
46032237.28444237
46036124.80125091
46040012.64636821
46043900.81982201
46047789.32163993
46051678.151849985
46055567.31047954
46059456.79755661
46063346.61310883
46067236.75716395
46071127.22974972
46075018.030893765
46078909.16062405
46082800.61896821
46086692.40595401
46090584.5216092
46094476.96596144
46098369.73903877
46102262.840868585
46106156.27147893
46110050.03089746
46113944.11915196
46117838.536270194
46121733.28227985
46125628.35720888
46129523.761084974
46133419.49393591
46137315.55578947
46141211.94667335
46145108.66661562
46149005.71564368
46152903.09378562
46156800.80106913
46160698.837522015
46164597.20317207
46168495.898047
46172394.922174804
46176294.275583185
46180193.95829995
46184093.970352925
46187994.31176981
46191894.98257872
46195795.98280708
46199697.312483005
46203598.97163422
46207500.96028855
46211403.27847382
46215305.926217765
46219208.903548405
46223112.21049348
46227015.84708084
46230919.8133383
46234824.10929363
46238728.73497494
46242633.69040971
46246538.97562606
46250444.59065176
46254350.53551465
46258256.81024259
46262163.41486335
46266070.34940497
46269977.61389522
46273885.20836197
46277793.132833086
46281701.387336336
46285609.97189988
46289518.886551216
46293428.1313185
46297337.70622952
46301247.61131216
46305157.8465943
46309068.41210372
46312979.30786852
46316890.53391648
46320802.0902755
46324713.976973474
46328626.194038205
46332538.741497874
46336451.61938001
46340364.8277128
46344278.366524056
46348192.235841684
46352106.43569361
46356020.96610763
46359935.82711187
46363851.01873414
46367766.54100238
46371682.3939445
46375598.577588335
46379515.09196209
46383431.937093325
46387349.113010265
46391266.61974073
46395184.45731268
46399102.625754036
46403021.125092655
46406939.95535668
46410859.116573945
46414778.60877242
46418698.431980036
46422618.58622467
46426539.07153455
46430459.88793726
46434381.03546106
46438302.5141338
46442224.32398345
46446146.46503799
46450068.937325284
46453991.7408735
46457914.87571051
46461838.34186431
46465762.139362864
46469686.26823407
46473610.72850619
46477535.52020684
46481460.64336429
46485386.09800643
46489311.88416127
46493238.0018568
46497164.45112091
46501091.231981814
46505018.34446742
46508945.78860571
46512873.56442472
46516801.67195235
46520730.11121691
46524658.882246025
46528587.985068
46532517.41971077
46536447.18620235
46540377.28457076
46544307.71484394
46548238.47705012
46552169.57121722
46556100.99737328
46560032.75554634
46563964.84576435
46567897.26805562
46571830.022447824
46575763.10896929
46579696.52764799
46583630.27851196
46587564.361589245
46591498.77690782
46595433.52449593
46599368.60438154
46603304.01659271
46607239.76115752
46611175.83810392
46615112.24746028
46619048.989254296
46622986.06351432
46626923.47026833
46630861.20954442
46634799.28137066
46638737.68577505
46642676.422785856
46646615.49243108
46650554.89473881
46654494.62973714
46658434.69745417
46662375.097918
46666315.83115662
46670256.89719834
46674198.29607117
46678140.02780321
46682082.09242258
46686024.489957295
46689967.220435664
46693910.283885695
46697853.68033552
46701797.40981326
46705741.47234704
46709685.86796499
46713630.59669513
46717575.658565804
46721521.05360504
46725466.78184097
46729412.84330174
46733359.238015406
46737305.96601028
46741253.027314425
46745200.42195599
46749148.149963126
46753096.211363986
46757044.606186725
46760993.3344594
46764942.39621037
46768891.79146771
46772841.52025957
46776791.582614124
46780741.97855944
46784692.7081239
46788643.771335565
46792595.16822261
46796546.89881323
46800498.96313561
46804451.36121791
46808404.09308824
46812357.15877497
46816310.55830621
46820264.291710146
46824218.359014966
46828172.76024878
46832127.495439984
46836082.56461669
46840037.967807084
46843993.70503939
46847949.77634182
46851906.18174258
46855862.92126978
46859819.99495185
46863777.40281691
46867735.14489317
46871693.22120886
46875651.63179212
46879610.37667136
46883569.455874726
46887528.869430445
46891488.61736675
46895448.69971189
46899409.116494104
46903369.86774154
46907330.95348263
46911292.37374554
46915254.1285585
46919216.217949785
46923178.64194754
46927141.40058023
46931104.493875995
46935067.921863124
46939031.68456987
46942995.7820245
46946960.214255296
46950924.981290415
46954890.083158344
46958855.519887246
46962821.29150541
46966787.39804112
46970753.83952256
46974720.61597821
46978687.72743627
46982655.17392502
46986622.95547276
46990591.07210779
46994559.5238584
46998528.3107528
47002497.432819486
47006466.89008667
47010436.68258266
47014406.81033576
47018377.27337419
47022348.071726464
47026319.2054208
47030290.67448551
47034262.478948936
47038234.61883938
47042207.09418519
47046179.90501459
47050153.0513561
47054126.533237964
47058100.350688525
47062074.50373611
47066048.992408976
47070023.81673565
47073998.97674439
47077974.47246354
47081950.30392145
47085926.47114649
47089902.97416699
47093879.81301124
47097856.987707764
47101834.498284854
47105812.34477086
47109790.527194165
47113769.04558303
47117747.899966024
47121727.09037143
47125706.61682763
47129686.47936299
47133666.6780059
47137647.212784745
47141628.083727814
47145609.2908637
47149590.834220685
47153572.71382717
47157554.92971155
47161537.48190213
47165520.370427504
47169503.59531598
47173487.15659596
47177471.05429585
47181455.28844408
47185439.85906905
47189424.76619908
47193410.00986279
47197395.59008849
47201381.50690461
47205367.76033957
47209354.35042172
47213341.277179666
47217328.540641755
47221316.14083641
47225304.077792086
47229292.351537205
47233280.96210022
47237269.90950948
47241259.193793625
47245248.814981006
47249238.77310007
47253229.06817928
47257219.70024699
47261210.66933196
47265201.97546225
47269193.61866663
47273185.59897345
47277177.9164112
47281170.57100834
47285163.56279325
47289156.89179459
47293150.55804076
47297144.561560236
47301138.90238149
47305133.58053292
47309128.5960433
47313123.94894074
47317119.63925402
47321115.66701154
47325112.03224179
47329108.73497328
47333105.775234416
47337103.15305389
47341100.86846011
47345098.9214816
47349097.312146865
47353096.04048432
47357095.10652277
47361094.510290354
47365094.251815885
47369094.331127785
47373094.74825458
47377095.503224805
47381096.5960669
47385098.02680957
47389099.79548128
47393101.90211056
47397104.34672594
47401107.129355885
47405110.25002922
47409113.70877411
47413117.50561939
47417121.64059353
47421126.11372507
47425130.92504258
47429136.074574515
47433141.56234964
47437147.38839642
47441153.55274342
47445160.05541921
47449166.89645227
47453174.07587146
47457181.593704976
47461189.44998168
47465197.644730076
47469206.177978724
47473215.04975623
47477224.260091074
47481233.80901205
47485243.69654765
47489253.922726475
47493264.48757712
47497275.39112809
47501286.633408286
47505298.21444592
47509310.13426989
47513322.39290872
47517334.990391016
47521347.9267454
47525361.20200038
47529374.81618478
47533388.769327134
47537403.061456054
47541417.692600176
47545432.66278803
47549447.97204854
47553463.62040996
47557479.607901216
47561495.93455084
47565512.600387484
47569529.6054398
47573546.94973632
47577564.63330591
47581582.6561771
47585601.01837857
47589619.71993897
47593638.76088685
47597658.14125117
47601677.86106022
47605697.92034293
47609718.319127895
47613739.057443775
47617760.135319255
47621781.55278291
47625803.309863605
47629825.40658993
47633847.84299057
47637870.619094215
47641893.73492945
47645917.190525256
47649940.985909946
47653965.121112496
47657989.596161515
47662014.41108571
47666039.56591377
47670065.06067431
47674090.89539623
47678117.07010815
47682143.58483878
47686170.43961683
47690197.634470925
47694225.16943008
47698253.04452262
47702281.25977757
47706309.81522355
47710338.7108893
47714367.94680355
47718397.522994936
47722427.43949238
47726457.69632455
47730488.29352016
47734519.23110797
47738550.50911663
47742582.12757517
47746614.08651196
47750646.38595605
47754679.02593609
47758712.00648084
47762745.327619076
47766778.98937944
47770812.99179092
47774847.33488217
47778882.01868196
47782917.043219075
47786952.40852218
47790988.11462036
47795024.16154199
47799060.54931616
47803097.27797155
47807134.34753695
47811171.75804115
47815209.50951285
47819247.60198104
47823286.03547441
47827324.81002177
47831363.92565192
47835403.382393666
47839443.18027582
47843483.319327086
47847523.79957647
47851564.6210527
47855605.78378458
47859647.28780095
47863689.13313051
47867731.31980231
47871773.84784504
47875816.71728756
47879859.92815869
47883903.48048727
47887947.374302134
47891991.60963202
47896036.18650597
47900081.10495274
47904126.36500115
47908171.96668007
47912217.91001824
47916264.195044726
47920310.82178828
47924357.79027775
47928405.10054201
47932452.75260992
47936500.74651034
47940549.08227205
47944597.759924114
47948646.77949531
47952696.1410145
47956745.84451058
47960795.89001232
47964846.2775488
47968897.00714881
47972948.07884125
47976999.49265499
47981051.24861893
47985103.34676197
47989155.787112914
47993208.56970085
47997261.69455458
48001315.16170301
48005368.97117506
48009423.12299953
48013477.61720552
48017532.453821875
48021587.632877484
48025643.15440128
48029699.01842219
48033755.22496912
48037811.77407091
48041868.665756695
48045925.9000553
48049983.47699565
48054041.3966067
48058099.65891727
48062158.263956524
48066217.21175329
48070276.50233651
48074336.13573515
48078396.11197815
48082456.43109447
48086517.09311296
48090578.09806278
48094639.4459728
48098701.13687198
48102763.17078928
48106825.547753565
48110888.26779402
48114951.33093951
48119014.737219006
48123078.4866615
48127142.57929596
48131207.01515138
48135271.79425664
48139336.91664093
48143402.38233313
48147468.19136225
48151534.34375728
48155600.83954711
48159667.678760946
48163734.861427695
48167802.38757636
48171870.25723594
48175938.470435455
48180007.02720391
48184075.92757023
48188145.17156363
48192214.75921302
48196284.69054744
48200354.9655959
48204425.58438733
48208496.546950966
48212567.85331573
48216639.50351068
48220711.497564815
48224783.83550721
48228856.517366886
48232929.54317279
48237002.91295418
48241076.62674
48245150.6845593
48249225.08644113
48253299.832414456
48257374.92250854
48261450.35675232
48265526.13517489
48269602.2578053
48273678.72467262
48277755.535805926
48281832.691234194
48285910.19098669
48289988.0350924
48294066.223580405
48298144.75647979
48302223.63381954
48306302.855628945
48310382.42193699
48314462.33277278
48318542.588165395
48322623.188143946
48326704.13273753
48330785.42197516
48334867.05588613
48338949.034499444
48343031.357844226
48347114.02594958
48351197.038844526
48355280.39655838
48359364.09912017
48363448.146559015
48367532.53890403
48371617.27618436
48375702.35842912
48379787.78566735
48383873.55792839
48387959.67524128
48392046.13763514
48396132.94513913
48400220.0977823
48404307.59559399
48408395.438603245
48412483.62683922
48416572.16033108
48420661.03910796
48424750.26319905
48428839.8326334
48432929.74744036
48437020.00764902
48441110.61328854
48445201.56438808
48449292.86097674
48453384.50308388
48457476.490738586
48461568.823970035
48465661.502807416
48469754.52727991
48473847.897416726
48477941.61324693
48482035.674799934
48486130.082104824
48490224.83519081
48494319.93408708
48498415.37882276
48502511.169427335
48506607.30592962
48510703.78835914
48514800.616744995
48518897.79111641
48522995.3115026
48527093.17793268
48531191.39043608
48535289.94904193
48539388.853779465
48543488.1046779
48547587.70176638
48551687.645074435
48555787.93463091
48559888.57046534
48563989.55260688
48568090.88108477
48572192.55592825
48576294.57716648
48580396.94482892
48584499.65894472
48588602.71954313
48592706.126653425
48596809.88030476
48600913.9805267
48605018.42734812
48609123.2207986
48613228.36090729
48617333.84770348
48621439.68121645
48625545.86147537
48629652.388509735
48633759.26234873
48637866.48302163
48641974.05055775
48646081.96498626
48650190.22633677
48654298.83463817
48658407.78992006
48662517.092211656
48666626.74154225
48670736.73794115
48674847.08143759
48678957.77206105
48683068.80984076
48687180.19480604
48691291.92698621
48695404.006410494
48699516.433108516
48703629.2071092
48707742.328442186
48711855.797136694
48715969.61322207
48720083.77672765
48724198.28768266
48728313.14611667
48732428.3520589
48736543.905538715
48740659.80658545
48744776.05522838
48748892.65149714
48753009.595420696
48757126.8870287
48761244.52635042
48765362.51341523
48769480.84825249
48773599.53089147
48777718.56136174
48781837.93969257
48785957.66591336
48790077.74005347
48794198.16214218
48798318.932209186
48802440.05028348
48806561.516394734
48810683.330572255
48814805.49284543
48818928.00324366
48823050.86179625
48827174.068532795
48831297.6234826
48835421.526675075
48839545.77813963
48843670.37790558
48847795.32600263
48851920.6224598
48856046.26730682
48860172.260573
48864298.60228777
48868425.29248056
48872552.3311807
48876679.718417816
48880807.45422124
48884935.53862042
48889063.97164479
48893192.7533237
48897321.88368688
48901451.36276338
48905581.19058296
48909711.36717496
48913841.89256885
48917972.76679407
48922103.98987999
48926235.56185626
48930367.48275226
48934499.75259746
48938632.37142131
48942765.339253195
48946898.65612288
48951032.32205945
48955166.33709269
48959300.70125197
48963435.41456678
48967570.47706661
48971705.88878083
48975841.64973916
48979977.75997098
48984114.21950579
48988251.028373085
48992388.18660227
48996525.69422315
49000663.55126483
49004801.75775712
49008940.31372943
49013079.21921128
49017218.47423218
49021358.078821555
49025498.03300912
49029638.336824305
49033778.99029664
49037919.99345565
49042061.346330754
49046203.04895181
49050345.10134794
49054487.50354899
49058630.25558439
49062773.35748369
49066916.80927645
49071060.610992104
49075204.76266041
49079349.264310814
49083494.115972884
49087639.31767617
49091784.86945024
49095930.771324664
49100077.02332889
49104223.6254927
49108370.577845566
49112517.880417064
49116665.53323676
49120813.53633414
49124961.889738984
49129110.59348078
49133259.64758912
49137409.05209357
49141558.80702375
49145708.91240923
49149859.368279524
49154010.17466442
49158161.33159344
49162312.83909616
49166464.6972022
49170616.90594107
49174769.46534258
49178922.37543625
49183075.63625168
49187229.24781851
49191383.21016635
49195537.523324825
49199692.18732346
49203847.20219209
49208002.56796025
49212158.28465756
49216314.35231367
49220470.7709581
49224627.54062072
49228784.66133106
49232942.133118756
49237099.95601348
49241258.13004486
49245416.65524257
49249575.531636156
49253734.75925548
49257894.338130094
49262054.268289685
49266214.549763896
49270375.18258231
49274536.166774794
49278697.50237093
49282859.18940038
49287021.22789284
49291183.617877975
49295346.35938548
49299509.45244494
49303672.89708624
49307836.69333898
49312000.84123285
49316165.34079754
49320330.19206267
49324495.39505811
49328660.94981349
49332826.85635851
49336993.11472288
49341159.72493631
49345326.68702851
49349494.001029104
49353661.666968
49357829.68487484
49361998.054779336
49366166.77671121
49370335.8507001
49374505.27677594
49378675.05496836
49382845.185307086
49387015.66782188
49391186.50254246
49395357.68949859
49399529.22871991
49403701.12023637
49407873.36407762
49412045.960273415
49416218.908853516
49420392.20984757
49424565.86328556
49428739.86919713
49432914.22761206
49437088.93856012
49441264.002071075
49445439.41817471
49449615.18690068
49453791.308278985
49457967.782339305
49462144.60911142
49466321.78862512
49470499.320910096
49474677.205996335
49478855.443913534
49483034.03469149
49487212.978360005
49491392.27494888
49495571.92448792
49499751.927006826
49503932.28253562
49508112.99110401
49512294.0527418
49516475.467478834
49520657.2353448
49524839.35636974
49529021.83058338
49533204.658015534
49537387.83869604
49541571.372654736
49545755.25992145
49549939.500525914
49554124.09449818
49558309.04186799
49562494.34266517
49566679.9969196
49570866.004661
49575052.36591944
49579239.08072468
49583426.149106555
49587613.571094945
49591801.346719705
49595989.4760107
49600177.958997704
49604366.79571078
49608555.98617971
49612745.530434355
49616935.4285046
49621125.680420235
49625316.28621133
49629507.24590767
49633698.55953916
49637890.22713567
49642082.248727106
49646274.62434336
49650467.354014225
49654660.43776981
49658853.87563991
49663047.66765444
49667241.813843295
49671436.3142363
49675631.168863565
49679826.3777549
49684021.94094022
49688217.85844947
49692414.13031254
49696610.75655938
49700807.7372198
49705005.07232395
49709202.76190165
49713400.80598284
49717599.20459746
49721797.957775354
49725997.06554676
49730196.52794122
49734396.344988994
49738596.51671992
49742797.04316397
49746997.92435109
49751199.16031113
49755400.75107426
49759602.69667035
49763804.99712936
49768007.65248125
49772210.66275591
49776414.0279836
49780617.7481939
49784821.82341709
49789026.25368305
49793231.03902177
49797436.17946323
49801641.67503732
49805847.52577423
49810053.73170386
49814260.29285621
49818467.20926127
49822674.48094894
49826882.10794953
49831090.09029265
49835298.4280086
49839507.1211273
49843716.16967876
49847925.57369301
49852135.33319995
49856345.448229805
49860555.91881251
49864766.74497809
49868977.926756576
49873189.46417789
49877401.35727238
49881613.60606967
49885826.21060011
49890039.17089363
49894252.4869803
49898466.158890136
49902680.18665311
49906894.57029946
49911109.30985916
49915324.40536225
49919539.8568388
49923755.66431876
49927971.82783252
49932188.347409725
49936405.22308075
49940622.45487557
49944840.04282426
49949057.98695691
49953276.28730348
49957494.94389426
49961713.95675924
49965933.3259285
49970153.05143215
49974373.133300155
49978593.57156294
49982814.36625018
49987035.517392285
49991257.02501926
49995478.8891612
49999701.10984823
50003923.68711035
50008146.62097788
50012369.91148083
50016593.55864932
50020817.56251347
50025041.92310331
50029266.64044926
50033491.71458106
50037717.14552912
50041942.93332349
50046169.0779943
50050395.5795717
50054622.43808571
50058849.653566696
50063077.22604469
50067305.155549854
50071533.442112334
50075762.08576217
50079991.08652984
50084220.444445096
50088450.159538396
50092680.231839806
50096910.661379494
50101141.44818763
50105372.59229428
50109604.09372983
50113835.95252435
50118068.16870803
50122300.74231103
50126533.67336345
50130766.96189578
50135000.6079378
50139234.61152001
50143468.9726725
50147703.69142547
50151938.76780913
50156174.20185356
50160409.993589185
50164646.1430461
50168882.65025453
50173119.51524468
50177356.73804665
50181594.318690985
50185832.25720749
50190070.55362669
50194309.20797871
50198548.22029378
50202787.59060213
50207027.3189339
50211267.40531951
50215507.84978911
50219748.65237294
50223989.81310125
50228231.33200417
50232473.20911226
50236715.44445536
50240958.03806404
50245200.98996844
50249444.30019884
50253687.96878548
50257931.995758526
50262176.38114846
50266421.124985434
50270666.227299735
50274911.688121624
50279157.507481284
50283403.6854093
50287650.22193553
50291897.11709059
50296144.370904654
50300391.983408004
50304639.95463093
50308888.28460365
50313136.973356634
50317386.0209201
50321635.42732434
50325885.19259967
50330135.316776276
50334385.799884796
50338636.641955115
50342887.84301787
50347139.40310327
50351391.322241634
50355643.600463286
50359896.237798445
50364149.23427765
50368402.58993113
50372656.304789215
50376910.37888224
50381164.81224054
50385419.60489446
50389674.75687424
50393930.26821043
50398186.13893328
50402442.36907313
50406698.95866035
50410955.90772518
50415213.216298185
50419470.88440963
50423728.91208988
50427987.29936929
50432246.04627824
50436505.1528471
50440764.61910613
50445024.44508592
50449284.63081676
50453545.17632901
50457806.08165306
50462067.3468192
50466328.971858025
50470590.95679981
50474853.30167498
50479116.0065139
50483379.07134698
50487642.49620463
50491906.28111715
50496170.42611515
50500434.93122893
50504699.79648891
50508965.02192551
50513230.60756903
50517496.553450115
50521762.85959907
50526029.52604633
50530296.552822314
50534563.93995746
50538831.6874822
50543099.79542686
50547368.263822086
50551637.092698224
50555906.28208572
50560175.832015
50564445.74251642
50568716.013620645
50572986.64535802
50577257.63775899
50581528.99085404
50585800.7046736
50590072.77924816
50594345.21460807
50598618.01078401
50602891.16780634
50607164.68570555
50611438.564512104
50615712.80425638
50619987.40496907
50624262.36668055
50628537.68942131
50632813.373221844
50637089.41811264
50641365.824124195
50645642.5912869
50649919.719631456
50654197.209188275
50658475.05998786
50662753.272060715
50667031.845437236
50671310.78014816
50675590.076223895
50679869.733694956
50684149.75259186
50688430.13294514
50692710.87478531
50696991.978142805
50701273.44304836
50705555.269532405
50709837.45762547
50714120.0073581
50718402.918760724
50722686.19186411
50726969.82669868
50731253.823295005
50735538.18168362
50739822.90189508
50744107.98395996
50748393.42790869
50752679.233772054
50756965.401580505
50761251.93136462
50765538.823154956
50769826.07698199
50774113.69287651
50778401.67086898
50782690.01098998
50786978.71327009
50791267.777739905
50795557.20443001
50799846.99337088
50804137.144593336
50808427.65812785
50812718.53400503
50817009.77225547
50821301.37290968
50825593.33599847
50829885.66155233
50834178.349601895
50838471.400177754
50842764.81331055
50847058.58903088
50851352.727369264
50855647.22835654
50859942.09202323
50864237.31839996
50868532.90751736
50872828.85940597
50877125.17409662
50881421.85161986
50885718.89200633
50890016.29528666
50894314.06149151
50898612.19065153
50902910.68279726
50907209.537959576
50911508.75616901
50915808.33745625
50920108.28185194
50924408.58938664
50928709.26009124
50933010.29399629
50937311.69113247
50941613.451530464
50945915.575220935
50950218.06223457
50954520.91260196
50958824.12635399
50963127.70352123
50967431.644134395
50971735.94822416
50976040.61582113
50980345.646956205
50984651.04165999
50988956.79996318
50993262.92189649
50997569.40749062
51001876.25677629
51006183.4697841
51010491.046545
51014798.987089574
51019107.29144856
51023415.959652685
51027724.99173257
51032034.38771925
51036344.14764305
51040654.271535024
51044964.75942579
51049275.611346096
51053586.82732668
51057898.40739819
51062210.35159158
51066522.6599375
51070835.3324667
51075148.36920993
51079461.77019786
51083775.535461545
51088089.66503135
51092404.15893834
51096719.01721319
51101034.239886664
51105349.82698954
51109665.778552495
51113982.094606504
51118298.775182255
51122615.82031053
51126933.23002212
51131251.004347704
51135569.14331839
51139887.64696456
51144206.51531731
51148525.74840736
51152845.346265495
51157165.30892252
51161485.63640914
51165806.328756385
51170127.385994956
51174448.80815567
51178770.595269345
51183092.74736669
51187415.264478855
51191738.14663625
51196061.393869996
51200385.00621084
51204708.98368961
51209033.326337144
51213358.03418417
51217683.10726175
51222008.545600615
51226334.349231616
51230660.51818561
51234987.05249333
51239313.95218594
51243641.2172939
51247968.84784838
51252296.843880124
51256625.20542001
51260953.9324989
51265283.025147565
51269612.48339708
51273942.307278216
51278272.496821865
51282603.05205889
51286933.973020084
51291265.259736635
51295596.91223902
51299928.93055845
51304261.314725704
51308594.06477168
51312927.18072729
51317260.66262331
51321594.510490865
51325928.724360764
51330263.304263905
51334598.25023121
51338933.56229348
51343269.24048195
51347605.28482712
51351941.695360236
51356278.47211211
51360615.61511367
51364953.12439585
51369290.99998947
51373629.24192569
51377967.85023533
51382306.82494933
51386646.166098654
51390985.87371412
51395325.947827004
51399666.38846783
51404007.19566788
51408348.36945799
51412689.90986913
51417031.81693225
51421374.09067823
51425716.73113823
51430059.73834311
51434403.112323865
51438746.85311145
51443090.96073675
51447435.43523105
51451780.276624925
51456125.484949656
51460471.06023615
51464817.002515376
51469163.31181835
51473509.988175936
51477857.03161936
51482204.442179516
51486552.219887406
51490900.36477404
51495248.87687031
51499597.75620756
51503947.00281637
51508296.61672808
51512646.59797361
51516996.946583964
51521347.662590176
51525698.74602317
51530050.19691419
51534402.01529416
51538754.20119411
51543106.75464508
51547459.67567801
51551812.96432425
51556166.62061443
51560520.64457992
51564875.03625166
51569229.7956607
51573584.9228381
51577940.41781481
51582296.28062211
51586652.51129095
51591009.10985241
51595366.076337546
51599723.41077732
51604081.113203146
51608439.18364565
51612797.62213625
51617156.428705916
51621515.60338573
51625875.14620679
51630235.05720006
51634595.336396866
51638955.98382819
51643316.99952512
51647678.38351878
51652040.13584014
51656402.256520644
51660764.74559097
51665127.603082545
51669490.829026386
51673854.4234536
51678218.386395305
51682582.71788252
51686947.417946585
51691312.48661852
51695677.92392945
51700043.729910515
51704409.90459284
51708776.448007576
51713143.36018574
51717510.6411587
51721878.290957496
51726246.309613265
51730614.69715717
51734983.45362025
51739352.57903387
51743722.07342909
51748091.93683708
51752462.16928898
51756832.770815976
51761203.74144923
51765575.08121981
51769946.7901591
51774318.86829817
51778691.31566821
51783064.132300384
51787437.31822579
51791810.87347581
51796184.79808155
51800559.09207418
51804933.75548491
51809308.78834493
51813684.19068544
51818059.96253755
51822436.103932664
51826812.61490189
51831189.49547645
51835566.74568754
51839944.365566276
51844322.35514409
51848700.7144521
51853079.44352153
51857458.54238361
51861838.011069566
51866217.84961063
51870598.05803793
51874978.636382915
51879359.58467673
51883740.90295061
51888122.59123579
51892504.649563424
51896887.07796498
51901269.876471594
51905653.04511453
51910036.583925046
51914420.4929344
51918804.77217385
51923189.42167457
51927574.44146804
51931959.83158541
51936345.59205797
51940731.722917
51945118.224193655
51949505.09591945
51953892.33812556
51958279.95084325
51962667.93410385
51967056.28793862
51971445.01237887
51975834.10745579
51980223.5732009
51984613.40964538
51989003.61682055
51993394.19475772
51997785.143488094
52002176.46304319
52006568.15345423
52010960.214752525
52015352.64696941
52019745.450136185
52024138.6242842
52028532.16944467
52032926.08564915
52037320.37292886
52041715.03131513
52046110.06083932
52050505.46153265
52054901.23342669
52059297.37655268
52063693.89094196
52068090.7766259
52072488.033635855
52076885.66200317
52081283.661759116
52085682.03293526
52090080.77556287
52094479.88967331
52098879.375297956
52103279.232468076
52107679.46121526
52112080.061570786
52116481.03356603
52120882.37723238
52125284.09260123
52129686.179703966
52134088.63857187
52138491.46923657
52142894.67172933
52147298.246081576
52151702.192324705
52156106.510490015
52160511.200609125
52164916.26271335
52169321.6968341
52173727.50300279
52178133.68125085
52182540.231609695
52186947.15411064
52191354.448785335
52195762.1156651
52200170.154781364
52204578.566165574
52208987.34984905
52213396.505863465
52217806.034240134
52222215.93501052
52226626.208206065
52231036.85385822
52235447.871998444
52239859.26265809
52244271.025868826
52248683.161662005
52253095.6700691
52257508.55112158
52261921.804850794
52266335.43128845
52270749.43046591
52275163.80241464
52279578.54716613
52283993.66475187
52288409.15520334
52292825.01855192
52297241.25482933
52301657.86406694
52306074.84629626
52310492.20154878
52314909.9298559
52319328.03124934
52323746.5057605
52328165.35342088
52332584.57426202
52337004.16831542
52341424.135612585
52345844.47618495
52350265.190064244
52354686.277281895
52359107.73786942
52363529.571858354
52367951.779280126
52372374.360166594
52376797.31454887
52381220.64245883
52385644.34392789
52390068.41898761
52394492.86766954
52398917.690005116
52403342.88602612
52407768.455764
52412194.39925033
52416620.71651665
52421047.40759443
52425474.47251556
52429901.91131119
52434329.7240132
52438757.91065308
52443186.471262395
52447615.40587273
52452044.714515574
52456474.39722271
52460904.45402564
52465334.88495595
52469765.69004523
52474196.869324975
52478628.42282712
52483060.350582816
52487492.652624
52491925.32898219
52496358.379688986
52500791.804776
52505225.604274735
52509659.77821705
52514094.32663443
52518529.24955852
52522964.54702095
52527400.21905323
52531836.265687324
52536272.68695443
52540709.48288652
52545146.65351512
52549584.19887187
52554022.11898844
52558460.41389634
52562899.083627455
52567338.12821333
52571777.547685616
52576217.34207598
52580657.51141598
52585098.05573759
52589538.97507206
52593980.26945138
52598421.93890712
52602863.98347095
52607306.40317454
52611749.198049486
52616192.36812767
52620635.913440675
52625079.83402019
52629524.12989791
52633968.80110542
52638413.84767474
52642859.26963714
52647305.06702465
52651751.23986886
52656197.78820148
52660644.71205422
52665092.011458695
52669539.68644683
52673987.737050235
52678436.16330063
52682884.96522974
52687334.14286919
52691783.69625103
52696233.625406556
52700683.93036783
52705134.61116648
52709585.667834245
52714037.10040288
52718488.90890401
52722941.093369596
52727393.65383129
52731846.59032085
52736299.902870014
52740753.59151045
52745207.656274244
52749662.09719271
52754116.91429796
52758572.10762165
52763027.67719554
52767483.62305143
52771939.94522096
52776396.64373615
52780853.71862866
52785311.16993029
52789768.99767281
52794227.20188792
52798685.78260773
52803144.739863604
52807604.07368767
52812063.78411162
52816523.87116726
52820984.33488639
52825445.17530072
52829906.39244228
52834367.986342765
52838829.95703401
52843292.304547824
52847755.02891593
52852218.130170465
52856681.608342834
52861145.4634652
52865609.695569284
52870074.30468691
52874539.29084994
52879004.65409009
52883470.39443944
52887936.511929706
52892403.00659275
52896869.87846043
52901337.12756449
52905804.7539371
52910272.75760971
52914741.1386145
52919209.89698322
52923679.03274775
52928148.54593995
52932618.4365916
52937088.70473479
52941559.35040129
52946030.373622976
52950501.774431735
52954973.55285936
52959445.708938055
52963918.24269928
52968391.15417526
52972864.44339778
52977338.11039875
52981812.15521007
52986286.57786354
52990761.37839127
52995236.556825094
52999712.11319691
53004188.04753863
53008664.35988208
53013141.05025949
53017618.118702374
53022095.565242976
53026573.38991311
53031051.592744716
53035530.17376974
53040009.13302
53044488.47052766
53048968.18632455
53053448.28044263
53057928.75291384
53062409.60377014
53066890.83304348
53071372.4407657
53075854.426969
53080336.791685216
53084819.53494633
53089302.656784296
53093786.15723098
53098270.036318585
53102754.29407897
53107238.930544116
53111723.945746
53116209.33971661
53120695.11248795
53125181.26409188
53129667.79456062
53134154.70392605
53138641.99222018
53143129.659475006
53147617.70572242
53152106.13099465
53156594.935323596
53161084.118741274
53165573.68127969
53170063.622970864
53174553.94384682
53179044.64393948
53183535.72328107
53188027.18190352
53192519.019838855
53197011.237119116
53201503.83377622
53205996.80984244
53210490.16534969
53214983.90033004
53219478.0148155
53223972.50883816
53228467.38243005
53232962.63562311
53237458.26844964
53241954.280941576
53246450.67313098
53250947.44504992
53255444.59673037
53259942.1282046
53264440.03950458
53268938.33066239
53273437.00171012
53277936.05267984
53282435.48360363
53286935.29451348
53291435.4854417
53295936.05642027
53300437.00748128
53304938.33865683
53309440.04997893
53313942.14147988
53318444.61319169
53322947.46514646
53327450.69737632
53331954.30991337
53336458.302789725
53340962.67603741
53345467.42968875
53349972.563775785
53354478.07833062
53358983.9733854
53363490.24897214
53367996.905123204
53372503.94187062
53377011.35924653
53381519.157283075
53386027.33601241
53390535.89546668
53395044.83567793
53399554.15667853
53404063.85850053
53408573.9411761
53413084.4047374
53417595.24921648
53422106.474645734
53426618.08105722
53431130.06848313
53435642.436955616
53440155.186506875
53444668.317169085
53449181.82897432
53453695.72195499
53458209.99614318
53462724.65157107
53467239.688270874
53471755.10627467
53476270.90561489
53480787.08632362
53485303.64843307
53489820.59197544
53494337.916982956
53498855.62348784
53503373.71152218
53507892.18111843
53512411.0323087
53516930.265125215
53521449.87960021
53525969.8757658
53530490.25365444
53535011.01329827
53539532.154729515
53544053.67798042
53548575.583083235
53553097.870070204
53557620.53897347
53562143.58982551
53566667.02265847
53571190.837504596
53575715.034396164
53580239.61336533
53584764.57444457
53589289.917666055
53593815.64306205
53598341.75066483
53602868.24050667
53607395.11261987
53611922.36703658
53616450.00378933
53620978.022910275
53625506.42443172
53630035.20838595
53634564.37480517
53639093.92372189
53643623.85516829
53648154.1691767
53652684.86577941
53657215.94500873
53661747.40689699
53666279.251476385
53670811.47877946
53675344.08883841
53679877.08168558
53684410.45735329
53688944.21587375
53693478.357279524
53698012.88160284
53702547.78887603
53707083.07913143
53711618.7524014
53716154.80871827
53720691.24811429
53725228.07062202
53729765.27627371
53734302.86510173
53738840.83713842
53743379.19241605
53747917.9309673
53752457.05282411
53756996.55801917
53761536.44658475
53766076.71855324
53770617.37395699
53775158.4128283
53779699.83519975
53784241.64110364
53788783.830572344
53793326.40363826
53797869.36033367
53802412.70069132
53806956.424743146
53811500.532521896
53816045.02405986
53820589.89938946
53825135.158543095
53829680.80155307
53834226.82845203
53838773.23927228
53843320.03404625
53847867.21280635
53852414.775584914
53856962.722414695
53861511.053327695
53866059.768356666
53870608.86753395
53875158.35089199
53879708.21846323
53884258.47027999
53888809.106374964
53893360.12678048
53897911.531529
53902463.32065299
53907015.494184785
53911568.05215719
53916120.994602226
53920674.3215527
53925228.03304097
53929782.1290995
53934336.60976079
53938891.4750572
53943446.72502142
53948002.359685846
53952558.37908296
53957114.78324525
53961671.572205104
53966228.74599535
53970786.30464804
53975344.24819601
53979902.57667166
53984461.290107496
53989020.38853603
53993579.87198965
53998139.74050112
54002699.99410283
54007260.6328273
54011821.65670706
54016383.06577453
54020944.86006257
54025507.03960327
54030069.60442949
54034632.55457366
54039195.89006834
54043759.610946044
54048323.71723922
54052888.20898065
54057453.086202756
54062018.34893811
54066583.99721926
54071150.03107865
54075716.450549185
54080283.255662985
54084850.446452945
54089418.022951536
54093985.98519132
54098554.33320489
54103123.0670247
54107692.18668356
54112261.69221394
54116831.58364843
54121401.86101961
54125972.524359986
54130543.57370247
54135115.00907922
54139686.83052317
54144259.03806681
54148831.63174276
54153404.61158361
54157977.977621876
54162551.72989039
54167125.86842166
54171700.393248305
54176275.304402955
54180850.601918116
54185426.28582675
54190002.35616105
54194578.812953986
54199155.65623808
54203732.88604597
54208310.50241031
54212888.50536361
54217466.89493877
54222045.671168305
54226624.83408488
54231204.38372116
54235784.32010967
54240364.643283434
54244945.35327465
54249526.45011633
54254107.93384103
54258689.80448142
54263272.062070176
54267854.70663987
54272437.73822341
54277021.15685336
54281604.962562405
54286189.155383244
54290773.735348456
54295358.70249106
54299944.056843325
54304529.798438266
54309115.92730849
54313702.443486705
54318289.347005606
54322876.63789781
54327464.31619624
54332052.3819335
54336640.83514233
54341229.675855435
54345818.90410544
54350408.51992539
54354998.523347594
54359588.9144051
54364179.693130545
54368770.85955667
54373362.413716204
54377954.35564179
54382546.6853664
54387139.40292266
54391732.50834335
54396326.0016612
54400919.88290886
54405514.152119435
54410108.80932525
54414703.854559384
54419299.287854515
54423895.10924341
54428491.318758845
54433087.916433476
54437684.90230032
54442282.27639205
54446880.03874144
54451478.189381294
54456076.72834439
54460675.65566353
54465274.9713714
54469874.67550102
54474474.76808508
54479075.24915639
54483676.11874776
54488277.376891896
54492879.02362182
54497481.05897024
54502083.482969984
54506686.29565387
54511289.49705472
54515893.08720537
54520497.066138536
54525101.433887266
54529706.19048429
54534311.33596246
54538916.8703546
54543522.793693446
54548129.106012076
54552735.80734323
54557342.89771975
54561950.3771745
54566558.24574033
54571166.50345011
54575775.150336586
54580384.18643285
54584993.61177167
54589603.42638591
54594213.630308434
54598824.22357203
54603435.206209786
54608046.578254476
54612658.339738995
54617270.49069622
54621883.03115905
54626495.96116038
54631109.28073299
54635722.989910014
54640337.088724226
54644951.57720855
54649566.455395885
54654181.72331903
54658797.38101113
54663413.42850498
54668029.865833506
54672646.69302963
54677263.91012628
54681881.51715637
54686499.51415273
54691117.90114851
54695736.67817655
54700355.84526978
54704975.402461134
54709595.34978345
54714215.6872699
54718836.414953336
54723457.53286669
54728079.041042924
54732700.939514995
54737323.22831587
54741945.9074784
54746568.97703577
54751192.437020846
54755816.28746659
54760440.528405994
54765065.159871906
54769690.18189754
54774315.59451576
54778941.39775957
54783567.59166194
54788194.176255874
54792821.15157436
54797448.51765028
54802076.274516866
54806704.422207005
54811332.96075371
54815961.89018998
54820591.21054872
54825220.92186317
54829851.02416623
54834481.517490916
54839112.40187026
54843743.67733728
54848375.343925014
54853007.40166637
54857639.85059461
54862272.690742664
54866905.92214356
54871539.54483035
54876173.55883597
54880807.96419367
54885442.76093642
54890077.94909724
54894713.52870921
54899349.49980538
54903985.862418815
54908622.61658247
54913259.76232962
54917897.29969325
54922535.22870641
54927173.549402185
54931812.26181354
54936451.36597377
54941090.86191587
54945730.749672905
54950371.02927798
54955011.70076418
54959652.7641646
54964294.21951222
54968936.06684037
54973578.30618206
54978220.93757036
54982863.96103841
54987507.3766192
54992151.18434606
54996795.384252004
55001439.976370156
55006084.96073363
55010730.33737556
55015376.10632906
55020022.26762717
55024668.82130324
55029315.76739029
55033963.10592146
55038610.8369299
55043258.960448645
55047907.476511054
55052556.38515018
55057205.68639917
55061855.38029118
55066505.46685937
55071155.94613691
55075806.81815684
55080458.08295257
55085109.740557134
55089761.79100373
55094414.23432551
55099067.07055556
55103720.29972728
55108373.92187375
55113027.93702815
55117682.345223665
55122337.146493495
55126992.340870835
55131647.928388774
55136303.90908073
55140960.28297981
55145617.05011921
55150274.21053213
55154931.76425169
55159589.71131144
55164248.05174413
55168906.78558334
55173565.912862174
55178225.43361386
55182885.347871624
55187545.65566859
55192206.357038215
55196867.45201362
55201528.94062806
55206190.822914764
55210853.09890687
55215515.76863797
55220178.83214086
55224842.28944914
55229506.14059595
55234170.385614544
55238835.0245382
55243500.057400055
55248165.48423362
55252831.30507204
55257497.519948594
55262164.128896564
55266831.13194911
55271498.52913986
55276166.32050165
55280834.506068096
55285503.08587239
55290172.05994781
55294841.42832767
55299511.19104514
55304181.34813377
55308851.89962674
55313522.84555735
55318194.18595892
55322865.92086466
55327538.050308205
55332210.57432244
55336883.49294102
55341556.80619715
55346230.51412418
55350904.61675541
55355579.11412409
55360254.00626376
55364929.29320766
55369604.97498912
55374281.0516415
55378957.52319802
55383634.38969238
55388311.651157476
55392989.30762701
55397667.35913421
55402345.80571246
55407024.64739512
55411703.88421543
55416383.516206995
55421063.543403074
55425743.965837054
55430424.7835423
55435105.99655207
55439787.60490012
55444469.60861936
55449152.00774352
55453834.80230589
55458517.992339864
55463201.57787884
55467885.558956094
55472569.93560527
55477254.70785966
55481939.875752665
55486625.43931771
55491311.39858809
55495997.75359756
55500684.50437909
55505371.65096645
55510059.19339295
55514747.13169201
55519435.46589707
55524124.19604146
55528813.32215883
55533502.844282515
55538192.76244596
55542883.076682605
55547573.78702579
55552264.893509306
55556956.39616615
55561648.29503014
55566340.5901346
55571033.281513
55575726.36919881
55580419.85322537
55585113.7336264
55589808.01043526
55594502.683685414
55599197.75341035
55603893.21964344
55608589.082418494
55613285.34176857
55617981.99772748
55622679.05032863
55627376.499605484
55632074.34559157
55636772.58832026
55641471.2278253
55646170.26414008
55650869.6972981
55655569.527332895
55660269.754277855
55664970.37816685
55669671.39903293
55674372.81690998
55679074.6318314
55683776.84383074
55688479.452941515
55693182.45919716
55697885.86263144
55702589.66327778
55707293.86116973
55711998.456340834
55716703.44882453
55721408.83865472
55726114.6258645
55730820.81048776
55735527.39255797
55740234.37210868
55744941.74917346
55749649.52378578
55754357.695979424
55759066.26578786
55763775.23324467
55768484.59838344
55773194.36123764
55777904.52184119
55782615.08022723
55787326.0364297
55792037.390482076
55796749.14241797
55801461.29227096
55806173.84007456
55810886.785862595
55815600.12966856
55820313.87152608
55825028.01146876
55829742.549530104
55834457.48574409
55839172.82014387
55843888.552763425
55848604.68363626
55853321.212796025
55858038.14027634
55862755.466110736
55867473.19033309
55872191.31297693
55876909.83407588
55881628.75366363
55886348.071773805
55891067.78844007
55895787.90369597
55900508.4175754
55905229.3301119
55909950.64133914
55914672.35129079
55919394.46000041
55924116.967501916
55928839.87382885
55933563.179014914
55938286.88309378
55943010.98609914
55947735.488064684
55952460.389024
55957185.689010985
55961911.38805925
55966637.486202486
55971363.9834744
55976090.879908584
55980818.17553898
55985545.870399185
55990273.964522906
55995002.45794387
55999731.3506958
56004460.642812416
56009190.33432733
56013920.425274506
56018650.91568756
56023381.805600226
56028113.095046245
56032844.78405924
56037576.87267319
56042309.360921726
56047042.24883859
56051775.536457546
56056509.22381234
56061243.31093674
56065977.79786439
56070712.684629284
56075447.97126507
56080183.65780552
56084919.7442844
56089656.230735384
56094393.11719247
56099130.40368933
56103868.09025975
56108606.17693751
56113344.66375641
56118083.550750226
56122822.83795266
56127562.52539772
56132302.6131191
56137043.10115061
56141783.989526056
56146525.278279126
56151266.96744386
56156009.057053976
56160751.54714327
56165494.437745586
56170237.72889473
56174981.42062454
56179725.51296872
56184470.00596134
56189214.89963613
56193960.19402691
56198705.889167525
56203451.985091716
56208198.481833555
56212945.37942677
56217692.67790522
56222440.37730275
56227188.477653235
56231936.97899053
56236685.88134838
56241435.18476089
56246184.889261805
56250934.994885005
56255685.501664355
56260436.40963364
56265187.71882694
56269939.42927806
56274691.541020855
56279444.05408924
56284196.96851709
56288950.28433831
56293704.001586676
56298458.12029633
56303212.64050105
56307967.56223475
56312722.88553134
56317478.61042462
56322234.73694873
56326991.26513747
56331748.19502477
56336505.52664456
56341263.26003075
56346021.39521727
56350779.93223795
56355538.871126965
56360298.211918116
56365057.95464535
56369818.09934262
56374578.646043755
56379339.594782926
56384100.94559398
56388862.69851088
56393624.85356757
56398387.41079802
56403150.37023619
56407913.73191593
56412677.49587145
56417441.6621366
56422206.23074535
56426971.2017317
56431736.575129494
56436502.350972965
56441268.529295966
56446035.11013251
56450802.093516566
56455569.479482144
56460337.26806324
56465105.459293745
56469874.05320789
56474643.049839556
56479412.44922277
56484182.25139155
56488952.45637978
56493723.06422171
56498494.07495126
56503265.488602445
56508037.305209294
56512809.52480584
56517582.147426106
56522355.173104025
56527128.60187387
56531902.433769554
56536676.66882513
56541451.30707464
56546226.34855203
56551001.793291576
56555777.64132722
56560553.89269302
56565330.54742304
56570107.60555134
56574885.067112
56579662.932138965
56584441.20066654
56589219.87272869
56593998.94835949
56598778.42759303
56603558.310463265
56608338.597004645
56613119.287250794
56617900.38123614
56622681.87899469
56627463.780560516
56632246.08596774
56637028.79525034
56641811.90844266
56646595.4255787
56651379.34669256
56656163.671818376
56660948.40099013
56665733.53424231
56670519.07160857
56675305.013123386
56680091.35882077
56684878.108734876
56689665.26289981
56694452.82134962
56699240.78411867
56704029.15124099
56708817.92275073
56713607.09868204
56718396.67906896
56723186.663945995
56727977.05334684
56732767.84730601
56737559.045857556
56742350.64903563
56747142.656874426
56751935.069407985
56756727.88667072
56761521.108696714
56766314.735520124
56771108.767175145
56775903.203695856
56780698.04511679
56785493.291471675
56790288.94279507
56795084.99912105
56799881.46048381
56804678.326917574
56809475.59845642
56814273.2751348
56819071.35698681
56823869.844046675
56828668.73634861
56833468.03392672
56838267.73681558
56843067.84504895
56847868.35866143
56852669.27768712
56857470.60216026
56862272.3321151
56867074.46758576
56871877.00860672
56876679.955212116
56881483.3074362
56886287.06531323
56891091.228877336
56895895.798163146
56900700.77320444
56905506.15403585
56910311.94069152
56915118.13320573
56919924.73161274
56924731.73594674
56929539.14624221
56934346.96253335
56939155.18485442
56943963.81323972
56948772.84772344
56953582.28834021
56958392.135123864
56963202.38810906
56968013.047329985
56972824.11282094
56977635.58461624
56982447.46275007
56987259.747257
56992072.438171215
56996885.53552705
57001699.039358824
57006512.94970075
57011327.2665875
57016141.99005295
57020957.12013179
57025772.65685823
57030588.60026662
57035404.95039131
57040221.70726652
57045038.870926835
57049856.4414065
57054674.41873987
57059492.802961305
57064311.59410504
57069130.79220581
57073950.3972975
57078770.409414835
57083590.828592084
57088411.65486361
57093232.88826379
57098054.52882691
57102876.57658757
57107699.03158005
57112521.89383874
57117345.16339804
57122168.84029222
57126992.92455604
57131817.41622343
57136642.31532915
57141467.62190749
57146293.335992865
57151119.45761968
57155945.986822255
57160772.92363522
57165600.26809291
57170428.02022973
57175256.18008011
57180084.74767837
57184913.7230593
57189743.106256865
57194572.89730586
57199403.09624061
57204233.70309556
57209064.71790517
57213896.14070376
57218727.971526034
57223560.21040632
57228392.85737909
57233225.9124788
57238059.375739805
57242893.24719693
57247727.52688417
57252562.21483636
57257397.31108786
57262232.81567315
57267068.72862671
57271905.04998293
57276741.779776506
57281578.91804183
57286416.464813404
57291254.42012572
57296092.78401316
57300931.55651058
57305770.73765203
57310610.32747237
57315450.32600598
57320290.733287394
57325131.549351126
57329972.774231575
57334814.407963514
57339656.45058135
57344498.90211961
57349341.76261283
57354185.03209554
57359028.71060229
57363872.798167504
57368717.29482596
57373562.20061209
57378407.51556045
57383253.239705585
57388099.373081945
57392945.91572432
57397792.86766716
57402640.228945024
57407487.99959249
57412336.17964412
57417184.7691345
57422033.76809808
57426883.17656968
57431732.99458377
57436583.222174935
57441433.85937776
57446284.906226724
57451136.36275666
57455988.22900204
57460840.50499748
57465693.19077757
57470546.28637692
57475399.791830145
57480253.707171746
57485108.03243656
57489962.76765909
57494817.91287396
57499673.46811581
57504529.43341912
57509385.80881879
57514242.59434931
57519099.79004532
57523957.39594147
57528815.4120724
57533673.83847275
57538532.675177045
57543391.92222018
57548251.57963669
57553111.647461236
57557972.12572847
57562833.01447295
57567694.313729554
57572556.02353285
57577418.14391751
57582280.6749182
57587143.6165696
57592006.968906395
57596870.73196315
57601734.90577478
57606599.49037586
57611464.485801086
57616329.89208514
57621195.709262624
57626061.93736845
57630928.57643723
57635795.62650365
57640663.08760242
57645530.95976826
57650399.24303589
57655267.937439896
57660137.04301525
57665006.55979655
57669876.487818524
57674746.82711591
57679617.57772331
57684488.7396757
57689360.31300771
57694232.29775407
57699104.693949535
57703977.50162884
57708850.720826745
57713724.351577885
57718598.393917255
57723472.84787949
57728347.71349935
57733222.990811616
57738098.67985092
57742974.78065228
57747851.293250345
57752728.2176799
57757605.55397572
57762483.302172594
57767361.4623053
57772240.03440851
57777119.01851725
57781998.414666206
57786878.22289017
57791758.44322394
57796639.075702205
57801520.12036
57806401.57723203
57811283.4463531
57816165.72775803
57821048.421481624
57825931.52755872
57830815.04602402
57835698.97691257
57840583.32025911
57845468.07609845
57850353.24446544
57855238.825394794
57860124.81892159
57865011.22508056
57869898.04390654
57874785.2754344
57879672.91969897
57884560.97673512
57889449.44657759
57894338.32926148
57899227.62482154
57904117.33329263
57909007.45470963
57913897.98910728
57918788.93652071
57923680.29698467
57928572.07053406
57933464.25720374
57938356.857028626
57943249.87004359
57948143.296283424
57953037.13578325
57957931.38857785
57962826.05470214
57967721.134191014
57972616.62707927
57977512.53340205
57982408.85319416
57987305.58649051
57992202.73332603
57997100.293735646
58001998.26775427
58006896.65541673
58011795.45675818
58016694.67181344
58021594.30061747
58026494.34320519
58031394.79961144
58036295.66987139
58041196.95401989
58046098.652091876
58051000.764122315
58055903.290146165
58060806.23019839
58065709.58431383
58070613.35252771
58075517.53487486
58080422.13139026
58085327.14210889
58090232.56706561
58095138.40629577
58100044.65983387
58104951.327715255
58109858.409974806
58114765.90664751
58119673.81776837
58124582.14337227
58129490.883494444
58134400.038169794
58139309.60743331
58144219.591320015
58149129.98986481
58154040.80310307
58158952.03106933
58163863.673798986
58168775.73132694
58173688.20368822
58178601.09091786
58183514.39305078
58188428.110122256
58193342.24216721
58198256.7892207
58203171.751317754
58208087.12849332
58213002.9207828
58217919.12822078
58222835.750842676
58227752.78868343
58232670.24177811
58237588.11016179
58242506.39386941
58247425.09293629
58252344.2073974
58257263.737287804
58262183.682642594
58267104.04349674
58272024.819885686
58276946.01184404
58281867.61940727
58286789.64261034
58291712.08148837
58296634.93607645
58301558.20640957
58306481.89252309
58311405.99445199
58316330.512231395
58321255.44589642
58326180.79548207
58331106.56102383
58336032.74255635
58340959.34011512
58345886.35373515
58350813.78345159
58355741.62929956
58360669.8913141
58365598.56953059
58370527.66398406
58375457.174709655
58380387.10174254
58385317.44511776
58390248.20487081
58395179.3810364
58400110.973650046
58405042.982746795
58409975.40836182
58414908.25053031
58419841.509287305
58424775.18466824
58429709.27670818
58434643.7854423
58439578.7109058
58444514.05313375
58449449.812161714
58454385.988024406
58459322.58075739
58464259.59039575
58469197.01697469
58474134.86052943
58479073.12109506
58484011.798707046
58488950.893400475
58493890.40521058
58498830.33417258
58503770.68032158
58508711.44369319
58513652.62432216
58518594.22224408
58523536.237494074
58528478.67010739
58533421.520119265
58538364.787564844
58543308.47247961
58548252.574898705
58553197.09485738
58558142.03239091
58563087.387534425
58568033.16032356
58572979.35079311
58577925.958978705
58582872.9849155
58587820.42863878
58592768.29018382
58597716.56958579
58602665.26688023
58607614.382102296
58612563.915287286
58617513.86647051
58622464.23568713
58627415.02297282
58632366.22836241
58637317.85189156
58642269.89359547
58647222.353509456
58652175.23166884
58657128.528108805
58662082.24286494
58667036.375972435
58671990.92746663
58676945.897382855
58681901.28575633
58686857.09262275
58691813.31801698
58696769.961974725
58701727.024531215
58706684.5057218
58711642.40558183
58716600.72414655
58721559.46145157
58726518.617532104
58731478.192423545
58736438.18616125
58741398.598780476
58746359.430316955
58751320.68080559
58756282.35028212
58761244.438781805
58766206.94634004
58771169.87299221
58776133.21877359
58781096.98371981
58786061.16786617
58791025.77124805
58795990.79390086
58800956.2358599
58805922.09716093
58810888.37783889
58815855.07792955
58820822.197468214
58825789.7364903
58830757.695031255
58835726.07312637
58840694.87081131
58845664.088121414
58850633.7250921
58855603.781758815
58860574.25815701
58865545.154322125
58870516.47028949
58875488.2060948
58880460.361773394
58885432.93736073
58890405.93289226
58895379.34840334
58900353.18392968
58905327.43950663
58910302.11516965
58915277.21095424
58920252.72689586
58925228.663030006
58930205.019392036
58935181.796017684
58940158.992942326
58945136.61020145
58950114.64783055
58955093.10586502
58960071.98434059
58965051.28329266
58970031.00275674
58975011.14276832
58979991.70336295
58984972.68457613
58989954.08644326
58994935.90900011
58999918.15228209
59004900.81632473
59009883.90116356
59014867.40683401
59019851.33337184
59024835.680812486
59029820.449191496
59034805.63854441
59039791.248906784
59044777.28031418
59049763.732802026
59054750.60640612
59059737.901161924
59064725.61710499
59069713.7542709
59074702.31269509
59079691.29241339
59084680.693461254
59089670.51587427
59094660.75968801
59099651.424938075
59104642.511660054
59109634.019889414
59114625.949662
59119618.30101329
59124611.073978886
59129604.26859439
59134597.8848953
59139591.92291746
59144586.382696375
59149581.26426765
59154576.567666925
59159572.292929806
59164568.44009193
59169565.0091888
59174562.00025629
59179559.41332993
59184557.24844534
59189555.505638175
59194554.18494396
59199553.286398575
59204552.81003756
59209552.75589657
59214553.12401125
59219553.91441727
59224555.12715029
59229556.76224586
59234558.81973989
59239561.29966793
59244564.202065654
59249567.52696874
59254571.27441276
59259575.44443362
59264580.0370669
59269585.052348286
59274590.49031348
59279596.35099816
59284602.634438045
59289609.34066871
59294616.4697261
59299624.0216458
59304631.99646353
59309640.394215
59314649.21493581
59319658.458661914
59324668.125428915
59329678.21527255
59334688.72822855
59339699.664332636
59344711.023620546
59349722.8061279
59354735.01189069
59359747.640944526
59364760.69332516
59369774.16906835
59374788.06820972
59379802.39078527
59384817.13683065
59389832.306381606
59394847.89947391
59399863.91614334
59404880.356425665
59409897.220356524
59414914.50797196
59419932.21930761
59424950.35439927
59429968.91328273
59434987.89599366
59440007.30256808
59445027.13304168
59450047.387450255
59455068.065829605
59460089.16821554
59465110.69464386
59470132.64515027
59475155.01977081
59480177.81854118
59485201.04149721
59490224.68867471
59495248.760109395
59500273.255837336
59505298.17589424
59510323.520315945
59515349.28913829
59520375.48239711
59525402.100128256
59530429.14236745
59535456.6091508
59540484.500514016
59545512.81649297
59550541.55712352
59555570.7224414
59560600.31248272
59565630.32728323
59570660.766878806
59575691.631305315
59580722.92059864
59585754.63479467
59590786.77392914
59595819.338038206
59600852.32715763
59605885.74132331
59610919.58057112
59615953.84493686
59620988.53445679
59626023.64916633
59631059.18910175
59636095.154298835
59641131.54479351
59646168.36062169
59651205.601819165
59656243.26842211
59661281.36046633
59666319.87798775
59671358.8210223
59676398.1896058
59681437.98377456
59686478.20356402
59691518.84901049
59696559.92014981
59701601.417017914
59706643.33965077
59711685.68808421
59716728.46235443
59721771.662497275
59726815.28854871
59731859.3405447
59736903.81852111
59741948.722514264
59746994.05255966
59752039.80869365
59757085.99095208
59762132.59937096
59767179.63398625
59772227.09483385
59777274.981949985
59782323.295370534
59787372.0351315
59792421.20126889
59797470.79381859
59802520.81281698
59807571.25829958
59812622.13030278
59817673.428862475
59822725.154014684
59827777.30579544
59832829.88424065
59837882.889386594
59842936.32126918
59847990.17992444
59853044.46538843
59858099.17769707
59863154.316886775
59868209.882993095
59873265.87605246
59878322.29610081
59883379.143174194
59888436.41730868
59893494.11854022
59898552.24690511
59903610.80243932
59908669.78517891
59913729.19515996
59918789.03241843
59923849.29699078
59928909.988912605
59933971.10822036
59939032.65495001
59944094.629137665
59949157.03081941
59954219.86003124
59959283.116809495
59964346.80119017
59969410.913209364
59974475.4529032
59979540.42030768
59984605.81545928
59989671.63839365
59994737.88914726
59999804.56775614
60004871.674256414
60009939.20868423
60015007.17107558
60020075.56146687
60025144.37989412
60030213.62639348
60035283.3010011
60040353.40375301
60045423.93468574
60050494.893834956
60055566.281237185
60060638.09692848
60065710.340945005
60070783.01332294
60075856.11409833
60080929.64330761
60086003.60098683
60091077.98717217
60096152.801899835
60101228.04520588
60106303.71712688
60111379.81769853
60116456.3469574
60121533.304939575
60126610.69168126
60131688.50721867
60136766.751587875
60141845.42482536
60146924.52696721
60152004.05804965
60157084.018108904
60162164.40718108
60167245.22530276
60172326.47250971
60177408.14883853
60182490.25432533
60187572.78900635
60192655.752917856
60197739.146095954
60202822.968577154
60207907.220397584
60212991.9015935
60218077.012201175
60223162.55225673
60228248.52179682
60233334.92085723
60238421.74947458
60243509.007685035
60248596.69552487
60253684.813030384
60258773.360237725
60263862.33718343
60268951.743903674
60274041.580434754
60279131.846812956
60284222.54307447
60289313.669255964
60294405.22539326
60299497.211523026
60304589.62768146
60309682.47390488
60314775.750229605
60319869.45669183
60324963.59332814
60330058.16017473
60335153.15726793
60340248.58464408
60345344.4423394
60350440.73039059
60355537.44883351
60360634.59770487
60365732.17704091
60370830.18687797
60375928.627252415
60381027.498200476
60386126.79975877
60391226.53196353
60396326.69485112
60401427.28845794
60406528.31282034
60411629.7679747
60416731.653957285
60421833.97080473
60426936.71855328
60432039.89723935
60437143.50689932
60442247.54756946
60447352.019286424
60452456.92208649
60457562.25600607
60462668.02108155
60467774.21734937
60472880.84484593
60477987.90360753
60483095.393670835
60488203.31507214
60493311.66784789
60498420.452034496
60503529.667668276
60508639.31478592
60513749.393423736
60518859.903618164
60523970.84540566
60529082.218822666
60534194.023905635
60539306.260690905
60544418.92921517
60549532.029514775
60554645.56162618
60559759.52558586
60564873.921430156
60569988.749195784
60575104.008919105
60580219.7006366
60585335.82438475
60590452.380200036
60595569.36811894
60600686.788177855
60605804.6404135
60610922.924862266
60616041.64156064
60621160.790545136
60626280.37185213
60631400.38551839
60636520.831580296
60641641.71007437
60646763.02103714
60651884.76450511
60657006.94051482
60662129.54910267
60667252.59030544
60672376.06415954
60677499.970701516
60682624.309967905
60687749.08199512
60692874.286819965
60697999.924478866
60703125.99500837
60708252.49844505
60713379.43482545
60718506.804186136
60723634.60656355
60728762.84199452
60733891.510515474
60739020.612163
60744150.146973684
60749280.11498397
60754410.516230695
60759541.35075032
60764672.61857945
60769804.31975465
60774936.45431255
60780069.02228973
60785202.02372267
60790335.458648235
60795469.3271029
60800603.62912328
60805738.36474599
60810873.53400753
60816009.136944756
60821145.17359419
60826281.64399245
60831418.548176154
60836555.88618195
60841693.65804648
60846831.86380625
60851970.503498144
60857109.577158704
60862249.08482457
60867389.0265324
60872529.40231871
60877670.21222042
60882811.45627407
60887953.13451631
60893095.24698383
60898237.79371329
60903380.77474136
60908524.1901046
60913668.03983992
60918812.323983915
60923957.04257324
60929102.19564461
60934247.78323457
60939393.805380076
60944540.262117706
60949687.15348416
60954834.47951613
60959982.24025035
60965130.435723506
60970279.06597221
60975428.131033406
60980577.63094371
60985727.56573984
60990877.93545852
60996028.74013635
61001179.97981033
61006331.65451705
61011483.76429327
61016636.309175715
61021789.28920114
61026942.7044063
61032096.5548278
61037250.84050267
61042405.56146753
61047560.71775914
61052716.309414275
61057872.33646956
61063028.79896203
61068185.69692833
61073343.03040523
61078500.79942952
61083659.004037976
61088817.64426739
61093976.72015441
61099136.2317361
61104296.17904912
61109456.56213027
61114617.381016344
61119778.635744035
61124940.32635039
61130102.4528721
61135265.015345976
61140428.01380884
61145591.44829751
61150755.3188488
61155919.62549943
61161084.36828645
61166249.547246605
61171415.162416704
61176581.2138336
61181747.701534
61186914.62555513
61192081.98593333
61197249.78270584
61202418.01590938
61207586.685580805
61212755.79175699
61217925.33447465
61223095.31377093
61228265.72968255
61233436.58224639
61238607.871499345
61243779.597478144
61248951.76022005
61254124.35976146
61259297.39613963
61264470.86939133
61269644.77955344
61274819.12666288
61279993.91075642
61285169.1318712
61290344.790044025
61295520.88531178
61300697.4177114
61305874.38727967
61311051.794053875
61316229.63807045
61321407.919366695
61326586.63797941
61331765.79394553
61336945.38730198
61342125.4180856
61347305.88633355
61352486.79208267
61357668.1353699
61362849.91623219
61368032.13470637
61373214.79082978
61378397.884638876
61383581.416170985
61388765.38546297
61393949.792551786
61399134.6374744
61404319.920267686
61409505.64096885
61414691.799614765
61419878.3962424
61425065.430888765
61430252.90359071
61435440.81438561
61440629.163309954
61445817.950401135
61451007.17569602
61456196.83923162
61461386.94104495
61466577.48117288
61471768.4596527
61476959.8765213
61482151.73181569
61487344.025572896
61492536.75782984
61497729.928623915
61502923.53799166
61508117.58597049
61513312.07259732
61518506.997909196
61523702.36194316
61528898.164736144
61534094.40632545
61539291.08674802
61544488.2060409
61549685.76424115
61554883.761385724
61560082.19751207
61565281.07265675
61570480.38685722
61575680.140150435
61580880.33257347
61586080.96416342
61591282.034957245
61596483.54499228
61601685.494305514
61606887.88293402
61612090.71091492
61617293.97828517
61622497.68508228
61627701.831342846
61632906.41710435
61638111.4424038
61643316.9072783
61648522.811764985
61653729.15590085
61658935.939723276
61664143.16326927
61669350.826575965
61674558.929680504
61679767.4726199
61684976.455431685
61690185.87815249
61695395.74081984
61700606.043470785
61705816.78614247
61711027.968872055
61716239.591696575
61721451.65465345
61726664.15777974
61731877.1011126
61737090.4846892
61742304.30854662
61747518.5727224
61752733.27725322
61757948.42217666
61763164.00752978
61768380.033349775
61773596.49967385
61778813.40653907
61784030.753982894
61789248.542042404
61794466.770754814
61799685.44015734
61804904.55028707
61810124.1011816
61815344.09287765
61820564.52541282
61825785.39882423
61831006.7131491
61836228.46842467
61841450.66468805
61846673.30197673
61851896.38032785
61857119.899778634
61862343.86036635
61867568.26212812
61872793.10510158
61878018.38932349
61883244.114831485
61888470.28166272
61893696.88985445
61898923.93944397
61904151.4304684
61909379.3629653
61914607.73697182
61919836.55252524
61925065.80966285
61930295.50842182
61935525.64883983
61940756.23095366
61945987.254801005
61951218.720419034
61956450.627845064
61961682.9771164
61966915.76827023
61972149.00134413
61977382.67637529
61982616.79340103
61987851.35245869
61993086.35358559
61998321.796819076
62003557.68219634
62008794.00975499
62014030.77953224
62019267.99156543
62024505.64589191
62029743.74254891
62034982.28157404
62040221.26300453
62045460.68687774
62050700.55323104
62055940.86210179
62061181.61352737
62066422.80754503
62071664.444192395
62076906.523506716
62082149.04552539
62087392.01028579
62092635.41782518
62097879.26818122
62103123.561391175
62108368.29749244
62113613.476522416
62118859.09851852
62124105.16351815
62129351.6715586
62134598.62267754
62139846.01691226
62145093.85430018
62150342.13487872
62155590.85868519
62160840.025757276
62166089.63613228
62171339.68984764
62176590.186940804
62181841.12744921
62187092.5114103
62192344.33886141
62197596.609840244
62202849.32438413
62208102.48253053
62213356.084316894
62218610.129780576
62223864.6189593
62229119.5518904
62234374.92861137
62239630.74915967
62244887.0135728
62250143.72188822
62255400.87414332
62260658.47037583
62265916.51062311
62271174.99492268
62276433.92331202
62281693.29582853
62286953.11250995
62292213.37339367
62297474.078517206
62302735.22791808
62307996.8216338
62313258.8597019
62318521.34215978
62323784.26904521
62329047.64039561
62334311.45624851
62339575.71664145
62344840.421611845
62350105.571197495
62355371.16543582
62360637.204364374
62365903.68802071
62371170.61644239
62376437.98966697
62381705.8077319
62386974.07067498
62392242.77853367
62397511.93134554
62402781.52914817
62408051.57197901
62413322.05987589
62418592.992876284
62423864.37101778
62429136.19433796
62434408.46287443
62439681.176664785
62444954.335746504
62450227.94015744
62455501.989935085
62460776.48511705
62466051.42574094
62471326.81184425
62476602.64346486
62481878.920640275
62487155.643408105
62492432.81180599
62497710.42587157
62502988.48564248
62508266.99115622
62513545.94245071
62518825.33956345
62524105.18253211
62529385.47139432
62534666.206187636
62539947.38694995
62545229.013718806
62550511.08653188
62555793.60542682
62561076.57044131
62566359.98161303
62571643.83897953
62576928.14257874
62582212.892448224
62587498.08862567
62592783.73114877
62598069.82005508
62603356.35538258
62608643.33716881
62613930.7654515
62619218.64026834
62624506.961657055
62629795.72965535
62635084.944300815
62640374.60563143
62645664.71368479
62650955.26849862
62656246.27011065
62661537.71855849
62666829.61388012
62672121.95611316
62677414.74529535
62682707.981464446
62688001.66465818
62693295.79491431
62698590.37227047
62703885.39676467
62709180.86843454
62714476.78731786
62719773.153452374
62725069.96687574
62730367.22762599
62735664.93574077
62740963.09125786
62746261.694215044
62751560.74465011
62756860.24260085
62762160.188104935
62767460.5812004
62772761.421924934
62778062.71031634
62783364.44641241
62788666.630250834
62793969.26186981
62799272.34130664
62804575.868599534
62809879.84378618
62815184.2669044
62820489.137992024
62825794.457086764
62831100.224226706
62836406.439449556
62841713.102793165
62847020.21429537
62852327.773993894
62857635.781926975
62862944.23813195
62868253.14264706
62873562.495510034
62878872.29675875
62884182.546431065
62889493.24456472
62894804.39119785
62900115.98636821
62905428.03011366
62910740.5224721
62916053.46348128
62921366.85317948
62926680.69160407
62931994.97879334
62937309.71478506
62942624.89961713
62947940.53332745
62953256.61595381
62958573.14753438
62963890.12810694
62969207.5577094
62974525.4363797
62979843.76415562
62985162.54107549
62990481.76717671
62995801.44249761
63001121.567076
63006442.140949816
63011763.164156996
63017084.63673537
63022406.558723144
63027728.93015814
63033051.751078315
63038375.02152163
63043698.74152591
63049022.91112953
63054347.53036992
63059672.59928545
63064998.11791397
63070324.08629346
63075650.50446189
63080977.372457124
63086304.690317415
63091632.45808062
63096960.67578474
63102289.34346776
63107618.46116756
63112948.02892254
63118278.04677018
63123608.514748886
63128939.43289654
63134270.80125116
63139602.61985077
63144934.88873326
63150267.60793691
63155600.77749964
63160934.39745947
63166268.46785444
63171602.98872246
63176937.96010196
63182273.38203048
63187609.25454644
63192945.57768778
63198282.35149255
63203619.5759988
63208957.25124448
63214295.3772679
63219633.95410701
63224972.98179987
63230312.46038458
63235652.38989906
63240992.7703818
63246333.60187036
63251674.884403214
63257016.61801834
63262358.802753806
63267701.43864773
63273044.52573808
63278388.06406322
63283732.05366112
63289076.494569905
63294421.38682768
63299766.73047243
63305112.52554267
63310458.772076
63315805.470110945
63321152.6196855
63326500.2208378
63331848.27360597
63337196.77802804
63342545.73414241
63347895.14198708
63353245.001600206
63358595.313019946
63363946.07628433
63369297.2914319
63374648.958500296
63380001.077528074
63385353.64855328
63390706.67161408
63396060.146748655
63401414.073995054
63406768.45339171
63412123.28497668
63417478.56878816
63422834.30486433
63428190.49324327
63433547.133963555
63438904.22706287
63444261.77257981
63449619.77055246
63454978.221019015
63460337.1240177
63465696.479586594
63471056.28776419
63476416.54858857
63481777.26209797
63487138.42833061
63492500.0473246
63497862.11911857
63503224.643750235
63508587.62125822
63513951.05168066
63519314.93505579
63524679.27142187
63530044.060817026
63535409.30327977
63540774.998848245
63546141.1475607
63551507.74945542
63556874.80457055
63562242.31294474
63567610.27461576
63572978.68962227
63578347.558002435
63583716.879794545
63589086.65503689
63594456.88376763
63599827.566025324
63605198.70184814
63610570.2912744
63615942.33434239
63621314.831090435
63626687.781556845
63632061.1857798
63637435.043797895
63642809.355649315
63648184.12137239
63653559.341005445
63658935.01458669
63664311.142154716
63669687.72374774
63675064.7594041
63680442.249162145
63685820.19306022
63691198.59113669
63696577.44342977
63701956.74997809
63707336.51081987
63712716.72599348
63718097.39553729
63723478.51948955
63728860.09788889
63734242.13077355
63739624.61818193
63745007.5601524
63750390.956723355
63755774.80793319
63761159.113820165
63766543.87442294
63771929.08977979
63777314.75992911
63782700.884909324
63788087.4647587
63793474.49951592
63798861.98921927
63804249.933907166
63809638.33361804
63815027.188390315
63820416.49826242
63825806.263272665
63831196.48345975
63836587.15886197
63841978.28951778
63847369.87546563
63852761.91674384
63858154.41339112
63863547.36544579
63868940.77294632
63874334.63593117
63879728.95443881
63885123.728507705
63890518.958176196
63895914.64348303
63901310.78446654
63906707.38116523
63912104.43361757
63917501.94186192
63922899.905937046
63928298.325881295
63933697.20173318
63939096.5335312
63944496.32131386
63949896.56511966
63955297.264987
63960698.42095464
63966100.033060975
63971502.101344526
63976904.625843816
63982307.60659725
63987711.043643616
63993114.937021315
63998519.28676889
64003924.09292488
64009329.355527826
64014735.07461628
64020141.25022867
64025547.882403806
64030954.9711801
64036362.51659614
64041770.51869047
64047178.977501534
64052587.893068165
64057997.2654288
64063407.09462202
64068817.38068641
64074228.12366055
64079639.32358302
64085050.980492294
64090463.09442721
64095875.665426254
64101288.69352801
64106702.178771086
64112116.12119396
64117530.5208355
64122945.377734184
64128360.69192864
64133776.46345748
64139192.692359336
64144609.378672816
64150026.52243643
64155444.12368908
64160862.182469256
64166280.6988156
64171699.67276677
64177119.10436125
64182538.99363799
64187959.34063547
64193380.14539238
64198801.40794736
64204223.12833908
64209645.3066062
64215067.94278726
64220491.036921196
64225914.589046545
64231338.59920199
64236763.06742621
64242187.99375777
64247613.3782356
64253039.22089828
64258465.52178449
64263892.28093294
64269319.49838232
64274747.17417135
64280175.30833859
64285603.90092302
64291032.95196322
64296462.46149791
64301892.42956582
64307322.85620552
64312753.741456024
64318185.08535592
64323616.88794394
64329049.14925883
64334481.86933932
64339915.04822416
64345348.685951956
64350782.782561734
64356217.33809212
64361652.35258185
64367087.8260697
64372523.7585943
64377960.150194675
64383397.00090946
64388834.31077745
64394272.07983739
64399710.30812808
64405148.9956883
64410588.1425567
64416027.74877234
64421467.814373866
64426908.33940009
64432349.323889814
64437790.76788169
64443232.671414934
64448675.03452782
64454117.85725957
64459561.139648855
64465004.88173449
64470449.08355531
64475893.74515
64481338.86655766
64486784.44781698
64492230.48896681
64497676.990045965
64503123.95109318
64508571.37214769
64514019.253247805
64519467.59443278
64524916.395741336
64530365.65721234
64535815.37888464
64541265.560796976
64546716.20298848
64552167.3054979
64557618.868364096
64563070.89162595
64568523.375322215
64573976.31949217
64579429.72417418
64584883.58940752
64590337.91523096
64595792.7016834
64601247.94880374
64606703.65663075
64612159.825203605
64617616.45456108
64623073.544742085
64628531.09578555
64633989.107730255
64639447.58061552
64644906.51447975
64650365.909362264
64655825.765301876
64661286.082337506
64666746.860508114
64672208.099852495
64677669.80040986
64683131.962219045
64688594.58531899
64694057.66974865
64699521.21554686
64704985.22275298
64710449.691405445
64715914.62154362
64721380.013206355
64726845.866432615
64732312.18126139
64737778.95773152
64743246.19588227
64748713.89575248
64754182.05738116
64759650.6808073
64765119.76606976
64770589.31320796
64776059.32226036
64781529.79326636
64787000.726264864
64792472.12129487
64797943.9783954
64803416.29760536
64808889.07896402
64814362.32251028
64819836.028283186
64825310.19632176
64830784.82666492
64836259.9193521
64841735.474421814
64847211.49191351
64852687.971866116
64858164.91431868
64863642.31931026
64869120.18687979
64874598.5170666
64880077.30990962
64885556.56544793
64891036.283720605
64896516.464766584
64901997.10862536
64907478.21533547
64912959.78493642
64918441.81746716
64923924.31296679
64929407.27147439
64934890.69302896
64940374.577669844
64945858.92543603
64951343.73636663
64956829.01050076
64962314.7478774
64967800.94853607
64973287.61251537
64978774.73985482
64984262.33059343
64989750.38477033
64995238.90242465
65000727.8835954
65006217.328322
65011707.23664346
65017197.60859894
65022688.44422758
65028179.74356842
65033671.506661005
65039163.733543985
65044656.424256906
65050149.578838825
65055643.19732891
65061137.279766336
65066631.82619016
65072126.83663982
65077622.31115438
65083118.249773026
65088614.65253496
65094111.51947924
65099608.85064547
65105106.64607232
65110604.9057994
65116103.62986578
65121602.818310685
65127102.47117333
65132602.588492796
65138103.17030858
65143604.21665978
65149105.727585614
65154607.70312533
65160110.14331802
65165613.048203334
65171116.417819984
65176620.252207614
65182124.55140533
65187629.31545241
65193134.5443881
65198640.23825152
65204146.39708221
65209653.0209193
65215160.10980206
65220667.66376977
65226175.68286157
65231684.16711714
65237193.116575226
65242702.53127553
65248212.41125719
65253722.75655952
65259233.567221805
65264744.84328321
65270256.584783316
65275768.791761294
65281281.46425644
65286794.60230809
65292308.20595555
65297822.275238134
65303336.81019504
65308851.81086587
65314367.277289815
65319883.2095062
65325399.60755437
65330916.47147353
65336433.80130329
65341951.59708287
65347469.85885161
65352988.586648874
65358507.78051401
65364027.44048639
65369547.566605225
65375068.15891017
65380589.21744045
65386110.74223544
65391632.73333452
65397155.19077694
65402678.114602335
65408201.50484998
65413725.36155925
65419249.68476954
65424774.47452026
65430299.73085079
65435825.45380042
65441351.64340881
65446878.29971524
65452405.42275913
65457933.012579896
65463461.06921681
65468989.59270958
65474518.583097495
65480048.04041997
65485577.964716464
65491108.3560264
65496639.21438922
65502170.53984424
65507702.33243115
65513234.5921893
65518767.31915812
65524300.51337708
65529834.174885504
65535368.30372311
65540902.899929255
65546437.963543385
65551973.49460499
65557509.49315354
65563045.959228516
65568582.89286927
65574120.29411556
65579658.16300672
65585196.499582276
65590735.30388171
65596274.57594439
65601814.31581008
65607354.52351815
65612895.19910813
65618436.34261952
65623977.95409184
65629520.03356461
65635062.58107722
65640605.59666946
65646149.08038073
65651693.03225057
65657237.452318504
65662782.34062395
65668327.69720671
65673873.52210621
65679419.81536199
65684966.577013604
65690513.80710061
65696061.50566257
65701609.67273891
65707158.30836947
65712707.412593685
65718256.985451125
65723807.026981376
65729357.537223876
65734908.516218476
65740459.96400463
65746011.88062193
65751564.26610998
65757117.12050836
65762670.44385668
65768224.2361944
65773778.49756142
65779333.227997184
65784888.42754132
65790444.09623346
65796000.23411307
65801556.84122004
65807113.91759388
65812671.46327421
65818229.47830067
65823787.962712884
65829346.91655051
65834906.33985305
65840466.23266041
65846026.59501213
65851587.42694784
65857148.72850721
65862710.49972976
65868272.74065543
65873835.45132375
65879398.63177439
65884962.282047026
65890526.40218133
65896090.99221698
65901656.05219354
65907221.58215096
65912787.582128786
65918354.05216673
65923920.992304474
65929488.402581595
65935056.28303806
65940624.63371345
65946193.45464746
65951762.74587982
65957332.50745024
65962902.73939844
65968473.44176402
65974044.61458697
65979616.257906884
65985188.3717635
65990760.95619655
65996334.011245646
66001907.536950804
66007481.53335163
66013056.00048788
66018630.93839931
66024206.34712567
66029782.226706736
66035358.57718212
66040935.398591876
66046512.69097563
66052090.45437316
66057668.688824244
66063247.39436853
66068826.57104607
66074406.218896516
66079986.33795966
66085566.9282753
66091147.98988324
66096729.52282327
66102311.52713506
66107894.00285869
66113476.95003385
66119060.36870034
66124644.25889798
66130228.62066646
66135813.45404601
66141398.759075925
66146984.535796426
66152570.78424723
66158157.504468165
66163744.69649907
66169332.36037967
66174920.49615007
66180509.10384999
66186098.1835193
66191687.735197835
66197277.75892533
66202868.25474206
66208459.22268736
66214050.6628015
66219642.57512422
66225234.95969539
66230827.81655491
66236421.14574252
66242014.947298385
66247609.221262254
66253203.96767403
66258799.18657362
66264394.878000766
66269991.0419958
66275587.67859809
66281184.78784794
66286782.36978515
66292380.42444963
66297978.951881304
66303577.952119954
66309177.4252058
66314777.37117861
66320377.79007835
66325978.68194495
66331580.046818204
66337181.88473848
66342784.195745185
66348386.97987868
66353990.23717877
66359593.96768543
66365198.17143862
66370802.848478176
66376407.998844326
66382013.622576915
66387619.71971592
66393226.29030133
66398833.334372975
66404440.85197126
66410048.84313564
66415657.30790649
66421266.246323705
66426875.65842725
66432485.544257164
66438095.90385329
66443706.73725593
66449318.04450495
66454929.825640365
66460542.08070221
66466154.80973036
66471768.01276525
66477381.68984638
66482995.841014184
66488610.46630856
66494225.56576955
66499841.139437206
66505457.187351435
66511073.70955256
66516690.70608049
66522308.1769753
66527926.122277044
66533544.54202565
66539163.43626159
66544782.8050244
66550402.64835455
66556022.966292
66561643.758876815
66567265.026149094
66572886.76814878
66578508.98491623
66584131.676491424
66589754.84291444
66595378.48422539
66601002.60046425
66606627.19167152
66612252.257886775
66617877.79915055
66623503.81550281
66629130.30698368
66634757.2736333
66640384.715491645
66646012.63259913
66651641.02499576
66657269.89272166
66662899.23581698
66668529.05432173
66674159.34827646
66679790.11772079
66685421.36269528
66691053.08323995
66696685.27939497
66702317.9512005
66707951.098696575
66713584.721923634
66719218.820921734
66724853.39573104
66730488.44639174
66736123.97294389
66741759.975428075
66747396.45388395
66753033.40835213
66758670.83887266
66764308.74548577
66769947.128231645
66775585.98715036
66781225.32228241
66786865.13366788
66792505.42134698
66798146.18535993
66803787.425746836
66809429.14254833
66815071.3358041
66820714.005554795
66826357.151840515
66832000.77470151
66837644.87417803
66843289.45031018
66848934.50313849
66854580.03270309
66860226.03904423
66865872.52220219
66871519.48221708
66877166.9191296
66882814.83297947
66888463.22380738
66894112.09165347
66899761.43655804
66905411.258561365
66911061.5577036
66916712.33402532
66922363.58756669
66928015.318368
66933667.526469566
66939320.21191156
66944973.3747347
66950627.01497875
66956281.132684454
66961935.72789198
66967590.80064168
66973246.35097385
66978902.37892871
66984558.88454686
66990215.86786851
66995873.328934
67001531.26778367
67007189.68445788
67012848.57899698
67018507.95144118
67024167.801831126
67029828.13020704
67035488.93660929
67041150.22107825
67046811.98365415
67052474.22437764
67058136.94328897
67063800.14042852
67069463.815836675
67075127.969553836
67080792.60162039
67086457.71207659
67092123.300963126
67097789.36832026
67103455.91418839
67109122.93860795
67114790.44161919
67120458.42326282
67126126.88357912
67131795.8226085
67137465.24039142
67143135.1369683
67148805.51237956
67154476.3666655
67160147.69986686
67165819.51202394
67171491.80317718
67177164.57336703
67182837.82263382
67188511.55101828
67194185.75856073
67199860.44530164
67205535.61128148
67211211.25654072
67216887.38111985
67222563.98505919
67228241.0683995
67233918.63118114
67239596.6734446
67245275.19523036
67250954.19657882
67256633.67753069
67262313.63812639
67267994.0784064
67273674.99841122
67279356.39818141
67285038.27775744
67290720.63717972
67296403.47648902
67302086.79572578
67307770.59493048
67313454.87414367
67319139.63340577
67324824.87275758
67330510.59223951
67336196.7918921
67341883.4717559
67347570.63187149
67353258.27227941
67358946.39302008
67364634.99413434
67370324.07566263
67376013.63764553
67381703.68012358
67387394.20313726
67393085.20672742
67398776.69093448
67404468.65579906
67410161.10136174
67415854.02766311
67421547.43474379
67427241.32264423
67432935.69140531
67438630.54106751
67444325.87167144
67450021.6832577
67455717.97586681
67461414.74953963
67467112.00431667
67472809.74023856
67478507.95734592
67484206.6556794
67489905.83527964
67495605.49618715
67501305.63844284
67507006.26208723
67512707.36716096
67518408.95370471
67524111.021759
67529813.57136478
67535516.60256253
67541220.11539298
67546924.10989678
67552628.5861146
67558333.54408714
67564038.98385493
67569744.90545894
67575451.30893974
67581158.19433801
67586865.56169444
67592573.41104962
67598281.74244452
67603990.55591969
67609699.85151587
67615409.62927377
67621119.88923411
67626830.6314376
67632541.85592484
67638253.56273685
67643965.7519142
67649678.42349763
67655391.5775279
67661105.2140456
67666819.33309175
67672533.93470696
67678249.018932
67683964.58580762
67689680.63537458
67695397.16767365
67701114.18274544
67706831.68063103
67712549.66137102
67718268.12500621
67723987.07157739
67729706.50112517
67735426.41369066
67741146.80931447
67746867.68803744
67752589.04990034
67758310.89494398
67764033.22320916
67769756.03473656
67775479.32956725
67781203.10774194
67786927.36930142
67792652.11428653
67798377.34273796
67804103.05469678
67809829.25020374
67815555.92929964
67821283.09202532
67827010.73842165
67832738.86852945
67838467.48238945
67844196.58004278
67849926.16153014
67855656.2268924
67861386.77617043
67867117.80940495
67872849.32663727
67878581.32790768
67884313.81325749
67890046.78272744
67895780.23635842
67901514.1741913
67907248.59626685
67912983.50262624
67918718.89331023
67924454.76835974
67930191.12781563
67935927.97171871
67941665.3001103
67947403.11303075
67953141.4105214
67958880.19262303
67964619.45937659
67970359.210823
67976099.44700302
67981840.16795792
67987581.37372845
67993323.0643556
67999065.23988028
68004807.90034331
68010551.04578608
68016294.67624898
68022038.79177338
68027783.39240012
68033528.47817014
68039274.04912445
68045020.10530385
68050766.64674963
68056513.67350261
68062261.18560378
68068009.18309413
68073757.66601452
68079506.63440634
68085256.08831006
68091006.02776709
68096756.45281829
68102507.36350468
68108258.75986727
68114010.64194693
68119763.00978495
68125515.86342223
68131269.20289981
68137023.0282587
68142777.33953978
68148532.13678454
68154287.42003344
68160043.18932796
68165799.44470897
68171556.18621758
68177313.41389479
68183071.12778154
68188829.32791919
68194588.01434863
68200347.18711095
68206106.84624721
68211866.99179836
68217627.6238059
68223388.74231032
68229150.34735316
68234912.43897536
68240675.01721801
68246438.0821222
68252201.6337289
68257965.67207949
68263730.19721493
68269495.20917635
68275260.70800483
68281026.69374138
68286793.16642752
68292560.12610382
68298327.57281183
68304095.50659253
68309863.92748708
68315632.83553658
68321402.23078206
68327172.11326493
68332942.48302622
68338713.34010705
68344484.6845486
68350256.51639189
68356028.83567847
68361801.64244898
68367574.936745
68373348.71860754
68379122.98807782
68384897.74519698
68390672.99000607
68396448.72254658
68402224.94285955
68408001.65098615
68413778.8469676
68419556.53084496
68425334.70265983
68431113.3624529
68436892.51026575
68442672.1461395
68448452.27011533
68454232.8822345
68460013.98253806
68465795.57106754
68471577.64786403
68477360.21296875
68483143.26642294
68488926.80826773
68494710.83854476
68500495.35729471
68506280.36455928
68512065.86037956
68517851.84479684
68523638.31785236
68529425.27958725
68535212.73004305
68541000.66926093
68546789.09728213
68552578.01414794
68558367.41989951
68564157.31457855
68569947.69822578
68575738.57088292
68581529.93259113
68587321.78339171
68593114.12332596
68598906.95243506
68604700.27076058
68610494.07834372
68616288.37522578
68622083.1614481
68627878.43705185
68633674.20207879
68639470.45656969
68645267.20056629
68651064.43410982
68656862.15724161
68662660.370003
68668459.0724352
68674258.26457985
68680057.94647816
68685858.1181715
68691658.77970123
68697459.93110858
68703261.57243533
68709063.70372233
68714866.32501133
68720669.4363436
68726473.03776051
68732277.12930347
68738081.7110137
68743886.78293292
68749692.34510235
68755498.39756341
68761304.9403575
68767111.97352605
68772919.49711044
68778727.51115197
68784536.01569232
68790345.0107728
68796154.49643481
68801964.4727198
68807774.93966907
68813585.89732431
68819397.34572685
68825209.28491811
68831021.71493955
68836834.63583264
68842648.04763879
68848461.95039935
68854276.34415607
68860091.22895026
68865906.6048234
68871722.47181693
68877538.82997222
68883355.67933103
68889173.01993468
68894990.85182469
68900809.17504251
68906627.98962967
68912447.29562764
68918267.0930778
68924087.3820219
68929908.16250136
68935729.43455766
68941551.19823232
68947373.45356672
68953196.20060265
68959019.43938151
68964843.16994481
68970667.3923341
68976492.10659093
68982317.3127568
68988143.01087314
68993969.20098177
68999795.8831241
69005623.05734168
69011450.72367607
69017278.88216868
69023107.53286138
69028936.67579557
69034766.31101283
69040596.43855473
69046427.05846287
69052258.1707788
69058089.77554399
69063921.87280029
69069754.46258916
69075587.5449522
69081421.119931
69087255.18756703
69093089.74790215
69098924.80097789
69104760.34683579
69110596.38551752
69116432.91706468
69122269.94151889
69128107.45892164
69133945.46931484
69139783.97274
69145622.96923873
69151462.4588527
69157302.44162337
69163142.91759273
69168983.88680224
69174825.34929359
69180667.3051084
69186509.75428838
69192352.69687515
69198196.13291027
69204040.06243569
69209884.48549291
69215729.40212367
69221574.81236961
69227420.7162723
69233267.11387368
69239114.00521533
69244961.39033894
69250809.26928622
69256657.64209886
69262506.50881857
69268355.86948693
69274205.72414592
69280056.07283714
69285906.9156023
69291758.25248311
69297610.0835212
69303462.40875855
69309315.22823675
69315168.54199757
69321022.35008273
69326876.652534
69332731.44939308
69338586.74070165
69344442.52650169
69350298.80683486
69356155.58174291
69362012.8512676
69367870.61545058
69373728.87433389
69379587.62795916
69385446.8763682
69391306.61960277
69397166.85770468
69403027.5907157
69408888.8186775
69414750.54163216
69420612.75962135
69426475.47268686
69432338.6808705
69438202.38421395
69444066.58275932
69449931.27654828
69455796.46562265
69461662.15002427
69467528.32979494
69473395.00497654
69479262.17561074
69485129.84173965
69490998.00340502
69496866.66064866
69502735.81351244
69508605.46203807
69514475.60626769
69520346.24624301
69526217.38200593
69532089.01359831
69537961.14106199
69543833.7644389
69549706.88377073
69555580.49909967
69561454.61046748
69567329.21791603
69573204.32148722
69579079.92122282
69584956.01716499
69590832.60935552
69596709.69783631
69602587.28264926
69608465.3638363
69614343.94143935
69620223.01550019
69626102.58606102
69631982.65316364
69637863.21684998
69643744.27716199
69649625.83414145
69655507.88783075
69661390.43827124
69667273.48550533
69673157.02957481
69679041.07052165
69684925.60838781
69690810.64321512
69696696.17504583
69702582.20392177
69708468.72988491
69714355.75297724
69720243.2732406
69726131.29071738
69732019.80544904
69737908.81747797
69743798.32684606
69749688.33359528
69755578.83776763
69761469.83940502
69767361.33854969
69773253.33524355
69779145.82952861
69785038.82144691
69790932.3110403
69796826.29835124
69802720.78342123
69808615.7662927
69814511.24700756
69820407.22560786
69826303.70213564
69832200.67663279
69838098.14914168
69843996.11970422
69849894.58836246
69855793.55515847
69861693.02013417
69867592.98333207
69873493.44479367
69879394.40456149
69885295.86267745
69891197.81918366
69897100.27412218
69903003.227535
69908906.67946446
69914810.62995254
69920715.07904135
69926620.02677298
69932525.47318941
69938431.41833319
69944337.86224586
69950244.80496995
69956152.24654749
69962060.18702057
69967968.62643133
69973877.56482178
69979787.00223432
69985696.93871097
69991607.37429388
69997518.30902518
70003429.7429469
70009341.67610161
70015254.10853092
70021167.0402774
70027080.4713831
70032994.40189017
70038908.83184081
70044823.76127703
70050739.1902413
70056655.1187757
70062571.54692239
70068488.47472355
70074405.90222125
70080323.82945812
70086242.2564758
70092161.18331692
70098080.61002353
70104000.53663787
70109920.96320215
70115841.88975845
70121763.31634928
70127685.24301672
70133607.66980301
70139530.59675038
70145454.02390093
70151377.95129733
70157302.37898126
70163227.3069954
70169152.73538186
70175078.66418289
70181005.09344076
70186932.02319758
70192859.45349592
70198787.3843779
70204715.81588578
70210644.74806187
70216574.18094829
70222504.11458775
70228434.549022
70234365.48429373
70240296.92044508
70246228.8575184
70252161.29555596
70258094.23459993
70264027.6746929
70269961.61587706
70275896.05819471
70281831.0016882
70287766.44639966
70293702.39237191
70299638.83964667
70305575.7882667
70311513.23827423
70317451.18971159
70323389.6426211
70329328.597045
70335268.05302593
70341208.01060608
70347148.46982783
70353089.43073355
70359030.89336544
70364972.85776632
70370915.32397799
70376858.29204325
70382801.76200436
70388745.73390369
70394690.20778362
70400635.18368644
70406580.66165477
70412526.64173093
70418473.12395729
70424420.10837626
70430367.59503011
70436315.5839617
70442264.07521285
70448213.06882644
70454162.56484471
70460112.56331015
70466063.06426513
70472014.06775199
70477965.57381342
70483917.58249176
70489870.09382941
70495823.10786887
70501776.62465255
70507730.64422293
70513685.16662234
70519640.1918935
70525595.72007877
70531551.7512206
70537508.28536145
70543465.3225437
70549422.86281009
70555380.90620297
70561339.45276482
70567298.50253814
70573258.05556545
70579218.11188921
70585178.67155182
70591139.73459604
70597101.30106427
70603063.370999
70609025.94444276
70614989.02143793
70620952.60202731
70626916.68625331
70632881.27415845
70638846.36578526
70644811.96117629
70650778.06037408
70656744.66342103
70662711.77036
70668679.38123336
70674647.4960837
70680616.11495358
70686585.23788542
70692554.86492206
70698524.99610595
70704495.63147965
70710466.77108575
70716438.41496684
70722410.5631655
70728383.21572416
70734356.37268573
70740330.03409263
70746304.1999875
70752278.87041293
70758254.04541138
70764229.72502574
70770205.90929851
70776182.59827228
70782159.7919897
70788137.49049337
70794115.69382595
70800094.40202989
70806073.61514816
70812053.33322322
70818033.55629773
70824014.28441435
70829995.51761557
70835977.25594436
70841959.49944319
70847942.24815474
70853925.50212172
70859909.26138674
70865893.5259925
70871878.29598153
70877863.57139678
70883849.35228084
70889835.63867635
70895822.43062602
70901809.7281724
70907797.53135848
70913785.84022681
70919774.65482011
70925763.97518107
70931753.80135243
70937744.13337687
70943734.971297
70949726.3151558
70955718.16499588
70961710.52085997
70967703.38279079
70973696.75083095
70979690.62502347
70985685.00541094
70991679.89203614
70997675.28494179
71003671.18417068
71009667.58976553
71015664.501769
71021661.92022412
71027659.84517352
71033658.27665998
71039657.21472628
71045656.65941505
71051656.61076938
71057657.06883189
71063658.03364539
71069659.50525266
71075661.48369652
71081663.96901977
71087666.96126506
71093670.46047549
71099674.46669374
71105678.97996263
71111684.00032498
71117689.52782345
71123695.56250118
71129702.10440086
71135709.1535653
71141716.71003737
71147724.77385989
71153733.34507573
71159742.42372757
71165752.00985858
71171762.10351144
71177772.70472905
71183783.81355424
71189795.43002975
71195807.55419876
71201820.18610395
71207833.32578826
71213846.97329453
71219861.12866566
71225875.79194453
71231890.96317393
71237906.64239699
71243922.8296565
71249939.52499536
71255956.72845647
71261974.44008261
71267992.65991698
71274011.38800235
71280030.62438165
71286050.36909778
71292070.62219372
71298091.38371237
71304112.65369652
71310134.43218942
71316156.71923384
71322179.51487276
71328202.81914912
71334226.63210572
71340250.95378584
71346275.78423226
71352301.12348796
71358326.97159593
71364353.32859911
71370380.19454049
71376407.56946291
71382435.45340966
71388463.84642355
71394492.7485476
71400522.15982479
71406552.08029798
71412582.51001045
71418613.44900508
71424644.89732489
71430676.85501285
71436709.32211201
71442742.29866539
71448775.78471586
71454809.78030674
71460844.28548092
71466879.30028142
71472914.8247513
71478950.85893345
71484987.40287136
71491024.45660748
71497062.02018532
71503100.09364778
71509138.67703791
71515177.7703988
71521217.37377335
71527257.48720494
71533298.11073649
71539339.24441107
71545380.88827178
71551423.04236156
71557465.70672393
71563508.8814014
71569552.56643751
71575596.76187521
71581641.4677576
71587686.6841278
71593732.41102876
71599778.64850391
71605825.39659621
71611872.65534878
71617920.42480473
71623968.70500709
71630017.4959994
71636066.7978242
71642116.6105251
71648166.93414508
71654217.7687273
71660269.1143149
71666320.9709509
71672373.33867873
71678426.21754144
71684479.60758218
71690533.5088441
71696587.92137027
71702642.84520426
71708698.28038871
71714754.22696722
71720810.68498282
71726867.65447871
71732925.1354981
71738983.12808405
71745041.63228002
71751100.64812909
71757160.17567448
71763220.21495938
71769280.7660269
71775341.82892065
71781403.4036833
71787465.49035852
71793528.08898938
71799591.19961913
71805654.822291
71811718.95704809
71817783.60393393
71823848.76299164
71829914.43426447
71835980.61779566
71842047.31362835
71848114.52180624
71854182.24237199
71860250.47536933
71866319.2208414
71872388.47883146
71878458.2493828
71884528.53253855
71890599.32834232
71896670.63683723
71902742.45806658
71908814.7920737
71914887.63890173
71920960.9985944
71927034.87119447
71933109.25674567
71939184.15529118
71945259.56687434
71951335.49153845
71957411.92932671
71963488.88028274
71969566.34444976
71975644.32187107
71981722.81259003
71987801.81664985
71993881.33409433
71999961.36496621
72006041.90930931
72012122.96716686
72018204.5385822
72024286.62359872
72030369.22225964
72036452.33460864
72042535.96068895
72048620.10054395
72054704.75421703
72060789.92175144
72066875.60319102
72072961.79857858
72079048.50795795
72085135.73137242
72091223.46886538
72097311.72048026
72103400.48626032
72109489.76624928
72115579.56049041
72121669.86902717
72127760.69190295
72133852.02916107
72139943.8808454
72146036.2469988
72152129.12766516
72158222.52288778
72164316.43271013
72170410.85717565
72176505.79632767
72182601.25020993
72188697.21886577
72194793.70233867
72200890.70067208
72206988.21390936
72213086.24209443
72219184.78527018
72225283.84348057
72231383.41676891
72237483.50517873
72243584.10875352
72249685.22753663
72255786.8615719
72261889.01090266
72267991.67557243
72274094.85562475
72280198.551103
72286302.76205114
72292407.4885121
72298512.73052987
72304618.48814785
72310724.7614096
72316831.55035862
72322938.85503834
72329046.67549261
72335155.01176485
72341263.8638986
72347373.23193744
72353483.11592494
72359593.51590466
72365704.43192005
72371815.86401497
72377927.81223285
72384040.27661729
72390153.25721188
72396266.75406006
72402380.76720573
72408495.29669236
72414610.34256352
72420725.90486285
72426841.98363395
72432958.57892045
72439075.69076581
72445193.31921396
72451311.46430835
72457430.12609266
72463549.30461049
72469668.99990535
72475789.21202116
72481909.94100145
72488031.18688983
72494152.94972998
72500275.22956555
72506398.0264402
72512521.34039746
72518645.17148128
72524769.5197352
72530894.38520287
72537019.767928
72543145.6679541
72549272.08532517
72555399.02008474
72561526.47227652
72567654.4419442
72573782.92913146
72579911.93388204
72586041.45623949
72592171.49624783
72598302.0539506
72604433.12939154
72610564.72261436
72616696.83366267
72622829.46258047
72628962.60941134
72635096.27419905
72641230.45698732
72647365.15781991
72653500.37674055
72659636.11379287
72665772.3690209
72671909.14246826
72678046.43417872
72684184.24419606
72690322.57256389
72696461.41932626
72702600.78452684
72708740.6682094
72714881.07041773
72721021.9911956
72727163.43058683
72733305.38863505
72739447.86538437
72745590.86087845
72751734.37516108
72757878.4082761
72764022.96026716
72770168.03117839
72776313.62105344
72782459.72993615
72788606.35787037
72794753.50489992
72800901.17106862
72807049.3564202
72813198.06099878
72819347.28484808
72825497.02801193
72831647.2905342
72837798.0724586
72843949.37382928
72850101.19468997
72856253.53508456
72862406.3950569
72868559.77465089
72874713.6739104
72880868.09287915
72887023.03160137
72893178.49012077
72899334.46848126
72905490.96672675
72911647.98490098
72917805.52304818
72923963.58121209
72930122.15943664
72936281.25776576
72942440.87624334
72948601.01491334
72954761.67381951
72960922.85300612
72967084.55251695
72973246.77239592
72979409.512687
72985572.77343398
72991736.55468112
72997900.85647222
73004065.67885125
73010231.02186215
73016396.88554892
73022563.26995552
73028730.17512578
73034897.60110396
73041065.5479339
73047234.01565962
73053403.00432508
73059572.51397412
73065742.54465105
73071913.09639972
73078084.16926414
73084255.7632883
73090427.87851624
73096600.51499197
73102773.67275934
73108947.3518627
73115121.55234592
73121296.27425301
73127471.51762804
73133647.28251487
73139823.56895787
73146000.37700091
73152177.70668806
73158355.55806337
73164533.93117088
73170712.82605468
73176892.24275866
73183072.1813272
73189252.64180422
73195433.62423381
73201615.12866002
73207797.15512681
73213979.70367856
73220162.77435921
73226346.36721286
73232530.48228359
73238715.11961553
73244900.27925275
73251085.96123925
73257272.16561942
73263458.89243723
73269646.14173682
73275833.91356228
73282022.20795761
73288211.02496724
73294400.36463514
73300590.22700548
73306780.61212239
73312971.52003
73319162.95077248
73325354.90439384
73331547.38093852
73337740.38045053
73343933.90297405
73350127.94855325
73356322.51723213
73362517.60905536
73368713.22406648
73374909.36231014
73381106.02383038
73387303.20867139
73393500.91687736
73399699.14849235
73405897.90356085
73412097.18212692
73418296.9842348
73424497.30992864
73430698.15925257
73436899.53225124
73443101.42896827
73449303.84944832
73455506.79373552
73461710.26187408
73467914.25390823
73474118.76988208
73480323.80984017
73486529.37382662
73492735.46188566
73498942.07406156
73505149.21039844
73511356.870941
73517565.05573292
73523773.76481892
73529982.99824314
73536192.75604986
73542403.03828333
73548613.84498774
73554825.17620765
73561037.0319872
73567249.41237073
73573462.31740251
73579675.7471267
73585889.70158808
73592104.18083034
73598319.18489827
73604534.71383604
73610750.76768798
73616967.34649839
73623184.45031148
73629402.07917188
73635620.2331238
73641838.91221155
73648058.11647952
73654277.84597187
73660498.10073343
73666718.88080795
73672940.18624027
73679162.01707457
73685384.37335525
73691607.25512667
73697830.66243307
73704054.59531912
73710279.05382906
73716504.03800727
73722729.54789817
73728955.583546
73735182.1449956
73741409.23229077
73747636.84547639
73753864.9845967
73760093.64969613
73766322.8408191
73772552.55800988
73778782.80131319
73785013.57077333
73791244.86643472
73797476.68834181
73803709.03653888
73809941.91107084
73816175.31198151
73822409.23931584
73828643.6931181
73834878.67343277
73841114.1803043
73847350.21377704
73853586.77389573
73859823.86070469
73866061.47424844
73872299.61457144
73878538.28171802
73884777.47573313
73891017.19666067
73897257.44454558
73903498.21943222
73909739.52136509
73915981.35038872
73922223.70654744
73928466.58988608
73934710.00044903
73940953.9382808
73947198.40342592
73953443.39592877
73959688.91583434
73965934.96318656
73972181.53803045
73978428.6404104
73984676.27037093
73990924.42795663
73997173.11321189
74003422.32618158
74009672.06691012
74015922.33544208
74022173.13182203
74028424.4560944
74034676.30830422
74040928.68849547
74047181.5967132
74053435.03300186
74059688.997406
74065943.4899703
74072198.51073913
74078454.05975746
74084710.13706972
74090966.74272054
74097223.87675454
74103481.53921616
74109739.73015054
74115998.44960165
74122257.6976146
74128517.47423388
74134777.77950414
74141038.61346999
74147299.97617596
74153561.86766702
74159824.28798763
74166087.23718248
74172350.71529624
74178614.72237341
74184879.25845912
74191144.32359743
74197409.9178335
74203676.04121186
74209942.69377716
74216209.87557413
74222477.5866473
74228745.82704167
74235014.59680179
74241283.89597237
74247553.72459811
74253824.08272374
74260094.97039397
74266366.38765337
74272638.33454695
74278910.81111932
74285183.81741518
74291457.3534793
74297731.41935623
74304006.01509105
74310281.14072834
74316556.79631285
74322832.98188935
74329109.69750258
74335386.94319732
74341664.71901818
74347943.02501021
74354221.86121807
74360501.22768651
74366781.12446032
74373061.55158414
74379342.50910306
74385623.99706171
74391906.01550491
74398188.56447744
74404471.6440241
74410755.25418973
74417039.39501895
74423324.0665569
74429609.26884826
74435895.00193782
74442181.26587044
74448468.06069078
74454755.38644397
74461043.24317472
74467331.63092786
74473620.54974824
74479909.99968071
74486199.98077011
74492490.49306117
74498781.53659904
74505073.11142842
74511365.2175942
74517657.85514125
74523951.02411428
74530244.72455849
74536538.9565186
74542833.72003952
74549129.0151661
74555424.84194326
74561721.20041592
74568018.0906288
74574315.51262711
74580613.46645562
74586911.95215926
74593210.9697829
74599510.51937136
74605810.60096985
74612111.21462314
74618412.36037618
74624714.03827389
74631016.24836121
74637318.99068311
74643622.26528434
74649926.07221021
74656230.41150549
74662535.28321515
74668840.68738414
74675146.6240573
74681453.09327988
74687760.09509672
74694067.6295528
74700375.6966931
74706684.29656258
74712993.42920627
74719303.09466898
74725613.29299605
74731924.02423228
74738235.28842272
74744547.08561234
74750859.41584603
74757172.2791691
74763485.67562643
74769799.60526301
74776114.0681239
74782429.06425415
74788744.59369874
74795060.6565026
74801377.25271106
74807694.38236901
74814012.04552153
74820330.24221364
74826648.97249027
74832968.23639677
74839288.03397807
74845608.36527923
74851929.23034532
74858250.62922142
74864572.56195264
74870895.02858385
74877218.0291605
74883541.56372751
74889865.63232999
74896190.23501301
74902515.37182155
74908841.04280101
74915167.24799636
74921493.9874527
74927821.26121515
74934149.06932884
74940477.41183892
74946806.28879033
74953135.70022853
74959465.6461985
74965796.12674539
74972127.14191432
74978458.69175033
74984790.77629885
74991123.39560488
74997456.54971361
75003790.23867017
75010124.46251976
75016459.22130755
75022794.51507853
75029130.34387822
75035466.70775165
75041803.60674399
75048141.04090044
75054479.01026604
75060817.5148863
75067156.55480628
75073496.13007118
75079836.24072619
75086176.88681655
75092518.06838748
75098859.78548403
75105202.03815174
75111544.8264357
75117888.15038113
75124232.01003328
75130576.40543722
75136921.33663851
75143266.80368225
75149612.80661368
75155959.34547809
75162306.4203207
75168654.0311868
75175002.17812149
75181350.86117037
75187700.08037855
75194049.83579129
75200400.12745391
75206750.95541151
75213102.31970987
75219454.22039366
75225806.65750863
75232159.63109994
75238513.1412129
75244867.1878928
75251221.77118482
75257576.89113459
75263932.54778725
75270288.74118815
75276645.47138263
75283002.73841584
75289360.54233359
75295718.88318062
75302077.7610027
75308437.17584507
75314797.12775305
75321157.61677201
75327518.64294715
75333880.20632416
75340242.30694823
75346604.94486474
75352968.12011905
75359331.83275642
75365696.08282267
75372060.87036258
75378426.195422
75384792.05804616
75391158.45828049
75397525.39617036
75403892.87176104
75410260.88509823
75416629.4362272
75422998.52519338
75429368.15204218
75435738.31681886
75442109.01956934
75448480.2603384
75454852.03917196
75461224.35611533
75467597.2112139
75473970.60451317
75480344.53605841
75486719.00589538
75493094.01406941
75499469.56062594
75505845.64561045
75512222.26906826
75518599.4310453
75524977.13158642
75531355.37073758
75537734.14854413
75544113.46505153
75550493.3203053
75556873.71435076
75563254.64723374
75569636.11899957
75576018.12969379
75582400.67936188
75588783.76804924
75595167.39580181
75601551.56266454
75607936.2686834
75614321.51390377
75620707.2983712
75627093.6221312
75633480.4852292
75639867.88771102
75646255.82962207
75652644.31100793
75659033.33191413
75665422.8923861
75671812.99246983
75678203.63221033
75684594.8116536
75690986.53084509
75697378.78983036
75703771.588655
75710164.92736445
75716558.80600463
75722953.22462097
75729348.18325906
75735743.68196452
75742139.7207828
75748536.29975998
75754933.41894107
75761331.07837214
75767729.27809866
75774128.01816626
75780527.29862058
75786927.1195071
75793327.48087178
75799728.38276008
75806129.82521768
75812531.80829021
75818934.33202319
75825337.39646272
75831741.00165386
75838145.14764276
75844549.8344749
75850955.06219599
75857360.83085167
75863767.1404875
75870173.99114947
75876581.38288312
75882989.31573413
75889397.7897482
75895806.80497089
75902216.36144836
75908626.45922571
75915037.09834911
75921448.27886413
75927860.0008165
75934272.26425192
75940685.06921597
75947098.4157547
75953512.30391371
75959926.7337387
75966341.70527546
75972757.21856956
75979173.27366722
75985589.87061357
75992007.00945485
75998424.69023666
76004842.91300476
76011261.67780493
76017680.9846828
76024100.83368444
76030521.2248555
76036942.15824176
76043363.633889
76049785.65184286
76056208.21214963
76062631.31485447
76069054.96000364
76075479.14764284
76081903.87781784
76088329.15057448
76094754.9659584
76101181.32401578
76107608.22479227
76114035.6683337
76120463.65468591
76126892.1838946
76133321.25600608
76139750.87106554
76146181.02911936
76152611.7302132
76159042.97439292
76165474.7617044
76171907.09219335
76178339.96590595
76184773.38288793
76191207.34318516
76197641.84684353
76204076.89390892
76210512.48442723
76216948.61844419
76223385.29600602
76229822.51715848
76236260.28194745
76242698.59041885
76249137.44261844
76255576.83859247
76262016.7783867
76268457.26204702
76274898.28961942
76281339.86114977
76287781.97668406
76294224.63626806
76300667.83994801
76307111.58776975
76313555.87977917
76320000.71602228
76326446.09654486
76332892.02139321
76339338.4906131
76345785.50425056
76352233.06235152
76358681.164962
76365129.81212793
76371579.00389521
76378028.7403101
76384479.02141845
76390929.84726627
76397381.21789955
76403833.13336416
76410285.5937064
76416738.59897216
76423192.14920743
76429646.24445824
76436100.88477065
76442556.07019065
76449011.80076414
76455468.07653747
76461924.89755653
76468382.26386735
76474840.175516
76481298.63254838
76487757.63501084
76494217.1829493
76500677.27640983
76507137.91543849
76513599.10008137
76520060.83038454
76526523.10639392
76532985.92815591
76539449.29571645
76545913.20912163
76552377.66841756
76558842.67365016
76565308.22486587
76571774.32211062
76578240.96543056
76584708.15487178
76591175.8904804
76597644.17230254
76604113.00038421
76610582.37477182
76617052.29551135
76623522.76264895
76629993.77623078
76636465.33630282
76642937.4429115
76649410.09610288
76655883.29592308
76662357.04241829
76668831.33563465
76675306.17561835
76681781.56241539
76688257.49607229
76694733.97663507
76701211.0041499
76707688.57866298
76714166.70022036
76720645.36886853
76727124.58465356
76733604.34762165
76740084.65781899
76746565.51529182
76753046.92008635
76759528.87224865
76766011.37182525
76772494.41886224
76778978.01340583
76785462.15550227
76791946.84519765
76798432.08253853
76804917.867571
76811404.2003413
76817891.0808957
76824378.50928047
76830866.48554188
76837355.009726
76843844.08187947
76850333.70204838
76856823.87027901
76863314.58661766
76869805.85111046
76876297.663804
76882790.02474444
76889282.93397805
76895776.39155118
76902270.3975101
76908764.95190114
76915260.05477045
76921755.70616469
76928251.90612999
76934748.6547127
76941245.95195915
76947743.7979155
76954242.19262844
76960741.13614412
76967240.62850891
76973740.66976915
76980241.25997122
76986742.39916143
76993244.08738603
76999746.32469168
77006249.11112462
77012752.44673118
77019256.33155778
77025760.76565063
77032265.74905643
77038771.2818214
77045277.36399196
77051783.9956145
77058291.17673542
77064798.90740111
77071307.18765786
77077816.01755238
77084325.3971309
77090835.3264399
77097345.80552576
77103856.83443476
77110368.41321369
77116880.54190877
77123393.22056647
77129906.44923323
77136420.22795552
77142934.55677977
77149449.43575229
77155964.86491984
77162480.84432875
77168997.37402548
77175514.4540565
77182032.08446813
77188550.26530734
77195068.99661995
77201588.27845295
77208108.11085266
77214628.49386558
77221149.42753823
77227670.91191693
77234192.9470485
77240715.53297932
77247238.66975589
77253762.35742474
77260286.59603223
77266811.38562535
77273336.72625002
77279862.61795324
77286389.06078139
77292916.05478102
77299443.59999868
77305971.69648075
77312500.34427412
77319029.54342516
77325559.29398046
77332089.59598659
77338620.44948995
77345151.85453759
77351683.81117547
77358216.31945063
77364749.3794095
77371282.99109869
77377817.15456477
77384351.8698542
77390887.13701388
77397422.95609029
77403959.32713
77410496.25017965
77417033.7252857
77423571.75249524
77430110.33185425
77436649.46340987
77443189.14720856
77449729.38329694
77456270.17172167
77462811.51252922
77469353.40576658
77475895.85148023
77482438.84971684
77488982.40052307
77495526.50394541
77502071.16003102
77508616.36882594
77515162.13037732
77521708.44473168
77528255.31193571
77534802.7320361
77541350.70507938
77547899.23111255
77554448.31018218
77560997.94233498
77567548.12761763
77574098.8660767
77580650.15775937
77587202.00271173
77593754.400981
77600307.35261373
77606860.85765667
77613414.91615653
77619969.52815993
77626524.69371389
77633080.41286503
77639636.6856601
77646193.51214583
77652750.89236884
77659308.82637638
77665867.31421457
77672426.35593067
77678985.95157129
77685546.10118319
77692106.80481319
77698668.0625079
77705229.87431443
77711792.24027942
77718355.16044967
77724918.63487199
77731482.66359301
77738047.24666004
77744612.38411924
77751178.07601792
77757744.32240275
77764311.12332053
77770878.47881812
77777446.38894218
77784014.85373989
77790583.8732579
77797153.4475431
77803723.57664229
77810294.2606022
77816865.49947017
77823437.2932924
77830009.64211626
77836582.54598846
77843156.00495586
77849730.01906534
77856304.58836363
77862879.71289794
77869455.39271499
77876031.6278617
77882608.41838492
77889185.76433145
77895763.66574863
77902342.12268275
77908921.13518122
77915500.70329078
77922080.82705835
77928661.50653085
77935242.74175508
77941824.53277828
77948406.87964721
77954989.78240883
77961573.24111009
77968157.25579777
77974741.82651931
77981326.95332102
77987912.63625036
77994498.87535413
78001085.67067927
78007673.0222728
78014260.9301815
78020849.3944527
78027438.41513322
78034027.99227004
78040618.12591015
78047208.8161004
78053800.06288826
78060391.86632012
78066984.22644345
78073577.14330511
78080170.6169521
78086764.64743146
78093359.23479007
78099954.37907524
78106550.08033389
78113146.33861302
78119743.15395968
78126340.52642076
78132938.4560438
78139536.94287519
78146135.98696248
78152735.58835258
78159335.74709255
78165936.46322945
78172537.73681019
78179139.5678822
78185741.95649236
78192344.90268779
78198948.40651554
78205552.46802275
78212157.08725648
78218762.26426367
78225367.99909179
78231974.29178774
78238581.14239866
78245188.55097166
78251796.51755369
78258405.0421922
78265014.12493418
78271623.76582673
78278233.96491702
78284844.72225216
78291456.03787932
78298067.91184548
78304680.34419811
78311293.3349842
78317906.88425092
78324520.99204545
78331135.65841477
78337750.88340639
78344366.6670673
78350983.00944473
78357599.91058584
78364217.3705378
78370835.38934782
78377453.96706294
78384073.10373068
78390692.79939808
78397313.05411234
78403933.8679207
78410555.2408702
78417177.17300837
78423799.66438228
78430422.71503916
78437046.32502626
78443670.4943908
78450295.22318003
78456920.511441
78463546.35922132
78470172.76656808
78476799.73352852
78483427.26014991
78490055.34647934
78496683.99256441
78503313.19845223
78509942.96419008
78516573.28982525
78523204.175405
78529835.62097663
78536467.62658727
78543100.19228454
78549733.31811559
78556367.00412771
78563001.25036822
78569636.05688426
78576271.42372347
78582907.35093302
78589543.83856022
78596180.88665241
78602818.49525692
78609456.66442107
78616095.39419207
78622734.68461756
78629374.53574474
78636014.94762096
78642655.92029357
78649297.45380978
78655939.54821728
78662582.20356327
78669225.41989511
78675869.1972602
78682513.53570591
78689158.43527961
78695803.89602855
78702449.91800043
78709096.50124249
78715743.64580214
78722391.35172677
78729039.61906363
78735688.44786046
78742337.83816451
78748987.79002321
78755638.30348396
78762289.37859422
78768941.01540141
78775593.2139528
78782245.97429615
78788899.29647876
78795553.18054807
78802207.62655152
78808862.63453642
78815518.20455055
78822174.3366412
78828831.03085588
78835488.28724201
78842146.10584709
78848804.48671861
78855463.42990388
78862122.93545072
78868783.00340644
78875443.63381857
78882104.82673457
78888766.58220182
78895428.90026815
78902091.78098089
78908755.22438756
78915419.23053569
78922083.79947281
78928748.93124643
78935414.62590392
78942080.88349317
78948747.70406154
78955415.08765656
78962083.0343258
78968751.54411665
78975420.61707698
78982090.25325419
78988760.45269585
78995431.21544953
79002102.5415628
79008774.43108323
79015446.88405825
79022119.90053576
79028793.48056321
79035467.62418815
79042142.33145823
79048817.60242084
79055493.43712392
79062169.83561495
79068846.7979415
79075524.32415123
79082202.41429172
79088881.06841062
79095560.2865554
79102240.06877398
79108920.41511388
79115601.32562272
79122282.80034816
79128964.83933766
79135647.44263923
79142330.61030033
79149014.34236866
79155698.63889185
79162383.4999176
79169068.92549355
79175754.91566724
79182441.47048667
79189128.58999936
79195816.27425301
79202504.5232953
79209193.33717377
79215882.7159366
79222572.65963088
79229263.16830476
79235954.24200583
79242645.88078177
79249338.08468035
79256030.85374908
79262724.18803605
79269418.08758883
79276112.55245516
79282807.58268274
79289503.17831922
79296199.33941278
79302896.06601055
79309593.35816078
79316291.21591106
79322989.63930915
79329688.62840284
79336388.18323973
79343088.30386792
79349788.99033502
79356490.24268885
79363192.06097716
79369894.44524762
79376597.39554848
79383300.91192693
79390004.99443123
79396709.64310904
79403414.85800818
79410120.63917646
79416826.98666154
79423533.90051158
79430241.38077424
79436949.42749737
79443658.0407288
79450367.2205162
79457076.96690792
79463787.27995114
79470498.15969422
79477209.60618487
79483921.61947092
79490634.19960025
79497347.34662057
79504061.06058009
79510775.34152651
79517490.18950772
79524205.60457163
79530921.58676592
79537638.136139
79544355.25273813
79551072.93661168
79557791.18780743
79564510.00637324
79571229.39235705
79577949.34580664
79584669.86677022
79591390.95529558
79598112.61143064
79604834.83522335
79611557.62672147
79618280.98597345
79625004.91302657
79631729.40792927
79638454.47072937
79645180.10147479
79651906.30021352
79658633.06699336
79665360.4018626
79672088.30486909
79678816.77606076
79685545.81548561
79692275.42319149
79699005.59922685
79705736.34363905
79712467.65647657
79719199.53778727
79725931.98761915
79732665.00602022
79739398.59303832
79746132.74872182
79752867.47311857
79759602.76627661
79766338.62824395
79773075.0590685
79779812.05879876
79786549.62748213
79793287.76516715
79800026.47190171
79806765.74773388
79813505.5927117
79820246.00688308
79826986.99029642
79833728.54299964
79840470.66504079
79847213.35646798
79853956.61732912
79860700.44767278
79867444.84754643
79874189.81699863
79880935.35607733
79887681.46483062
79894428.14330664
79901175.39155331
79907923.2096191
79914671.59755197
79921420.55540003
79928170.0832114
79934920.18103409
79941670.8489167
79948422.0869067
79955173.89505278
79961926.2734029
79968679.2220052
79975432.74090786
79982186.83015887
79988941.48980673
79995696.71989945
80002452.52048519
80009208.89161214
80015965.83332834
80022723.34568243
80029481.42872196
80036240.08249563
80042999.30705146
80049759.10243767
80056519.46870245
80063280.40589386
80070041.91406044
80076803.99325025
80083566.6435115
80090329.86489244
80097093.65744112
80103858.02120627
80110622.9562355
80117388.4625775
80124154.5402804
80130921.18939243
80137688.40996183
80144456.20203674
80151224.56566572
80157993.50089689
80164763.00777851
80171533.08635888
80178303.73668608
80185074.95880891
80191846.75277501
80198619.11863315
80205392.05643149
80212165.56621829
80218939.64804189
80225714.30195042
80232489.52799252
80239265.32621635
80246041.69667025
80252818.63940251
80259596.15446147
80266374.24189548
80273152.90175271
80279932.13408183
80286711.938931
80293492.3163486
80300273.26638296
80307054.7890823
80313836.8844953
80320619.55267017
80327402.79365526
80334186.60749896
80340970.99424964
80347755.9539557
80354541.48666534
80361327.5924273
80368114.27128981
80374901.52330126
80381689.34851004
80388477.74696442
80395266.71871315
80402056.26380444
80408846.38228674
80415637.07420847
80422428.33961804
80429220.17856391
80436012.59109433
80442805.57725808
80449599.13710344
80456393.27067886
80463187.97803278
80469983.2592135
80476779.11426982
80483575.54325004
80490372.5462026
80497170.12317601
80503968.27421872
80510766.99937923
80517566.29870585
80524366.1722474
80531166.62005222
80537967.64216879
80544769.23864561
80551571.40953104
80558374.15487392
80565177.47472258
80571981.36912556
80578785.83813137
80585590.88178852
80592396.50014557
80599202.69325088
80606009.46115331
80612816.80390124
80619624.72154324
80626433.21412782
80633242.2817034
80640051.92431886
80646862.1420226
80653672.93486318
80660484.3028892
80667296.2461492
80674108.76469176
80680921.85856533
80687735.5278188
80694549.7725006
80701364.59265935
80708179.98834363
80714995.95960188
80721812.50648305
80728629.62903556
80735447.32730806
80742265.60134915
80749084.45120746
80755903.87693162
80762723.8785701
80769544.45617187
80776365.6097854
80783187.33945931
80790009.6452423
80796832.52718285
80803655.98532991
80810480.019732
80817304.63043779
80824129.81749594
80830955.58095513
80837781.92086405
80844608.8372712
80851436.33022559
80858264.39977576
80865093.04597041
80871922.26885822
80878752.06848775
80885582.44490802
80892413.39816758
80899244.92831515
80906077.03539944
80912909.71946919
80919742.9805731
80926576.81875977
80933411.23407824
80940246.2265771
80947081.7963051
80953917.94331096
80960754.6676433
80967591.96935117
80974429.8484832
80981268.30508813
80988107.33921476
80994946.95091182
81001787.14022812
81008627.90721227
81015469.25191338
81022311.17438006
81029153.67466114
81035996.75280538
81042840.40886144
81049684.64287846
81056529.45490506
81063374.84499007
81070220.81318231
81077067.3595306
81083914.48408376
81090762.18689045
81097610.46799986
81104459.32746065
81111308.76532166
81118158.78163174
81125009.37643957
81131860.54979435
81138712.30174474
81145564.63233966
81152417.54162793
81159271.02965845
81166125.09648007
81172979.74214153
81179834.96669203
81186690.7701803
81193547.15265523
81200404.11416571
81207261.65476048
81214119.77448879
81220978.47339936
81227837.75154112
81234697.60896297
81241558.04571386
81248419.06184268
81255280.65739822
81262142.83242974
81269005.586986
81275868.92111596
81282732.83486857
81289597.32829258
81296462.40143748
81303328.05435154
81310194.28708424
81317061.09968436
81323928.49220088
81330796.46468277
81337665.01717886
81344534.14973846
81351403.86241038
81358274.15524364
81365145.02828719
81372016.48158988
81378888.51520124
81385761.1291696
81392634.32354444
81399508.09837466
81406382.45370924
81413257.38959724
81420132.90608749
81427009.00322936
81433885.68107174
81440762.93966366
81447640.77905418
81454519.19929215
81461398.20042716
81468277.78250757
81475157.94558297
81482038.68970224
81488920.01491445
81495801.9212687
81502684.40881388
81509567.4775994
81516451.12767419
81523335.35908735
81530220.17188795
81537105.56612495
81543991.54184794
81550878.09910537
81557765.23794684
81564652.9584213
81571541.26057787
81578430.1444657
81585319.61013371
81592209.6576314
81599100.28700772
81605991.49831182
81612883.29159284
81619775.66689976
81626668.62428224
81633562.16378877
81640456.28546901
81647350.98937196
81654246.27554679
81661142.14404267
81668038.59490861
81674935.62819414
81681833.24394827
81688731.4422202
81695630.2230591
81702529.58651403
81709429.53263468
81716330.06146957
81723231.17306845
81730132.86748035
81737035.1447545
81743938.00494012
81750841.44808626
81757745.4742425
81764650.08345789
81771555.27578168
81778461.05126312
81785367.4099513
81792274.35189596
81799181.8771457
81806089.98575026
81812998.67775877
81819907.95322047
81826817.81218465
81833728.25470042
81840639.28081739
81847550.89058469
81854463.08405161
81861375.86126743
81868289.22228129
81875203.167143
81882117.69590119
81889032.80860567
81895948.5053056
81902864.7860503
81909781.65088908
81916699.09987111
81923617.13304606
81930535.7504631
81937454.95217155
81944374.73822078
81951295.10865995
81958216.06353894
81965137.6029064
81972059.72681224
81978982.43530563
81985905.72843593
81992829.60625254
81999754.06880467
82006679.116142
82013604.74831378
82020530.96536942
82027457.76735826
82034385.15432958
82041313.12633325
82048241.68341804
82055170.82563384
82062100.55302991
82069030.86565566
82075961.76356052
82082893.24679375
82089825.31540512
82096757.96944389
82103691.2089595
82110625.03400141
82117559.4446189
82124494.4408619
82131430.02277923
82138366.19042082
82145302.943836
82152240.28307423
82159178.20818497
82166116.71921755
82173055.81622179
82179995.49924698
82186935.76834263
82193876.62355824
82200818.06494313
82207760.09254731
82214702.70641962
82221645.90661007
82228589.69316801
82235534.06614296
82242479.02558446
82249424.57154183
82256370.70406498
82263317.42320326
82270264.7290062
82277212.62152337
82284161.10080414
82291110.16689855
82298059.81985551
82305010.05972509
82311960.88655667
82318912.30039981
82325864.30130412
82332816.88931897
82339770.06449433
82346723.82687956
82353678.1765243
82360633.11347811
82367588.6377906
82374544.74951139
82381501.4486899
82388458.73537609
82395416.6096194
82402375.07146946
82409334.12097588
82416293.75818813
82423253.98315617
82430214.7959295
82437176.19655773
82444138.18509051
82451100.7615775
82458063.92606834
82465027.67861253
82471992.01926008
82478956.94806047
82485922.46506336
82492888.57031846
82499855.26387525
82506822.54578376
82513790.41609351
82520758.8748542
82527727.92211552
82534697.55792716
82541667.78233884
82548638.5954001
82555609.99716097
82562581.98767102
82569554.56697994
82576527.73513749
82583501.49219322
82590475.8381972
82597450.773199
82604426.29724836
82611402.41039503
82618379.11268874
82625356.40417928
82632334.2849162
82639312.75494964
82646291.81432918
82653271.46310458
82660251.70132564
82667232.52904195
82674213.94630365
82681195.95316035
82688178.54966183
82695161.7358579
82702145.51179838
82709129.87753305
82716114.83311154
82723100.37858403
82730086.51400015
82737073.23940973
82744060.5548626
82751048.4604084
82758036.95609733
82765026.04197906
82772015.71810341
82779005.98452023
82785996.84127939
82792988.28843072
82799980.32602394
82806972.95410924
82813966.1727363
82820959.98195502
82827954.38181527
82834949.37236676
82841944.95365971
82848941.12574384
82855937.88866904
82862935.24248523
82869933.18724227
82876931.72299011
82883930.84977846
82890930.56765759
82897930.87667724
82904931.77688736
82911933.26833783
82918935.35107845
82925938.02515948
82932941.29063068
82939945.14754203
82946949.59594344
82953954.63588487
82960960.2674163
82967966.49058749
82974973.30544877
82981980.71204993
82988988.71044093
82995997.30067179
83003006.48279226
83010016.25685272
83017026.62290296
83024037.580993
83031049.1311728
83038061.2734924
83045074.00800179
83052087.33475083
83059101.25378984
83066115.76516871
83073130.86893745
83080146.56514606
83087162.85384445
83094179.73508297
83101197.2089115
83108215.27538006
83115233.93453874
83122253.18643756
83129273.0311266
83136293.46865575
83143314.49907541
83150336.12243548
83157358.33878605
83164381.14817718
83171404.55065878
83178428.5462813
83185453.13509464
83192478.31714891
83199504.0924942
83206530.46118064
83213557.4232583
83220584.97877717
83227613.12778765
83234641.87033974
83241671.20648354
83248701.1362692
83255731.65974666
83262762.77696642
83269794.48797844
83276826.79283287
83283859.69157986
83290893.18426956
83297927.27095215
83304961.9516776
83311997.22649644
83319033.09545866
83326069.55861443
83333106.61601394
83340144.26770721
83347182.51374476
83354221.35417661
83361260.78905298
83368300.81842405
83375341.44234003
83382382.66085114
83389424.47400741
83396466.8818594
83403509.88445719
83410553.48185098
83417597.67409101
83424642.46122734
83431687.84331073
83438733.82039075
83445780.39251813
83452827.55974299
83459875.32211556
83466923.67968611
83473972.63250475
83481022.18062206
83488072.32408817
83495123.06295334
83502174.39726788
83509226.32708187
83516278.85244614
83523331.9734103
83530385.69002514
83537440.00234081
83544494.91040762
83551550.41427588
83558606.51399574
83565663.20961785
83572720.50119238
83579778.38876966
83586836.8724
83593895.95213358
83600955.62802127
83608015.9001127
83615076.76845877
83622138.23310964
83629200.29411568
83636262.95152725
83643326.20539455
83650390.05576828
83657454.50269866
83664519.54623607
83671585.18643089
83678651.42333333
83685718.25699432
83692785.68746355
83699853.71479194
83706922.33902973
83713991.56022733
83721061.37843515
83728131.79370344
83735202.80608296
83742274.415624
83749346.62237693
83756419.42639223
83763492.82772015
83770566.82641166
83777641.42251654
83784716.61608571
83791792.40716949
83798868.79581834
83805945.7820827
83813023.3660129
83820101.54765975
83827180.32707354
83834259.70430477
83841339.67940392
83848420.2524213
83855501.42340794
83862583.19241364
83869665.55948943
83876748.52468564
83883832.08805278
83890916.24964136
83898001.00950174
83905086.36768478
83912172.32424085
83919258.87922049
83926346.03267421
83933433.7846524
83940522.13520612
83947611.08438523
83954700.6322408
83961790.77882324
83968881.52418308
83975972.86837089
83983064.8114371
83990157.35343261
83997250.49440783
84004344.23441334
84011438.57349975
84018533.51171747
84025629.0491176
84032725.18575007
84039821.921666
84046919.25691581
84054017.19155015
84061115.72561961
84068214.85917467
84075314.59226628
84082414.92494489
84089515.85726115
84096617.38926572
84103719.52100904
84110822.2525423
84117925.58391546
84125029.51517966
84132134.04638545
84139239.17758346
84146344.90882435
84153451.24015865
84160558.17163737
84167665.70331103
84174773.83523029
84181882.56744589
84188991.9000083
84196101.83296879
84203212.36637734
84210323.50028518
84217435.23474285
84224547.56980109
84231660.5055106
84238774.04192194
84245888.1790862
84253002.91705391
84260118.25587583
84267234.1956027
84274350.7362851
84281467.8779743
84288585.62072036
84295703.96457455
84302822.90958747
84309942.4558099
84317062.6032926
84324183.35208619
84331304.70224176
84338426.65380998
84345549.20684159
84352672.36138742
84359796.11749807
84366920.47522488
84374045.43461795
84381170.99572864
84388297.15860756
84395423.92330554
84402551.28987342
84409679.25836185
84416807.82882199
84423937.00130452
84431066.7758603
84438197.15254013
84445328.13139473
84452459.71247546
84459591.8958325
84466724.6815172
84473858.06958027
84480992.0600726
84488126.65304504
84495261.84854832
84502397.64663365
84509534.04735178
84516671.05075356
84523808.65688992
84530946.86581174
84538085.67756994
84545225.09221527
84552365.10979895
84559505.73037177
84566646.95398463
84573788.78068848
84580931.21053405
84588074.24357264
84595217.879855
84602362.1194321
84609506.96235488
84616652.4086743
84623798.4584413
84630945.11170667
84638092.36852175
84645240.22893731
84652388.69300434
84659537.76077382
84666687.43229656
84673837.70762387
84680988.58680661
84688140.06989574
84695292.1569423
84702444.84799725
84709598.14311165
84716752.04233629
84723906.54572256
84731061.65332131
84738217.36518358
84745373.68136038
84752530.60190257
84759688.12686156
84766846.25628819
84774004.99023353
84781164.32874863
84788324.27188455
84795484.81969234
84802645.9722229
84809807.72952764
84816970.09165747
84824133.05866347
84831296.63059671
84838460.80750813
84845625.58944914
84852790.97647066
84859956.96862382
84867123.5659597
84874290.76852943
84881458.5763841
84888626.98957466
84895796.00815259
84902965.63216883
84910135.86167452
84917306.6967208
84924478.13735862
84931650.18363947
84938822.83561434
84945996.09333438
84953169.95685072
84960344.42621456
84967519.50147703
84974695.18268916
84981871.46990244
84989048.3631679
84996225.8625367
85003403.96806003
85010582.67978892
85017761.99777491
85024941.92206901
85032122.45272246
85039303.58978643
85046485.33331214
85053667.68335082
85060850.63995351
85068034.20317179
85075218.3730567
85082403.1496595
85089588.5330314
85096774.52322349
85103961.12028734
85111148.32427406
85118336.1352349
85125524.5532211
85132713.57828394
85139903.21047468
85147093.44984443
85154284.2964448
85161475.75032692
85168667.81154205
85175860.4801415
85183053.7561764
85190247.63969836
85197442.13075854
85204637.22940823
85211832.93569876
85219029.24968144
85226226.1714076
85233423.70092836
85240621.83829542
85247820.58355995
85255019.93677326
85262219.89798671
85269420.46725148
85276621.64461926
85283823.43014123
85291025.82386874
85298228.82585318
85305432.4361459
85312636.65479827
85319841.48186152
85327046.91738734
85334252.96142697
85341459.61403179
85348666.8752532
85355874.74514242
85363083.2237512
85370292.31113078
85377502.00733256
85384712.31240799
85391923.22640844
85399134.74938537
85406346.88139002
85413559.62247418
85420772.9726891
85427986.93208626
85435201.50071706
85442416.67863281
85449632.4658853
85456848.8625258
85464065.8686058
85471283.48417675
85478501.70929015
85485720.54399745
85492939.98834997
85500160.04239954
85507380.70619747
85514601.97979526
85521823.86324441
85529046.35659626
85536269.45990264
85543493.17321491
85550717.49658458
85557942.43006316
85565167.97370219
85572394.1275532
85579620.89166753
85586848.26609708
85594076.25089322
85601304.8461075
85608534.05179146
85615763.86799648
85622994.29477467
85630225.33217686
85637456.98025516
85644689.23906097
85651922.10864584
85659155.5890614
85666389.68035902
85673624.38259067
85680859.69580775
85688095.62006186
85695332.15540461
85702569.30188742
85709807.05956246
85717045.42848061
85724284.40869403
85731524.00025417
85738764.20321266
85746005.01762113
85753246.44353105
85760488.4809944
85767731.13006267
85774974.3907875
85782218.26322055
85789462.74741329
85796707.84341793
85803953.55128543
85811199.87106799
85818446.8028171
85825694.34658448
85832942.50242177
85840191.27038051
85847440.65051274
85854690.64286998
85861941.24750394
85869192.46446632
85876444.29380867
85883696.73558322
85890949.789841
85898203.45663425
85905457.73601454
85912712.6280336
85919968.13274315
85927224.25019477
85934480.98044057
85941738.32353212
85948996.27952117
85956254.84845948
85963514.03039864
85970773.82539095
85978034.23348747
85985295.25474052
85992556.8892017
85999819.1369228
86007081.9979556
86014345.47235174
86021609.56016336
86028874.26144208
86036139.57623972
86043405.5046081
86050672.04659882
86057939.2022643
86065206.97165559
86072475.3548251
86079744.35182445
86087013.96270551
86094284.18752012
86101555.02631992
86108826.47915716
86116098.5460835
86123371.22715078
86130644.5224109
86137918.43191554
86145192.9557171
86152468.09386677
86159743.84641692
86167020.2134193
86174297.1949258
86181574.7909883
86188853.00165853
86196131.82698876
86203411.26703069
86210691.32183626
86217971.9914574
86225253.27594583
86232535.175354
86239817.68973318
86247100.81913579
86254384.5636136
86261668.92321856
86268953.89800264
86276239.48801759
86283525.69331574
86290812.51394886
86298099.94996892
86305388.00142787
86312676.66837756
86319965.95087045
86327255.84895785
86334546.36269227
86341837.49212551
86349129.23730958
86356421.59829648
86363714.57513803
86371008.16788661
86378302.37659405
86385597.20131238
86392892.6420936
86400188.69898957
86407485.37205286
86414782.6613348
86422080.56688796
86429379.08876419
86436678.22701557
86443977.98169413
86451278.35285176
86458579.34054089
86465880.94481339
86473183.16572133
86480486.0033168
86487789.4576517
86495093.52877866
86502398.21674904
86509703.52161546
86517009.44342986
86524315.98224434
86531623.138111
86538930.91108176
86546239.30120912
86553548.30854501
86560857.93314156
86568168.17505088
86575479.03432494
86582790.51101641
86590102.60517672
86597415.31685856
86604728.64611387
86612042.59299485
86619357.15755363
86626672.33984222
86633988.1399131
86641304.55781831
86648621.59361002
86655939.24734038
86663257.51906145
86670576.4088259
86677895.91668525
86685216.04269221
86692536.78689884
86699858.14935732
86707180.13011986
86714502.72923851
86721825.94676585
86729149.78275393
86736474.23725496
86743799.3103212
86751125.00200486
86758451.31235822
86765778.24143332
86773105.78928278
86780433.95595868
86787762.74151328
86795092.14599885
86802422.16946746
86809752.81197178
86817084.07356387
86824415.95429604
86831748.45422056
86839081.57338974
86846415.31185587
86853749.66967106
86861084.64688799
86868420.24355878
86875756.45973574
86883093.2954712
86890430.75081731
86897768.82582673
86905107.52055164
86912446.83504437
86919786.76935723
86927127.32354261
86934468.49765284
86941810.29174009
86949152.70585708
86956495.740056
86963839.39438921
86971183.66890907
86978528.5636678
86985874.07871814
86993220.21411228
87000566.9699026
87007914.34614153
87015262.34288143
87022610.96017472
87029960.19807363
87037310.05663092
87044660.53589885
87052011.63592981
87059363.35677624
87066715.69849038
87074068.66112505
87081422.24473247
87088776.44936511
87096131.2750754
87103486.72191581
87110842.78993878
87118199.4791966
87125556.78974208
87132914.72162752
87140273.2749054
87147632.44962817
87154992.24584818
87162352.66361824
87169713.70299065
87177075.36401795
87184437.64675261
87191800.55124713
87199164.07755405
87206528.22572567
87213892.99581487
87221258.38787402
87228624.40195562
87235991.03811221
87243358.29639615
87250726.17686033
87258094.67955711
87265463.80453907
87272833.55185874
87280203.92156866
87287574.91372143
87294946.52836941
87302318.76556554
87309691.62536223
87317065.10781203
87324439.21296754
87331813.94088118
87339189.29160587
87346565.26519406
87353941.86169834
87361319.08117132
87368696.92366561
87376075.38923381
87383454.47792839
87390834.18980232
87398214.52490804
87405595.48329818
87412977.06502539
87420359.27014214
87427742.09870142
87435125.55075571
87442509.62635766
87449894.32555994
87457279.6484152
87464665.59497611
87472052.16529518
87479439.35942544
87486827.17741938
87494215.61932969
87501604.68520908
87508994.37511005
87516384.68908565
87523775.62718841
87531167.18947107
87538559.3759863
87545952.18678683
87553345.6219254
87560739.68145455
87568134.36542736
87575529.67389639
87582925.60691437
87590322.16453408
87597719.34680805
87605117.1537894
87612515.58553073
87619914.64208478
87627314.32350433
87634714.62984215
87642115.561151
87649517.1174835
87656919.29889278
87664322.10543145
87671725.53715232
87679129.59410816
87686534.27635163
87693939.58393587
87701345.51691352
87708752.07533738
87716159.2592603
87723567.06873506
87730975.50381453
87738384.56455137
87745794.25099874
87753204.56320933
87760615.50123596
87768027.06513152
87775439.25494865
87782852.0707406
87790265.51256002
87797679.58045982
87805094.27449284
87812509.59471197
87819925.5411701
87827342.11391994
87834759.31301473
87842177.13850719
87849595.59045021
87857014.66889672
87864434.37389943
87871854.7055118
87879275.66378601
87886697.24877556
87894119.46053316
87901542.29911177
87908965.7645643
87916389.85694355
87923814.5763028
87931239.9226948
87938665.89617254
87946092.49678896
87953519.72459684
87960947.57964972
87968376.0619998
87975805.17170064
87983234.90880501
87990665.27336593
87998096.26543635
88005527.88506912
88012960.13231757
88020393.00723454
88027826.50987305
88035260.64028607
88042695.39852649
88050130.78464782
88057566.79870242
88065003.4407438
88072440.71082488
88079878.60899864
88087317.13531816
88094756.28983629
88102196.07260646
88109636.48368153
88117077.52311456
88124519.19095865
88131961.48726664
88139404.41209218
88146847.96548763
88154292.1475066
88161736.95820199
88169182.3976269
88176628.46583445
88184075.16287754
88191522.48880966
88198970.4436837
88206419.0275528
88213868.24047008
88221318.08248849
88228768.55366169
88236219.65404208
88243671.38368337
88251123.7426385
88258576.73096062
88266030.34870288
88273484.59591825
88280939.47266027
88288394.97898193
88295851.11493637
88303307.88057677
88310765.27595614
88318223.3011282
88325681.9561454
88333141.24106151
88340601.15592952
88348061.70080262
88355522.87573405
88362984.68077679
88370447.11598447
88377910.18141009
88385373.87710688
88392838.20312808
88400303.15952674
88407768.74635662
88415234.96367025
88422701.81152144
88430169.28996322
88437637.39904886
88445106.13883165
88452575.50936462
88460045.51070143
88467516.14289518
88474987.40599911
88482459.30006655
88489931.82515056
88497404.981305
88504878.76858245
88512353.18703672
88519828.23672096
88527303.91768847
88534780.22999257
88542257.17368639
88549734.74882361
88557212.95545737
88564691.79364103
88572171.2634279
88579651.36487114
88587132.09802464
88594613.46294104
88602095.45967422
88609578.08827737
88617061.34880383
88624545.24130699
88632029.76584004
88639514.92245671
88647000.71121019
88654487.1321539
88661974.18534118
88669461.87082529
88676950.18866014
88684439.13889843
88691928.7215941
88699418.93680038
88706909.78457068
88714401.26495844
88721893.37801689
88729386.12379983
88736879.50236052
88744373.51375239
88751868.15802889
88759363.43524326
88766859.34544954
88774355.88870044
88781853.06504996
88789350.8745514
88796849.31725822
88804348.3932239
88811848.10250174
88819348.44514558
88826849.42120872
88834351.03074469
88841853.27380694
88849356.15044884
88856859.6607244
88864363.80468643
88871868.58238898
88879373.9938854
88886880.0392292
88894386.71847393
88901894.03167291
88909401.97888008
88916910.56014876
88924419.77553254
88931929.62508495
88939440.10885938
88946951.2269099
88954462.9792894
88961975.36605194
88969488.38725097
88977002.04294004
88984516.33317272
88992031.25800245
88999546.81748316
89007063.01166828
89014579.8406114
89022097.30436614
89029615.40298611
89037134.13652492
89044653.50503601
89052173.50857337
89059694.14719044
89067215.42094085
89074737.32987826
89082259.87405612
89089783.05352843
89097306.86834867
89104831.31857051
89112356.40424758
89119882.12543358
89127408.48218215
89134935.47454679
89142463.10258156
89149991.36633995
89157520.26587564
89165049.80124234
89172579.97249354
89180110.77968334
89187642.22286524
89195174.30209294
89202707.01742019
89210240.36890069
89217774.35658817
89225308.98053616
89232844.24079879
89240380.13742958
89247916.6704823
89255453.84001069
89262991.6460683
89270530.08870928
89278069.16798718
89285608.8839558
89293149.23666888
89300690.22618021
89308231.85254356
89315774.11581254
89323317.0160413
89330860.55328344
89338404.72759277
89345949.53902309
89353494.98762801
89361041.07346171
89368587.79657784
89376135.15703021
89383683.15487264
89391231.79015897
89398781.06294301
89406330.97327845
89413881.52121946
89421432.70681973
89428984.5301331
89436536.99121344
89444090.09011441
89451643.82689026
89459198.20159465
89466753.21428148
89474308.86500463
89481865.15381795
89489422.08077537
89496979.64593057
89504537.84933783
89512096.69105087
89519656.17112358
89527216.28960988
89534777.0465635
89542338.44203873
89549900.47608931
89557463.14876917
89565026.46013224
89572590.41023247
89580154.99912378
89587720.22685994
89595286.0934953
89602852.59908359
89610419.74367878
89617987.52733485
89625555.9501056
89633125.01204534
89640694.71320787
89648265.05364719
89655836.03341728
89663407.65257214
89670979.91116574
89678552.80925193
89686126.34688507
89693700.524119
89701275.34100771
89708850.79760525
89716426.89396544
89724003.63014267
89731581.00619082
89739159.0221639
89746737.67811598
89754316.97410108
89761896.91017327
89769477.4863864
89777058.70279494
89784640.55945273
89792223.05641387
89799806.19373241
89807389.97146226
89814974.38965788
89822559.44837317
89830145.14766221
89837731.4875791
89845318.46817796
89852906.08951288
89860494.3516378
89868083.2546072
89875672.798475
89883262.98329534
89890853.80912235
89898445.27600999
89906037.38401274
89913630.13318458
89921223.52357966
89928817.55525212
89936412.22825614
89944007.54264584
89951603.49847524
89959200.09579886
89966797.3346707
89974395.21514493
89981993.73727576
89989592.90111716
89997192.70672372
90004793.15414944
90012394.24344854
90019995.9746752
90027598.34788364
90035201.3631281
90042805.02046259
90050409.31994171
90058014.26161952
90065619.84555024
90073226.07178812
90080832.9403872
90088440.45140213
90096048.60488696
90103657.40089594
90111266.83948335
90118876.92070344
90126487.6446105
90134099.0112586
90141711.0207024
90149323.67299601
90156936.96819372
90164550.90634982
90172165.48751841
90179780.71175437
90187396.57911125
90195013.08964393
90202630.24340653
90210248.04045339
90217866.48083882
90225485.56461698
90233105.29184258
90240725.66256975
90248346.67685285
90255968.33474624
90263590.63630407
90271213.58158126
90278837.17063145
90286461.40350954
90294086.28026974
90301711.8009664
90309337.96565391
90316964.7743865
90324592.2272189
90332220.32420531
90339849.06540017
90347478.45085785
90355108.48063259
90362739.15477936
90370370.47335184
90378002.43640499
90385635.04399309
90393268.29617052
90400902.19299176
90408536.73451105
90416171.9207832
90423807.7518625
90431444.22780338
90439081.3486603
90446719.11448756
90454357.52534017
90461996.58127186
90469636.28233768
90477276.62859191
90484917.62008904
90492559.25688358
90500201.5390298
90507844.46658263
90515488.03959635
90523132.25812548
90530777.12222454
90538422.63194785
90546068.7873505
90553715.5884863
90561363.0354103
90569011.12817687
90576659.86684056
90584309.2514559
90591959.28207728
90599609.95875962
90607261.28155728
90614913.25052483
90622565.86571686
90630219.12718774
90637873.0349926
90645527.58918531
90653182.789821
90660838.63695407
90668495.13063914
90676152.27093078
90683810.05788343
90691468.49155208
90699127.57199115
90706787.29925527
90714447.67339906
90722108.69447696
90729770.36254416
90737432.67765458
90745095.6398634
90752759.2492251
90760423.5057943
90768088.4096257
90775753.96077374
90783420.15929347
90791087.0052394
90798754.49866618
90806422.6396285
90814091.42818086
90821760.8643785
90829430.94827537
90837101.67992675
90844773.05938715
90852445.08671126
90860117.7619538
90867791.08516933
90875465.0564129
90883139.67573908
90890814.9432026
90898490.8588582
90906167.42276041
90913844.63496457
90921522.49552464
90929201.004496
90936880.16193315
90944559.9678909
90952240.422424
90959921.52558707
90967603.27743521
90975285.67802304
90982968.72740537
90990652.42563696
90998336.77277243
91006021.76886714
91013707.41397515
91021393.70815185
91029080.65145183
91036768.24392994
91044456.48564099
91052145.37663963
91059834.91698107
91067525.10671996
91075215.94591112
91082907.43460943
91090599.57286954
91098292.36074686
91105985.79829553
91113679.88557094
91121374.62262781
91129070.009521
91136766.04630539
91144462.73303567
91152160.0697671
91159858.05655442
91167556.69345249
91175255.98051623
91182955.91780037
91190656.50536036
91198357.74325038
91206059.63152593
91213762.17024173
91221465.35945271
91229169.19921382
91236873.6895798
91244578.83060597
91252284.62234709
91259991.06485812
91267698.15819404
91275405.90240958
91283114.29756032
91290823.34370044
91298533.04088551
91306243.3891703
91313954.38860981
91321666.03925905
91329378.34117278
91337091.29440643
91344804.89901479
91352519.15505286
91360234.06257567
91367949.62163824
91375665.8322956
91383382.69460256
91391100.20861456
91398818.37438644
91406537.19197324
91414256.66143002
91421976.78281163
91429697.5561735
91437418.98157051
91445141.05905773
91452863.78869021
91460587.17052305
91468311.20461132
91476035.89100991
91483761.2297743
91491487.22095938
91499213.86462025
91506941.16081202
91514669.10958962
91522397.7110085
91530126.96512364
91537856.87199013
91545587.4316631
91553318.64419767
91561050.509649
91568783.02807203
91576516.19952227
91584250.0240547
91591984.50172447
91599719.63258673
91607455.41669647
91615191.85410921
91622928.94487996
91630666.68906389
91638405.08671618
91646144.13789201
91653883.84264658
91661624.2010349
91669365.21311253
91677106.87893452
91684849.19855604
91692592.17203233
91700335.79941842
91708080.0807699
91715825.01614182
91723570.6055894
91731316.8491679
91739063.74693255
91746811.2989386
91754559.50524111
91762308.3658957
91770057.88095748
91777808.05048168
91785558.8745236
91793310.3531383
91801062.48638144
91808815.27430815
91816568.71697366
91824322.81443332
91832077.5667424
91839832.97395623
91847589.03612989
91855345.7533191
91863103.12557897
91870861.15296483
91878619.83553201
91886379.17333566
91894139.16643147
91901899.8148746
91909661.11872041
91917423.07802425
91925185.69284146
91932948.96322739
91940712.88923725
91948477.47092676
91956242.70835112
91964008.60156569
91971775.15062585
91979542.35558684
91987310.21650438
91995078.73343371
92002847.90643021
92010617.73554932
92018388.22084641
92026159.36237691
92033931.16019607
92041703.61435966
92049476.72492296
92057250.49194136
92065024.91547033
92072799.99556512
92080575.73228155
92088352.12567489
92096129.17580058
92103906.88271411
92111685.24647093
92119464.26712652
92127243.94473615
92135024.2793557
92142805.27104047
92150586.91984592
92158369.22582759
92166152.18904075
92173935.80954129
92181720.08738455
92189505.02262603
92197290.61532125
92205076.86552574
92212863.773295
92220651.33868442
92228439.56174988
92236228.44254676
92244017.98113057
92251808.17755689
92259599.03188108
92267390.54415908
92275182.71444626
92282975.5427982
92290769.02927047
92298563.17391866
92306357.97679833
92314153.4379649
92321949.55747433
92329746.33538204
92337543.77174364
92345341.86661471
92353140.6200507
92360940.03210758
92368740.10284081
92376540.832306
92384342.22055878
92392144.2676548
92399946.9736497
92407750.3385989
92415554.36255848
92423359.04558387
92431164.38773076
92438970.38905478
92446777.04961143
92454584.36945675
92462392.34864625
92470200.98723559
92478010.28528048
92485820.24283658
92493630.85995962
92501442.1367051
92509254.0731291
92517066.66928715
92524879.92523496
92532693.84102824
92540508.41672255
92548323.65237418
92556139.5480381
92563956.10377063
92571773.3196273
92579591.19566388
92587409.73193613
92595228.9284996
92603048.78541043
92610869.30272421
92618690.48049672
92626512.31878373
92634334.81764081
92642157.97712435
92649981.79728937
92657806.27819222
92665631.41988853
92673457.22243409
92681283.68588473
92689110.81029606
92696938.59572428
92704767.04222503
92712596.14985414
92720425.91866742
92728256.34872057
92736087.44006994
92743919.19277066
92751751.60687914
92759584.68245105
92767418.41954227
92775252.81820862
92783087.87850581
92790923.60049011
92798759.98421718
92806597.02974294
92814434.73712325
92822273.10641383
92830112.13767113
92837951.83095033
92845792.18630788
92853633.20379952
92861474.88348114
92869317.22540872
92877160.22963794
92885003.89622514
92892848.22522606
92900693.21669665
92908538.87069286
92916385.18727043
92924232.16648592
92932079.80839449
92939928.11305271
92947777.08051635
92955626.71084137
92963477.00408378
92971327.96029934
92979179.57954445
92987031.86187491
92994884.80734669
93002738.41601583
93010592.68793812
93018447.62317017
93026303.22176722
93034159.48378585
93042016.40928192
93049873.99831147
93057732.25093052
93065591.16719492
93073450.74716109
93081310.9908849
93089171.89842242
93097033.4698297
93104895.7051626
93112758.60447778
93120622.16783053
93128486.39527753
93136351.28687467
93144216.84267801
93152083.06274366
93159949.94712755
93167817.49588613
93175685.70907535
93183554.58675128
93191424.12897009
93199294.33578765
93207165.20726071
93215036.74344462
93222908.9443961
93230781.81017107
93238655.34082569
93246529.53641613
93254404.39699833
93262279.92262885
93270156.11336365
93278032.9692589
93285910.4903708
93293788.6767553
93301667.52846918
93309547.04556784
93317427.22810808
93325308.07614589
93333189.58973746
93341071.76893902
93348954.61380659
93356838.12439674
93364722.30076554
93372607.14296919
93380492.65106393
93388378.8251058
93396265.66515163
93404153.17125687
93412041.34347837
93419930.18187219
93427819.68649457
93435709.8574018
93443600.69464995
93451492.19829567
93459384.36839506
93467277.20500438
93475170.70817994
93483064.87797783
93490959.71445493
93498855.21766677
93506751.38767025
93514648.22452146
93522545.72827673
93530443.89899239
93538342.73672456
93546242.24152996
93554142.41346474
93562043.25258523
93569944.75894779
93577846.93260856
93585749.77362448
93593653.28205115
93601557.4579455
93609462.3013637
93617367.81236215
93625273.9909972
93633180.83732505
93641088.35140248
93648996.53328566
93656905.38303104
93664814.900695
93672725.08633372
93680635.94000424
93688547.46176219
93696459.65166454
93704372.50976758
93712286.03612769
93720200.23080131
93728115.09384473
93736030.62531474
93743946.82526761
93751863.6937598
93759781.23084776
93767699.43658796
93775618.31103685
93783537.85425076
93791458.0662865
93799378.9472004
93807300.49704893
93815222.71588857
93823145.60377565
93831069.16076705
93838993.38691907
93846918.28228824
93854843.84693107
93862770.08090408
93870696.98426381
93878624.55706657
93886552.79936932
93894481.71122837
93902411.29270029
93910341.54384162
93918272.46470872
93926204.05535853
93934136.31584744
93942069.246232
93950002.84656881
93957937.11691444
93965872.05732544
93973807.66785824
93981743.94856982
93989680.89951658
93997618.52075511
94005556.81234203
94013495.77433375
94021435.40678728
94029375.70975906
94037316.68330568
94045258.32748382
94053200.64235008
94061143.62796111
94069087.28437337
94077031.6116439
94084976.60982914
94092922.27898577
94100868.61917046
94108815.63043967
94116763.31285046
94124711.66645932
94132660.69132295
94140610.38749802
94148560.75504123
94156511.79400927
94164463.50445867
94172415.8864465
94180368.94002931
94188322.66526379
94196277.06220667
94204232.13091448
94212187.87144436
94220144.28385282
94228101.36819664
94236059.12453252
94244017.55291726
94251976.65340757
94259936.42606005
94267896.87093185
94275857.98807953
94283819.77755988
94291782.23942967
94299745.3737455
94307709.18056454
94315673.65994339
94323638.81193885
94331604.63660772
94339571.13400683
94347538.30419296
94355506.14722277
94363474.66315344
94371443.85204162
94379413.71394414
94387384.24891783
94395355.45701934
94403327.33830592
94411299.89283422
94419273.1206611
94427247.0218434
94435221.596438
94443196.8445018
94451172.76609142
94459149.36126418
94467126.63007677
94475104.57258604
94483083.18884893
94491062.47892211
94499042.4428629
94507023.080728
94515004.39257433
94522986.3784588
94530969.03843835
94538952.3725699
94546936.38091019
94554921.06351654
94562906.42044571
94570892.45175464
94578879.1575003
94586866.53773943
94594854.59252939
94602843.32192695
94610832.72598909
94618822.80477278
94626813.55833499
94634804.98673274
94642797.0900228
94650789.86826256
94658783.32150882
94666777.44981861
94674772.25324892
94682767.73185657
94690763.88569899
94698760.71483298
94706758.21931559
94714756.39920384
94722755.25455478
94730754.78542545
94738754.99187273
94746755.87395401
94754757.4317262
94762759.66524635
94770762.57457152
94778766.1597586
94786770.42086506
94794775.35794777
94802780.97106382
94810787.26027031
94818794.22562435
94826801.86718301
94834810.18500324
94842819.17914252
94850828.84965776
94858839.19660611
94866850.22004467
94874861.9200304
94882874.29662082
94890887.34987284
94898901.07984366
94906915.4865904
94914930.57017021
94922946.33064027
94930962.76805754
94938979.88247956
94946997.67396335
94955016.14256607
94963035.28834489
94971055.11135682
94979075.61165963
94987096.78930975
94995118.64436495
95003141.17688227
95011164.3869189
95019188.27453206
95027212.8397788
95035238.08271672
95043264.00340284
95051290.60189444
95059317.87824872
95067345.83252275
95075374.46477437
95083403.77506006
95091433.76343764
95099464.42996423
95107495.77469705
95115527.7976934
95123560.49901037
95131593.87870562
95139627.93683626
95147662.67345957
95155698.08863288
95163734.18241327
95171770.95485865
95179808.40602553
95187846.53597185
95195885.34475471
95203924.83243147
95211964.99905944
95220005.84469576
95228047.36939818
95236089.57322384
95244132.4562301
95252176.01847434
95260220.26001368
95268265.18090612
95276310.78120822
95284357.06097795
95292404.02027251
95300451.65914929
95308499.97766565
95316548.97587883
95324598.65384659
95332649.01162617
95340700.04927497
95348751.7668504
95356804.16440968
95364857.24201085
95372910.99971053
95380965.43756676
95389020.55563678
95397076.35397802
95405132.83264796
95413189.99170385
95421247.83120352
95429306.35120426
95437365.55176355
95445425.43293883
95453485.99478741
95461547.23736735
95469609.16073537
95477671.76494953
95485735.05006716
95493799.01614574
95501863.66324279
95509928.9914156
95517995.00072214
95526061.69121969
95534129.06296578
95542197.11601797
95550265.85043357
95558335.26627073
95566405.3635862
95574476.14243814
95582547.6028839
95590619.74498104
95598692.56878713
95606766.07435954
95614840.26175624
95622915.13103463
95630990.68225227
95639066.91546677
95647143.83073553
95655221.42811674
95663299.70766722
95671378.66944514
95679458.31350797
95687538.63991329
95695619.64871874
95703701.33998176
95711783.71376038
95719866.77011202
95727950.50909436
95736034.930765
95744120.03518145
95752205.82240193
95760292.29248333
95768379.4454839
95776467.2814611
95784555.80047266
95792645.00257622
95800734.88782927
95808825.45628993
95816916.70801568
95825008.64306422
95833101.26149327
95841194.56336033
95849288.54872373
95857383.21764039
95865478.57016863
95873574.60636598
95881671.32629019
95889768.729999
95897866.81754996
95905965.58900121
95914065.0444103
95922165.18383501
95930266.00733311
95938367.51496217
95946469.70678054
95954572.58284523
95962676.1432146
95970780.38794626
95978885.317098
95986990.93072763
95995097.22889276
96003204.21165158
96011311.8790617
96019420.23118097
96027529.2680672
96035638.98977801
96043749.39637184
96051860.48790574
96059972.26443815
96068084.72602671
96076197.8727293
96084311.70460375
96092426.22170773
96100541.42409952
96108657.3118368
96116773.88497743
96124891.14357929
96133009.0877001
96141127.71739832
96149247.03273106
96157367.03375684
96165487.72053334
96173609.09311849
96181731.1515702
96189853.8959462
96197977.32630482
96206101.44270378
96214226.24520102
96222351.7338545
96230477.90872215
96238604.76986192
96246732.3173316
96254860.5511895
96262989.47149342
96271119.07830133
96279249.37167118
96287380.3516608
96295512.01832853
96303644.37173219
96311777.41192977
96319911.13897927
96328045.55293868
96336180.65386604
96344316.44181915
96352452.91685642
96360590.07903568
96368727.92841499
96376866.46505235
96385005.68900563
96393145.60033324
96401286.19909306
96409427.48534313
96417569.45914151
96425712.12054627
96433855.46961549
96441999.50640702
96450144.23097935
96458289.64339039
96466435.7436982
96474582.53196086
96482730.0082363
96490878.17258303
96499027.02505893
96507176.56572212
96515326.79463074
96523477.7118429
96531629.31741673
96539781.61141016
96547934.59388171
96556088.26488937
96564242.62449126
96572397.67274553
96580553.40971014
96588709.83544366
96596866.95000404
96605024.75344948
96613183.24583815
96621342.42722823
96629502.2976779
96637662.85724516
96645824.10598859
96653986.04396623
96662148.67123625
96670311.98785688
96678475.99388614
96686640.68938264
96694806.07440442
96702972.1490097
96711138.91325672
96719306.36720373
96727474.51090896
96735643.34443048
96743812.86782692
96751983.08115639
96760153.9844771
96768325.57784735
96776497.86132522
96784670.83496939
96792844.49883792
96801018.85298914
96809193.8974813
96817369.63237275
96825546.05772176
96833723.17358646
96841900.98002556
96850079.47709718
96858258.66485964
96866438.54337128
96874619.11269023
96882800.37287521
96890982.3239844
96899164.96607614
96907348.29920878
96915532.32344067
96923717.03883018
96931902.4454355
96940088.54331538
96948275.33252801
96956462.81313176
96964650.98518504
96972839.84874605
96981029.40387356
96989219.6506258
96997410.58906116
97005602.21923807
97013794.54121494
97021987.5550502
97030181.26080206
97038375.65852939
97046570.74829039
97054766.53014351
97062963.00414723
97071160.17035979
97079358.02884002
97087556.57964621
97095755.82283683
97103955.75847036
97112156.38660525
97120357.70729999
97128559.72061288
97136762.42660281
97144965.82532808
97153169.9168472
97161374.70121865
97169580.17850077
97177786.34875247
97185993.21203206
97194200.76839809
97202409.01790908
97210617.96062356
97218827.5966001
97227037.92589702
97235248.94857326
97243460.66468722
97251673.07429744
97259886.17746249
97268099.97424072
97276314.46469115
97284529.64887212
97292745.52684225
97300962.09866011
97309179.36438431
97317397.32407345
97325615.97778593
97333835.32558076
97342055.36751637
97350276.10365136
97358497.53404437
97366719.65875384
97374942.4778388
97383165.99135768
97391390.19936915
97399615.10193184
97407840.6991044
97416066.99094552
97424293.97751364
97432521.65886785
97440750.03506662
97448979.10616863
97457208.87223256
97465439.33331689
97473670.48948096
97481902.34078263
97490134.88728121
97498368.12903522
97506602.06610338
97514836.69854441
97523072.02641684
97531308.04977977
97539544.76869176
97547782.18321157
97556020.2933979
97564259.09930934
97572498.60100523
97580738.79854351
97588979.69198358
97597221.28138399
97605463.56680353
97613706.54830097
97621950.2259349
97630194.59976448
97638439.66984835
97646685.43624529
97654931.89901412
97663179.05821343
97671426.91390263
97679675.46613975
97687924.71498422
97696174.66049469
97704425.30272995
97712676.64174886
97720928.67761007
97729181.41037282
97737434.84009579
97745688.9668378
97753943.79065774
97762199.31161427
97770455.52976689
97778712.44517364
97786970.05789402
97795228.36798674
97803487.37551066
97811747.08052471
97820007.48308758
97828268.58325857
97836530.38109642
97844792.87666003
97853056.07000832
97861319.96120004
97869584.55029471
97877849.83735047
97886115.82242687
97894382.50558265
97902649.88687678
97910917.9663682
97919186.74411568
97927456.2201786
97935726.39461572
97943997.26748604
97952268.83884852
97960541.10876195
97968814.07728595
97977087.74447869
97985362.11039978
97993637.17510805
98001912.9386625
98010189.40112214
98018466.5625458
98026744.42299291
98035022.98252232
98043302.24119304
98051582.19906414
98059862.85619445
98068144.21264362
98076426.26846994
98084709.02373303
98092992.47849181
98101276.6328053
98109561.48673263
98117847.04033265
98126133.29366484
98134420.24678813
98142707.89976159
98150996.25264435
98159285.30549528
98167575.05837414
98175865.5113392
98184156.66445023
98192448.51776613
98200741.07134604
98209034.3252491
98217328.27953425
98225622.93426105
98233918.28948845
98242214.3452756
98250511.10168166
98258808.55876562
98267106.71658725
98275405.5752049
98283705.13467838
98292005.39506666
98300306.35642897
98308608.01882447
98316910.38231218
98325213.44695172
98333517.21280208
98341821.67992249
98350126.84837216
98358432.71821015
98366739.28949627
98375046.56228897
98383354.53664808
98391663.21263266
98399972.59030196
98408282.66971524
98416593.45093155
98424904.9340106
98433217.1190114
98441530.00599329
98449843.59501553
98458157.88613719
98466472.87941818
98474788.574917
98483104.97269356
98491422.07280697
98499739.87531652
98508058.38028155
98516377.58776118
98524697.49781513
98533018.11050254
98541339.42588276
98549661.44401512
98557984.16495876
98566307.58877365
98574631.71551836
98582956.54525283
98591282.07803623
98599608.31392795
98607935.25298735
98616262.89527364
98624591.24084659
98632920.28976539
98641250.04208945
98649580.49787816
98657911.65719076
98666243.52008723
98674576.0866262
98682909.35686772
98691243.33087097
98699578.00869542
98707913.3904005
98716249.47604544
98724586.26569012
98732923.75939377
98741261.95721585
98749600.85921584
98757940.4654532
98766280.77598739
98774621.79087771
98782963.51018403
98791305.93396567
98799649.06228209
98807992.89519279
98816337.4327571
98824682.6750349
98833028.62208553
98841375.27396849
98849722.63074331
98858070.69246952
98866419.45920667
98874768.93101408
98883119.1079517
98891469.9900789
98899821.5774552
98908173.87014017
98916526.86819318
98924880.5716742
98933234.98064262
98941590.09515798
98949945.91527991
98958302.44106798
98966659.67258178
98975017.6098807
98983376.25302477
98991735.6020734
99000095.65708618
99008456.41812275
99016817.88524252
99025180.05850555
99033542.93797125
99041906.52369925
99050270.81574923
99058635.8141808
99067001.51905365
99075367.93042722
99083735.0483616
99092102.87291622
99100471.4041508
99108840.64212498
99117210.58689828
99125581.23853077
99133952.59708194
99142324.66261151
99150697.43517917
99159070.91484466
99167445.10166766
99175819.9957077
99184195.59702492
99192571.90567884
99200948.92172919
99209326.64523572
99217705.07625797
99226084.21485612
99234464.06108968
99242844.61501844
99251225.87670217
99259607.84620063
99267990.52357359
99276373.90888064
99284758.00218196
99293142.80353716
99301528.31300601
99309914.53064834
99318301.45652373
99326689.09069242
99335077.433214
99343466.48414831
99351856.24355516
99360246.71149439
99368637.88802585
99377029.77320915
99385422.36710458
99393815.66977176
99402209.68127055
99410604.40166084
99418999.83100227
99427395.9693551
99435792.81677905
99444190.37333398
99452588.63907976
99460987.6140763
99469387.2983835
99477787.69206107
99486188.79516931
99494590.60776791
99502993.12991683
99511396.36167596
99519800.30310504
99528204.9542644
99536610.31521378
99545016.38601314
99553423.16672239
99561830.65740152
99570238.85811047
99578647.768909
99587057.38985749
99595467.72101572
99603878.76244365
99612290.51420127
99620702.97634837
99629116.14894535
99637530.032052
99645944.62572832
99654359.93003434
99662775.94503006
99671192.67077549
99679610.10733047
99688028.25475542
99696447.11311018
99704866.6824548
99713286.96284929
99721707.95435353
99730129.65702797
99738552.07093246
99746975.19612709
99755399.03267188
99763823.58062696
99772248.84005238
99780674.81100802
99789101.4935544
99797528.88775139
99805956.99365908
99814385.8113376
99822815.34084687
99831245.58224738
99839676.53559905
99848108.20096202
99856540.57839641
99864973.66796237
99873407.46972004
99881841.98372933
99890277.21005084
99898713.14874451
99907149.79987049
99915587.16348895
99924025.23965986
99932464.02844381
99940903.52990077
99949343.74409094
99957784.6710745
99966226.31091164
99974668.66366257
99983111.7293873
99991555.50814644
100000000.0
