0.01
400.01799995999914
800.0259999199983
1200.0339998799975
1600.0419998399966
2000.0499997999957
2400.0579997599953
2800.065999719994
3200.0739996799934
3600.081999639993
4000.0899995999916
4400.097999559991
4800.10599951999
5200.11399947999
5600.121999439988
6000.129999399987
6400.137999359987
6800.145999319986
7200.153999279985
7600.161999239984
8000.169999199983
8400.177999159983
8800.185999119982
9200.19399907998
9600.20199903998
10000.209998999979
10400.217998959979
10800.225998919977
11200.233998879976
11600.241998839976
12000.249998799974
12400.257998759975
12800.265998719973
13200.273998679972
13600.281998639972
14000.28999859997
14400.29799855997
14800.305998519969
15200.313998479967
15600.321998439968
16000.329998399966
16400.337998359963
16800.345998319965
17200.353998279963
17600.36199823996
18000.36999819996
18400.37799815996
18800.38599811996
19200.39399807996
19600.401998039957
20000.409997999956
20400.417997959954
20800.425997919956
21200.433997879954
21600.441997839953
22000.44999779995
22400.45799775995
22800.46599771995
23200.47399767995
23600.48199763995
24000.489997599947
24400.497997559945
24800.505997519947
25200.513997479946
25600.521997439944
26000.529997399943
26400.53799735994
26800.545997319943
27200.55399727994
27600.56199723994
28000.56999719994
28400.577997159937
28800.58599711994
29200.593997079937
29600.601997039936
30000.609996999934
30400.617996959932
30800.625996919935
31200.633996879933
31600.64199683993
32000.64999679993
32400.65799675993
32800.66599671993
33200.67399667993
33600.681996639934
34000.68999659993
34400.69799655993
34800.70599651993
35200.71399647993
35600.72199643993
36000.729996399925
36400.73799635992
36800.74599631992
37200.75399627992
37600.761996239926
38000.769996199924
38400.77799615992
38800.78599611992
39200.79399607992
39600.80199603992
40000.809995999916
40400.817995959915
40800.82599591991
41200.83399587991
41600.84199583992
42000.849995799916
42400.857995759914
42800.86599571991
43200.87399567991
43600.88199563991
44000.88999559991
44400.897995559906
44800.905995519905
45200.9139954799
45600.92199543991
46000.92999539991
46400.937995359905
46800.945995319904
47200.9539952799
47600.9619952399
48000.9699951999
48400.9779951599
48800.985995119896
49200.993995079894
49601.0019950399
50001.0099949999
50401.0179949599
50801.025994919895
51201.033994879894
51601.04199483989
52001.04999479989
52401.05799475989
52801.06599471989
53201.07399467989
53601.08199463989
54001.08999459989
54401.09799455989
54801.10599451989
55201.113994479885
55601.12199443988
56001.12999439988
56401.13799435988
56801.14599431988
57201.153994279885
57601.16199423988
58001.16999419988
58401.17799415988
58801.18599411988
59201.19399407988
59601.201994039875
60001.20999399987
60401.21799395987
60801.22599391987
61201.233993879876
61601.241993839874
62001.24999379987
62401.25799375987
62801.26599371987
63201.27399367987
63601.28199363987
64001.289993599865
64401.29799355986
64801.30599351986
65201.31399347987
65601.32199343985
66001.32999339985
66401.33799335985
66801.34599331985
67201.35399327986
67601.36199323986
68001.36999319986
68401.37799315985
68801.38599311985
69201.39399307985
69601.40199303985
70001.40999299985
70401.41799295985
70801.42599291985
71201.43399287984
71601.44199283984
72001.44999279984
72401.45799275984
72801.46599271984
73201.47399267984
73601.48199263983
74001.48999259983
74401.49799255983
74801.50599251983
75201.51399247984
75601.52199243984
76001.52999239984
76401.53799235984
76801.54599231984
77201.55399227983
77601.56199223983
78001.56999219983
78401.57799215983
78801.58599211983
79201.59399207983
79601.60199203982
80001.60999199982
80401.61799195982
80801.62599191982
81201.63399187982
81601.64199183982
82001.64999179982
82401.65799175981
82801.66599171983
83201.67399167983
83601.68199163982
84001.68999159982
84401.69799155982
84801.70599151982
85201.71399147982
85601.72199143982
86001.72999139981
86401.73799135981
86801.74599131981
87201.75399127981
87601.76199123981
88001.7699911998
88401.7779911598
88801.7859911198
89201.7939910798
89601.8019910398
90001.8099909998
90401.8179909598
90801.82599091981
91201.83399087981
91601.8419908398
92001.8499907998
92401.8579907598
92801.8659907198
93201.8739906798
93601.8819906398
94001.8899905998
94401.8979905598
94801.9059905198
95201.91399047979
95601.92199043979
96001.92999039979
96401.93799035979
96801.94599031979
97201.95399027978
97601.96199023978
98001.96999019978
98401.97799015978
98801.98599011979
99201.99399007979
99602.00199003979
100002.00998999979
100402.01798995979
100802.02598991978
101202.03398987978
101602.04198983978
102002.04998979978
102402.05798975978
102802.06598971978
103202.07398967977
103602.08198963977
104002.08998959977
104402.09798955977
104802.10598951977
105202.11398947977
105602.12198943977
106002.12998939976
106402.13798935978
106802.14598931978
107202.15398927977
107602.16198923977
108002.16998919977
108402.17798915977
108802.18598911977
109202.19398907977
109602.20198903976
110002.20998899976
110402.21798895976
110802.22598891976
111202.23398887976
111602.24198883976
112002.24998879975
112402.25798875975
112802.26598871975
113202.27398867975
113602.28198863975
114002.28998859975
114402.29798855976
114802.30598851976
115202.31398847976
115602.32198843975
116002.32998839975
116402.33798835975
116802.34598831975
117202.35398827975
117602.36198823975
118002.36998819975
118402.37798815974
118802.38598811974
119202.39398807974
119602.40198803974
120002.40998799974
120402.41798795974
120802.42598791973
121202.43398787973
121602.44198783973
122002.44998779973
122402.45798775974
122802.46598771974
123202.47398767974
123602.48198763974
124002.48998759974
124402.49798755973
124802.50598751973
125202.51398747973
125602.52198743973
126002.52998739973
126402.53798735973
126802.54598731973
127202.55398727972
127602.56198723972
128002.56998719972
128402.57798715972
128802.58598711972
129202.59398707972
129602.60198703971
130002.60998699973
130402.61798695973
130802.62598691972
131202.63398687972
131602.64198683974
132002.64998679972
132402.65798675973
132802.66598671972
133202.67398667973
133602.6819866397
134002.68998659973
134402.69798655974
134802.70598651972
135202.71398647974
135602.72198643972
136002.72998639973
136402.73798635972
136802.74598631973
137202.7539862797
137602.76198623973
138002.7699861997
138402.77798615972
138802.7859861197
139202.79398607972
139602.8019860397
140002.80998599972
140402.8179859597
140802.8259859197
141202.8339858797
141602.8419858397
142002.84998579972
142402.8579857597
142802.86598571972
143202.8739856797
143602.88198563972
144002.8899855997
144402.8979855597
144802.9059855197
145202.9139854797
145602.9219854397
146002.9299853997
146402.9379853597
146802.9459853197
147202.9539852797
147602.9619852397
148002.96998519968
148402.9779851597
148802.98598511968
149202.9939850797
149603.00198503968
150003.0099849997
150403.0179849597
150803.0259849197
151203.0339848797
151603.04198483969
152003.0499847997
152403.05798475968
152803.0659847197
153203.07398467968
153603.0819846397
154003.08998459968
154403.0979845597
154803.10598451967
155203.11398447969
155603.12198443967
156003.12998439968
156403.13798435967
156803.14598431968
157203.15398427966
157603.16198423968
158003.1699841997
158403.17798415967
158803.1859841197
159203.19398407967
159603.20198403968
160003.20998399967
160403.21798395968
160803.22598391966
161203.23398387968
161603.24198383966
162003.24998379967
162403.25798375966
162803.26598371967
163203.27398367965
163603.28198363967
164003.28998359965
164403.29798355966
164803.30598351965
165203.31398347966
165603.32198343967
166003.32998339966
166403.33798335967
166803.34598331965
167203.35398327967
167603.36198323965
168003.36998319966
168403.37798315965
168803.38598311966
169203.39398307964
169603.40198303966
170003.40998299964
170403.41798295965
170803.42598291964
171203.43398287965
171603.44198283963
172003.44998279965
172403.45798275963
172803.46598271964
173203.47398267963
173603.48198263964
174003.48998259965
174403.49798255964
174803.50598251965
175203.51398247964
175603.52198243965
176003.52998239963
176403.53798235964
176803.54598231963
177203.55398227964
177603.56198223963
178003.56998219964
178403.57798215962
178803.58598211964
179203.59398207962
179603.60198203963
180003.60998199962
180403.61798195963
180803.6259819196
181203.63398187963
181603.64198183964
182003.64998179962
182403.65798175964
182803.66598171962
183203.67398167963
183603.68198163962
184003.68998159963
184403.6979815596
184803.70598151963
185203.7139814796
185603.72198143962
186003.7299813996
186403.73798135962
186803.7459813196
187203.75398127962
187603.7619812396
188003.7699811996
188403.7779811596
188803.7859811196
189203.79398107962
189603.8019810396
190003.80998099962
190403.8179809596
190803.82598091962
191203.8339808796
191603.8419808396
192003.8499807996
192403.8579807596
192803.8659807196
193203.8739806796
193603.8819806396
194003.8899805996
194403.8979805596
194803.9059805196
195203.91398047959
195603.9219804396
196003.92998039958
196403.9379803596
196803.94598031958
197203.9539802796
197603.9619802396
198003.9699801996
198403.9779801596
198803.98598011959
199203.9939800796
199604.00198003958
200004.0099799996
200404.01797995958
200804.0259799196
201204.03397987958
201604.0419798396
202004.04997979957
202404.0579797596
202804.06597971957
203204.07397967958
203604.08197963957
204004.08997959958
204404.09797955956
204804.10597951958
205204.1139794796
205604.12197943957
206004.1299793996
206404.13797935957
206804.14597931958
207204.15397927957
207604.16197923958
208004.16997919956
208404.17797915958
208804.18597911956
209204.19397907957
209604.20197903956
210004.20997899957
210404.21797895955
210804.22597891957
211204.23397887955
211604.24197883956
212004.24997879955
212404.25797875956
212804.26597871957
213204.27397867956
213604.28197863957
214004.28997859955
214404.29797855957
214804.30597851955
215204.31397847956
215604.32197843955
216004.32997839956
216404.33797835954
216804.34597831956
217204.35397827954
217604.36197823955
218004.36997819954
218404.37797815955
218804.38597811954
219204.39397807955
219604.40197803953
220004.40997799954
220404.41797795953
220804.42597791954
221204.43397787955
221604.44197783954
222004.44997779955
222404.45797775954
222804.46597771955
223204.47397767953
223604.48197763955
224004.48997759953
224404.49797755954
224804.50597751953
225204.51397747954
225604.52197743952
226004.52997739954
226404.53797735952
226804.54597731953
227204.55397727952
227604.56197723953
228004.5699771995
228404.57797715953
228804.58597711954
229204.59397707952
229604.60197703954
230004.60997699952
230404.61797695953
230804.62597691952
231204.63397687953
231604.6419768395
232004.64997679953
232404.6579767595
232804.66597671952
233204.6739766795
233604.68197663952
234004.6899765995
234404.69797655952
234804.7059765195
235204.7139764795
235604.7219764395
236004.7299763995
236404.73797635952
236804.7459763195
237204.75397627952
237604.7619762395
238004.76997619952
238404.7779761595
238804.7859761195
239204.7939760795
239604.8019760395
240004.8099759995
240404.8179759595
240804.8259759195
241204.8339758795
241604.8419758395
242004.8499757995
242404.85797575949
242804.8659757195
243204.87397567948
243604.8819756395
244004.88997559948
244404.8979755595
244804.9059755195
245204.9139754795
245604.9219754395
246004.9299753995
246404.9379753595
246804.94597531948
247204.9539752795
247604.96197523948
248004.9699751995
248404.97797515948
248804.9859751195
249204.99397507947
249605.0019750395
250005.00997499947
250405.01797495948
250805.02597491947
251205.03397487948
251605.04197483946
252005.04997479948
252405.0579747595
252805.06597471947
253205.0739746795
253605.08197463947
254005.08997459948
254405.09797455947
254805.10597451948
255205.11397447946
255605.12197443948
256005.12997439946
256405.13797435947
256805.14597431946
257205.15397427947
257605.16197423945
258005.16997419947
258405.17797415945
258805.18597411946
259205.19397407945
259605.20197403946
260005.20997399947
260405.21797395946
260805.22597391947
261205.23397387945
261605.24197383947
262005.24997379945
262405.25797375944
262805.2659737195
263205.27397367946
263605.28197363944
264005.2899735994
264405.29797355947
264805.30597351945
265205.31397347944
265605.3219734394
266005.32997339946
266405.33797335945
266805.34597331943
267205.3539732794
267605.36197323946
268005.36997319944
268405.3779731594
268805.38597311947
269205.39397307945
269605.40197303944
270005.4099729994
270405.41797295946
270805.42597291945
271205.43397287943
271605.4419728394
272005.44997279946
272405.45797275944
272805.4659727194
273205.4739726794
273605.48197263945
274005.48997259943
274405.4979725594
274805.5059725194
275205.51397247944
275605.5219724394
276005.5299723994
276405.53797235945
276805.54597231944
277205.5539722794
277605.5619722394
278005.56997219945
278405.57797215943
278805.5859721194
279205.5939720794
279605.60197203944
280005.6099719994
280405.6179719594
280805.6259719194
281205.63397187943
281605.6419718394
282005.6499717994
282405.6579717594
282805.6659717194
283205.6739716794
283605.6819716394
284005.68997159944
284405.6979715594
284805.7059715194
285205.7139714794
285605.72197143943
286005.7299713994
286405.7379713594
286805.7459713194
287205.7539712794
287605.7619712394
288005.7699711994
288405.7779711594
288805.7859711194
289205.7939710794
289605.8019710394
290005.80997099937
290405.8179709594
290805.8259709194
291205.8339708794
291605.8419708394
292005.8499707994
292405.8579707594
292805.8659707194
293205.8739706794
293605.8819706394
294005.8899705994
294405.89797055937
294805.9059705194
295205.9139704794
295605.9219704394
296005.92997039936
296405.9379703594
296805.9459703194
297205.95397027937
297605.96197023935
298005.9699701994
298405.9779701594
298805.98597011936
299205.99397007935
299606.0019700394
300006.0099699994
300406.01796995936
300806.0259699194
301206.0339698794
301606.04196983937
302006.04996979935
302406.0579697594
302806.0659697194
303206.07396967936
303606.08196963934
304006.0899695994
304406.09796955937
304806.10596951935
305206.11396947934
305606.1219694394
306006.12996939936
306406.13796935935
306806.14596931933
307206.1539692794
307606.16196923936
308006.16996919934
308406.1779691594
308806.18596911937
309206.19396907935
309606.20196903934
310006.2099689994
310406.21796895936
310806.22596891935
311206.2339688793
311606.2419688394
312006.24996879935
312406.25796875934
312806.2659687193
313206.27396867936
313606.28196863935
314006.28996859933
314406.2979685593
314806.30596851936
315206.31396847934
315606.3219684393
316006.32996839937
316406.33796835935
316806.34596831934
317206.3539682793
317606.36196823936
318006.36996819935
318406.37796815933
318806.3859681193
319206.39396807936
319606.40196803934
320006.4099679993
320406.4179679593
320806.42596791935
321206.43396787933
321606.4419678393
322006.4499677993
322406.45796775934
322806.4659677193
323206.4739676793
323606.48196763935
324006.48996759934
324406.4979675593
324806.5059675193
325206.51396747935
325606.52196743933
326006.5299673993
326406.5379673593
326806.54596731934
327206.5539672793
327606.5619672393
328006.5699671993
328406.57796715933
328806.5859671193
329206.5939670793
329606.6019670393
330006.6099669993
330406.6179669593
330806.6259669193
331206.63396687934
331606.6419668393
332006.6499667993
332406.6579667593
332806.66596671933
333206.6739666793
333606.6819666393
334006.6899665993
334406.6979665593
334806.7059665193
335206.7139664793
335606.7219664393
336006.7299663993
336406.7379663593
336806.7459663193
337206.75396627927
337606.7619662393
338006.7699661993
338406.7779661593
338806.7859661193
339206.7939660793
339606.8019660393
340006.8099659993
340406.8179659593
340806.8259659193
341206.8339658793
341606.84196583927
342006.8499657993
342406.8579657593
342806.8659657193
343206.87396567926
343606.8819656393
344006.8899655993
344406.89796555927
344806.90596551925
345206.9139654793
345606.9219654393
346006.92996539926
346406.93796535925
346806.9459653193
347206.9539652793
347606.96196523926
348006.9699651993
348406.9779651593
348806.98596511927
349206.99396507925
349607.0019650393
350007.0099649993
350407.01796495926
350807.02596491924
351207.0339648793
351607.04196483927
352007.04996479925
352407.05796475924
352807.0659647193
353207.07396467926
353607.08196463925
354007.08996459923
354407.0979645593
354807.10596451926
355207.11396447924
355607.1219644393
356007.12996439927
356407.13796435925
356807.14596431924
357207.1539642793
357607.16196423926
358007.16996419925
358407.17796415923
358807.1859641193
359207.19396407926
359607.20196403924
360007.2099639992
360407.21796395927
360807.22596391925
361207.23396387923
361607.2419638392
362007.24996379926
362407.25796375924
362807.2659637192
363207.27396367927
363607.28196363925
364007.28996359924
364407.2979635592
364807.30596351926
365207.31396347925
365607.32196343923
366007.3299633992
366407.33796335926
366807.34596331924
367207.3539632792
367607.3619632392
368007.36996319925
368407.37796315923
368807.3859631192
369207.3939630792
369607.40196303924
370007.4099629992
370407.4179629592
370807.42596291925
371207.43396287924
371607.4419628392
372007.4499627992
372407.45796275925
372807.46596271923
373207.4739626792
373607.4819626392
374007.48996259924
374407.4979625592
374807.5059625192
375207.5139624792
375607.52196243923
376007.5299623992
376407.5379623592
376807.5459623192
377207.5539622792
377607.5619622392
378007.5699621992
378407.57796215924
378807.5859621192
379207.5939620792
379607.6019620392
380007.60996199923
380407.6179619592
380807.6259619192
381207.6339618792
381607.6419618392
382007.6499617992
382407.6579617592
382807.6659617192
383207.6739616792
383607.6819616392
384007.6899615992
384407.69796155917
384807.7059615192
385207.7139614792
385607.7219614392
386007.7299613992
386407.7379613592
386807.7459613192
387207.7539612792
387607.7619612392
388007.7699611992
388407.7779611592
388807.78596111917
389207.7939610792
389607.8019610392
390007.8099609992
390407.81796095916
390807.8259609192
391207.8339608792
391607.84196083917
392007.84996079915
392407.8579607592
392807.8659607192
393207.87396067916
393607.88196063915
394007.8899605992
394407.8979605592
394807.90596051916
395207.9139604792
395607.9219604392
396007.92996039917
396407.93796035915
396807.9459603192
397207.9539602792
397607.96196023916
398007.96996019915
398407.9779601592
398807.9859601192
399207.99396007915
399608.00196003914
400008.0099599992
400408.01795995916
400808.02595991915
401208.03395987913
401608.0419598392
402008.04995979916
402408.05795975914
402808.0659597192
403208.07395967917
403608.08195963915
404008.08995959914
404408.0979595592
404808.10595951916
405208.11395947915
405608.12195943913
406008.1299593992
406408.13795935916
406808.14595931914
407208.1539592791
407608.16195923917
408008.16995919915
408408.17795915913
408808.1859591191
409208.19395907916
409608.20195903914
410008.2099589991
410408.21795895917
410808.22595891915
411208.23395887914
411608.2419588391
412008.24995879916
412408.25795875915
412808.26595871913
413208.2739586791
413608.28195863916
414008.28995859914
414408.2979585591
414808.3059585191
415208.31395847915
415608.32195843913
416008.3299583991
416408.3379583591
416808.34595831914
417208.3539582791
417608.3619582391
418008.36995819915
418408.37795815914
418808.3859581191
419208.3939580791
419608.40195803915
420008.40995799913
420408.4179579591
420808.4259579191
421208.43395787914
421608.4419578391
422008.4499577991
422408.4579577591
422808.46595771913
423208.4739576791
423608.4819576391
424008.4899575991
424408.4979575591
424808.5059575191
425208.5139574791
425608.52195743914
426008.5299573991
426408.5379573591
426808.5459573191
427208.55395727913
427608.5619572391
428008.5699571991
428408.5779571591
428808.5859571191
429208.5939570791
429608.6019570391
430008.6099569991
430408.6179569591
430808.6259569191
431208.6339568791
431608.64195683907
432008.6499567991
432408.6579567591
432808.6659567191
433208.67395667906
433608.6819566391
434008.6899565991
434408.6979565591
434808.7059565191
435208.7139564791
435608.7219564391
436008.72995639907
436408.7379563591
436808.7459563191
437208.7539562791
437608.76195623906
438008.7699561991
438408.7779561591
438808.78595611907
439208.79395607905
439608.8019560391
440008.8099559991
440408.81795595906
440808.82595591905
441208.8339558791
441608.8419558391
442008.84995579906
442408.8579557591
442808.8659557191
443208.87395567907
443608.88195563905
444008.8899555991
444408.8979555591
444808.90595551906
445208.91395547905
445608.9219554391
446008.9299553991
446408.93795535906
446808.94595531904
447208.9539552791
447608.96195523906
448008.96995519905
448408.97795515903
448808.9859551191
449208.99395507906
449609.00195503904
450009.0099549991
450409.01795495907
450809.02595491905
451209.03395487904
451609.0419548391
452009.04995479906
452409.05795475905
452809.06595471903
453209.0739546791
453609.08195463906
454009.08995459904
454409.097954559
454809.10595451907
455209.11395447905
455609.12195443903
456009.129954399
456409.13795435906
456809.14595431904
457209.153954279
457609.16195423907
458009.16995419905
458409.17795415904
458809.185954119
459209.19395407906
459609.20195403905
460009.20995399903
460409.217953959
460809.22595391906
461209.23395387904
461609.241953839
462009.249953799
462409.25795375905
462809.26595371903
463209.273953679
463609.281953639
464009.28995359904
464409.297953559
464809.305953519
465209.31395347905
465609.32195343904
466009.329953399
466409.337953359
466809.34595331905
467209.35395327903
467609.361953239
468009.369953199
468409.37795315904
468809.385953119
469209.393953079
469609.401953039
470009.40995299903
470409.417952959
470809.425952919
471209.433952879
471609.441952839
472009.449952799
472409.457952759
472809.46595271904
473209.473952679
473609.481952639
474009.489952599
474409.49795255903
474809.505952519
475209.513952479
475609.521952439
476009.529952399
476409.537952359
476809.545952319
477209.553952279
477609.561952239
478009.569952199
478409.577952159
478809.58595211897
479209.593952079
479609.601952039
480009.609951999
480409.61795195896
480809.625951919
481209.633951879
481609.641951839
482009.649951799
482409.657951759
482809.665951719
483209.67395167897
483609.681951639
484009.689951599
484409.697951559
484809.70595151896
485209.713951479
485609.721951439
486009.729951399
486409.73795135895
486809.745951319
487209.753951279
487609.76195123896
488009.76995119895
488409.777951159
488809.785951119
489209.79395107896
489609.801951039
490009.809950999
490409.81795095897
490809.82595091895
491209.833950879
491609.841950839
492009.84995079896
492409.85795075895
492809.865950719
493209.873950679
493609.88195063896
494009.88995059894
494409.897950559
494809.90595051897
495209.91395047895
495609.92195043893
496009.929950399
496409.93795035896
496809.94595031894
497209.953950279
497609.96195023897
498009.96995019895
498409.97795015894
498809.985950119
499209.99395007896
499610.00195003895
500010.00994999893
500410.017949959
500810.02594991896
501210.03394987894
501610.0419498389
502010.04994979897
502410.05794975895
502810.06594971893
503210.0739496789
503610.08194963896
504010.08994959894
504410.0979495589
504810.10594951897
505210.11394947895
505610.12194943894
506010.1299493989
506410.13794935896
506810.14594931895
507210.15394927893
507610.1619492389
508010.16994919896
508410.17794915894
508810.1859491189
509210.1939490789
509610.20194903895
510010.20994899893
510410.2179489589
510810.2259489189
511210.23394887894
511610.2419488389
512010.2499487989
512410.25794875895
512810.26594871894
513210.2739486789
513610.2819486389
514010.28994859895
514410.29794855893
514810.3059485189
515210.3139484789
515610.32194843894
516010.3299483989
516410.3379483589
516810.3459483189
517210.35394827893
517610.3619482389
518010.3699481989
518410.3779481589
518810.3859481189
519210.3939480789
519610.4019480389
520010.40994799894
520410.4179479589
520810.4259479189
521210.4339478789
521610.44194783893
522010.4499477989
522410.4579477589
522810.4659477189
523210.4739476789
523610.4819476389
524010.4899475989
524410.4979475589
524810.5059475189
525210.5139474788
525610.521947439
526010.5299473989
526410.5379473589
526810.5459473189
527210.5539472789
527610.5619472389
528010.5699471988
528410.577947159
528810.5859471189
529210.5939470789
529610.6019470389
530010.6099469989
530410.6179469589
530810.6259469189
531210.6339468788
531610.6419468389
532010.6499467989
532410.6579467589
532810.6659467189
533210.6739466789
533610.6819466389
534010.6899465988
534410.6979465588
534810.7059465189
535210.7139464789
535610.7219464389
536010.7299463989
536410.7379463589
536810.7459463188
537210.7539462788
537610.7619462389
538010.7699461989
538410.7779461589
538810.7859461189
539210.7939460789
539610.8019460388
540010.8099459988
540410.8179459588
540810.8259459189
541210.8339458789
541610.8419458389
542010.8499457989
542410.8579457588
542810.8659457188
543210.8739456788
543610.8819456389
544010.8899455989
544410.8979455589
544810.9059455189
545210.9139454789
545610.9219454388
546010.9299453988
546410.9379453588
546810.9459453189
547210.9539452789
547610.9619452389
548010.9699451989
548410.9779451588
548810.9859451188
549210.9939450788
549611.0019450388
550011.0099449989
550411.0179449589
550811.0259449189
551211.0339448788
551611.0419448388
552011.0499447988
552411.0579447588
552811.0659447189
553211.0739446789
553611.0819446389
554011.0899445988
554411.0979445588
554811.1059445188
555211.1139444788
555611.1219444388
556011.1299443989
556411.1379443589
556811.1459443189
557211.1539442788
557611.1619442388
558011.1699441988
558411.1779441588
558811.1859441188
559211.1939440789
559611.2019440389
560011.2099439988
560411.2179439588
560811.2259439188
561211.2339438788
561611.2419438388
562011.2499437989
562411.2579437589
562811.2659437188
563211.2739436788
563611.2819436388
564011.2899435988
564411.2979435588
564811.3059435188
565211.3139434789
565611.3219434388
566011.3299433988
566411.3379433588
566811.3459433188
567211.3539432788
567611.3619432388
568011.3699431989
568411.3779431588
568811.3859431188
569211.3939430788
569611.4019430388
570011.4099429988
570411.4179429588
570811.4259429188
571211.4339428789
571611.4419428388
572011.4499427988
572411.4579427588
572811.4659427188
573211.4739426788
573611.4819426388
574011.4899425987
574411.4979425588
574811.5059425188
575211.5139424788
575611.5219424388
576011.5299423988
576411.5379423588
576811.5459423187
577211.5539422788
577611.5619422388
578011.5699421988
578411.5779421588
578811.5859421188
579211.5939420788
579611.6019420387
580011.6099419987
580411.6179419588
580811.6259419188
581211.6339418788
581611.6419418388
582011.6499417988
582411.6579417587
582811.6659417187
583211.6739416788
583611.6819416388
584011.6899415988
584411.6979415588
584811.7059415188
585211.7139414788
585611.7219414387
586011.7299413987
586411.7379413588
586811.7459413188
587211.7539412788
587611.7619412388
588011.7699411988
588411.7779411587
588811.7859411187
589211.7939410787
589611.8019410388
590011.8099409988
590411.8179409588
590811.8259409188
591211.8339408787
591611.8419408387
592011.8499407987
592411.8579407588
592811.8659407188
593211.8739406788
593611.8819406388
594011.8899405987
594411.8979405587
594811.9059405187
595211.9139404787
595611.9219404388
596011.9299403988
596411.9379403588
596811.9459403188
597211.9539402787
597611.9619402387
598011.9699401987
598411.9779401587
598811.9859401188
599211.9939400788
599612.0019400388
600012.0099399987
600412.0179399587
600812.0259399187
601212.0339398787
601612.0419398388
602012.0499397988
602412.0579397588
602812.0659397187
603212.0739396787
603612.0819396387
604012.0899395987
604412.0979395587
604812.1059395188
605212.1139394788
605612.1219394387
606012.1299393987
606412.1379393587
606812.1459393187
607212.1539392787
607612.1619392388
608012.1699391988
608412.1779391587
608812.1859391187
609212.1939390787
609612.2019390387
610012.2099389987
610412.2179389587
610812.2259389188
611212.2339388788
611612.2419388387
612012.2499387987
612412.2579387587
612812.2659387187
613212.2739386787
613612.2819386387
614012.2899385988
614412.2979385587
614812.3059385187
615212.3139384787
615612.3219384387
616012.3299383987
616412.3379383587
616812.3459383188
617212.3539382787
617612.3619382387
618012.3699381987
618412.3779381587
618812.3859381187
619212.3939380787
619612.4019380386
620012.4099379987
620412.4179379587
620812.4259379187
621212.4339378787
621612.4419378387
622012.4499377987
622412.4579377586
622812.4659377187
623212.4739376787
623612.4819376387
624012.4899375987
624412.4979375587
624812.5059375187
625212.5139374787
625612.5219374386
626012.5299373987
626412.5379373587
626812.5459373187
627212.5539372787
627612.5619372387
628012.5699371987
628412.5779371586
628812.5859371186
629212.5939370787
629612.6019370387
630012.6099369987
630412.6179369587
630812.6259369187
631212.6339368786
631612.6419368386
632012.6499367987
632412.6579367587
632812.6659367187
633212.6739366787
633612.6819366387
634012.6899365986
634412.6979365586
634812.7059365186
635212.7139364787
635612.7219364387
636012.7299363987
636412.7379363587
636812.7459363186
637212.7539362786
637612.7619362386
638012.7699361986
638412.7779361587
638812.7859361187
639212.7939360787
639612.8019360387
640012.8099359986
640412.8179359586
640812.8259359186
641212.8339358787
641612.8419358387
642012.8499357987
642412.8579357587
642812.8659357186
643212.8739356786
643612.8819356386
644012.8899355986
644412.8979355587
644812.9059355187
645212.9139354787
645612.9219354386
646012.9299353986
646412.9379353586
646812.9459353186
647212.9539352787
647612.9619352387
648012.9699351987
648412.9779351586
648812.9859351186
649212.9939350786
649613.0019350386
650013.0099349986
650413.0179349587
650813.0259349187
651213.0339348787
651613.0419348386
652013.0499347986
652413.0579347586
652813.0659347186
653213.0739346786
653613.0819346387
654013.0899345987
654413.0979345586
654813.1059345186
655213.1139344786
655613.1219344386
656013.1299343986
656413.1379343587
656813.1459343187
657213.1539342786
657613.1619342386
658013.1699341986
658413.1779341586
658813.1859341186
659213.1939340786
659613.2019340387
660013.2099339986
660413.2179339586
660813.2259339186
661213.2339338786
661613.2419338386
662013.2499337986
662413.2579337587
662813.2659337186
663213.2739336786
663613.2819336386
664013.2899335986
664413.2979335586
664813.3059335186
665213.3139334786
665613.3219334387
666013.3299333986
666413.3379333586
666813.3459333186
667213.3539332786
667613.3619332386
668013.3699331986
668413.3779331585
668813.3859331186
669213.3939330786
669613.4019330386
670013.4099329986
670413.4179329586
670813.4259329186
671213.4339328785
671613.4419328386
672013.4499327986
672413.4579327586
672813.4659327186
673213.4739326786
673613.4819326386
674013.4899325985
674413.4979325585
674813.5059325186
675213.5139324786
675613.5219324386
676013.5299323986
676413.5379323586
676813.5459323185
677213.5539322785
677613.5619322386
678013.5699321986
678413.5779321586
678813.5859321186
679213.5939320786
679613.6019320386
680013.6099319985
680413.6179319585
680813.6259319186
681213.6339318786
681613.6419318386
682013.6499317986
682413.6579317586
682813.6659317185
683213.6739316785
683613.6819316385
684013.6899315986
684413.6979315586
684813.7059315186
685213.7139314786
685613.7219314385
686013.7299313985
686413.7379313585
686813.7459313186
687213.7539312786
687613.7619312386
688013.7699311986
688413.7779311585
688813.7859311185
689213.7939310785
689613.8019310385
690013.8099309986
690413.8179309586
690813.8259309186
691213.8339308786
691613.8419308385
692013.8499307985
692413.8579307585
692813.8659307185
693213.8739306786
693613.8819306386
694013.8899305986
694413.8979305585
694813.9059305185
695213.9139304785
695613.9219304385
696013.9299303986
696413.9379303586
696813.9459303186
697213.9539302785
697613.9619302385
698013.9699301985
698413.9779301585
698813.9859301185
699213.9939300786
699614.0019300386
700014.0099299985
700414.0179299585
700814.0259299185
701214.0339298785
701614.0419298385
702014.0499297986
702414.0579297586
702814.0659297185
703214.0739296785
703614.0819296385
704014.0899295985
704414.0979295585
704814.1059295185
705214.1139294786
705614.1219294386
706014.1299293985
706414.1379293585
706814.1459293185
707214.1539292785
707614.1619292385
708014.1699291985
708414.1779291586
708814.1859291185
709214.1939290785
709614.2019290385
710014.2099289985
710414.2179289585
710814.2259289185
711214.2339288786
711614.2419288385
712014.2499287985
712414.2579287585
712814.2659287185
713214.2739286785
713614.2819286385
714014.2899285984
714414.2979285585
714814.3059285185
715214.3139284785
715614.3219284385
716014.3299283985
716414.3379283585
716814.3459283184
717214.3539282785
717614.3619282385
718014.3699281985
718414.3779281585
718814.3859281185
719214.3939280785
719614.4019280385
720014.4099279984
720414.4179279585
720814.4259279185
721214.4339278785
721614.4419278385
722014.4499277985
722414.4579277585
722814.4659277184
723214.4739276784
723614.4819276385
724014.4899275985
724414.4979275585
724814.5059275185
725214.5139274785
725614.5219274384
726014.5299273984
726414.5379273585
726814.5459273185
727214.5539272785
727614.5619272385
728014.5699271985
728414.5779271584
728814.5859271184
729214.5939270784
729614.6019270385
730014.6099269985
730414.6179269585
730814.6259269185
731214.6339268785
731614.6419268384
732014.6499267984
732414.6579267584
732814.6659267185
733214.6739266785
733614.6819266385
734014.6899265985
734414.6979265584
734814.7059265184
735214.7139264784
735614.7219264385
736014.7299263985
736414.7379263585
736814.7459263185
737214.7539262784
737614.7619262384
738014.7699261984
738414.7779261584
738814.7859261185
739214.7939260785
739614.8019260385
740014.8099259984
740414.8179259584
740814.8259259184
741214.8339258784
741614.8419258385
742014.8499257985
742414.8579257585
742814.8659257184
743214.8739256784
743614.8819256384
744014.8899255984
744414.8979255584
744814.9059255185
745214.9139254785
745614.9219254385
746014.9299253984
746414.9379253584
746814.9459253184
747214.9539252784
747614.9619252384
748014.9699251985
748414.9779251585
748814.9859251184
749214.9939250784
749615.0019250384
750015.0099249984
750415.0179249584
750815.0259249185
751215.0339248785
751615.0419248384
752015.0499247984
752415.0579247584
752815.0659247184
753215.0739246784
753615.0819246384
754015.0899245985
754415.0979245584
754815.1059245184
755215.1139244784
755615.1219244384
756015.1299243984
756415.1379243584
756815.1459243185
757215.1539242784
757615.1619242384
758015.1699241984
758415.1779241584
758815.1859241184
759215.1939240784
759615.2019240384
760015.2099239985
760415.2179239584
760815.2259239184
761215.2339238784
761615.2419238384
762015.2499237984
762415.2579237584
762815.2659237183
763215.2739236784
763615.2819236384
764015.2899235984
764415.2979235584
764815.3059235184
765215.3139234784
765615.3219234383
766015.3299233984
766415.3379233584
766815.3459233184
767215.3539232784
767615.3619232384
768015.3699231984
768415.3779231583
768815.3859231183
769215.3939230784
769615.4019230384
770015.4099229984
770415.4179229584
770815.4259229184
771215.4339228784
771615.4419228383
772015.4499227984
772415.4579227584
772815.4659227184
773215.4739226784
773615.4819226384
774015.4899225984
774415.4979225583
774815.5059225183
775215.5139224784
775615.5219224384
776015.5299223984
776415.5379223584
776815.5459223184
777215.5539222783
777615.5619222383
778015.5699221983
778415.5779221584
778815.5859221184
779215.5939220784
779615.6019220384
780015.6099219983
780415.6179219583
780815.6259219183
781215.6339218784
781615.6419218384
782015.6499217984
782415.6579217584
782815.6659217183
783215.6739216783
783615.6819216383
784015.6899215983
784415.6979215584
784815.7059215184
785215.7139214784
785615.7219214384
786015.7299213983
786415.7379213583
786815.7459213183
787215.7539212783
787615.7619212384
788015.7699211984
788415.7779211584
788815.7859211183
789215.7939210783
789615.8019210383
790015.8099209983
790415.8179209584
790815.8259209184
791215.8339208784
791615.8419208383
792015.8499207983
792415.8579207583
792815.8659207183
793215.8739206783
793615.8819206384
794015.8899205984
794415.8979205583
794815.9059205183
795215.9139204783
795615.9219204383
796015.9299203983
796415.9379203584
796815.9459203184
797215.9539202783
797615.9619202383
798015.9699201983
798415.9779201583
798815.9859201183
799215.9939200783
799616.0019200384
800016.0099199984
800416.0179199583
800816.0259199183
801216.0339198783
801616.0419198383
802016.0499197983
802416.0579197583
802816.0659197184
803216.0739196783
803616.0819196383
804016.0899195983
804416.0979195583
804816.1059195183
805216.1139194783
805616.1219194384
806016.1299193983
806416.1379193583
806816.1459193183
807216.1539192783
807616.1619192383
808016.1699191983
808416.1779191582
808816.1859191183
809216.1939190783
809616.2019190383
810016.2099189983
810416.2179189583
810816.2259189183
811216.2339188782
811616.2419188384
812016.2499187983
812416.2579187583
812816.2659187183
813216.2739186783
813616.2819186383
814016.2899185983
814416.2979185582
814816.3059185183
815216.3139184783
815616.3219184383
816016.3299183983
816416.3379183583
816816.3459183183
817216.3539182782
817616.3619182382
818016.3699181983
818416.3779181583
818816.3859181183
819216.3939180783
819616.4019180383
820016.4099179982
820416.4179179582
820816.4259179183
821216.4339178783
821616.4419178383
822016.4499177983
822416.4579177583
822816.4659177182
823216.4739176782
823616.4819176382
824016.4899175983
824416.4979175583
824816.5059175183
825216.5139174783
825616.5219174383
826016.5299173982
826416.5379173582
826816.5459173182
827216.5539172783
827616.5619172383
828016.5699171983
828416.5779171583
828816.5859171182
829216.5939170782
829616.6019170382
830016.6099169983
830416.6179169583
830816.6259169183
831216.6339168783
831616.6419168382
832016.6499167982
832416.6579167582
832816.6659167182
833216.6739166783
833616.6819166383
834016.6899165983
834416.6979165582
834816.7059165182
835216.7139164782
835616.7219164382
836016.7299163983
836416.7379163583
836816.7459163183
837216.7539162782
837616.7619162382
838016.7699161982
838416.7779161582
838816.7859161182
839216.7939160783
839616.8019160383
840016.8099159983
840416.8179159582
840816.8259159182
841216.8339158782
841616.8419158382
842016.8499157982
842416.8579157583
842816.8659157183
843216.8739156782
843616.8819156382
844016.8899155982
844416.8979155582
844816.9059155182
845216.9139154783
845616.9219154383
846016.9299153982
846416.9379153582
846816.9459153182
847216.9539152782
847616.9619152382
848016.9699151982
848416.9779151583
848816.9859151182
849216.9939150782
849617.0019150382
850017.0099149982
850417.0179149582
850817.0259149182
851217.0339148783
851617.0419148382
852017.0499147982
852417.0579147582
852817.0659147182
853217.0739146782
853617.0819146382
854017.0899145982
854417.0979145583
854817.1059145182
855217.1139144782
855617.1219144382
856017.1299143982
856417.1379143582
856817.1459143182
857217.1539142781
857617.1619142382
858017.1699141982
858417.1779141582
858817.1859141182
859217.1939140782
859617.2019140382
860017.2099139981
860417.2179139582
860817.2259139182
861217.2339138782
861617.2419138382
862017.2499137982
862417.2579137582
862817.2659137181
863217.2739136781
863617.2819136382
864017.2899135982
864417.2979135582
864817.3059135182
865217.3139134782
865617.3219134382
866017.3299133981
866417.3379133581
866817.3459133182
867217.3539132782
867617.3619132382
868017.3699131982
868417.3779131582
868817.3859131181
869217.3939130781
869617.4019130382
870017.4099129982
870417.4179129582
870817.4259129182
871217.4339128782
871617.4419128381
872017.4499127981
872417.4579127581
872817.4659127182
873217.4739126782
873617.4819126382
874017.4899125982
874417.4979125581
874817.5059125181
875217.5139124781
875617.5219124382
876017.5299123982
876417.5379123582
876817.5459123182
877217.5539122781
877617.5619122381
878017.5699121981
878417.5779121581
878817.5859121182
879217.5939120782
879617.6019120382
880017.6099119982
880417.6179119581
880817.6259119181
881217.6339118781
881617.6419118381
882017.6499117982
882417.6579117582
882817.6659117182
883217.6739116781
883617.6819116381
884017.6899115981
884417.6979115581
884817.7059115182
885217.7139114782
885617.7219114382
886017.7299113981
886417.7379113581
886817.7459113181
887217.7539112781
887617.7619112381
888017.7699111982
888417.7779111582
888817.7859111181
889217.7939110781
889617.8019110381
890017.8099109981
890417.8179109581
890817.8259109182
891217.8339108782
891617.8419108381
892017.8499107981
892417.8579107581
892817.8659107181
893217.8739106781
893617.8819106381
894017.8899105982
894417.8979105582
894817.9059105181
895217.9139104781
895617.9219104381
896017.9299103981
896417.9379103581
896817.945910318
897217.9539102782
897617.9619102381
898017.9699101981
898417.9779101581
898817.9859101181
899217.9939100781
899618.0019100381
900018.0099099982
900418.0179099581
900818.0259099181
901218.0339098781
901618.0419098381
902018.0499097981
902418.0579097581
902818.065909718
903218.0739096781
903618.0819096381
904018.0899095981
904418.0979095581
904818.1059095181
905218.1139094781
905618.121909438
906018.1299093982
906418.1379093581
906818.1459093181
907218.1539092781
907618.1619092381
908018.1699091981
908418.177909158
908818.185909118
909218.1939090781
909618.2019090381
910018.2099089981
910418.2179089581
910818.2259089181
911218.233908878
911618.241908838
912018.249908798
912418.2579087581
912818.2659087181
913218.2739086781
913618.2819086381
914018.2899085981
914418.297908558
914818.305908518
915218.3139084781
915618.3219084381
916018.3299083981
916418.3379083581
916818.3459083181
917218.353908278
917618.361908238
918018.369908198
918418.3779081581
918818.3859081181
919218.3939080781
919618.4019080381
920018.409907998
920418.417907958
920818.425907918
921218.433907878
921618.4419078381
922018.4499077981
922418.4579077581
922818.465907718
923218.473907678
923618.481907638
924018.489907598
924418.4979075581
924818.5059075181
925218.5139074781
925618.5219074381
926018.529907398
926418.537907358
926818.545907318
927218.553907278
927618.5619072381
928018.5699071981
928418.5779071581
928818.585907118
929218.593907078
929618.601907038
930018.609906998
930418.6179069581
930818.6259069181
931218.6339068781
931618.641906838
932018.649906798
932418.657906758
932818.665906718
933218.673906678
933618.6819066381
934018.6899065981
934418.697906558
934818.705906518
935218.713906478
935618.721906438
936018.729906398
936418.737906358
936818.7459063181
937218.753906278
937618.761906238
938018.769906198
938418.777906158
938818.785906118
939218.793906078
939618.8019060381
940018.8099059981
940418.817905958
940818.825905918
941218.833905878
941618.841905838
942018.849905798
942418.857905758
942818.8659057181
943218.873905678
943618.881905638
944018.889905598
944418.897905558
944818.905905518
945218.913905478
945618.9219054381
946018.929905398
946418.937905358
946818.945905318
947218.953905278
947618.961905238
948018.969905198
948418.977905158
948818.985905118
949218.993905078
949619.001905038
950019.009904998
950419.017904958
950819.025904918
951219.033904878
951619.0419048379
952019.049904798
952419.057904758
952819.065904718
953219.073904678
953619.081904638
954019.089904598
954419.097904558
954819.105904518
955219.113904478
955619.121904438
956019.129904398
956419.137904358
956819.145904318
957219.153904278
957619.1619042379
958019.169904198
958419.177904158
958819.185904118
959219.193904078
959619.201904038
960019.209903998
960419.2179039579
960819.2259039179
961219.233903878
961619.241903838
962019.249903798
962419.257903758
962819.265903718
963219.2739036779
963619.2819036379
964019.289903598
964419.297903558
964819.305903518
965219.313903478
965619.321903438
966019.329903398
966419.3379033579
966819.3459033179
967219.353903278
967619.361903238
968019.369903198
968419.377903158
968819.385903118
969219.3939030779
969619.4019030379
970019.409902998
970419.417902958
970819.425902918
971219.433902878
971619.441902838
972019.4499027979
972419.4579027579
972819.4659027179
973219.473902678
973619.481902638
974019.489902598
974419.497902558
974819.5059025179
975219.5139024779
975619.5219024379
976019.5299023979
976419.537902358
976819.545902318
977219.553902278
977619.5619022379
978019.5699021979
978419.5779021579
978819.5859021179
979219.593902078
979619.601902038
980019.609901998
980419.617901958
980819.6259019179
981219.6339018779
981619.6419018379
982019.6499017979
982419.657901758
982819.665901718
983219.673901678
983619.6819016379
984019.6899015979
984419.6979015579
984819.7059015179
985219.713901478
985619.721901438
986019.729901398
986419.7379013579
986819.7459013179
987219.7539012779
987619.7619012379
988019.7699011979
988419.777901158
988819.785901118
989219.7939010779
989619.8019010379
990019.8099009979
990419.8179009579
990819.8259009179
991219.8339008779
991619.841900838
992019.8499007979
992419.8579007579
992819.8659007179
993219.8739006779
993619.8819006379
994019.8899005979
994419.897900558
994819.905900518
995219.9139004779
995619.9219004379
996019.9299003979
996419.9379003579
996819.9459003179
997219.9539002778
997619.961900238
998019.9699001979
998419.9779001579
998819.9859001179
999219.9939000779
999620.0019000379
1000020.0098999979
1000420.017899958
1000820.0258999179
1001220.0338998779
1001620.0418998379
1002020.0498997979
1002420.0578997579
1002820.0658997179
1003220.0738996778
1003620.0818996379
1004020.0898995979
1004420.0978995579
1004820.1058995179
1005220.1138994779
1005620.1218994379
1006020.1298993978
1006420.1378993578
1006820.1458993179
1007220.1538992779
1007620.1618992379
1008020.1698991979
1008420.1778991579
1008820.1858991178
1009220.1938990778
1009620.2018990379
1010020.2098989979
1010420.2178989579
1010820.2258989179
1011220.2338988779
1011620.2418988378
1012020.2498987978
1012420.2578987578
1012820.2658987179
1013220.2738986779
1013620.2818986379
1014020.2898985979
1014420.2978985579
1014820.3058985178
1015220.3138984778
1015620.3218984378
1016020.3298983979
1016420.3378983579
1016820.3458983179
1017220.3538982779
1017620.3618982378
1018020.3698981978
1018420.3778981578
1018820.3858981179
1019220.3938980779
1019620.4018980379
1020020.4098979979
1020420.4178979578
1020820.4258979178
1021220.4338978778
1021620.4418978378
1022020.4498977979
1022420.4578977579
1022820.4658977179
1023220.4738976778
1023620.4818976378
1024020.4898975978
1024420.4978975578
1024820.5058975179
1025220.5138974779
1025620.5218974379
1026020.5298973978
1026420.5378973578
1026820.5458973178
1027220.5538972778
1027620.5618972378
1028020.5698971979
1028420.5778971579
1028820.5858971179
1029220.5938970778
1029620.6018970378
1030020.6098969978
1030420.6178969578
1030820.6258969178
1031220.6338968779
1031620.6418968379
1032020.6498967978
1032420.6578967578
1032820.6658967178
1033220.6738966778
1033620.6818966378
1034020.6898965979
1034420.6978965579
1034820.7058965178
1035220.7138964778
1035620.7218964378
1036020.7298963978
1036420.7378963578
1036820.7458963178
1037220.7538962779
1037620.7618962378
1038020.7698961978
1038420.7778961578
1038820.7858961178
1039220.7938960778
1039620.8018960378
1040020.8098959979
1040420.8178959579
1040820.8258959178
1041220.8338958778
1041620.8418958378
1042020.8498957978
1042420.8578957578
1042820.8658957178
1043220.8738956779
1043620.8818956378
1044020.8898955978
1044420.8978955578
1044820.9058955178
1045220.9138954778
1045620.9218954378
1046020.9298953977
1046420.9378953578
1046820.9458953178
1047220.9538952778
1047620.9618952378
1048020.9698951978
1048420.9778951578
1048820.9858951177
1049220.9938950778
1049621.0018950377
1050021.0098949978
1050421.0178949577
1050821.0258949178
1051221.0338948779
1051621.0418948377
1052021.0498947978
1052421.0578947577
1052821.0658947178
1053221.0738946777
1053621.0818946378
1054021.089894598
1054421.0978945578
1054821.1058945179
1055221.1138944777
1055621.1218944378
1056021.1298943977
1056421.1378943578
1056821.145894318
1057221.1538942778
1057621.1618942379
1058021.1698941977
1058421.1778941578
1058821.1858941177
1059221.1938940778
1059621.2018940377
1060021.2098939978
1060421.2178939579
1060821.2258939177
1061221.2338938778
1061621.2418938377
1062021.2498937978
1062421.2578937577
1062821.2658937178
1063221.2738936779
1063621.2818936377
1064021.2898935978
1064421.2978935577
1064821.3058935178
1065221.3138934777
1065621.3218934378
1066021.3298933979
1066421.3378933577
1066821.3458933178
1067221.3538932777
1067621.3618932378
1068021.3698931977
1068421.3778931578
1068821.3858931176
1069221.3938930777
1069621.4018930378
1070021.4098929977
1070421.4178929578
1070821.4258929177
1071221.4338928778
1071621.4418928376
1072021.4498927977
1072421.4578927578
1072821.4658927177
1073221.4738926778
1073621.4818926377
1074021.4898925978
1074421.4978925576
1074821.5058925177
1075221.5138924778
1075621.5218924377
1076021.5298923978
1076421.5378923577
1076821.5458923178
1077221.5538922776
1077621.5618922377
1078021.5698921976
1078421.5778921577
1078821.5858921178
1079221.5938920777
1079621.6018920378
1080021.6098919977
1080421.6178919578
1080821.6258919176
1081221.6338918777
1081621.6418918378
1082021.6498917977
1082421.6578917578
1082821.6658917177
1083221.6738916778
1083621.6818916376
1084021.6898915977
1084421.6978915578
1084821.7058915177
1085221.7138914778
1085621.7218914377
1086021.7298913978
1086421.7378913576
1086821.7458913177
1087221.7538912778
1087621.7618912377
1088021.7698911978
1088421.7778911577
1088821.7858911178
1089221.7938910776
1089621.8018910377
1090021.8098909976
1090421.8178909577
1090821.8258909178
1091221.8338908777
1091621.8418908378
1092021.8498907976
1092421.8578907577
1092821.8658907176
1093221.8738906777
1093621.8818906378
1094021.8898905977
1094421.8978905578
1094821.9058905176
1095221.9138904777
1095621.9218904376
1096021.9298903977
1096421.9378903578
1096821.9458903177
1097221.9538902778
1097621.9618902376
1098021.9698901977
1098421.9778901576
1098821.9858901177
1099221.9938900776
1099622.0018900377
1100022.0098899978
1100422.0178899576
1100822.0258899177
1101222.0338898776
1101622.0418898377
1102022.0498897976
1102422.0578897577
1102822.0658897178
1103222.0738896776
1103622.0818896377
1104022.0898895976
1104422.0978895577
1104822.1058895176
1105222.1138894777
1105622.1218894378
1106022.1298893976
1106422.1378893577
1106822.1458893176
1107222.1538892777
1107622.1618892376
1108022.1698891977
1108422.1778891576
1108822.1858891177
1109222.1938890778
1109622.2018890376
1110022.2098889977
1110422.2178889576
1110822.2258889177
1111222.2338888776
1111622.2418888377
1112022.2498887978
1112422.2578887576
1112822.2658887177
1113222.2738886776
1113622.2818886377
1114022.2898885976
1114422.2978885577
1114822.3058885178
1115222.3138884776
1115622.3218884377
1116022.3298883976
1116422.3378883577
1116822.3458883176
1117222.3538882777
1117622.3618882375
1118022.3698881976
1118422.3778881577
1118822.3858881176
1119222.3938880777
1119622.4018880376
1120022.4098879977
1120422.4178879575
1120822.4258879176
1121222.4338878777
1121622.4418878376
1122022.4498877977
1122422.4578877576
1122822.4658877177
1123222.4738876775
1123622.4818876376
1124022.4898875977
1124422.4978875576
1124822.5058875177
1125222.5138874776
1125622.5218874377
1126022.5298873975
1126422.5378873576
1126822.5458873177
1127222.5538872776
1127622.5618872377
1128022.5698871976
1128422.5778871577
1128822.5858871175
1129222.5938870776
1129622.6018870375
1130022.6098869976
1130422.6178869577
1130822.6258869176
1131222.6338868777
1131622.6418868375
1132022.6498867976
1132422.6578867575
1132822.6658867176
1133222.6738866777
1133622.6818866376
1134022.6898865977
1134422.6978865576
1134822.7058865177
1135222.7138864775
1135622.7218864376
1136022.7298863977
1136422.7378863576
1136822.7458863177
1137222.7538862776
1137622.7618862377
1138022.7698861975
1138422.7778861576
1138822.7858861175
1139222.7938860776
1139622.8018860377
1140022.8098859976
1140422.8178859577
1140822.8258859175
1141222.8338858776
1141622.8418858375
1142022.8498857976
1142422.8578857577
1142822.8658857176
1143222.8738856777
1143622.8818856375
1144022.8898855976
1144422.8978855575
1144822.9058855176
1145222.9138854777
1145622.9218854376
1146022.9298853977
1146422.9378853575
1146822.9458853176
1147222.9538852775
1147622.9618852376
1148022.9698851975
1148422.9778851576
1148822.9858851177
1149222.9938850775
1149623.0018850376
1150023.0098849975
1150423.0178849576
1150823.0258849175
1151223.0338848776
1151623.0418848377
1152023.0498847975
1152423.0578847576
1152823.0658847175
1153223.0738846776
1153623.0818846375
1154023.0898845976
1154423.0978845577
1154823.1058845175
1155223.1138844776
1155623.1218844375
1156023.1298843976
1156423.1378843575
1156823.1458843176
1157223.1538842774
1157623.1618842375
1158023.1698841976
1158423.1778841575
1158823.1858841176
1159223.1938840775
1159623.2018840376
1160023.2098839974
1160423.2178839575
1160823.2258839177
1161223.2338838775
1161623.2418838376
1162023.2498837975
1162423.2578837576
1162823.2658837175
1163223.2738836776
1163623.2818836377
1164023.2898835975
1164423.2978835576
1164823.3058835175
1165223.3138834776
1165623.3218834375
1166023.3298833976
1166423.3378833577
1166823.3458833175
1167223.3538832776
1167623.3618832375
1168023.3698831976
1168423.3778831575
1168823.3858831176
1169223.3938830774
1169623.4018830375
1170023.4098829976
1170423.4178829575
1170823.4258829176
1171223.4338828775
1171623.4418828376
1172023.4498827974
1172423.4578827575
1172823.4658827176
1173223.4738826775
1173623.4818826376
1174023.4898825975
1174423.4978825576
1174823.5058825174
1175223.5138824775
1175623.5218824376
1176023.5298823975
1176423.5378823576
1176823.5458823175
1177223.5538822776
1177623.5618822374
1178023.5698821975
1178423.5778821574
1178823.5858821175
1179223.5938820776
1179623.6018820375
1180023.6098819976
1180423.6178819574
1180823.6258819175
1181223.6338818774
1181623.6418818375
1182023.6498817976
1182423.6578817575
1182823.6658817176
1183223.6738816774
1183623.6818816375
1184023.6898815974
1184423.6978815575
1184823.7058815176
1185223.7138814775
1185623.7218814376
1186023.7298813974
1186423.7378813575
1186823.7458813174
1187223.7538812775
1187623.7618812374
1188023.7698811975
1188423.7778811576
1188823.7858811175
1189223.7938810776
1189623.8018810374
1190023.8098809975
1190423.8178809574
1190823.8258809175
1191223.8338808776
1191623.8418808375
1192023.8498807976
1192423.8578807574
1192823.8658807175
1193223.8738806774
1193623.8818806375
1194023.8898805976
1194423.8978805575
1194823.9058805176
1195223.9138804774
1195623.9218804375
1196023.9298803974
1196423.9378803575
1196823.9458803174
1197223.9538802775
1197623.9618802376
1198023.9698801974
1198423.9778801575
1198823.9858801174
1199223.9938800775
1199624.0018800374
1200024.0098799975
1200424.0178799576
1200824.0258799174
1201224.0338798775
1201624.0418798374
1202024.0498797975
1202424.0578797574
1202824.0658797175
1203224.0738796776
1203624.0818796374
1204024.0898795975
1204424.0978795574
1204824.1058795175
1205224.1138794774
1205624.1218794375
1206024.1298793976
1206424.1378793574
1206824.1458793175
1207224.1538792774
1207624.1618792375
1208024.1698791974
1208424.1778791575
1208824.1858791173
1209224.1938790774
1209624.2018790375
1210024.2098789974
1210424.2178789575
1210824.2258789174
1211224.2338788775
1211624.2418788373
1212024.2498787974
1212424.2578787575
1212824.2658787174
1213224.2738786775
1213624.2818786374
1214024.2898785975
1214424.2978785574
1214824.3058785175
1215224.3138784776
1215624.3218784374
1216024.3298783975
1216424.3378783574
1216824.3458783175
1217224.3538782774
1217624.3618782375
1218024.3698781973
1218424.3778781574
1218824.3858781175
1219224.3938780774
1219624.4018780375
1220024.4098779974
1220424.4178779575
1220824.4258779173
1221224.4338778774
1221624.4418778375
1222024.4498777974
1222424.4578777575
1222824.4658777174
1223224.4738776775
1223624.4818776373
1224024.4898775974
1224424.4978775575
1224824.5058775174
1225224.5138774775
1225624.5218774374
1226024.5298773975
1226424.5378773573
1226824.5458773174
1227224.5538772773
1227624.5618772374
1228024.5698771975
1228424.5778771574
1228824.5858771175
1229224.5938770773
1229624.6018770374
1230024.6098769973
1230424.6178769574
1230824.6258769175
1231224.6338768774
1231624.6418768375
1232024.6498767973
1232424.6578767574
1232824.6658767173
1233224.6738766774
1233624.6818766375
1234024.6898765974
1234424.6978765575
1234824.7058765173
1235224.7138764774
1235624.7218764373
1236024.7298763974
1236424.7378763573
1236824.7458763174
1237224.7538762775
1237624.7618762373
1238024.7698761974
1238424.7778761573
1238824.7858761174
1239224.7938760773
1239624.8018760374
1240024.8098759975
1240424.8178759573
1240824.8258759174
1241224.8338758773
1241624.8418758374
1242024.8498757973
1242424.8578757574
1242824.8658757175
1243224.8738756774
1243624.8818756375
1244024.8898755973
1244424.8978755574
1244824.9058755173
1245224.9138754774
1245624.9218754375
1246024.9298753974
1246424.9378753575
1246824.9458753173
1247224.9538752774
1247624.9618752373
1248024.9698751974
1248424.9778751573
1248824.9858751174
1249224.9938750775
1249625.0018750373
1250025.0098749974
1250425.0178749573
1250825.0258749174
1251225.0338748773
1251625.0418748374
1252025.0498747975
1252425.0578747573
1252825.0658747174
1253225.0738746773
1253625.0818746374
1254025.0898745973
1254425.0978745574
1254825.1058745175
1255225.1138744773
1255625.1218744374
1256025.1298743973
1256425.1378743574
1256825.1458743173
1257225.1538742774
1257625.1618742372
1258025.1698741973
1258425.1778741574
1258825.1858741173
1259225.1938740774
1259625.2018740373
1260025.2098739974
1260425.2178739572
1260825.2258739173
1261225.2338738774
1261625.2418738373
1262025.2498737974
1262425.2578737573
1262825.2658737174
1263225.2738736772
1263625.2818736373
1264025.2898735974
1264425.2978735573
1264825.3058735174
1265225.3138734773
1265625.3218734374
1266025.3298733972
1266425.3378733573
1266825.3458733172
1267225.3538732773
1267625.3618732374
1268025.3698731973
1268425.3778731574
1268825.3858731173
1269225.3938730774
1269625.4018730372
1270025.4098729973
1270425.4178729574
1270825.4258729173
1271225.4338728774
1271625.4418728373
1272025.4498727974
1272425.4578727572
1272825.4658727173
1273225.4738726774
1273625.4818726373
1274025.4898725974
1274425.4978725573
1274825.5058725174
1275225.5138724772
1275625.5218724373
1276025.5298723972
1276425.5378723573
1276825.5458723174
1277225.5538722773
1277625.5618722374
1278025.5698721972
1278425.5778721573
1278825.5858721172
1279225.5938720773
1279625.6018720374
1280025.6098719973
1280425.6178719574
1280825.6258719172
1281225.6338718773
1281625.6418718372
1282025.6498717973
1282425.6578717574
1282825.6658717173
1283225.6738716774
1283625.6818716372
1284025.6898715973
1284425.6978715572
1284825.7058715173
1285225.7138714774
1285625.7218714373
1286025.7298713974
1286425.7378713572
1286825.7458713173
1287225.7538712772
1287625.7618712373
1288025.7698711972
1288425.7778711573
1288825.7858711174
1289225.7938710772
1289625.8018710373
1290025.8098709972
1290425.8178709573
1290825.8258709172
1291225.8338708773
1291625.8418708374
1292025.8498707972
1292425.8578707573
1292825.8658707172
1293225.8738706773
1293625.8818706372
1294025.8898705973
1294425.8978705574
1294825.9058705173
1295225.9138704774
1295625.9218704372
1296025.9298703973
1296425.9378703572
1296825.9458703173
1297225.9538702772
1297625.9618702373
1298025.9698701974
1298425.9778701572
1298825.9858701173
1299225.9938700772
1299626.0018700373
1300026.0098699972
1300426.0178699573
1300826.0258699174
1301226.0338698772
1301626.0418698373
1302026.0498697972
1302426.0578697573
1302826.0658697172
1303226.0738696773
1303626.0818696374
1304026.0898695972
1304426.0978695573
1304826.1058695172
1305226.1138694773
1305626.1218694372
1306026.1298693973
1306426.1378693571
1306826.1458693172
1307226.1538692773
1307626.1618692372
1308026.1698691973
1308426.1778691572
1308826.1858691173
1309226.1938690771
1309626.2018690372
1310026.2098689973
1310426.2178689572
1310826.2258689173
1311226.2338688772
1311626.2418688373
1312026.2498687971
1312426.2578687572
1312826.2658687173
1313226.2738686772
1313626.2818686373
1314026.2898685972
1314426.2978685573
1314826.3058685171
1315226.3138684772
1315626.3218684373
1316026.3298683972
1316426.3378683573
1316826.3458683172
1317226.3538682773
1317626.3618682371
1318026.3698681972
1318426.377868157
1318826.3858681172
1319226.3938680773
1319626.4018680372
1320026.4098679973
1320426.4178679571
1320826.4258679172
1321226.4338678771
1321626.4418678372
1322026.4498677973
1322426.4578677572
1322826.4658677173
1323226.4738676772
1323626.4818676373
1324026.4898675971
1324426.4978675572
1324826.5058675173
1325226.5138674772
1325626.5218674373
1326026.5298673972
1326426.5378673573
1326826.5458673171
1327226.5538672772
1327626.561867237
1328026.5698671972
1328426.5778671573
1328826.5858671172
1329226.5938670773
1329626.6018670371
1330026.6098669972
1330426.617866957
1330826.6258669172
1331226.6338668773
1331626.6418668372
1332026.6498667973
1332426.6578667571
1332826.6658667172
1333226.673866677
1333626.6818666372
1334026.6898665973
1334426.6978665572
1334826.7058665173
1335226.7138664771
1335626.7218664372
1336026.729866397
1336426.7378663572
1336826.745866317
1337226.7538662772
1337626.7618662373
1338026.7698661971
1338426.7778661572
1338826.785866117
1339226.7938660772
1339626.801866037
1340026.8098659972
1340426.8178659573
1340826.8258659171
1341226.8338658772
1341626.841865837
1342026.8498657972
1342426.857865757
1342826.8658657172
1343226.8738656773
1343626.8818656371
1344026.8898655972
1344426.897865557
1344826.9058655172
1345226.913865477
1345626.9218654372
1346026.929865397
1346426.9378653571
1346826.9458653172
1347226.953865277
1347626.9618652372
1348026.969865197
1348426.9778651572
1348826.985865117
1349226.9938650772
1349627.0018650373
1350027.0098649971
1350427.0178649572
1350827.025864917
1351227.0338648772
1351627.041864837
1352027.0498647972
1352427.0578647573
1352827.0658647171
1353227.0738646772
1353627.081864637
1354027.0898645972
1354427.097864557
1354827.1058645172
1355227.1138644773
1355627.1218644371
1356027.1298643972
1356427.137864357
1356827.1458643172
1357227.153864277
1357627.1618642372
1358027.169864197
1358427.1778641571
1358827.1858641172
1359227.193864077
1359627.2018640372
1360027.209863997
1360427.2178639572
1360827.225863917
1361227.2338638771
1361627.2418638372
1362027.249863797
1362427.2578637572
1362827.265863717
1363227.2738636772
1363627.281863637
1364027.2898635971
1364427.2978635572
1364827.305863517
1365227.3138634772
1365627.321863437
1366027.3298633972
1366427.337863357
1366827.3458633171
1367227.353863277
1367627.361863237
1368027.3698631972
1368427.377863157
1368827.3858631172
1369227.393863077
1369627.4018630371
1370027.409862997
1370427.417862957
1370827.4258629172
1371227.433862877
1371627.4418628372
1372027.449862797
1372427.4578627571
1372827.465862717
1373227.473862677
1373627.4818626372
1374027.489862597
1374427.4978625572
1374827.505862517
1375227.5138624771
1375627.521862437
1376027.5298623971
1376427.537862357
1376827.545862317
1377227.5538622772
1377627.561862237
1378027.5698621972
1378427.577862157
1378827.5858621171
1379227.593862077
1379627.601862037
1380027.6098619972
1380427.617861957
1380827.6258619172
1381227.633861877
1381627.6418618371
1382027.649861797
1382427.657861757
1382827.6658617172
1383227.673861677
1383627.6818616372
1384027.689861597
1384427.6978615571
1384827.705861517
1385227.713861477
1385627.721861437
1386027.729861397
1386427.7378613572
1386827.745861317
1387227.7538612771
1387627.761861237
1388027.769861197
1388427.777861157
1388827.785861117
1389227.7938610772
1389627.801861037
1390027.8098609971
1390427.817860957
1390827.825860917
1391227.833860877
1391627.841860837
1392027.8498607972
1392427.857860757
1392827.8658607171
1393227.873860677
1393627.881860637
1394027.889860597
1394427.897860557
1394827.9058605172
1395227.913860477
1395627.9218604371
1396027.929860397
1396427.937860357
1396827.945860317
1397227.953860277
1397627.961860237
1398027.969860197
1398427.9778601571
1398827.985860117
1399227.993860077
1399628.001860037
1400028.009859997
1400428.017859957
1400828.025859917
1401228.0338598771
1401628.041859837
1402028.049859797
1402428.057859757
1402828.065859717
1403228.073859677
1403628.081859637
1404028.0898595972
1404428.097859557
1404828.1058595171
1405228.113859477
1405628.121859437
1406028.129859397
1406428.137859357
1406828.145859317
1407228.153859277
1407628.1618592371
1408028.169859197
1408428.177859157
1408828.185859117
1409228.193859077
1409628.201859037
1410028.209858997
1410428.2178589571
1410828.225858917
1411228.233858877
1411628.241858837
1412028.249858797
1412428.257858757
1412828.265858717
1413228.2738586771
1413628.281858637
1414028.289858597
1414428.297858557
1414828.305858517
1415228.313858477
1415628.321858437
1416028.329858397
1416428.337858357
1416828.345858317
1417228.353858277
1417628.361858237
1418028.369858197
1418428.377858157
1418828.385858117
1419228.393858077
1419628.401858037
1420028.409857997
1420428.417857957
1420828.425857917
1421228.433857877
1421628.441857837
1422028.449857797
1422428.457857757
1422828.465857717
1423228.473857677
1423628.481857637
1424028.489857597
1424428.497857557
1424828.505857517
1425228.5138574769
1425628.521857437
1426028.529857397
1426428.537857357
1426828.545857317
1427228.553857277
1427628.561857237
1428028.5698571969
1428428.577857157
1428828.585857117
1429228.593857077
1429628.601857037
1430028.609856997
1430428.617856957
1430828.625856917
1431228.633856877
1431628.641856837
1432028.649856797
1432428.657856757
1432828.665856717
1433228.673856677
1433628.681856637
1434028.689856597
1434428.697856557
1434828.705856517
1435228.713856477
1435628.721856437
1436028.729856397
1436428.737856357
1436828.745856317
1437228.7538562769
1437628.761856237
1438028.769856197
1438428.777856157
1438828.785856117
1439228.793856077
1439628.801856037
1440028.8098559969
1440428.817855957
1440828.825855917
1441228.833855877
1441628.841855837
1442028.849855797
1442428.857855757
1442828.8658557169
1443228.873855677
1443628.881855637
1444028.889855597
1444428.897855557
1444828.905855517
1445228.913855477
1445628.9218554369
1446028.929855397
1446428.9378553568
1446828.945855317
1447228.953855277
1447628.961855237
1448028.969855197
1448428.9778551569
1448828.985855117
1449228.9938550768
1449629.001855037
1450029.009854997
1450429.017854957
1450829.025854917
1451229.0338548769
1451629.041854837
1452029.0498547968
1452429.057854757
1452829.065854717
1453229.073854677
1453629.081854637
1454029.0898545969
1454429.097854557
1454829.1058545168
1455229.113854477
1455629.1218544368
1456029.129854397
1456429.137854357
1456829.145854317
1457229.153854277
1457629.1618542369
1458029.169854197
1458429.1778541568
1458829.185854117
1459229.193854077
1459629.201854037
1460029.209853997
1460429.2178539569
1460829.225853917
1461229.2338538768
1461629.241853837
1462029.249853797
1462429.257853757
1462829.265853717
1463229.2738536769
1463629.281853637
1464029.2898535968
1464429.297853557
1464829.3058535168
1465229.313853477
1465629.321853437
1466029.3298533969
1466429.337853357
1466829.3458533168
1467229.353853277
1467629.3618532368
1468029.369853197
1468429.377853157
1468829.3858531169
1469229.393853077
1469629.4018530368
1470029.409852997
1470429.4178529568
1470829.425852917
1471229.433852877
1471629.4418528369
1472029.449852797
1472429.4578527568
1472829.465852717
1473229.4738526768
1473629.481852637
1474029.489852597
1474429.4978525569
1474829.505852517
1475229.5138524768
1475629.521852437
1476029.5298523968
1476429.537852357
1476829.5458523168
1477229.5538522769
1477629.561852237
1478029.5698521968
1478429.577852157
1478829.5858521168
1479229.593852077
1479629.6018520368
1480029.6098519969
1480429.617851957
1480829.6258519168
1481229.633851877
1481629.6418518368
1482029.649851797
1482429.6578517568
1482829.6658517169
1483229.673851677
1483629.6818516369
1484029.689851597
1484429.6978515568
1484829.705851517
1485229.7138514768
1485629.721851437
1486029.7298513968
1486429.7378513569
1486829.745851317
1487229.7538512768
1487629.761851237
1488029.7698511968
1488429.777851157
1488829.7858511168
1489229.7938510769
1489629.801851037
1490029.8098509968
1490429.817850957
1490829.8258509168
1491229.833850877
1491629.8418508368
1492029.8498507969
1492429.857850757
1492829.8658507168
1493229.873850677
1493629.8818506368
1494029.889850597
1494429.8978505568
1494829.9058505169
1495229.9138504767
1495629.9218504368
1496029.929850397
1496429.9378503568
1496829.945850317
1497229.9538502768
1497629.9618502369
1498029.9698501967
1498429.9778501568
1498829.985850117
1499229.9938500768
1499630.001850037
1500030.0098499968
1500430.0178499569
1500830.0258499167
1501230.0338498768
1501630.041849837
1502030.0498497968
1502430.057849757
1502830.0658497168
1503230.0738496769
1503630.0818496367
1504030.0898495968
1504430.0978495567
1504830.1058495168
1505230.113849477
1505630.1218494368
1506030.1298493969
1506430.1378493567
1506830.1458493168
1507230.1538492767
1507630.1618492368
1508030.169849197
1508430.1778491568
1508830.1858491169
1509230.1938490767
1509630.2018490369
1510030.2098489967
1510430.2178489568
1510830.225848917
1511230.2338488768
1511630.241848837
1512030.2498487968
1512430.2578487569
1512830.2658487167
1513230.2738486768
1513630.281848637
1514030.2898485968
1514430.297848557
1514830.3058485168
1515230.3138484769
1515630.3218484367
1516030.3298483968
1516430.3378483567
1516830.3458483168
1517230.353848277
1517630.3618482368
1518030.3698481969
1518430.3778481567
1518830.3858481168
1519230.3938480767
1519630.4018480368
1520030.409847997
1520430.4178479568
1520830.4258479169
1521230.4338478767
1521630.4418478368
1522030.4498477967
1522430.4578477568
1522830.465847717
1523230.4738476768
1523630.4818476369
1524030.4898475967
1524430.4978475568
1524830.5058475167
1525230.5138474768
1525630.5218474367
1526030.5298473968
1526430.5378473569
1526830.5458473167
1527230.5538472768
1527630.5618472367
1528030.5698471968
1528430.5778471567
1528830.5858471168
1529230.5938470769
1529630.6018470367
1530030.6098469968
1530430.6178469567
1530830.6258469168
1531230.6338468767
1531630.6418468368
1532030.6498467969
1532430.6578467567
1532830.6658467168
1533230.6738466767
1533630.6818466368
1534030.6898465967
1534430.6978465568
1534830.7058465166
1535230.7138464767
1535630.7218464368
1536030.7298463967
1536430.7378463568
1536830.7458463167
1537230.7538462768
1537630.7618462367
1538030.7698461968
1538430.7778461569
1538830.7858461167
1539230.7938460768
1539630.8018460367
1540030.8098459968
1540430.8178459567
1540830.8258459168
1541230.8338458769
1541630.8418458367
1542030.8498457968
1542430.8578457567
1542830.8658457168
1543230.8738456767
1543630.8818456368
1544030.8898455969
1544430.8978455567
1544830.9058455168
1545230.9138454767
1545630.9218454368
1546030.9298453967
1546430.9378453568
1546830.9458453166
1547230.9538452767
1547630.9618452368
1548030.9698451967
1548430.9778451568
1548830.9858451167
1549230.9938450768
1549631.0018450366
1550031.0098449967
1550431.0178449568
1550831.0258449167
1551231.0338448768
1551631.0418448367
1552031.0498447968
1552431.0578447566
1552831.0658447167
1553231.0738446768
1553631.0818446367
1554031.0898445968
1554431.0978445567
1554831.1058445168
1555231.1138444766
1555631.1218444367
1556031.1298443966
1556431.1378443567
1556831.1458443168
1557231.1538442767
1557631.1618442368
1558031.1698441966
1558431.1778441567
1558831.1858441166
1559231.1938440767
1559631.2018440368
1560031.2098439967
1560431.2178439568
1560831.2258439166
1561231.2338438767
1561631.2418438366
1562031.2498437967
1562431.2578437568
1562831.2658437167
1563231.2738436768
1563631.2818436367
1564031.2898435968
1564431.2978435566
1564831.3058435167
1565231.3138434766
1565631.3218434367
1566031.3298433968
1566431.3378433567
1566831.3458433168
1567231.3538432766
1567631.3618432367
1568031.3698431966
1568431.3778431567
1568831.3858431168
1569231.3938430767
1569631.4018430368
1570031.4098429966
1570431.4178429567
1570831.4258429166
1571231.4338428767
1571631.4418428368
1572031.4498427967
1572431.4578427568
1572831.4658427166
1573231.4738426767
1573631.4818426366
1574031.4898425967
1574431.4978425566
1574831.5058425167
1575231.5138424768
1575631.5218424366
1576031.5298423967
1576431.5378423566
1576831.5458423167
1577231.5538422766
1577631.5618422367
1578031.5698421968
1578431.5778421566
1578831.5858421167
1579231.5938420766
1579631.6018420367
1580031.6098419966
1580431.6178419567
1580831.6258419168
1581231.6338418766
1581631.6418418367
1582031.6498417966
1582431.6578417567
1582831.6658417166
1583231.6738416767
1583631.6818416368
1584031.6898415966
1584431.6978415567
1584831.7058415166
1585231.7138414767
1585631.7218414366
1586031.7298413967
1586431.7378413565
1586831.7458413166
1587231.7538412767
1587631.7618412366
1588031.7698411967
1588431.7778411566
1588831.7858411167
1589231.7938410765
1589631.8018410366
1590031.8098409967
1590431.8178409566
1590831.8258409167
1591231.8338408766
1591631.8418408367
1592031.8498407966
1592431.8578407567
1592831.8658407168
1593231.8738406766
1593631.8818406367
1594031.8898405966
1594431.8978405567
1594831.9058405166
1595231.9138404767
1595631.9218404365
1596031.9298403966
1596431.9378403567
1596831.9458403166
1597231.9538402767
1597631.9618402366
1598031.9698401967
1598431.9778401565
1598831.9858401166
1599231.9938400767
1599632.0018400366
1600032.0098399967
1600432.0178399566
1600832.0258399167
1601232.0338398765
1601632.0418398366
1602032.0498397967
1602432.0578397566
1602832.0658397167
1603232.0738396766
1603632.0818396367
1604032.0898395965
1604432.0978395566
1604832.1058395165
1605232.1138394766
1605632.1218394367
1606032.1298393966
1606432.1378393567
1606832.1458393165
1607232.1538392766
1607632.1618392365
1608032.1698391966
1608432.1778391567
1608832.1858391166
1609232.1938390767
1609632.2018390365
1610032.2098389966
1610432.2178389565
1610832.2258389166
1611232.2338388767
1611632.2418388366
1612032.2498387967
1612432.2578387565
1612832.2658387166
1613232.2738386765
1613632.2818386366
1614032.2898385965
1614432.2978385566
1614832.3058385167
1615232.3138384765
1615632.3218384366
1616032.3298383965
1616432.3378383566
1616832.3458383165
1617232.3538382766
1617632.3618382367
1618032.3698381966
1618432.3778381567
1618832.3858381165
1619232.3938380766
1619632.4018380365
1620032.4098379966
1620432.4178379567
1620832.4258379166
1621232.4338378767
1621632.4418378365
1622032.4498377966
1622432.4578377565
1622832.4658377166
1623232.4738376767
1623632.4818376366
1624032.4898375967
1624432.4978375565
1624832.5058375166
1625232.5138374765
1625632.5218374366
1626032.5298373965
1626432.5378373566
1626832.5458373167
1627232.5538372765
1627632.5618372366
1628032.5698371965
1628432.5778371566
1628832.5858371165
1629232.5938370766
1629632.6018370367
1630032.6098369965
1630432.6178369566
1630832.6258369165
1631232.6338368766
1631632.6418368365
1632032.6498367966
1632432.6578367567
1632832.6658367165
1633232.6738366766
1633632.6818366365
1634032.6898365966
1634432.6978365565
1634832.7058365166
1635232.7138364764
1635632.7218364365
1636032.7298363966
1636432.7378363565
1636832.7458363166
1637232.7538362765
1637632.7618362366
1638032.7698361964
1638432.7778361565
1638832.7858361166
1639232.7938360765
1639632.8018360366
1640032.8098359965
1640432.8178359566
1640832.8258359164
1641232.8338358765
1641632.8418358366
1642032.8498357965
1642432.8578357566
1642832.8658357165
1643232.8738356766
1643632.8818356364
1644032.8898355966
1644432.8978355564
1644832.9058355165
1645232.9138354766
1645632.9218354365
1646032.9298353966
1646432.9378353565
1646832.9458353166
1647232.9538352764
1647632.9618352365
1648032.9698351966
1648432.9778351565
1648832.9858351166
1649232.9938350765
1649633.0018350366
1650033.0098349964
1650433.0178349565
1650833.0258349166
1651233.0338348765
1651633.0418348366
1652033.0498347965
1652433.0578347566
1652833.0658347164
1653233.0738346765
1653633.0818346364
1654033.0898345965
1654433.0978345566
1654833.1058345165
1655233.1138344766
1655633.1218344364
1656033.1298343965
1656433.1378343564
1656833.1458343165
1657233.1538342766
1657633.1618342365
1658033.1698341966
1658433.1778341564
1658833.1858341165
1659233.1938340764
1659633.2018340365
1660033.2098339966
1660433.2178339565
1660833.2258339166
1661233.2338338764
1661633.2418338365
1662033.2498337964
1662433.2578337565
1662833.2658337166
1663233.2738336765
1663633.2818336366
1664033.2898335964
1664433.2978335565
1664833.3058335164
1665233.3138334765
1665633.3218334364
1666033.3298333965
1666433.3378333566
1666833.3458333164
1667233.3538332765
1667633.3618332364
1668033.3698331965
1668433.3778331564
1668833.3858331165
1669233.3938330766
1669633.4018330364
1670033.4098329965
1670433.4178329564
1670833.4258329165
1671233.4338328764
1671633.4418328365
1672033.4498327966
1672433.4578327565
1672833.4658327166
1673233.4738326764
1673633.4818326365
1674033.4898325964
1674433.4978325565
1674833.5058325164
1675233.5138324765
1675633.5218324366
1676033.5298323964
1676433.5378323565
1676833.5458323164
1677233.5538322765
1677633.5618322364
1678033.5698321965
1678433.5778321566
1678833.5858321164
1679233.5938320765
1679633.6018320364
1680033.6098319965
1680433.6178319564
1680833.6258319165
1681233.6338318766
1681633.6418318364
1682033.6498317965
1682433.6578317564
1682833.6658317165
1683233.6738316764
1683633.6818316365
1684033.6898315963
1684433.6978315564
1684833.7058315165
1685233.7138314764
1685633.7218314365
1686033.7298313964
1686433.7378313565
1686833.7458313163
1687233.7538312764
1687633.7618312365
1688033.7698311964
1688433.7778311565
1688833.7858311164
1689233.7938310765
1689633.8018310363
1690033.8098309964
1690433.8178309565
1690833.8258309164
1691233.8338308765
1691633.8418308364
1692033.8498307965
1692433.8578307563
1692833.8658307164
1693233.8738306763
1693633.8818306364
1694033.8898305965
1694433.8978305564
1694833.9058305165
1695233.9138304763
1695633.9218304364
1696033.9298303963
1696433.9378303564
1696833.9458303165
1697233.9538302764
1697633.9618302365
1698033.9698301964
1698433.9778301565
1698833.9858301163
1699233.9938300764
1699634.0018300365
1700034.0098299964
1700434.0178299565
1700834.0258299164
1701234.0338298765
1701634.0418298363
1702034.0498297964
1702434.0578297565
1702834.0658297164
1703234.0738296765
1703634.0818296364
1704034.0898295965
1704434.0978295563
1704834.1058295164
1705234.1138294763
1705634.1218294364
1706034.1298293965
1706434.1378293564
1706834.1458293165
1707234.1538292763
1707634.1618292364
1708034.1698291963
1708434.1778291564
1708834.1858291165
1709234.1938290764
1709634.2018290365
1710034.2098289963
1710434.2178289564
1710834.2258289163
1711234.2338288764
1711634.2418288365
1712034.2498287964
1712434.2578287565
1712834.2658287163
1713234.2738286764
1713634.2818286363
1714034.2898285964
1714434.2978285563
1714834.3058285164
1715234.3138284765
1715634.3218284363
1716034.3298283964
1716434.3378283563
1716834.3458283164
1717234.3538282763
1717634.3618282364
1718034.3698281965
1718434.3778281563
1718834.3858281164
1719234.3938280763
1719634.4018280364
1720034.4098279963
1720434.4178279564
1720834.4258279165
1721234.4338278763
1721634.4418278364
1722034.4498277963
1722434.4578277564
1722834.4658277163
1723234.4738276764
1723634.4818276362
1724034.4898275963
1724434.4978275564
1724834.5058275163
1725234.5138274764
1725634.5218274363
1726034.5298273964
1726434.5378273563
1726834.5458273164
1727234.5538272765
1727634.5618272363
1728034.5698271964
1728434.5778271563
1728834.5858271164
1729234.5938270763
1729634.6018270364
1730034.6098269965
1730434.6178269563
1730834.6258269164
1731234.6338268763
1731634.6418268364
1732034.6498267963
1732434.6578267564
1732834.6658267162
1733234.6738266763
1733634.6818266364
1734034.6898265963
1734434.6978265564
1734834.7058265163
1735234.7138264764
1735634.7218264362
1736034.7298263963
1736434.7378263564
1736834.7458263163
1737234.7538262764
1737634.7618262363
1738034.7698261964
1738434.7778261562
1738834.7858261163
1739234.7938260764
1739634.8018260363
1740034.8098259964
1740434.8178259563
1740834.8258259164
1741234.8338258762
1741634.8418258363
1742034.8498257964
1742434.8578257563
1742834.8658257164
1743234.8738256763
1743634.8818256364
1744034.8898255962
1744434.8978255563
1744834.9058255162
1745234.9138254763
1745634.9218254364
1746034.9298253963
1746434.9378253564
1746834.9458253162
1747234.9538252763
1747634.9618252362
1748034.9698251963
1748434.9778251564
1748834.9858251163
1749234.9938250764
1749635.0018250362
1750035.0098249963
1750435.0178249562
1750835.0258249163
1751235.0338248764
1751635.0418248363
1752035.0498247964
1752435.0578247563
1752835.0658247164
1753235.0738246762
1753635.0818246363
1754035.0898245962
1754435.0978245563
1754835.1058245164
1755235.1138244763
1755635.1218244364
1756035.1298243962
1756435.1378243563
1756835.1458243162
1757235.1538242763
1757635.1618242364
1758035.1698241963
1758435.1778241564
1758835.1858241162
1759235.1938240763
1759635.2018240362
1760035.2098239963
1760435.2178239564
1760835.2258239163
1761235.2338238764
1761635.2418238362
1762035.2498237963
1762435.2578237562
1762835.2658237163
1763235.2738236762
1763635.2818236363
1764035.2898235964
1764435.2978235562
1764835.3058235163
1765235.3138234762
1765635.3218234363
1766035.3298233962
1766435.3378233563
1767235.353823274
1767378.0049694262
1767520.6676303754
1767663.3418070434
1767806.0275003635
1767948.7247112694
1768091.4334406827
1768234.1536895374
1768376.885458767
1768519.6287492937
1768662.3835620515
1768805.149897974
1768947.9277579843
1769090.717143016
1769233.518054003
1769376.3304918683
1769519.1544575465
1769661.9899519712
1769804.8369760662
1769947.6955307655
1770090.5656170035
1770233.4472357037
1770376.340387801
1770519.2450742298
1770662.1612959136
1770805.0890537875
1770948.0283487826
1771090.979181834
1771233.9415538653
1771376.9154658122
1771519.9009186092
1771662.897913181
1771805.9064504628
1771948.92653139
1772091.958156887
1772235.0013278895
1772378.056045333
1772521.122310142
1772664.2001232526
1772807.2894856005
1772950.3903981107
1773093.502861719
1773236.626877362
1773379.7624459642
1773522.909568462
1773666.0682457918
1773809.238478879
1773952.4202686602
1774095.6136160714
1774238.8185220386
1774382.0349874985
1774525.2630133876
1774668.502600632
1774811.7537501683
1774955.0164629335
1775098.290739854
1775241.5765818667
1775384.873989909
1775528.1829649066
1775671.5035077974
1775814.8356195188
1775958.179300997
1776101.5345531697
1776244.9013769745
1776388.2797733385
1776531.6697431991
1776675.0712874944
1776818.4844071511
1776961.9091031074
1777105.3453763013
1777248.7932276602
1777392.2526581225
1777535.7236686258
1777679.2062600981
1777822.7004334778
1777966.2061897034
1778109.7235297025
1778253.252454414
1778396.7929647728
1778540.3450617176
1778683.9087461769
1778827.484019089
1778971.0708813935
1779114.6693340186
1779258.279377903
1779401.9010139867
1779545.5342431976
1779689.1790664755
1779832.8354847594
1779976.5034989787
1780120.1831100723
1780263.8743189804
1780407.577126632
1780551.2915339665
1780695.0175419243
1780838.7551514343
1780982.5043634367
1781126.2651788718
1781270.0375986686
1781413.821623768
1781557.6172551098
1781701.424493624
1781845.243340251
1781989.0737959314
1782132.9158615952
1782276.769538183
1782420.634826636
1782564.5117278837
1782708.4002428676
1782852.3003725286
1782996.2121177968
1783140.1354796137
1783284.0704589207
1783428.017056648
1783571.975273737
1783715.9451111297
1783859.9265697566
1784003.9196505593
1784147.9243544796
1784291.9406824487
1784435.968635408
1784580.0082143
1784724.059420056
1784868.1222536175
1785012.1967159272
1785156.2828079164
1785300.3805305273
1785444.489884699
1785588.6108713741
1785732.743491484
1785876.8877459716
1786021.0436357795
1786165.2111618398
1786309.3903250953
1786453.581126489
1786597.7835669531
1786741.9976474305
1786886.223368865
1787030.4607321885
1787174.7097383444
1787318.9703882763
1787463.2426829168
1787607.5266232092
1787751.8222100977
1787896.1294445146
1788040.4483274042
1788184.7788597103
1788329.1210423657
1788473.4748763144
1788617.8403625009
1788762.2175018585
1788906.606295331
1789051.0067438632
1789195.4188483884
1789339.8426098514
1789484.2780291964
1789628.7251073574
1789773.183845279
1789917.654243906
1790062.1363041727
1790206.6300270236
1790351.135413404
1790495.6524642482
1790640.1811805011
1790784.721563108
1790929.2736130038
1791073.8373311334
1791218.4127184425
1791362.9997758656
1791507.5985043487
1791652.208904837
1791796.830978266
1791941.464725581
1792086.1101477284
1792230.767245643
1792375.4360202714
1792520.116472559
1792664.8086034418
1792809.512413866
1792954.227904774
1793098.9550771127
1793243.6939318175
1793388.4444698354
1793533.2066921126
1793677.9805995855
1793822.7661932004
1793967.5634739047
1794112.3724426345
1794257.1931003365
1794402.0254479584
1794546.869486436
1794691.725216717
1794836.5926397487
1794981.4717564676
1795126.3625678213
1795271.2650747574
1795416.1792782126
1795561.105179135
1795706.0427784722
1795850.992077161
1795995.95307615
1796140.9257763869
1796285.910178809
1796430.9062843644
1796575.9140940018
1796720.9336086581
1796865.9648292824
1797011.007756823
1797156.0623922173
1797301.1287364145
1797446.206790363
1797591.2965550008
1797736.3980312769
1797881.5112201404
1798026.6361225292
1798171.7727393925
1798316.9210716798
1798462.0811203294
1798607.2528862904
1798752.4363705127
1798897.6315739346
1799042.8384975058
1799188.0571421757
1799333.2875088837
1799478.5295985793
1799623.7834122127
1799769.0489507224
1799914.326215059
1800059.6152061727
1800204.9159250024
1800350.2283724986
1800495.552549608
1800640.888457281
1800786.2360964576
1800931.5954680878
1801076.9665731227
1801222.349412502
1801367.7439871766
1801513.1502980974
1801658.5683462042
1801803.9981324486
1801949.4396577813
1802094.8929231428
1802240.3579294842
1802385.8346777572
1802531.3231689022
1802676.8234038705
1802822.3353836138
1802967.859109073
1803113.3945811999
1803258.9418009461
1803404.5007692527
1803550.0714870717
1803695.653955355
1803841.248175044
1803986.854147091
1804132.4718724482
1804278.1013520567
1804423.7425868695
1804569.3955778389
1804715.0603259064
1804860.7368320248
1805006.425097147
1805152.1251222147
1805297.8369081807
1805443.5604559984
1805589.2957666095
1805735.0428409674
1805880.8016800252
1806026.5722847255
1806172.354656021
1806318.1487948662
1806463.9547022027
1806609.7723789844
1806755.6018261653
1806901.4430446879
1807047.296035506
1807193.1607995736
1807339.037337834
1807484.9256512409
1807630.8257407446
1807776.7376072998
1807922.6612518497
1808068.5966753487
1808214.543878751
1808360.5028630006
1808506.4736290516
1808652.456177859
1808798.4505103666
1808944.4566275289
1809090.4745303013
1809236.5042196275
1809382.5456964627
1809528.598961762
1809674.6640164696
1809820.740861541
1809966.829497931
1810112.929926585
1810259.0421484576
1810405.166164505
1810551.301975672
1810697.449582914
1810843.6089871866
1810989.7801894355
1811135.9631906159
1811282.1579916845
1811428.364593586
1811574.582997277
1811720.8132037136
1811867.0552138411
1812013.3090286162
1812159.5746489952
1812305.852075924
1812452.141310359
1812598.4423532572
1812744.7552055642
1812891.079868237
1813037.4163422328
1813183.7646284974
1813330.1247279881
1813476.4966416622
1813622.880370466
1813769.2759153566
1813915.683277292
1814062.1024572179
1814208.5334560927
1814354.9762748738
1814501.430914508
1814647.897375953
1814794.3756601668
1814940.8657680966
1815087.3677007004
1815233.8814589323
1815380.407043751
1815526.9444561037
1815673.4936969487
1815820.0547672445
1815966.6276679386
1816113.2123999896
1816259.8089643563
1816406.4173619864
1816553.0375938388
1816699.6696608723
1816846.313564035
1816992.969304286
1817139.6368825845
1817286.3162998785
1817433.0075571274
1817579.7106552909
1817726.425595317
1817873.1523781656
1818019.8910047961
1818166.6414761574
1818313.4037932088
1818460.1779569108
1818606.9639682118
1818753.7618280721
1818900.5715374518
1819047.3930973
1819194.226508577
1819341.0717722427
1819487.928889247
1819634.79786055
1819781.6786871124
1819928.571369884
1820075.4759098254
1820222.392307897
1820369.3205650493
1820516.2606822427
1820663.2126604386
1820810.1765005868
1820957.1522036486
1821104.139770585
1821251.1392023468
1821398.150499895
1821545.173664191
1821692.2086961858
1821839.2555968405
1821986.3143671174
1822133.3850079668
1822280.4675203506
1822427.5619052271
1822574.6681635587
1822721.786296296
1822868.9163044014
1823016.058188837
1823163.2119505543
1823310.3775905157
1823457.5551096834
1823604.7445090092
1823751.9457894557
1823899.1589519856
1824046.3839975507
1824193.620927114
1824340.8697416382
1824488.1304420752
1824635.4030293885
1824782.6875045411
1824929.983868485
1825077.292122184
1825224.6122666013
1825371.9443026893
1825519.2882314115
1825666.6440537318
1825814.0117706025
1825961.3913829878
1826108.7828918516
1826256.1862981466
1826403.601602837
1826551.0288068866
1826698.467911249
1826845.918916888
1826993.3818247686
1827140.8566358436
1827288.3433510778
1827435.8419714356
1827583.3524978706
1827730.8749313478
1827878.4092728319
1828025.9555232765
1828173.513683647
1828321.083754908
1828468.665738014
1828616.25963393
1828763.8654436213
1828911.4831680423
1829059.1128081582
1829206.754364935
1829354.4078393267
1829502.073232299
1829649.7505448181
1829797.4397778385
1829945.1409323262
1830092.8540092432
1830240.579009556
1830388.3159342194
1830536.0647841997
1830683.8255604634
1830831.5982639652
1830979.3828956722
1831127.1794565509
1831274.9879475564
1831422.8083696556
1831570.6407238154
1831718.4850109916
1831866.3412321508
1832014.2093882603
1832162.089480276
1832309.981509165
1832457.8854758944
1832605.801381421
1832753.7292267117
1832901.669012734
1833049.6207404446
1833197.5844108108
1833345.5600248007
1833493.5475833707
1833641.547087489
1833789.558538123
1833937.58193623
1834085.617282778
1834233.6645787351
1834381.7238250587
1834529.795022717
1834677.8781726784
1834825.9732759004
1834974.0803333512
1835122.1993459999
1835270.3303148036
1835418.4732407317
1835566.6281247528
1835714.7949678248
1835862.9737709165
1836011.1645349974
1836159.3672610254
1836307.5819499695
1836455.8086027997
1836604.0472204736
1836752.2978039612
1836900.5603542319
1837048.8348722442
1837197.1213589679
1837345.419815373
1837493.730242418
1837642.0526410728
1837790.387012304
1837938.733357082
1838087.0916763651
1838235.4619711242
1838383.8442423297
1838532.2384909405
1838680.6447179276
1838829.0629242612
1838977.493110901
1839125.9352788178
1839274.3894289823
1839422.8555623544
1839571.3336799054
1839719.8237826058
1839868.325871416
1840016.839947307
1840165.3660112503
1840313.904064206
1840462.4541071455
1840611.0161410407
1840759.5901668519
1840908.1761855506
1841056.7741981088
1841205.384205487
1841354.0062086578
1841502.6402085922
1841651.286206252
1841799.9442026087
1841948.614198635
1842097.296195292
1842245.990193552
1842394.6961943877
1842543.4141987602
1842692.1442076424
1842840.8862220068
1842989.6402428153
1843138.4062710407
1843287.1843076558
1843435.9743536224
1843584.776409914
1843733.5904775036
1843882.4165573532
1844031.2546504363
1844180.1047577264
1844328.9668801858
1844477.8410187878
1844626.7271745063
1844775.625348304
1844924.5355411542
1845073.4577540278
1845222.3919878984
1845371.3382437287
1845520.2965224932
1845669.2668251658
1845818.24915271
1845967.2435060998
1846116.24988631
1846265.2682943037
1846414.2987310553
1846563.34119754
1846712.3956947213
1846861.4622235736
1847010.5407850724
1847159.6313801808
1847308.7340098748
1847457.8486751288
1847606.975376907
1847756.1141161849
1847905.264893938
1848054.4277111304
1848203.6025687375
1848352.7894677352
1848501.988409088
1848651.1993937716
1848800.4224227618
1848949.6574970235
1849098.9046175324
1849248.1637852653
1849397.4350011863
1849546.7182662725
1849696.0135814997
1849845.3209478331
1849994.6403662497
1850143.9718377255
1850293.3153632262
1850442.6709437286
1850592.0385802095
1850741.4182736345
1850890.8100249807
1851040.213835225
1851189.6297053334
1851339.057636283
1851488.4976290513
1851637.9496846043
1851787.4138039192
1851936.8899879742
1852086.378237735
1852235.8785541798
1852385.390938286
1852534.9153910205
1852684.451913361
1852834.0005062816
1852983.561170761
1853133.1339077654
1853282.7187182736
1853432.3156032637
1853581.9245637027
1853731.5456005693
1853881.178714842
1854030.8239074883
1854180.4811794865
1854330.1505318158
1854479.831965444
1854629.5254813493
1854779.2310805116
1854928.948763898
1855078.6785324884
1855228.4203872615
1855378.1743291856
1855527.9403592402
1855677.7184784047
1855827.5086876475
1855977.3109879482
1856127.1253802865
1856276.9518656312
1856426.7904449617
1856576.6411192587
1856726.5038894904
1856876.3787566372
1857026.2657216792
1857176.1647855856
1857326.0759493364
1857475.9992139128
1857625.9345802832
1857775.8820494288
1857925.84162233
1858075.8132999563
1858225.7970832887
1858375.7929733081
1858525.8009709844
1858675.8210772981
1858825.8532932312
1858975.897619753
1859125.954057845
1859276.0226084888
1859426.1032726543
1859576.1960513236
1859726.3009454776
1859876.4179560873
1860026.547084134
1860176.6883305965
1860326.8416964563
1860477.0071826843
1860627.1847902625
1860777.374520173
1860927.5763733871
1861077.790350887
1861228.0164536552
1861378.254682663
1861528.5050388926
1861678.767523327
1861829.0421369376
1861979.3288807073
1862129.6277556187
1862279.9387626438
1862430.2619027658
1862580.5971769674
1862730.944586221
1862881.3041315095
1863031.6758138165
1863182.0596341141
1863332.455593386
1863482.8636926156
1863633.2839327755
1863783.7163148494
1863934.1608398212
1864084.6175086633
1864235.08632236
1864385.5672818953
1864536.0603882421
1864686.5656423846
1864837.0830453073
1864987.612597983
1865138.1543013966
1865288.7081565324
1865439.2741643637
1865589.8523258755
1865740.4426420524
1865891.045113868
1866041.6597423074
1866192.2865283554
1866342.9254729862
1866493.5765771847
1866644.2398419364
1866794.9152682151
1866945.6028570065
1867096.3026092958
1867247.0145260578
1867397.7386082779
1867548.4748569417
1867699.223273024
1867849.9838575106
1868000.7566113838
1868151.5415356297
1868302.338631223
1868453.1478991501
1868603.9693403973
1868754.8029559394
1868905.6487467634
1869056.5067138555
1869207.376858191
1869358.259180757
1869509.15368254
1869660.0603645153
1869810.9792276702
1869961.910272992
1870112.8535014559
1870263.8089140495
1870414.77651176
1870565.7562955632
1870716.7482664469
1870867.7524253982
1871018.7687733937
1871169.797311421
1871320.838040468
1871471.8909615108
1871622.9560755377
1871774.0333835366
1871925.1228864843
1872076.2245853685
1872227.338481178
1872378.4645748895
1872529.6028674915
1872680.7533599723
1872831.9160533093
1872983.0909484911
1873134.2780465065
1873285.4773483325
1873436.6888549586
1873587.9125673734
1873739.1484865546
1873890.3966134915
1874041.656949173
1874192.9294945772
1874344.2142506933
1874495.511218511
1874646.8203990082
1874798.1417931747
1874949.4754020001
1875100.8212264627
1875252.1792675524
1875403.5495262556
1875554.9320035619
1875706.32670045
1875857.7336179102
1876009.1527569327
1876160.5841184964
1876312.0277035919
1876463.4835132095
1876614.9515483284
1876766.4318099392
1876917.924299033
1877069.4290165883
1877220.945963597
1877372.4751410494
1877524.0165499253
1877675.570191216
1877827.1360659124
1877978.7141749947
1878130.304519454
1878281.907100282
1878433.5219184586
1878585.1489749753
1878736.7882708244
1878888.4398069854
1879040.1035844507
1879191.779604212
1879343.4678672499
1879495.1683745563
1879646.881127124
1879798.6061259334
1879950.3433719766
1880102.0928662464
1880253.8546097237
1880405.628603401
1880557.414848271
1880709.213345315
1880861.024095526
1881012.8470998965
1881164.6823594084
1881316.5298750543
1881468.3896478277
1881620.2616787103
1881772.1459686956
1881924.0425187766
1882075.9513299353
1882227.8724031653
1882379.8057394605
1882531.7513398028
1882683.709205186
1882835.6793366042
1882987.6617350397
1883139.6564014864
1883291.6633369348
1883443.682542379
1883595.7140188017
1883747.7577671972
1883899.8137885602
1884051.8820838735
1884203.9626541315
1884356.0555003292
1884508.1606234498
1884660.2780244881
1884812.4077044388
1884964.5496642857
1885116.7039050236
1885268.8704276478
1885421.049233142
1885573.2403225014
1885725.4436967217
1885877.6593567864
1886029.8873036914
1886182.1275384321
1886334.3800619931
1886486.6448753697
1886638.921979558
1886791.2113755425
1886943.513064319
1887095.8270468838
1887248.1533242217
1887400.4918973285
1887552.8427672011
1887705.2059348242
1887857.5814011942
1888009.969167308
1888162.3692341503
1888314.7816027182
1888467.2062740081
1888619.6432490062
1888772.0925287087
1888924.5541141133
1889077.028006205
1889229.5142059815
1889382.01271444
1889534.5235325664
1889687.046661358
1889839.5821018128
1889992.1298549164
1890144.6899216666
1890297.2623030616
1890449.8470000871
1890602.4440137418
1890755.0533450232
1890907.674994918
1891060.3089644245
1891212.9552545373
1891365.6138662545
1891518.2848005628
1891670.9680584613
1891823.6636409482
1891976.3715490107
1892129.091783648
1892281.824345858
1892434.569236629
1892587.3264569596
1892740.0960078489
1892892.8778902846
1893045.672105266
1893198.4786537923
1893351.2975368516
1893504.128755443
1893656.9723105663
1893809.8282032097
1893962.6964343728
1894115.5770050555
1894268.469916246
1894421.3751689442
1894574.2927641505
1894727.2227028534
1894880.164986053
1895033.1196147497
1895186.086589932
1895339.0659126006
1895492.0575837563
1895645.0616043878
1895798.077975496
1895951.1066980814
1896104.1477731336
1896257.2012016533
1896410.266984642
1896563.3451230887
1896716.4356179947
1896869.5384703616
1897022.6536811788
1897175.781251448
1897328.9211821705
1897482.0734743364
1897635.2381289473
1897788.4151470053
1897941.6045295002
1898094.806277434
1898248.020391809
1898401.2468736155
1898554.485723856
1898707.736943528
1898861.0005336346
1899014.2764951664
1899167.5648291258
1899320.8655365154
1899474.1786183263
1899627.5040755614
1899780.8419092232
1899934.1921203032
1900087.554709804
1900240.9296787293
1900394.31702807
1900547.7167588298
1900701.1288720116
1900854.5533686075
1901007.9902496208
1901161.439516055
1901314.9011689022
1901468.375209166
1901621.8616378503
1901775.3604559472
1901928.8716644607
1902082.395264395
1902235.9312567427
1902389.4796425074
1902543.0404226938
1902696.6135982946
1902850.199170314
1903003.7971397568
1903157.4075076159
1903311.030274896
1903464.6654426015
1903618.3130117261
1903771.9729832746
1903925.6453582516
1904079.3301376512
1904233.0273224781
1904386.7369137376
1904540.4589124236
1904694.1933195412
1904847.9401360962
1905001.6993630824
1905155.4710015052
1905309.2550523707
1905463.051516673
1905616.860395418
1905770.6816896114
1905924.5154002479
1906078.3615283335
1906232.2200748746
1906386.0910408655
1906539.974427313
1906693.8702352194
1906847.7784655914
1907001.6991194237
1907155.6321977233
1907309.577701497
1907463.5356317398
1907617.5059894586
1907771.4887756607
1907925.4839913417
1908079.4916375082
1908233.511715168
1908387.5442253163
1908541.5891689612
1908695.6465471096
1908849.7163607578
1909003.7986109133
1909157.893298584
1909312.000424766
1909466.119990467
1909620.2519966955
1909774.3964444478
1909928.5533347316
1910082.7226685558
1910236.9044469167
1910391.0986708226
1910545.3053412822
1910699.5244592922
1910853.7560258617
1911008.000041999
1911162.2565087012
1911316.5254269778
1911470.8067978371
1911625.100622277
1911779.4069013062
1911933.7256359342
1912088.0568271584
1912242.4004759886
1912396.756583434
1912551.1251504924
1912705.5061781737
1912859.8996674872
1913014.3056194314
1913168.724035016
1913323.154915251
1913477.598261135
1913632.0540736774
1913786.5223538892
1913941.0031027687
1914095.4963213261
1914250.002010572
1914404.5201715052
1914559.0508051363
1914713.5939124722
1914868.1494945239
1915022.7175522898
1915177.2980867818
1915331.8910990101
1915486.4965899745
1915641.114560686
1915795.7450121562
1915950.3879453843
1916105.043361382
1916259.711261161
1916414.3916457207
1916569.084516073
1916723.78987323
1916878.5077181912
1917033.2380519689
1917187.9808755752
1917342.73619001
1917497.503996286
1917652.284295415
1917807.077088398
1917961.882376247
1918116.700159975
1918271.5304405824
1918426.3732190821
1918581.2284964868
1918736.0962737973
1918890.976552027
1919045.8693321887
1919200.7746152836
1919355.6924023249
1919510.6226943256
1919665.565492288
1919820.5207972247
1919975.4886101496
1920130.4689320643
1920285.4617639827
1920440.4671069183
1920595.4849618732
1920750.5153298613
1920905.5582118966
1921060.6136089815
1921215.68152213
1921370.7619523562
1921525.8549006628
1921680.9603680642
1921836.0783555747
1921991.2088641974
1922146.3518949465
1922301.5074488332
1922456.675526872
1922611.856130066
1922767.0492594305
1922922.25491598
1923077.4731007183
1923232.7038146602
1923387.9470588216
1923543.2028342052
1923698.4711418273
1923853.751982703
1924009.0453578362
1924164.3512682426
1924319.669714938
1924475.0006989264
1924630.3442212236
1924785.7002828459
1924941.0688847976
1925096.4500280947
1925251.8437137536
1925407.2499427788
1925562.668716187
1925718.100034994
1925873.5439002055
1926029.0003128375
1926184.4692739071
1926339.9507844192
1926495.4448453907
1926650.9514578388
1926806.4706227686
1926962.0023411973
1927117.5466141424
1927273.1034426088
1927428.6728276147
1927584.2547701772
1927739.8492713019
1927895.4563320067
1928051.0759533094
1928206.708136216
1928362.3528817443
1928518.010190912
1928673.6800647262
1928829.3625042043
1928985.0575103648
1929140.765084214
1929296.4852267709
1929452.2179390532
1929607.9632220683
1929763.7210768342
1929919.4915043665
1930075.2745056832
1930231.070081792
1930386.8782337115
1930542.698962461
1930698.5322690476
1930854.3781544906
1931010.2366198096
1931166.1076660117
1931321.9912941165
1931477.8875051436
1931633.796300101
1931789.7176800082
1931945.651645885
1932101.5981987396
1932257.557339592
1932413.5290694616
1932569.5133893576
1932725.5103002996
1932881.5198033084
1933037.5418993921
1933193.5765895713
1933349.6238748664
1933505.6837562865
1933661.7562348521
1933817.841311584
1933973.9389874914
1934130.049263595
1934286.1721409159
1934442.3076204634
1934598.455703259
1934754.6163903233
1934910.7896826665
1935066.9755813095
1935223.1740872744
1935379.3852015703
1935535.6089252196
1935691.8452592436
1935848.0942046524
1936004.355762468
1936160.6299337123
1936316.9167193957
1936473.2161205404
1936629.5281381686
1936785.8527732908
1936942.1900269294
1937098.539900107
1937254.9023938342
1937411.277509134
1937567.665247029
1937724.0656085298
1937880.4785946598
1938036.904206438
1938193.3424448874
1938349.7933110194
1938506.2568058572
1938662.7329304242
1938819.2216857318
1938975.7230728036
1939132.2370926633
1939288.7637463226
1939445.3030348052
1939601.854959135
1939758.419520324
1939914.9967193964
1940071.5865573762
1940228.1890352755
1940384.8041541188
1940541.4319149302
1940698.0723187225
1940854.72536652
1941011.3910593474
1941168.0693982176
1941324.760384155
1941481.4640181847
1941638.1803013196
1941794.9092345848
1941951.6508190052
1942108.4050555942
1942265.1719453773
1942421.9514893794
1942578.743688614
1942735.5485441072
1942892.366056884
1943049.1962279584
1943206.039058356
1943362.8945491028
1943519.7627012127
1943676.6435157114
1943833.5369936256
1943990.443135969
1944147.3619437683
1944304.2934180496
1944461.2375598275
1944618.1943701282
1944775.1638499785
1944932.146000393
1945089.1408223987
1945246.1483170222
1945403.1684852785
1945560.2013281947
1945717.2468467979
1945874.3050421032
1946031.3759151378
1946188.4594669251
1946345.5556984926
1946502.664610856
1946659.7862050424
1946816.9204820797
1946974.0674429839
1947131.2270887825
1947288.3994205035
1947445.584439163
1947602.7821457894
1947759.99254141
1947917.2156270419
1948074.451403713
1948231.699872452
1948388.9610342751
1948546.2348902111
1948703.5214412885
1948860.8206885243
1949018.132632947
1949175.457275586
1949332.7946174578
1949490.1446595916
1949647.5074030168
1949804.8828487503
1949962.2709978218
1950119.6718512606
1950277.0854100839
1950434.5116753217
1950591.9506480033
1950749.4023291469
1950906.8667197817
1951064.3438209381
1951221.833633634
1951379.3361588994
1951536.8513977644
1951694.3793512473
1951851.9200203784
1952009.4734061882
1952167.0395096953
1952324.61833193
1952482.2098739229
1952639.814136693
1952797.431121271
1952955.060828688
1953112.7032599628
1953270.3584161263
1953428.02629821
1953585.7069072328
1953743.4002442262
1953901.1063102176
1954058.8251062387
1954216.5566333085
1954374.3008924592
1954532.0578847222
1954689.8276111176
1954847.610072677
1955005.4052704326
1955163.2132054043
1955321.0338786244
1955478.867291125
1955636.7134439265
1955794.5723380614
1955952.443974562
1956110.3283544488
1956268.2254787546
1956426.135348512
1956584.0579647422
1956741.9933284775
1956899.9414407513
1957057.9023025846
1957215.8759150102
1957373.862279062
1957531.8613957607
1957689.8732661398
1957847.897891233
1958005.9352720617
1958163.9854096598
1958322.0483050607
1958480.1239592861
1958638.2123733703
1958796.3135483472
1958954.4274852385
1959112.554185079
1959270.693648902
1959428.8458777308
1959587.010872599
1959745.1886345414
1959903.3791645805
1960061.582463751
1960219.7985330878
1960378.0273736136
1960536.268986363
1960694.5233723712
1960852.7905326611
1961011.0704682681
1961169.3631802273
1961327.668669562
1961485.9869373078
1961644.3179844997
1961802.6618121616
1961961.018421329
1962119.3878130338
1962277.7699883115
1962436.1649481864
1962594.5726936942
1962752.993225871
1962911.4265457408
1963069.87265434
1963228.331552705
1963386.8032418601
1963545.2877228416
1963703.7849966863
1963862.2950644186
1964020.8179270753
1964179.3535856935
1964337.9020412976
1964496.463294925
1964655.0373476124
1964813.6242003853
1964972.2238542805
1965130.836310336
1965289.4615695763
1965448.0996330394
1965606.7505017628
1965765.414176772
1965924.090659105
1966082.7799497994
1966241.482049881
1966400.196960388
1966558.9246823583
1966717.665216818
1966876.4185648055
1967035.184727359
1967193.963705505
1967352.7555002817
1967511.560112728
1967670.3775438704
1967829.2077947475
1967988.0508663983
1968146.9067598495
1968305.7754761404
1968464.6570163097
1968623.5513813847
1968782.4585724045
1968941.3785904087
1969100.3114364245
1969259.2571114914
1969418.2156166488
1969577.1869529246
1969736.1711213584
1969895.16812299
1970054.1779588475
1970213.2006299705
1970372.2361373953
1970531.2844821622
1970690.345665299
1970849.4196878464
1971008.5065508448
1971167.6062553222
1971326.7188023196
1971485.8441928776
1971644.982428025
1971804.1335088024
1971963.2974362506
1972122.474211399
1972281.6638352885
1972440.86630896
1972600.081633443
1972759.3098097786
1972918.5508390085
1973077.804722162
1973237.0714602808
1973396.3510544063
1973555.6435055684
1973714.9488148089
1973874.2669831698
1974033.5980116809
1974192.9419013842
1974352.2986533223
1974511.668268525
1974671.0507480348
1974830.446092894
1974989.8543041334
1975149.2753827951
1975308.7093299222
1975468.1561465452
1975627.615833707
1975787.0883924505
1975946.5738238066
1976106.0721288184
1976265.5833085293
1976425.1073639703
1976584.6442961846
1976744.1941062158
1976903.7567950955
1977063.3323638672
1977222.9208135747
1977382.5221452494
1977542.1363599352
1977701.7634586764
1977861.4034425046
1978021.056312464
1978180.7220695948
1978340.4007149413
1978500.0922495357
1978659.7966744225
1978819.5139906462
1978979.2441992394
1979138.9873012467
1979298.743297713
1979458.5121896712
1979618.2939781658
1979778.0886642423
1979937.8962489334
1980097.7167332845
1980257.5501183409
1980417.3964051357
1980577.2555947145
1980737.127688123
1980897.0126863944
1981056.9105905746
1981216.8214017095
1981376.7451208327
1981536.68174899
1981696.6312872279
1981856.59373658
1982016.569098093
1982176.5573728129
1982336.5585617737
1982496.5726660225
1982656.5996866054
1982816.639624557
1982976.6924809243
1983136.7582567537
1983296.8369530803
1983456.9285709509
1983617.0331114125
1983777.1505755007
1983937.2809642619
1984097.424278744
1984257.5805199821
1984417.7496890237
1984577.9317869162
1984738.1268146955
1984898.334773409
1985058.5556641046
1985218.7894878183
1985379.036245598
1985539.2959384916
1985699.5685675354
1985859.8541337773
1986020.1526382659
1986180.4640820376
1986340.7884661406
1986501.1257916195
1986661.4760595232
1986821.8392708881
1986982.215426763
1987142.604528197
1987303.006576227
1987463.421571902
1987623.8495162711
1987784.2904103715
1987944.7442552526
1988105.2110519637
1988265.6908015425
1988426.1835050383
1988586.6891635007
1988747.2077779674
1988907.7393494886
1989068.2838791138
1989228.8413678813
1989389.4118168408
1989549.9952270426
1989710.591599525
1989871.2009353382
1990031.8232355327
1990192.4585011469
1990353.1067332313
1990513.7679328371
1990674.4421010022
1990835.129238778
1990995.8293472151
1991156.5424273529
1991317.268480242
1991478.0075069338
1991638.7595084673
1991799.5244858942
1991960.302440266
1992121.0933726216
1992281.897284013
1992442.7141754918
1992603.5440480977
1992764.3869028825
1992925.2427408984
1993086.1115631852
1993246.993370795
1993407.8881647799
1993568.7959461801
1993729.7167160483
1993890.6504754366
1994051.5972253857
1994212.5569669479
1994373.5297011763
1994534.5154291114
1994695.514151806
1994856.5258703092
1995017.5505856741
1995178.5882989417
1995339.6390111651
1995500.7027233976
1995661.7794366807
1995822.8691520675
1995983.9718706121
1996145.0875933554
1996306.216321352
1996467.358055655
1996628.512797306
1996789.6805473599
1996950.8613068701
1997112.0550768788
1997273.2618584402
1997434.4816526088
1997595.7144604267
1997756.9602829486
1997918.219121229
1998079.49097631
1998240.7758492471
1998402.073741095
1998563.384652896
1998724.7085857056
1998886.045540579
1999047.3955185586
1999208.7585207003
1999370.134548059
1999531.5236016782
1999692.9256826136
1999854.3407919207
2000015.7689306429
2000177.210099836
2000338.6643005563
2000500.131533847
2000661.6118007642
2000823.1051023647
2000984.6114396919
2001146.1308138021
2001307.663225752
2001469.2086765857
2001630.7671673598
2001792.338699131
2001953.9232729438
2002115.5208898552
2002277.1315509218
2002438.7552571883
2002600.3920097123
2002762.0418095465
2002923.704657748
2003085.3805553624
2003247.069503447
2003408.771503059
2003570.4865552438
2003732.2146610594
2003893.9558215635
2004055.7100378016
2004217.4773108314
2004379.2576417115
2004541.0510314873
2004702.857481217
2004864.676991959
2005026.5095647597
2005188.3552006772
2005350.21390077
2005512.0856660847
2005673.97049768
2005835.8683966144
2005997.7793639346
2006159.7034007001
2006321.6405079693
2006483.5906867892
2006645.5539382193
2006807.530263319
2006969.5196631348
2007131.5221387267
2007293.537691154
2007455.5663214643
2007617.6080307171
2007779.6628199727
2007941.730690278
2008103.8116426936
2008265.9056782795
2008428.0127980832
2008590.1330031655
2008752.2662945862
2008914.4126733937
2009076.5721406485
2009238.7446974113
2009400.9303447301
2009563.1290836663
2009725.3409152802
2009887.5658406208
2010049.803860749
2010212.0549767255
2010374.3191895997
2010536.596500433
2010698.8869102823
2010861.190420209
2011023.5070312626
2011185.8367445047
2011348.179560997
2011510.535481789
2011672.9045079423
2011835.286640519
2011997.681880569
2012160.0902291546
2012322.5116873374
2012484.9462561682
2012647.3939367086
2012809.8547300217
2012972.3286371573
2013134.8156591784
2013297.3157971476
2013459.8290521153
2013622.3554251448
2013784.8949172986
2013947.4475296277
2014110.013263195
2014272.5921190644
2014435.1840982863
2014597.7892019243
2014760.407431042
2014923.0387866907
2015085.683269934
2015248.3408818357
2015411.011623447
2015573.6954958325
2015736.3925000555
2015899.1026371685
2016061.825908235
2016224.56231432
2016387.3118564747
2016550.0745357643
2016712.8503532528
2016875.639309993
2017038.4414070493
2017201.2566454865
2017364.085026357
2017526.9265507264
2017689.7812196591
2017852.6490342082
2018015.5299954386
2018178.424104416
2018341.3313621935
2018504.251769836
2018667.1853284098
2018830.1320389677
2018993.091902576
2019156.0649202955
2019319.051093193
2019482.0504223218
2019645.062908748
2019808.0885535376
2019971.1273577448
2020134.1793224358
2020297.2444486772
2020460.3227375227
2020623.4141900395
2020786.5188072938
2020949.6365903404
2021112.767540246
2021275.9116580775
2021439.0689448896
2021602.2394017493
2021765.4230297243
2021928.619829869
2022091.8298032507
2022255.0529509373
2022418.2892739838
2022581.5387734578
2022744.8014504272
2022908.0773059472
2023071.3663410856
2023234.668556911
2023397.9839544783
2023561.3125348561
2023724.6542991127
2023888.009248304
2024051.377383498
2024214.7587057638
2024378.153216157
2024541.560915747
2024704.981805602
2024868.4158867786
2025031.863160346
2025195.3236273727
2025358.7972889158
2025522.2841460444
2025685.7841998278
2025849.297451323
2026012.823901599
2026176.363551726
2026339.916402761
2026503.4824557735
2026667.0617118336
2026830.6541719986
2026994.2598373385
2027157.8787089232
2027321.510787811
2027485.1560750713
2027648.8145717708
2027812.48627898
2027976.1711977567
2028139.8693291715
2028303.580674295
2028467.305234186
2028631.0430099147
2028794.7940025523
2028958.5582131576
2029122.3356428014
2029286.126292555
2029449.930163477
2029613.7472566392
2029777.5775731127
2029941.4211139567
2030105.277880243
2030269.1478730428
2030433.031093416
2030596.9275424343
2030760.8372211696
2030924.7601306816
2031088.696272042
2031252.6456463237
2031416.608254586
2031580.5840979018
2031744.5731773432
2031908.5754939707
2032072.5910488563
2032236.6198430734
2032400.661877682
2032564.717153755
2032728.785672366
2032892.8674345748
2033056.9624414549
2033221.0706940796
2033385.19219351
2033549.3269408192
2033713.4749370809
2033877.636183356
2034041.8106807186
2034205.998430242
2034370.1994329882
2034534.4136900308
2034698.6412024437
2034862.881971289
2035027.1359976404
2035191.4032825725
2035355.6838271471
2035519.977632439
2035684.284699518
2035848.6050294593
2036012.938623325
2036177.2854821899
2036341.6456071287
2036506.0189992043
2036670.4056594914
2036834.8055890654
2036999.2187889891
2037163.6452603377
2037328.0850041867
2037492.5380215992
2037657.0043136508
2037821.4838814172
2037985.9767259613
2038150.4828483595
2038315.0022496877
2038479.534931009
2038644.0808934
2038808.6401379365
2038973.2126656827
2039137.7984777146
2039302.397575109
2039467.00995893
2039631.635630254
2039796.2745901577
2039960.9268397058
2040125.5923799747
2040290.2712120416
2040454.9633369714
2040619.6687558407
2040784.3874697273
2040949.1194796956
2041113.8647868233
2041278.6233921878
2041443.3952968542
2041608.1805019001
2041772.9790084036
2041937.7908174295
2042102.6159300564
2042267.4543473618
2042432.3060704118
2042597.1711002842
2042762.0494380572
2042926.9410847973
2043091.8460415823
2043256.7643094913
2043421.6958895898
2043586.6407829572
2043751.5989906676
2043916.5705138005
2044081.5553534217
2044246.5535106107
2044411.5649864466
2044576.589781996
2044741.6278983385
2044906.6793365532
2045071.7440977073
2045236.8221828805
2045401.9135931523
2045567.0183295899
2045732.1363932735
2045897.2677852826
2046062.412506685
2046227.5705585608
2046392.74194199
2046557.9266580406
2046723.124707793
2046888.3360923275
2047053.5608127122
2047218.798870028
2047384.050265355
2047549.3149997622
2047714.5930743301
2047879.8844901398
2048045.1892482599
2048210.5073497714
2048375.8387957558
2048541.1835872815
2048706.5417254304
2048871.9132112837
2049037.298045911
2049202.6962303931
2049368.1077658124
2049533.5326532382
2049698.970893752
2049864.4224884366
2050029.8874383608
2050195.3657446075
2050360.8574082586
2050526.362430384
2050691.8808120661
2050857.4125543877
2051022.9576584187
2051188.516125242
2051354.0879559403
2051519.6731515839
2051685.271713256
2051850.8836420395
2052016.5089390054
2052182.1476052364
2052347.7996418162
2052513.4650498158
2052679.1438303185
2052844.8359844035
2053010.541513155
2053176.260417644
2053341.9926989544
2053507.73835817
2053673.4973963625
2053839.269814616
2054005.0556140149
2054170.8547956303
2054336.6673605475
2054502.49330985
2054668.332644611
2054834.1853659141
2055000.0514748446
2055165.9309724744
2055331.8238598888
2055497.7301381726
2055663.6498083984
2055829.5828716515
2055995.529329017
2056161.4891815677
2056327.4624303891
2056493.4490765668
2056659.449121174
2056825.4625652959
2056991.4894100185
2057157.5296564153
2057323.5833055722
2057489.6503585754
2057655.7308164982
2057821.8246804269
2057987.9319514479
2058154.052630635
2058320.1867190748
2058486.3342178538
2058652.495128046
2058818.6694507382
2058984.8571870176
2059151.058337958
2059317.2729046468
2059483.500888171
2059649.742289605
2059815.9971100367
2059982.2653505527
2060148.5470122285
2060314.8420961513
2060481.150603409
2060647.4725350763
2060813.8078922415
2060980.156675988
2061146.5188874041
2061312.894527565
2061479.283597559
2061645.6860984743
2061812.1020313865
2061978.5313973844
2062144.974197556
2062311.4304329779
2062477.9001047383
2062644.383213926
2062810.8797616179
2062977.3897489023
2063143.9131768683
2063310.4500465926
2063477.0003591646
2063643.5641156733
2063810.1413171955
2063976.7319648208
2064143.3360596388
2064309.9536027266
2064476.5845951736
2064643.22903807
2064809.886932493
2064976.5582795325
2065143.2430802789
2065309.9413358094
2065476.6530472145
2065643.3782155844
2065810.1168419973
2065976.8689275433
2066143.634473313
2066310.4134803852
2066477.20594985
2066644.0118827983
2066810.8312803088
2066977.6641434724
2067144.5104733803
2067311.3702711111
2067478.2435377561
2067645.1302744066
2067812.030482142
2067978.944162053
2068145.8713152322
2068312.8119427583
2068479.766045723
2068646.7336252187
2068813.7146823243
2068980.7092181323
2069147.7172337307
2069314.7387302115
2069481.7737086548
2069648.8221701526
2069815.884115798
2069982.9595466708
2070150.0484638636
2070317.1508684694
2070484.2667615684
2070651.3961442537
2070818.5390176182
2070985.6953827427
2071152.86524072
2071320.0485926443
2071487.2454395955
2071654.4557826677
2071821.6796229542
2071988.9169615363
2072156.1677995077
2072323.4321379622
2072490.7099779814
2072658.001320659
2072825.3061670894
2072992.6245183542
2073159.9563755475
2073327.301739764
2073494.6606120851
2073662.0329936058
2073829.418885421
2073996.8182886122
2074164.2312042746
2074331.6576335032
2074499.09757738
2074666.5510370007
2074834.01801346
2075001.4985078408
2075168.9925212385
2075336.5000547485
2075504.0211094536
2075671.5556864496
2075839.1037868322
2076006.6654116844
2076174.2405621025
2076341.8292391822
2076509.431444007
2076677.047177673
2076844.6764412767
2077012.3192359016
2077179.9755626442
2077347.645422601
2077515.328816856
2077683.025746506
2077850.7362126475
2078018.4602163648
2078186.1977587552
2078353.9488409113
2078521.7134639304
2078689.4916288967
2078857.2833369079
2079025.0885890613
2079192.9073864417
2079360.7397301467
2079528.585621274
2079696.445060909
2079864.318050149
2080032.2045900922
2080200.104681824
2080368.0183264425
2080535.945525046
2080703.8862787199
2080871.840588563
2081039.8084556733
2081207.7898811367
2081375.7848660524
2081543.7934115187
2081711.8155186218
2081879.8511884608
2082047.9004221344
2082215.9632207293
2082384.0395853447
2082552.1295170796
2082720.2330170209
2082888.350086268
2083056.4807259205
2083224.6249370652
2083392.782720802
2083560.9540782305
2083729.139010438
2083897.3375185246
2084065.5496035903
2084233.7752667225
2084402.0145090215
2084570.2673315878
2084738.533735509
2084906.8137218854
2085075.107291818
2085243.4144463944
2085411.7351867156
2085580.0695138827
2085748.4174289836
2085916.7789331195
2086085.1540273915
2086253.542712888
2086421.9449907106
2086590.3608619564
2086758.7903277266
2086927.2333891105
2087095.6900472096
2087264.1603031256
2087432.6441579477
2087601.141612778
2087769.652668718
2087938.1773268578
2088106.715588299
2088275.2674541443
2088443.8329254834
2088612.4120034182
2088781.004689052
2088949.6109834742
2089118.2308877879
2089286.8644030958
2089455.511530488
2089624.1722710675
2089792.8466259376
2089961.5345961885
2090130.2361829237
2090298.9513872466
2090467.6802102476
2090636.4226530306
2090805.1787166991
2090973.9484023438
2091142.7317110691
2091311.5286439783
2091480.3392021633
2091649.1633867275
2091818.0011987754
2091986.8526393985
2092155.7177097013
2092324.596410788
2092493.4887437501
2092662.394709693
2092831.3143097209
2093000.2475449257
2093169.1944164126
2093338.1549252865
2093507.1290726396
2093676.1168595771
2093845.1182872045
2094014.1333566138
2094183.162068911
2094352.204425201
2094521.2604265774
2094690.3300741452
2094859.4133690062
2095028.5103122664
2095197.6209050186
2095366.7451483693
2095535.8830434245
2095705.0345912774
2095874.1997930345
2096043.3786498022
2096212.571162674
2096381.777332757
2096550.9971611572
2096720.230648969
2096889.4777972994
2097058.7386072548
2097228.01307993
2097397.301216432
2097566.6030178675
2097735.9184853313
2097905.247619931
2098074.590422774
2098243.946894955
2098413.3170375815
2098582.7008517617
2098752.09833859
2098921.509499175
2099090.934334624
2099260.372846033
2099429.82503451
2099599.2909011627
2099768.770447087
2099938.2636733917
2100107.7705811854
2100277.2911715633
2100446.8254456343
2100616.3734045075
2100785.935049279
2100955.510381058
2101125.099400953
2101294.7021100605
2101464.3185094898
2101633.9486003504
2101803.592383739
2101973.249860765
2102142.921032538
2102312.605900155
2102482.304464726
2102652.01672736
2102821.742689155
2102991.4823512207
2103161.2357146675
2103331.0027805925
2103500.783550107
2103670.5780243156
2103840.3862043303
2104010.208091248
2104180.043686179
2104349.8929902352
2104519.756004514
2104689.632730127
2104859.5231681843
2105029.4273197846
2105199.3451860393
2105369.27676806
2105539.2220669445
2105709.181083805
2105879.1538197524
2106049.1402758863
2106219.140453318
2106389.1543531595
2106559.18197651
2106729.2233244814
2106899.278398186
2107069.347198723
2107239.4297272046
2107409.525984743
2107579.635972439
2107749.759691404
2107919.897142751
2108090.04832758
2108260.213247004
2108430.3919021357
2108600.584294075
2108770.7904239357
2108941.010292831
2109111.2439018604
2109281.491252138
2109451.7523447773
2109622.027180879
2109792.3157615564
2109962.6180879236
2110132.9341610814
2110303.2639821437
2110473.607552225
2110643.964872426
2110814.335943861
2110984.7207676442
2111155.1193448775
2111325.5316766747
2111495.9577641515
2111666.3976084082
2111836.8512105606
2112007.3185717235
2112177.799692998
2112348.294575501
2112518.803220341
2112689.3256286345
2112859.8618014837
2113030.4117400036
2113200.9754453106
2113371.5529185063
2113542.144160707
2113712.7491730284
2113883.367956573
2114054.000512457
2114224.6468417966
2114395.306945694
2114565.9808252673
2114736.6684816307
2114907.369915889
2115078.085129158
2115248.8141225544
2115419.5568971825
2115590.313454158
2115761.0837945985
2115931.8679196076
2116102.6658303025
2116273.4775278
2116444.3030132046
2116615.142287634
2116785.9953522044
2116956.8622080213
2117127.742856202
2117298.637297864
2117469.5455341125
2117640.4675660646
2117811.403394839
2117982.3530215397
2118153.3164472855
2118324.293673195
2118495.2847003723
2118666.289529937
2118837.308163007
2119008.3406006875
2119179.3868440976
2119350.446894356
2119521.5207525683
2119692.6084198537
2119863.7098973314
2120034.825186107
2120205.9542872994
2120377.0972020286
2120548.253931401
2120719.424476535
2120890.608838547
2121061.807018556
2121233.0190176694
2121404.244837006
2121575.484477686
2121746.737940817
2121918.0052275187
2122089.286338911
2122260.5812761015
2122431.8900402104
2122603.212632358
2122774.549053652
2122945.8993052137
2123117.263388163
2123288.6413036073
2123460.0330526684
2123631.438636467
2123802.858056111
2123974.2913127216
2124145.73840742
2124317.199341315
2124488.6741155274
2124660.162731179
2124831.665189379
2125003.181491248
2125174.7116379086
2125346.255630469
2125517.813470052
2125689.385157779
2125860.9706947594
2126032.5700821155
2126204.18332097
2126375.810412431
2126547.4513576226
2126719.106157667
2126890.774813673
2127062.4573267642
2127234.1536980635
2127405.8639286803
2127577.5880197384
2127749.3259723606
2127921.077787657
2128092.843466751
2128264.6230107658
2128436.4164208123
2128608.223698014
2128780.0448434944
2128951.8798583644
2129123.728743748
2129295.5915007647
2129467.4681305387
2129639.358634181
2129811.2630128157
2129983.1812675674
2130155.113399547
2130327.05940988
2130499.01929969
2130670.9930700893
2130842.980722202
2131014.982257154
2131186.997676056
2131359.026980034
2131531.070170213
2131703.1272477047
2131875.198213635
2132047.283069129
2132219.3818152994
2132391.494453272
2132563.6209841715
2132735.761409112
2132907.9157292177
2133080.083945616
2133252.2660594196
2133424.4620717545
2133596.671983747
2133768.8957965104
2133941.1335111707
2134113.385128855
2134285.6506506763
2134457.930077762
2134630.2234112383
2134802.530652219
2134974.8518018313
2135147.1868612026
2135319.5358314463
2135491.8987136898
2135664.275509061
2135836.6662186733
2136009.070843655
2136181.4893851336
2136353.9218442235
2136526.3682220527
2136698.8285197485
2136871.3027384267
2137043.7908792146
2137216.2929432406
2137388.8089316203
2137561.338845481
2137733.8826859524
2137906.440454149
2138079.0121512
2138251.5977782332
2138424.1973363655
2138596.810826725
2138769.438250436
2138942.0796086285
2139114.734902418
2139287.4041329343
2139460.087301306
2139632.7844086494
2139805.495456095
2139978.2204447715
2140150.9593757954
2140323.712250297
2140496.479069406
2140669.2598342397
2140842.054545928
2141014.8632056
2141187.685814374
2141360.5223733806
2141533.3728837487
2141706.2373465975
2141879.115763056
2142052.0081342566
2142224.9144613156
2142397.8347453643
2142570.7689875336
2142743.717188942
2142916.67935072
2143089.6554739987
2143262.645559897
2143435.6496095466
2143608.667624078
2143781.6996046104
2143954.7455522753
2144127.8054682044
2144300.8793535167
2144473.967209344
2144647.069036818
2144820.1848370587
2144993.3146111974
2145166.4583603675
2145339.616085687
2145512.7877882896
2145685.973469307
2145859.1731298594
2146032.3867710796
2146205.6143941004
2146378.856000041
2146552.1115900357
2146725.3811652167
2146898.6647267044
2147071.962275632
2147245.2738131294
2147418.599340329
2147591.938858352
2147765.292368332
2147938.6598714027
2148112.0413686847
2148285.436861312
2148458.8463504193
2148632.2698371266
2148805.7073225696
2148979.158807881
2149152.624294183
2149326.1037826105
2149499.597274298
2149673.104770366
2149846.6262719505
2150020.161780186
2150193.7112961942
2150367.27482111
2150540.8523560697
2150714.443902194
2150888.049460619
2151061.6690324806
2151235.3026189
2151408.9502210137
2151582.6118399575
2151756.2874768535
2151929.9771328378
2152103.6808090466
2152277.398506603
2152451.130226643
2152624.8759703026
2152798.6357387053
2152972.409532987
2153146.1973542855
2153319.999203723
2153493.8150824374
2153667.644991564
2153841.488932228
2154015.3469055663
2154189.218912715
2154363.1049547987
2154537.0050329547
2154710.919148321
2154884.8473020205
2155058.789495192
2155232.745728973
2155406.716004487
2155580.700322873
2155754.698685264
2155928.7110927985
2156102.737546601
2156276.77804781
2156450.832597563
2156624.9011969864
2156798.983847218
2156973.0805493966
2157147.1913046474
2157321.3161141095
2157495.4549789215
2157669.6079002093
2157843.774879112
2158017.955916768
2158192.1510143043
2158366.36017286
2158540.583393574
2158714.8206775733
2158889.072025997
2159063.337439985
2159237.616920664
2159411.9104691735
2159586.2180866534
2159760.5397742307
2159934.8755330457
2160109.2253642385
2160283.5892689363
2160457.967248279
2160632.3593034083
2160806.7654354507
2160981.1856455468
2161155.6199348373
2161330.0683044507
2161504.5307555273
2161679.0072892085
2161853.4979066215
2162028.002608909
2162202.5213972107
2162377.0542726554
2162551.6012363853
2162726.162289541
2162900.737433252
2163075.326668659
2163249.929996905
2163424.5474191178
2163599.17893644
2163773.8245500135
2163948.4842609675
2164123.1580704446
2164297.8459795867
2164472.5479895235
2164647.2641013972
2164821.9943163465
2164996.7386355144
2165171.49706003
2165346.2695910367
2165521.0562296775
2165695.856977082
2165870.671834394
2166045.5008027563
2166220.3438832997
2166395.201077168
2166570.0723855034
2166744.957809438
2166919.8573501147
2167094.771008678
2167269.6987862578
2167444.6406839993
2167619.5967030455
2167794.5668445285
2167969.551109592
2168144.549499381
2168319.5620150263
2168494.588657673
2168669.629428466
2168844.6843285356
2169019.753359028
2169194.836521088
2169369.9338158476
2169545.0452444516
2169720.170808045
2169895.3105077613
2170070.4643447446
2170245.6323201405
2170420.8144350825
2170596.0106907156
2170771.2210881854
2170946.4456286253
2171121.6843131813
2171296.937142999
2171472.2041192115
2171647.485242965
2171822.7805154067
2171998.089937669
2172173.413510899
2172348.751236243
2172524.1031148345
2172699.469147821
2172874.849336349
2173050.243681552
2173225.652184577
2173401.0748465722
2173576.5116686714
2173751.9626520216
2173927.427797766
2174102.9071070524
2174278.400581015
2174453.9082208015
2174629.4300275603
2174804.966002426
2174980.516146546
2175156.0804610695
2175331.6589471307
2175507.251605878
2175682.8584384606
2175858.4794460125
2176034.1146296836
2176209.7639906215
2176385.4275299627
2176561.1052488554
2176736.7971484493
2176912.5032298793
2177088.2234942955
2177263.9579428467
2177439.706576669
2177615.4693969116
2177791.2464047247
2177967.037601244
2178142.8429876203
2178318.662565002
2178494.4963345267
2178670.3442973443
2178846.2064546044
2179022.0828074445
2179197.973357015
2179373.8781044655
2179549.797050934
2179725.7301975703
2179901.677545526
2180077.639095938
2180253.6148499567
2180429.6048087343
2180605.608973407
2180781.6273451275
2180957.659925046
2181133.706714301
2181309.767714043
2181485.8429254247
2181661.932349584
2181838.0359876724
2182014.1538408417
2182190.2859102306
2182366.432196991
2182542.5927022705
2182718.7674272214
2182894.956372983
2183071.1595407063
2183247.376931545
2183423.608546638
2183599.8543871376
2183776.1144541968
2183952.388748955
2184128.677272565
2184304.9800261804
2184481.29701094
2184657.628227998
2184833.973678507
2185010.3333636066
2185186.7072844515
2185363.095442194
2185539.4978379756
2185715.914472949
2185892.3453482687
2186068.790465075
2186245.249824522
2186421.723427764
2186598.2112759417
2186774.713370209
2186951.2297117207
2187127.760301618
2187304.3051410555
2187480.8642311874
2187657.437573156
2187834.025168115
2188010.62701722
2188187.243121613
2188363.8734824485
2188540.5181008824
2188717.176978056
2188893.850115125
2189070.537513245
2189247.239173558
2189423.9550972204
2189600.685285387
2189777.429739201
2189954.188459818
2190130.9614483938
2190307.748706072
2190484.5502340086
2190661.36603336
2190838.196105269
2191015.040450892
2191191.8990713814
2191368.771967894
2191545.659141573
2191722.5605935757
2191899.476325059
2192076.406337166
2192253.350631055
2192430.3092078827
2192607.2820687927
2192784.269214943
2192961.2706474913
2193138.286367581
2193315.3163763713
2193492.3606750187
2193669.419264668
2193846.492146478
2194023.579321606
2194200.680791197
2194377.7965564094
2194554.9266184024
2194732.0709783197
2194909.2296373206
2195086.4025965636
2195263.5898571946
2195440.7914203717
2195618.0072872546
2195795.2374589886
2195972.481936733
2196149.7407216467
2196327.013814876
2196504.3012175797
2196681.6029309183
2196858.9189560376
2197036.249294097
2197213.5939462567
2197390.952913663
2197568.3261974757
2197745.7137988554
2197923.1157189487
2198100.5319589158
2198277.962519917
2198455.4074030994
2198632.8666096237
2198810.34014065
2198987.8279973264
2199165.3301808136
2199342.846692272
2199520.3775328496
2199697.9227037076
2199875.4822060065
2200053.056040895
2200230.644209535
2200408.2467130865
2200585.8635526984
2200763.494729533
2200941.140244746
2201118.800099501
2201296.4742949456
2201474.162832242
2201651.8657125523
2201829.5829370255
2202007.314506824
2202185.0604231097
2202362.8206870323
2202540.5952997543
2202718.3842624384
2202896.1875762334
2203074.005242303
2203251.83726181
2203429.683635904
2203607.544365748
2203785.4194525047
2203963.3088973253
2204141.212701373
2204319.1308658104
2204497.0633917884
2204675.010280471
2204852.9715330214
2205030.9471505904
2205208.9371343423
2205386.941485441
2205564.9602050367
2205742.9932942945
2205921.0407543783
2206099.10258644
2206277.178791643
2206455.269371153
2206633.37432612
2206811.4936577105
2206989.6273670886
2207167.775455406
2207345.9379238277
2207524.114773519
2207702.306005632
2207880.511621332
2208058.7316217846
2208236.966008142
2208415.21478157
2208593.4779432337
2208771.7554942863
2208950.0474358937
2209128.353769222
2209306.674495423
2209485.009615665
2209663.3591311076
2209841.723042919
2210020.101352251
2210198.4940602714
2210376.9011681466
2210555.3226770293
2210733.7585880873
2210912.208902487
2211090.6736213826
2211269.152745941
2211447.6462773294
2211626.154216702
2211804.676565226
2211983.21332407
2212161.7644943865
2212340.330077345
2212518.910074112
2212697.504485843
2212876.113313705
2213054.7365588676
2213233.3742224844
2213412.026305724
2213590.6928097554
2213769.373735733
2213948.0690848255
2214126.778858202
2214305.503057018
2214484.2416824414
2214662.9947356423
2214841.762217776
2215020.5441300115
2215199.340473518
2215378.1512494516
2215556.9764589816
2215735.816103278
2215914.670183497
2216093.538700808
2216272.4216563804
2216451.3190513714
2216630.230886951
2216809.157164289
2216988.097884543
2217167.053048882
2217346.022658477
2217525.0067144856
2217704.005218078
2217883.0181704243
2218062.0455726823
2218241.0874260236
2218420.143731613
2218599.2144906237
2218778.2997042118
2218957.399373549
2219136.5134998066
2219315.642084143
2219494.785127729
2219673.9426317373
2219853.114597325
2220032.301025665
2220211.5019179285
2220390.717275274
2220569.947098874
2220749.1913899006
2220928.4501495124
2221107.7233788823
2221287.0110791824
2221466.3132515717
2221645.6298972233
2221824.9610173097
2222004.30661299
2222183.666685438
2222363.0412358255
2222542.4302653135
2222721.8337750747
2222901.251766282
2223080.6842400962
2223260.13119769
2223439.5926402374
2223619.068568899
2223798.558984848
2223978.0638892585
2224157.5832832917
2224337.1171681206
2224516.6655449197
2224696.2284148503
2224875.805779086
2225055.3976388024
2225235.003995159
2225414.6248493325
2225594.260202496
2225773.910055811
2225953.5744104534
2226133.2532675974
2226312.9466284052
2226492.6544940514
2226672.376865712
2226852.1137445485
2227031.8651317367
2227211.631028452
2227391.4114358565
2227571.206355126
2227751.015787437
2227930.8397339513
2228110.6781958453
2228290.5311742905
2228470.398670464
2228650.2806855273
2228830.1772206575
2229010.088277031
2229190.0138558117
2229369.9539581756
2229549.9085852997
2229729.8777383473
2229909.861418496
2230089.8596269223
2230269.87236479
2230449.8996332767
2230629.9414335596
2230809.997766803
2230990.068634184
2231170.154036881
2231350.2539760577
2231530.368452892
2231710.4974685623
2231890.641024233
2232070.7991210814
2232250.9717602874
2232431.158943014
2232611.3606704418
2232791.5769437477
2232971.807764097
2233152.0531326695
2233332.3130506426
2233512.587519183
2233692.8765394688
2233873.1801126795
2234053.498239981
2234233.8309225524
2234414.1781615727
2234594.539958209
2234774.9163136394
2234955.3072290444
2235135.7127055908
2235316.1327444576
2235496.567346825
2235677.01651386
2235857.480246742
2236037.9585466515
2236218.451414756
2236398.958852235
2236579.48086027
2236760.0174400276
2236940.5685926885
2237121.134319429
2237301.71462143
2237482.309499859
2237662.9189558974
2237843.5429907264
2238024.181605513
2238204.83480144
2238385.5025796876
2238566.184941425
2238746.8818878327
2238927.5934200934
2239108.3195393747
2239289.060246859
2239469.815543729
2239650.585431152
2239831.3699103114
2240012.168982389
2240192.9826485533
2240373.810909988
2240554.653767875
2240735.5112233832
2240916.383277696
2241097.2699319962
2241278.1711874534
2241459.0870452505
2241640.0175065706
2241820.962572584
2242001.9222444734
2242182.896523423
2242363.885410602
2242544.888907195
2242725.9070143853
2242906.939733343
2243087.987065253
2243269.0490112985
2243450.12557265
2243631.2167504923
2243812.32254601
2243993.4429603736
2244174.577994767
2244355.727650376
2244536.8919283715
2244718.0708299377
2244899.26435626
2245080.47250851
2245261.6952878726
2245442.932695533
2245624.1847326634
2245805.4514004486
2245986.7327000694
2246168.0286327126
2246349.339199549
2246530.664401765
2246712.004240547
2246893.3587170662
2247074.727832509
2247256.111588063
2247437.5099848993
2247618.9230242046
2247800.350707166
2247981.793034956
2248163.250008761
2248344.721629768
2248526.2078991504
2248707.7088180953
2248889.224387789
2249070.754609406
2249252.299484133
2249433.8590131574
2249615.433197653
2249797.022038807
2249978.625537808
2250160.243695829
2250341.8765140586
2250523.5239936844
2250705.1861358806
2250886.862941836
2251068.554412738
2251250.2605497614
2251431.9813540946
2251613.7168269265
2251795.466969432
2251977.231782799
2252159.0112682176
2252340.805426862
2252522.6142599215
2252704.437768585
2252886.275954028
2253068.12881744
2253249.9963600105
2253431.878582915
2253613.775487343
2253795.6870744843
2253977.613345515
2254159.5543016247
2254341.5099440035
2254523.480273828
2254705.4652922875
2254887.4650005735
2255069.479399862
2255251.5084913424
2255433.5522762025
2255615.6107556317
2255797.6839308077
2255979.771802921
2256161.8743731617
2256343.9916427084
2256526.1236127517
2256708.2702844827
2256890.431659079
2257072.607737732
2257254.7985216333
2257437.0040119607
2257619.2242099056
2257801.45911666
2257983.708733402
2258165.973061324
2258348.252101618
2258530.545855461
2258712.854324047
2258895.177508568
2259077.515410202
2259259.868030142
2259442.235369581
2259624.617429697
2259807.0142116835
2259989.4257167336
2260171.8519460266
2260354.292900755
2260536.7485821126
2260719.2189912787
2260901.7041294463
2261084.20399781
2261266.7185975485
2261449.2479298566
2261631.791995927
2261814.3507969407
2261996.9243340916
2262179.5126085733
2262362.1156215663
2262544.733374265
2262727.365867864
2262910.013103544
2263092.675082499
2263275.3518059244
2263458.0432750005
2263640.749490923
2263823.470454886
2264006.2061680714
2264188.9566316735
2264371.721846889
2264554.501814898
2264737.296536897
2264920.1060140757
2265102.9302476314
2265285.7692387444
2265468.622988612
2265651.491498429
2265834.374769378
2266017.272802655
2266200.185599457
2266383.1131609655
2266566.0554883773
2266749.012582889
2266931.984445683
2267114.9710779563
2267297.972480906
2267480.988655715
2267664.0196035793
2267847.0653256974
2268030.125823252
2268213.2010974404
2268396.2911494602
2268579.395980495
2268762.515591742
2268945.6499843993
2269128.7991596507
2269311.9631186943
2269495.1418627272
2269678.3353929343
2269861.543710514
2270044.766816664
2270228.004712569
2270411.2573994277
2270594.524878438
2270777.8071507853
2270961.1042176685
2271144.4160802853
2271327.7427398222
2271511.0841974774
2271694.44045445
2271877.8115119254
2272061.1973711033
2272244.598033183
2272428.01349935
2272611.4437708035
2272794.888848744
2272978.348734357
2273161.8234288422
2273345.3129334
2273528.8172492166
2273712.3363774917
2273895.870319422
2274079.4190762066
2274262.982649033
2274446.5610391013
2274630.154247612
2274813.762275753
2274997.3851247244
2275181.0227957275
2275364.675289949
2275548.34260859
2275732.0247528525
2275915.721723923
2276099.433523004
2276283.1601512963
2276466.901609988
2276650.657900281
2276834.429023376
2277018.2149804626
2277202.015772742
2277385.8314014166
2277569.6618676744
2277753.5071727177
2277937.3673177497
2278121.2423039577
2278305.1321325456
2278489.0368047156
2278672.9563216562
2278856.8906845707
2279040.839894662
2279224.80395312
2279408.7828611466
2279592.776619946
2279776.785230708
2279960.8086946346
2280144.8470129305
2280328.9001867855
2280512.968217403
2280697.0511059873
2280881.148853728
2281065.2614618293
2281249.3889314956
2281433.531263917
2281617.688460298
2281801.8605218427
2281986.0474497424
2282170.2492452012
2282354.465909424
2282538.6974436017
2282722.943848939
2282907.205126637
2283091.4812779003
2283275.7723039207
2283460.0782059026
2283644.3989850525
2283828.734642561
2284013.0851796344
2284197.4505974785
2284381.8308972847
2284566.226080259
2284750.6361476076
2284935.061100523
2285119.5009402107
2285303.9556678776
2285488.4252847154
2285672.9097919315
2285857.409190732
2286041.92348231
2286226.452667872
2286410.996748625
2286595.555725761
2286780.1296004895
2286964.7183740153
2287149.322047533
2287333.9406222496
2287518.574099373
2287703.222480096
2287887.885765627
2288072.5639571734
2288257.257055929
2288441.965063102
2288626.6879799007
2288811.425807519
2288996.178547165
2289180.9462000467
2289365.7287673596
2289550.526250312
2289735.338650112
2289920.165967955
2290105.008205049
2290289.8653626037
2290474.737441814
2290659.624443889
2290844.526370038
2291029.443221456
2291214.3749993523
2291399.321704937
2291584.283339406
2291769.2599039683
2291954.2513998337
2292139.257828199
2292324.279190273
2292509.3154872665
2292694.3667203756
2292879.432890811
2293064.513999778
2293249.610048487
2293434.721038135
2293619.8469699323
2293804.9878450898
2293990.1436648048
2294175.3144302876
2294360.50014275
2294545.7008033884
2294730.916413415
2294916.1469740407
2295101.392486463
2295286.652951893
2295471.928371543
2295657.218746611
2295842.5240783077
2296027.8443678464
2296213.1796164247
2296398.5298252543
2296583.8949955483
2296769.2751285043
2296954.670225335
2297140.0802872526
2297325.5053154565
2297510.945311159
2297696.400275573
2297881.8702098974
2298067.3551153457
2298252.85499313
2298438.3698444506
2298623.8996705203
2298809.4444725527
2298995.004251747
2299180.579009317
2299366.1687464765
2299551.7734644255
2299737.3931643777
2299923.027847547
2300108.6775151337
2300294.342168352
2300480.021808416
2300665.7164365263
2300851.4260538975
2301037.1506617437
2301222.8902612664
2301408.6448536795
2301594.414440199
2301780.1990220244
2301965.998600372
2302151.813176452
2302337.6427514795
2302523.487326656
2302709.346903197
2302895.2214823184
2303081.111065221
2303267.0156531213
2303452.935247235
2303638.869848764
2303824.8194589247
2304010.7840789324
2304196.7637099903
2304382.7583533144
2304568.768010121
2304754.7926816125
2304940.8323690062
2305126.8870735187
2305312.9567963523
2305499.041538724
2305685.1413018517
2305871.2560869376
2306057.3858951996
2306243.5307278545
2306429.690586106
2306615.8654711717
2306802.055384269
2306988.260326602
2307174.480299388
2307360.7153038452
2307546.9653411782
2307733.230412604
2307919.5105193416
2308105.805662595
2308292.115843583
2308478.4410635233
2308664.7813236215
2308851.1366250953
2309037.5069691646
2309223.892357033
2309410.292789921
2309596.708269047
2309783.1387956156
2309969.584370847
2310156.0449959603
2310342.5206721607
2310529.011400668
2310715.517182702
2310902.0380194685
2311088.573912187
2311275.124862073
2311461.690870347
2311648.271938215
2311834.8680668967
2312021.479257613
2312208.1055115703
2312394.7468299894
2312581.4032140905
2312768.0746650808
2312954.7611841806
2313141.4627726115
2313328.17943158
2313514.9111623075
2313701.657966016
2313888.419843911
2314075.196797216
2314261.9888271512
2314448.795934925
2314635.6181217586
2314822.4553888743
2315009.30773748
2315196.1751687974
2315383.0576840485
2315569.9552844423
2315756.8679712005
2315943.795745546
2316130.7386086867
2316317.696561846
2316504.669606246
2316691.6577430964
2316878.6609736187
2317065.679299037
2317252.7127205604
2317439.761239412
2317626.8248568145
2317813.903573978
2318000.997392126
2318188.1063124817
2318375.2303362554
2318562.3694646703
2318749.523698951
2318936.6930403067
2319123.877489962
2319311.0770491413
2319498.291719055
2319685.5215009265
2319872.766395981
2320060.026405429
2320247.3015304958
2320434.591772405
2320621.8971323688
2320809.217611611
2320996.553211353
2321183.903932819
2321371.269777221
2321558.650745785
2321746.046839735
2321933.458060283
2322120.884408656
2322308.325886078
2322495.782493762
2322683.2542329337
2322870.7411048193
2323058.2431106307
2323245.760251594
2323433.292528936
2323620.839943869
2323808.40249762
2323995.9801914147
2324183.5730264666
2324371.1810040027
2324558.8041252494
2324746.4423914202
2324934.0958037423
2325121.7643634425
2325309.4480717345
2325497.1469298457
2325684.860939004
2325872.590100422
2326060.3344153287
2326248.0938849514
2326435.8685105043
2326623.6582932146
2326811.4632343114
2326999.283335009
2327187.118596535
2327374.9690201185
2327562.8346069735
2327750.715358329
2327938.611275414
2328126.5223594424
2328314.448611644
2328502.390033248
2328690.3466254687
2328878.318389536
2329066.3053266793
2329254.3074381133
2329442.3247250677
2329630.357188773
2329818.404830444
2330006.4676513113
2330194.545652604
2330382.638835539
2330570.7472013454
2330758.8707512496
2330947.009486482
2331135.1634082585
2331323.3325178097
2331511.5168163665
2331699.716305145
2331887.9309853767
2332076.1608582926
2332264.405925109
2332452.6661870577
2332640.94164537
2332829.232301262
2333017.5381559664
2333205.8592107147
2333394.1954667238
2333582.5469252253
2333770.913587452
2333959.295454621
2334147.6925279647
2334336.104808715
2334524.53229809
2334712.9749973225
2334901.432907644
2335089.9060302745
2335278.394366445
2335466.897917389
2335655.4166843253
2335843.9506684868
2336032.499871106
2336221.0642934027
2336409.64393661
2336598.2388019604
2336786.8488906743
2336975.4742039847
2337164.114743125
2337352.7705093157
2337541.4415037897
2337730.1277277814
2337918.8291825107
2338107.5458692117
2338296.2777891182
2338485.024943451
2338673.787333444
2338862.564960333
2339051.3578253365
2339240.165929691
2339428.9892746303
2339617.8278613756
2339806.681691162
2339995.550765219
2340184.435084783
2340373.334651075
2340562.24946533
2340751.179528784
2340940.1248426577
2341129.085408188
2341318.0612266096
2341507.0522991447
2341696.0586270294
2341885.0802115
2342074.1170537784
2342263.169155101
2342452.236516704
2342641.31913981
2342830.417025655
2343019.530175477
2343208.6585904974
2343397.802271954
2343586.961221083
2343776.1354391086
2343965.3249272667
2344154.5296867955
2344343.7497189175
2344532.9850248713
2344722.2356058937
2344911.5014632083
2345100.782598053
2345290.079011666
2345479.390705271
2345668.717680106
2345858.0599374096
2346047.4174784054
2346236.790304332
2346426.178416428
2346615.5818159184
2346805.000504041
2346994.4344820348
2347183.883751125
2347373.34831255
2347562.8281675503
2347752.323317349
2347941.833763187
2348131.3595063025
2348320.9005479217
2348510.456889284
2348700.028531629
2348889.6154761827
2349079.2177241845
2349268.8352768696
2349458.468135479
2349648.116301238
2349837.779775387
2350027.4585591666
2350217.152653803
2350406.862060537
2350596.586780609
2350786.326815246
2350976.0821656887
2351165.8528331784
2351355.638818942
2351545.4401242197
2351735.2567502544
2351925.088698272
2352114.9359695152
2352304.7985652247
2352494.6764866286
2352684.5697349682
2352874.4783114856
2353064.402217409
2353254.34145398
2353444.2960224417
2353634.2659240207
2353824.251159961
2354014.251731504
2354204.2676398787
2354394.2988863275
2354584.3454720937
2354774.4073984055
2354964.4846665063
2355154.577277639
2355344.6852330323
2355534.8085339307
2355724.9471815764
2355915.101177199
2356105.270522042
2356295.4552173503
2356485.655264352
2356675.8706642915
2356866.101418413
2357056.347527947
2357246.6089941366
2357436.8858182267
2357627.1780014476
2357817.4855450434
2358007.8084502593
2358198.146718325
2358388.500350486
2358578.869347987
2358769.2537120595
2358959.6534439474
2359150.068544897
2359340.4990161383
2359530.944858918
2359721.406074476
2359911.882664058
2360102.374628896
2360292.881970235
2360483.404689322
2360673.942787388
2360864.4962656796
2361055.0651254426
2361245.6493679094
2361436.2489943267
2361626.8640059405
2361817.494403983
2362008.1401897017
2362198.801364343
2362389.47792914
2362580.169885339
2362770.877234188
2362961.5999769196
2363152.338114781
2363343.091649019
2363533.8605808686
2363724.644911576
2363915.4446423897
2364106.259774543
2364297.0903092837
2364487.93624786
2364678.797591506
2364869.6743414695
2365060.5664989995
2365251.4740653294
2365442.397041708
2365633.335429385
2365824.2892295932
2366015.258443583
2366206.243072602
2366397.2431178857
2366588.2585806833
2366779.2894622437
2366970.3357638023
2367161.3974866085
2367352.4746319116
2367543.5672009476
2367734.6751949657
2367925.798615216
2368116.937462934
2368308.0917393696
2368499.2614457733
2368690.4465833814
2368881.6471534437
2369072.863157206
2369264.0945959194
2369455.3414708194
2369646.6037831577
2369837.8815341843
2370029.1747251363
2370220.483357265
2370411.8074318212
2370603.146950042
2370794.5019131787
2370985.872322483
2371177.258179192
2371368.6594845573
2371560.0762398313
2371751.5084462506
2371942.956105068
2372134.419217535
2372325.8977848897
2372517.3918083846
2372708.901289272
2372900.42622879
2373091.966628191
2373283.522488728
2373475.0938116396
2373666.680598178
2373858.282849597
2374049.900567135
2374241.5337520447
2374433.1824055803
2374624.846528981
2374816.526123499
2375008.2211903892
2375199.93173089
2375391.6577462563
2375583.3992377413
2375775.1562065845
2375966.92865404
2376158.7165813628
2376350.5199897923
2376542.338880583
2376734.1732549896
2376926.023114252
2377117.8884596247
2377309.7692923634
2377501.6656137076
2377693.5774249136
2377885.5047272355
2378077.4475219147
2378269.405810206
2378461.3795933607
2378653.368872634
2378845.373649267
2379037.3939245157
2379229.429699636
2379421.480975869
2379613.547754471
2379805.6300366987
2379997.7278237934
2380189.8411170114
2380381.969917609
2380574.114226829
2380766.2740459275
2380958.449376161
2381150.6402187734
2381342.84657502
2381535.0684461584
2381727.305833432
2381919.558738097
2382111.8271614118
2382304.1111046183
2382496.4105689754
2382688.72555574
2382881.056066155
2383073.402101479
2383265.76366297
2383458.1407518717
2383650.533369442
2383842.941516939
2384035.365195607
2384227.804406704
2384420.2591514895
2384612.729431207
2384805.215247115
2384997.7166004735
2385190.233492526
2385382.765924533
2385575.3138977517
2385767.8774134284
2385960.456472822
2386153.0510771926
2386345.661227784
2386538.2869258574
2386730.928172672
2386923.584969473
2387116.2573175207
2387308.9452180755
2387501.6486723823
2387694.367681702
2387887.1022472903
2388079.852370408
2388272.6180523
2388465.399294233
2388658.196097453
2388851.008463221
2389043.8363927933
2389236.679887431
2389429.5389483804
2389622.4135769038
2389815.3037742614
2390008.2095417012
2390201.1308804844
2390394.067791873
2390587.020277114
2390779.98833747
2390972.971974203
2391165.9711885597
2391358.985981803
2391552.016355195
2391745.0623099846
2391938.1238474334
2392131.2009688043
2392324.2936753454
2392517.40196832
2392710.525848991
2392903.665318606
2393096.8203784297
2393289.9910297245
2393483.177273739
2393676.379111738
2393869.5965449833
2394062.8295747256
2394256.0782022276
2394449.342428754
2394642.6222555535
2394835.917683891
2395029.22871503
2395222.5553502208
2395415.8975907275
2395609.2554378146
2395802.6288927323
2395996.017956745
2396189.422631118
2396382.8429171015
2396576.2788159605
2396769.73032896
2396963.197457351
2397156.680202398
2397350.178565367
2397543.6925475094
2397737.2221500906
2397930.767374376
2398124.328221617
2398317.904693079
2398511.496790024
2398705.1045137183
2398898.727865413
2399092.3668463742
2399286.021457869
2399479.6917011496
2399673.377577482
2399867.079088133
2400060.796234355
2400254.529017415
2400448.2774385796
2400642.0414991025
2400835.82120025
2401029.61654329
2401223.427529475
2401417.254160073
2401611.0964363515
2401804.9543595635
2401998.827930977
2402192.71715186
2402386.622023466
2402580.542547063
2402774.47872392
2402968.4305552896
2403162.3980424413
2403356.3811866436
2403550.37998915
2403744.39445123
2403938.4245741516
2404132.4703591703
2404326.5318075544
2404520.6089205737
2404714.7016994827
2404908.810145551
2405102.934260047
2405297.074044227
2405491.2294993605
2405685.400626717
2405879.5874275523
2406073.7899031355
2406268.008054738
2406462.241883614
2406656.4913910353
2406850.7565782713
2407045.0374465785
2407239.333997227
2407433.646231488
2407627.9741506176
2407822.317755887
2408016.6770485616
2408211.0520299133
2408405.4427011986
2408599.849063689
2408794.271118656
2408988.7088673557
2409183.162311061
2409377.6314510424
2409572.116288558
2409766.61682488
2409961.1330612795
2410155.664999015
2410350.212639359
2410544.7759835823
2410739.355032944
2410933.949788717
2411128.5602521733
2411323.186424571
2411517.8283071835
2411712.485901283
2411907.159208129
2412101.8482289943
2412296.552965152
2412491.273417861
2412686.0095883952
2412880.761478028
2413075.5290880175
2413270.312419639
2413465.1114741657
2413659.926252857
2413854.756756987
2414049.60298783
2414244.4649466462
2414439.3426347096
2414634.2360532945
2414829.145203661
2415024.0700870845
2415219.010704839
2415413.9670581855
2415608.9391483986
2415803.9269767534
2415998.930544511
2416193.949852946
2416388.984903335
2416584.035696938
2416779.102235031
2416974.1845188895
2417169.282549775
2417364.396328964
2417559.5258577266
2417754.6711373394
2417949.8321690643
2418145.0089541827
2418340.201493956
2418535.409789661
2418730.63384257
2418925.8736539586
2419121.12922509
2419316.400557241
2419511.6876516887
2419706.990509696
2419902.309132539
2420097.6435214966
2420292.9936778313
2420488.35960282
2420683.741297741
2420879.1387638575
2421074.5520024477
2421269.9810147886
2421465.4258021447
2421660.886365794
2421856.3627070147
2422051.8548270706
2422247.36272724
2422442.886408802
2422638.425873021
2422833.981121175
2423029.552154544
2423225.138974391
2423420.741581996
2423616.3599786386
2423811.994165583
2424007.644144109
2424203.3099154956
2424398.9914810085
2424594.6888419273
2424790.401999532
2424986.130955087
2425181.8757098736
2425377.6362651717
2425573.412622247
2425769.2047823793
2425965.0127468496
2426160.8365169237
2426356.6760938824
2426552.531479006
2426748.402673562
2426944.2896788307
2427140.1924960925
2427336.111126615
2427532.0455716792
2427727.995832567
2427923.9619105444
2428119.943806893
2428315.9415228907
2428511.955059819
2428707.9844189445
2428904.0296015497
2429100.090608917
2429296.1674423134
2429492.260103022
2429688.3685923247
2429884.4929114897
2430080.6330617997
2430276.789044537
2430472.9608609704
2430669.1485123825
2430865.3520000568
2431061.5713252616
2431257.80648928
2431454.0574933956
2431650.324338877
2431846.607027008
2432042.9055590727
2432239.219936339
2432435.550160093
2432631.8962316164
2432828.2581521794
2433024.635923067
2433221.029545563
2433417.439020937
2433613.8643504735
2433810.3055354576
2434006.762577159
2434203.2354768626
2434399.724235853
2434596.2288554017
2434792.7493367926
2434989.2856813115
2435185.837890229
2435382.405964831
2435578.9899064023
2435775.589716214
2435972.205395553
2436168.8369457037
2436365.4843679382
2436562.1476635425
2436758.8268338027
2436955.5218799906
2437152.2328033918
2437348.9596052943
2437545.7022869685
2437742.460849702
2437939.2352947765
2438136.025623479
2438332.8318370814
2438529.6539368713
2438726.491924136
2438923.345800148
2439120.215566194
2439317.101223563
2439514.0027735266
2439710.9202173734
2439907.853556391
2440104.8027918525
2440301.767925046
2440498.74895726
2440695.7458897675
2440892.7587238573
2441089.787460818
2441286.832101923
2441483.8926484613
2441680.9691017214
2441878.061462978
2442075.169733519
2442272.293914635
2442469.4340076
2442666.590013703
2442863.761934233
2443060.9497704655
2443258.15352369
2443455.373195196
2443652.608786259
2443849.8602981684
2444047.127732215
2444244.411089673
2444441.710371834
2444639.0255799876
2444836.3567154096
2445033.7037793905
2445231.0667732214
2445428.445698178
2445625.840555551
2445823.2513466314
2446020.678072696
2446218.1207350357
2446415.5793349417
2446613.053873691
2446810.5443525743
2447008.050772884
2447205.5731358966
2447403.1114429045
2447600.6656951937
2447798.2358940574
2447995.822040772
2448193.4241366354
2448391.0421829247
2448588.676180932
2448786.326131946
2448983.9920372586
2449181.673898148
2449379.3717159065
2449577.085491828
2449774.81522719
2449972.5609232862
2450170.3225814095
2450368.100202839
2450565.893788867
2450763.703340789
2450961.528859882
2451159.370347441
2451357.22780476
2451555.1012331173
2451752.9906338076
2451950.8960081246
2452148.8173573487
2452346.7546827737
2452544.7079856945
2452742.6772673903
2452940.6625291565
2453138.663772288
2453336.6809980636
2453534.7142077805
2453732.763402732
2453930.8285842
2454128.9097534786
2454327.0069118645
2454525.120060637
2454723.2492010933
2454921.394334528
2455119.555462223
2455317.732585474
2455515.925705577
2455714.134823813
2455912.359941479
2456110.6010598713
2456308.8581802715
2456507.131303976
2456705.4204322817
2456903.725566471
2457102.0467078397
2457300.383857686
2457498.737017292
2457697.1061879545
2457895.4913709713
2458093.892567625
2458292.309779213
2458490.7430070275
2458689.1922523673
2458887.657516515
2459086.138800768
2459284.6361064254
2459483.14943477
2459681.6787870997
2459880.224164714
2460078.7855688957
2460277.363000944
2460475.9564621565
2460674.5659538186
2460873.191477228
2461071.8330336846
2461270.4906244725
2461469.1642508907
2461667.853914239
2461866.5596158016
2462065.2813568776
2462264.019138768
2462462.772962756
2462661.542830143
2462860.328742228
2463059.1307002967
2463257.9487056495
2463456.782759586
2463655.632863392
2463854.4990183683
2464053.381225815
2464252.2794870185
2464451.193803279
2464650.124175898
2464849.0706061614
2465048.03309537
2465247.011644826
2465446.006255815
2465645.0169296386
2465844.043667598
2466043.086470981
2466242.1453410885
2466441.220279223
2466640.311286671
2466839.418364735
2467038.5415147166
2467237.6807379033
2467436.8360355985
2467636.0074091037
2467835.194859707
2468034.398388711
2468233.617997413
2468432.853687117
2468632.1054591103
2468831.3733146964
2469030.6572551783
2469229.9572818447
2469429.2733959993
2469628.6055989447
2469827.9538919707
2470027.31827638
2470226.6987534775
2470426.0953245517
2470625.507990907
2470824.936753847
2471024.3816146613
2471223.842574655
2471423.319635132
2471622.8127973815
2471822.322062709
2472021.8474324187
2472221.3889078014
2472420.946490161
2472620.520180804
2472820.1099810195
2473019.7158921137
2473219.3379153917
2473418.9760521436
2473618.630303676
2473818.3006712943
2474017.9871562887
2474217.6897599665
2474417.408483633
2474617.143328579
2474816.894296112
2475016.661387537
2475216.4446041468
2475416.2439472475
2475616.0594181456
2475815.8910181336
2476015.7387485174
2476215.602610605
2476415.4826056883
2476615.378735074
2476815.29100007
2477015.219401969
2477215.1639420777
2477415.1246217047
2477615.1014421424
2477815.094404699
2478015.1035106764
2478215.128761384
2478415.1701581143
2478615.2277021757
2478815.301394877
2479015.391237511
2479215.497231387
2479415.6193778133
2479615.757678084
2479815.912133508
2480016.082745394
2480216.2695150366
2480416.4724437445
2480616.691532828
2480816.926783581
2481017.1781973126
2481217.4457753333
2481417.729518937
2481618.029429435
2481818.3455081354
2482018.6777563347
2482219.026175343
2482419.3907664698
2482619.7715310114
2482820.1684702775
2483020.5815855796
2483221.0108782127
2483421.456349488
2483621.9180007167
2483822.395833194
2484022.889848232
2484223.4000471407
2484423.9264312177
2484624.469001774
2484825.0277601215
2485025.6027075564
2485226.193845391
2485426.8011749364
2485627.42469749
2485828.064414364
2486028.7203268707
2486229.392436307
2486430.0807439857
2486630.7852512193
2486831.505959305
2487032.2428695564
2487232.9959832854
2487433.7653017906
2487634.550826384
2487835.3525583753
2488036.170499077
2488237.004649787
2488437.855011825
2488638.721586488
2488839.604375091
2489040.503378942
2489241.4185993555
2489442.35003763
2489643.29769508
2489844.261573019
2490045.241672747
2490246.2379955784
2490447.2505428274
2490648.279315794
2490849.3243157924
2491050.385544138
2491251.4630021304
2491452.556691085
2491653.666612317
2491854.7927671256
2492055.9351568273
2492257.093782738
2492458.2686461564
2492659.4597484
2492860.667090784
2493061.890674609
2493263.130501191
2493464.3865718474
2493665.6588878776
2493866.9474505987
2494068.252261327
2494269.573321365
2494470.910632028
2494672.264194633
2494873.6340104826
2495075.020080893
2495276.4224071815
2495477.8409906505
2495679.275832617
2495880.726934399
2496082.194297298
2496283.677922632
2496485.1778117195
2496686.693965862
2496888.226386378
2497089.775074586
2497291.340031788
2497492.921259303
2497694.5187584497
2497896.132530531
2498097.762576865
2498299.4088987713
2498501.0714975535
2498702.75037453
2498904.445531015
2499106.1569683272
2499307.8846877716
2499509.628690667
2499711.3889783327
2499913.165552073
2500114.958413209
2500316.7675630585
2500518.593002927
2500720.434734135
2500922.2927580015
2501124.167075833
2501326.057688948
2501527.9645986687
2501729.887806299
2501931.8273131605
2502133.783120574
2502335.7552298442
2502537.7436422925
2502739.7483592406
2502941.7693819935
2503143.806711873
2503345.8603502
2503547.930298282
2503750.0165574388
2503952.1191289937
2504154.238014252
2504356.373214537
2504558.5247311695
2504760.6925654565
2504962.8767187214
2505165.077192285
2505367.293987456
2505569.527105556
2505771.7765479074
2505974.042315819
2506176.324410612
2506378.622833611
2506580.937586123
2506783.268669471
2506985.616084979
2507187.979833955
2507390.3599177217
2507592.7563376036
2507795.169094909
2507997.598190962
2508200.0436270856
2508402.5054045897
2508604.983524798
2508807.477989029
2509009.9887986085
2509212.5159548447
2509415.0594590628
2509617.6193125867
2509820.1955167265
2510022.788072807
2510225.396982153
2510428.022246075
2510630.6638658973
2510833.321842946
2511035.996178531
2511238.686873978
2511441.3939306126
2511644.117349745
2511846.857132701
2512049.613280807
2512252.3857953744
2512455.1746777277
2512657.979929195
2512860.801551086
2513063.6395447277
2513266.4939114475
2513469.3646525554
2513672.2517693797
2513875.155263246
2514078.075135467
2514281.0113873696
2514483.964020281
2514686.9330355134
2514889.9184343945
2515092.920218251
2515295.938388396
2515498.972946157
2515702.0238928627
2515905.091229825
2516108.174958372
2516311.275079832
2516514.391595518
2516717.5245067594
2516920.6738148835
2517123.839521204
2517327.02162705
2517530.2201337502
2517733.435042618
2517936.6663549826
2518139.9140721736
2518343.178195505
2518546.4587263055
2518749.7556658997
2518953.069015618
2519156.398776774
2519359.7449507024
2519563.1075387187
2519766.4865421527
2519969.881962329
2520173.2938005785
2520376.7220582156
2520580.1667365716
2520783.627836976
2520987.105360745
2521190.5993092093
2521394.1096837
2521597.636485532
2521801.1797160367
2522004.739376546
2522208.315468375
2522411.907992856
2522615.51695132
2522819.1423450834
2523022.784175478
2523226.442443836
2523430.117151473
2523633.8082997226
2523837.515889916
2524041.2399233705
2524244.980401418
2524448.737325392
2524652.510696609
2524856.300516402
2525060.106786104
2525263.929507032
2525467.7686805194
2525671.6243078997
2525875.496390491
2526079.3849296253
2526283.2899266374
2526487.2113828454
2526691.1492995825
2526895.103678183
2527099.0745199653
2527303.061826263
2527507.065598411
2527711.085837728
2527915.122545548
2528119.175723205
2528323.2453720192
2528527.3314933246
2528731.434088457
2528935.5531587345
2529139.6887054928
2529343.8407300673
2529548.0092337774
2529752.1942179585
2529956.395683941
2530160.6136330604
2530364.848066637
2530569.098986006
2530773.366392504
2530977.6502874517
2531181.9506721846
2531386.2675480386
2531590.600916336
2531794.9507784117
2531999.3171356027
2532203.699989231
2532408.099340632
2532612.5151911434
2532816.9475420862
2533021.3963947985
2533225.861750616
2533430.343610862
2533634.8419768726
2533839.356849986
2534043.8882315243
2534248.436122825
2534453.000525226
2534657.5814400497
2534862.1788686346
2535066.7928123185
2535271.423272424
2535476.0702502895
2535680.7337472537
2535885.4137646398
2536090.1103037857
2536294.8233660315
2536499.5529526994
2536704.2990651294
2536909.06170466
2537113.8408726146
2537318.6365703335
2537523.4487991557
2537728.277560405
2537933.122855421
2538137.9846855444
2538342.8630520985
2538547.7579564243
2538752.669399861
2538957.5973837334
2539162.541909382
2539367.5029781475
2539572.480591355
2539777.474750344
2539982.4854564513
2540187.5127110174
2540392.5565153677
2540597.6168708433
2540802.6937787854
2541007.7872405197
2541212.897257387
2541418.02383073
2541623.1669618743
2541828.326652161
2542033.502902933
2542238.695715516
2542443.9050912517
2542649.131031483
2542854.3735375367
2543059.6326107546
2543264.9082524795
2543470.200464038
2543675.5092467736
2543880.8346020286
2544086.1765311304
2544291.535035422
2544496.910116247
2544702.3017749325
2544907.710012822
2545113.134831259
2545318.5762315714
2545524.034215103
2545729.5087831975
2545934.9999371837
2546140.507678405
2546346.0320082055
2546551.572927914
2546757.130438875
2546962.704542433
2547168.2952399165
2547373.9025326706
2547579.52642204
2547785.166909354
2547990.823995957
2548196.4976831954
2548402.187972397
2548607.894864909
2548813.618362075
2549019.3584652264
2549225.115175708
2549430.888494866
2549636.6784240305
2549842.484964547
2550048.308117757
2550254.147885007
2550460.0042676264
2550665.8772669625
2550871.766884362
2551077.6731211552
2551283.5959786894
2551489.535458311
2551695.4915613513
2551901.464289158
2552107.4536430775
2552313.459624442
2552519.4822345986
2552725.5214748946
2552931.5773466625
2553137.6498512495
2553343.7389900037
2553549.8447642573
2553755.967175358
2553962.1062246547
2554168.2619134793
2554374.4342431803
2554580.6232151063
2554786.8288305905
2554993.0510909813
2555199.289997627
2555405.5455518616
2555611.817755034
2555818.1066084933
2556024.4121135725
2556230.734271622
2556437.07308399
2556643.428552011
2556849.800677035
2557056.1894604117
2557262.5949034747
2557469.017007574
2557675.4557740605
2557881.911204268
2558088.3832995477
2558294.8720612493
2558501.3774907077
2558707.8995892736
2558914.438358298
2559120.9937991155
2559327.565913078
2559534.1547015356
2559740.7601658246
2559947.3823072957
2560154.0211272957
2560360.6766271754
2560567.3488082713
2560774.03767194
2560980.743219518
2561187.4654523567
2561394.204371804
2561600.959979211
2561807.732275915
2562014.5212632674
2562221.3269426217
2562428.149315315
2562634.988382699
2562841.844146127
2563048.7166069364
2563255.60576648
2563462.511626111
2563669.4341871673
2563876.373451002
2564083.3294189684
2564290.3020924046
2564497.291472664
2564704.297561101
2564911.3203590536
2565118.3598678755
2565325.4160889215
2565532.489023529
2565739.5786730535
2565946.685038849
2566153.8081222544
2566360.947924624
2566568.104447313
2566775.277691661
2566982.467659022
2567189.674350752
2567396.89776819
2567604.137912692
2567811.3947856124
2568018.6683882917
2568225.9587220857
2568433.26578835
2568640.589588424
2568847.930123665
2569055.2873954284
2569262.661405055
2569470.0521539003
2569677.459643322
2569884.88387466
2570092.324849271
2570299.782568512
2570507.2570337243
2570714.7482462646
2570922.25620749
2571129.780918742
2571337.322381378
2571544.8805967504
2571752.4555662163
2571960.0472911173
2572167.6557728117
2572375.2810126576
2572582.923011997
2572790.5817721873
2572998.2572945873
2573205.9495805395
2573413.658631402
2573621.384448534
2573829.127033278
2574036.8863869924
2574244.6625110363
2574452.455406753
2574660.2650755015
2574868.091518641
2575075.9347375147
2575283.7947334824
2575491.6715079034
2575699.565062122
2575907.475397497
2576115.402515389
2576323.3464171416
2576531.307104116
2576739.2845776705
2576947.2788391514
2577155.2898899177
2577363.317731331
2577571.3623647355
2577779.423791492
2577987.502012961
2578195.5970304883
2578403.7088454347
2578611.837459161
2578819.9828730132
2579028.1450883523
2579236.32410654
2579444.519928922
2579652.73255686
2579860.9619917157
2580069.208234835
2580277.4712875807
2580485.7511513145
2580694.0478273826
2580902.361317148
2581110.6916219722
2581319.038743203
2581527.4026822024
2581735.783440328
2581944.181018943
2582152.595419395
2582361.0266430457
2582569.4746912597
2582777.9395653843
2582986.421266782
2583194.919796818
2583403.4351568385
2583611.9673482087
2583820.5163722914
2584029.082230435
2584237.6649240046
2584446.2644543634
2584654.88082286
2584863.5140308593
2585072.1640797253
2585280.8309708075
2585489.5147054703
2585698.2152850786
2585906.9327109815
2586115.666984544
2586324.4181071315
2586533.186080094
2586741.970904796
2586950.7725826036
2587159.591114867
2587368.426502951
2587577.278748222
2587786.14785203
2587995.0338157415
2588203.9366407227
2588412.8563283235
2588621.7928799107
2588830.746296851
2589039.7165804943
2589248.703732209
2589457.7077533603
2589666.7286453005
2589875.766409396
2590084.8210470146
2590293.892559507
2590502.9809482414
2590712.0862145848
2590921.208359889
2591130.3473855224
2591339.503292852
2591548.6760832304
2591757.8657580256
2591967.0723186005
2592176.295766324
2592385.5361025473
2592594.793328645
2592804.06744597
2593013.3584558913
2593222.6663597715
2593431.9911589804
2593641.332854871
2593850.6914488124
2594060.066942174
2594269.459336309
2594478.8686325876
2594688.2948323786
2594897.7379370364
2595107.197947931
2595316.6748664323
2595526.168693894
2595735.6794316866
2595945.20708118
2596154.75164373
2596364.3131207055
2596573.891513478
2596783.4868234023
2596993.099051849
2597202.7282001893
2597412.3742697784
2597622.0372619876
2597831.7171781873
2598041.414019734
2598251.1277879993
2598460.858484354
2598670.606110154
2598880.370666772
2599090.1521555795
2599299.9505779324
2599509.765935203
2599719.598228764
2599929.447459971
2600139.313630197
2600349.1967408154
2600559.0967931817
2600769.01378867
2600978.947728652
2601188.8986144857
2601398.8664475437
2601608.8512292
2601818.8529608115
2602028.871643752
2602238.907279395
2602448.959869098
2602659.0294142356
2602869.115916181
2603079.219376293
2603289.3397959447
2603499.4771765065
2603709.6315193516
2603919.8028258393
2604129.991097344
2604340.1963352403
2604550.4185408875
2604760.6577156596
2604970.913860933
2605181.186978066
2605391.4770684335
2605601.7841334124
2605812.108174361
2606022.4491926553
2606232.807189671
2606443.182166768
2606653.574125322
2606863.9830667097
2607074.4089922905
2607284.8519034414
2607495.3118015383
2607705.7886879425
2607916.2825640296
2608126.793431177
2608337.321290745
2608547.866144111
2608758.427992652
2608969.0068377294
2609179.6026807204
2609390.2155230017
2609600.845365936
2609811.4922109
2610022.1560592717
2610232.8369124127
2610443.534771702
2610654.249638516
2610864.9815142183
2611075.7304001865
2611286.4962977995
2611497.2792084194
2611708.079133425
2611918.8960741945
2612129.7300320915
2612340.581008495
2612551.449004783
2612762.33402232
2612973.2360624843
2613184.155126656
2613395.0912161977
2613606.0443324903
2613817.014476907
2614028.0016508284
2614239.0058556185
2614450.0270926566
2614661.0653633233
2614872.1206689836
2615083.1930110166
2615294.2823908036
2615505.388809709
2615716.5122691137
2615927.6527703987
2616138.810314928
2616349.984904084
2616561.176539247
2616772.3852217826
2616983.6109530716
2617194.8537344965
2617406.1135674226
2617617.390453231
2617828.6843933044
2618039.995389008
2618251.3234417243
2618462.6685528355
2618674.0307237078
2618885.4099557237
2619096.8062502653
2619308.2196086994
2619519.6500324095
2619731.097522777
2619942.5620811703
2620154.0437089712
2620365.542407564
2620577.058178315
2620788.591022608
2621000.140941827
2621211.707937339
2621423.2920105276
2621634.893162777
2621846.511395456
2622058.146709947
2622269.799107635
2622481.468589888
2622693.155158091
2622904.858813628
2623116.579557868
2623328.317392195
2623540.072317995
2623751.844336636
2623963.633449503
2624175.439657977
2624387.262963442
2624599.103367268
2624810.9608708457
2625022.835475545
2625234.727182751
2625446.635993845
2625658.561910212
2625870.504933223
2626082.465064264
2626294.442304721
2626506.4366559647
2626718.4481193814
2626930.4766963576
2627142.522388264
2627354.585196488
2627566.6651224163
2627778.76216742
2627990.8763328856
2628203.0076202014
2628415.1560307383
2628627.3215658837
2628839.5042270254
2629051.704015536
2629263.9209328014
2629476.1549802115
2629688.406159137
2629900.674470967
2630112.9599170894
2630325.2624988765
2630537.5822177175
2630749.919075
2630962.2730720975
2631174.6442103987
2631387.0324912923
2631599.4379161517
2631811.8604863663
2632024.3002033248
2632236.7570684007
2632449.231082984
2632661.722248464
2632874.2305662143
2633086.7560376255
2633299.298664087
2633511.8584469724
2633724.435387673
2633937.029487578
2634149.640748063
2634362.2691705176
2634574.914756333
2634787.5775068835
2635000.2574235606
2635212.9545077546
2635425.668760841
2635638.4001842104
2635851.1487792498
2636063.91454735
2636276.697489886
2636489.497608251
2636702.3149038353
2636915.1493780157
2637128.0010321834
2637340.8698677314
2637553.755886035
2637766.6590884873
2637979.5794764804
2638192.517051391
2638405.471814611
2638618.443767534
2638831.432911537
2639044.4392480124
2639257.4627783536
2639470.5035039377
2639683.5614261585
2639896.6365464088
2640109.7288660663
2640322.838386525
2640535.9651091783
2640749.1090354044
2640962.2701665973
2641175.448504151
2641388.6440494433
2641601.8568038694
2641815.086768823
2642028.333945683
2642241.5983358445
2642454.8799407016
2642668.178761633
2642881.494800035
2643094.828057301
2643308.178534812
2643521.546233962
2643734.9311561473
2643948.3333027465
2644161.7526751566
2644375.1892747725
2644588.643102974
2644802.1141611575
2645015.6024507196
2645229.1079730396
2645442.630729514
2645656.17072154
2645869.727950498
2646083.302417784
2646296.89412479
2646510.5030729133
2646724.1292635337
2646937.77269805
2647151.433377858
2647365.1113043395
2647578.8064788925
2647792.5189029146
2648006.2485777866
2648219.995504907
2648433.7596856738
2648647.5411214684
2648861.3398136897
2649075.155763736
2649288.988972989
2649502.8394428478
2649716.7071747105
2649930.59216996
2650144.494429996
2650358.4139562156
2650572.3507500035
2650786.304812758
2651000.276145879
2651214.26475075
2651428.2706287694
2651642.293781338
2651856.3342098384
2652070.3919156715
2652284.466900237
2652498.5591649185
2652712.668711117
2652926.7955402317
2653140.939653648
2653355.1010527657
2653569.2797389864
2653783.4757136935
2653997.688978289
2654211.9195341733
2654426.1673827316
2654640.432525365
2654854.7149634752
2655069.0146984477
2655283.331731683
2655497.6660645837
2655712.0176985357
2655926.38663494
2656140.772875199
2656355.1764206993
2656569.597272842
2656784.0354330256
2656998.490902651
2657212.963683106
2657427.4537757924
2657641.9611821133
2657856.485903456
2658071.027941223
2658285.587296817
2658500.1639716257
2658714.757967053
2658929.3692845018
2659143.9979253593
2659358.6438910295
2659573.3071829164
2659787.987802408
2660002.6857509078
2660217.4010298206
2660432.133640534
2660646.8835844523
2660861.6508629806
2661076.4354775073
2661291.2374294368
2661506.056720174
2661720.893351108
2661935.7473236434
2662150.618639186
2662365.5072991247
2662580.413304865
2662795.336657812
2663010.2773593552
2663225.2354109013
2663440.2108138553
2663655.2035696073
2663870.2136795637
2664085.2411451302
2664300.2859676974
2664515.348148671
2664730.4276894587
2664945.5245914496
2665160.638856052
2665375.770484672
2665590.9194787005
2665806.0858395444
2666021.2695686114
2666236.4706672924
2666451.6891369945
2666666.924979126
2666882.1781950784
2667097.448786259
2667312.736754071
2667528.0420999215
2667743.364825203
2667958.704931329
2668174.062419692
2668389.4372917004
2668604.8295487575
2668820.2391922716
2669035.6662236354
2669251.110644258
2669466.5724555487
2669682.0516589
2669897.5482557216
2670113.0622474225
2670328.5936353966
2670544.142421053
2670759.708605801
2670975.2921910356
2671190.893178166
2671406.511568602
2671622.147363738
2671837.8005649843
2672053.471173751
2672269.1591914333
2672484.8646194404
2672700.5874591847
2672916.3277120595
2673132.085379476
2673347.8604628462
2673563.6529635643
2673779.462883042
2673995.2902226904
2674211.1349839056
2674426.997168098
2674642.876776681
2674858.7738110484
2675074.6882726136
2675290.620162789
2675506.569482969
2675722.5362345674
2675938.5204189965
2676154.522037652
2676370.541091947
2676586.577583294
2676802.6315130903
2677018.7028827486
2677234.791693682
2677450.8979472877
2677667.021644979
2677883.162788169
2678099.3213782557
2678315.4974166527
2678531.690904774
2678747.9018440163
2678964.130235795
2679180.376081518
2679396.6393826003
2679612.920140439
2679829.2183564496
2680045.5340320463
2680261.8671686277
2680478.217767609
2680694.5858304044
2680910.9713584133
2681127.374353051
2681343.7948157326
2681560.2327478575
2681776.688150841
2681993.1610260983
2682209.6513750297
2682426.159199051
2682642.684499578
2682859.2272780105
2683075.7875357647
2683292.3652742575
2683508.9604948885
2683725.5731990747
2683942.2033882323
2684158.8510637623
2684375.5162270814
2684592.1988796066
2684808.899022739
2685025.6166578955
2685242.351786494
2685459.104409935
2685675.874529637
2685892.6621470167
2686109.4672634765
2686326.289880434
2686543.1299993074
2686759.9876214988
2686976.862748426
2687193.755381508
2687410.665522146
2687627.5931717595
2687844.538331767
2688061.5010035713
2688278.481188591
2688495.4788882458
2688712.494103938
2688929.5268370872
2689146.5770891127
2689363.6448614183
2689580.730155423
2689797.832972541
2690014.953314193
2690232.091181782
2690449.2465767288
2690666.419500453
2690883.609954359
2691100.817939867
2691318.043458398
2691535.286511356
2691752.5471001617
2691969.8252262366
2692187.1208909852
2692404.434095829
2692621.764842188
2692839.1131314686
2693056.478965092
2693273.862344479
2693491.2632710366
2693708.6817461853
2693926.1177713475
2694143.5713479286
2694361.0424773516
2694578.531161038
2694796.037400394
2695013.561196843
2695231.102551807
2695448.661466692
2695666.237942922
2695883.831981919
2696101.4435850894
2696319.072753858
2696536.719489647
2696754.3837938635
2696972.065667932
2697189.765113275
2697407.4821313005
2697625.2167234328
2697842.9688910954
2698060.738635696
2698278.525958659
2698496.330861409
2698714.1533453544
2698931.993411919
2699149.8510625283
2699367.72629859
2699585.6191215296
2699803.529532772
2700021.457533726
2700239.403125817
2700457.366310465
2700675.3470890955
2700893.3454631176
2701111.3614339624
2701329.39500304
2701547.4461717755
2701765.5149415904
2701983.6013139104
2702201.7052901457
2702419.8268717225
2702637.966060068
2702856.1228565914
2703074.2972627203
2703292.4892798816
2703510.6989094857
2703728.9261529595
2703947.171011731
2704165.4334872104
2704383.713580826
2704602.011294004
2704820.3266281574
2705038.6595847127
2705257.010165099
2705475.378370727
2705693.764203025
2705912.167663422
2706130.5887533296
2706349.0274741757
2706567.48382739
2706785.9578143843
2707004.4494365873
2707222.958695428
2707441.4855923196
2707660.030128691
2707878.5923059713
2708097.1721255737
2708315.769588928
2708534.384697464
2708753.0174525944
2708971.6678557494
2709190.335908359
2709409.021611837
2709627.724967614
2709846.4459771197
2710065.1846417687
2710283.940962991
2710502.7149422183
2710721.506580864
2710940.3158803596
2711159.142842136
2711377.9874676075
2711596.849758206
2711815.729715363
2712034.6273404933
2712253.5426350283
2712472.4756003944
2712691.426238024
2712910.394549332
2713129.3805357506
2713348.3841987127
2713567.4055396332
2713786.4445599453
2714005.501261081
2714224.575644457
2714443.667711505
2714662.77746366
2714881.9049023367
2715101.050028969
2715320.21284499
2715539.393351817
2715758.591550883
2715977.8074436216
2716197.04103145
2716416.2923158025
2716635.561298113
2716854.8479797984
2717074.1523622936
2717293.474447033
2717512.814235434
2717732.171728931
2717951.5469289594
2718170.939836937
2718390.350454299
2718609.7787824795
2718829.2248228984
2719048.68857699
2719268.1700461903
2719487.6692319172
2719707.186135608
2719926.7207586966
2720146.2731026034
2720365.843168764
2720585.430958614
2720805.036473574
2721024.6597150797
2721244.3006845675
2721463.959383458
2721683.6358131864
2721903.329975191
2722123.041870891
2722342.771501724
2722562.518869127
2722782.283974521
2723002.0668193423
2723221.8674050234
2723441.685733002
2723661.5218046997
2723881.375621553
2724101.2471850007
2724321.1364964643
2724541.0435573817
2724760.968369191
2724980.9109333144
2725200.8712511896
2725420.8493242566
2725640.845153936
2725860.858741668
2726080.8900888907
2726300.9391970267
2726521.0060675154
2726741.0907017956
2726961.193101291
2727181.3132674405
2727401.4512016843
2727621.606905445
2727841.7803801624
2728061.971627277
2728282.1806482123
2728502.407444408
2728722.652017305
2728942.914368327
2729163.1944989143
2729383.4924105085
2729603.808104533
2729824.141582428
2730044.4928456363
2730264.8618955812
2730485.248733705
2730705.653361448
2730926.0757802357
2731146.5159915094
2731366.9739967114
2731587.449797266
2731807.9433946167
2732028.4547902043
2732248.983985455
2732469.5309818103
2732690.0957807135
2732910.6783835907
2733131.2787918835
2733351.897007036
2733572.5330304736
2733793.1868636394
2734013.8585079713
2734234.5479649124
2734455.2552358895
2734675.980322346
2734896.723225726
2735117.483947456
2735338.2624889794
2735559.0588517413
2735779.8730371688
2736000.7050467054
2736221.5548817962
2736442.422543869
2736663.3080343674
2736884.211354737
2737105.132506406
2737326.071490818
2737547.0283094198
2737768.0029636384
2737988.99545492
2738210.0057847095
2738431.033954436
2738652.0799655444
2738873.143819481
2739094.2255176753
2739315.3250615727
2739536.4424526193
2739757.5776922447
2739978.730781895
2740199.901723017
2740421.09051704
2740642.2971654115
2740863.5216695773
2741084.7640309683
2741306.024251031
2741527.3023312134
2741748.598272945
2741969.9120776732
2742191.243746846
2742412.5932818945
2742633.9606842655
2742855.3459554077
2743076.7490967517
2743298.1701097456
2743519.608995838
2743741.06575646
2743962.540393061
2744184.0329070883
2744405.543299974
2744627.071573167
2744848.6177281113
2745070.1817662553
2745291.763689031
2745513.363497894
2745734.9811942764
2745956.6167796273
2746178.2702553915
2746399.9416230186
2746621.630883941
2746843.338039609
2747065.063091473
2747286.8060409664
2747508.566889539
2747730.345638641
2747952.142289707
2748173.956844187
2748395.7893035314
2748617.6396691757
2748839.5079425694
2749061.3941251645
2749283.298218395
2749505.2202237127
2749727.1601425684
2749949.1179763973
2750171.0937266513
2750393.087394782
2750615.0989822242
2750837.1284904303
2751059.1759208525
2751281.241274926
2751503.3245541034
2751725.4257598375
2751947.5448935633
2752169.6819567345
2752391.836950803
2752614.0098772063
2752836.2007373963
2753058.4095328264
2753280.6362649333
2753502.8809351707
2753725.143544992
2753947.424095834
2754169.7225891505
2754392.039026396
2754614.3734090063
2754836.725738437
2755059.0960161416
2755281.4842435583
2755503.8904221407
2755726.3145533437
2755948.756638606
2756171.2166793817
2756393.694677126
2756616.190633277
2756838.7045492902
2757061.236426615
2757283.786266707
2757506.3540710052
2757728.939840965
2757951.5435780417
2758174.1652836753
2758396.804959322
2758619.4626064366
2758842.1382264593
2759064.831820847
2759287.5433910554
2759510.272938525
2759733.0204647114
2759955.7859710725
2760178.569459048
2760401.3709300957
2760624.190385672
2760847.027827217
2761069.883256189
2761292.7566740457
2761515.648082227
2761738.5574821914
2761961.484875397
2762184.430263284
2762407.3936473113
2762630.375028937
2762853.374409603
2763076.391790767
2763299.4271738883
2763522.480560409
2763745.551951787
2763968.6413494814
2764191.7487549353
2764414.8741696076
2764638.017594957
2764861.179032427
2765084.358483476
2765307.5559495646
2765530.7714321357
2765754.0049326485
2765977.256452564
2766200.525993325
2766423.8135563913
2766647.119143224
2766870.4427552666
2767093.7843939792
2767317.144060823
2767540.5217572423
2767763.9174846974
2767987.3312446442
2768210.7630385435
2768434.21286784
2768657.6807339955
2768881.166638471
2769104.6705827117
2769328.1925681788
2769551.732596335
2769775.290668625
2769998.8667865107
2770222.460951455
2770446.0731649026
2770669.703428317
2770893.35174316
2771117.018110878
2771340.702532933
2771564.405010789
2771788.125545892
2772011.864139705
2772235.620793691
2772459.395509297
2772683.1882879864
2772906.999131223
2773130.8280404536
2773354.675017142
2773578.5400627526
2773802.4231787324
2774026.324366546
2774250.243627657
2774474.180963514
2774698.1363755804
2774922.1098653222
2775146.101434187
2775370.1110836393
2775594.138815145
2775818.1846301514
2776042.248530125
2776266.3305165297
2776490.430590816
2776714.548754448
2776938.6850088923
2777162.839355598
2777387.011796031
2777611.2023316575
2777835.4109639265
2778059.637694305
2778283.882524259
2778508.145455238
2778732.4264887096
2778956.725626135
2779181.0428689797
2779405.378218696
2779629.731676755
2779854.1032446083
2780078.492923723
2780302.9007155607
2780527.3266215893
2780751.77064326
2780976.2327820403
2781200.7130393987
2781425.211416786
2781649.7279156707
2781874.2625375213
2782098.8152837893
2782323.3861559434
2782547.9751554523
2782772.5822837674
2782997.207542359
2783221.850932695
2783446.5124562285
2783671.192114428
2783895.889908764
2784120.6058406886
2784345.339911672
2784570.092123183
2784794.8624766753
2785019.650973619
2785244.457615484
2785469.282403724
2785694.125339809
2785918.98642521
2786143.8656613803
2786368.763049791
2786593.678591913
2786818.6122892005
2787043.564143124
2787268.534155155
2787493.5223267484
2787718.5286593754
2787943.553154507
2788168.5958135994
2788393.656638123
2788618.73562955
2788843.832789337
2789068.948118954
2789294.081619875
2789519.2332935543
2789744.4031414655
2789969.5911650807
2790194.797365856
2790420.0217452636
2790645.2643047776
2790870.5250458536
2791095.803969965
2791321.101078579
2791546.41637317
2791771.7498551942
2791997.1015261253
2792222.4713874375
2792447.8594405875
2792673.2656870494
2792898.690128297
2793124.132765789
2793349.5936009986
2793575.0726354006
2793800.5698704533
2794026.0853076307
2794251.6189484084
2794477.1707942444
2794702.7408466134
2794928.329106991
2795153.935576836
2795379.560257623
2795605.203150829
2795830.864257911
2796056.5435803463
2796282.2411196106
2796507.956877163
2796733.6908544796
2796959.4430530365
2797185.2134742937
2797411.0021197274
2797636.8089908147
2797862.6340890154
2798088.477415806
2798314.3389726644
2798540.2187610497
2798766.1167824403
2798992.033038313
2799217.9675301285
2799443.9202593644
2799669.891227498
2799895.8804359916
2800121.887886322
2800347.9135799683
2800573.9575183904
2800800.019703068
2801026.100135479
2801252.198817085
2801478.315749365
2801704.4509337978
2801930.604371845
2802156.776064986
2802382.9660146944
2802609.17422245
2802835.400689714
2803061.645417967
2803287.9084086884
2803514.1896633413
2803740.489183405
2803966.8069703598
2804193.1430256693
2804419.4973508134
2804645.8699472724
2804872.26081651
2805098.669960007
2805325.097379244
2805551.5430756845
2805778.00705081
2806004.4893061016
2806230.9898430235
2806457.508663057
2806684.0457676835
2806910.601158368
2807137.1748365914
2807363.7668038364
2807590.3770615673
2807817.0056112665
2808043.6524544163
2808270.3175924816
2808497.0010269457
2808723.70275929
2808950.422790981
2809177.1611235007
2809403.917758333
2809630.6926969434
2809857.485940815
2810084.2974914312
2810311.127350258
2810537.97551878
2810764.8419984793
2810991.726790824
2811218.629897297
2811445.5513193826
2811672.4910585484
2811899.4491162775
2812126.4254940557
2812353.420193349
2812580.4332156433
2812807.464562422
2813034.5142351543
2813261.5822353237
2813488.668564411
2813715.7732239002
2813942.89621526
2814170.037539982
2814397.1971995337
2814624.3751954017
2814851.5715290657
2815078.7862020116
2815306.0192157086
2815533.2705716426
2815760.5402713004
2815987.8283161502
2816215.1347076795
2816442.4594473746
2816669.802536705
2816897.1639771583
2817124.5437702206
2817351.941917362
2817579.3584200707
2817806.793279833
2818034.24649812
2818261.7180764186
2818489.208016217
2818716.7163189864
2818944.2429862134
2819171.7880193875
2819399.351419979
2819626.9331894764
2819854.533329368
2820082.1518411255
2820309.788726237
2820537.443986193
2820765.117622463
2820992.8096365375
2821220.520029905
2821448.248804038
2821675.995960426
2821903.7615005584
2822131.5454259077
2822359.3477379633
2822587.1684382157
2822815.007528138
2823042.865009219
2823270.7408829504
2823498.635150804
2823726.547814272
2823954.4788748436
2824182.428333993
2824410.396193211
2824638.3824539883
2824866.387117799
2825094.4101861347
2825322.451660486
2825550.5115423277
2825778.589833151
2826006.6865344425
2826234.801647694
2826462.935174379
2826691.087115991
2826919.2574740215
2827147.4462499456
2827375.653445256
2827603.879061445
2827832.1230999883
2828060.3855623784
2828288.6664501084
2828516.9657646543
2828745.283507509
2828973.619680166
2829201.974284101
2829430.3473208076
2829658.7387917796
2829887.148698494
2830115.5770424437
2830344.023825124
2830572.48904801
2830800.972712598
2831029.4748203806
2831257.995372836
2831486.5343714585
2831715.0918177427
2831943.6677131667
2832172.262059225
2832400.8748574127
2832629.506109208
2832858.155816106
2833086.823979602
2833315.510601175
2833544.2156823203
2833772.9392245333
2834001.681229293
2834230.4416980958
2834459.220632437
2834688.018033797
2834916.833903671
2835145.6682435554
2835374.5210549305
2835603.3923392924
2835832.2820981387
2836061.1903329487
2836290.1170452195
2836519.0622364483
2836748.0259081153
2836977.0080617177
2837206.008698748
2837435.0278207036
2837664.0654290654
2837893.1215253305
2838122.196110998
2838351.289187548
2838580.4007564797
2838809.530819291
2839038.679377463
2839267.8464324954
2839497.031985886
2839726.2360391165
2839955.4585936866
2840184.6996510956
2840413.9592128247
2840643.2372803735
2840872.533855242
2841101.8489389126
2841331.1825328846
2841560.534638658
2841789.9052577163
2842019.2943915585
2842248.702041686
2842478.128209581
2842707.5728967446
2842937.036104677
2843166.5178348618
2843396.0180888004
2843625.536867993
2843855.0741739236
2844084.630008094
2844314.204372005
2844543.7972671413
2844773.408695004
2845003.0386570953
2845232.687154899
2845462.354189918
2845692.0397636537
2845921.743877591
2846151.4665332325
2846381.207732081
2846610.967475621
2846840.745765356
2847070.542602788
2847300.3579894034
2847530.1919267047
2847760.0444161952
2847989.915459361
2848219.8050577054
2848449.7132127266
2848679.639925928
2848909.5851987954
2849139.549032834
2849369.5314295464
2849599.532390421
2849829.5519169606
2850059.5900106705
2850289.646673037
2850519.7219055663
2850749.815709762
2850979.9280871116
2851210.05903912
2851440.2085672934
2851670.3766731187
2851900.563358102
2852130.768623748
2852360.992471545
2852591.2349029994
2852821.495919617
2853051.775522886
2853282.073714312
2853512.3904954027
2853742.725867646
2853973.0798325483
2854203.4523916165
2854433.8435463402
2854664.253298226
2854894.6816487806
2855125.128599494
2855355.5941518736
2855586.078307426
2855816.5810676417
2856047.1024340284
2856277.642408094
2856508.2009913283
2856738.778185239
2856969.3739913353
2857199.988411107
2857430.621446063
2857661.273097711
2857891.9433675427
2858122.6322570667
2858353.339767792
2858584.0659012096
2858814.8106588284
2859045.574042158
2859276.3560526907
2859507.1566919344
2859737.9759613946
2859968.8138625794
2860199.670396982
2860430.5455661183
2860661.43937148
2860892.351814578
2861123.2828969164
2861354.2326200055
2861585.2009853385
2861816.1879944257
2862047.1936487784
2862278.21794989
2862509.260899271
2862740.3224984324
2862971.4027488683
2863202.5016520903
2863433.61920961
2863664.7554229205
2863895.9102935344
2864127.0838229633
2864358.2760127014
2864589.4868642613
2864820.716379155
2865051.9645588775
2865283.231404941
2865514.516918858
2865745.8211021237
2865977.1439562514
2866208.4854827537
2866439.8456831262
2866671.224558882
2866902.6221115347
2867134.0383425797
2867365.473253531
2867596.926845902
2867828.3991211895
2868059.890080907
2868291.3997265683
2868522.9280596706
2868754.475081728
2868986.0407942543
2869217.6251987475
2869449.228296722
2869680.850089692
2869912.4905791557
2870144.1497666272
2870375.8276536227
2870607.5242416393
2870839.2395321922
2871070.9735267973
2871302.7262269524
2871534.497634174
2871766.287749977
2871998.0965758604
2872229.9241133397
2872461.7703639264
2872693.635329136
2872925.519010468
2873157.421409439
2873389.3425275646
2873621.2823663456
2873853.240927298
2874085.2182119396
2874317.21422177
2874549.228958306
2874781.262423065
2875013.3146175477
2875245.3855432714
2875477.4752017544
2875709.5835944964
2875941.710723016
2876173.8565888307
2876406.0211934424
2876638.2045383686
2876870.406625129
2877102.627455223
2877334.8670301707
2877567.125351491
2877799.4024206847
2878031.6982392715
2878264.0128087704
2878496.346130684
2878728.698206531
2878961.069037831
2879193.458626087
2879425.8669728185
2879658.2940795454
2879890.7399477707
2880123.2045790143
2880355.6879747966
2880588.190136621
2880820.7110660076
2881053.2507644775
2881285.809233534
2881518.3864746983
2881750.982489491
2881983.597279416
2882216.230845995
2882448.883190749
2882681.554315183
2882914.2442208175
2883146.952909175
2883379.68038176
2883612.4266400947
2883845.191685695
2884077.975520084
2884310.778144766
2884543.599561264
2884776.4397711
2885009.29877578
2885242.1765768267
2885475.0731757637
2885707.988574096
2885940.9227733472
2886173.8757750406
2886406.8475806825
2886639.8381917966
2886872.8476099065
2887105.8758365186
2887338.922873157
2887571.988721346
2887805.0733825928
2888038.176858421
2888271.299150355
2888504.440259903
2888737.6001885897
2888970.778937939
2889203.9765094593
2889437.1929046754
2889670.428125113
2889903.6821722793
2890136.9550477
2890370.2467529015
2890603.557289391
2890836.886658695
2891070.2348623397
2891303.6019018334
2891536.9877787023
2891770.3924944727
2892003.8160506543
2892237.258448773
2892470.719690356
2892704.199776912
2892937.698709969
2893171.2164910533
2893404.753121675
2893638.3086033617
2893871.8829376404
2894105.4761260212
2894339.0881700325
2894572.7190712015
2894806.368831039
2895040.0374510726
2895273.7249328257
2895507.4312778255
2895741.1564875836
2895974.900563635
2896208.6635074895
2896442.445320677
2896676.24600472
2896910.065561149
2897143.9039914734
2897377.761297224
2897611.6374799307
2897845.5325411046
2898079.4464822756
2898313.3793049734
2898547.3310107114
2898781.3016010183
2899015.2910774252
2899249.2994414447
2899483.326694607
2899717.372838443
2899951.4378744657
2900185.521804206
2900419.6246291953
2900653.7463509464
2900887.8869709903
2901122.0464908592
2901356.2249120665
2901590.4222361436
2901824.6384646227
2902058.8735990175
2902293.12764086
2902527.400591683
2902761.692453
2902996.0032263445
2903230.3329132483
2903464.681515226
2903699.0490338113
2903933.435470536
2904167.840826916
2904402.265104484
2904636.7083047736
2904871.1704293
2905105.651479597
2905340.1514571984
2905574.67036362
2905809.2082003956
2906043.764969059
2906278.3406711263
2906512.9353081323
2906747.5488816113
2906982.18139308
2907216.832844073
2907451.5032361243
2907686.192570752
2907920.9008494904
2908155.628073869
2908390.374245423
2908625.13936567
2908859.923436145
2909094.7264583837
2909329.5484339045
2909564.3893642435
2909799.2492509354
2910034.1280954997
2910269.025899472
2910503.942664389
2910738.878391769
2910973.8330831486
2911208.8067400646
2911443.7993640364
2911678.8109566006
2911913.841519294
2912148.8910536366
2912383.959561165
2912619.0470434176
2912854.1535019134
2913089.2789381905
2913324.423353786
2913559.5867502214
2913794.7691290337
2914029.970491761
2914265.1908399244
2914500.4301750623
2914735.688498713
2914970.965812397
2915206.262117654
2915441.577416023
2915676.9117090236
2915912.264998197
2916147.637285081
2916383.0285711987
2916618.438858088
2916853.86814729
2917089.3164403257
2917324.7837387356
2917560.2700440595
2917795.7753578196
2918031.299681557
2918266.8430168107
2918502.405365105
2918737.9867279795
2918973.5871069753
2919209.2065036157
2919444.8449194417
2919680.502355988
2919916.1788147967
2920151.8742973907
2920387.5888053123
2920623.3223401024
2920859.074903285
2921094.8464964028
2921330.637120997
2921566.446778592
2921802.275470731
2922038.1231989553
2922273.98996479
2922509.875769778
2922745.780615462
2922981.7045033667
2923217.6474350356
2923453.6094120117
2923689.59043582
2923925.5905080047
2924161.609630109
2924397.647803658
2924633.705030197
2924869.7813112685
2925105.8766483995
2925341.9910431337
2925578.1244970155
2925814.277011572
2926050.4485883466
2926286.639228885
2926522.8489347133
2926759.0777073773
2926995.325548421
2927231.5924593727
2927467.878441777
2927704.1834971798
2927940.507627108
2928176.8508331077
2928413.213116725
2928649.5944794877
2928885.9949229416
2929122.414448633
2929358.85305809
2929595.31075286
2929831.7875344884
2930068.2834045044
2930304.7983644544
2930541.332415886
2930777.885560328
2931014.457799328
2931251.0491344263
2931487.6595671712
2931724.2890990917
2931960.937731736
2932197.6054666513
2932434.2923053685
2932670.9982494344
2932907.7233003983
2933144.46745979
2933381.2307291576
2933618.0131100505
2933854.8146039983
2934091.635212551
2934328.474937257
2934565.333779647
2934802.2117412705
2935039.1088236766
2935276.0250283973
2935512.9603569815
2935749.9148109793
2935986.888391922
2936223.8811013605
2936460.892940844
2936697.9239119045
2936934.974016093
2937172.0432549594
2937409.131630037
2937646.2391428757
2937883.365795026
2938120.511588022
2938357.676523414
2938594.8606027532
2938832.063827573
2939069.286199425
2939306.5277198604
2939543.788390413
2939781.0682126344
2940018.367188077
2940255.685318275
2940493.0226047793
2940730.3790491438
2940967.754652902
2941205.149417606
2941442.56334481
2941679.9964360474
2941917.4486928717
2942154.920116836
2942392.410709475
2942629.920472343
2942867.449406986
2943104.997514959
2943342.5647977963
2943580.151257059
2943817.756894282
2944055.3817110197
2944293.02570882
2944530.688889238
2944768.3712538094
2945006.072804089
2945243.793541631
2945481.5334679736
2945719.29258467
2945957.070893276
2946194.868395329
2946432.6850923835
2946670.520985996
2946908.376077703
2947146.2503690613
2947384.143861626
2947622.056556935
2947859.988456544
2948097.93956201
2948335.909874871
2948573.899396683
2948811.908129003
2949049.9360733693
2949287.983231339
2949526.0496044694
2949764.135194299
2950002.2400023844
2950240.3640302843
2950478.507279537
2950716.6697517005
2950954.8514483324
2951193.052370973
2951431.272521179
2951669.5119005097
2951907.7705105045
2952146.048352722
2952384.3454287206
2952622.6617400404
2952860.997288241
2953099.3520748806
2953337.7261015004
2953576.119369659
2953814.5318809156
2954052.9636368123
2954291.4146389076
2954529.8848887617
2954768.3743879157
2955006.88313793
2955245.411140364
2955483.9583967603
2955722.5249086786
2955961.1106776735
2956199.715705305
2956438.339993116
2956676.9835426672
2956915.6463555195
2957154.3284332156
2957393.029777317
2957631.750389384
2957870.4902709606
2958109.2494236077
2958348.0278488877
2958586.825548344
2958825.642523538
2959064.4787760316
2959303.3343073693
2959542.209119113
2959781.103212825
2960020.0165900504
2960258.9492523507
2960497.9012012896
2960736.872438411
2960975.8629652783
2961214.872783455
2961453.901894485
2961692.950299933
2961932.018001362
2962171.1050003176
2962410.211298363
2962649.3368970626
2962888.481797962
2963127.646002625
2963366.8295126166
2963606.032329483
2963845.254454788
2964084.4958900968
2964323.756636956
2964563.0366969295
2964802.336071584
2965041.654762465
2965280.9927711384
2965520.3500991696
2965759.7267481056
2965999.122719513
2966238.5380149563
2966477.9726359835
2966717.4265841614
2966956.8998610554
2967196.392468214
2967435.904407203
2967675.4356795843
2967914.986286923
2968154.556230768
2968394.1455126866
2968633.7541342457
2968873.382096994
2969113.0294024996
2969352.6960523287
2969592.382048032
2969832.087391176
2970071.812083329
2970311.5561260404
2970551.319520879
2970791.102269412
2971030.9043731904
2971270.725833782
2971510.5666527553
2971750.4268316613
2971990.3063720684
2972230.205275546
2972470.123543644
2972710.061177932
2972950.01817998
2973189.9945513387
2973429.990293578
2973670.0054082666
2973910.0398969566
2974150.0937612187
2974390.167002622
2974630.2596227187
2974870.3716230798
2975110.5030052746
2975350.6537708566
2975590.8239213955
2975831.0134584624
2976071.222383611
2976311.4506984106
2976551.698404434
2976791.965503234
2977032.251996381
2977272.557885448
2977512.8831719873
2977753.2278575716
2977993.5919437725
2978233.975432144
2978474.3783242577
2978714.800621687
2978955.2423259853
2979195.703438726
2979436.183961475
2979676.683895805
2979917.2032432714
2980157.7420054534
2980398.3001839053
2980638.8777802014
2980879.474795908
2981120.0912326
2981360.7270918316
2981601.382375178
2981842.0570842116
2982082.75122049
2982323.464785586
2982564.197781075
2982804.9502085126
2983045.7220694735
2983286.5133655327
2983527.324098247
2983768.154269191
2984009.00387994
2984249.872932051
2984490.7614270994
2984731.669366661
2984972.5967522925
2985213.54358557
2985454.50986807
2985695.4956013495
2985936.500786985
2986177.525426552
2986418.56952161
2986659.6330737346
2986900.716084503
2987141.8185554733
2987382.9404882225
2987624.081884328
2987865.242745348
2988106.42307286
2988347.622868442
2988588.842133653
2988830.0808700705
2989071.3390792725
2989312.6167628183
2989553.913922286
2989795.2305592545
2990036.566675283
2990277.9222719506
2990519.2973508355
2990760.691913498
2991002.105961517
2991243.5394964716
2991484.9925199226
2991726.465033449
2991967.9570386307
2992209.468537028
2992450.999530221
2992692.5500197834
2992934.1200072947
2993175.709494317
2993417.3184824297
2993658.946973214
2993900.5949682314
2994142.262469062
2994383.9494772875
2994625.6559944693
2994867.3820221885
2995109.1275620265
2995350.8926155455
2995592.6771843275
2995834.4812699533
2996076.304873986
2996318.147998008
2996560.0106436005
2996801.8928123266
2997043.7945057694
2997285.71572551
2997527.6564731128
2997769.6167501607
2998011.596558235
2998253.5958989016
2998495.614773742
2998737.6531843394
2998979.7111322586
2999221.788619083
2999463.885646396
2999706.0022157617
2999948.138328765
3000190.2939869887
3000432.4691919982
3000674.663945378
3000916.8782487116
3001159.112103565
3001401.365511523
3001643.6384741697
3001885.930993071
3002128.2430698117
3002370.574705977
3002612.925903133
3002855.2966628657
3003097.6869867593
3003340.0968763814
3003582.5263333167
3003824.9753591516
3004067.4439554536
3004309.9321238077
3004552.439865794
3004794.967182999
3005037.5140769905
3005280.0805493547
3005522.666601678
3005765.2722355286
3006007.897452493
3006250.542254159
3006493.206642095
3006735.8906178875
3006978.594183124
3007221.3173393738
3007464.060088224
3007706.8224312626
3007949.6043700585
3008192.4059062
3008435.2270412752
3008678.0677768537
3008920.9281145236
3009163.8080558735
3009406.707602474
3009649.626755913
3009892.5655177794
3010135.523889644
3010378.501873096
3010621.499469724
3010864.5166811
3011107.5535088116
3011350.6099544503
3011593.6860195864
3011836.7817058098
3012079.8970147106
3012323.0319478605
3012566.1865068492
3012809.3606932675
3013052.554508688
3013295.7679547
3013539.0010328954
3013782.2537448457
3014025.5260921423
3014268.818076377
3014512.1296991208
3014755.460961967
3014998.811866506
3015242.182414311
3015485.5726069743
3015728.9824460875
3015972.411933224
3016215.8610699764
3016459.3298579305
3016702.8182986784
3016946.3263937943
3017189.8541448778
3017433.401553502
3017676.9686212605
3017920.55534974
3018164.1617405345
3018407.7877952172
3018651.433515383
3018895.0989026246
3019138.7839585175
3019382.488684655
3019626.213082632
3019869.957154024
3020113.7209004243
3020357.5043234276
3020601.3074246105
3020845.1302055665
3021088.972667891
3021332.834813161
3021576.7166429698
3021820.618158914
3022064.5393625693
3022308.480255532
3022552.440839397
3022796.421115741
3023040.421086161
3023284.440752252
3023528.480115591
3023772.5391777754
3024016.6179404007
3024260.716405045
3024504.8345733043
3024748.972446776
3024993.1300270376
3025237.3073156867
3025481.50431432
3025725.7210245165
3025969.957447873
3026214.213585987
3026458.489440438
3026702.7850128226
3026947.10030474
3027191.4353177687
3027435.790053507
3027680.1645135526
3027924.5586994863
3028168.972612906
3028413.40625541
3028657.859628579
3028902.3327340116
3029146.825573307
3029391.3381480454
3029635.8704598257
3029880.422510242
3030124.994300893
3030369.5858333604
3030614.197109244
3030858.8281301423
3031103.478897638
3031348.1494133314
3031592.839678822
3031837.5496956925
3032082.279465542
3032327.028989973
3032571.798270566
3032816.587308923
3033061.3961066445
3033306.2246653135
3033551.0729865306
3033795.941071898
3034040.8289229986
3034285.7365414337
3034530.663928805
3034775.6110866964
3035020.5780167095
3035265.5647204467
3035510.5711994916
3035755.597455447
3036000.6434899154
3036245.7093044803
3036490.7949007456
3036735.9002803136
3036981.025444769
3037226.1703957147
3037471.3351347544
3037716.519663473
3037961.723983474
3038206.948096361
3038452.19200372
3038697.4557071542
3038942.739208268
3039188.0425086473
3039433.365609896
3039678.708513619
3039924.0712214024
3040169.4537348505
3040414.856055569
3040660.2781851436
3040905.7201251797
3041151.181877283
3041396.66344304
3041642.164824056
3041887.686021931
3042133.2270382703
3042378.787874662
3042624.368532711
3042869.969014025
3043115.5893201903
3043361.229452814
3043606.889413503
3043852.5692038448
3044098.2688254467
3044343.9882799154
3044589.7275688397
3044835.4866938265
3045081.2656564834
3045327.064458399
3045572.8831011816
3045818.7215864384
3046064.5799157587
3046310.4580907505
3046556.356113022
3046802.273984163
3047048.211705782
3047294.169279487
3047540.1467068684
3047786.1439895355
3048032.161129096
3048278.1981271417
3048524.254985281
3048770.3317051227
3049016.428288259
3049262.5447362983
3049508.681050851
3049754.837233508
3050001.013285879
3050247.209209575
3050493.4250061866
3050739.6606773245
3050985.9162245994
3051232.1916496027
3051478.4869539463
3051724.80213924
3051971.137207076
3052217.4921590663
3052463.8669968215
3052710.261721935
3052956.676336018
3053203.1108406815
3053449.56523752
3053696.039528144
3053942.53371416
3054189.0477971802
3054435.5817787983
3054682.135660627
3054928.709444278
3055175.3031313457
3055421.916723443
3055668.5502221836
3055915.2036291608
3056161.876945988
3056408.570174279
3056655.2833156283
3056902.0163716497
3057148.7693439564
3057395.5422341446
3057642.3350438275
3057889.147774619
3058135.9804281155
3058382.833005931
3058629.7055096803
3058876.5979409586
3059123.5103013813
3059370.442592563
3059617.3948161006
3059864.3669736087
3060111.359066703
3060358.3710969794
3060605.4030660545
3060852.4549755435
3061099.526827044
3061346.6186221708
3061593.730362541
3061840.862049752
3062088.01368542
3062335.1852711616
3062582.376808574
3062829.588299275
3063076.819744881
3063324.0711469897
3063571.342507219
3063818.633827186
3064065.945108489
3064313.2763527464
3064560.627561575
3064807.998736574
3065055.3898793613
3065302.800991555
3065550.2320747552
3065797.6831305795
3066045.1541606397
3066292.6451665554
3066540.1561499257
3066787.687112376
3067035.2380555063
3067282.808980936
3067530.3998902785
3067778.010785152
3068025.6416671583
3068273.292537916
3068520.963399046
3068768.6542521487
3069016.365098844
3069264.0959407524
3069511.846779475
3069759.6176166325
3070007.408453846
3070255.219292716
3070503.0501348646
3070750.900981912
3070998.7718354603
3071246.6626971317
3071494.5735685467
3071742.504451308
3071990.455347037
3072238.426257356
3072486.4171838677
3072734.4281281945
3072982.4590919577
3073230.5100767612
3073478.5810842277
3073726.672115979
3073974.7831736193
3074222.914258771
3074471.065373058
3074719.2365180836
3074967.427695471
3075215.6389068435
3075463.870153806
3075712.1214379817
3075960.392760995
3076208.6841244497
3076456.995529971
3076705.326979182
3076953.6784736887
3077202.0500151147
3077450.441605085
3077698.8532452057
3077947.284937101
3078195.7366823955
3078444.208482696
3078692.7003396275
3078941.212254815
3079189.744229865
3079438.296266403
3079686.8683660487
3079935.4605304278
3080184.072761147
3080432.7050598324
3080681.3574281107
3080930.029867589
3081178.7223798935
3081427.4349666513
3081676.1676294697
3081924.9203699757
3082173.6931897965
3082422.48609054
3082671.299073834
3082920.1321413047
3083168.985294562
3083417.8585352325
3083666.7518649446
3083915.665285307
3084164.5987979476
3084413.552404495
3084662.5261065583
3084911.519905766
3085160.533803746
3085409.5678021093
3085658.621902484
3085907.6961064986
3086156.7904157643
3086405.904831909
3086655.0393565637
3086904.1939913374
3087153.3687378606
3087402.5635977625
3087651.7785726544
3087901.013664166
3088150.2688739276
3088399.5442035506
3088648.839654665
3088898.155228902
3089147.4909278727
3089396.846753208
3089646.222706539
3089895.618789478
3090145.0350036556
3090394.4713507034
3090643.927832234
3090893.4044498787
3091142.9012052696
3091392.4181000195
3091641.95513576
3091891.5123141166
3092141.0896367226
3092390.6871051905
3092640.3047211533
3092889.9424862433
3093139.600402075
3093389.27847028
3093638.976692492
3093888.695070326
3094138.433605414
3094388.19229939
3094637.9711538684
3094887.7701704833
3095137.589350868
3095387.4286966375
3095637.288209426
3095887.167890868
3096137.0677425787
3096386.9877661923
3096636.9279633434
3096886.8883356485
3097136.8688847413
3097386.869612258
3097636.8905198136
3097886.931609044
3098136.9928815844
3098387.0743390517
3098637.175983081
3098887.2978153084
3099137.439837351
3099387.6020508446
3099637.7844574256
3099887.987058711
3100138.2098563374
3100388.4528519413
3100638.716047141
3100888.999443572
3101139.3030428723
3101389.6268466604
3101639.9708565725
3101890.3350742464
3102140.719501301
3102391.124139373
3102641.5489901016
3102891.9940551044
3103142.4593360196
3103392.944834486
3103643.450552122
3103893.976490567
3104144.522651453
3104395.089036418
3104645.6756470823
3104896.282485091
3105146.9095520647
3105397.556849642
3105648.2243794566
3105898.9121431476
3106149.620142335
3106400.348378659
3106651.09685376
3106901.8655692586
3107152.654526795
3107403.463728009
3107654.2931745225
3107905.142867976
3108156.01281001
3108406.9030022463
3108657.813446326
3108908.74414389
3109159.695096561
3109410.6663059797
3109661.6577737876
3109912.6695016073
3110163.701491081
3110414.75374385
3110665.8262615376
3110916.919045786
3111168.032098237
3111419.165420514
3111670.31901426
3111921.4928811174
3112172.68702271
3112423.901440681
3112675.1361366725
3112926.39111231
3113177.6663692356
3113428.9619090934
3113680.2777335076
3113931.6138441223
3114182.9702425813
3114434.346930509
3114685.7439095504
3114937.161181349
3115188.5987475305
3115440.056609739
3115691.53476962
3115943.0332287983
3116194.5519889193
3116446.091051628
3116697.6504185502
3116949.230091332
3117200.830071618
3117452.450361035
3117704.0909612286
3117955.7518738382
3118207.4331005104
3118459.1346428716
3118710.8565025683
3118962.598681247
3119214.3611805346
3119466.144002078
3119717.9471475244
3119969.7706185016
3120221.6144166556
3120473.478543635
3120725.3630010667
3120977.2677905993
3121229.192913879
3121481.1383725363
3121733.104168217
3121985.0903025707
3122237.0967772254
3122489.12359383
3122741.170754032
3122993.2382594617
3123245.3261117674
3123497.434312598
3123749.5628635827
3124001.711766371
3124253.881022612
3124506.070633936
3124758.2806019927
3125010.510928431
3125262.761614882
3125515.032662995
3125767.3240744206
3126019.6358507895
3126271.9679937516
3126524.320504958
3126776.693386039
3127029.0866386467
3127281.500264431
3127533.934265023
3127786.388642075
3128038.8633972374
3128291.3585321424
3128543.8740484416
3128796.409947787
3129048.9662318104
3129301.542902164
3129554.1399605
3129806.7574084504
3130059.3952476685
3130312.0534798
3130564.7321064975
3130817.4311293936
3131070.1505501424
3131322.8903703955
3131575.650591788
3131828.431215972
3132081.2322446015
3132334.0536793107
3132586.8955217525
3132839.7577735814
3133092.640436432
3133345.543511958
3133598.467001813
3133851.410907633
3134104.375231072
3134357.359973784
3134610.3651374057
3134863.3907235907
3135116.436733994
3135369.5031702523
3135622.5900340197
3135875.6973269526
3136128.825050686
3136381.973206877
3136635.1417971794
3136888.3308232315
3137141.5402866886
3137394.770189207
3137648.020532423
3137901.2913179942
3138154.5825475766
3138407.894222807
3138661.226345343
3138914.578916841
3139167.9519389393
3139421.3454132946
3139674.7593415645
3139928.193725387
3140181.64856642
3140435.123866321
3140688.619626729
3140942.1358493012
3141195.672535696
3141449.229687553
3141702.80730653
3141956.4053942855
3142210.0239524595
3142463.6629827097
3142717.32248669
3142971.0024660584
3143224.702922455
3143478.423857546
3143732.165272971
3143985.9271703903
3144239.7095514564
3144493.51241783
3144747.335771151
3145001.17961308
3145255.0439452776
3145508.928769384
3145762.8340870603
3146016.7598999674
3146270.706209746
3146524.6730180583
3146778.660326564
3147032.668136906
3147286.696450745
3147540.7452697433
3147794.814595542
3148048.904429804
3148303.0147741903
3148557.1456303443
3148811.2969999276
3149065.468884603
3149319.661286013
3149573.8742058207
3149828.1076456886
3150082.36160726
3150336.636092198
3150590.9311021655
3150845.246638807
3151099.582703785
3151353.939298764
3151608.3164253873
3151862.714085319
3152117.132280223
3152371.5710117444
3152626.030281547
3152880.510091295
3153135.0104426336
3153389.531337227
3153644.072776741
3153898.63476282
3154153.2172971293
3154407.820381334
3154662.44401708
3154917.0882060328
3155171.752949851
3155426.438250201
3155681.1441087285
3155935.8705271063
3156190.617506981
3156445.3850500183
3156700.173157879
3156954.9818322286
3157209.811074715
3157464.660887005
3157719.5312707643
3157974.4222276416
3158229.3337593037
3158484.265867418
3158739.2185536325
3158994.1918196147
3159249.185667032
3159504.2000975325
3159759.2351127854
3160014.2907144576
3160269.366904198
3160524.4636836755
3160779.5810545585
3161034.7190184956
3161289.8775771563
3161545.056732209
3161800.2564853034
3162055.476838108
3162310.7177922935
3162565.979349509
3162821.261511424
3163076.5642797085
3163331.8876560125
3163587.2316420064
3163842.59623936
3164097.981449724
3164353.3872747696
3164608.813716166
3164864.260775565
3165119.728454638
3165375.216755055
3165630.7256784677
3165886.2552265474
3166141.8054009657
3166397.3762033745
3166652.967635445
3166908.579698849
3167164.212395239
3167419.8657262875
3167675.539693659
3167931.234299027
3168186.9495440433
3168442.6854303875
3168698.4419597127
3168954.219133692
3169210.0169539913
3169465.8354222835
3169721.674540223
3169977.534309483
3170233.4147317368
3170489.3158086385
3170745.237541862
3171001.1799330804
3171257.1429839497
3171513.126696143
3171769.1310713342
3172025.1561111794
3172281.2018173523
3172537.2681915276
3172793.355235361
3173049.4629505277
3173305.591338702
3173561.74040154
3173817.9101407174
3174074.100557909
3174330.311654771
3174586.5434329803
3174842.7958942116
3175099.069040122
3175355.362872387
3175611.6773926835
3175868.0126026683
3176124.368504018
3176380.7450984092
3176637.1423874996
3176893.5603729654
3177149.9990564846
3177406.4584397143
3177662.9385243324
3177919.439312016
3178175.9608044233
3178432.503003232
3178689.0659101205
3178945.649526747
3179202.25385479
3179458.878895927
3179715.524651818
3179972.1911241408
3180228.8783145742
3180485.5862247786
3180742.3148564314
3180999.064211213
3181255.8342907825
3181512.62509682
3181769.4366309973
3182026.268894995
3182283.1218904736
3182539.995619119
3182796.8900825917
3183053.8052825728
3183310.741220735
3183567.6978987595
3183824.6753183072
3184081.673481059
3184338.692388695
3184595.7320428784
3184852.792445289
3185109.873597608
3185366.975501498
3185624.098158641
3185881.241570717
3186138.4057393903
3186395.5906663416
3186652.7963532535
3186910.0228017885
3187167.270013629
3187424.537990458
3187681.826733938
3187939.1362457518
3188196.4665275826
3188453.8175810943
3188711.1894079694
3188968.5820098915
3189225.9953885246
3189483.4295455525
3189740.8844826585
3189998.3602015073
3190255.856703783
3190513.373991169
3190770.912065331
3191028.470927953
3191286.050580719
3191543.6510252953
3191801.272263366
3192058.914296616
3192316.577126711
3192574.2607553364
3192831.9651841777
3193089.6904149004
3193347.43644919
3193605.2032887335
3193862.9909351957
3194120.799390264
3194378.6286556167
3194636.478732941
3194894.349623904
3195152.2413301985
3195410.1538534914
3195668.08719547
3195926.0413578143
3196184.016342212
3196442.0121503305
3196700.028783857
3196958.0662444797
3197216.124533866
3197474.2036537044
3197732.303605682
3197990.424391468
3198248.566012751
3198506.728471218
3198764.9117685393
3199023.1159064025
3199281.3408864974
3199539.5867104926
3199797.853380077
3200056.1408969406
3200314.449262752
3200572.7784792017
3200831.128547979
3201089.499470754
3201347.891249216
3201606.303885056
3201864.737379944
3202123.19173557
3202381.6669536247
3202640.1630357793
3202898.6799837244
3203157.2177991504
3203415.776483729
3203674.356039151
3203932.9564671083
3204191.5777692716
3204450.2199473334
3204708.8830029853
3204967.5669378983
3205226.2717537656
3205484.9974522786
3205743.7440351103
3206002.5115039526
3206261.299860498
3206520.1091064196
3206778.9392434102
3207037.790273156
3207296.66219735
3207555.555017666
3207814.4687358034
3208073.4033534364
3208332.358872258
3208591.3352939556
3208850.3326202235
3209109.3508527353
3209368.389993185
3209627.450043268
3209886.531004658
3210145.6328790495
3210404.7556681377
3210663.8993735975
3210923.0639971234
3211182.2495404114
3211441.456005136
3211700.683392993
3211959.931705678
3212219.200944867
3212478.4911122555
3212737.802209539
3212997.1342383944
3213256.487200518
3213515.861097606
3213775.2559313346
3214034.6717034006
3214294.108415501
3214553.566069313
3214813.0446665334
3215072.544208859
3215332.0646979674
3215591.606135557
3215851.1685233237
3216110.751862947
3216370.356156124
3216629.9814045522
3216889.6276099104
3217149.294773897
3217408.98289821
3217668.691984529
3217928.4220345514
3218188.173049977
3218447.9450324844
3218707.7379837725
3218967.5519055407
3219227.3867994687
3219487.242667256
3219747.119510602
3220007.0173311867
3220266.9361307104
3220526.875910872
3220786.8366733533
3221046.818419853
3221306.821152067
3221566.8448716938
3221826.8895804156
3222086.955279939
3222347.0419719457
3222607.1496581365
3222867.278340207
3223127.428019857
3223387.5986987697
3223647.7903786455
3223908.0030611875
3224168.2367480765
3224428.4914410156
3224688.7671417063
3224949.063851832
3225209.381573094
3225469.720307196
3225730.0800558203
3225990.4608206702
3226250.8626034483
3226511.2854058384
3226771.729229544
3227032.1940762675
3227292.6799476934
3227553.1868455256
3227813.7147714677
3228074.263727204
3228334.833714438
3228595.4247348746
3228856.0367901986
3229116.669882114
3229377.3240123256
3229637.9991825186
3229898.6953943977
3230159.4126496683
3230420.1509500155
3230680.9102971447
3230941.6906927614
3231202.492138552
3231463.314636221
3231724.158187476
3231985.0227940017
3232245.908457505
3232506.8151796926
3232767.74296225
3233028.691806885
3233289.6617153035
3233550.6526891934
3233811.6647302606
3234072.6978402063
3234333.752020738
3234594.827273543
3234855.923600335
3235117.041002803
3235378.1794826537
3235639.3390415893
3235900.5196813173
3236161.7214035266
3236422.944209925
3236684.1881022216
3236945.453082105
3237206.7391512846
3237468.0463114684
3237729.374564346
3237990.7239116263
3238252.0943550193
3238513.485896214
3238774.8985369205
3239036.3322788486
3239297.7871236885
3239559.263073149
3239820.7601289423
3240082.278292757
3240343.8175663045
3240605.377951295
3240866.95944942
3241128.56206239
3241390.1857919157
3241651.8306396888
3241913.4966074205
3242175.1836968223
3242436.8919095853
3242698.621247422
3242960.371712044
3243222.143305143
3243483.9360284316
3243745.749883622
3244007.5848724064
3244269.4409964974
3244531.318257608
3244793.216657431
3245055.136197679
3245317.0768800657
3245579.0387062836
3245841.021678047
3246103.0257970686
3246365.0510650426
3246627.0974836824
3246889.165054696
3247151.253779797
3247413.363660679
3247675.494699064
3247937.6468966464
3248199.820255141
3248462.0147762545
3248724.230461703
3248986.467313182
3249248.7253324054
3249511.0045210896
3249773.3048809296
3250035.626413641
3250297.9691209397
3250560.333004521
3250822.718066102
3251085.1243073978
3251347.551730105
3251610.0003359406
3251872.4701266205
3252134.961103842
3252397.473269321
3252660.0066247755
3252922.561171902
3253185.136912418
3253447.733848041
3253710.351980468
3253972.991311417
3254235.6518426063
3254498.333575733
3254761.0365125155
3255023.7606546725
3255286.506003902
3255549.2725619217
3255812.0603304515
3256074.8693111897
3256337.6995058553
3256600.5509161674
3256863.423543825
3257126.317390547
3257389.2324580536
3257652.1687480444
3257915.1262622387
3258178.1050023567
3258441.104970098
3258704.1261671833
3258967.1685953327
3259230.2322562467
3259493.3171516457
3259756.4232832436
3260019.5506527615
3260282.6992619005
3260545.869112388
3260809.0602059257
3261072.272544235
3261335.5061290306
3261598.760962034
3261862.037044947
3262125.3343794923
3262388.652967391
3262651.992810346
3262915.3539100797
3263178.736268314
3263442.1398867522
3263705.5647671167
3263969.0109111303
3264232.4783204966
3264495.9669969385
3264759.4769421793
3265023.008157923
3265286.5606458923
3265550.1344078113
3265813.7294453843
3266077.345760335
3266340.983354388
3266604.642229247
3266868.3223866364
3267132.0238282816
3267395.746555886
3267659.490571176
3267923.255875876
3268187.042471691
3268450.850360346
3268714.679543567
3268978.5300230593
3269242.4018005487
3269506.294877761
3269770.2092564018
3270034.144938198
3270298.1019248753
3270562.08021814
3270826.079819719
3271090.100731339
3271354.142954706
3271618.206491548
3271882.291343592
3272146.3975125444
3272410.5250001336
3272674.673808086
3272938.84393811
3273203.0353919333
3273467.248171284
3273731.4822778692
3273995.7377134184
3274260.014479652
3274524.3125782995
3274788.6320110695
3275052.972779697
3275317.3348858906
3275581.71833138
3275846.123117887
3276110.5492471415
3276374.9967208533
3276639.465540751
3276903.9557085647
3277168.4672260047
3277433.0000948003
3277697.5543166823
3277962.1298933607
3278226.726826566
3278491.3451180286
3278755.984769459
3279020.6457825885
3279285.3281591483
3279550.0319008487
3279814.7570094215
3280079.5034865984
3280344.2713340903
3280609.060553629
3280873.8711469467
3281138.7031157548
3281403.556461786
3281668.431186772
3281933.327292425
3282198.2447804785
3282463.1836526645
3282728.143910696
3282993.1255563055
3283258.1285912264
3283523.153017172
3283788.1988358754
3284053.2660490703
3284318.35465847
3284583.464665809
3284848.5960728205
3285113.7488812185
3285378.923092738
3285644.118709112
3285909.3357320563
3286174.574163305
3286439.8340045926
3286705.1152576343
3286970.417924165
3287235.7420059126
3287501.0875046137
3287766.4544219826
3288031.8427597624
3288297.252519668
3288562.683703436
3288828.136312795
3289093.610349482
3289359.1058152122
3289624.622711723
3289890.161040751
3290155.720804012
3290421.3020032435
3290686.904640182
3290952.528716545
3291218.17423407
3291483.8411944937
3291749.5295995343
3292015.239450929
3292280.970750416
3292546.723499713
3292812.497700558
3293078.2933546896
3293344.1104638255
3293609.949029705
3293875.8090540664
3294141.6905386285
3294407.5934851305
3294673.5178953107
3294939.463770889
3295205.431113605
3295471.4199251975
3295737.4302073866
3296003.4619619115
3296269.515190513
3296535.5898949103
3296801.6860768436
3297067.8037380544
3297333.9428802617
3297600.103505207
3297866.285614631
3298132.489210254
3298398.714293818
3298664.960867063
3298931.2289317115
3299197.518489504
3299463.8295421824
3299730.162091469
3299996.5161391045
3300262.891686825
3300529.288736373
3300795.7072894704
3301062.147347866
3301328.608913283
3301595.091987463
3301861.5965721435
3302128.122669067
3302394.670279956
3302661.239406555
3302927.8300506063
3303194.442213834
3303461.0758979814
3303727.7311047935
3303994.4078359925
3304261.106093324
3304527.825878531
3304794.5671933396
3305061.3300394923
3305328.1144187353
3305594.920332793
3305861.74778341
3306128.5967723317
3306395.4673012835
3306662.35937201
3306929.272986258
3307196.208145752
3307463.1648522383
3307730.1431074627
3307997.1429131515
3308264.1642710506
3308531.2071829066
3308798.271650446
3309065.3576754155
3309332.465259562
3309599.5944046113
3309866.745112312
3310133.9173844107
3310401.111222634
3310668.3266287306
3310935.563604448
3311202.822151513
3311470.102271674
3311737.4039666792
3312004.727238257
3312272.072088155
3312539.4385181223
3312806.8265298875
3313074.2361251987
3313341.6673058057
3313609.1200734368
3313876.5944298417
3314144.090376769
3314411.607915949
3314679.147049131
3314946.7077780575
3315214.290104479
3315481.8940301253
3315749.5195567533
3316017.1666860934
3316284.835419896
3316552.5257599046
3316820.2377078705
3317087.971265524
3317355.726434617
3317623.5032168995
3317891.3016141034
3318159.12162798
3318426.963260281
3318694.826512738
3318962.711387103
3319230.6178851277
3319498.546008544
3319766.4957591053
3320034.467138563
3320302.4601486493
3320570.474791118
3320838.5110677215
3321106.5689801923
3321374.648530284
3321642.74971975
3321910.872550323
3322179.0170237576
3322447.1831418066
3322715.370906204
3322983.580318704
3323251.8113810606
3323520.0640950077
3323788.3384622997
3324056.634484692
3324324.9521639184
3324593.291501734
3324861.6524998937
3325130.0351601327
3325398.439484206
3325666.865473869
3325935.3131308574
3326203.7824569265
3326472.2734538326
3326740.7861233116
3327009.320467119
3327277.8764870116
3327546.4541847254
3327815.053562017
3328083.6746206367
3328352.3173623406
3328620.981788866
3328889.6679019774
3329158.3757034107
3329427.105194924
3329695.8563782675
3329964.6292551993
3330233.4238274577
3330502.2400967996
3330771.0780649837
3331039.9377337475
3331308.8191048503
3331577.7221800503
3331846.6469610855
3332115.593449715
3332384.5616476983
3332653.5515567735
3332922.5631787004
3333191.596515238
3333460.651568126
3333729.728339124
3333998.8268299913
3334267.9470424685
3334537.0889783152
3334806.252639292
3335075.4380271384
3335344.6451436155
3335613.873990484
3335883.1245694845
3336152.396882377
3336421.6909309244
3336691.006716866
3336960.344241964
3337229.70350798
3337499.0845166547
3337768.4872697513
3338037.91176903
3338307.3580162344
3338576.8260131255
3338846.315761466
3339115.8272629986
3339385.3605194855
3339654.9155326895
3339924.4923043535
3340194.0908362404
3340463.711130114
3340733.3531877166
3341003.017010812
3341272.7026011576
3341542.4099605167
3341812.139090633
3342081.889993278
3342351.662670194
3342621.4571231473
3342891.2733538947
3343161.111364201
3343430.971155811
3343700.8527304893
3343970.7560900007
3344240.681236091
3344510.6281705247
3344780.596895068
3345050.587411466
3345320.5997214844
3345590.633826889
3345860.689729426
3346130.7674308615
3346400.866932962
3346670.988237473
3346941.1313461624
3347211.296260796
3347481.4829831207
3347751.6915149037
3348021.921857912
3348292.1740138927
3348562.447984614
3348832.743771842
3349103.061377326
3349373.400802833
3349643.762050131
3349914.145120968
3350184.5500171124
3350454.9767403333
3350725.4252923783
3350995.895675016
3351266.387890016
3351536.9019391267
3351807.4378241175
3352077.9955467577
3352348.575108797
3352619.1765120034
3352889.799758149
3353160.444848981
3353431.1117862714
3353701.80057179
3353972.5112072863
3354243.243694531
3354513.998035288
3354784.774231328
3355055.572284402
3355326.3921962874
3355597.233968735
3355868.097603517
3356138.9831023975
3356409.8904671483
3356680.8196995202
3356951.7708012927
3357222.7437742176
3357493.7386200665
3357764.7553406055
3358035.7939376067
3358306.854412823
3358577.9367680266
3358849.04100499
3359120.1671254677
3359391.315131231
3359662.4850240545
3359933.676805691
3360204.8904779134
3360476.126042497
3360747.383501194
3361018.662855779
3361289.964108026
3361561.2872596895
3361832.6323125437
3362103.9992683637
3362375.388128903
3362646.7988959374
3362918.2315712413
3363189.68615657
3363461.162653699
3363732.661064403
3364004.1813904387
3364275.7236335804
3364547.2877956047
3364818.8738782676
3365090.4818833447
3365362.111812613
3365633.763667828
3365905.437450767
3366177.1331632063
3366448.8508069026
3366720.590383633
3366992.351895175
3367264.135343285
3367535.940729741
3367807.7680563205
3368079.6173247807
3368351.4885369
3368623.381694456
3368895.296799207
3369167.2338529313
3369439.1928574
3369711.1738143926
3369983.1767256674
3370255.2015930098
3370527.248418178
3370799.317202952
3371071.4079491044
3371343.520658415
3371615.655332642
3371887.8119735657
3372159.9905829667
3372432.191162604
3372704.4137142575
3372976.6582397083
3373248.9247407163
3373521.2132190624
3373793.5236765267
3374065.8561148704
3374338.2105358746
3374610.5869413204
3374882.985332968
3375155.4057126003
3375427.8480819985
3375700.3124429234
3375972.7987971576
3376245.307146483
3376517.8374926616
3376790.389837475
3377062.964182707
3377335.5605301186
3377608.178881494
3377880.8192386148
3378153.4816032443
3378426.165977166
3378698.872362163
3378971.6007599984
3379244.3511724556
3379517.1236013193
3379789.9180483525
3380062.7345153387
3380335.5730040637
3380608.4335162896
3380881.3160538026
3381154.2206183863
3381427.147211806
3381700.0958358455
3381973.066492291
3382246.059182907
3382519.0739094783
3382792.1106737847
3383065.1694776113
3383338.2503227233
3383611.3532109144
3383884.478143949
3384157.6251236144
3384430.7941516894
3384703.9852299616
3384977.1983601963
3385250.433544181
3385523.690783702
3385796.9700805265
3386070.2714364417
3386343.5948532354
3386616.940332674
3386890.3078765455
3387163.6974866376
3387437.109164718
3387710.5429125754
3387983.9987319973
3388257.476624752
3388530.976592628
3388804.498637414
3389078.0427608783
3389351.60896481
3389625.197250999
3389898.807621213
3390172.440077242
3390446.0946208755
3390719.7712538824
3390993.469978053
3391267.1907951776
3391540.9337070254
3391814.698715387
3392088.4858220527
3392362.295028792
3392636.126337397
3392909.9797496577
3393183.8552673445
3393457.7528922493
3393731.672626163
3394005.6144708563
3394279.5784281213
3394553.5644997493
3394827.5726875123
3395101.602993202
3395375.6554186107
3395649.72996551
3395923.8266356923
3396197.9454309433
3396472.0863530566
3396746.249403804
3397020.434584986
3397294.641898374
3397568.871345762
3397843.1229289374
3398117.396649693
3398391.6925098025
3398666.0105110593
3398940.3506552577
3399214.712944172
3399489.0973795955
3399763.5039633233
3400037.93269713
3400312.383582809
3400586.8566221567
3400861.351816947
3401135.869168975
3401410.4086800367
3401684.970351906
3401959.55418638
3402234.1601852532
3402508.788350302
3402783.4386833212
3403058.1111861086
3403332.8058604393
3403607.5227081096
3403882.2617309163
3404157.022930636
3404431.806309066
3404706.6118680025
3404981.4396092226
3405256.2895345236
3405531.1616457035
3405806.0559445387
3406080.972432828
3406355.9111123686
3406630.871984938
3406905.855052335
3407180.860316358
3407455.8877787846
3407730.9374414138
3408006.0093060443
3408281.1033744547
3408556.2196484436
3408831.358129811
3409106.5188203356
3409381.701721817
3409656.9068360548
3409932.134164828
3410207.383709937
3410482.655473182
3410757.9494563425
3411033.265661219
3411308.6040896056
3411583.964743302
3411859.34762409
3412134.752733777
3412410.1800741423
3412685.6296469886
3412961.1014541104
3413236.5954973088
3413512.1117783654
3413787.6502990816
3414063.21106126
3414338.7940666825
3414614.39931715
3414890.0268144663
3415165.676560413
3415441.3485567933
3415717.042805409
3415992.759308044
3416268.4980665003
3416544.259082582
3416820.0423580715
3417095.847894773
3417371.67569449
3417647.5257590055
3417923.398090124
3418199.29268965
3418475.2095593666
3418751.1487010787
3419027.1101165907
3419303.093807687
3419579.0997761725
3419855.128023853
3420131.1785525116
3420407.251363955
3420683.3464599885
3420959.4638423966
3421235.6035129856
3421511.7654735614
3421787.9497259096
3422064.156271836
3422340.3851131476
3422616.63625163
3422892.9096890897
3423169.205427334
3423445.5234681494
3423721.8638133425
3423998.226464721
3424274.6114240712
3424551.0186932012
3424827.4482739116
3425103.9001680105
3425380.3743772847
3425656.87090355
3425933.3897485933
3426209.9309142237
3426486.4944022424
3426763.080214459
3427039.6883526603
3427316.3188186567
3427592.971614257
3427869.646741249
3428146.3442014437
3428423.06399665
3428699.806128656
3428976.5705992733
3429253.3574103112
3429530.166563559
3429806.998060827
3430083.8519039266
3430360.728094647
3430637.6266347994
3430914.5475261942
3431191.490770622
3431468.456369894
3431745.4443258224
3432022.4546401966
3432299.4873148296
3432576.5423515323
3432853.6197520965
3433130.7195183337
3433407.841652057
3433684.9861550573
3433962.153029148
3434239.342276141
3434516.553897829
3434793.787896024
3435071.0442725406
3435348.3230291703
3435625.6241677273
3435902.9476900245
3436180.2935978547
3436457.6618930325
3436735.052577372
3437012.465652666
3437289.901120729
3437567.3589833756
3437844.839242399
3438122.3418996152
3438399.8669568314
3438677.4144158624
3438954.9842785033
3439232.5765465763
3439510.1912218756
3439787.8283062167
3440065.4878014093
3440343.169709269
3440620.8740315908
3440898.600770191
3441176.349926886
3441454.121503472
3441731.915501765
3442009.731923582
3442287.5707707196
3442565.432044994
3442843.315748223
3443121.2218822036
3443399.150448753
3443677.1014496884
3443955.0748868077
3444233.070761928
3444511.0890768683
3444789.1298334254
3445067.1930334177
3445345.2786786645
3445623.3867709627
3445901.5173121323
3446179.670303991
3446457.8457483384
3446736.043646993
3447014.2640017746
3447292.506814482
3447570.7720869347
3447849.059820953
3448127.370018335
3448405.7026809026
3448684.0578104747
3448962.4354088516
3449240.8354778537
3449519.2580193025
3449797.7030349965
3450076.1705267583
3450354.6604964086
3450633.1729457476
3450911.7078765975
3451190.265290779
3451468.845190094
3451747.447576364
3452026.072451411
3452304.7198170363
3452583.389675063
3452862.082027313
3453140.796875588
3453419.534221711
3453698.2940674988
3453977.0764147732
3454255.8812653376
3454534.708621022
3454813.558483629
3455092.4308549827
3455371.3257368994
3455650.2431312036
3455929.1830396987
3456208.1454642084
3456487.130406558
3456766.13786855
3457045.1678520106
3457324.220358764
3457603.2953906134
3457882.3929493856
3458161.5130369053
3458440.6556549766
3458719.8208054258
3458999.0084900786
3459278.2187107396
3459557.451469235
3459836.706767392
3460115.9846070143
3460395.2849899298
3460674.6079179645
3460953.9533929247
3461233.321416637
3461512.7119909287
3461792.125117606
3462071.5607984965
3462351.019035428
3462630.4998302064
3462910.00318466
3463189.529100617
3463469.077579885
3463748.648624291
3464028.2422356647
3464307.8584158127
3464587.4971665647
3464867.1584897493
3465146.8423871743
3465426.5488606687
3465706.277912062
3465986.0295431633
3466265.8037558016
3466545.600551807
3466825.419932988
3467105.261901175
3467385.1264581913
3467665.013605867
3467944.923346012
3468224.855680464
3468504.8106110315
3468784.788139547
3469064.788267834
3469344.8109977245
3469624.8563310276
3469904.9242695756
3470185.0148152
3470465.127969712
3470745.263734943
3471025.4221127257
3471305.6031048708
3471585.8067132114
3471866.03293958
3472146.281785787
3472426.5532536674
3472706.8473450528
3472987.1640617554
3473267.503405609
3473547.8653784473
3473828.2499820823
3474108.657218348
3474389.0870890785
3474669.539596086
3474950.0147412056
3475230.512526272
3475511.032953097
3475791.5760235167
3476072.141739366
3476352.730102458
3476633.341114628
3476913.9747777116
3477194.6310935225
3477475.310063897
3477756.0116906706
3478036.7359756576
3478317.4829206946
3478598.2525276174
3478879.044798241
3479159.8597344025
3479440.697337938
3479721.557610663
3480002.440554415
3480283.346171031
3480564.274462326
3480845.2254301384
3481126.1990762986
3481407.195402644
3481688.214410991
3481969.256103185
3482250.320481043
3482531.4075464024
3482812.5173010956
3483093.6497469605
3483374.804885815
3483655.9827194973
3483937.183249847
3484218.406478682
3484499.6524078418
3484780.921039165
3485062.2123744707
3485343.526415598
3485624.8631643876
3485906.2226226577
3486187.604792249
3486469.0096750013
3486750.437272734
3487031.887587288
3487313.360620504
3487594.856374201
3487876.374850221
3488157.916050405
3488439.4799765726
3488721.066630566
3489002.6760142264
3489284.308129375
3489565.962977853
3489847.640561503
3490129.340882146
3490411.0639416235
3490692.8097417797
3490974.578284435
3491256.3695714325
3491538.183604615
3491820.0203858046
3492101.8799168444
3492383.7621995783
3492665.667235828
3492947.595027438
3493229.5455762516
3493511.518884092
3493793.514952803
3494075.5337842293
3494357.575380194
3494639.6397425416
3494921.7268731096
3495203.836773744
3495485.969446267
3495768.1248925324
3496050.3031143635
3496332.5041136057
3496614.7278920985
3496896.9744516867
3497179.243794196
3497461.5359214717
3497743.85083536
3498026.188537687
3498308.5490302984
3498590.9323150413
3498873.3383937413
3499155.767268245
3499438.2189404005
3499720.693412033
3500003.19068499
3500285.710761119
3500568.2536422475
3500850.8193302224
3501133.407826892
3501416.0191340838
3501698.653253645
3501981.3101874255
3502263.9899372514
3502546.692504972
3502829.4178924365
3503112.1661014725
3503394.937133929
3503677.7309916564
3503960.547676482
3504243.3871902553
3504526.2495348267
3504809.134712025
3505092.0427237
3505374.9735717024
3505657.927257861
3505940.9037840264
3506223.903152049
3506506.9253637595
3506789.970421008
3507073.038325646
3507356.1290795035
3507639.242684432
3507922.3791422825
3508205.5384548865
3508488.7206240958
3508771.925651762
3509055.1535397163
3509338.4042898114
3509621.677903899
3509904.974383811
3510188.2937314003
3510471.6359485122
3510755.001037001
3511038.3889986975
3511321.799835463
3511605.233549129
3511888.69014155
3512172.169614572
3512455.6719700503
3512739.1972098164
3513022.745335725
3513306.316349631
3513589.9102533674
3513873.527048789
3514157.1667377506
3514440.8293220866
3514724.5148036513
3515008.2231843006
3515291.9544658684
3515575.7086502104
3515859.4857391827
3516143.28573462
3516427.108638378
3516710.9544523135
3516994.823178261
3517278.714818077
3517562.6293736193
3517846.5668467223
3518130.5272392435
3518414.51055304
3518698.5167899476
3518982.545951824
3519266.5980405267
3519550.6730578924
3519834.7710057786
3520118.8918860434
3520403.035700524
3520687.2024510787
3520971.3921395657
3521255.604767822
3521539.8403377077
3521824.098851081
3522108.380309779
3522392.684715662
3522677.0120705892
3522961.3623763984
3523245.7356349495
3523530.131848103
3523814.551017696
3524098.99314559
3524383.458233638
3524667.9462837004
3524952.457297616
3525236.9912772533
3525521.548224451
3525806.128141071
3526090.7310289675
3526375.3568900013
3526660.005726013
3526944.6775388634
3527229.372330415
3527514.0901025087
3527798.830857006
3528083.594595769
3528368.3813206395
3528653.1910334798
3528938.023736152
3529222.8794304985
3529507.7581183817
3529792.6598016648
3530077.58448219
3530362.5321618207
3530647.5028424207
3530932.4965258315
3531217.513213918
3531502.5529085444
3531787.6156115523
3532072.701324807
3532357.810050173
3532642.9417894934
3532928.096544633
3533213.274317457
3533498.475109808
3533783.6989235533
3534068.9457605565
3534354.2156226626
3534639.5085117375
3534924.8244296466
3535210.1633782345
3535495.5253593675
3535780.910374912
3536066.3184267133
3536351.7495166375
3536637.203646552
3536922.680818301
3537208.1810337533
3537493.704294775
3537779.2506032125
3538064.8199609336
3538350.412369798
3538636.027831674
3538921.6663484084
3539207.3279218758
3539493.0125539238
3539778.7202464202
3540064.451001227
3540350.2048202124
3540635.9817052246
3540921.7816581316
3541207.6046808036
3541493.4507750873
3541779.3199428534
3542065.2121859714
3542351.1275062887
3542637.065905676
3542923.0273860036
3543209.0119491196
3543495.0195968947
3543781.0503311995
3544067.104153883
3544353.181066816
3544639.2810718706
3544925.404170895
3545211.5503657614
3545497.719658341
3545783.9120504837
3546070.1275440613
3546356.3661409463
3546642.627842989
3546928.912652061
3547215.220570035
3547501.551598762
3547787.9057401153
3548074.282995967
3548360.683368169
3548647.106858594
3548933.5534691154
3549220.0232015853
3549506.5160578773
3549793.0320398645
3550079.5711494004
3550366.1333883577
3550652.718758612
3550939.3272620146
3551225.958900441
3551512.6136757657
3551799.2915898417
3552085.992644544
3552372.716841748
3552659.4641833073
3552946.234671097
3553233.0283069923
3553519.8450928484
3553806.6850305405
3554093.548121937
3554380.434368915
3554667.3437733287
3554954.276337062
3555241.2320619696
3555528.2109499285
3555815.2130028084
3556102.2382224863
3556389.286610818
3556676.3581696805
3556963.4529009517
3557250.5708064875
3557537.7118881657
3557824.8761478644
3558112.0635874397
3558399.2742087706
3558686.508013735
3558973.76500419
3559261.045182015
3559548.3485490875
3559835.6751072663
3560123.0248584296
3560410.397804457
3560697.793947207
3560985.213288558
3561272.655830391
3561560.121574564
3561847.6105229566
3562135.12267745
3562422.658039902
3562710.2166121933
3562997.7983962055
3563285.4033937966
3563573.0316068484
3563860.683037242
3564148.3576868367
3564436.0555575145
3564723.7766511566
3565011.5209696232
3565299.288514796
3565587.0792885576
3565874.8932927684
3566162.7305293106
3566450.591000067
3566738.4747068984
3567026.3816516874
3567314.3118363176
3567602.2652626503
3567890.241932568
3568178.241847948
3568466.2650106736
3568754.3114226065
3569042.3810856384
3569330.474001631
3569618.590172469
3569906.729600029
3570194.8922861964
3570483.0782328336
3570771.287441825
3571059.5199150564
3571347.775654391
3571636.054661714
3571924.35693891
3572212.6824878445
3572501.031310402
3572789.4034084687
3573077.798783909
3573366.2174386093
3573654.6593744555
3573943.1245933124
3574231.613097067
3574520.124887606
3574808.6599667943
3575097.2183365193
3575385.7999986685
3575674.4049551073
3575963.0332077225
3576251.6847584033
3576540.359609015
3576829.057761445
3577117.7792175827
3577406.523979294
3577695.2920484673
3577984.083426992
3578272.898116734
3578561.736119583
3578850.597437428
3579139.482072136
3579428.3900255966
3579717.3212997
3580006.275896313
3580295.253817327
3580584.2550646304
3580873.2796400925
3581162.327545603
3581451.398783053
3581740.4933543107
3582029.6112612677
3582318.7525058067
3582607.91708982
3582897.1050151754
3583186.3162837727
3583475.5508974814
3583764.8088581935
3584054.0901677925
3584343.3948281715
3584632.7228412004
3584922.0742087713
3585211.448932777
3585500.8470150884
3585790.2684575976
3586079.713262198
3586369.181430761
3586658.672965179
3586948.1878673467
3587237.7261391343
3587527.2877824367
3587816.872799147
3588106.4811911373
3588396.1129603027
3588685.768108536
3588975.446637711
3589265.148549722
3589554.8738464634
3589844.6225298084
3590134.394601652
3590424.1900638896
3590714.008918395
3591003.8511670628
3591293.716811789
3591583.6058544484
3591873.5182969356
3592163.454141148
3592453.413388959
3592743.396042266
3593033.4021029645
3593323.43157293
3593613.4844540595
3593903.5607482498
3594193.660457376
3594483.7835833356
3594773.9301280268
3595064.100093324
3595354.293481126
3595644.510293331
3595934.750531814
3596225.0141984746
3596515.301295203
3596805.6118238983
3597095.945786437
3597386.3031847253
3597676.6840206403
3597967.088296082
3598257.516012941
3598547.967173118
3598838.4417784903
3599128.939830965
3599419.46133242
3599710.006284755
3600000.574689864
3600291.166549647
3600581.781865983
3600872.4206407717
3601163.0828759144
3601453.7685732907
3601744.4777348014
3602035.210362348
3602325.9664578093
3602616.7460230878
3602907.5490600853
3603198.3755706814
3603489.2255567783
3603780.0990202785
3604070.995963062
3604361.916387032
3604652.8602940906
3604943.827686119
3605234.8185650203
3605525.8329326976
3605816.870791032
3606107.9321419275
3606399.0169872874
3606690.1253289934
3606981.25716895
3607272.412509061
3607563.5913512083
3607854.7936972966
3608146.019549231
3608437.268908893
3608728.541778189
3609019.838159023
3609311.158053278
3609602.5014628605
3609893.8683896745
3610185.258835605
3610476.672802557
3610768.1102924366
3611059.571307128
3611351.055848537
3611642.563918571
3611934.0955191134
3612225.650652072
3612517.229319345
3612808.831522841
3613100.4572644443
3613392.10654607
3613683.779369603
3613975.475736951
3614267.1956500146
3614558.939110702
3614850.706120899
3615142.496682514
3615434.3107974553
3615726.148467609
3616018.009694885
3616309.8944811914
3616601.8028284153
3616893.7347384654
3617185.690213252
3617477.669254662
3617769.671864605
3618061.6980449907
3618353.747797707
3618645.821124665
3618937.9180277735
3619230.038508922
3619522.18257002
3619814.350212979
3620106.541439688
3620398.7562520574
3620690.994651999
3620983.256641401
3621275.542222176
3621567.8513962356
3621860.184165469
3622152.5405317885
3622444.920497106
3622737.3240633113
3623029.751232318
3623322.202006038
3623614.6763863615
3623907.174375202
3624199.6959744724
3624492.2411860637
3624784.8100118893
3625077.4024538626
3625370.0185138755
3625662.6581938416
3625955.3214956746
3626248.008421267
3626540.718972533
3626833.4531513792
3627126.210959721
3627418.99239945
3627711.797472489
3628004.626180731
3628297.4785260917
3628590.354510478
3628883.2541358066
3629176.1774039697
3629469.124316884
3629762.0948764654
3630055.0890846075
3630348.1069432274
3630641.1484542405
3630934.2136195423
3631227.302441049
3631520.4149206774
3631813.551060322
3632106.7108619013
3632399.8943273323
3632693.1014585095
3632986.332257351
3633279.586725775
3633572.864865677
3633866.1666789753
3634159.4921675883
3634452.841333412
3634746.214178365
3635039.6107043666
3635333.030913313
3635626.4748071237
3635919.9423877173
3636213.4336569915
3636506.948616866
3636800.48726926
3637094.0496160714
3637387.63565922
3637681.2454006267
3637974.878842189
3638268.535985827
3638562.2168334625
3638855.921386993
3639149.6496483395
3639443.401619424
3639737.177302145
3640030.9766984233
3640324.7998101814
3640618.6466393187
3640912.5171877565
3641206.4114574096
3641500.329450201
3641794.2711680294
3642088.2366128257
3642382.22578649
3642676.2386909453
3642970.2753281067
3643264.335699898
3643558.4198082197
3643852.527654995
3644146.6592421485
3644440.814571581
3644734.993645216
3645029.196464978
3645323.4230327695
3645617.673350514
3645911.947420136
3646206.2452435386
3646500.566822646
3646794.9121593838
3647089.2812556545
3647383.674113383
3647678.0907344953
3647972.5311208945
3648266.9952745065
3648561.4831972574
3648855.9948910503
3649150.530357812
3649445.089599469
3649739.672617925
3650034.2794151073
3650328.909992942
3650623.5643533343
3650918.2424982116
3651212.9444295005
3651507.670149107
3651802.419658958
3652097.1929609817
3652391.990057084
3652686.810949192
3652981.655639235
3653276.5241291183
3653571.416420771
3653866.3325161217
3654161.272417077
3654456.2361255656
3654751.2236435167
3655046.234972838
3655341.270115458
3655636.329073307
3655931.4118482927
3656226.5184423444
3656521.648857393
3656816.8030953454
3657111.9811581327
3657407.183047678
3657702.4087659116
3657997.6583147426
3658292.93169611
3658588.2289119214
3658883.5499641085
3659178.894854596
3659474.263585315
3659769.6561581753
3660065.072575109
3660360.512838048
3660655.976948902
3660951.464909604
3661246.976722086
3661542.5123882587
3661838.0719100554
3662133.6552894083
3662429.262528229
3662724.893628451
3663020.5485920073
3663316.2274208097
3663611.9301167917
3663907.6566818873
3664203.4071180085
3664499.18142709
3664794.9796110652
3665090.8016718472
3665386.647611371
3665682.5174315707
3665978.41113436
3666274.328721673
3666570.2701954464
3666866.2355575925
3667162.224810047
3667458.2379547465
3667754.274993604
3668050.335928556
3668346.4207615387
3668642.5294944663
3668938.6621292755
3669234.8186679035
3669530.999112264
3669827.203464295
3670123.4317259328
3670419.6838990934
3670715.9599857144
3671012.259987733
3671308.5839070645
3671604.931745648
3671901.3035054132
3672197.699188299
3672494.118796222
3672790.5623311275
3673087.0297949323
3673383.521189575
3673680.036516988
3673976.5757791107
3674273.1389778596
3674569.7261151746
3674866.3371929955
3675162.9722132394
3675459.631177847
3675756.314088758
3676053.0209478913
3676349.7517571864
3676646.5065185847
3676943.2852340043
3677240.0879053865
3677536.9145346726
3677833.7651237813
3678130.639674654
3678427.538189233
3678724.4606694365
3679021.4071172075
3679318.377534488
3679615.371923198
3679912.390285279
3680209.432622675
3680506.498937305
3680803.5892311125
3681100.703506041
3681397.8417640105
3681695.004006965
3681992.190236848
3682289.40045558
3682586.634665106
3682883.8928673696
3683181.175064292
3683478.4812578177
3683775.811449892
3684073.165642436
3684370.5438373955
3684667.9460367146
3684965.3722423166
3685262.822456146
3685560.296680149
3685857.794916249
3686155.3171663904
3686452.863432513
3686750.433716562
3687048.028020461
3687345.646346165
3687643.288695597
3687940.955070704
3688238.6454734253
3688536.359905708
3688834.098369477
3689131.8608666793
3689429.647399262
3689727.4579691514
3690025.292578294
3690323.1512286384
3690621.03392211
3690918.940660658
3691216.871446229
3691514.8262807503
3691812.8051661705
3692110.8081044387
3692408.8350974806
3692706.886147246
3693004.9612556845
3693303.0604247227
3693601.18365631
3693899.3309523975
3694197.502314911
3694495.697745802
3694793.9172470197
3695092.1608204925
3695390.4284681715
3695688.720192007
3695987.035993927
3696285.3758758837
3696583.7398398276
3696882.127887687
3697180.540021415
3697478.9762429623
3697777.436554258
3698075.920957255
3698374.429453905
3698672.962046138
3698971.518735906
3699270.099525162
3699568.704415837
3699867.3334098826
3700165.986509253
3700464.663715878
3700763.365031712
3701062.0904587083
3701360.8399987984
3701659.6136539355
3701958.411426074
3702257.2333171456
3702556.079329105
3702854.9494638992
3703153.8437234825
3703452.762109787
3703751.7046247763
3704050.671270382
3704349.66204856
3704648.676961258
3704947.716010432
3705246.779198015
3705545.866525963
3705844.977996232
3706144.1136107557
3706443.2733714906
3706742.4572803937
3707041.665339399
3707340.897550463
3707640.1539155436
3707939.4344365746
3708238.739115514
3708538.0679543186
3708837.420954924
3709136.7981192884
3709436.1994493697
3709735.624947103
3710035.074614447
3710334.5484533603
3710634.0464657787
3710933.5686536613
3711233.1150189666
3711532.685563632
3711832.2802896155
3712131.8991988776
3712431.5422933553
3712731.2095750077
3713030.901045795
3713330.616707655
3713630.356562548
3713930.1206124336
3714229.90885925
3714529.7213049587
3714829.5579515197
3715129.418800872
3715429.3038549763
3715729.213115794
3716029.1465852647
3716329.104265349
3716629.0861580092
3716929.092265185
3717229.122588838
3717529.177130923
3717829.255893403
3718129.3588782176
3718429.486087337
3718729.6375227016
3719029.813186275
3719330.0130800116
3719630.237205876
3719930.4855658086
3720230.7581617734
3720531.0549957342
3720831.3760696324
3721131.7213854315
3721432.090945097
3721732.4847505703
3722032.9028038154
3722333.345106798
3722633.811661461
3722934.3024697676
3723234.817533685
3723535.3568551545
3723835.920436143
3724136.508278616
3724437.1203845157
3724737.7567558093
3725038.417394463
3725339.10230242
3725639.8114816477
3725940.5449341116
3726241.302661757
3726542.0846665506
3726842.8909504595
3727143.7215154287
3727444.5763634252
3727745.4554964174
3728046.3589163497
3728347.2866251906
3728648.238624908
3728949.214917448
3729250.2155047785
3729551.2403888684
3729852.289571664
3730153.3630551333
3730454.460841247
3730755.58293195
3731056.729329213
3731357.9000350055
3731659.0950512737
3731960.3143799882
3732261.558023111
3732562.825982613
3732864.1182604413
3733165.4348585745
3733466.77577896
3733768.141023569
3734069.5305943647
3734370.944493319
3734672.3827223796
3734973.845283519
3735275.3321787077
3735576.8434098954
3735878.3789790543
3736179.9388881563
3736481.523139151
3736783.1317340108
3737084.7646747082
3737386.4219631935
3737688.1036014394
3737989.809591419
3738291.5399350827
3738593.2946344046
3738895.0736913574
3739196.8771078927
3739498.704885984
3739800.5570276054
3740102.4335347083
3740404.3344092676
3740706.259653257
3741008.209268629
3741310.1832573586
3741612.1816214207
3741914.204362767
3742216.2514833733
3742518.322985215
3742820.4188702456
3743122.53914044
3743424.683797775
3743726.852844203
3744029.046281701
3744331.264112245
3744633.5063377894
3744935.77296031
3745238.0639817845
3745540.379404167
3745842.719229435
3746145.0834595654
3746447.4720965135
3746749.8851422565
3747052.3225987647
3747354.784468016
3747657.2707519666
3747959.7814526022
3748262.316571878
3748564.876111773
3748867.460074258
3749170.068461313
3749472.7012748932
3749775.3585169786
3750078.0401895484
3750380.7462945594
3750683.4768339917
3750986.231809825
3751289.011224017
3751591.815078547
3751894.6433753967
3752197.4961165227
3752500.3733039065
3752803.274939529
3753106.2010253477
3753409.1515633445
3753712.126555501
3754015.1260037753
3754318.149910149
3754621.198276605
3754924.2711051013
3755227.368397621
3755530.4901561458
3755833.6363826357
3756136.807079073
3756440.002247441
3756743.2218897
3757046.4660078324
3757349.734603822
3757653.0276796296
3757956.3452372383
3758259.687278632
3758563.053805772
3758866.444820643
3759169.860325228
3759473.300321489
3759776.764811411
3760080.253796979
3760383.767280154
3760687.3052629214
3760990.8677472672
3761294.4547351534
3761598.066228565
3761901.7022294886
3762205.3627398866
3762509.0477617458
3762812.757297051
3763116.4913477674
3763420.24991588
3763724.033003369
3764027.84061222
3764331.6727443985
3764635.5294018984
3764939.410586684
3765243.3163007433
3765547.246546056
3765851.20132461
3766155.1806383706
3766459.184489325
3766763.212879463
3767067.2658107486
3767371.3432851713
3767675.4453047197
3767979.5718713594
3768283.72298708
3768587.898653871
3768892.0988736977
3769196.3236485505
3769500.5729804193
3769804.8468712703
3770109.1453230944
3770413.4683378814
3770717.8159175985
3771022.1880642367
3771326.5847797864
3771631.006066215
3771935.4519255147
3772239.922359676
3772544.417370667
3772848.9369604797
3773153.4811311057
3773458.0498845135
3773762.643222695
3774067.2611476434
3774371.9036613265
3774676.570765738
3774981.2624628698
3775285.9787546922
3775590.7196431975
3775895.4851303794
3776200.275218208
3776505.0899086767
3776809.929203779
3777114.7931054854
3777419.6816157904
3777724.5947366883
3778029.532470149
3778334.494818168
3778639.4817827325
3778944.4933658363
3779249.529569451
3779554.590395581
3779859.6758461967
3780164.7859232943
3780469.9206288615
3780775.079964894
3781080.263933365
3781385.4725362696
3781690.7057756046
3781995.9636533433
3782301.246171482
3782606.5533320173
3782911.885136923
3783217.2415881963
3783522.6226878343
3783828.028437811
3784133.4588401243
3784438.913896771
3784744.393609727
3785049.897980989
3785355.427012556
3785660.980706403
3785966.559064528
3786272.16208893
3786577.789781585
3786883.4421444912
3787189.119179648
3787494.8208890315
3787800.547274641
3788106.2983384766
3788412.0740825143
3788717.8745087544
3789023.6996191964
3789329.549415818
3789635.423900619
3789941.323075601
3790247.2469427404
3790553.195504038
3790859.168761496
3791165.1667170916
3791471.1893728264
3791777.2367307018
3792083.308792696
3792389.4055608115
3792695.5270370496
3793001.6732233902
3793307.8441218347
3793614.0397343785
3793920.260063024
3794226.5051097507
3794532.7748765694
3794839.06936546
3795145.388578426
3795451.732517463
3795758.1011845744
3796064.4945817413
3796370.9127109675
3796677.3555742567
3796983.82317359
3797290.3155109724
3797596.8325884077
3797903.374407878
3798209.9409713885
3798516.5322809434
3798823.148338525
3799129.7891461393
3799436.4547057915
3799743.1450194637
3800049.8600891624
3800356.599916893
3800663.364504639
3800970.153854407
3801276.9679682027
3801583.8068480105
3801890.670495836
3802197.5589136877
3802504.4721035487
3802811.410067426
3803118.372807328
3803425.3603252387
3803732.372623166
3804039.409703118
3804346.471567079
3804653.558217058
3804960.6696550627
3805267.8058830793
3805574.9669031166
3805882.152717183
3806189.363327265
3806496.598735371
3806803.8589435113
3807111.1439536717
3807418.453767862
3807725.788388093
3808033.1478163507
3808340.532054645
3808647.941104987
3808955.374969364
3809262.8336497867
3809570.317148266
3809877.8254667893
3810185.358607368
3810492.9165720064
3810800.499362715
3811108.1069814833
3811415.7394303298
3811723.3967112442
3812031.0788262384
3812338.785777317
3812646.5175664923
3812954.274195754
3813262.055667115
3813569.8619825877
3813877.693144163
3814185.549153853
3814493.430013673
3814801.3357256115
3815109.266291683
3815417.2217139024
3815725.201994259
3816033.2071347684
3816341.237137444
3816649.292004278
3816957.3717372846
3817265.4763384797
3817573.605809854
3817881.760153423
3818189.9393712026
3818498.143465185
3818806.3724373863
3819114.6262898217
3819422.9050244843
3819731.20864339
3820039.537148556
3820347.890541975
3820656.268825664
3820964.6720016403
3821273.100071897
3821581.553038451
3821890.0309033208
3822198.5336685
3822507.061336006
3822815.6139078573
3823124.1913860487
3823432.793772598
3823741.421069524
3824050.073278821
3824358.750402509
3824667.4524426055
3824976.179401107
3825284.931280033
3825593.7080813944
3825902.5098072113
3826211.3364594798
3826520.188040227
3826829.0645514503
3827137.9659951692
3827446.892373397
3827755.8436881537
3828064.8199414364
3828373.8211352667
3828682.847271665
3828991.8983526295
3829300.9743801807
3829610.075356341
3829919.201283108
3830228.352162504
3830537.527996551
3830846.728787247
3831155.954536615
3831465.205246677
3831774.480919433
3832083.781556905
3832393.1071611163
3832702.457734066
3833011.8332777787
3833321.2337942766
3833630.6592855607
3833940.109753654
3834249.5852005812
3834559.0856283423
3834868.6110389624
3835178.161434465
3835487.7368168514
3835797.337188147
3836106.9625503765
3836416.612905541
3836726.2882556664
3837035.988602778
3837345.713948877
3837655.4642959908
3837965.2396461437
3838275.0400013393
3838584.8653636035
3838894.7157349624
3839204.59111742
3839514.4915130017
3839824.4169237353
3840134.3673516246
3840444.342798696
3840754.3432669695
3841064.3687584726
3841374.4192752093
3841684.4948192155
3841994.595392496
3842304.7209970783
3842614.8716349835
3842925.04730824
3843235.248018853
3843545.4737688513
3843855.7245602636
3844166.000395096
3844476.3012753776
3844786.627203138
3845096.978180384
3845407.354209144
3845717.7552914494
3846028.1814293056
3846338.632624744
3846649.1088797944
3846959.610196464
3847270.136576785
3847580.688022786
3847891.2645364758
3848201.866119886
3848512.4927750477
3848823.1445039692
3849133.8213086817
3849444.523191218
3849755.2501535863
3850066.002197819
3850376.779325948
3850687.581539983
3850998.408841957
3851309.261233902
3851620.1387178283
3851931.041295769
3852241.9689697577
3852552.921741804
3852863.8996139425
3853174.902588206
3853485.930666606
3853796.9838511758
3854108.0621439507
3854419.1655469416
3854730.294062183
3855041.4476917097
3855352.6264375336
3855663.8303016894
3855975.059286205
3856286.3133931165
3856597.592624435
3856908.896982205
3857220.2264684387
3857531.5810851725
3857842.9608344347
3858154.365718262
3858465.7957386672
3858777.250897696
3859088.731197361
3859400.2366396994
3859711.767226741
3860023.3229605234
3860334.9038430606
3860646.5098763905
3860958.141062551
3861269.797403557
3861581.478901447
3861893.1855582586
3862204.917376008
3862516.6743567334
3862828.456502474
3863140.263815245
3863452.0962970867
3863763.9539500377
3864075.8367761145
3864387.7447773567
3864699.677955805
3865011.6363134747
3865323.6198524074
3865635.628574643
3865947.6624821983
3866259.7215771144
3866571.8058614326
3866883.91533717
3867196.0500063687
3867508.209871069
3867820.3949332894
3868132.605195072
3868444.840658459
3868757.101325468
3869069.3871981422
3869381.698278524
3869694.0345686316
3870006.3960705083
3870318.7827861975
3870631.1947177183
3870943.631867114
3871256.094236428
3871568.58182768
3871881.094642915
3872193.6326841754
3872506.1959534828
3872818.7844528807
3873131.398184406
3873444.037150104
3873756.701351995
3874069.390792132
3874382.1054725363
3874694.8453952535
3875007.6105623213
3875320.4009757848
3875633.2166376663
3875946.057550012
3876258.9237148683
3876571.8151342566
3876884.7318102242
3877197.6737448177
3877510.64094006
3877823.633397998
3878136.651120679
3878449.6941101262
3878762.7623683875
3879075.8558975104
3879388.9746995186
3879702.11877646
3880015.2881303835
3880328.4827633128
3880641.702677297
3880954.947874384
3881268.218356599
3881581.5141259916
3881894.83518461
3882208.1815344803
3882521.5531776515
3882834.950116174
3883148.3723520725
3883461.819887398
3883775.2927242
3884088.7908645053
3884402.314310364
3884715.863063827
3885029.4371269215
3885343.036501698
3885656.661190208
3885970.311194478
3886283.9865165604
3886597.687158507
3886911.4131223443
3887225.164410126
3887538.9410239025
3887852.742965704
3888166.570237581
3888480.4228415797
3888794.300779752
3889108.2040541274
3889422.132666767
3889736.0866197
3890050.065914979
3890364.0705546513
3890678.1005407693
3890992.155875364
3891306.2365604886
3891620.342598198
3891934.4739905223
3892248.6307395166
3892562.8128472352
3892877.0203157095
3893191.253146994
3893505.511343145
3893819.7949061925
3894134.103838193
3894448.4381412026
3894762.7978172526
3895077.1828683997
3895391.593296699
3895706.029104185
3896020.4902929123
3896334.9768649386
3896649.4888222967
3896964.0261670435
3897278.5889012367
3897593.1770269093
3897907.790546119
3898222.429460924
3898537.093773358
3898851.7834854787
3899166.498599345
3899481.2391169905
3899796.0050404747
3900110.796371856
3900425.6131131686
3900740.4552664724
3901055.3228338268
3901370.215817267
3901685.134218852
3902000.0780406427
3902315.047284674
3902630.0419530063
3902945.0620477
3903260.107570791
3903575.178524341
3903890.2749104016
3904205.3967310344
3904520.5439882763
3904835.716684196
3905150.9148208317
3905466.1384002445
3905781.3874244886
3906096.6618956253
3906411.961815693
3906727.287186754
3907042.6380108707
3907358.0142900813
3907673.416026449
3907988.8432220365
3908304.2958788825
3908619.773999051
3908935.277584605
3909250.806637584
3909566.361160052
3909881.9411540725
3910197.546621686
3910513.177564956
3910828.8339859475
3911144.515886701
3911460.2232692814
3911775.956135753
3912091.7144881575
3912407.49832856
3912723.3076590253
3913039.1424815957
3913355.0027983366
3913670.888611314
3913986.799922569
3914302.7367341695
3914618.699048181
3914934.6868666457
3915250.700191631
3915566.7390252035
3915882.8033694066
3916198.8932263064
3916515.008597972
3916831.1494864454
3917147.315893795
3917463.5078220884
3917779.7252733703
3918095.9682497084
3918412.236753171
3918728.5307858028
3919044.8503496726
3919361.1954468493
3919677.5660793777
3919993.962249327
3920310.383958767
3920626.831209743
3920943.3040043246
3921259.8023445737
3921576.3262325604
3921892.875670331
3922209.450659964
3922526.0512035056
3922842.6773030264
3923159.3289605896
3923476.0061782664
3923792.708958104
3924109.437302173
3924426.191212546
3924742.97069127
3925059.775740417
3925376.6063620597
3925693.4625582453
3926010.3443310466
3926327.2516825367
3926644.184614763
3926961.1431297995
3927278.127229719
3927595.136916571
3927912.172192428
3928229.233059364
3928546.3195194285
3928863.431574696
3929180.56922724
3929497.7324791113
3929814.9213323835
3930132.1357891313
3930449.375851406
3930766.6415212816
3931083.932800834
3931401.249692114
3931718.592197197
3932035.960318159
3932353.3540570503
3932670.7734159483
3932988.2183969286
3933305.689002043
3933623.1852333685
3933940.7070929813
3934258.254582934
3934575.8277053037
3934893.4264621674
3935211.050855578
3935528.7008876135
3935846.376560351
3936164.077875844
3936481.8048361717
3936799.5574434022
3937117.335699615
3937435.139606864
3937752.9691672367
3938070.824382786
3938388.7052555927
3938706.6117877266
3939024.543981267
3939342.50183827
3939660.4853608147
3939978.4945509806
3940296.5294108237
3940614.5899424246
3940932.6761478633
3941250.7880291957
3941568.9255885025
3941887.0888278647
3942205.277749339
3942523.492355007
3942841.732646949
3943159.998627223
3943478.2902979106
3943796.6076610936
3944114.950718829
3944433.3194732
3944751.7139262883
3945070.134080152
3945388.579936874
3945707.0514985374
3946025.5487672007
3946344.071744947
3946662.6204338595
3946981.1948359977
3947299.794953445
3947618.420788286
3947937.072342579
3948255.7496184087
3948574.4526178604
3948893.1813429934
3949211.9357958925
3949530.7159786425
3949849.5218933043
3950168.353541963
3950487.210926704
3950806.0940495883
3951125.002912702
3951443.9375181305
3951762.897867936
3952081.883964204
3952400.895809014
3952719.933404451
3953038.996752578
3953358.08585549
3953677.20071525
3953996.341333945
3954315.5077136536
3954634.6998564643
3954953.91776444
3955273.1614396693
3955592.4308842393
3955911.726100214
3956231.047089682
3956550.3938547317
3956869.7663974282
3957189.164719859
3957508.5888241148
3957828.038712259
3958147.514386382
3958467.0158485724
3958786.5431008968
3959106.096145444
3959425.6749843047
3959745.2796195443
3960064.910053254
3960384.5662875236
3960704.24832442
3961023.956166033
3961343.6898144553
3961663.449271753
3961983.2345400173
3962303.0456213397
3962622.8825177886
3962942.7452314547
3963262.6337644304
3963582.5481187846
3963902.488296608
3964222.4542999947
3964542.446131012
3964862.4637917536
3965182.5072843125
3965502.576610757
3965822.6717731813
3966142.7927736784
3966462.939614318
3966783.112297194
3967103.3108244003
3967423.5351980072
3967743.785420109
3968064.0614928002
3968384.363418151
3968704.6911982573
3969025.044835213
3969345.4243310895
3969665.8296879823
3969986.260907979
3970306.7179931756
3970627.200945643
3970947.709767486
3971268.244460776
3971588.80502761
3971909.3914700765
3972230.0037902724
3972550.6419902695
3972871.3060721657
3973191.9960380583
3973512.71189002
3973833.4536301484
3974154.221260542
3974475.014783274
3974795.8342004423
3975116.6795141455
3975437.5507264575
3975758.447839477
3976079.3708553035
3976400.3197760107
3976721.294603698
3977042.2953404654
3977363.321988387
3977684.3745495635
3978005.4530260935
3978326.557420054
3978647.6877335445
3978968.8439686648
3979290.026127492
3979611.2342121266
3979932.4682246693
3980253.7281671963
3980575.0140418094
3980896.3258506097
3981217.6635956746
3981539.0272791055
3981860.4169030045
3982181.832469449
3982503.2739805416
3982824.741438384
3983146.2348450553
3983467.7542026574
3983789.299513294
3984110.8707790426
3984432.4680020073
3984754.0911842915
3985075.7403279743
3985397.415435159
3985719.116507942
3986040.8435484264
3986362.5965586933
3986684.3755408544
3987006.18049699
3987328.011429205
3987649.868339597
3987971.751230269
3988293.660103304
3988615.594960806
3988937.5558048813
3989259.5426376113
3989581.5554611017
3989903.5942774587
3990225.659088764
3990547.7498971242
3990869.866704646
3991192.009513411
3991514.178325528
3991836.373143102
3992158.5939682173
3992480.8408029806
3992803.1136495
3993125.4125098586
3993447.7373861647
3993770.0882805265
3994092.465195027
3994414.868131776
3994737.297092881
3995059.752080427
3995382.2330965227
3995704.7401432777
3996027.2732227766
3996349.832337129
3996672.4174884446
3996995.0286788084
3997317.665910331
3997640.3291851226
3997963.0185052687
3998285.7338728798
3998608.475290067
3998931.242758916
3999254.036281539
3999576.8558600466
3999899.701496525
4000222.5731930872
4000545.470951844
4000868.3947748826
4001191.3446643157
4001514.320622247
4001837.3226507893
4002160.3507520305
4002483.404928091
4002806.48518106
4003129.5915130503
4003452.7239261665
4003775.882422523
4004099.0670042085
4004422.277673336
4004745.514432021
4005068.7772823516
4005392.0662264433
4005715.3812664095
4006038.7224043407
4006362.0896423524
4006685.4829825587
4007008.9024270503
4007332.347977943
4007655.819637351
4007979.3174073673
4008302.841290107
4008626.3912876854
4008949.967402195
4009273.5696357517
4009597.197990472
4009920.852468448
4010244.533071797
4010568.2398026357
4010891.9726630566
4011215.731655177
4011539.516781115
4011863.328042963
4012187.1654428397
4012511.028982863
4012834.9186651255
4013158.8344917465
4013482.7764648446
4013806.744586514
4014130.738858873
4014454.7592840414
4014778.8058641134
4015102.8786012083
4015426.9774974464
4015751.102554922
4016075.253775756
4016399.431162067
4016723.6347159524
4017047.8644395317
4017372.1203349177
4017696.4024042306
4018020.710649567
4018345.0450730566
4018669.405676796
4018993.7924629063
4019318.205433501
4019642.6445907024
4019967.1099366075
4020291.6014733384
4020616.1192030176
4020940.6631277427
4021265.233249637
4021589.8295708224
4021914.452093398
4022239.100819487
4022563.7757512126
4022888.4768906734
4023213.2042399934
4023537.9578012964
4023862.7375766817
4024187.543568274
4024512.375778197
4024837.2342085512
4025162.1188614606
4025487.029739051
4025811.9668434225
4026136.9301766995
4026461.919741009
4026786.9355384507
4027111.9775711503
4027437.0458412347
4027762.1403508047
4028087.2611019863
4028412.4080969067
4028737.5813376675
4029062.7808263954
4029388.006565217
4029713.2585562356
4030038.536801578
4030363.8413033714
4030689.1720637195
4031014.5290847495
4031339.9123685895
4031665.321917343
4031990.7577331387
4032316.219818105
4032641.708174345
4032967.222803989
4033292.7637091647
4033618.3308919775
4033943.9243545565
4034269.5440990306
4034595.190127506
4034920.8624421116
4035246.5610449696
4035572.2859382103
4035898.037123939
4036223.814604295
4036549.618381384
4036875.448457337
4037201.3048342764
4037527.1875143345
4037853.096499617
4038179.0317922565
4038504.9933943837
4038830.9813081063
4039156.9955355567
4039483.0360788666
4039809.102940144
4040135.1961215218
4040461.315625132
4040787.461453084
4041113.63360751
4041439.8320905436
4041766.056904294
4042092.308050894
4042418.585532478
4042744.889351155
4043071.21950906
4043397.576008326
4043723.9588510636
4044050.3680394073
4044376.8035754925
4044703.2654614286
4045029.753699351
4045356.2682913956
4045682.809239673
4046009.3765463186
4046335.9702134687
4046662.590243234
4046989.2366377516
4047315.9093991574
4047642.608529563
4047969.334031106
4048296.0859059226
4048622.864156125
4048949.668783851
4049276.499791238
4049603.357180399
4049930.240953471
4050257.151112593
4050584.0876598773
4050911.050597463
4051238.03992748
4051565.055652067
4051892.097773338
4052219.1662934404
4052546.2612144887
4052873.382538622
4053200.5302679716
4053527.7044046773
4053854.904950854
4054182.1319086417
4054509.3852801807
4054836.665067587
4055163.9712730004
4055491.303898562
4055818.662946388
4056146.0484186197
4056473.460317398
4056800.898644839
4057128.363403085
4057455.8545942777
4057783.3722205344
4058110.9162839963
4058438.486786807
4058766.0837310827
4059093.707118967
4059421.3569526025
4059749.033234108
4060076.735965625
4060404.465149298
4060732.220787246
4061060.002881611
4061387.8114345386
4061715.6464481475
4062043.5079245814
4062371.395865985
4062699.310274478
4063027.2511522053
4063355.2185013113
4063683.2123239166
4064011.232622166
4064339.279398205
4064667.352654155
4064995.452392161
4065323.578614369
4065651.7313229004
4065979.9105199017
4066308.1162075186
4066636.3483878737
4066964.6070631132
4067292.892235376
4067621.203906809
4067949.542079535
4068277.9067557096
4068606.2979374556
4068934.7156269206
4069263.159826244
4069591.630537575
4069920.1277630366
4070248.6515047774
4070577.2017649454
4070905.778545665
4071234.381849086
4071563.0116773564
4071891.668032601
4072220.35091697
4072549.0603326126
4072877.7962816535
4073206.5587662435
4073535.3477885327
4073864.163350646
4074193.005454735
4074521.874102949
4074850.769297416
4075179.6910402854
4075508.639333709
4075837.614179814
4076166.615580751
4076495.643538673
4076824.698055706
4077153.7791340025
4077482.886775715
4077812.020982971
4078141.1817579227
4078470.369102724
4078799.583019502
4079128.8235104107
4079458.090577603
4079787.384223207
4080116.7044493775
4080446.051258268
4080775.4246520074
4081104.82463275
4081434.2512026504
4081763.704363838
4082093.1841184674
4082422.6904686945
4082752.2234166483
4083081.7829644848
4083411.3691143594
4083740.981868402
4084070.6212287694
4084400.2871976173
4084729.9797770767
4085059.698969304
4085389.4447764475
4085719.217200664
4086049.0162440846
4086378.8419088754
4086708.6941971686
4087038.5731111215
4087368.478652883
4087698.4108246113
4088028.3696284387
4088358.355066524
4088688.3671410247
4089018.405854075
4089348.471207833
4089678.5632044575
4090008.6818460827
4090338.827134867
4090668.999072971
4090999.197662528
4091329.422905698
4091659.674804641
4091989.9533614917
4092320.2585784104
4092650.5904575577
4092980.9490010682
4093311.3342111036
4093641.7460898245
4093972.184639367
4094302.6498618913
4094633.14175956
4094963.6603345093
4095294.205588901
4095624.7775248964
4095955.376144633
4096286.001450273
4096616.6534439796
4096947.332127889
4097278.037504165
4097608.76957497
4097939.528342442
4098270.313808745
4098601.1259760414
4098931.9648464713
4099262.830422197
4099593.7227053833
4099924.6416981695
4100255.5874027195
4100586.5598211978
4100917.5589557444
4101248.5848085238
4101579.6373816933
4101910.716677417
4102241.8226978364
4102572.9554451252
4102904.1149214236
4103235.3011288974
4103566.5140697053
4103897.753746012
4104229.0201599607
4104560.313313717
4104891.633209448
4105222.979849295
4105554.3532354264
4105885.753370008
4106217.180255183
4106548.633893119
4106880.114285984
4107211.6214359207
4107543.1553450976
4107874.7160156826
4108206.3034498193
4108537.9176496766
4108869.5586174233
4109201.226355203
4109532.9208651856
4109864.64214954
4110196.3902104115
4110528.1650499688
4110859.9666703823
4111191.7950737975
4111523.6502623837
4111855.532238312
4112187.441003728
4112519.376560802
4112851.3389117057
4113183.3280585846
4113515.3440036103
4113847.386748954
4114179.4562967634
4114511.5526492083
4114843.675808463
4115175.825776673
4115508.002556011
4115840.20614865
4116172.4365567374
4116504.693782446
4116836.977827949
4117169.288695395
4117501.6263869563
4117833.990904799
4118166.3822510974
4118498.800427999
4118831.2454376873
4119163.717282311
4119496.215964045
4119828.741485055
4120161.293847516
4120493.8730535787
4120826.4791054176
4121159.112005208
4121491.7717551
4121824.4583572703
4122157.1718138945
4122489.9121271227
4122822.679299132
4123155.4733320987
4123488.294228174
4123821.1419895347
4124154.0166183575
4124486.9181167954
4124819.8464870243
4125152.801731223
4125485.783851543
4125818.7928501624
4126151.82872926
4126484.891490987
4126817.9811375234
4127151.0976710473
4127484.2410937124
4127817.4114076965
4128150.60861518
4128483.8327183165
4128817.083719285
4129150.361620266
4129483.666423413
4129816.9981309064
4130150.3567449264
4130483.742267628
4130817.154701192
4131150.594047799
4131484.060309604
4131817.553488788
4132151.073587533
4132484.6206079945
4132818.194552354
4133151.795422794
4133485.42322147
4133819.0779505647
4134152.759612252
4134486.4682087144
4134820.203742109
4135153.966214626
4135487.755628425
4135821.571985688
4136155.41528859
4136489.2855393146
4136823.1827400196
4137157.106892898
4137491.0580001087
4137825.0360638355
4138159.0410862537
4138493.073069549
4138827.1320158797
4139161.2179274317
4139495.3308063895
4139829.470654913
4140163.637475188
4140497.8312693993
4140832.0520397085
4141166.2997883004
4141500.5745173623
4141834.8762290543
4142169.2049255627
4142503.5606090752
4142837.9432817525
4143172.352945782
4143506.78960335
4143841.25325662
4144175.7439077785
4144510.2615590133
4144844.806212487
4145179.3778703883
4145513.9765349044
4145848.6022081994
4146183.254892461
4146517.9345898787
4146852.6413026154
4147187.3750328613
4147522.1357828043
4147856.9235546095
4148191.7383504664
4148526.5801725644
4148861.4490230684
4149196.344904169
4149531.267818056
4149866.217766895
4150201.1947528766
4150536.198778191
4150871.229845005
4151206.2879555095
4151541.3731118953
4151876.4853163296
4152211.624571003
4152546.7908781003
4152881.984239813
4153217.2046583076
4153552.4521357855
4153887.7266744142
4154223.028276386
4154558.356943886
4154893.7126791067
4155229.095484217
4155564.50536141
4155899.942312879
4156235.406340793
4156570.897447346
4156906.4156347318
4157241.9609051202
4157577.5332607054
4157913.1327036824
4158248.7592362203
4158584.4128605146
4158920.0935787605
4159255.801393128
4159591.536305813
4159927.2983190115
4160263.0874348935
4160598.903655655
4160934.7469834937
4161270.61742058
4161606.51496911
4161942.4396312814
4162278.391409266
4162614.37030526
4162950.3763214624
4163286.409460044
4163622.469723203
4163958.557113138
4164294.6716320207
4164630.81328205
4164966.982065425
4165303.1779843178
4165639.4010409275
4165975.651237454
4166311.92857607
4166648.233058975
4166984.5646883696
4167320.9234664273
4167657.3093953477
4167993.7224773318
4168330.1627145535
4168666.630109214
4169003.1246635052
4169339.6463796278
4169676.1952597573
4170012.7713061036
4170349.3745208425
4170686.004906175
4171022.662464295
4171359.347197404
4171696.0591076794
4172032.798197322
4172369.564468535
4172706.357923496
4173043.178564407
4173380.026393471
4173716.9014128656
4174053.803624795
4174390.733031461
4174727.6896350435
4175064.6734377453
4175401.684441771
4175738.7226492986
4176075.788062533
4176412.880683678
4176750.0005149143
4177087.1475584456
4177424.321816477
4177761.5232911888
4178098.7519847862
4178436.007899475
4178773.2910374347
4179110.601400872
4179447.9389919927
4179785.3038129783
4180122.6958660344
4180460.115153368
4180797.5616771607
4181135.035439619
4181472.536442951
4181810.0646893373
4182147.6201809864
4182485.202920106
4182822.8129088776
4183160.4501495105
4183498.1146442126
4183835.8063951666
4184173.5254045813
4184511.271674665
4184849.045207602
4185186.8460056013
4185524.674070863
4185862.5294055976
4186200.4120119885
4186538.3218922545
4186876.2590485797
4187214.223483175
4187552.2151982416
4187890.234195991
4188228.2804786074
4188566.3540483024
4188904.454907287
4189242.5830577463
4189580.738501893
4189918.921241938
4190257.131280068
4190595.368618494
4190933.6332594296
4191271.9252050607
4191610.2444576
4191948.5910192607
4192286.9648922295
4192625.36607872
4192963.7945809453
4193302.2504010927
4193640.733541377
4193979.244004011
4194317.781791184
4194656.346905109
4194994.939348001
4195333.559122049
4195672.206229468
4196010.880672472
4196349.582453251
4196688.31157402
4197027.068036996
4197365.851844366
4197704.662998348
4198043.501501157
4198382.367354984
4198721.2605620455
4199060.181124558
4199399.129044711
4199738.104324723
4200077.10696681
4200416.136973166
4200755.194346005
4201094.279087546
4201433.391199982
4201772.53068553
4202111.697546408
4202450.891784809
4202790.1134029515
4203129.362403054
4203468.638787309
4203807.9425579365
4204147.273717147
4204486.632267159
4204826.018210168
4205165.431548401
4205504.872284052
4205844.340419342
4206183.835956482
4206523.3588976925
4206862.90924517
4207202.487001132
4207542.092167803
4207881.7247473765
4208221.384742074
4208561.072154117
4208900.786985702
4209240.52923905
4209580.298916385
4209920.096019901
4210259.9205518225
4210599.77251437
4210939.6519097425
4211279.558740162
4211619.493007852
4211959.45471501
4212299.4438638585
4212639.460456623
4212979.504495501
4213319.575982715
4213659.674920491
4213999.801311027
4214339.955156547
4214680.136459277
4215020.345221416
4215360.581445188
4215700.845132819
4216041.136286509
4216381.454908483
4216721.801000967
4217062.174566161
4217402.575606292
4217743.004123586
4218083.460120244
4218423.943598492
4218764.454560557
4219104.993008641
4219445.55894497
4219786.1523717735
4220126.773291253
4220467.421705633
4220808.097617137
4221148.801027991
4221489.531940398
4221830.290356596
4222171.076278786
4222511.889709199
4222852.730650053
4223193.59910358
4223534.495071982
4223875.418557488
4224216.36956233
4224557.34808871
4224898.35413886
4225239.387715008
4225580.448819361
4225921.537454148
4226262.6536216
4226603.797323924
4226944.968563349
4227286.167342108
4227627.393662405
4227968.647526475
4228309.928936546
4228651.237894827
4228992.574403549
4229333.938464945
4229675.330081222
4230016.749254612
4230358.195987349
4230699.67028164
4231041.172139718
4231382.701563817
4231724.258556145
4232065.843118936
4232407.455254423
4232749.094964816
4233090.7622523485
4233432.457119255
4233774.179567745
4234115.9296000535
4234457.707218416
4234799.512425041
4235141.345222164
4235483.2056120215
4235825.093596824
4236167.009178807
4236508.952360205
4236850.923143232
4237192.921530123
4237534.947523105
4237877.0011244165
4238219.082336268
4238561.191160906
4238903.327600542
4239245.4916574145
4239587.683333751
4239929.90263179
4240272.149553746
4240614.424101855
4240956.726278356
4241299.056085463
4241641.413525414
4241983.798600447
4242326.211312779
4242668.651664646
4243011.11965829
4243353.615295924
4243696.138579788
4244038.6895121215
4244381.268095141
4244723.874331085
4245066.508222196
4245409.169770688
4245751.858978802
4246094.575848781
4246437.320382838
4246780.092583217
4247122.892452159
4247465.71999188
4247808.575204621
4248151.458092626
4248494.368658112
4248837.30690332
4249180.272830496
4249523.266441854
4249866.287739638
4250209.336726093
4250552.413403435
4250895.517773909
4251238.649839758
4251581.809603202
4251924.997066484
4252268.212231848
4252611.455101515
4252954.725677728
4253298.023962732
4253641.349958749
4253984.703668021
4254328.085092796
4254671.494235293
4255014.931097758
4255358.395682437
4255701.887991552
4256045.408027347
4256388.955792063
4256732.531287945
4257076.134517213
4257419.765482127
4257763.424184904
4258107.110627795
4258450.824813036
4258794.566742879
4259138.336419543
4259482.133845278
4259825.959022332
4260169.811952927
4260513.692639314
4260857.60108374
4261201.537288429
4261545.5012556305
4261889.492987595
4262233.512486545
4262577.559754731
4262921.634794405
4263265.737607787
4263609.868197132
4263954.026564689
4264298.212712683
4264642.426643364
4264986.668358985
4265330.93786177
4265675.235153973
4266019.560237844
4266363.913115608
4266708.293789519
4267052.702261829
4267397.138534764
4267741.602610578
4268086.094491522
4268430.6141798245
4268775.161677738
4269119.736987517
4269464.340111388
4269808.971051605
4270153.629810424
4270498.316390069
4270843.030792799
4271187.773020865
4271532.5430764975
4271877.340961951
4272222.166679481
4272567.020231316
4272911.901619712
4273256.8108469155
4273601.747915182
4273946.712826744
4274291.705583863
4274636.726188771
4274981.774643725
4275326.850950971
4275671.955112768
4276017.0871313475
4276362.247008964
4276707.4347478775
4277052.650350319
4277397.893818545
4277743.165154816
4278088.464361361
4278433.791440441
4278779.146394313
4279124.529225212
4279469.939935394
4279815.378527119
4280160.8450026205
4280506.339364158
4280851.861613992
4281197.411754355
4281542.989787507
4281888.595715709
4282234.229541195
4282579.891266225
4282925.58089306
4283271.298423936
4283617.043861113
4283962.817206852
4284308.618463389
4284654.447632985
4285000.304717903
4285346.189720378
4285692.102642673
4286038.04348705
4286384.012255744
4286730.00895102
4287076.03357514
4287422.086130341
4287768.166618886
4288114.27504304
4288460.411405037
4288806.575707145
4289152.767951626
4289498.988140718
4289845.236276686
4290191.512361785
4290537.816398281
4290884.148388412
4291230.508334452
4291576.89623864
4291923.312103242
4292269.755930514
4292616.227722723
4292962.727482108
4293309.255210936
4293655.810911474
4294002.39458596
4294349.006236662
4294695.645865848
4295042.313475759
4295389.0090686595
4295735.73264682
4296082.484212481
4296429.263767911
4296776.071315377
4297122.906857122
4297469.770395413
4297816.66193252
4298163.581470685
4298510.529012177
4298857.504559265
4299204.508114194
4299551.539679231
4299898.599256647
4300245.686848684
4300592.802457615
4300939.946085708
4301287.117735208
4301634.317408386
4301981.545107512
4302328.800834831
4302676.084592614
4303023.396383134
4303370.7362086335
4303718.104071386
4304065.499973664
4304412.923917712
4304760.3759058025
4305107.855940209
4305455.364023176
4305802.900156978
4306150.464343887
4306498.056586151
4306845.676886043
4307193.3252458265
4307541.001667777
4307888.706154142
4308236.438707203
4308584.1993292095
4308931.988022435
4309279.8047891455
4309627.649631617
4309975.522552097
4310323.423552861
4310671.352636185
4311019.309804318
4311367.295059534
4311715.308404111
4312063.349840299
4312411.419370374
4312759.516996612
4313107.642721263
4313455.7965466045
4313803.978474914
4314152.188508442
4314500.426649465
4314848.692900263
4315196.987263084
4315545.309740209
4315893.660333916
4316242.039046454
4316590.445880105
4316938.880837146
4317287.343919829
4317635.835130435
4317984.354471243
4318332.901944504
4318681.4775525
4319030.081297508
4319378.713181785
4319727.37320761
4320076.061377262
4320424.777692997
4320773.5221570935
4321122.294771835
4321471.095539475
4321819.924462295
4322168.781542576
4322517.666782574
4322866.58018457
4323215.521750847
4323564.4914836595
4323913.489385291
4324262.515458024
4324611.569704115
4324960.652125847
4325309.762725502
4325658.901505338
4326008.068467638
4326357.263614678
4326706.48694874
4327055.738472083
4327405.0181869995
4327754.326095748
4328103.662200612
4328453.026503869
4328802.419007803
4329151.839714673
4329501.288626764
4329850.7657463625
4330200.271075727
4330549.804617143
4330899.366372898
4331248.956345251
4331598.574536488
4331948.220948896
4332297.895584736
4332647.598446294
4332997.329535858
4333347.088855688
4333696.876408073
4334046.692195299
4334396.536219629
4334746.408483351
4335096.308988752
4335446.237738095
4335796.194733668
4336146.179977762
4336496.193472636
4336846.235220582
4337196.305223889
4337546.403484819
4337896.530005663
4338246.68478871
4338596.867836225
4338947.079150496
4339297.318733816
4339647.586588448
4339997.882716683
4340348.2071208125
4340698.5598031
4341048.940765838
4341399.350011319
4341749.787541807
4342100.253359593
4342450.747466972
4342801.269866208
4343151.820559594
4343502.399549413
4343853.006837959
4344203.6424274985
4344554.306320334
4344904.998518731
4345255.719024984
4345606.467841379
4345957.244970209
4346308.050413741
4346658.884174271
4347009.746254092
4347360.636655474
4347711.55538071
4348062.502432098
4348413.477811903
4348764.481522423
4349115.513565954
4349466.573944763
4349817.662661148
4350168.779717406
4350519.925115805
4350871.098858642
4351222.300948215
4351573.531386793
4351924.790176674
4352276.077320155
4352627.392819507
4352978.736677028
4353330.108895016
4353681.5094757425
4354032.9384215055
4354384.3957346035
4354735.881417309
4355087.39547192
4355438.937900737
4355790.508706031
4356142.107890102
4356493.73545525
4356845.391403749
4357197.075737897
4357548.788459996
4357900.529572317
4358252.299077164
4358604.096976835
4358955.923273606
4359307.777969778
4359659.661067651
4360011.572569501
4360363.512477628
4360715.480794327
4361067.477521899
4361419.50266262
4361771.556218801
4362123.638192717
4362475.748586672
4362827.887402961
4363180.054643885
4363532.250311721
4363884.474408774
4364236.726937346
4364589.007899716
4364941.317298186
4365293.655135062
4365646.02141262
4365998.416133166
4366350.839299005
4366703.290912415
4367055.770975701
4367408.2794911675
4367760.816461095
4368113.381887787
4368465.975773552
4368818.598120668
4369171.248931442
4369523.92820818
4369876.635953162
4370229.372168695
4370582.136857085
4370934.9300206145
4371287.751661589
4371640.601782317
4371993.480385081
4372346.387472186
4372699.323045942
4373052.287108631
4373405.27966256
4373758.300710039
4374111.35025335
4374464.428294801
4374817.534836703
4375170.669881337
4375523.833431014
4375877.025488043
4376230.246054709
4376583.495133319
4376936.772726187
4377290.078835594
4377643.413463851
4377996.776613271
4378350.168286136
4378703.58848476
4379057.037211453
4379410.514468499
4379764.0202582115
4380117.554582893
4380471.117444855
4380824.708846385
4381178.328789802
4381531.977277395
4381885.654311475
4382239.359894347
4382593.094028325
4382946.856715694
4383300.647958769
4383654.467759864
4384008.316121266
4384362.193045289
4384716.098534249
4385070.032590432
4385423.995216154
4385777.986413729
4386132.006185447
4386486.054533622
4386840.131460571
4387194.236968581
4387548.37105997
4387902.533737053
4388256.725002121
4388610.944857488
4388965.193305474
4389319.470348367
4389673.775988484
4390028.110228143
4390382.473069634
4390736.864515277
4391091.284567387
4391445.733228256
4391800.210500202
4392154.716385545
4392509.250886575
4392863.814005612
4393218.4057449745
4393573.026106955
4393927.6750938725
4394282.352708047
4394637.058951771
4394991.793827364
4395346.557337148
4395701.349483415
4396056.170268484
4396411.019694679
4396765.897764293
4397120.804479645
4397475.739843048
4397830.703856825
4398185.696523271
4398540.7178447135
4398895.76782345
4399250.846461804
4399605.953762086
4399961.08972662
4400316.254357702
4400671.447657654
4401026.669628801
4401381.920273437
4401737.199593887
4402092.507592474
4402447.844271495
4402803.209633275
4403158.603680138
4403514.0264143795
4403869.477838327
4404224.957954303
4404580.4667646075
4404936.004271564
4405291.5704775
4405647.165384711
4406002.788995526
4406358.441312268
4406714.122337238
4407069.832072762
4407425.570521167
4407781.3376847515
4408137.133565843
4408492.958166769
4408848.811489829
4409204.693537351
4409560.604311662
4409916.543815063
4410272.512049883
4410628.509018449
4410984.534723063
4411340.589166054
4411696.672349749
4412052.784276452
4412408.924948491
4412765.094368196
4413121.292537869
4413477.519459839
4413833.775136437
4414190.059569967
4414546.372762756
4414902.714717129
4415259.085435415
4415615.484919917
4415971.913172976
4416328.370196897
4416684.855994009
4417041.370566637
4417397.913917112
4417754.486047739
4418111.086960849
4418467.716658777
4418824.375143825
4419181.062418328
4419537.778484618
4419894.523345001
4420251.297001812
4420608.099457382
4420964.930714019
4421321.790774057
4421678.679639828
4422035.5973136425
4422392.543797832
4422749.5190947335
4423106.523206652
4423463.5561359245
4423820.6178848855
4424177.708455844
4424534.827851134
4424891.976073093
4425249.153124028
4425606.359006276
4425963.593722174
4426320.85727403
4426678.149664182
4427035.470894966
4427392.820968692
4427750.1998876985
4428107.607654321
4428465.04427087
4428822.509739686
4429180.004063104
4429537.527243436
4429895.079283021
4430252.660184198
4430610.269949277
4430967.9085805975
4431325.576080498
4431683.272451293
4432040.99769532
4432398.75181491
4432756.534812403
4433114.346690113
4433472.187450387
4433830.05709554
4434187.955627912
4434545.883049835
4434903.83936365
4435261.824571671
4435619.838676249
4435977.881679698
4436335.953584359
4436694.054392566
4437052.18410666
4437410.3427289575
4437768.530261801
4438126.746707532
4438484.992068467
4438843.266346948
4439201.56954532
4439559.901665899
4439918.262711029
4440276.652683051
4440635.071584285
4440993.519417074
4441351.996183762
4441710.501886668
4442069.036528135
4442427.6001105085
4442786.192636108
4443144.8141072765
4443503.464526361
4443862.143895679
4444220.852217578
4444579.5894944025
4444938.355728473
4445297.1509221345
4445655.975077735
4446014.828197594
4446373.710284058
4446732.621339475
4447091.561366163
4447450.530366473
4447809.528342751
4448168.555297317
4448527.611232521
4448886.69615071
4449245.810054206
4449604.952945358
4449964.124826515
4450323.325699998
4450682.555568157
4451041.814433341
4451401.102297873
4451760.419164103
4452119.765034372
4452479.13991103
4452838.543796401
4453197.976692843
4453557.438602681
4453916.929528266
4454276.449471939
4454635.998436053
4454995.576422933
4455355.183434928
4455714.819474391
4456074.484543648
4456434.178645051
4456793.901780952
4457153.653953676
4457513.435165578
4457873.24541901
4458233.084716297
4458592.953059793
4458952.850451853
4459312.776894803
4459672.732390996
4460032.716942788
4460392.730552505
4460752.773222501
4461112.844955132
4461472.945752727
4461833.075617638
4462193.234552223
4462553.42255881
4462913.639639753
4463273.885797409
4463634.161034108
4463994.465352206
4464354.798754057
4464715.161241993
4465075.552818372
4465435.973485548
4465796.423245853
4466156.902101643
4466517.410055278
4466877.947109086
4467238.513265427
4467599.108526659
4467959.732895113
4468320.3863731455
4468681.068963119
4469041.780667362
4469402.521488235
4469763.29142809
4470124.090489283
4470484.91867415
4470845.7759850575
4471206.66242434
4471567.577994357
4471928.52269746
4472289.496536009
4472650.49951234
4473011.531628812
4473372.592887786
4473733.683291597
4474094.802842608
4474455.951543178
4474817.129395644
4475178.336402368
4475539.572565712
4475900.837888011
4476262.132371628
4476623.456018926
4476984.80883224
4477346.190813935
4477707.601966375
4478069.042291895
4478430.511792859
4478792.010471631
4479153.538330549
4479515.095371977
4479876.68159828
4480238.297011795
4480599.941614888
4480961.615409923
4481323.318399239
4481685.050585202
4482046.811970177
4482408.602556503
4482770.422346546
4483132.271342674
4483494.149547225
4483856.0569625655
4484217.993591063
4484579.959435057
4484941.9544969145
4485303.978779005
4485666.0322836675
4486028.11501327
4486390.22697018
4486752.36815674
4487114.538575318
4487476.738228273
4487838.967117975
4488201.225246764
4488563.51261702
4488925.829231084
4489288.175091327
4489650.550200109
4490012.9545598
4490375.388172744
4490737.85104131
4491100.343167868
4491462.864554763
4491825.415204366
4492187.995119047
4492550.604301152
4492913.24275305
4493275.910477116
4493638.6074756915
4494001.3337511495
4494364.089305864
4494726.874142177
4495089.688262465
4495452.531669099
4495815.404364424
4496178.306350815
4496541.237630644
4496904.198206258
4497267.188080031
4497630.207254337
4497993.255731523
4498356.333513963
4498719.440604032
4499082.577004078
4499445.742716474
4499808.937743598
4500172.162087795
4500535.415751443
4500898.698736918
4501262.011046567
4501625.3526827665
4501988.723647893
4502352.1239442965
4502715.5535743525
4503079.012540439
4503442.500844905
4503806.018490128
4504169.565478486
4504533.141812328
4504896.747494034
4505260.3825259805
4505624.046910519
4505987.740650027
4506351.463746884
4506715.216203442
4507078.9980220795
4507442.809205166
4507806.649755082
4508170.519674178
4508534.418964846
4508898.347629435
4509262.305670328
4509626.2930898955
4509990.309890517
4510354.356074546
4510718.431644366
4511082.536602356
4511446.670950868
4511810.834692287
4512175.027828994
4512539.250363343
4512903.502297715
4513267.783634495
4513632.094376035
4513996.434524721
4514360.804082932
4514725.203053026
4515089.631437387
4515454.089238397
4515818.576458412
4516183.093099818
4516547.639164996
4516912.2146563055
4517276.819576129
4517641.453926852
4518006.1177108325
4518370.810930454
4518735.533588102
4519100.285686135
4519465.06722694
4519829.8782129
4520194.7186463745
4520559.58852975
4520924.487865414
4521289.416655722
4521654.374903064
4522019.362609827
4522384.379778368
4522749.426411077
4523114.502510341
4523479.608078518
4523844.743117998
4524209.90763117
4524575.101620392
4524940.325088054
4525305.578036536
4525670.860468226
4526036.172385486
4526401.513790714
4526766.884686272
4527132.285074549
4527497.714957927
4527863.174338796
4528228.663219518
4528594.181602483
4528959.729490082
4529325.306884679
4529690.913788663
4530056.550204428
4530422.216134336
4530787.911580779
4531153.636546148
4531519.391032808
4531885.175043153
4532250.988579571
4532616.831644431
4532982.704240124
4533348.606369044
4533714.538033554
4534080.49923605
4534446.489978924
4534812.510264543
4535178.5600953
4535544.63947359
4535910.74840178
4536276.886882262
4536643.054917433
4537009.25250966
4537375.479661338
4537741.736374862
4538108.022652598
4538474.338496945
4538840.683910296
4539207.058895022
4539573.463453516
4539939.897588178
4540306.361301375
4540672.854595503
4541039.377472959
4541405.929936116
4541772.511987367
4542139.123629112
4542505.76486372
4542872.43569359
4543239.13612111
4543605.866148679
4543972.625778668
4544339.415013484
4544706.233855498
4545073.0823071115
4545439.960370712
4545806.8680487005
4546173.805343448
4546540.772257355
4546907.768792822
4547274.79495222
4547641.850737952
4548008.936152416
4548376.051197987
4548743.195877066
4549110.370192053
4549477.574145323
4549844.8077392755
4550212.070976315
4550579.363858815
4550946.686389177
4551314.038569804
4551681.420403071
4552048.83189138
4552416.273037136
4552783.743842711
4553151.244310511
4553518.774442939
4553886.334242372
4554253.923711211
4554621.542851864
4554989.191666705
4555356.87015814
4555724.578328571
4556092.316180379
4556460.083715967
4556827.88093774
4557195.707848077
4557563.564449383
4557931.4507440645
4558299.366734498
4558667.312423092
4559035.2878122525
4559403.292904358
4559771.327701815
4560139.392207032
4560507.486422387
4560875.6103502875
4561243.763993142
4561611.94735333
4561980.160433261
4562348.4032353405
4562716.675761951
4563084.978015501
4563453.309998389
4563821.671713026
4564190.063161791
4564558.484347105
4564926.935271349
4565295.415936931
4565663.926346255
4566032.466501728
4566401.036405735
4566769.636060685
4567138.265468989
4567506.924633031
4567875.613555221
4568244.332237971
4568613.080683665
4568981.858894715
4569350.666873531
4569719.5046225
4570088.372144032
4570457.269440542
4570826.196514412
4571195.153368057
4571564.140003889
4571933.156424293
4572302.202631684
4572671.278628476
4573040.384417052
4573409.51999983
4573778.685379222
4574147.880557614
4574517.105537423
4574886.360321062
4575255.644910919
4575624.9593094075
4575994.303518946
4576363.67754192
4576733.081380746
4577102.51503784
4577471.978515591
4577841.471816414
4578210.994942727
4578580.547896917
4578950.130681404
4579319.743298602
4579689.385750903
4580059.058040723
4580428.760170481
4580798.4921425665
4581168.253959397
4581538.045623383
4581907.867136941
4582277.718502464
4582647.599722379
4583017.510799078
4583387.45173498
4583757.422532494
4584127.423194042
4584497.453722015
4584867.514118833
4585237.604386915
4585607.724528656
4585977.874546477
4586348.054442796
4586718.264220008
4587088.503880533
4587458.773426795
4587829.072861186
4588199.402186128
4588569.761404043
4588940.150517326
4589310.569528398
4589681.018439684
4590051.497253577
4590422.005972501
4590792.544598878
4591163.113135105
4591533.711583605
4591904.339946802
4592274.9982270915
4592645.686426898
4593016.404548648
4593387.152594734
4593757.930567584
4594128.738469622
4594499.5763032455
4594870.444070879
4595241.34177495
4595612.269417854
4595983.227002019
4596354.21452987
4596725.232003805
4597096.279426252
4597467.356799637
4597838.464126359
4598209.601408845
4598580.768649522
4598951.965850791
4599323.193015078
4599694.450144803
4600065.737242394
4600437.05431025
4600808.40135081
4601179.778366475
4601551.185359674
4601922.622332825
4602294.089288359
4602665.586228677
4603037.113156209
4603408.670073384
4603780.256982606
4604151.873886303
4604523.5207869075
4604895.19768682
4605266.904588473
4605638.641494297
4606010.408406696
4606382.205328101
4606754.032260943
4607125.889207628
4607497.776170584
4607869.693152247
4608241.64015502
4608613.617181336
4608985.624233628
4609357.661314299
4609729.728425785
4610101.825570518
4610473.9527509045
4610846.1099693775
4611218.297228371
4611590.514530291
4611962.761877573
4612335.039272651
4612707.346717931
4613079.684215849
4613452.05176884
4613824.449379311
4614196.8770496985
4614569.3347824365
4614941.822579935
4615314.340444628
4615686.8883789545
4616059.466385321
4616432.074466164
4616804.712623923
4617177.380861005
4617550.079179847
4617922.807582878
4618295.566072536
4618668.35465123
4619041.17332141
4619414.022085483
4619786.900945889
4620159.809905057
4620532.748965426
4620905.718129409
4621278.717399442
4621651.746777967
4622024.806267394
4622397.895870163
4622771.015588716
4623144.165425464
4623517.345382847
4623890.555463306
4624263.795669254
4624637.066003133
4625010.366467383
4625383.6970644165
4625757.057796678
4626130.448666607
4626503.869676619
4626877.320829155
4627250.802126658
4627624.3135715425
4627997.855166252
4628371.426913229
4628745.028814888
4629118.660873674
4629492.3230920285
4629866.015472369
4630239.73801714
4630613.490728784
4630987.273609718
4631361.0866623875
4631734.929889237
4632108.803292682
4632482.706875169
4632856.640639143
4633230.604587022
4633604.598721252
4633978.623044278
4634352.677558518
4634726.762266419
4635100.877170429
4635475.022272964
4635849.197576473
4636223.403083402
4636597.63879617
4636971.9047172265
4637346.200849018
4637720.527193964
4638094.883754513
4638469.270533105
4638843.687532187
4639218.134754181
4639592.612201544
4639967.1198766995
4640341.657782094
4640716.225920168
4641090.824293373
4641465.452904129
4641840.111754888
4642214.800848099
4642589.520186185
4642964.269771596
4643339.049606784
4643713.859694172
4644088.70003621
4644463.57063535
4644838.471494017
4645213.4026146615
4645588.363999736
4645963.355651665
4646338.3775729
4646713.429765894
4647088.512233073
4647463.624976889
4647838.767999796
4648213.941304219
4648589.144892612
4648964.378767428
4649339.642931093
4649714.937386063
4650090.26213479
4650465.617179703
4650841.002523256
4651216.418167903
4651591.864116073
4651967.340370219
4652342.846932799
4652718.38380624
4653093.950992998
4653469.548495528
4653845.176316261
4654220.834457652
4654596.522922158
4654972.241712208
4655347.9908302585
4655723.770278769
4656099.580060166
4656475.42017691
4656851.29063145
4657227.191426242
4657603.122563716
4657979.084046343
4658355.075876552
4658731.098056801
4659107.1505895415
4659483.233477232
4659859.346722305
4660235.490327219
4660611.664294435
4660987.868626384
4661364.103325528
4661740.368394326
4662116.663835213
4662492.989650647
4662869.345843092
4663245.732414979
4663622.14936877
4663998.596706929
4664375.074431887
4664751.5825461075
4665128.121052054
4665504.689952158
4665881.289248886
4666257.918944698
4666634.57904203
4667011.269543346
4667387.990451109
4667764.741767755
4668141.523495747
4668518.335637551
4668895.178195601
4669272.051172364
4669648.954570302
4670025.888391854
4670402.852639485
4670779.84731566
4671156.872422815
4671533.927963419
4671911.013939935
4672288.130354802
4672665.277210487
4673042.454509456
4673419.662254147
4673796.900447028
4674174.169090566
4674551.4681872
4674928.797739397
4675306.157749616
4675683.548220325
4676060.969153964
4676438.420553011
4676815.902419905
4677193.414757116
4677570.957567103
4677948.530852336
4678326.1346152555
4678703.768858331
4679081.433584033
4679459.128794802
4679836.8544931095
4680214.610681425
4680592.39736219
4680970.214537878
4681348.062210957
4681725.940383871
4682103.849059093
4682481.788239092
4682859.757926312
4683237.758123226
4683615.788832307
4683993.850055996
4684371.941796768
4684750.064057096
4685128.216839423
4685506.400146224
4685884.61397997
4686262.858343109
4686641.133238112
4687019.438667455
4687397.774633583
4687776.14113897
4688154.538186092
4688532.965777394
4688911.423915353
4689289.912602441
4689668.431841108
4690046.981633827
4690425.561983077
4690804.172891302
4691182.81436098
4691561.486394588
4691940.188994573
4692318.922163413
4692697.685903584
4693076.480217534
4693455.305107742
4693834.160576685
4694213.046626813
4694591.963260602
4694970.910480533
4695349.888289053
4695728.896688643
4696107.935681771
4696487.005270916
4696866.10545853
4697245.236247101
4697624.397639079
4698003.589636945
4698382.81224317
4698762.065460234
4699141.349290588
4699520.663736713
4699900.0088010905
4700279.384486172
4700658.79079444
4701038.227728373
4701417.695290428
4701797.193483084
4702176.722308825
4702556.281770103
4702935.8718694
4703315.492609201
4703695.143991958
4704074.826020156
4704454.538696277
4704834.282022775
4705214.056002135
4705593.8606368415
4705973.695929348
4706353.56188214
4706733.458497701
4707113.385778488
4707493.343726985
4707873.332345678
4708253.351637023
4708633.401603505
4709013.482247611
4709393.593571796
4709773.735578548
4710153.908270353
4710534.111649668
4710914.345718981
4711294.610480777
4711674.905937515
4712055.232091683
4712435.588945769
4712815.976502229
4713196.394763554
4713576.843732231
4713957.32341072
4714337.833801508
4714718.3749070745
4715098.94672991
4715479.549272473
4715860.182537263
4716240.846526742
4716621.541243398
4717002.266689711
4717383.022868172
4717763.809781243
4718144.627431414
4718525.475821175
4718906.354952989
4719287.264829347
4719668.205452739
4720049.1768256305
4720430.17895051
4720811.211829872
4721192.275466178
4721573.36986192
4721954.495019593
4722335.650941659
4722716.837630611
4723098.055088943
4723479.303319118
4723860.582323631
4724241.892104975
4724623.232665615
4725004.604008045
4725386.006134761
4725767.439048225
4726148.902750935
4726530.397245386
4726911.922534042
4727293.4786194
4727675.065503955
4728056.6831901735
4728438.331680552
4728820.010977588
4729201.721083745
4729583.462001523
4729965.233733418
4730347.036281898
4730728.86964946
4731110.7338386
4731492.628851789
4731874.554691523
4732256.511360302
4732638.498860592
4733020.517194894
4733402.5663656965
4733784.646375498
4734166.757226768
4734548.898922016
4734931.071463712
4735313.2748543555
4735695.509096437
4736077.774192457
4736460.070144885
4736842.396956223
4737224.754628971
4737607.143165601
4737989.562568614
4738372.012840511
4738754.493983764
4739137.0060008755
4739519.548894348
4739902.122666651
4740284.72732029
4740667.362857767
4741050.029281555
4741432.726594157
4741815.454798075
4742198.213895785
4742581.003889789
4742963.824782591
4743346.6765766665
4743729.559274519
4744112.472878653
4744495.417391542
4744878.392815693
4745261.399153611
4745644.43640777
4746027.5045806775
4746410.603674836
4746793.733692725
4747176.894636849
4747560.086509715
4747943.309313798
4748326.5630516065
4748709.847725647
4749093.163338397
4749476.509892362
4749859.887390051
4750243.295833943
4750626.735226545
4751010.2055703625
4751393.706867878
4751777.239121598
4752160.802334023
4752544.396507659
4752928.021644987
4753311.677748526
4753695.364820756
4754079.082864188
4754462.831881319
4754846.6118746605
4755230.4228466945
4755614.264799939
4755998.1377368765
4756382.041660018
4756765.976571864
4757149.942474926
4757533.939371686
4757917.967264656
4758302.026156346
4758686.116049241
4759070.236945853
4759454.388848693
4759838.571760245
4760222.785683022
4760607.030619536
4760991.3065722715
4761375.613543742
4761759.951536462
4762144.320552914
4762528.720595614
4762913.151667075
4763297.613769782
4763682.10690625
4764066.631078995
4764451.1862905
4764835.772543282
4765220.389839857
4765605.03818271
4765989.717574357
4766374.4280173145
4766759.169514069
4767143.942067138
4767528.745679037
4767913.580352253
4768298.446089305
4768683.342892709
4769068.2707649525
4769453.229708554
4769838.219726032
4770223.240819874
4770608.292992598
4770993.376246724
4771378.490584741
4771763.636009167
4772148.812522521
4772534.020127295
4772919.258826005
4773304.528621163
4773689.8295152895
4774075.161510874
4774460.524610447
4774845.918816499
4775231.344131553
4775616.800558117
4776002.288098714
4776387.806755836
4776773.356532004
4777158.937429738
4777544.549451535
4777930.192599912
4778315.866877395
4778701.572286475
4779087.308829676
4779473.076509521
4779858.875328504
4780244.705289147
4780630.566393973
4781016.458645479
4781402.382046187
4781788.336598623
4782174.322305279
4782560.339168682
4782946.387191355
4783332.466375795
4783718.576724527
4784104.718240077
4784490.890924939
4784877.094781641
4785263.329812707
4785649.596020636
4786035.893407953
4786422.221977185
4786808.58173083
4787194.972671413
4787581.394801462
4787967.848123477
4788354.332639983
4788740.84835351
4789127.395266554
4789513.973381646
4789900.582701313
4790287.223228055
4790673.8949644
4791060.597912877
4791447.332075985
4791834.097456256
4792220.894056208
4792607.721878372
4792994.580925248
4793381.471199375
4793768.392703256
4794155.34543942
4794542.329410389
4794929.344618694
4795316.391066836
4795703.468757348
4796090.577692761
4796477.7178755775
4796864.88930833
4797252.091993549
4797639.32593374
4798026.591131433
4798413.887589164
4798801.215309435
4799188.5742947785
4799575.96454773
4799963.386070793
4800350.8388665
4800738.322937387
4801125.838285958
4801513.384914749
4801900.962826293
4802288.5720230965
4802676.212507693
4803063.884282621
4803451.587350383
4803839.321713517
4804227.087374559
4804614.884336015
4805002.712600422
4805390.572170315
4805778.463048204
4806166.385236624
4806554.338738113
4806942.323555178
4807330.339690357
4807718.38714619
4808106.465925182
4808494.576029873
4808882.717462802
4809270.890226478
4809659.094323439
4810047.329756224
4810435.596527344
4810823.8946393365
4811212.224094733
4811600.584896073
4811988.977045867
4812377.400546664
4812765.855400977
4813154.341611345
4813542.8591803005
4813931.408110384
4814319.988404106
4814708.60006401
4815097.243092637
4815485.917492499
4815874.623266138
4816263.360416098
4816652.12894489
4817040.928855057
4817429.760149144
4817818.622829661
4818207.5168991545
4818596.442360166
4818985.399215212
4819374.387466835
4819763.407117579
4820152.4581699595
4820541.54062652
4820930.654489808
4821319.799762335
4821708.976446649
4822098.184545294
4822487.424060788
4822876.694995674
4823265.9973525
4823655.331133783
4824044.696342069
4824434.092979902
4824823.521049804
4825212.980554318
4825602.471495994
4825991.9938773485
4826381.5477009285
4826771.1329692835
4827160.749684932
4827550.39785042
4827940.077468299
4828329.788541086
4828719.53107133
4829109.3050615825
4829499.1105143605
4829888.947432214
4830278.815817693
4830668.715673319
4831058.647001641
4831448.609805209
4831838.604086544
4832228.629848198
4832618.687092711
4833008.775822634
4833398.89604049
4833789.0477488395
4834179.230950204
4834569.445647137
4834959.69184218
4835349.969537885
4835740.278736776
4836130.619441405
4836520.991654326
4836911.395378062
4837301.830615165
4837692.297368191
4838082.795639663
4838473.325432135
4838863.886748161
4839254.479590268
4839645.103961008
4840035.759862936
4840426.447298579
4840817.166270492
4841207.91678123
4841598.698833318
4841989.512429314
4842380.357571773
4842771.234263222
4843162.142506217
4843553.0823033145
4843944.053657042
4844335.056569958
4844726.091044618
4845117.1570835505
4845508.254689314
4845899.383864466
4846290.544611534
4846681.736933078
4847072.960831655
4847464.216309796
4847855.503370059
4848246.822015002
4848638.1722471565
4849029.554069081
4849420.967483336
4849812.412492452
4850203.889098988
4850595.397305506
4850986.937114536
4851378.50852864
4851770.1115503665
4852161.74618228
4852553.412426909
4852945.110286829
4853336.839764569
4853728.600862692
4854120.39358375
4854512.217930308
4854904.073904895
4855295.961510077
4855687.880748416
4856079.831622446
4856471.814134729
4856863.8282878315
4857255.874084285
4857647.951526656
4858040.0606175065
4858432.2013593735
4858824.373754821
4859216.577806413
4859608.813516686
4860001.080888205
4860393.379923536
4860785.710625215
4861178.072995809
4861570.467037882
4861962.892753972
4862355.350146645
4862747.839218468
4863140.35997198
4863532.912409746
4863925.4965343345
4864318.112348284
4864710.75985416
4865103.439054534
4865496.149951941
4865888.892548952
4866281.666848136
4866674.472852031
4867067.310563205
4867460.17998423
4867853.081117643
4868246.013966016
4868638.978531918
4869031.974817889
4869425.0028265
4869818.062560322
4870211.154021895
4870604.2772137895
4870997.432138569
4871390.618798803
4871783.837197034
4872177.087335844
4872570.369217774
4872963.682845398
4873357.0282212775
4873750.405347985
4874143.814228063
4874537.254864087
4874930.727258628
4875324.231414231
4875717.7673334675
4876111.335018914
4876504.934473114
4876898.565698641
4877292.22869807
4877685.923473947
4878079.650028844
4878473.40836534
4878867.198485977
4879261.020393333
4879654.874089982
4880048.759578472
4880442.676861378
4880836.625941277
4881230.606820715
4881624.619502269
4882018.663988516
4882412.740282004
4882806.84838531
4883200.988301011
4883595.160031656
4883989.363579823
4884383.598948089
4884777.866139005
4885172.165155147
4885566.495999095
4885960.858673399
4886355.253180638
4886749.67952339
4887144.137704207
4887538.627725667
4887933.149590352
4888327.70330081
4888722.288859624
4889116.906269374
4889511.555532611
4889906.236651916
4890300.94962987
4890695.694469026
4891090.471171964
4891485.279741268
4891880.120179488
4892274.9924892085
4892669.896673001
4893064.8327334495
4893459.800673106
4893854.800494564
4894249.832200376
4894644.895793129
4895039.9912753925
4895435.118649755
4895830.277918767
4896225.469085015
4896620.692151084
4897015.947119528
4897411.233992932
4897806.552773884
4898201.903464936
4898597.286068675
4898992.700587688
4899388.14702453
4899783.625381788
4900179.135662049
4900574.677867869
4900970.252001835
4901365.858066535
4901761.496064525
4902157.165998395
4902552.867870731
4902948.601684092
4903344.367441066
4903740.1651442405
4904135.9947961755
4904531.85639946
4904927.749956682
4905323.6754704015
4905719.632943208
4906115.622377692
4906511.643776411
4906907.6971419575
4907303.782476922
4907699.899783863
4908096.049065373
4908492.230324043
4908888.443562432
4909284.688783134
4909680.96598874
4910077.275181812
4910473.616364941
4910869.989540719
4911266.3947117105
4911662.831880506
4912059.301049689
4912455.802221853
4912852.335399562
4913248.900585418
4913645.4977819845
4914042.126991857
4914438.788217618
4914835.481461863
4915232.206727156
4915628.964016092
4916025.753331266
4916422.574675242
4916819.428050618
4917216.313459987
4917613.230905916
4918010.180391
4918407.1619178355
4918804.17548899
4919201.221107059
4919598.29877464
4919995.4084943
4920392.550268636
4920789.724100245
4921186.929991695
4921584.167945584
4921981.437964511
4922378.740051042
4922776.074207778
4923173.440437316
4923570.838742225
4923968.269125105
4924365.731588555
4924763.226135144
4925160.7527674725
4925558.31148814
4925955.902299718
4926353.525204805
4926751.180206002
4927148.8673058795
4927546.586507039
4927944.337812083
4928342.121223581
4928739.936744136
4929137.784376348
4929535.664122792
4929933.575986067
4930331.519968778
4930729.496073496
4931127.504302825
4931525.544659357
4931923.617145696
4932321.7217644155
4932719.85851813
4933118.027409412
4933516.228440866
4933914.4616150865
4934312.726934679
4934711.024402217
4935109.354020306
4935507.715791551
4935906.109718528
4936304.535803841
4936702.994050099
4937101.484459874
4937500.007035775
4937898.561780408
4938297.148696349
4938695.767786205
4939094.419052583
4939493.102498061
4939891.818125246
4940290.565936746
4940689.345935139
4941088.158123031
4941487.002503034
4941885.879077724
4942284.78784971
4942683.728821603
4943082.701995979
4943481.707375449
4943880.744962623
4944279.814760081
4944678.916770431
4945078.050996286
4945477.217440224
4945876.416104857
4946275.646992795
4946674.91010662
4947074.205448943
4947473.533022376
4947872.892829498
4948272.284872925
4948671.709155266
4949071.165679105
4949470.654447054
4949870.175461724
4950269.728725701
4950669.3142415965
4951068.932012014
4951468.582039568
4951868.264326841
4952267.978876457
4952667.725691001
4953067.504773087
4953467.31612532
4953867.159750314
4954267.035650656
4954666.943828959
4955066.88428784
4955466.857029883
4955866.862057706
4956266.899373924
4956666.9689811235
4957067.070881921
4957467.205078933
4957867.371574746
4958267.570371979
4958667.801473248
4959068.06488114
4959468.360598274
4959868.688627267
4960269.048970709
4960669.441631216
4961069.866611408
4961470.323913873
4961870.813541232
4962271.335496102
4962671.889781075
4963072.476398767
4963473.095351801
4963873.7466427665
4964274.430274283
4964675.146248972
4965075.894569423
4965476.675238257
4965877.488258097
4966278.333631533
4966679.211361187
4967080.12144968
4967481.063899605
4967882.038713584
4968283.045894238
4968684.085444162
4969085.157365977
4969486.261662307
4969887.398335746
4970288.5673889145
4970689.7688244395
4971091.002644913
4971492.26885296
4971893.567451204
4972294.898442241
4972696.2618286945
4973097.65761318
4973499.085798321
4973900.546386716
4974302.039380997
4974703.564783763
4975105.122597639
4975506.712825241
4975908.335469195
4976309.990532097
4976711.678016576
4977113.397925258
4977515.150260739
4977916.935025648
4978318.752222613
4978720.601854232
4979122.483923132
4979524.398431941
4979926.345383259
4980328.3247797135
4980730.336623934
4981132.3809185205
4981534.457666101
4981936.566869305
4982338.708530734
4982740.8826530175
4983143.089238785
4983545.328290637
4983947.599811205
4984349.9038031185
4984752.240268979
4985154.609211419
4985557.010633069
4985959.444536531
4986361.9109244365
4986764.409799418
4987166.941164078
4987569.50502105
4987972.101372964
4988374.730222425
4988777.391572067
4989180.085424521
4989582.811782392
4989985.5706483135
4990388.362024921
4990791.185914816
4991194.042320636
4991596.931245013
4991999.852690554
4992402.806659892
4992805.793155654
4993208.812180476
4993611.863736962
4994014.947827759
4994418.064455473
4994821.2136227405
4995224.395332187
4995627.609586451
4996030.856388139
4996434.135739886
4996837.447644333
4997240.792104086
4997644.169121782
4998047.578700061
4998451.02084153
4998854.495548828
4999258.002824592
4999661.542671434
5000065.115091991
5000468.720088903
5000872.357664779
5001276.027822259
5001679.730563983
5002083.465892563
5002487.233810636
5002891.034320845
5003294.867425801
5003698.7331281435
5004102.631430515
5004506.562335527
5004910.525845819
5005314.521964036
5005718.550692788
5006122.6120347185
5006526.70599247
5006930.832568654
5007334.9917659145
5007739.183586895
5008143.408034207
5008547.665110497
5008951.954818406
5009356.2771605505
5009760.632139572
5010165.019758117
5010569.4400188
5010973.892924266
5011378.378477159
5011782.896680094
5012187.447535719
5012592.031046667
5012996.647215585
5013401.296045089
5013805.977537837
5014210.691696443
5014615.438523554
5015020.218021809
5015425.030193855
5015829.875042307
5016234.752569815
5016639.662779026
5017044.605672558
5017449.581253059
5017854.5895231785
5018259.630485534
5018664.704142774
5019069.810497551
5019474.94955248
5019880.121310214
5020285.3257734
5020690.56294466
5021095.832826643
5021501.135422001
5021906.470733352
5022311.838763349
5022717.239514642
5023122.672989854
5023528.139191633
5023933.638122635
5024339.169785478
5024744.734182816
5025150.331317302
5025555.961191557
5025961.623808234
5026367.319169988
5026773.047279439
5027178.808139242
5027584.601752051
5027990.42812049
5028396.287247212
5028802.179134872
5029208.103786093
5029614.061203531
5030020.051389841
5030426.074347649
5030832.1300796075
5031238.218588375
5031644.339876574
5032050.493946864
5032456.680801899
5032862.9004443055
5033269.152876741
5033675.438101862
5034081.756122295
5034488.106940697
5034894.490559716
5035300.90698201
5035707.356210207
5036113.838246974
5036520.35309494
5036926.900756764
5037333.481235093
5037740.0945325885
5038146.7406518785
5038553.419595621
5038960.131366477
5039366.875967077
5039773.653400078
5040180.463668144
5040587.306773904
5040994.182720018
5041401.091509147
5041808.033143923
5042215.007627006
5042622.014961057
5043029.0551487105
5043436.128192627
5043843.234095468
5044250.372859866
5044657.544488485
5045064.748983986
5045471.986349002
5045879.256586199
5046286.559698237
5046693.8956877515
5047101.264557405
5047508.666309864
5047916.100947761
5048323.568473761
5048731.068890528
5049138.602200697
5049546.1684069345
5049953.767511905
5050361.399518244
5050769.064428618
5051176.762245692
5051584.492972102
5051992.2566105155
5052400.053163599
5052807.88263399
5053215.745024353
5053623.640337358
5054031.568575641
5054439.529741871
5054847.523838704
5055255.550868811
5055663.610834828
5056071.703739434
5056479.829585268
5056887.988374999
5057296.180111286
5057704.404796801
5058112.662434179
5058520.953026094
5058929.276575213
5059337.633084178
5059746.0225556595
5060154.444992329
5060562.900396825
5060971.388771821
5061379.910119987
5061788.464443965
5062197.051746426
5062605.672030045
5063014.32529746
5063423.011551347
5063831.730794377
5064240.483029192
5064649.268258467
5065058.0864848755
5065466.937711058
5065875.821939692
5066284.73917345
5066693.689414974
5067102.672666942
5067511.688932026
5067920.738212871
5068329.820512154
5068738.935832549
5069148.0841767015
5069557.265547287
5069966.479946981
5070375.72737843
5070785.007844311
5071194.3213473
5071603.667890044
5072013.047475219
5072422.460105503
5072831.905783543
5073241.3845120175
5073650.896293605
5074060.44113095
5074470.019026734
5074879.629983624
5075289.2740043
5075698.95109141
5076108.661247644
5076518.404475649
5076928.180778107
5077337.990157686
5077747.832617068
5078157.708158901
5078567.616785867
5078977.558500647
5079387.53330589
5079797.541204277
5080207.582198492
5080617.656291185
5081027.763485036
5081437.90378273
5081848.077186916
5082258.283700279
5082668.523325501
5083078.796065233
5083489.10192216
5083899.440898964
5084309.8129982995
5084720.218222849
5085130.656575298
5085541.1280582985
5085951.632674536
5086362.170426695
5086772.74131743
5087183.345349425
5087593.982525368
5088004.652847912
5088415.356319743
5088826.092943547
5089236.86272198
5089647.665657728
5090058.501753477
5090469.371011886
5090880.273435639
5091291.209027425
5091702.1777899
5092113.179725753
5092524.21483767
5092935.283128311
5093346.384600363
5093757.519256514
5094168.687099423
5094579.888131779
5094991.122356261
5095402.389775559
5095813.690392331
5096225.024209278
5096636.391229059
5097047.791454365
5097459.224887875
5097870.691532281
5098282.191390243
5098693.724464463
5099105.2907576
5099516.890272348
5099928.523011386
5100340.188977409
5100751.888173077
5101163.620601083
5101575.386264119
5101987.185164847
5102399.017305963
5102810.882690157
5103222.781320092
5103634.713198465
5104046.678327967
5104458.676711263
5104870.708351048
5105282.7732500145
5105694.871410829
5106107.002836185
5106519.167528779
5106931.365491275
5107343.596726369
5107755.861236758
5108168.159025106
5108580.49009411
5108992.854446468
5109405.252084844
5109817.683011935
5110230.147230441
5110642.644743026
5111055.175552389
5111467.739661228
5111880.33707221
5112292.967788034
5112705.631811398
5113118.3291449705
5113531.05979145
5113943.823753537
5114356.621033899
5114769.451635235
5115182.315560248
5115595.212811603
5116008.143392004
5116421.107304151
5116834.104550712
5117247.13513439
5117660.199057875
5118073.296323869
5118486.426935043
5118899.590894109
5119312.788203737
5119726.01886663
5120139.282885482
5120552.580262994
5120965.911001839
5121379.275104719
5121792.672574339
5122206.10341337
5122619.567624519
5123033.065210486
5123446.596173947
5123860.160517606
5124273.758244168
5124687.389356306
5125101.053856726
5125514.751748133
5125928.4830332035
5126342.2477146415
5126756.045795153
5127169.877277413
5127583.74216413
5127997.640458009
5128411.572161727
5128825.53727799
5129239.535809507
5129653.567758952
5130067.633129036
5130481.731922465
5130895.864141917
5131310.029790101
5131724.228869723
5132138.461383465
5132552.727334033
5132967.026724137
5133381.359556456
5133795.725833701
5134210.125558579
5134624.5587337725
5135039.02536199
5135453.525445943
5135868.058988309
5136282.625991803
5136697.226459134
5137111.860392983
5137526.527796061
5137941.22867107
5138355.963020723
5138770.730847701
5139185.532154728
5139600.366944483
5140015.235219681
5140430.136983025
5140845.072237228
5141260.040984972
5141675.043228974
5142090.078971944
5142505.148216568
5142920.25096556
5143335.387221634
5143750.556987476
5144165.760265799
5144580.99705932
5144996.267370723
5145411.571202723
5145826.908558039
5146242.279439353
5146657.683849384
5147073.121790847
5147488.593266429
5147904.098278847
5148319.636830819
5148735.20892503
5149150.814564199
5149566.453751044
5149982.1264882535
5150397.832778543
5150813.572624635
5151229.346029214
5151645.152995001
5152060.993524715
5152476.867621045
5152892.77528671
5153308.7165244315
5153724.691336897
5154140.699726827
5154556.741696945
5154972.817249938
5155388.926388527
5155805.069115437
5156221.245433354
5156637.455345002
5157053.698853103
5157469.975960348
5157886.28666946
5158302.630983151
5158719.008904142
5159135.420435129
5159551.865578842
5159968.344337976
5160384.856715254
5160801.402713388
5161217.982335106
5161634.595583097
5162051.242460089
5162467.922968806
5162884.63711194
5163301.38489222
5163718.166312369
5164134.981375081
5164551.830083084
5164968.712439104
5165385.628445836
5165802.578106006
5166219.5614223415
5166636.578397538
5167053.629034323
5167470.713335425
5167887.831303538
5168304.982941393
5168722.168251717
5169139.387237207
5169556.639900592
5169973.926244601
5170391.246271932
5170808.599985313
5171225.987387475
5171643.4084811155
5172060.863268966
5172478.351753755
5172895.873938182
5173313.429824979
5173731.019416876
5174148.642716573
5174566.2997268
5174983.990450291
5175401.714889744
5175819.473047893
5176237.264927468
5176655.090531172
5177072.949861738
5177490.842921897
5177908.769714352
5178326.730241836
5178744.724507082
5179162.752512794
5179580.814261704
5179998.909756548
5180417.039000028
5180835.201994878
5181253.398743824
5181671.629249601
5182089.893514911
5182508.1915425025
5182926.523335078
5183344.888895374
5183763.288226116
5184181.721330041
5184600.188209854
5185018.688868293
5185437.223308093
5185855.7915319605
5186274.393542633
5186693.02934285
5187111.698935315
5187530.402322769
5187949.139507949
5188367.910493562
5188786.715282348
5189205.5538770445
5189624.426280361
5190043.332495035
5190462.272523808
5190881.246369388
5191300.2540345155
5191719.29552193
5192138.370834341
5192557.47997449
5192976.622945117
5193395.799748933
5193815.010388678
5194234.2548670955
5194653.533186895
5195072.845350818
5195492.191361608
5195911.571221977
5196330.984934664
5196750.432502417
5197169.913927944
5197589.42921399
5198008.9783633
5198428.561378584
5198848.178262588
5199267.8290180545
5199687.513647698
5200107.232154263
5200526.984540495
5200946.770809107
5201366.590962846
5201786.445004445
5202206.332936651
5202626.254762178
5203046.210483785
5203466.200104184
5203886.223626125
5204306.281052342
5204726.372385584
5205146.497628565
5205566.656784034
5205986.849854739
5206407.076843397
5206827.337752755
5207247.632585562
5207667.961344536
5208088.324032426
5208508.7206519805
5208929.151205918
5209349.615696988
5209770.1141279405
5210190.646501494
5210611.212820399
5211031.813087406
5211452.447305233
5211873.115476633
5212293.817604357
5212714.553691125
5213135.323739687
5213556.127752797
5213976.965733173
5214397.837683571
5214818.74360674
5215239.683505403
5215660.657382313
5216081.6652402235
5216502.707081855
5216923.782909963
5217344.8927273005
5217766.036536589
5218187.214340585
5218608.4261420425
5219029.671943683
5219450.951748263
5219872.265558538
5220293.613377231
5220714.995207099
5221136.411050896
5221557.860911348
5221979.344791211
5222400.862693231
5222822.414620164
5223244.000574737
5223665.620559716
5224087.274577828
5224508.962631831
5224930.6847244715
5225352.440858508
5225774.231036668
5226196.055261709
5226617.913536389
5227039.805863437
5227461.732245613
5227883.692685674
5228305.68718635
5228727.7157504
5229149.778380584
5229571.875079631
5229994.005850302
5230416.170695358
5230838.369617527
5231260.602619572
5231682.869704252
5232105.1708743
5232527.506132476
5232949.875481543
5233372.278924231
5233794.716463304
5234217.188101523
5234639.69384162
5235062.233686359
5235484.807638503
5235907.415700783
5236330.057875965
5236752.734166811
5237175.444576056
5237598.1891064625
5238020.967760796
5238443.780541791
5238866.6274522105
5239289.508494821
5239712.423672358
5240135.372987586
5240558.356443271
5240981.374042148
5241404.425786984
5241827.511680545
5242250.631725567
5242673.785924817
5243096.974281063
5243520.19679704
5243943.453475517
5244366.744319262
5244790.069331012
5245213.428513533
5245636.821869587
5246060.249401941
5246483.711113332
5246907.207006542
5247330.737084308
5247754.301349399
5248177.899804575
5248601.532452608
5249025.199296236
5249448.90033823
5249872.635581359
5250296.405028366
5250720.20868202
5251144.046545094
5251567.9186203275
5251991.824910493
5252415.765418363
5252839.740146677
5253263.749098211
5253687.792275735
5254111.869681992
5254535.981319754
5254960.127191798
5255384.307300864
5255808.521649726
5256232.770241158
5256657.0530779045
5257081.370162739
5257505.721498438
5257930.107087744
5258354.526933433
5258778.98103828
5259203.46940503
5259627.992036459
5260052.5489353435
5260477.140104428
5260901.7655464895
5261326.425264305
5261751.119260621
5262175.847538214
5262600.610099863
5263025.406948312
5263450.238086342
5263875.10351673
5264300.003242222
5264724.937265597
5265149.905589636
5265574.908217086
5265999.945150726
5266425.016393324
5266850.121947663
5267275.261816489
5267700.436002593
5268125.644508725
5268550.887337666
5268976.164492186
5269401.475975066
5269826.821789057
5270252.20193694
5270677.6164214965
5271103.0652454775
5271528.5484116655
5271954.065922844
5272379.617781763
5272805.203991205
5273230.824553956
5273656.479472766
5274082.168750417
5274507.892389697
5274933.650393357
5275359.442764179
5275785.26950495
5276211.130618424
5276637.026107385
5277062.955974617
5277488.920222877
5277914.918854947
5278340.951873617
5278767.019281639
5279193.121081799
5279619.257276886
5280045.427869653
5280471.632862889
5280897.872259381
5281324.146061883
5281750.454273186
5282176.796896075
5282603.173933309
5283029.585387673
5283456.03126196
5283882.511558925
5284309.026281358
5284735.575432046
5285162.159013751
5285588.777029259
5286015.429481362
5286442.116372819
5286868.837706419
5287295.593484943
5287722.3837111825
5288149.2083878955
5288576.067517885
5289002.9611039115
5289429.889148765
5289856.851655229
5290283.848626095
5290710.880064123
5291137.945972107
5291565.04635284
5291992.181209083
5292419.350543629
5292846.554359272
5293273.792658775
5293701.06544493
5294128.372720534
5294555.714488349
5294983.090751168
5295410.501511788
5295837.946772972
5296265.426537515
5296692.940808213
5297120.48958783
5297548.072879163
5297975.690685007
5298403.343008128
5298831.029851322
5299258.751217387
5299686.507109087
5300114.297529221
5300542.122480586
5300969.981965949
5301397.875988106
5301825.804549858
5302253.76765397
5302681.765303242
5303109.797500473
5303537.86424843
5303965.965549912
5304394.101407721
5304822.2718246225
5305250.476803417
5305678.716346907
5306106.990457861
5306535.299139078
5306963.64239336
5307392.020223476
5307820.432632229
5308248.87962241
5308677.36119682
5309105.87735823
5309534.428109452
5309963.013453259
5310391.633392452
5310820.287929825
5311248.97706818
5311677.70081029
5312106.459158958
5312535.2521169875
5312964.079687153
5313392.941872257
5313821.838675105
5314250.77009847
5314679.736145157
5315108.736817973
5315537.772119689
5315966.842053113
5316395.94662105
5316825.085826276
5317254.259671595
5317683.468159816
5318112.711293713
5318541.989076093
5318971.301509765
5319400.648597503
5319830.030342116
5320259.446746412
5320688.8978131665
5321118.383545189
5321547.90394529
5321977.459016242
5322407.048760858
5322836.673181947
5323266.332282287
5323696.0260646865
5324125.754531956
5324555.517686876
5324985.315532254
5325415.1480709035
5325845.015305602
5326274.917239161
5326704.853874394
5327134.825214078
5327564.831261026
5327994.872018051
5328424.947487933
5328855.057673484
5329285.202577518
5329715.382202816
5330145.596552191
5330575.845628457
5331006.129434395
5331436.447972819
5331866.801246534
5332297.189258353
5332727.612011059
5333158.06950748
5333588.561750395
5334019.088742622
5334449.650486966
5334880.246986242
5335310.878243234
5335741.544260759
5336172.245041634
5336602.980588642
5337033.750904602
5337464.5559923295
5337895.395854611
5338326.270494264
5338757.179914106
5339188.124116923
5339619.103105534
5340050.116882758
5340481.16545138
5340912.248814221
5341343.366974099
5341774.519933802
5342205.707696149
5342636.930263961
5343068.187640025
5343499.479827163
5343930.806828194
5344362.168645908
5344793.565283125
5345224.996742668
5345656.4630273245
5346087.964139917
5346519.500083268
5346951.070860167
5347382.676473437
5347814.3169259
5348245.992220348
5348677.702359602
5349109.447346488
5349541.2271837955
5349973.04187435
5350404.891420974
5350836.775826461
5351268.695093634
5351700.649225319
5352132.638224307
5352564.662093427
5352996.72083549
5353428.814453323
5353860.94294972
5354293.106327518
5354725.30458951
5355157.5377385225
5355589.805777374
5356022.108708889
5356454.446535864
5356886.819261125
5357319.226887502
5357751.669417789
5358184.146854814
5358616.659201407
5359049.206460363
5359481.788634512
5359914.405726681
5360347.057739669
5360779.744676306
5361212.46653942
5361645.22333181
5362078.015056306
5362510.841715737
5362943.703312904
5363376.599850636
5363809.531331765
5364242.497759091
5364675.499135444
5365108.535463656
5365541.606746527
5365974.71298689
5366407.854187577
5366841.030351388
5367274.241481157
5367707.487579717
5368140.768649869
5368574.084694445
5369007.435716282
5369440.82171818
5369874.242702973
5370307.698673496
5370741.189632553
5371174.715582976
5371608.276527603
5372041.872469236
5372475.503410712
5372909.169354864
5373342.8703045
5373776.606262452
5374210.377231549
5374644.183214627
5375078.02421449
5375511.900233988
5375945.811275925
5376379.757343138
5376813.738438454
5377247.754564715
5377681.805724722
5378115.891921317
5378550.013157339
5378984.169435592
5379418.360758918
5379852.587130157
5380286.848552114
5380721.145027632
5381155.476559549
5381589.843150673
5382024.244803847
5382458.68152191
5382893.153307672
5383327.660163973
5383762.202093657
5384196.779099532
5384631.391184441
5385066.038351225
5385500.720602694
5385935.437941693
5386370.190371064
5386804.977893617
5387239.8005121965
5387674.658229646
5388109.551048778
5388544.478972435
5388979.442003462
5389414.440144672
5389849.473398909
5390284.541769019
5390719.645257815
5391154.783868141
5391589.957602845
5392025.166464738
5392460.410456669
5392895.689581483
5393331.003841993
5393766.35324105
5394201.737781498
5394637.157466152
5395072.61229786
5395508.102279471
5395943.6274138
5396379.187703695
5396814.783152006
5397250.413761547
5397686.079535169
5398121.780475709
5398557.516586017
5398993.2878689105
5399429.0943272505
5399864.935963854
5400300.812781572
5400736.724783245
5401172.671971722
5401608.654349823
5402044.671920398
5402480.7246863
5402916.812650349
5403352.935815395
5403789.094184291
5404225.287759857
5404661.5165449465
5405097.780542411
5405534.0797550725
5405970.414185783
5406406.783837398
5406843.1887127375
5407279.628814655
5407716.104146007
5408152.614709614
5408589.160508331
5409025.741545012
5409462.3578224825
5409899.009343595
5410335.696111207
5410772.418128142
5411209.1753972545
5411645.967921402
5412082.795703409
5412519.658746133
5412956.557052429
5413393.490625123
5413830.459467071
5414267.463581134
5414704.502970134
5415141.577636932
5415578.687584385
5416015.832815319
5416453.013332594
5416890.229139068
5417327.480237569
5417764.766630955
5418202.088322088
5418639.445313794
5419076.837608933
5419514.265210357
5419951.728120924
5420389.226343463
5420826.759880848
5421264.328735906
5421701.932911499
5422139.572410479
5422577.247235708
5423014.957390014
5423452.702876261
5423890.483697313
5424328.299855999
5424766.151355182
5425204.038197727
5425641.960386463
5426079.917924257
5426517.910813971
5426955.939058437
5427394.00266052
5427832.101623086
5428270.235948967
5428708.405641028
5429146.610702134
5429584.851135119
5430023.126942849
5430461.43812819
5430899.784693977
5431338.166643076
5431776.583978354
5432215.036702645
5432653.524818818
5433092.04832974
5433530.607238246
5433969.201547204
5434407.8312594835
5434846.496377919
5435285.19690538
5435723.932844737
5436162.704198824
5436601.510970512
5437040.353162671
5437479.230778139
5437918.143819785
5438357.092290479
5438796.076193061
5439235.0955304
5439674.150305368
5440113.240520804
5440552.36617958
5440991.527284556
5441430.723838605
5441869.955844565
5442309.223305321
5442748.5262237135
5443187.864602614
5443627.238444886
5444066.6477534035
5444506.092531006
5444945.572780568
5445385.0885049645
5445824.639707035
5446264.226389658
5446703.848555705
5447143.506208019
5447583.199349476
5448022.927982952
5448462.69211129
5448902.491737365
5449342.326864054
5449782.197494201
5450222.103630682
5450662.045276375
5451102.022434124
5451542.035106805
5451982.083297298
5452422.167008447
5452862.286243131
5453302.441004228
5453742.631294583
5454182.8571170755
5454623.118474584
5455063.415369956
5455503.74780607
5455944.115785807
5456384.519312013
5456824.9583875695
5457265.433015356
5457705.943198221
5458146.488939044
5458587.070240708
5459027.687106062
5459468.339537985
5459909.02753936
5460349.7511130385
5460790.5102619
5461231.3049888285
5461672.135296673
5462113.001188317
5462553.902666633
5462994.839734505
5463435.812394783
5463876.820650362
5464317.864504094
5464758.943958863
5465200.059017543
5465641.209683018
5466082.3959581405
5466523.617845808
5466964.8753488725
5467406.168470219
5467847.497212724
5468288.861579273
5468730.26157272
5469171.697195952
5469613.168451855
5470054.675343283
5470496.217873126
5470937.79604427
5471379.409859569
5471821.059321913
5472262.744434189
5472704.465199254
5473146.221619996
5473588.013699305
5474029.841440036
5474471.70484508
5474913.603917326
5475355.53865963
5475797.509074885
5476239.51516598
5476681.556935772
5477123.634387153
5477565.747523014
5478007.896346213
5478450.0808596425
5478892.301066195
5479334.556968727
5479776.848570133
5480219.175873306
5480661.5388811035
5481103.937596421
5481546.372022151
5481988.842161153
5482431.348016323
5482873.889590552
5483316.466886704
5483759.0799076725
5484201.7286563525
5484644.413135605
5485087.133348325
5485529.88929741
5485972.68098572
5486415.508416153
5486858.371591592
5487301.270514936
5487744.205189046
5488187.175616832
5488630.181801157
5489073.223744918
5489516.301451001
5489959.414922305
5490402.564161695
5490845.749172067
5491288.969956323
5491732.226517325
5492175.518857975
5492618.84698117
5493062.210889777
5493505.610586696
5493949.046074827
5494392.5173570365
5494836.024436224
5495279.567315292
5495723.145997107
5496166.76048457
5496610.410780583
5497054.096888012
5497497.818809763
5497941.576548734
5498385.370107796
5498829.1994898515
5499273.064697802
5499716.965734518
5500160.902602904
5500604.875305861
5501048.883846261
5501492.928227006
5501937.008451004
5502381.124521121
5502825.276440266
5503269.464211341
5503713.687837219
5504157.947320805
5504602.242665005
5505046.57387269
5505490.940946768
5505935.3438901445
5506379.782705692
5506824.257396317
5507268.767964928
5507713.314414398
5508157.896747634
5508602.514967533
5509047.169077002
5509491.859078918
5509936.584976198
5510381.346771719
5510826.1444683885
5511270.978069105
5511715.847576778
5512160.752994283
5512605.694324532
5513050.671570431
5513495.68473486
5513940.733820729
5514385.818830947
5514830.939768394
5515276.09663598
5515721.289436616
5516166.5181731805
5516611.782848586
5517057.083465744
5517502.420027534
5517947.792536867
5518393.200996658
5518838.645409785
5519284.125779162
5519729.642107704
5520175.194398288
5520620.78265383
5521066.406877245
5521512.067071413
5521957.763239248
5522403.495383666
5522849.263507548
5523295.06761381
5523740.907705368
5524186.783785104
5524632.695855933
5525078.643920774
5525524.627982507
5525970.648044051
5526416.704108323
5526862.796178205
5527308.924256616
5527755.088346475
5528201.288450663
5528647.524572101
5529093.796713708
5529540.104878367
5529986.449068997
5530432.829288508
5530879.245539818
5531325.697825814
5531772.186149427
5532218.7105135415
5532665.27092108
5533111.867374952
5533558.499878078
5534005.168433345
5534451.873043674
5534898.613711989
5535345.390441175
5535792.203234155
5536239.052093852
5536685.937023155
5537132.858024986
5537579.815102269
5538026.808257892
5538473.837494779
5538920.902815856
5539368.00422401
5539815.141722166
5540262.31531325
5540709.525000151
5541156.7707857955
5541604.052673107
5542051.370664978
5542498.724764335
5542946.114974103
5543393.541297174
5543841.003736475
5544288.502294931
5544736.036975437
5545183.6077809185
5545631.214714305
5546078.857778487
5546526.536976394
5546974.252310955
5547422.003785063
5547869.791401647
5548317.6151636345
5548765.475073922
5549213.371135439
5549661.303351114
5550109.271723842
5550557.276256555
5551005.316952181
5551453.3938136175
5551901.506843795
5552349.656045645
5552797.841422063
5553246.062975982
5553694.320710334
5554142.614628014
5554590.944731957
5555039.311025082
5555487.713510322
5555936.152190577
5556384.62706879
5556833.138147861
5557281.685430722
5557730.268920297
5558178.88861952
5558627.5445312895
5559076.2366585415
5559524.965004209
5559973.729571195
5560422.530362434
5560871.36738086
5561320.240629376
5561769.150110917
5562218.0958284205
5562667.077784787
5563116.095982953
5563565.150425857
5564014.241116401
5564463.368057522
5564912.531252157
5565361.730703211
5565810.966413622
5566260.238386327
5566709.546624231
5567158.891130273
5567608.271907391
5568057.688958491
5568507.142286513
5568956.631894395
5569406.157785043
5569855.719961397
5570305.3184263995
5570754.953182955
5571204.624234005
5571654.331582489
5572104.0752313165
5572553.855183428
5573003.6714417655
5573453.524009236
5573903.412888783
5574353.338083347
5574803.29959584
5575253.297429202
5575703.331586378
5576153.4020702755
5576603.508883839
5577053.652030001
5577503.831511707
5577954.047331865
5578404.299493433
5578854.58799932
5579304.912852472
5579755.274055823
5580205.671612318
5580656.10552487
5581106.575796423
5581557.082429924
5582007.625428286
5582458.204794456
5582908.82053138
5583359.472641973
5583810.161129179
5584260.885995949
5584711.647245195
5585162.444879866
5585613.27890291
5586064.149317241
5586515.056125809
5586965.999331563
5587416.978937417
5587867.9949463215
5588319.047361227
5588770.136185048
5589221.261420735
5589672.42307124
5590123.621139478
5590574.855628401
5591026.12654096
5591477.433880072
5591928.777648689
5592380.1578497635
5592831.574486213
5593283.02756099
5593734.517077046
5594186.043037303
5594637.605444711
5595089.204302224
5595540.839612762
5595992.51137928
5596444.2196047185
5596895.964292034
5597347.745444145
5597799.563064018
5598251.417154576
5598703.3077187715
5599155.234759551
5599607.198279869
5600059.198282647
5600511.234770853
5600963.30774741
5601415.417215274
5601867.563177391
5602319.745636717
5602771.964596177
5603224.22005874
5603676.512027329
5604128.8405049015
5604581.205494406
5605033.6069988
5605486.045021009
5605938.519563991
5606391.030630707
5606843.578224081
5607296.162347073
5607748.783002643
5608201.440193718
5608654.133923258
5609106.864194224
5609559.631009541
5610012.434372174
5610465.274285082
5610918.150751192
5611371.063773467
5611824.01335487
5612276.999498327
5612730.022206803
5613183.08148326
5613636.177330626
5614089.309751866
5614542.478749943
5614995.684327787
5615448.926488361
5615902.20523463
5616355.520569526
5616808.872496011
5617262.2610170515
5617715.686135578
5618169.147854557
5618622.646176955
5619076.181105701
5619529.752643764
5619983.360794109
5620437.005559669
5620890.686943411
5621344.40494829
5621798.159577276
5622251.950833299
5622705.778719341
5623159.643238335
5623613.54439325
5624067.482187041
5624521.456622681
5624975.4677031
5625429.515431283
5625883.599810163
5626337.720842711
5626791.878531884
5627246.072880655
5627700.303891958
5628154.571568765
5628608.875914047
5629063.21693074
5629517.594621817
5629972.008990249
5630426.460038973
5630880.9477709625
5631335.47218919
5631790.033296593
5632244.631096146
5632699.26559082
5633153.936783557
5633608.644677328
5634063.389275108
5634518.170579838
5634972.98859449
5635427.8433220405
5635882.73476543
5636337.662927632
5636792.627811625
5637247.629420347
5637702.667756775
5638157.742823887
5638612.854624622
5639068.003161958
5639523.188438873
5639978.410458307
5640433.66922324
5640888.964736647
5641344.297001474
5641799.666020697
5642255.071797296
5642710.514334214
5643165.99363443
5643621.50970091
5644077.062536636
5644532.652144552
5644988.278527649
5645443.941688873
5645899.641631203
5646355.378357608
5646811.15187107
5647266.962174536
5647722.809270997
5648178.6931634
5648634.613854727
5649090.571347949
5649546.565646048
5650002.59675197
5650458.664668713
5650914.769399222
5651370.910946481
5651827.089313462
5652283.304503149
5652739.556518491
5653195.845362472
5653652.171038076
5654108.533548254
5654564.93289599
5655021.369084269
5655477.842116042
5655934.351994295
5656390.898722012
5656847.482302146
5657304.102737684
5657760.76003161
5658217.454186878
5658674.185206476
5659130.953093388
5659587.757850569
5660044.599481006
5660501.477987688
5660958.393373568
5661415.3456416335
5661872.334794874
5662329.360836244
5662786.423768733
5663243.523595328
5663700.660318987
5664157.833942699
5664615.044469453
5665072.291902206
5665529.576243948
5665986.897497659
5666444.255666328
5666901.650752913
5667359.082760419
5667816.5516918
5668274.057550049
5668731.600338149
5669189.180059089
5669646.7967158295
5670104.450311375
5670562.140848682
5671019.868330747
5671477.632760549
5671935.434141085
5672393.272475312
5672851.147766238
5673309.060016822
5673767.009230059
5674224.995408933
5674683.018556439
5675141.078675538
5675599.175769227
5676057.309840499
5676515.48089232
5676973.688927684
5677431.933949589
5677890.215960995
5678348.534964903
5678806.890964308
5679265.283962174
5679723.7139615
5680182.180965282
5680640.684976486
5681099.225998109
5681557.804033153
5682016.419084579
5682475.071155389
5682933.760248581
5683392.486367122
5683851.249514012
5684310.04969225
5684768.886904803
5685227.761154672
5685686.6724448595
5686145.62077833
5686604.606158086
5687063.62858713
5687522.688068429
5687981.784604986
5688440.918199803
5688900.088855848
5689359.296576125
5689818.541363636
5690277.823221352
5690737.142152275
5691196.498159398
5691655.891245727
5692115.321414229
5692574.788667924
5693034.2930097785
5693493.834442801
5693953.412969983
5694413.028594332
5694872.681318819
5695332.371146461
5695792.098080231
5696251.862123135
5696711.663278169
5697171.50154834
5697631.37693662
5698091.289446018
5698551.2390795415
5699011.225840164
5699471.249730894
5699931.310754741
5700391.408914677
5700851.544213713
5701311.716654859
5701771.926241088
5702232.172975411
5702692.456860838
5703152.777900346
5703613.136096943
5704073.531453642
5704533.963973419
5704994.433659284
5705454.940514252
5705915.484541296
5706376.0657434305
5706836.684123667
5707297.339684985
5707758.032430395
5708218.76236291
5708679.529485512
5709140.33380121
5709601.175313021
5710062.054023924
5710522.969936932
5710983.92305506
5711444.913381289
5711905.940918633
5712367.005670107
5712828.1076386925
5713289.246827405
5713750.423239249
5714211.636877241
5714672.887744362
5715134.17584364
5715595.501178059
5716056.863750635
5716518.263564373
5716979.700622292
5717441.174927375
5717902.686482652
5718364.235291106
5718825.821355755
5719287.444679609
5719749.1052656835
5720210.803116966
5720672.538236487
5721134.31062723
5721596.1202922175
5722057.967234457
5722519.851456969
5722981.772962741
5723443.731754792
5723905.727836144
5724367.761209785
5724829.831878736
5725291.939846018
5725754.085114621
5726216.267687565
5726678.487567875
5727140.744758537
5727603.039262576
5728065.371083015
5728527.740222842
5728990.146685083
5729452.590472762
5729915.071588866
5730377.590036424
5730840.145818457
5731302.738937958
5731765.369397951
5732228.037201463
5732690.7423514845
5733153.484851042
5733616.264703161
5734079.081910834
5734541.936477088
5735004.828404951
5735467.757697414
5735930.724357505
5736393.728388242
5736856.769792652
5737319.8485737275
5737782.9647345105
5738246.118277994
5738709.309207208
5739172.53752517
5739635.803234909
5740099.10633942
5740562.446841746
5741025.824744881
5741489.240051857
5741952.692765692
5742416.182889418
5742879.710426031
5743343.275378575
5743806.877750046
5744270.517543475
5744734.194761885
5745197.909408309
5745661.661485742
5746125.450997219
5746589.277945773
5747053.142334403
5747517.044166142
5747980.983444025
5748444.960171049
5748908.974350252
5749373.025984667
5749837.115077294
5750301.241631169
5750765.405649327
5751229.607134768
5751693.846090529
5752158.122519647
5752622.4364251215
5753086.787809991
5753551.176677292
5754015.603030026
5754480.066871231
5754944.568203947
5755409.107031172
5755873.683355949
5756338.297181314
5756802.948510271
5757267.637345859
5757732.363691118
5758197.12754905
5758661.928922699
5759126.767815089
5759591.644229263
5760056.558168225
5760521.5096350275
5760986.498632677
5761451.525164215
5761916.589232669
5762381.690841083
5762846.829992463
5763312.006689863
5763777.22093629
5764242.472734787
5764707.7620883845
5765173.089000127
5765638.453473021
5766103.855510124
5766569.295114444
5767034.772289023
5767500.287036897
5767965.839361108
5768431.4292646665
5768897.056750619
5769362.7218220085
5769828.424481847
5770294.164733181
5770759.942579055
5771225.758022481
5771691.611066505
5772157.501714175
5772623.429968501
5773089.395832533
5773555.399309317
5774021.440401865
5774487.519113226
5774953.635446449
5775419.789404545
5775885.980990565
5776352.210207558
5776818.477058537
5777284.781546552
5777751.123674653
5778217.503445854
5778683.920863207
5779150.375929761
5779616.868648532
5780083.399022571
5780549.96705493
5781016.572748624
5781483.216106705
5781949.897132226
5782416.615828204
5782883.37219769
5783350.1662437385
5783816.997969366
5784283.867377626
5784750.7744715605
5785217.719254224
5785684.701728633
5786151.721897855
5786618.77976491
5787085.875332852
5787553.008604723
5788020.17958358
5788487.388272442
5788954.634674378
5789421.918792406
5789889.2406295845
5790356.6001889575
5790823.997473582
5791291.432486479
5791758.905230706
5792226.41570932
5792693.963925345
5793161.549881836
5793629.173581854
5794096.835028421
5794564.534224596
5795032.271173437
5795500.04587797
5795967.8583412515
5796435.7085663425
5796903.596556268
5797371.5223140875
5797839.485842862
5798307.487145617
5798775.526225412
5799243.603085309
5799711.7177283345
5800179.87015755
5800648.060376017
5801116.288386762
5801584.554192848
5802052.857797338
5802521.199203257
5802989.578413672
5803457.995431644
5803926.450260201
5804394.942902408
5804863.473361327
5805332.04163999
5805800.64774146
5806269.2916688025
5806737.973425047
5807206.693013257
5807675.450436489
5808144.2456978075
5808613.078800243
5809081.949746874
5809550.858540732
5810019.805184884
5810488.789682385
5810957.812036301
5811426.872249666
5811895.970325558
5812365.106267012
5812834.280077093
5813303.491758862
5813772.741315383
5814242.028749694
5814711.354064873
5815180.717263957
5815650.118350012
5816119.557326099
5816589.034195288
5817058.548960613
5817528.101625146
5817997.692191958
5818467.3206640845
5818936.987044596
5819406.691336566
5819876.43354303
5820346.21366706
5820816.03171173
5821285.887680076
5821755.781575171
5822225.713400089
5822695.683157868
5823165.690851581
5823635.736484303
5824105.820059072
5824575.941578963
5825046.10104705
5825516.298466374
5825986.533840008
5826456.80717103
5826927.118462479
5827397.467717431
5827867.854938962
5828338.280130113
5828808.7432939615
5829279.244433584
5829749.783552022
5830220.360652353
5830690.975737643
5831161.628810971
5831632.319875379
5832103.048933957
5832573.815989748
5833044.621045831
5833515.4641052745
5833986.345171156
5834457.264246522
5834928.221334463
5835399.216438024
5835870.249560285
5836341.320704315
5836812.4298731955
5837283.577069973
5837754.762297737
5838225.985559539
5838697.246858456
5839168.5461975625
5839639.883579938
5840111.259008631
5840582.672486724
5841054.124017301
5841525.613603408
5841997.141248131
5842468.706954553
5842940.310725722
5843411.952564723
5843883.632474641
5844355.350458525
5844827.10651946
5845298.900660532
5845770.73288479
5846242.603195321
5846714.511595211
5847186.45808751
5847658.442675306
5848130.465361686
5848602.5261497
5849074.625042437
5849546.762042983
5850018.937154393
5850491.150379752
5850963.401722151
5851435.691184641
5851908.018770312
5852380.384482254
5852852.78832352
5853325.2302971985
5853797.710406381
5854270.228654121
5854742.785043511
5855215.379577639
5855688.012259561
5856160.683092369
5856633.392079142
5857106.139222972
5857578.924526916
5858051.7479940755
5858524.6096275095
5858997.509430311
5859470.447405559
5859943.423556347
5860416.437885735
5860889.4903968265
5861362.58109268
5861835.70997639
5862308.87705104
5862782.0823197225
5863255.325785498
5863728.607451461
5864201.9273207085
5864675.285396299
5865148.681681329
5865622.116178894
5866095.588892056
5866569.099823911
5867042.648977554
5867516.23635605
5867989.861962494
5868463.525799984
5868937.227871584
5869410.968180389
5869884.7467295
5870358.563521978
5870832.418560924
5871306.311849436
5871780.243390577
5872254.213187448
5872728.221243148
5873202.267560742
5873676.35214333
5874150.474994013
5874624.636115856
5875098.83551196
5875573.073185427
5876047.3491393225
5876521.663376748
5876996.0159008065
5877470.406714563
5877944.835821123
5878419.303223588
5878893.808925023
5879368.352928536
5879842.935237215
5880317.555854166
5880792.214782456
5881266.912025203
5881741.647585474
5882216.421466375
5882691.233670999
5883166.084202452
5883640.973063802
5884115.90025817
5884590.865788624
5885065.869658271
5885540.911870205
5886015.992427534
5886491.111333329
5886966.26859071
5887441.464202748
5887916.698172551
5888391.970503215
5888867.28119785
5889342.630259526
5889818.017691354
5890293.443496444
5890768.907677867
5891244.410238735
5891719.951182158
5892195.530511208
5892671.148228996
5893146.804338635
5893622.498843198
5894098.231745796
5894574.003049543
5895049.812757512
5895525.660872815
5896001.547398566
5896477.472337841
5896953.435693753
5897429.4374694135
5897905.477667901
5898381.556292328
5898857.67334581
5899333.828831423
5899810.022752282
5900286.255111502
5900762.525912161
5901238.835157375
5901715.182850258
5902191.568993891
5902667.993591388
5903144.456645854
5903620.958160404
5904097.498138121
5904574.076582132
5905050.693495518
5905527.348881396
5906004.042742874
5906480.775083066
5906957.545905056
5907434.355211974
5907911.203006904
5908388.089292961
5908865.0140732555
5909341.977350906
5909818.979128995
5910296.019410655
5910773.09819897
5911250.215497059
5911727.371308032
5912204.56563501
5912681.798481077
5913159.069849354
5913636.379742964
5914113.728164991
5914591.115118559
5915068.540606788
5915546.004632767
5916023.507199616
5916501.0483104605
5916978.627968387
5917456.246176518
5917933.902937978
5918411.598255854
5918889.332133273
5919367.104573357
5919844.915579196
5920322.765153914
5920800.653300637
5921278.580022455
5921756.545322493
5922234.549203877
5922712.591669698
5923190.672723082
5923668.792367156
5924146.95060501
5924625.147439772
5925103.382874571
5925581.656912497
5926059.969556678
5926538.3208102435
5927016.710676285
5927495.139157932
5927973.606258313
5928452.111980522
5928930.656327687
5929409.239302929
5929887.8609093735
5930366.521150119
5930845.220028305
5931323.957547029
5931802.73370942
5932281.548518598
5932760.401977695
5933239.294089805
5933718.224858074
5934197.194285599
5934676.202375511
5935155.249130931
5935634.334554992
5936113.458650791
5936592.621421463
5937071.822870141
5937551.062999923
5938030.341813943
5938509.6593153365
5938989.015507202
5939468.410392674
5939947.843974888
5940427.316256945
5940906.827241979
5941386.376933127
5941865.96533349
5942345.592446202
5942825.258274403
5943304.962821193
5943784.706089708
5944264.488083088
5944744.308804433
5945224.168256882
5945704.066443573
5946184.003367608
5946663.979032128
5947143.99344027
5947624.0465951385
5948104.138499872
5948584.269157612
5949064.4385714615
5949544.646744561
5950024.893680052
5950505.179381038
5950985.503850661
5951465.867092063
5951946.269108348
5952426.709902659
5952907.189478126
5953387.707837892
5953868.264985063
5954348.860922794
5954829.495654192
5955310.1691824
5955790.881510551
5956271.632641789
5956752.42257922
5957233.251326002
5957714.118885243
5958195.02526009
5958675.970453674
5959156.954469141
5959637.9773096
5960119.0389781995
5960600.139478083
5961081.278812362
5961562.456984183
5962043.6739966925
5962524.9298530035
5963006.224556262
5963487.558109615
5963968.930516176
5964450.341779093
5964931.791901514
5965413.280886552
5965894.808737356
5966376.375457075
5966857.981048822
5967339.625515749
5967821.308861003
5968303.0310877
5968784.7921989905
5969266.592198025
5969748.431087919
5970230.3088718215
5970712.225552887
5971194.1811342295
5971676.1756190015
5972158.209010356
5972640.281311409
5973122.392525312
5973604.54265522
5974086.731704249
5974568.959675553
5975051.226572286
5975533.532397566
5976015.877154548
5976498.260846373
5976980.683476197
5977463.1450471375
5977945.645562365
5978428.185024995
5978910.763438187
5979393.380805083
5979876.037128839
5980358.732412577
5980841.466659466
5981324.239872625
5981807.052055214
5982289.903210376
5982772.793341272
5983255.722451021
5983738.690542795
5984221.697619717
5984704.743684944
5985187.828741625
5985670.952792919
5986154.115841948
5986637.317891875
5987120.558945858
5987603.839007022
5988087.158078527
5988570.5161635345
5989053.91326517
5989537.349386593
5990020.824530968
5990504.3387014195
5990987.891901109
5991471.484133201
5991955.11540082
5992438.78570713
5992922.495055295
5993406.24344844
5993890.030889731
5994373.857382331
5994857.722929368
5995341.627534008
5995825.571199413
5996309.553928715
5996793.575725077
5997277.636591666
5997761.736531611
5998245.875548077
5998730.053644232
5999214.270823206
5999698.527088165
6000182.822442265
6000667.156888674
6001151.530430521
6001635.943070988
6002120.394813205
6002604.885660343
6003089.415615556
6003573.984682014
6004058.59286285
6004543.240161246
6005027.926580334
6005512.6521232845
6005997.416793256
6006482.220593419
6006967.063526907
6007451.945596904
6007936.866806544
6008421.827158999
6008906.826657428
6009391.865305005
6009876.943104863
6010362.060060176
6010847.216174117
6011332.411449823
6011817.645890465
6012302.919499218
6012788.232279221
6013273.584233645
6013758.975365667
6014244.405678423
6014729.875175089
6015215.383858839
6015700.931732814
6016186.518800187
6016672.145064135
6017157.810527799
6017643.515194353
6018129.259066975
6018615.042148804
6019100.86444302
6019586.725952798
6020072.626681279
6020558.566631642
6021044.545807065
6021530.56421069
6022016.621845694
6022502.718715259
6022988.854822525
6023475.030170672
6023961.244762881
6024447.498602293
6024933.791692091
6025420.124035454
6025906.495635526
6026392.906495489
6026879.3566185115
6027365.846007774
6027852.374666423
6028338.942597653
6028825.549804607
6029312.196290472
6029798.882058415
6030285.60711162
6030772.371453234
6031259.175086453
6031746.018014423
6032232.900240329
6032719.821767343
6033206.78259865
6033693.7827373985
6034180.822186772
6034667.900949957
6035155.0190301025
6035642.176430394
6036129.373154018
6036616.609204125
6037103.884583899
6037591.199296529
6038078.553345166
6038565.946732996
6039053.379463207
6039540.851538951
6040028.362963415
6040515.913739788
6041003.503871223
6041491.133360908
6041978.8022120325
6042466.510427749
6042954.258011247
6043442.044965717
6043929.871294312
6044417.737000224
6044905.642086643
6045393.5865567215
6045881.570413653
6046369.593660628
6046857.656300804
6047345.758337368
6047833.899773518
6048322.080612405
6048810.300857225
6049298.560511171
6049786.859577398
6050275.1980591
6050763.575959459
6051251.993281669
6051740.450028888
6052228.946204322
6052717.48181113
6053206.0568525065
6053694.671331636
6054183.325251712
6054672.018615896
6055160.751427394
6055649.523689369
6056138.3354050135
6056627.186577516
6057116.077210071
6057605.00730584
6058093.976868034
6058582.9858998135
6059072.034404376
6059561.122384909
6060050.249844611
6060539.416786643
6061028.623214206
6061517.869130498
6062007.154538683
6062496.479441961
6062985.843843532
6063475.24774656
6063964.691154245
6064454.17406979
6064943.696496357
6065433.25843715
6065922.859895369
6066412.50087418
6066902.181376787
6067391.90140639
6067881.660966155
6068371.460059288
6068861.298688989
6069351.176858428
6069841.094570807
6070331.051829331
6070821.048637167
6071311.084997519
6071801.160913593
6072291.276388559
6072781.431425619
6073271.626027981
6073761.8601988135
6074252.133941323
6074742.447258703
6075232.800154162
6075723.192630868
6076213.624692042
6076704.096340855
6077194.607580513
6077685.158414213
6078175.748845164
6078666.378876536
6079157.048511552
6079647.7577533815
6080138.506605237
6080629.295070314
6081120.123151822
6081610.990852936
6082101.898176877
6082592.84512682
6083083.831705975
6083574.857917542
6084065.923764731
6084557.029250717
6085048.174378713
6085539.35915193
6086030.583573544
6086521.847646768
6087013.151374816
6087504.494760863
6087995.877808121
6088487.300519806
6088978.762899095
6089470.264949202
6089961.806673341
6090453.3880746905
6090945.009156465
6091436.66992188
6091928.370374113
6092420.110516383
6092911.890351904
6093403.709883854
6093895.569115452
6094387.468049914
6094879.40669042
6095371.385040187
6095863.403102434
6096355.460880341
6096847.558377126
6097339.695596009
6097831.872540169
6098324.089212827
6098816.345617202
6099308.641756476
6099800.977633868
6100293.3532526
6100785.768615853
6101278.223726849
6101770.718588796
6102263.253204916
6102755.827578391
6103248.441712457
6103741.095610297
6104233.789275135
6104726.52271018
6105219.295918655
6105712.108903745
6106204.961668686
6106697.854216665
6107190.786550904
6107683.758674616
6108176.770591024
6108669.822303317
6109162.913814718
6109656.045128453
6110149.216247709
6110642.427175712
6111135.677915689
6111628.968470827
6112122.298844353
6112615.669039494
6113109.079059439
6113602.528907415
6114096.0185866505
6114589.548100334
6115083.117451695
6115576.72664396
6116070.375680321
6116564.064564007
6117057.793298246
6117551.561886231
6118045.370331191
6118539.218636355
6119033.106804918
6119527.034840106
6120021.002745152
6120515.01052325
6121009.05817763
6121503.145711524
6121997.273128126
6122491.440430666
6122985.647622379
6123479.894706457
6123974.181686135
6124468.5085646445
6124962.875345182
6125457.282030979
6125951.728625259
6126446.215131256
6126940.741552164
6127435.307891232
6127929.914151657
6128424.560336674
6128919.246449505
6129413.972493386
6129908.738471515
6130403.54438714
6130898.390243461
6131393.276043714
6131888.2017911235
6132383.167488925
6132878.173140321
6133373.218748559
6133868.30431684
6134363.429848404
6134858.595346473
6135353.80081429
6135849.046255053
6136344.331672003
6136839.657068377
6137335.02244738
6137830.427812251
6138325.87316623
6138821.358512519
6139316.88385436
6139812.449194994
6140308.054537623
6140803.699885489
6141299.385241836
6141795.110609866
6142290.8759928215
6142786.6813939465
6143282.5268164445
6143778.41226356
6144274.337738535
6144770.303244577
6145266.308784927
6145762.354362833
6146258.439981499
6146754.56564417
6147250.731354092
6147746.9371144725
6148243.182928555
6148739.468799587
6149235.794730776
6149732.160725368
6150228.566786598
6150725.012917712
6151221.49912192
6151718.025402481
6152214.591762604
6152711.198205539
6153207.84473452
6153704.531352795
6154201.258063576
6154698.024870124
6155194.83177565
6155691.678783404
6156188.565896623
6156685.493118556
6157182.460452416
6157679.467901466
6158176.51546892
6158673.603158027
6159170.7309720265
6159667.8989141695
6160165.106987671
6160662.355195782
6161159.643541756
6161656.972028807
6162154.3406601865
6162651.749439149
6163149.198368911
6163646.687452723
6164144.216693842
6164641.786095483
6165139.3956609
6165637.045393348
6166134.735296044
6166632.465372242
6167130.2356252
6167628.046058134
6168125.896674301
6168623.787476955
6169121.718469317
6169619.689654643
6170117.70103619
6170615.752617177
6171113.844400861
6171611.9763905015
6172110.148589318
6172608.361000569
6173106.613627511
6173604.9064733675
6174103.2395413965
6174601.612834846
6175100.026356973
6175598.480111002
6176096.974100204
6176595.508327803
6177094.082797059
6177592.69751122
6178091.352473548
6178590.047687265
6179088.783155648
6179587.558881918
6180086.37486934
6180585.231121162
6181084.127640648
6181583.064431022
6182082.04149556
6182581.058837489
6183080.116460072
6183579.21436656
6184078.3525602175
6184577.531044272
6185076.749821988
6185576.00889663
6186075.308271426
6186574.6479496425
6187074.027934544
6187573.4482293585
6188072.908837355
6188572.409761798
6189071.951005916
6189571.532572978
6190071.154466251
6190570.816688964
6191070.519244387
6191570.262135786
6192070.045366393
6192569.868939477
6193069.732858306
6193569.637126111
6194069.581746164
6194569.566721733
6195069.592056051
6195569.657752387
6196069.763814014
6196569.910244163
6197070.097046106
6197570.324223115
6198070.591778423
6198570.899715302
6199071.2480370235
6199571.636746824
6200072.065847974
6200572.5353437485
6201073.045237383
6201573.595532149
6202074.186231309
6202574.817338137
6203075.4888558695
6203576.200787794
6204076.953137146
6204577.745907202
6205078.579101225
6205579.45272249
6206080.366774235
6206581.321259749
6207082.316182271
6207583.351545076
6208084.42735143
6208585.54360461
6209086.700307855
6209587.897464443
6210089.1350776525
6210590.413150723
6211091.731686935
6211593.090689564
6212094.490161854
6212595.930107083
6213097.410528532
6213598.931429441
6214100.492813092
6214602.094682763
6215103.7370417
6215605.419893182
6216107.143240489
6216608.907086867
6217110.711435596
6217612.55628996
6218114.441653201
6218616.3675286025
6219118.333919448
6219620.340828981
6220122.388260487
6220624.476217247
6221126.604702508
6221628.773719555
6222130.983271671
6222633.233362105
6223135.523994138
6223637.855171059
6224140.226896114
6224642.639172588
6225145.092003767
6225647.585392901
6226150.119343275
6226652.693858163
6227155.308940853
6227657.964594593
6228160.660822685
6228663.397628377
6229166.175014958
6229668.992985704
6230171.851543902
6230674.750692806
6231177.690435715
6231680.670775881
6232183.691716595
6232686.753261132
6233189.855412784
6233692.998174802
6234196.181550492
6234699.405543105
6235202.670155931
6235705.975392252
6236209.321255358
6236712.707748503
6237216.13487498
6237719.602638081
6238223.111041061
6238726.660087213
6239230.249779832
6239733.88012217
6240237.5511175245
6240741.262769188
6241245.0150804175
6241748.808054507
6242252.6416947525
6242756.51600441
6243260.430986776
6243764.386645146
6244268.382982777
6244772.420002967
6245276.497709013
6245780.616104171
6246284.77519174
6246788.974975018
6247293.2154572625
6247797.496641773
6248301.818531848
6248806.181130745
6249310.584441767
6249815.02846821
6250319.5132133365
6250824.038680445
6251328.604872823
6251833.211793771
6252337.859446551
6252842.5478344755
6253347.276960808
6253852.046828849
6254356.857441887
6254861.708803226
6255366.600916127
6255871.533783906
6256376.507409828
6256881.521797193
6257386.576949295
6257891.672869435
6258396.809560878
6258901.987026942
6259407.205270892
6259912.464296032
6260417.764105655
6260923.104703065
6261428.486091529
6261933.908274353
6262439.371254841
6262944.875036262
6263450.419621923
6263956.005015128
6264461.631219149
6264967.298237289
6265473.006072858
6265978.754729126
6266484.544209397
6266990.374516983
6267496.245655152
6268002.157627213
6268508.110436474
6269014.104086208
6269520.1385797225
6270026.213920329
6270532.330111297
6271038.487155938
6271544.685057561
6272050.92381944
6272557.203444887
6273063.523937211
6273569.885299686
6274076.287535625
6274582.730648338
6275089.2146411
6275595.739517224
6276102.305280022
6276608.91193277
6277115.55947878
6277622.247921367
6278128.977263806
6278635.747509412
6279142.558661484
6279649.41072334
6280156.303698256
6280663.237589558
6281170.212400526
6281677.228134473
6282184.284794705
6282691.382384536
6283198.5209072465
6283705.700366165
6284212.920764569
6284720.182105779
6285227.4843930965
6285734.827629843
6286242.211819295
6286749.636964773
6287257.103069595
6287764.610137042
6288272.158170433
6288779.747173088
6289287.377148288
6289795.048099354
6290302.760029605
6290810.512942323
6291318.306840831
6291826.14172845
6292334.01760846
6292841.934484186
6293349.892358948
6293857.8912360305
6294365.931118756
6294874.012010448
6295382.13391439
6295890.296833905
6296398.500772318
6296906.745732914
6297415.031719016
6297923.35873395
6298431.726781001
6298940.135863495
6299448.585984757
6299957.077148072
6300465.609356769
6300974.182614172
6301482.7969235685
6301991.452288286
6302500.148711652
6303008.886196952
6303517.664747517
6304026.48436666
6304535.345057708
6305044.246823953
6305553.189668735
6306062.173595344
6306571.198607109
6307080.264707346
6307589.371899386
6308098.520186519
6308607.709572089
6309116.940059385
6309626.2116517415
6310135.524352473
6310644.8781649135
6311154.273092354
6311663.709138139
6312173.186305563
6312682.704597957
6313192.264018642
6313701.864570949
6314211.506258174
6314721.189083649
6315230.913050708
6315740.6781626465
6316250.484422798
6316760.331834499
6317270.220401042
6317780.150125764
6318290.121012
6318800.133063047
6319310.18628224
6319820.280672915
6320330.41623837
6320840.592981942
6321350.810906967
6321861.070016744
6322371.370314608
6322881.7118039
6323392.094487918
6323902.518369999
6324412.983453482
6324923.489741668
6325434.037237895
6325944.625945502
6326455.2558677895
6326965.927008099
6327476.639369769
6327987.392956101
6328498.1877704365
6329009.023816102
6329519.901096441
6330030.819614754
6330541.779374396
6331052.78037867
6331563.8226309195
6332074.906134473
6332586.030892673
6333097.196908824
6333608.404186283
6334119.652728354
6334630.94253838
6335142.273619693
6335653.645975637
6336165.059609519
6336676.514524695
6337188.010724474
6337699.548212199
6338211.126991202
6338722.747064832
6339234.408436394
6339746.111109236
6340257.855086705
6340769.640372107
6341281.466968792
6341793.334880104
6342305.244109357
6342817.194659894
6343329.186535068
6343841.219738185
6344353.294272597
6344865.410141651
6345377.567348659
6345889.7658969695
6346402.005789934
6346914.287030863
6347426.609623106
6347938.973570016
6348451.3788749045
6348963.825541123
6349476.313572021
6349988.842970915
6350501.4137411555
6351014.025886094
6351526.679409046
6352039.374313364
6352552.1106024
6353064.888279471
6353577.707347929
6354090.567811128
6354603.469672385
6355116.412935053
6355629.397602487
6356142.423678005
6356655.491164961
6357168.600066697
6357681.750386571
6358194.942127899
6358708.17529405
6359221.449888344
6359734.765914136
6360248.12337477
6360761.522273606
6361274.962613961
6361788.444399206
6362301.967632662
6362815.532317686
6363329.138457625
6363842.786055839
6364356.475115647
6364870.205640408
6365383.977633485
6365897.791098197
6366411.646037905
6366925.54245597
6367439.480355714
6367953.4597405
6368467.480613687
6368981.5429786
6369495.6468386
6370009.7921970505
6370523.979057274
6371038.207422635
6371552.477296495
6372066.7886821795
6372581.141583053
6373095.5360024795
6373609.971943783
6374124.44941033
6374638.968405483
6375153.5289325705
6375668.130994957
6376182.774596008
6376697.459739051
6377212.186427452
6377726.954664578
6378241.764453756
6378756.615798353
6379271.508701738
6379786.443167238
6380301.419198221
6380816.436798056
6381331.495970071
6381846.596717637
6382361.7390441075
6382876.922952854
6383392.148447205
6383907.415530545
6384422.724206204
6384938.074477552
6385453.466347948
6385968.899820762
6386484.374899325
6386999.891587024
6387515.44988719
6388031.049803195
6388546.6913383985
6389062.374496173
6389578.099279852
6390093.865692809
6390609.673738417
6391125.523420012
6391641.414740965
6392157.347704652
6392673.322314409
6393189.338573609
6393705.396485627
6394221.496053801
6394737.637281504
6395253.820172115
6395770.044728968
6396286.310955441
6396802.61885491
6397318.968430713
6397835.359686227
6398351.792624828
6398868.267249857
6399384.783564691
6399901.341572708
6400417.941277249
6400934.58268169
6401451.265789412
6401967.990603754
6402484.757128096
6403001.565365819
6403518.415320263
6404035.306994808
6404552.240392836
6405069.215517688
6405586.232372744
6406103.290961388
6406620.391286961
6407137.533352845
6407654.717162411
6408171.942719039
6408689.210026075
6409206.519086913
6409723.8699049
6410241.262483418
6410758.696825838
6411276.172935544
6411793.690815882
6412311.250470249
6412828.851901991
6413346.495114495
6413864.180111132
6414381.906895288
6414899.67547031
6415417.485839598
6415935.338006498
6416453.2319744
6416971.167746674
6417489.145326711
6418007.164717859
6418525.225923504
6419043.3289470365
6419561.473791805
6420079.660461199
6420597.888958606
6421116.159287378
6421634.471450904
6422152.8254525745
6422671.2212957395
6423189.65898379
6423708.138520118
6424226.659908073
6424745.223151048
6425263.828252434
6425782.475215584
6426301.164043889
6426819.8947407445
6427338.6673095
6427857.481753551
6428376.338076291
6428895.236281072
6429414.17637129
6429933.158350338
6430452.182221571
6430971.247988385
6431490.3556541735
6432009.505222292
6432528.696696137
6433047.930079091
6433567.20537455
6434086.522585872
6434605.881716464
6435125.282769685
6435644.725748932
6436164.21065759
6436683.737499055
6437203.306276688
6437722.916993898
6438242.569654046
6438762.264260529
6439282.000816734
6439801.77932606
6440321.599791867
6440841.4622175675
6441361.366606523
6441881.312962135
6442401.30128779
6442921.331586887
6443441.403862791
6443961.518118902
6444481.674358622
6445001.872585313
6445522.112802379
6446042.395013221
6446562.719221203
6447083.085429727
6447603.493642199
6448123.943861981
6448644.436092478
6449164.970337094
6449685.5465991935
6450206.164882183
6450726.825189466
6451247.527524409
6451768.271890417
6452289.058290896
6452809.886729214
6453330.757208777
6453851.66973299
6454372.624305222
6454893.620928881
6455414.659607372
6455935.740344067
6456456.86314237
6456978.028005693
6457499.234937403
6458020.48394091
6458541.775019622
6459063.10817691
6459584.483416183
6460105.900740853
6460627.360154287
6461148.861659899
6461670.405261085
6462191.990961257
6462713.618763788
6463235.288672099
6463757.000689566
6464278.7548196
6464800.5510656
6465322.389430978
6465844.26991911
6466366.192533421
6466888.157277285
6467410.164154116
6467932.213167315
6468454.304320297
6468976.437616437
6469498.613059148
6470020.830651849
6470543.090397912
6471065.392300755
6471587.736363794
6472110.122590405
6472632.550984005
6473155.021548012
6473677.534285802
6474200.089200794
6474722.686296404
6475245.325576011
6475768.007043035
6476290.730700891
6476813.496552962
6477336.304602665
6477859.15485342
6478382.047308607
6478904.981971646
6479427.958845956
6479950.97793492
6480474.0392419575
6480997.14277049
6481520.288523898
6482043.4765056055
6482566.7067190325
6483089.979167562
6483613.293854616
6484136.650783618
6484660.049957951
6485183.491381038
6485706.975056303
6486230.500987129
6486754.069176942
6487277.679629152
6487801.3323471835
6488325.027334422
6488848.764594306
6489372.544130222
6489896.365945594
6490420.230043836
6490944.136428375
6491468.085102596
6491992.07606994
6492516.109333795
6493040.184897588
6493564.302764732
6494088.462938658
6494612.6654227525
6495136.910220457
6495661.197335161
6496185.526770295
6496709.8985292725
6497234.312615525
6497758.769032442
6498283.267783454
6498807.80887199
6499332.392301444
6499857.0180752445
6500381.686196824
6500906.396669572
6501431.149496924
6501955.944682309
6502480.782229123
6503005.662140795
6503530.584420759
6504055.54907241
6504580.55609918
6505105.6055045035
6505630.697291775
6506155.8314644275
6506681.008025897
6507206.226979578
6507731.488328905
6508256.792077315
6508782.138228202
6509307.526785005
6509832.957751157
6510358.431130056
6510883.946925139
6511409.505139844
6511935.105777566
6512460.748841745
6512986.434335805
6513512.162263184
6514037.93262728
6514563.745431547
6515089.600679383
6515615.4983742265
6516141.438519505
6516667.421118658
6517193.446175086
6517719.513692243
6518245.623673529
6518771.776122386
6519297.97104224
6519824.208436535
6520350.488308672
6520876.810662106
6521403.175500239
6521929.582826516
6522456.032644364
6522982.5249572275
6523509.05976851
6524035.637081656
6524562.2569001075
6525088.91922727
6525615.624066589
6526142.3714215085
6526669.1612954335
6527195.99369181
6527722.868614084
6528249.78606566
6528776.746049987
6529303.748570509
6529830.7936306335
6530357.881233809
6530885.01138348
6531412.184083058
6531939.399335988
6532466.65714572
6532993.957515661
6533521.3004492605
6534048.685949967
6534576.114021191
6535103.5846663825
6535631.097888989
6536158.653692423
6536686.252080135
6537213.893055573
6537741.576622151
6538269.302783319
6538797.071542528
6539324.882903191
6539852.736868761
6540380.633442687
6540908.572628384
6541436.554429306
6541964.578848891
6542492.645890593
6543020.755557826
6543548.907854057
6544077.102782701
6544605.340347212
6545133.620551032
6545661.943397616
6546190.308890379
6546718.717032791
6547247.167828267
6547775.661280265
6548304.197392226
6548832.776167608
6549361.397609828
6549890.061722344
6550418.768508613
6550947.517972052
6551476.310116122
6552005.1449442785
6552534.022459942
6553062.942666571
6553591.905567625
6554120.911166524
6554649.9594667265
6555179.050471695
6555708.184184847
6556237.360609647
6556766.5797495525
6557295.841607987
6557825.146188411
6558354.493494286
6558883.883529035
6559413.316296121
6559942.791799005
6560472.310041111
6561001.871025902
6561531.474756842
6562061.121237354
6562590.810470902
6563120.542460952
6563650.317210927
6564180.134724292
6564709.995004512
6565239.898055014
6565769.843879263
6566299.832480724
6566829.863862825
6567359.93802903
6567890.054982795
6568420.214727587
6568950.417266833
6569480.662604013
6570010.950742556
6570541.28168593
6571071.655437591
6571602.0720010055
6572132.531379606
6572663.033576872
6573193.578596235
6573724.166441165
6574254.797115117
6574785.470621564
6575316.186963935
6575846.946145715
6576377.748170336
6576908.593041268
6577439.480761971
6577970.411335917
6578501.384766538
6579032.401057306
6579563.460211695
6580094.562233138
6580625.70712511
6581156.894891081
6581688.12553449
6582219.399058808
6582750.715467511
6583282.074764033
6583813.47695185
6584344.922034438
6584876.410015231
6585407.940897707
6585939.514685342
6586471.131381571
6587002.790989874
6587534.493513725
6588066.238956563
6588598.027321866
6589129.858613112
6589661.7328337375
6590193.649987224
6590725.610077048
6591257.61310665
6591789.659079509
6592321.747999104
6592853.879868876
6593386.054692306
6593918.272472858
6594450.533214017
6594982.836919221
6595515.1835919665
6596047.573235694
6596580.005853886
6597112.481450011
6597645.000027553
6598177.561589953
6598710.166140708
6599242.813683261
6599775.504221097
6600308.237757685
6600841.014296509
6601373.833841016
6601906.696394701
6602439.60196101
6602972.55054343
6603505.542145431
6604038.5767705
6604571.654422084
6605104.775103668
6605637.938818738
6606171.145570743
6606704.395363169
6607237.688199504
6607771.024083196
6608304.403017733
6608837.825006603
6609371.290053255
6609904.798161178
6610438.349333862
6610971.9435747545
6611505.5808873465
6612039.261275128
6612572.98474155
6613106.7512901025
6613640.560924276
6614174.413647522
6614708.309463332
6615242.248375199
6615776.230386574
6616310.255500948
6616844.323721816
6617378.435052629
6617912.589496881
6618446.787058066
6618981.027739637
6619515.311545087
6620049.638477899
6620584.008541567
6621118.421739545
6621652.878075343
6622187.377552413
6622721.920174255
6623256.50594435
6623791.134866193
6624325.8069432415
6624860.522179007
6625395.280576943
6625930.082140551
6626464.926873312
6626999.8147787275
6627534.745860252
6628069.7201213995
6628604.737565628
6629139.798196438
6629674.902017313
6630210.049031755
6630745.239243222
6631280.472655215
6631815.749271236
6632351.069094744
6632886.43212924
6633421.838378225
6633957.287845163
6634492.780533552
6635028.3164468985
6635563.895588662
6636099.517962346
6636635.183571453
6637170.892419448
6637706.644509832
6638242.439846112
6638778.27843175
6639314.16027025
6639850.085365118
6640386.053719819
6640922.065337857
6641458.120222739
6641994.21837793
6642530.359806936
6643066.544513265
6643602.772500381
6644139.043771792
6644675.358331007
6645211.716181491
6645748.117326753
6646284.561770301
6646821.049515604
6647357.58056617
6647894.154925507
6648430.772597086
6648967.433584414
6649504.137890991
6650040.885520324
6650577.676475885
6651114.510761198
6651651.388379732
6652188.309335
6652725.2736305
6653262.281269744
6653799.332256203
6654336.426593402
6654873.564284816
6655410.745333957
6655947.969744323
6656485.23751943
6657022.54866275
6657559.903177798
6658097.301068087
6658634.742337094
6659172.226988331
6659709.755025316
6660247.326451521
6660784.941270465
6661322.599485663
6661860.30110059
6662398.046118764
6662935.834543701
6663473.666378879
6664011.541627814
6664549.460294026
6665087.42238099
6665625.427892227
6666163.476831254
6666701.569201549
6667239.705006633
6667777.884250024
6668316.106935203
6668854.37306569
6669392.682645003
6669931.035676625
6670469.432164076
6671007.872110876
6671546.355520507
6672084.882396492
6672623.452742351
6673162.066561568
6673700.723857664
6674239.424634162
6674778.168894546
6675316.956642339
6675855.78788105
6676394.662614205
6676933.580845287
6677472.542577834
6678011.54781533
6678550.5965613015
6679089.68881926
6679628.824592731
6680168.0038852
6680707.226700207
6681246.493041238
6681785.802911821
6682325.156315467
6682864.553255707
6683403.993736026
6683943.477759967
6684483.005331015
6685022.576452702
6685562.191128542
6686101.849362063
6686641.5511567565
6687181.29651615
6687721.085443774
6688260.91794312
6688800.794017717
6689340.713671096
6689880.676906748
6690420.683728204
6690960.734138997
6691500.828142617
6692040.965742597
6692581.14694247
6693121.371745728
6693661.640155904
6694201.952176531
6694742.307811103
6695282.707063154
6695823.149936219
6696363.6364337895
6696904.166559403
6697444.740316594
6697985.357708856
6698526.018739727
6699066.723412742
6699607.471731395
6700148.263699226
6700689.09931977
6701229.978596523
6701770.901533023
6702311.868132795
6702852.878399377
6703393.932336265
6703935.029947013
6704476.171235118
6705017.35620412
6705558.584857545
6706099.857198932
6706641.1732317805
6707182.532959646
6707723.9363860255
6708265.383514462
6708806.874348483
6709348.408891629
6709889.987147402
6710431.609119358
6710973.274810997
6711514.984225863
6712056.737367485
6712598.534239405
6713140.374845128
6713682.259188196
6714224.187272154
6714766.1591005055
6715308.174676795
6715850.234004566
6716392.337087326
6716934.483928617
6717476.674531988
6718018.908900942
6718561.187039026
6719103.508949787
6719645.874636731
6720188.284103406
6720730.7373533575
6721273.234390094
6721815.775217163
6722358.359838113
6722900.988256453
6723443.660475729
6723986.376499494
6724529.136331253
6725071.939974558
6725614.787432958
6726157.678709964
6726700.6138091255
6727243.592733994
6727786.615488079
6728329.682074932
6728872.792498107
6729415.946761113
6729959.144867502
6730502.386820829
6731045.672624604
6731589.00228238
6732132.375797699
6732675.793174113
6733219.254415137
6733762.759524336
6734306.308505227
6734849.901361363
6735393.538096286
6735937.218713553
6736480.943216676
6737024.711609227
6737568.523894721
6738112.380076714
6738656.28015875
6739200.224144386
6739744.212037139
6740288.243840566
6740832.3195582265
6741376.439193636
6741920.602750355
6742464.810231942
6743009.061641914
6743553.356983832
6744097.696261256
6744642.079477704
6745186.506636738
6745730.977741917
6746275.492796761
6746820.051804833
6747364.6547696935
6747909.301694863
6748453.992583904
6748998.72744038
6749543.50626781
6750088.32906976
6750633.195849792
6751178.106611428
6751723.061358233
6752268.06009377
6752813.102821563
6753358.189545177
6753903.320268177
6754448.494994087
6754993.713726472
6755538.976468899
6756084.283224893
6756629.633998019
6757175.028791846
6757720.467609898
6758265.950455743
6758811.477332936
6759357.048245043
6759902.663195592
6760448.322188166
6760994.025226291
6761539.772313538
6762085.563453461
6762631.39864963
6763177.277905574
6763723.2012248775
6764269.168611069
6764815.18006772
6765361.235598387
6765907.335206642
6766453.478896015
6766999.666670092
6767545.8985324055
6768092.174486525
6768638.4945360115
6769184.858684438
6769731.266935337
6770277.719292281
6770824.215758845
6771370.756338562
6771917.341035006
6772463.969851752
6773010.642792334
6773557.359860327
6774104.121059308
6774650.92639281
6775197.775864411
6775744.669477686
6776291.607236172
6776838.589143446
6777385.6152030835
6777932.6854186235
6778479.799793643
6779026.95833172
6779574.161036392
6780121.407911237
6780668.698959837
6781216.034185726
6781763.413592488
6782310.837183701
6782858.304962903
6783405.816933677
6783953.373099602
6784500.973464218
6785048.618031108
6785596.306803838
6786144.039785992
6786691.816981111
6787239.638392789
6787787.50402457
6788335.413880036
6788883.367962757
6789431.366276317
6789979.408824259
6790527.495610181
6791075.6266376255
6791623.801910179
6792172.021431412
6792720.285204909
6793268.593234217
6793816.945522933
6794365.342074605
6794913.782892817
6795462.267981144
6796010.797343173
6796559.3709824495
6797107.988902561
6797656.651107098
6798205.357599605
6798754.108383671
6799302.903462887
6799851.742840799
6800400.626520997
6800949.554507071
6801498.52680257
6802047.5434110835
6802596.604336204
6803145.709581479
6803694.859150502
6804244.053046863
6804793.291274113
6805342.573835844
6805891.900735649
6806441.27197708
6806990.687563728
6807540.147499188
6808089.651787011
6808639.200430793
6809188.793434125
6809738.430800564
6810288.112533701
6810837.838637133
6811387.609114414
6811937.42396914
6812487.283204907
6813037.186825267
6813587.13483382
6814137.127234162
6814687.164029848
6815237.245224475
6815787.370821628
6816337.540824904
6816887.755237861
6817438.014064111
6817988.31730721
6818538.664970758
6819089.057058342
6819639.49357356
6820189.974519972
6820740.49990119
6821291.069720776
6821841.6839823285
6822392.342689435
6822943.045845699
6823493.793454678
6824044.585519976
6824595.422045195
6825146.303033896
6825697.228489681
6826248.198416155
6826799.212816878
6827350.2716954565
6827901.375055492
6828452.522900548
6829003.71523423
6829554.9520601425
6830106.233381849
6830657.559202955
6831208.929527067
6831760.3443577485
6832311.803698607
6832863.3075532485
6833414.855925239
6833966.448818185
6834518.0862356955
6835069.768181335
6835621.494658713
6836173.265671438
6836725.081223075
6837276.941317236
6837828.84595753
6838380.795147522
6838932.788890826
6839484.827191048
6840036.910051761
6840589.037476573
6841141.209469096
6841693.4260329
6842245.687171596
6842797.992888783
6843350.343188073
6843902.738073036
6844455.177547299
6845007.661614435
6845560.190278055
6846112.763541762
6846665.381409166
6847218.043883842
6847770.750969419
6848323.502669469
6848876.298987608
6849429.1399274375
6849982.025492572
6850534.955686587
6851087.930513099
6851640.949975723
6852194.014078037
6852747.122823656
6853300.276216199
6853853.47425924
6854406.716956398
6854960.004311293
6855513.336327501
6856066.713008639
6856620.134358329
6857173.600380148
6857727.111077715
6858280.66645465
6858834.266514534
6859387.911260986
6859941.600697626
6860495.334828036
6861049.113655835
6861602.937184647
6862156.805418052
6862710.718359671
6863264.676013129
6863818.678382005
6864372.725469924
6864926.8172805095
6865480.953817342
6866035.135084049
6866589.361084252
6867143.631821535
6867697.947299523
6868252.307521842
6868806.712492076
6869361.162213849
6869915.656690776
6870470.195926482
6871024.779924552
6871579.408688628
6872134.082222296
6872688.800529181
6873243.563612901
6873798.3714770805
6874353.224125309
6874908.121561228
6875463.063788426
6876018.050810532
6876573.0826311605
6877128.159253944
6877683.280682469
6878238.44692038
6878793.6579712685
6879348.913838764
6879904.214526484
6880459.56003806
6881014.950377084
6881570.385547187
6882125.865552003
6882681.390395121
6883236.960080176
6883792.5746108005
6884348.233990588
6884903.938223172
6885459.687312186
6886015.4812612245
6886571.320073921
6887127.203753912
6887683.13230479
6888239.105730194
6888795.124033756
6889351.187219073
6889907.295289782
6890463.44824952
6891019.646101881
6891575.8888505045
6892132.176499028
6892688.509051047
6893244.886510201
6893801.308880129
6894357.776164427
6894914.288366737
6895470.845490696
6896027.447539903
6896584.094517998
6897140.78642861
6897697.523275377
6898254.3050619
6898811.131791834
6899368.003468778
6899924.920096375
6900481.881678253
6901038.888218056
6901595.939719384
6902153.036185894
6902710.177621188
6903267.364028909
6903824.595412688
6904381.871776171
6904939.193122958
6905496.559456709
6906053.970781028
6906611.42709956
6907168.928415937
6907726.474733806
6908284.06605677
6908841.7023884775
6909399.383732575
6909957.110092667
6910514.881472402
6911072.697875428
6911630.559305351
6912188.46576582
6912746.417260483
6913304.413792948
6913862.455366864
6914420.5419858815
6914978.673653607
6915536.850373693
6916095.072149788
6916653.338985503
6917211.650884487
6917770.007850393
6918328.40988683
6918886.85699745
6919445.349185906
6920003.886455809
6920562.468810812
6921121.096254567
6921679.768790686
6922238.486422823
6922797.249154633
6923356.056989728
6923914.909931761
6924473.80798439
6925032.751151226
6925591.739435926
6926150.7728421455
6926709.851373498
6927268.975033641
6927828.143826216
6928387.357754882
6928946.616823253
6929505.921035001
6930065.270393742
6930624.664903135
6931184.104566823
6931743.5893884655
6932303.11937168
6932862.69452014
6933422.314837462
6933981.980327308
6934541.690993323
6935101.446839168
6935661.247868462
6936221.094084865
6936780.985492041
6937340.9220936075
6937900.903893229
6938460.930894565
6939021.003101237
6939581.120516909
6940141.283145244
6940701.490989863
6941261.74405443
6941822.042342611
6942382.3858580245
6942942.774604339
6943503.208585218
6944063.687804284
6944624.212265204
6945184.781971644
6945745.396927226
6946306.057135619
6946866.76260049
6947427.513325462
6947988.309314203
6948549.150570382
6949110.0370976245
6949670.968899597
6950231.945979971
6950792.968342371
6951354.035990467
6951915.148927929
6952476.307158384
6953037.510685502
6953598.759512953
6954160.0536443675
6954721.393083415
6955282.777833752
6955844.207899053
6956405.683282943
6956967.203989113
6957528.770021191
6958090.381382849
6958652.038077747
6959213.740109559
6959775.487481916
6960337.280198506
6960899.118262961
6961461.001678954
6962022.930450148
6962584.904580218
6963146.924072796
6963708.988931572
6964271.09916018
6964833.2547622975
6965395.455741586
6965957.702101722
6966519.993846341
6967082.330979121
6967644.713503739
6968207.141423831
6968769.614743075
6969332.133465151
6969894.697593695
6970457.307132386
6971019.962084904
6971582.662454886
6972145.408246014
6972708.199461967
6973271.0361063825
6973833.918182943
6974396.845695331
6974959.8186471835
6975522.837042183
6976085.900884013
6976649.010176313
6977212.164922765
6977775.365127054
6978338.61079282
6978901.901923747
6979465.238523519
6980028.620595777
6980592.048144208
6981155.521172496
6981719.039684283
6982282.603683254
6982846.213173082
6983409.868157454
6983973.568640012
6984537.314624459
6985101.106114438
6985664.943113636
6986228.825625728
6986792.753654402
6987356.727203302
6987920.746276133
6988484.810876539
6989048.921008211
6989613.076674823
6990177.277880065
6990741.524627586
6991305.816921089
6991870.154764222
6992434.538160677
6992998.96711413
6993563.441628274
6994127.961706756
6994692.52735327
6995257.138571508
6995821.79536512
6996386.4977378
6996951.245693239
6997516.039235091
6998080.878367047
6998645.763092804
6999210.6934160115
6999775.669340366
7000340.690869561
7000905.758007252
7001470.870757132
7002036.029122898
7002601.233108204
7003166.482716747
7003731.777952222
7004297.118818286
7004862.505318635
7005427.937456967
7005993.415236939
7006558.938662247
7007124.507736591
7007690.122463626
7008255.782847053
7008821.488890572
7009387.240597839
7009953.037972555
7010518.881018419
7011084.7697390895
7011650.70413827
7012216.684219658
7012782.709986916
7013348.781443745
7013914.898593832
7014481.0614408795
7015047.26998855
7015613.524240558
7016179.824200566
7016746.169872277
7017312.561259382
7017878.998365585
7018445.481194547
7019012.009749988
7019578.58403557
7020145.204054999
7020711.869811967
7021278.58131018
7021845.338553301
7022412.141545038
7022978.990289097
7023545.884789142
7024112.8250488825
7024679.811072025
7025246.842862237
7025813.920423225
7026381.043758699
7026948.212872324
7027515.42776781
7028082.688448869
7028649.994919166
7029217.347182411
7029784.745242316
7030352.189102549
7030919.678766821
7031487.214238843
7032054.795522285
7032622.422620859
7033190.095538277
7033757.814278209
7034325.578844368
7034893.389240469
7035461.24547018
7036029.147537217
7036597.095445294
7037165.089198082
7037733.128799296
7038301.214252652
7038869.345561822
7039437.522730522
7040005.745762467
7040574.014661332
7041142.3294308325
7041710.690074673
7042279.096596569
7042847.549000195
7043416.047289284
7043984.591467512
7044553.181538596
7045121.817506241
7045690.499374166
7046259.227146048
7046828.00082562
7047396.82041656
7047965.685922588
7048534.59734741
7049103.554694748
7049672.5579682775
7050241.607171738
7050810.702308805
7051379.843383202
7051949.030398637
7052518.263358833
7053087.54226747
7053656.867128271
7054226.237944959
7054795.654721215
7055365.117460765
7055934.626167332
7056504.1808445975
7057073.781496287
7057643.428126126
7058213.120737797
7058782.859335026
7059352.64392154
7059922.474501021
7060492.351077197
7061062.273653796
7061632.242234501
7062202.25682304
7062772.317423142
7063342.42403849
7063912.576672817
7064482.775329848
7065053.02001327
7065623.310726814
7066193.64747421
7066764.030259144
7067334.459085346
7067904.933956548
7068475.454876438
7069046.021848747
7069616.634877192
7070187.293965505
7070757.999117377
7071328.750336553
7071899.547626724
7072470.390991622
7073041.280434967
7073612.215960492
7074183.1975718895
7074754.225272908
7075325.299067237
7075896.418958614
7076467.584950759
7077038.797047407
7077610.055252252
7078181.359569045
7078752.710001477
7079324.106553287
7079895.549228197
7080467.0380299445
7081038.572962224
7081610.154028773
7082181.781233331
7082753.454579593
7083325.174071298
7083896.9397121845
7084468.75150595
7085040.609456333
7085612.513567076
7086184.463841874
7086756.460284469
7087328.502898601
7087900.591687969
7088472.726656314
7089044.907807379
7089617.135144862
7090189.408672506
7090761.728394054
7091334.094313206
7091906.506433706
7092478.964759296
7093051.469293678
7093624.020040597
7094196.617003797
7094769.260186979
7095341.9495938895
7095914.685228274
7096487.467093835
7097060.295194318
7097633.169533455
7098206.090114994
7098779.056942638
7099352.070020149
7099925.129351232
7100498.234939634
7101071.38678909
7101644.584903347
7102217.829286112
7102791.119941149
7103364.456872163
7103937.840082904
7104511.269577109
7105084.745358527
7105658.267430866
7106231.835797891
7106805.450463311
7107379.111430877
7107952.818704326
7108526.5722874105
7109100.372183841
7109674.218397369
7110248.1109317485
7110822.049790689
7111396.034977944
7111970.066497268
7112544.144352372
7113118.268547011
7113692.43908494
7114266.65596987
7114840.919205558
7115415.2287957575
7115989.584744184
7116563.987054593
7117138.435730741
7117712.930776342
7118287.472195153
7118862.059990932
7119436.694167394
7120011.374728297
7120586.101677399
7121160.875018417
7121735.694755108
7122310.560891233
7122885.47343051
7123460.432376696
7124035.437733552
7124610.489504797
7125185.587694191
7125760.732305496
7126335.92334243
7126911.160808754
7127486.444708231
7128061.77504458
7128637.151821564
7129212.575042932
7129788.044712447
7130363.5608338285
7130939.123410857
7131514.732447252
7132090.387946779
7132666.089913188
7133241.838350243
7133817.6332616685
7134393.4746512445
7134969.362522692
7135545.29687978
7136121.277726258
7136697.305065895
7137273.378902416
7137849.499239585
7138425.666081173
7139001.879430905
7139578.1392925475
7140154.445669872
7140730.798566601
7141307.197986508
7141883.6439333595
7142460.136410884
7143036.675422851
7143613.260973032
7144189.893065154
7144766.571702989
7145343.296890307
7145920.068630839
7146496.886928355
7147073.75178663
7147650.663209391
7148227.6212004125
7148804.6257634675
7149381.676902286
7149958.774620643
7150535.918922313
7151113.109811025
7151690.347290557
7152267.631364682
7152844.962037133
7153422.339311687
7153999.763192118
7154577.233682161
7155154.750785592
7155732.314506188
7156309.924847683
7156887.581813855
7157465.285408467
7158043.035635298
7158620.832498083
7159198.676000616
7159776.56614663
7160354.502939908
7160932.486384214
7161510.516483328
7162088.5932409875
7162666.716660987
7163244.886747064
7163823.103503001
7164401.366932564
7164979.677039537
7165558.033827656
7166136.43730072
7166714.887462468
7167293.384316682
7167871.927867133
7168450.518117604
7169029.155071835
7169607.838733612
7170186.569106718
7170765.346194895
7171344.170001929
7171923.040531605
7172501.957787665
7173080.921773897
7173659.932494085
7174238.989951975
7174818.0941513525
7175397.2450960055
7175976.442789678
7176555.687236159
7177134.978439236
7177714.316402654
7178293.701130203
7178873.132625672
7179452.610892805
7180032.135935395
7180611.707757231
7181191.326362059
7181770.991753672
7182350.70393586
7182930.4629123695
7183510.268686994
7184090.121263525
7184670.020645712
7185249.966837347
7185829.959842207
7186409.999664089
7186990.086306739
7187570.219773968
7188150.400069526
7188730.627197207
7189310.901160792
7189891.221964076
7190471.58961081
7191052.004104806
7191632.465449815
7192212.973649632
7192793.528708043
7193374.130628841
7193954.779415783
7194535.475072678
7195116.217603283
7195697.007011394
7196277.843300797
7196858.726475289
7197439.656538626
7198020.633494608
7198601.657347035
7199182.728099662
7199763.84575629
7200345.010320719
7200926.221796708
7201507.480188057
7202088.785498567
7202670.137731998
7203251.5368921505
7203832.982982828
7204414.476007789
7204996.015970837
7205577.602875776
7206159.236726363
7206740.917526406
7207322.645279707
7207904.419990028
7208486.241661173
7209068.110296949
7209650.0259011155
7210231.988477479
7210813.998029847
7211396.05456198
7211978.158077687
7212560.308580775
7213142.506075005
7213724.750564188
7214307.04205213
7214889.380542596
7215471.766039395
7216054.198546336
7216636.678067184
7217219.204605748
7217801.778165825
7218384.398751223
7218967.066365711
7219549.781013113
7220132.542697197
7220715.351421773
7221298.207190639
7221881.110007607
7222464.059876447
7223047.056800984
7223630.100784987
7224213.191832271
7224796.329946634
7225379.51513189
7225962.74739181
7226546.026730206
7227129.353150896
7227712.7266576495
7228296.147254282
7228879.61494461
7229463.129732405
7230046.691621482
7230630.300615661
7231213.956718712
7231797.659934454
7232381.410266704
7232965.207719235
7233549.052295866
7234132.944000417
7234716.88283666
7235300.868808418
7235884.901919506
7236468.982173702
7237053.1095748255
7237637.284126698
7238221.505833095
7238805.774697838
7239390.090724749
7239974.453917603
7240558.864280225
7241143.321816435
7241727.826530012
7242312.37842478
7242896.977504562
7243481.623773135
7244066.317234326
7244651.0578919565
7245235.8457498085
7245820.680811706
7246405.563081459
7246990.492562894
7247575.469259791
7248160.493175992
7248745.564315278
7249330.682681476
7249915.848278399
7250501.061109872
7251086.3211796805
7251671.628491666
7252256.9830496125
7252842.384857349
7253427.833918689
7254013.330237461
7254598.873817451
7255184.464662504
7255770.1027764045
7256355.788162983
7256941.520826056
7257527.300769453
7258113.1279969625
7258699.002512416
7259284.9243196435
7259870.893422435
7260456.909824622
7261042.973530037
7261629.08454247
7262215.242865752
7262801.44850372
7263387.701460161
7263974.001738911
7264560.349343803
7265146.744278628
7265733.1865472235
7266319.676153422
7266906.213101016
7267492.7973938435
7268079.429035738
7268666.108030494
7269252.834381949
7269839.608093939
7270426.4291702565
7271013.297614742
7271600.213431233
7272187.176623522
7272774.187195451
7273361.245150858
7273948.350493536
7274535.503227329
7275122.703356058
7275709.950883567
7276297.245813652
7276884.588150167
7277471.97789691
7278059.415057723
7278646.899636434
7279234.431636884
7279822.011062872
7280409.637918255
7280997.312206834
7281585.033932449
7282172.803098933
7282760.619710128
7283348.483769834
7283936.395281912
7284524.354250161
7285112.360678428
7285700.414570543
7286288.515930354
7286876.66476166
7287464.861068309
7288053.104854149
7288641.396122982
7289229.7348786555
7289818.121125017
7290406.5548658725
7290995.0361050675
7291583.564846453
7292172.141093834
7292760.764851059
7293349.436121977
7293938.154910395
7294526.921220164
7295115.735055133
7295704.596419109
7296293.505315945
7296882.46174949
7297471.465723554
7298060.517241987
7298649.616308644
7299238.762927333
7299827.957101906
7300417.198836217
7301006.488134074
7301595.824999334
7302185.209435849
7302774.641447431
7303364.121037935
7303953.648211216
7304543.222971084
7305132.845321396
7305722.51526601
7306312.232808734
7306901.99795343
7307491.810703936
7308081.671064112
7308671.579037772
7309261.534628786
7309851.537840971
7310441.588678185
7311031.687144271
7311621.833243091
7312212.026978456
7312802.268354246
7313392.557374273
7313982.894042401
7314573.278362473
7315163.710338351
7315754.189973853
7316344.71727284
7316935.292239176
7317525.914876678
7318116.585189207
7318707.303180629
7319298.068854762
7319888.88221547
7320479.743266616
7321070.65201202
7321661.608455548
7322252.612601064
7322843.66445239
7323434.76401339
7324025.911287931
7324617.106279834
7325208.348992967
7325799.639431195
7326390.977598342
7326982.363498276
7327573.797134863
7328165.278511928
7328756.807633339
7329348.384502966
7329940.009124631
7330531.681502205
7331123.401639558
7331715.169540515
7332306.985208945
7332898.848648721
7333490.759863669
7334082.718857659
7334674.725634563
7335266.780198208
7335858.882552467
7336451.032701198
7337043.230648273
7337635.47639752
7338227.769952829
7338820.111318028
7339412.50049699
7340004.937493577
7340597.422311663
7341189.954955077
7341782.53542771
7342375.163733394
7342967.839876004
7343560.5638594
7344153.335687461
7344746.155364019
7345339.02289295
7345931.938278133
7346524.901523399
7347117.912632628
7347710.971609698
7348304.078458443
7348897.233182742
7349490.4357864745
7350083.686273475
7350676.984647625
7351270.330912803
7351863.725072847
7352457.167131635
7353050.657093052
7353644.194960932
7354237.780739158
7354831.414431613
7355425.096042133
7356018.825574602
7356612.603032904
7357206.428420875
7357800.301742402
7358394.2230013665
7358988.19220161
7359582.209347016
7360176.274441471
7360770.387488814
7361364.548492932
7361958.75745771
7362553.01438699
7363147.319284658
7363741.672154603
7364336.073000664
7364930.521826731
7365525.018636677
7366119.563434389
7366714.1562237125
7367308.797008549
7367903.485792744
7368498.222580187
7369093.007374752
7369687.840180331
7370282.721000767
7370877.649839968
7371472.626701779
7372067.651590091
7372662.724508781
7373257.845461742
7373853.01445282
7374448.231485923
7375043.496564899
7375638.809693641
7376234.170876028
7376829.580115954
7377425.037417268
7378020.542783865
7378616.096219639
7379211.69772844
7379807.347314164
7380403.044980708
7380998.79073192
7381594.584571699
7382190.4265039405
7382786.316532497
7383382.254661266
7383978.240894144
7384574.275234986
7385170.357687688
7385766.488256151
7386362.666944227
7386958.893755815
7387555.1686948165
7388151.491765085
7388747.86297052
7389344.282315023
7389940.74980245
7390537.2654367015
7391133.829221679
7391730.4411612395
7392327.101259285
7392923.8095197175
7393520.565946395
7394117.370543219
7394714.22331408
7395311.124262881
7395908.073393481
7396505.0707097985
7397102.116215694
7397699.209915071
7398296.35181182
7398893.541909847
7399490.780213014
7400088.06672524
7400685.401450387
7401282.784392363
7401880.215555059
7402477.694942382
7403075.222558196
7403672.798406422
7404270.422490925
7404868.094815613
7405465.81538438
7406063.584201136
7406661.401269744
7407259.266594115
7407857.180178159
7408455.142025742
7409053.152140774
7409651.210527167
7410249.317188786
7410847.472129544
7411445.675353353
7412043.92686408
7412642.226665638
7413240.574761941
7413838.971156855
7414437.415854296
7415035.908858176
7415634.450172366
7416233.039800779
7416831.677747332
7417430.364015892
7418029.098610379
7418627.881534705
7419226.712792743
7419825.592388408
7420424.52032562
7421023.496608247
7421622.52124021
7422221.594225424
7422820.715567765
7423419.885271148
7424019.103339494
7424618.369776676
7425217.684586615
7425817.047773229
7426416.459340393
7427015.919292027
7427615.4276320385
7428214.984364347
7428814.589492828
7429414.243021418
7430013.944953997
7430613.695294484
7431213.494046787
7431813.341214829
7432413.236802489
7433013.180813705
7433613.173252354
7434213.214122363
7434813.303427639
7435413.441172109
7436013.62735965
7436613.86199419
7437214.145079654
7437814.476619921
7438414.856618919
7439015.285080575
7439615.762008771
7440216.287407433
7440816.861280489
7441417.483631821
7442018.154465359
7442618.873785031
7443219.641594719
7443820.457898354
7444421.322699865
7445022.236003137
7445623.1978121
7446224.208130683
7446825.266962773
7447426.374312301
7448027.530183199
7448628.734579351
7449229.987504692
7449831.288963152
7450432.63895862
7451034.037495028
7451635.484576311
7452236.980206355
7452838.524389096
7453440.117128466
7454041.758428357
7454643.4482927015
7455245.186725437
7455846.973730451
7456448.809311682
7457050.693473049
7457652.62621849
7458254.607551896
7458856.637477219
7459458.715998352
7460060.84311923
7460663.018843779
7461265.243175938
7461867.516119597
7462469.837678712
7463072.207857178
7463674.626658932
7464277.0940879015
7464879.610148025
7465482.1748432
7466084.788177379
7466687.450154461
7467290.1607783865
7467892.9200530825
7468495.727982491
7469098.584570509
7469701.48982108
7470304.443738147
7470907.446325607
7471510.497587404
7472113.5975274835
7472716.746149744
7473319.94345813
7473923.189456587
7474526.484149014
7475129.827539356
7475733.219631562
7476336.660429531
7476940.14993721
7477543.688158546
7478147.27509744
7478750.910757841
7479354.595143696
7479958.328258909
7480562.110107427
7481165.940693201
7481769.820020132
7482373.748092171
7482977.724913268
7483581.750487328
7484185.8248183
7484789.947910137
7485394.119766743
7485998.34039207
7486602.609790054
7487206.927964648
7487811.294919759
7488415.710659355
7489020.175187342
7489624.688507674
7490229.250624291
7490833.8615411455
7491438.5212621465
7492043.229791264
7492647.987132408
7493252.793289532
7493857.648266578
7494462.552067502
7495067.504696215
7495672.506156687
7496277.55645283
7496882.655588603
7497487.803567946
7498093.000394817
7498698.2460731305
7499303.540606843
7499908.883999915
7500514.276256258
7501119.717379833
7501725.2073746
7502330.7462444715
7502936.33399341
7503541.970625375
7504147.656144283
7504753.390554094
7505359.173858771
7505965.006062229
7506570.887168432
7507176.81718134
7507782.7961048735
7508388.823942994
7508994.900699666
7509601.026378806
7510207.20098438
7510813.424520352
7511419.696990641
7512026.0183992125
7512632.388750032
7513238.808047019
7513845.27629414
7514451.793495363
7515058.359654607
7515664.97477584
7516271.63886303
7516878.351920097
7517485.113951012
7518091.924959741
7518698.784950208
7519305.693926382
7519912.651892218
7520519.658851684
7521126.714808705
7521733.8197672665
7522340.973731294
7522948.176704758
7523555.4286916135
7524162.729695834
7524770.079721346
7525377.4787721345
7525984.926852128
7526592.423965298
7527199.970115604
7527807.56530702
7528415.209543472
7529022.9028289355
7529630.645167385
7530238.43656275
7530846.277019003
7531454.1665401235
7532062.105130038
7532670.092792724
7533278.129532159
7533886.215352272
7534494.350257041
7535102.534250443
7535710.7673364105
7536319.049518921
7536927.380801953
7537535.761189439
7538144.19068536
7538752.669293691
7539361.197018371
7539969.773863376
7540578.399832688
7541187.074930241
7541795.799160017
7542404.572525996
7543013.395032114
7543622.266682354
7544231.187480697
7544840.15743108
7545449.176537486
7546058.244803897
7546667.3622342525
7547276.528832535
7547885.74460273
7548495.009548774
7549104.323674654
7549713.686984337
7550323.099481812
7550932.561171015
7551542.072055951
7552151.632140557
7552761.241428822
7553370.899924718
7553980.607632231
7554590.364555303
7555200.170697938
7555810.026064077
7556419.930657711
7557029.884482811
7557639.887543368
7558249.939843325
7558860.041386687
7559470.192177399
7560080.392219451
7560690.641516819
7561300.940073494
7561911.287893421
7562521.684980593
7563132.1313390015
7563742.626972592
7564353.17188536
7564963.766081296
7565574.409564349
7566185.102338512
7566795.84440778
7567406.6357761
7568017.476447468
7568628.366425878
7569239.3057152815
7569850.294319672
7570461.332243046
7571072.419489355
7571683.556062594
7572294.741966761
7572905.977205807
7573517.26178373
7574128.5957045285
7574739.978972154
7575351.411590604
7575962.89356388
7576574.424895932
7577186.005590763
7577797.635652371
7578409.31508471
7579021.043891781
7579632.8220775705
7580244.649646078
7580856.5266012605
7581468.452947134
7582080.428687655
7582692.453826826
7583304.528368635
7583916.652317084
7584528.825676132
7585141.048449797
7585753.320642035
7586365.642256855
7586978.013298243
7587590.433770206
7588202.903676702
7588815.423021752
7589427.991809317
7590040.610043402
7590653.277728
7591265.994867116
7591878.761464713
7592491.577524798
7593104.443051379
7593717.358048419
7594330.3225199245
7594943.336469906
7595556.399902327
7596169.512821196
7596782.675230524
7597395.887134274
7598009.148536456
7598622.4594410835
7599235.819852119
7599849.229773576
7600462.689209465
7601076.198163752
7601689.756640451
7602303.364643574
7602917.022177087
7603530.729245004
7604144.48585134
7604758.292000062
7605372.147695184
7605986.052940722
7606600.007740643
7607214.012098964
7607828.066019702
7608442.169506824
7609056.322564347
7609670.525196273
7610284.77740662
7610899.079199358
7611513.43057852
7612127.831548078
7612742.28211205
7613356.78227444
7613971.332039267
7614585.931410504
7615200.580392186
7615815.278988285
7616430.027202824
7617044.825039807
7617659.672503254
7618274.569597142
7618889.516325506
7619504.512692324
7620119.558701616
7620734.65435739
7621349.7996636685
7621964.994624429
7622580.2392436955
7623195.533525491
7623810.877473793
7624426.271092627
7625041.714386018
7625657.207357943
7626272.75001243
7626888.342353503
7627503.984385143
7628119.676111375
7628735.417536227
7629351.20866368
7629967.04949776
7630582.940042497
7631198.8803018695
7631814.870279909
7632430.909980644
7633046.999408054
7633663.138566172
7634279.327459026
7634895.566090601
7635511.854464925
7636128.192586031
7636744.580457902
7637361.01808457
7637977.505470067
7638594.042618379
7639210.629533537
7639827.266219575
7640443.952680478
7641060.68892028
7641677.474943016
7642294.310752671
7642911.196353281
7643528.131748865
7644145.116943457
7644762.151941047
7645379.236745686
7645996.371361363
7646613.555792113
7647230.790041959
7647848.074114936
7648465.408015038
7649082.791746315
7649700.225312758
7650317.708718408
7650935.241967286
7651552.825063432
7652170.4580108365
7652788.140813542
7653405.873475586
7654023.6560009625
7654641.488393714
7655259.370657878
7655877.302797452
7656495.284816476
7657113.316718992
7657731.398508995
7658349.530190528
7658967.711767635
7659585.943244311
7660204.224624599
7660822.555912545
7661440.937112143
7662059.368227441
7662677.849262482
7663296.3802212635
7663914.961107832
7664533.591926234
7665152.272680468
7665771.003374579
7666389.784012617
7667008.61459858
7667627.495136515
7668246.425630471
7668865.406084449
7669484.436502497
7670103.516888663
7670722.647246951
7671341.827581409
7671961.057896088
7672580.33819499
7673199.668482165
7673819.048761649
7674438.479037493
7675057.959313701
7675677.489594339
7676297.0698834155
7676916.70018498
7677536.380503071
7678156.11084174
7678775.891204994
7679395.721596903
7680015.6020214725
7680635.532482759
7681255.512984799
7681875.54353165
7682495.624127318
7683115.754775875
7683735.935481331
7684356.166247741
7684976.447079146
7685596.777979604
7686217.158953124
7686837.590003764
7687458.071135582
7688078.602352589
7688699.183658844
7689319.8150584055
7689940.4965552855
7690561.228153544
7691182.00985724
7691802.841670387
7692423.723597047
7693044.655641279
7693665.637807097
7694286.670098565
7694907.752519742
7695528.885074643
7696150.067767333
7696771.3006018745
7697392.583582281
7698013.9167126175
7698635.299996948
7699256.73343929
7699878.217043706
7700499.750814263
7701121.334754977
7701742.968869915
7702364.653163143
7702986.387638679
7703608.172300589
7704230.007152925
7704851.892199754
7705473.827445095
7706095.812893033
7706717.848547589
7707339.9344128305
7707962.070492811
7708584.256791598
7709206.493313217
7709828.780061751
7710451.117041222
7711073.504255703
7711695.941709247
7712318.429405927
7712940.967349764
7713563.555544849
7714186.193995204
7714808.882704902
7715431.621678002
7716054.410918575
7716677.250430646
7717300.140218291
7717923.080285584
7718546.07063655
7719169.111275265
7719792.202205804
7720415.3434321955
7721038.534958513
7721661.776788835
7722285.06892719
7722908.4113776535
7723531.804144303
7724155.247231169
7724778.740642328
7725402.284381859
7726025.878453792
7726649.522862206
7727273.217611182
7727896.962704748
7728520.758146986
7729144.603941976
7729768.500093751
7730392.446606389
7731016.443483975
7731640.49073054
7732264.588350167
7732888.736346936
7733512.934724884
7734137.183488092
7734761.4826406455
7735385.832186577
7736010.2321299715
7736634.682474913
7737259.183225438
7737883.734385631
7738508.335959562
7739132.987951315
7739757.690364929
7740382.443204505
7741007.246474082
7741632.100177746
7742257.00431957
7742881.958903639
7743506.963933993
7744132.019414738
7744757.125349912
7745382.281743605
7746007.48859989
7746632.745922855
7747258.053716543
7747883.411985044
7748508.820732448
7749134.279962799
7749759.789680185
7750385.349888699
7751010.960592385
7751636.621795335
7752262.33350164
7752888.095715346
7753513.908440545
7754139.771681332
7754765.68544175
7755391.649725895
7756017.66453786
7756643.729881693
7757269.845761487
7757896.012181339
7758522.229145296
7759148.496657454
7759774.814721909
7760401.183342709
7761027.602523953
7761654.072269736
7762280.592584108
7762907.163471168
7763533.784935013
7764160.456979695
7764787.179609311
7765413.952827961
7766040.776639698
7766667.651048619
7767294.576058827
7767921.551674373
7768548.577899358
7769175.654737867
7769802.782194003
7770429.960271819
7771057.188975431
7771684.468308897
7772311.798276317
7772939.178881781
7773566.61012939
7774194.092023201
7774821.624567334
7775449.207765846
7776076.84162284
7776704.526142407
7777332.261328652
7777960.047185632
7778587.883717471
7779215.7709282255
7779843.708822004
7780471.697402895
7781099.736675009
7781727.826642404
7782355.967309189
7782984.158679472
7783612.400757314
7784240.693546824
7784869.037052111
7785497.431277237
7786125.8762263125
7786754.371903448
7787382.918312706
7788011.515458197
7788640.163344034
7789268.861974278
7789897.611353044
7790526.411484444
7791155.262372541
7791784.164021449
7792413.116435282
7793042.119618106
7793671.173574032
7794300.278307179
7794929.43382161
7795558.640121442
7796187.89721079
7796817.205093722
7797446.563774353
7798075.9732568
7798705.433545133
7799334.944643467
7799964.506555904
7800594.119286562
7801223.7828395115
7801853.497218885
7802483.262428756
7803113.078473242
7803742.945356446
7804372.863082488
7805002.831655441
7805632.85107944
7806262.921358558
7806893.042496917
7807523.2144986205
7808153.437367792
7808783.711108505
7809414.035724898
7810044.411221044
7810674.837601068
7811305.314869078
7811935.8430291945
7812566.422085497
7813197.052042107
7813827.732903151
7814458.464672705
7815089.247354895
7815720.080953847
7816350.965473638
7816981.900918394
7817612.887292244
7818243.924599264
7818875.012843583
7819506.152029328
7820137.34216058
7820768.583241466
7821399.875276116
7822031.218268611
7822662.6122230785
7823294.057143649
7823925.553034405
7824557.099899477
7825188.697742995
7825820.346569043
7826452.04638175
7827083.797185251
7827715.598983626
7828347.45178101
7828979.355581536
7829611.310389288
7830243.316208398
7830875.373043003
7831507.480897184
7832139.639775081
7832771.849680824
7833404.110618503
7834036.422592252
7834668.785606191
7835301.199664454
7835933.664771132
7836566.180930377
7837198.748146278
7837831.366422971
7838464.035764579
7839096.756175239
7839729.527659042
7840362.350220142
7840995.223862631
7841628.148590647
7842261.124408315
7842894.151319773
7843527.229329116
7844160.358440482
7844793.538658014
7845426.7699858025
7846060.052427992
7846693.385988724
7847326.770672091
7847960.206482238
7848593.693423307
7849227.231499392
7849860.820714638
7850494.461073188
7851128.15257914
7851761.8952366365
7852395.689049824
7853029.5340228
7853663.4301597085
7854297.377464696
7854931.375941861
7855565.4255953515
7856199.526429312
7856833.6784478435
7857467.881655093
7858102.136055209
7858736.4416522905
7859370.798450487
7860005.206453947
7860639.665666773
7861274.176093114
7861908.737737118
7862543.35060289
7863178.01469458
7863812.730016339
7864447.496572269
7865082.314366522
7865717.183403236
7866352.103686561
7866987.075220602
7867622.098009529
7868257.172057446
7868892.297368507
7869527.473946851
7870162.70179663
7870797.980921954
7871433.311326991
7872068.69301585
7872704.125992686
7873339.610261638
7873975.145826864
7874610.732692472
7875246.370862618
7875882.060341461
7876517.801133109
7877153.593241721
7877789.436671455
7878425.331426422
7879061.277510781
7879697.274928691
7880333.323684262
7880969.423781658
7881605.575225035
7882241.778018508
7882878.032166238
7883514.337672385
7884150.694541064
7884787.102776436
7885423.5623826645
7886060.073363863
7886696.635724195
7887333.249467825
7887969.914598865
7888606.631121483
7889243.399039841
7889880.218358057
7890517.089080295
7891154.01121072
7891790.984753451
7892428.009712653
7893065.0860924935
7893702.2138970895
7894339.39313061
7894976.62379722
7895613.905901041
7896251.23944624
7896888.62443697
7897526.0608773995
7898163.548771649
7898801.088123905
7899438.678938287
7900076.321218967
7900714.0149701005
7901351.760195855
7901989.556900355
7902627.405087789
7903265.304762279
7903903.255927998
7904541.258589101
7905179.312749763
7905817.418414107
7906455.575586323
7907093.784270537
7907732.044470923
7908370.35619164
7909008.719436862
7909647.134210714
7910285.600517375
7910924.1183610195
7911562.687745775
7912201.308675818
7912839.981155326
7913478.705188426
7914117.480779298
7914756.307932118
7915395.186651017
7916034.116940172
7916673.098803764
7917312.132245923
7917951.217270828
7918590.353882659
7919229.542085548
7919868.781883676
7920508.073281223
7921147.416282323
7921786.810891157
7922426.257111906
7923065.7549487045
7923705.304405736
7924344.905487183
7924984.558197179
7925624.262539909
7926264.018519557
7926903.8261402575
7927543.685406197
7928183.596321542
7928823.55889048
7929463.573117147
7930103.639005745
7930743.756560412
7931383.925785336
7932024.146684686
7932664.41926265
7933304.743523367
7933945.1194710415
7934585.547109813
7935226.026443871
7935866.557477387
7936507.14021455
7937147.774659503
7937788.460816452
7938429.198689538
7939069.9882829515
7939710.829600868
7940351.722647478
7940992.667426926
7941633.663943403
7942274.712201103
7942915.812204167
7943556.963956791
7944198.167463168
7944839.422727441
7945480.729753807
7946122.08854646
7946763.499109543
7947404.961447255
7948046.475563789
7948688.041463293
7949329.659149964
7949971.328627997
7950613.049901541
7951254.822974793
7951896.6478519505
7952538.524537162
7953180.453034626
7953822.433348543
7954464.46548306
7955106.549442378
7955748.685230697
7956390.872852165
7957033.112310986
7957675.403611359
7958317.746757437
7958960.141753419
7959602.58860351
7960245.087311859
7960887.637882671
7961530.240320149
7962172.894628446
7962815.600811765
7963458.358874293
7964101.168820236
7964744.030653748
7965386.944379049
7966029.910000297
7966672.927521697
7967315.996947438
7967959.118281726
7968602.291528719
7969245.516692638
7969888.793777644
7970532.122787942
7971175.503727725
7971818.9366012
7972462.421412527
7973105.958165915
7973749.546865572
7974393.187515659
7975036.880120386
7975680.624683964
7976324.421210553
7976968.269704364
7977612.170169609
7978256.122610449
7978900.127031097
7979544.183435765
7980188.291828616
7980832.452213863
7981476.664595719
7982120.928978349
7982765.245365967
7983409.613762787
7984054.034172973
7984698.506600742
7985343.031050308
7985987.607525838
7986632.236031547
7987276.9165716525
7987921.649150322
7988566.433771771
7989211.270440218
7989856.159159831
7990501.099934828
7991146.092769427
7991791.1376677975
7992436.23463416
7993081.383672732
7993726.5847876845
7994371.837983237
7995017.143263594
7995662.500632977
7996307.910095557
7996953.371655571
7997598.885317193
7998244.451084644
7998890.06896213
7999535.738953874
8000181.461064051
8000827.2352968985
8001473.061656592
8002118.940147357
8002764.870773399
8003410.853538945
8004056.888448169
8004702.975505315
8005349.114714557
8005995.306080123
8006641.549606224
8007287.845297083
8007934.193156882
8008580.593189846
8009227.045400203
8009873.549792134
8010520.106369865
8011166.715137626
8011813.376099597
8012460.089260006
8013106.854623086
8013753.672193016
8014400.541974026
8015047.463970347
8015694.438186163
8016341.464625703
8016988.543293201
8017635.674192839
8018282.857328849
8018930.092705465
8019577.380326871
8020224.7201972995
8020872.112320986
8021519.556702115
8022167.053344919
8022814.602253636
8023462.203432452
8024109.8568856
8024757.562617319
8025405.320631793
8026053.1309332615
8026700.993525944
8027348.908414077
8027996.87560185
8028644.895093517
8029292.966893269
8029941.091005341
8030589.267433959
8031237.496183361
8031885.777257737
8032534.110661345
8033182.496398374
8033830.9344730675
8034479.424889648
8035127.967652358
8035776.56276539
8036425.210233002
8037073.910059388
8037722.662248789
8038371.466805435
8039020.323733566
8039669.233037379
8040318.194721117
8040967.208789025
8041616.275245299
8042265.394094183
8042914.565339924
8043563.788986717
8044213.06503881
8044862.393500448
8045511.774375829
8046161.207669201
8046810.693384812
8047460.231526859
8048109.822099592
8048759.4651072575
8049409.160554057
8050058.90844424
8050708.7087820545
8051358.561571702
8052008.466817434
8052658.4245235
8053308.434694102
8053958.49733349
8054608.612445919
8055258.780035588
8055909.000106752
8056559.272663662
8057209.597710524
8057859.975251589
8058510.405291112
8059160.887833298
8059811.422882401
8060462.010442676
8061112.650518329
8061763.343113614
8062414.088232772
8063064.88588006
8063715.736059682
8064366.638775914
8065017.594032964
8065668.601835087
8066319.662186527
8066970.775091541
8067621.9405543385
8068273.158579195
8068924.429170321
8069575.752331974
8070227.1280684
8070878.556383857
8071530.037282558
8072181.570768763
8072833.156846734
8073484.795520683
8074136.486794872
8074788.230673564
8075440.0271609705
8076091.876261355
8076743.777978984
8077395.732318068
8078047.739282872
8078699.798877661
8079351.911106651
8080004.075974106
8080656.293484292
8081308.563641424
8081960.88644977
8082613.261913597
8083265.690037119
8083918.170824607
8084570.704280326
8085223.290408495
8085875.929213383
8086528.620699258
8087181.364870339
8087834.161730896
8088487.011285198
8089139.913537466
8089792.868491969
8090445.87615298
8091098.936524718
8091752.049611456
8092405.215417464
8093058.433946967
8093711.705204234
8094365.029193525
8095018.40591911
8095671.835385215
8096325.317596127
8096978.852556074
8097632.44026933
8098286.080740151
8098939.773972813
8099593.519971544
8100247.318740633
8100901.170284309
8101555.074606848
8102209.03171251
8102863.041605571
8103517.104290262
8104171.219770874
8104825.388051637
8105479.609136831
8106133.883030717
8106788.209737574
8107442.5892616315
8108097.021607172
8108751.506778472
8109406.044779765
8110060.635615333
8110715.279289455
8111369.975806364
8112024.725170341
8112679.527385671
8113334.382456584
8113989.290387364
8114644.251182296
8115299.264845612
8115954.331381598
8116609.450794537
8117264.623088663
8117919.848268265
8118575.126337624
8119230.45730098
8119885.841162616
8120541.27792682
8121196.76759783
8121852.310179932
8122507.905677414
8123163.554094513
8123819.255435519
8124475.009704719
8125130.816906354
8125786.677044712
8126442.590124067
8127098.556148707
8127754.575122875
8128410.647050877
8129066.771936954
8129722.949785398
8130379.180600484
8131035.464386504
8131691.8011477
8132348.190888383
8133004.633612795
8133661.129325229
8134317.678029964
8134974.279731291
8135630.934433458
8136287.642140776
8136944.402857488
8137601.216587892
8138258.083336266
8138915.003106906
8139571.97590406
8140229.001732023
8140886.080595095
8141543.212497521
8142200.3974436
8142857.635437631
8143514.926483862
8144172.270586592
8144829.667750121
8145487.117978698
8146144.621276624
8146802.177648198
8147459.787097671
8148117.449629346
8148775.165247522
8149432.933956453
8150090.755760439
8150748.630663784
8151406.558670741
8152064.539785611
8152722.574012701
8153380.661356263
8154038.8018206
8154696.995410019
8155355.242128773
8156013.541981168
8156671.894971509
8157330.301104055
8157988.760383108
8158647.27281296
8159305.838397918
8159964.457142239
8160623.129050248
8161281.854126203
8161940.6323744105
8162599.463799166
8163258.348404775
8163917.286195499
8164576.277175664
8165235.3213495305
8165894.418721409
8166553.569295592
8167212.773076392
8167872.030068071
8168531.340274956
8169190.703701311
8169850.120351447
8170509.590229661
8171169.113340266
8171828.689687526
8172488.319275754
8173148.002109265
8173807.738192324
8174467.527529244
8175127.370124343
8175787.265981886
8176447.215106186
8177107.217501564
8177767.273172284
8178427.382122663
8179087.5443570195
8179747.759879621
8180408.028694784
8181068.350806829
8181728.726220024
8182389.154938688
8183049.63696714
8183710.172309651
8184370.76097054
8185031.4029541295
8185692.098264689
8186352.846906538
8187013.648884001
8187674.504201349
8188335.4128629025
8188996.374872987
8189657.390235873
8190318.458955886
8190979.581037347
8191640.756484533
8192301.985301766
8192963.267493372
8193624.603063624
8194285.992016851
8194947.434357359
8195608.930089476
8196270.479217476
8196932.081745705
8197593.737678438
8198255.447020005
8198917.209774716
8199579.025946897
8200240.895540831
8200902.818560859
8201564.795011262
8202226.824896371
8202888.908220498
8203551.044987973
8204213.235203076
8204875.478870139
8205537.775993494
8206200.126577422
8206862.530626254
8207524.988144324
8208187.499135913
8208850.063605355
8209512.681556984
8210175.352995083
8210838.077923985
8211500.856348027
8212163.688271491
8212826.573698714
8213489.5126340315
8214152.505081728
8214815.551046141
8215478.650531607
8216141.803542412
8216805.010082893
8217468.270157389
8218131.583770187
8218794.950925625
8219458.371628043
8220121.845881728
8220785.373691021
8221448.955060261
8222112.589993739
8222776.278495792
8223440.020570765
8224103.816222947
8224767.66545668
8225431.568276304
8226095.524686114
8226759.53469045
8227423.598293639
8228087.715500025
8228751.8863139
8229416.110739627
8230080.388781497
8230744.720443857
8231409.105731034
8232073.544647373
8232738.037197171
8233402.5833847895
8234067.183214525
8234731.836690725
8235396.543817718
8236061.304599853
8236726.119041428
8237390.987146806
8238055.908920286
8238720.884366218
8239385.913488934
8240050.996292782
8240716.1327820625
8241381.322961126
8242046.566834324
8242711.864405956
8243377.215680373
8244042.620661927
8244708.07935492
8245373.591763705
8246039.157892633
8246704.777746008
8247370.451328183
8248036.178643512
8248701.959696298
8249367.794490897
8250033.683031662
8250699.625322899
8251365.621368963
8252031.6711742105
8252697.774742947
8253363.932079529
8254030.143188314
8254696.408073607
8255362.726739768
8256029.099191153
8256695.525432073
8257362.005466883
8258028.5392999435
8258695.126935564
8259361.768378104
8260028.4636319075
8260695.212701333
8261362.015590692
8262028.872304363
8262695.782846657
8263362.747221935
8264029.765434542
8264696.837488842
8265363.963389146
8266031.143139836
8266698.376745224
8267365.664209674
8268033.005537533
8268700.400733166
8269367.849800888
8270035.352745082
8270702.909570062
8271370.520280194
8272038.184879827
8272705.90337333
8273373.675765018
8274041.5020592585
8274709.382260419
8275377.316372819
8276045.304400826
8276713.346348808
8277381.442221086
8278049.592022027
8278717.795756002
8279386.053427331
8280054.365040385
8280722.730599535
8281391.1501091
8282059.623573454
8282728.150996969
8283396.7323839655
8284065.367738817
8284734.057065896
8285402.800369526
8286071.597654082
8286740.448923936
8287409.354183413
8288078.313436888
8288747.326688736
8289416.393943283
8290085.515204903
8290754.690477974
8291423.919766821
8292093.2030758215
8292762.540409354
8293431.931771743
8294101.377167368
8294770.876600609
8295440.430075792
8296110.037597297
8296779.699169486
8297449.414796739
8298119.184483387
8298789.008233825
8299458.886052385
8300128.817943448
8300798.803911379
8301468.843960558
8302138.938095319
8302809.086320061
8303479.288639116
8304149.5450568665
8304819.855577681
8305490.220205943
8306160.6389459865
8306831.111802195
8307501.638778956
8308172.219880601
8308842.85511152
8309513.544476096
8310184.287978665
8310855.085623615
8311525.937415333
8312196.843358157
8312867.803456473
8313538.817714671
8314209.886137088
8314881.008728112
8315552.185492136
8316223.416433495
8316894.701556581
8317566.0408657845
8318237.434365445
8318908.882059954
8319580.383953704
8320251.940051034
8320923.550356338
8321595.214874008
8322266.933608386
8322938.706563865
8323610.533744839
8324282.415155652
8324954.350800697
8325626.34068437
8326298.384811014
8326970.483185025
8327642.6358108
8328314.842692682
8328987.103835069
8329659.41924234
8330331.788918894
8331004.212869076
8331676.691097301
8332349.223607917
8333021.810405322
8333694.451493899
8334367.146878047
8335039.896562114
8335712.700550518
8336385.558847608
8337058.471457784
8337731.438385432
8338404.459634952
8339077.535210696
8339750.665117082
8340423.849358463
8341097.08793924
8341770.380863801
8342443.728136549
8343117.129761836
8343790.585744068
8344464.0960876485
8345137.660796933
8345811.279876325
8346484.953330232
8347158.681163007
8347832.463379059
8348506.299982794
8349180.190978566
8349854.136370786
8350528.136163859
8351202.190362143
8351876.298970047
8352550.461991981
8353224.679432302
8353898.951295419
8354573.277585743
8355247.658307633
8355922.093465501
8356596.583063756
8357271.12710676
8357945.725598924
8358620.37854466
8359295.08594833
8359969.847814348
8360644.664147124
8361319.534951023
8361994.460230458
8362669.439989827
8363344.4742335435
8364019.562965973
8364694.706191547
8365369.9039146295
8366045.156139637
8366720.46287097
8367395.824113044
8368071.239870226
8368746.71014695
8369422.234947582
8370097.814276541
8370773.448138228
8371449.136537062
8372124.879477412
8372800.676963715
8373476.529000338
8374152.435591703
8374828.396742213
8375504.412456289
8376180.482738301
8376856.607592671
8377532.787023822
8378209.021036124
8378885.309634001
8379561.652821875
8380238.050604119
8380914.502985157
8381591.009969413
8382267.571561261
8382944.187765126
8383620.858585432
8384297.5840265555
8384974.364092921
8385651.198788956
8386328.088119035
8387005.032087585
8387682.030699035
8388359.083957761
8389036.19186819
8389713.354434751
8390390.571661824
8391067.843553836
8391745.170115216
8392422.551350344
8393099.987263652
8393777.477859568
8394455.023142472
8395132.623116797
8395810.277786972
8396487.987157382
8397165.751232456
8397843.570016628
8398521.44351428
8399199.371729847
8399877.354667744
8400555.392332405
8401233.484728213
8401911.631859623
8402589.833731016
8403268.09034683
8403946.401711483
8404624.76782941
8405303.188705
8405981.664342701
8406660.194746906
8407338.77992205
8408017.419872554
8408696.114602856
8409374.864117345
8410053.66842046
8410732.52751664
8411411.441410273
8412090.410105802
8412769.433607664
8413448.511920253
8414127.645048007
8414806.832995368
8415486.07576673
8416165.373366531
8416844.725799218
8417524.13306918
8418203.595180862
8418883.112138707
8419562.683947109
8420242.310610512
8420921.992133362
8421601.72852005
8422281.519775026
8422961.365902733
8423641.266907569
8424321.222793976
8425001.233566405
8425681.299229251
8426361.419786964
8427041.595243989
8427721.825604724
8428402.11087362
8429082.451055123
8429762.846153632
8430443.2961736
8431123.801119475
8431804.360995658
8432484.975806598
8433165.64555673
8433846.370250506
8434527.149892326
8435207.984486662
8435888.874037914
8436569.818550535
8437250.818028962
8437931.872477649
8438612.981900997
8439294.14630348
8439975.365689503
8440656.640063517
8441337.969429964
8442019.3537933
8442700.79315793
8443382.287528308
8444063.836908896
8444745.441304095
8445427.100718368
8446108.81515617
8446790.584621906
8447472.40912004
8448154.28865503
8448836.223231284
8449518.21285326
8450200.25752542
8450882.357252175
8451564.512037983
8452246.72188731
8452928.98680456
8453611.3067942
8454293.681860691
8454976.112008445
8455658.597241927
8456341.137565596
8457023.732983869
8457706.38350121
8458389.08912208
8459071.849850897
8459754.665692123
8460437.536650226
8461120.46272962
8461803.443934772
8462486.48027015
8463169.571740167
8463852.718349293
8464535.920101993
8465219.177002687
8465902.489055844
8466585.856265914
8467269.278637365
8467952.756174618
8468636.28888216
8469319.876764411
8470003.519825839
8470687.2180709
8471370.971504064
8472054.780129753
8472738.643952455
8473422.562976595
8474106.53720664
8474790.56664705
8475474.6513023
8476158.79117681
8476842.986275073
8477527.236601511
8478211.542160599
8478895.902956797
8479580.31899458
8480264.790278373
8480949.316812653
8481633.898601895
8482318.535650527
8483003.227963027
8483687.975543872
8484372.77839749
8485057.636528356
8485742.549940955
8486427.51863971
8487112.542629102
8487797.621913616
8488482.756497674
8489167.94638576
8489853.191582356
8490538.492091892
8491223.84791885
8491909.25906771
8492594.725542909
8493280.247348923
8493965.82449024
8494651.45697129
8495337.14479656
8496022.887970531
8496708.68649764
8497394.54038237
8498080.449629208
8498766.414242586
8499452.434226993
8500138.509586897
8500824.640326787
8501510.826451097
8502197.067964332
8502883.36487093
8503569.717175378
8504256.124882149
8504942.58799573
8505629.106520562
8506315.680461152
8507002.309821935
8507688.994607408
8508375.734822039
8509062.530470323
8509749.381556697
8510436.288085673
8511123.250061693
8511810.267489245
8512497.34037281
8513184.46871688
8513871.652525896
8514558.891804354
8515246.186556749
8515933.536787523
8516620.942501172
8517308.403702192
8517995.920395026
8518683.492584173
8519371.120274128
8520058.803469338
8520746.5421743
8521434.33639351
8522122.18613142
8522810.091392523
8523498.052181318
8524186.068502259
8524874.14035984
8525562.267758563
8526250.450702876
8526938.689197281
8527626.98324628
8528315.332854321
8529003.738025906
8529692.198765539
8530380.715077668
8531069.2869668
8531757.914437436
8532446.597494029
8533135.336141082
8533824.1303831
8534512.980224537
8535201.885669896
8535890.846723685
8536579.863390358
8537268.93567442
8537958.06358036
8538647.247112688
8539336.486275857
8540025.781074392
8540715.131512752
8541404.537595442
8542093.999326956
8542783.516711801
8543473.089754438
8544162.718459392
8544852.402831122
8545542.142874138
8546231.938592937
8546921.789992025
8547611.697075866
8548301.659848971
8548991.678315854
8549681.752480973
8550371.882348843
8551062.067923978
8551752.309210839
8552442.60621394
8553132.9589378
8553823.367386876
8554513.831565686
8555204.351478746
8555894.927130522
8556585.558525527
8557276.24566828
8557966.988563247
8558657.787214944
8559348.641627891
8560039.551806552
8560730.517755447
8561421.539479095
8562112.616981963
8562803.750268571
8563494.93934344
8564186.184211038
8564877.484875886
8565568.841342503
8566260.253615363
8566951.721698986
8567643.245597893
8568334.825316558
8569026.4608595
8569718.152231244
8570409.899436263
8571101.702479081
8571793.561364206
8572485.47609616
8573177.446679419
8573869.473118523
8574561.55541795
8575253.693582224
8575945.887615854
8576638.137523368
8577330.443309242
8578022.804978019
8578715.222534178
8579407.695982246
8580100.225326734
8580792.810572173
8581485.45172304
8582178.148783881
8582870.901759177
8583563.710653456
8584256.575471234
8584949.49621704
8585642.472895358
8586335.505510716
8587028.594067648
8587721.738570634
8588414.93902421
8589108.195432907
8589801.507801209
8590494.876133649
8591188.300434763
8591881.780709032
8592575.316960992
8593268.909195183
8593962.557416083
8594656.261628231
8595350.021836167
8596043.838044371
8596737.710257385
8597431.638479745
8598125.622715939
8598819.662970502
8599513.759247977
8600207.91155285
8600902.119889662
8601596.384262951
8602290.70467721
8602985.081136974
8603679.513646787
8604374.002211139
8605068.546834571
8605763.147521611
8606457.8042768
8607152.517104628
8607847.286009656
8608542.110996379
8609236.992069336
8609931.92923306
8610626.92249209
8611321.971850926
8612017.077314125
8612712.238886185
8613407.45657165
8614102.730375051
8614798.060300935
8615493.446353797
8616188.888538202
8616884.386858648
8617579.941319682
8618275.551925834
8618971.218681658
8619666.941591648
8620362.720660355
8621058.555892332
8621754.447292073
8622450.39486413
8623146.39861306
8623842.458543358
8624538.574659577
8625234.74696627
8625930.975467939
8626627.260169137
8627323.601074416
8628019.99818828
8628716.451515283
8629412.96105998
8630109.526826873
8630806.14882052
8631502.827045474
8632199.561506243
8632896.35220738
8633593.199153444
8634290.10234894
8634987.061798425
8635684.077506458
8636381.149477547
8637078.27771625
8637775.462227123
8638472.703014677
8639170.000083473
8639867.353438068
8640564.763082972
8641262.229022747
8641959.751261953
8642657.329805102
8643354.964656753
8644052.655821456
8644750.403303768
8645448.207108205
8646146.067239346
8646843.983701704
8647541.956499841
8648239.985638307
8648938.071121667
8649636.212954432
8650334.411141187
8651032.665686447
8651730.976594778
8652429.34387073
8653127.767518867
8653826.24754371
8654524.783949822
8655223.376741774
8655922.025924085
8656620.73150132
8657319.49347805
8658018.311858794
8658717.186648121
8659416.117850604
8660115.105470758
8660814.149513157
8661513.249982372
8662212.406882923
8662911.620219383
8663610.889996326
8664310.21621827
8665009.598889792
8665709.038015464
8666408.533599807
8667108.085647399
8667807.694162812
8668507.359150572
8669207.080615252
8669906.858561432
8670606.692993633
8671306.583916433
8672006.53133441
8672706.535252089
8673406.595674045
8674106.712604864
8674806.886049064
8675507.11601123
8676207.40249594
8676907.74550772
8677608.145051153
8678308.6011308
8679009.113751242
8679709.68291701
8680410.308632703
8681110.990902849
8681811.729732031
8682512.525124816
8683213.377085786
8683914.285619473
8684615.250730477
8685316.272423333
8686017.350702621
8686718.485572912
8687419.677038793
8688120.925104793
8688822.229775518
8689523.591055503
8690225.008949334
8690926.483461581
8691628.014596831
8692329.60235962
8693031.24675454
8693732.947786175
8694434.705459062
8695136.519777793
8695838.390746957
8696540.318371093
8697242.302654788
8697944.343602637
8698646.441219177
8699348.595509
8700050.8064767
8700753.074126814
8701455.398463935
8702157.77949266
8702860.217217525
8703562.71164313
8704265.262774063
8704967.870614871
8705670.535170149
8706373.25644449
8707076.034442436
8707778.869168587
8708481.76062754
8709184.708823835
8709887.713762073
8710590.77544685
8711293.893882714
8711997.06907426
8712700.301026072
8713403.589742748
8714106.935228836
8714810.337488951
8715513.796527645
8716217.312349513
8716920.884959143
8717624.514361136
8718328.200560039
8719031.943560474
8719735.74336699
8720439.59998419
8721143.513416657
8721847.483669
8722551.510745768
8723255.594651582
8723959.735390995
8724663.93296861
8725368.18738902
8726072.498656826
8726776.866776584
8727481.291752899
8728185.77359038
8728890.312293582
8729594.907867111
8730299.560315575
8731004.26964353
8731709.035855588
8732413.858956354
8733118.738950387
8733823.675842294
8734528.669636691
8735233.720338132
8735938.82795123
8736643.992480595
8737349.213930786
8738054.492306417
8738759.827612098
8739465.219852392
8740170.66903191
8740876.175155267
8741581.738227025
8742287.358251797
8742993.0352342
8743698.769178793
8744404.560090194
8745110.407973018
8745816.312831828
8746522.274671244
8747228.29349586
8747934.369310299
8748640.502119122
8749346.69192697
8750052.9387384
8750759.242558038
8751465.603390485
8752172.021240357
8752878.496112226
8753585.028010728
8754291.616940428
8754998.262905952
8755704.965911899
8756411.725962896
8757118.54306351
8757825.41721838
8758532.348432079
8759239.336709227
8759946.382054433
8760653.484472321
8761360.643967463
8762067.86054448
8762775.134208001
8763482.464962598
8764189.852812897
8764897.297763525
8765604.799819054
8766312.358984113
8767019.975263327
8767727.648661274
8768435.379182583
8769143.166831877
8769851.011613738
8770558.913532792
8771266.872593671
8771974.88880095
8772682.962159261
8773391.092673235
8774099.28034745
8774807.525186535
8775515.827195127
8776224.186377801
8776932.602739193
8777641.076283932
8778349.607016603
8779058.194941837
8779766.840064272
8780475.542388484
8781184.301919112
8781893.11866079
8782601.9926181
8783310.923795681
8784019.912198167
8784728.957830142
8785438.060696244
8786147.220801093
8786856.438149326
8787565.712745529
8788275.044594359
8788984.4337004
8789693.880068293
8790403.38370266
8791112.944608143
8791822.562789327
8792532.23825087
8793241.970997363
8793951.761033447
8794661.608363746
8795371.512992902
8796081.474925503
8796791.494166197
8797501.570719624
8798211.704590376
8798921.895783098
8799632.144302433
8800342.450152975
8801052.813339368
8801763.233866258
8802473.711738238
8803184.246959956
8803894.839536058
8804605.489471138
8805316.196769843
8806026.961436823
8806737.783476671
8807448.662894038
8808159.599693572
8808870.593879871
8809581.645457584
8810292.754431361
8811003.920805799
8811715.14458555
8812426.425775265
8813137.764379544
8813849.160403037
8814560.6138504
8815272.12472623
8815983.69303518
8816695.318781905
8817407.001971006
8818118.742607137
8818830.540694952
8819542.396239055
8820254.309244102
8820966.279714728
8821678.307655592
8822390.393071296
8823102.535966516
8823814.736345856
8824526.994213974
8825239.30957551
8825951.682435121
8826664.112797417
8827376.600667072
8828089.146048693
8828801.74894694
8829514.409366455
8830227.127311902
8830939.902787887
8831652.735799087
8832365.626350114
8833078.57444563
8833791.580090279
8834504.643288724
8835217.764045576
8835930.942365497
8836644.178253155
8837357.47171316
8838070.822750174
8838784.231368864
8839497.697573844
8840211.221369779
8840924.802761335
8841638.441753127
8842352.13834982
8843065.892556084
8843779.704376534
8844493.573815836
8845207.50087866
8845921.485569622
8846635.52789339
8847349.627854636
8848063.785457976
8848778.00070808
8849492.273609623
8850206.604167217
8850920.992385536
8851635.438269256
8852349.941822989
8853064.503051413
8853779.121959202
8854493.798550973
8855208.5328314
8855923.324805142
8856638.174476875
8857353.081851216
8858068.046932863
8858783.069726435
8859498.15023661
8860213.288468048
8860928.484425424
8861643.738113362
8862359.04953656
8863074.41869964
8863789.845607283
8864505.330264147
8865220.872674914
8865936.47284421
8866652.130776731
8867367.846477108
8868083.619950017
8868799.451200124
8869515.340232112
8870231.287050605
8870947.29166029
8871663.354065847
8872379.474271907
8873095.652283153
8873811.888104267
8874528.181739883
8875244.533194683
8875960.942473356
8876677.409580529
8877393.93452089
8878110.517299123
8878827.157919865
8879543.8563878
8880260.612707617
8880977.426883949
8881694.298921483
8882411.22882491
8883128.216598863
8883845.262248032
8884562.365777105
8885279.527190723
8885996.74649357
8886714.023690341
8887431.358785672
8888148.751784256
8888866.202690784
8889583.71150989
8890301.278246276
8891018.902904626
8891736.585489584
8892454.326005844
8893172.124458099
8893889.98085099
8894607.89518921
8895325.867477441
8896043.897720374
8896761.985922655
8897480.132088995
8898198.336224038
8898916.598332481
8899634.918419005
8900353.296488307
8901071.732545033
8901790.226593897
8902508.778639544
8903227.388686677
8903946.056739975
8904664.782804139
8905383.566883815
8906102.408983706
8906821.30910851
8907540.26726288
8908259.283451512
8908978.357679112
8909697.489950329
8910416.680269865
8911135.928642426
8911855.23507266
8912574.59956527
8913294.022124965
8914013.50275639
8914733.041464258
8915452.63825327
8916172.293128079
8916892.006093392
8917611.777153917
8918331.606314307
8919051.493579268
8919771.438953511
8920491.442441689
8921211.504048511
8921931.623778686
8922651.801636871
8923372.037627775
8924092.331756111
8924812.684026532
8925533.09444375
8926253.563012479
8926974.089737374
8927694.67462315
8928415.31767452
8929136.01889614
8929856.778292725
8930577.595868971
8931298.471629594
8932019.40557925
8932740.397722678
8933461.448064536
8934182.55660954
8934903.723362388
8935624.948327797
8936346.231510429
8937067.572915021
8937788.972546237
8938510.430408793
8939231.946507389
8939953.520846745
8940675.153431527
8941396.844266472
8942118.593356246
8942840.400705568
8943562.266319145
8944284.190201692
8945006.17235788
8945728.21279243
8946450.311510066
8947172.468515452
8947894.683813317
8948616.95740838
8949339.289305313
8950061.679508837
8950784.12802368
8951506.634854512
8952229.200006058
8952951.823483044
8953674.505290141
8954397.245432077
8955120.043913577
8955842.900739314
8956565.815914018
8957288.789442414
8958011.82132918
8958734.91157904
8959458.060196728
8960181.267186916
8960904.532554332
8961627.856303712
8962351.23843973
8963074.678967115
8963798.177890599
8964521.735214863
8965245.350944635
8965969.025084632
8966692.757639585
8967416.548614174
8968140.398013154
8968864.305841198
8969588.272103047
8970312.296803415
8971036.379947037
8971760.521538595
8972484.721582841
8973208.98008446
8973933.297048189
8974657.672478745
8975382.106380865
8976106.598759236
8976831.14961861
8977555.758963676
8978280.426799169
8979005.153129812
8979729.937960347
8980454.781295456
8981179.683139883
8981904.643498367
8982629.662375594
8983354.739776308
8984079.875705251
8984805.07016711
8985530.323166627
8986255.63470855
8986981.004797563
8987706.433438411
8988431.92063584
8989157.46639454
8989883.070719257
8990608.733614735
8991334.455085665
8992060.235136796
8992786.073772874
8993511.970998589
8994237.926818691
8994963.941237926
8995690.014260992
8996416.145892633
8997142.3361376
8997868.585000588
8998594.892486347
8999321.258599626
9000047.683345122
9000774.166727586
9001500.70875177
9002227.309422368
9002953.968744136
9003680.686721826
9004407.463360133
9005134.298663814
9005861.192637602
9006588.145286255
9007315.156614466
9008042.226627015
9008769.355328597
9009496.542723972
9010223.788817875
9010951.093615063
9011678.45712024
9012405.879338177
9013133.360273581
9013860.89993121
9014588.4983158
9015316.155432113
9016043.871284852
9016771.645878777
9017499.479218647
9018227.37130917
9018955.322155103
9019683.331761211
9020411.400132196
9021139.527272824
9021867.713187855
9022595.957881996
9023324.261360012
9024052.623626666
9024781.044686664
9025509.524544774
9026238.063205758
9026966.660674326
9027695.316955244
9028424.032053279
9029152.805973139
9029881.638719592
9030610.530297406
9031339.480711292
9032068.489966018
9032797.55806635
9033526.685017005
9034255.870822748
9034985.11548835
9035714.419018526
9036443.781418044
9037173.202691676
9037902.682844136
9038632.221880198
9039361.819804631
9040091.476622151
9040821.192337533
9041550.96695553
9042280.800480913
9043010.692918403
9043740.644272791
9044470.654548796
9045200.723751193
9045930.851884738
9046661.038954206
9047391.284964317
9048121.589919869
9048851.95382558
9049582.376686227
9050312.85850657
9051043.399291385
9051773.999045396
9052504.657773383
9053235.375480121
9053966.152170338
9054696.98784881
9055427.88252032
9056158.83618959
9056889.848861402
9057620.92054054
9058352.051231725
9059083.240939742
9059814.489669373
9060545.797425345
9061277.164212441
9062008.590035446
9062740.074899085
9063471.618808147
9064203.22176741
9064934.88378161
9065666.60485553
9066398.384993955
9067130.224201618
9067862.122483302
9068594.079843797
9069326.096287832
9070058.171820197
9070790.30644568
9071522.500169015
9072254.752994986
9072987.064928388
9073719.435973952
9074451.866136469
9075184.35542073
9075916.903831469
9076649.511373477
9077382.17805153
9078114.903870415
9078847.688834874
9079580.532949714
9080313.436219675
9081046.398649551
9081779.420244114
9082512.501008162
9083245.640946433
9083978.840063741
9084712.098364824
9085445.41585448
9086178.792537486
9086912.228418637
9087645.723502677
9088379.277794419
9089112.891298609
9089846.564020041
9090580.295963498
9091314.087133778
9092047.937535625
9092781.847173838
9093515.816053217
9094249.844178509
9094983.931554511
9095718.07818603
9096452.284077805
9097186.549234642
9097920.873661345
9098655.257362656
9099389.700343383
9100124.202608328
9100858.76416224
9101593.385009922
9102328.065156179
9103062.80460576
9103797.603363473
9104532.46143412
9105267.378822455
9106002.355533285
9106737.391571414
9107472.486941595
9108207.641648637
9108942.855697347
9109678.129092477
9110413.46183884
9111148.853941241
9111884.305404436
9112619.816233234
9113355.38643243
9114091.016006833
9114826.704961197
9115562.453300355
9116298.26102906
9117034.12815213
9117770.054674353
9118506.040600548
9119242.08593547
9119978.19068395
9120714.354850749
9121450.578440683
9122186.861458546
9122923.203909153
9123659.605797268
9124396.067127723
9125132.58790528
9125869.168134756
9126605.80782095
9127342.506968679
9128079.265582707
9128816.083667852
9129552.961228935
9130289.898270715
9131026.894798018
9131763.950815659
9132501.066328404
9133238.241341077
9133975.475858497
9134712.76988543
9135450.123426698
9136187.536487127
9136925.009071479
9137662.54118458
9138400.132831253
9139137.784016268
9139875.494744448
9140613.265020618
9141351.09484955
9142088.984236063
9142826.933184993
9143564.941701101
9144303.009789221
9145041.137454176
9145779.32470074
9146517.57153374
9147255.877958003
9147994.243978305
9148732.669599475
9149471.15482634
9150209.699663676
9150948.304116314
9151686.968189083
9152425.691886758
9153164.475214172
9153903.31817614
9154642.22077749
9155381.183023002
9156120.204917526
9156859.28646584
9157598.427672781
9158337.628543159
9159076.889081813
9159816.20929352
9160555.589183135
9161295.028755438
9162034.528015265
9162774.086967433
9163513.705616781
9164253.383968089
9164993.122026196
9165732.919795938
9166472.7772821
9167212.69448952
9167952.671423037
9168692.708087433
9169432.804487552
9170172.960628234
9170913.17651426
9171653.452150477
9172393.787541721
9173134.182692783
9173874.6376085
9174615.152293721
9175355.72675323
9176096.36099187
9176837.055014485
9177577.808825867
9178318.622430857
9179059.495834302
9179800.42904099
9180541.422055768
9181282.474883484
9182023.587528925
9182764.759996943
9183505.99229238
9184247.284420032
9184988.636384748
9185730.048191372
9186471.519844702
9187213.051349584
9187954.64271087
9188696.293933352
9189438.005021885
9190179.775981296
9190921.60681644
9191663.497532113
9192405.448133184
9193147.45862445
9193889.529010765
9194631.659296963
9195373.849487897
9196116.099588368
9196858.409603246
9197600.779537331
9198343.20939548
9199085.699182527
9199828.24890333
9200570.85856269
9201313.528165482
9202056.257716507
9202799.047220621
9203541.896682668
9204284.806107502
9205027.775499929
9205770.804864805
9206513.894206993
9207257.043531295
9208000.252842572
9208743.522145685
9209486.851445438
9210230.240746696
9210973.690054316
9211717.199373107
9212460.768707933
9213204.398063656
9213948.087445082
9214691.836857077
9215435.646304505
9216179.515792172
9216923.445324948
9217667.434907695
9218411.484545225
9219155.594242403
9219899.764004095
9220643.993835114
9221388.283740325
9222132.633724598
9222877.043792743
9223621.513949633
9224366.044200132
9225110.634549055
9225855.285001274
9226599.995561639
9227344.76623502
9228089.597026233
9228834.487940166
9229579.438981637
9230324.450155517
9231069.521466661
9231814.652919943
9232559.844520176
9233305.096272256
9234050.408181
9234795.780251283
9235541.21248796
9236286.704895908
9237032.257479945
9237777.870244969
9238523.543195795
9239269.276337305
9240015.069674354
9240760.923211822
9241506.83695453
9242252.810907356
9242998.84507518
9243744.939462826
9244491.094075171
9245237.308917096
9245983.583993427
9246729.919309042
9247476.314868825
9248222.7706776
9248969.286740247
9249715.863061653
9250462.499646641
9251209.196500096
9251955.953626903
9252702.771031884
9253449.64871993
9254196.586695923
9254943.58496469
9255690.64353112
9256437.762400096
9257184.941576451
9257932.181065071
9258679.480870841
9259426.840998596
9260174.261453219
9260921.742239602
9261669.283362577
9262416.884827033
9263164.54663786
9263912.268799888
9264660.051318012
9265407.894197121
9266155.797442049
9266903.76105769
9267651.785048913
9268399.869420614
9269148.014177626
9269896.219324864
9270644.484867165
9271392.81080942
9272141.197156508
9272889.643913321
9273638.151084699
9274386.718675556
9275135.34669073
9275884.035135118
9276632.784013601
9277381.593331072
9278130.463092374
9278879.393302403
9279628.38396606
9280377.435088186
9281126.54667368
9281875.71872744
9282624.95125431
9283374.244259192
9284123.597746985
9284873.011722533
9285622.48619074
9286372.021156505
9287121.616624676
9287871.272600152
9288620.989087839
9289370.766092584
9290120.60361929
9290870.50167286
9291620.460258145
9292370.479380047
9293120.559043473
9293870.69925327
9294620.900014346
9295371.16133161
9296121.483209908
9296871.86565415
9297622.308669241
9298372.812260037
9299123.376431443
9299874.001188368
9300624.686535666
9301375.432478245
9302126.23902102
9302877.106168838
9303628.033926615
9304379.022299241
9305130.07129163
9305881.180908633
9306632.351155186
9307383.582036143
9308134.873556416
9308886.225720905
9309637.638534518
9310389.112002118
9311140.646128634
9311892.240918927
9312643.896377914
9313395.61251049
9314147.389321571
9314899.22681602
9315651.12499877
9316403.083874686
9317155.103448682
9317907.183725657
9318659.324710535
9319411.526408173
9320163.788823495
9320916.111961417
9321668.495826807
9322420.940424582
9323173.445759665
9323926.011836922
9324678.638661273
9325431.326237641
9326184.074570892
9326936.88366595
9327689.753527736
9328442.684161123
9329195.675571028
9329948.727762382
9330701.840740051
9331455.014508959
9332208.249074034
9332961.544440145
9333714.90061222
9334468.317595184
9335221.795393908
9335975.334013324
9336728.933458354
9337482.593733875
9338236.314844813
9338990.096796101
9339743.93959261
9340497.843239268
9341251.80774099
9342005.833102709
9342759.919329293
9343514.0664257
9344268.274396801
9345022.543247532
9345776.872982806
9346531.263607554
9347285.715126656
9348040.227545064
9348794.800867658
9349549.435099369
9350304.130245117
9351058.886309838
9351813.70329841
9352568.58121579
9353323.520066855
9354078.519856546
9354833.580589782
9355588.702271499
9356343.88490658
9357099.128499966
9357854.433056593
9358609.798581345
9359365.225079164
9360120.712554991
9360876.261013707
9361631.870460257
9362387.54089958
9363143.272336563
9363899.064776149
9364654.918223279
9365410.832682842
9366166.808159782
9366922.844659042
9367678.942185508
9368435.100744128
9369191.320339847
9369947.600977555
9370703.942662196
9371460.345398717
9372216.80919201
9372973.33404702
9373729.919968694
9374486.56696193
9375243.275031669
9376000.044182863
9376756.874420406
9377513.765749246
9378270.718174314
9379027.731700562
9379784.806332884
9380541.94207625
9381299.138935557
9382056.396915752
9382813.716021772
9383571.096258571
9384328.537631046
9385086.040144166
9385843.603802832
9386601.228611996
9387358.914576598
9388116.661701588
9388874.469991868
9389632.339452414
9390390.270088123
9391148.261903955
9391906.314904846
9392664.429095756
9393422.604481585
9394180.841067292
9394939.138857836
9395697.497858118
9396455.918073101
9397214.399507742
9397972.942166947
9398731.546055676
9399490.21117889
9400248.937541494
9401007.725148452
9401766.574004725
9402525.484115219
9403284.455484897
9404043.488118725
9404802.582021609
9405561.737198513
9406320.953654401
9407080.231394185
9407839.570422828
9408598.970745297
9409358.432366502
9410117.955291409
9410877.539524987
9411637.185072146
9412396.891937854
9413156.66012708
9413916.489644734
9414676.380495789
9415436.332685214
9416196.34621792
9416956.421098879
9417716.557333061
9418476.754925383
9419237.013880815
9419997.334204309
9420757.71590084
9421518.158975324
9422278.663432753
9423039.229278043
9423799.856516168
9424560.545152083
9425321.295190766
9426082.106637133
9426842.97949618
9427603.913772825
9428364.909472046
9429125.9665988
9429887.085158065
9430648.265154762
9431409.506593868
9432170.809480364
9432932.17381917
9433693.599615265
9434455.08687363
9435216.635599189
9435978.24579692
9436739.917471807
9437501.650628773
9438263.4452728
9439025.30140887
9439787.219041908
9440549.198176898
9441311.238818824
9442073.340972614
9442835.504643247
9443597.729835713
9444360.016554937
9445122.364805905
9445884.774593605
9446647.245922964
9447409.778798968
9448172.373226607
9448935.029210808
9449697.746756561
9450460.525868855
9451223.36655262
9451986.268812845
9452749.23265452
9453512.258082576
9454275.345102007
9455038.4937178
9455801.703934893
9456564.975758273
9457328.309192916
9458091.704243815
9458855.160915902
9459618.67921419
9460382.259143619
9461145.900709178
9461909.603915846
9462673.368768616
9463437.195272425
9464201.08343229
9464965.03325315
9465729.044739999
9466493.117897814
9467257.252731595
9468021.449246282
9468785.70744689
9469550.027338361
9470314.408925695
9471078.85221387
9471843.357207887
9472607.92391269
9473372.552333275
9474137.242474647
9474901.99434175
9475666.807939582
9476431.683273148
9477196.620347392
9477961.619167315
9478726.679737926
9479491.802064164
9480256.986151038
9481022.232003551
9481787.53962665
9482552.909025341
9483318.34020463
9484083.833169464
9484849.38792485
9485615.004475797
9486380.682827253
9487146.422984224
9487912.224951722
9488678.088734694
9489444.014338152
9490210.001767104
9490976.051026503
9491742.162121357
9492508.33505668
9493274.569837421
9494040.866468595
9494807.224955194
9495573.645302229
9496340.127514657
9497106.671597507
9497873.277555736
9498639.945394358
9499406.67511837
9500173.466732783
9500940.320242558
9501707.235652726
9502474.212968247
9503241.252194138
9504008.353335395
9504775.516397037
9505542.74138402
9506310.028301386
9507077.377154091
9507844.787947156
9508612.260685582
9509379.795374384
9510147.392018529
9510915.050623035
9511682.771192923
9512450.553733157
9513218.398248756
9513986.304744747
9514754.273226088
9515522.303697806
9516290.396164924
9517058.550632406
9517826.767105278
9518595.04558856
9519363.386087226
9520131.788606295
9520900.253150795
9521668.779725695
9522437.368336018
9523206.018986795
9523974.731682993
9524743.50642964
9525512.343231764
9526281.242094336
9527050.203022383
9527819.226020936
9528588.311094968
9529357.458249506
9530126.66748958
9530895.938820167
9531665.272246296
9532434.667772997
9533204.125405246
9533973.645148076
9534743.22700652
9535512.87098555
9536282.577090204
9537052.345325494
9537822.175696455
9538592.068208065
9539362.02286538
9540132.039673371
9540902.118637081
9541672.259761527
9542442.463051742
9543212.728512708
9543983.05614948
9544753.445967041
9545523.897970429
9546294.41216466
9547064.98855478
9547835.627145763
9548606.327942654
9549377.090950495
9550147.916174265
9550918.803619007
9551689.753289763
9552460.765191518
9553231.839329313
9554002.975708192
9554774.17433314
9555545.435209202
9556316.758341419
9557088.143734781
9557859.591394333
9558631.101325119
9559402.673532126
9560174.308020404
9560946.004794994
9561717.76386089
9562489.585223138
9563261.468886785
9564033.414856823
9564805.4231383
9565577.493736263
9566349.626655707
9567121.821901679
9567894.079479232
9568666.399393355
9569438.781649103
9570211.226251528
9570983.733205618
9571756.30251643
9572528.934189018
9573301.628228376
9574074.384639554
9574847.20342759
9575620.08459754
9576393.028154396
9577166.034103237
9577939.102449058
9578712.233196916
9579485.426351847
9580258.68191891
9581031.999903101
9581805.380309502
9582578.823143108
9583352.328408979
9584125.896112155
9584899.526257697
9585673.218850603
9586446.973895956
9587220.791398756
9587994.671364065
9588768.613796923
9589542.618702397
9590316.686085485
9591090.81595125
9591865.008304762
9592639.263151018
9593413.580495086
9594187.960342027
9594962.402696854
9595736.907564623
9596511.474950409
9597286.10485921
9598060.797296101
9598835.552266143
9599610.369774347
9600385.24982578
9601160.19242551
9601935.197578546
9602710.265289959
9603485.395564817
9604260.588408131
9605035.843824971
9605811.161820408
9606586.542399453
9607361.985567179
9608137.491328655
9608913.059688898
9609688.69065298
9610464.38422597
9611240.140412888
9612015.959218804
9612791.840648772
9613567.78470787
9614343.791401114
9615119.860733597
9615895.992710335
9616672.187336408
9617448.44461687
9618224.7645568
9619001.147161214
9619777.592435211
9620554.100383813
9621330.671012094
9622107.304325117
9622884.00032796
9623660.759025645
9624437.580423271
9625214.464525862
9625991.411338495
9626768.420866236
9627545.493114164
9628322.628087305
9629099.82579074
9629877.086229553
9630654.40940877
9631431.795333473
9632209.244008748
9632986.755439619
9633764.329631172
9634541.966588493
9635319.666316612
9636097.42882061
9636875.254105577
9637653.14217654
9638431.09303859
9639209.106696812
9639987.183156237
9640765.322421953
9641543.52449905
9642321.789392559
9643100.117107568
9643878.507649172
9644656.9610224
9645435.477232343
9646214.056284094
9646992.698182685
9647771.402933212
9648550.170540765
9649329.001010379
9650107.894347148
9650886.850556167
9651665.86964247
9652444.951611154
9653224.096467312
9654003.304215984
9654782.574862266
9655561.908411235
9656341.304867985
9657120.764237558
9657900.28652507
9658679.871735562
9659459.519874131
9660239.230945857
9661019.004955841
9661798.841909124
9662578.741810823
9663358.704665981
9664138.730479702
9664918.819257068
9665698.971003177
9666479.185723074
9667259.463421864
9668039.80410465
9668820.207776474
9669600.674442444
9670381.20410766
9671161.796777172
9671942.452456083
9672723.171149502
9673503.952862471
9674284.7976001
9675065.705367496
9675846.676169707
9676627.71001184
9677408.806899004
9678189.96683625
9678971.189828683
9679752.475881416
9680533.8249995
9681315.237188045
9682096.71245216
9682878.250796897
9683659.85222737
9684441.51674869
9685223.244365908
9686005.035084141
9686786.888908498
9687568.805844037
9688350.78589587
9689132.829069111
9689914.93536882
9690697.104800105
9691479.337368088
9692261.633077823
9693043.991934426
9693826.413942996
9694608.89910865
9695391.447436446
9696174.058931524
9696956.73359894
9697739.471443813
9698522.272471247
9699305.136686359
9700088.064094208
9700871.054699939
9701654.10850861
9702437.225525342
9703220.405755242
9704003.649203427
9704786.955874965
9705570.325774975
9706353.758908585
9707137.255280854
9707920.814896911
9708704.43776188
9709488.123880826
9710271.873258874
9711055.685901152
9711839.561812725
9712623.500998722
9713407.503464269
9714191.569214435
9714975.698254347
9715759.890589135
9716544.146223867
9717328.465163672
9718112.847413683
9718897.292978968
9719681.80186466
9720466.374075886
9721251.009617722
9722035.708495297
9722820.470713744
9723605.296278138
9724390.185193611
9725175.137465296
9725960.153098268
9726745.232097661
9727530.374468612
9728315.580216192
9729100.849345539
9729886.181861792
9730671.577770023
9731457.03707537
9732242.559782954
9733028.145897908
9733813.795425314
9734599.508370329
9735385.284738032
9736171.124533562
9736957.02776204
9737742.994428607
9738529.024538342
9739315.118096406
9740101.275107881
9740887.495577909
9741673.779511614
9742460.126914136
9743246.537790561
9744033.01214605
9744819.549985688
9745606.151314622
9746392.816137971
9747179.544460887
9747966.33628845
9748753.19162581
9749540.110478112
9750327.092850443
9751114.13874795
9751901.24817578
9752688.421139022
9753475.657642826
9754262.95769234
9755050.321292654
9755837.748448916
9756625.239166277
9757412.793449827
9758200.41130472
9758988.092736105
9759775.837749071
9760563.646348778
9761351.518540373
9762139.454328949
9762927.453719663
9763715.516717665
9764503.643328052
9765291.83355598
9766080.0874066
9766868.40488501
9767656.785996368
9768445.230745828
9769233.739138486
9770022.3111795
9770810.94687401
9771599.646227172
9772388.409244085
9773177.235929927
9773966.1262898
9774755.08032886
9775544.09805225
9776333.17946513
9777122.3245726
9777911.533379842
9778700.805891959
9779490.142114112
9780279.542051444
9781069.005709117
9781858.533092236
9782648.124205984
9783437.779055467
9784227.497645847
9785017.279982273
9785807.126069907
9786597.035913857
9787387.009519286
9788177.046891365
9788967.1480352
9789757.312955959
9790547.54165881
9791337.83414886
9792128.190431278
9792918.610511234
9793709.094393838
9794499.642084261
9795290.253587672
9796080.928909184
9796871.668053966
9797662.47102719
9798453.337833969
9799244.268479478
9800035.262968885
9800826.321307307
9801617.443499917
9802408.62955189
9803199.879468339
9803991.193254441
9804782.570915371
9805574.012456244
9806365.517882237
9807157.08719853
9807948.720410233
9808740.41752253
9809532.178540597
9810324.003469551
9811115.892314574
9811907.845080841
9812699.861773476
9813491.942397658
9814284.086958546
9815076.295461321
9815868.567911107
9816660.904313102
9817453.304672433
9818245.768994277
9819038.297283802
9819830.88954619
9820623.545786563
9821416.266010126
9822209.050222006
9823001.898427386
9823794.810631432
9824587.78683933
9825380.827056207
9826173.931287248
9826967.09953764
9827760.331812516
9828553.628117057
9829346.988456456
9830140.41283584
9830933.901260398
9831727.453735322
9832521.07026574
9833314.750856843
9834108.495513823
9834902.30424181
9835696.177045995
9836490.113931574
9837284.114903675
9838078.179967495
9838872.309128225
9839666.502391
9840460.759761013
9841255.081243461
9842049.466843478
9842843.916566258
9843638.430417001
9844433.008400839
9845227.650522972
9846022.356788594
9846817.127202846
9847611.961770924
9848406.860498026
9849201.823389294
9849996.850449925
9850791.941685118
9851587.097100016
9852382.316699816
9853177.600489702
9853972.948474875
9854768.360660475
9855563.837051725
9856359.377653768
9857154.982471809
9857950.651511028
9858746.384776631
9859542.182273762
9860338.044007646
9861133.969983427
9861929.960206313
9862726.014681488
9863522.133414159
9864318.316409472
9865114.563672656
9865910.875208857
9866707.251023283
9867503.691121126
9868300.195507592
9869096.76418783
9869893.39716705
9870690.094450463
9871486.85604322
9872283.681950532
9873080.57217761
9873877.526729604
9874674.545611728
9875471.628829196
9876268.77638716
9877065.988290835
9877863.264545431
9878660.605156107
9879458.010128073
9880255.47946655
9881053.013176689
9881850.61126371
9882648.273732824
9883446.000589194
9884243.791838031
9885041.64748456
9885839.567533933
9886637.551991371
9887435.600862095
9888233.714151261
9889031.891864091
9889830.134005804
9890628.440581562
9891426.811596585
9892225.247056074
9893023.746965254
9893822.311329283
9894620.940153407
9895419.63344279
9896218.391202651
9897017.213438198
9897816.100154655
9898615.051357187
9899414.067051038
9900213.147241374
9901012.291933421
9901811.501132388
9902610.774843499
9903410.113071922
9904209.515822906
9905008.983101618
9905808.514913289
9906608.111263124
9907407.772156356
9908207.497598154
9909007.287593748
9909807.14214837
9910607.061267188
9911407.044955438
9912207.093218349
9913007.206061093
9913807.383488907
9914607.62550702
9915407.932120606
9916208.303334903
9917008.739155142
9917809.239586497
9918609.804634206
9919410.434303505
9920211.12859957
9921011.887527635
9921812.711092941
9922613.599300664
9923414.55215604
9924215.56966431
9925016.651830653
9925817.798660304
9926619.010158507
9927420.286330441
9928221.627181346
9929023.032716462
9929824.502940971
9930626.037860118
9931427.63747914
9932229.30180322
9933031.030837605
9933832.824587535
9934634.683058197
9935436.606254831
9936238.594182665
9937040.64684694
9937842.764252849
9938644.946405651
9939447.193310535
9940249.504972747
9941051.881397516
9941854.322590088
9942656.828555651
9943459.399299474
9944262.034826746
9945064.735142717
9945867.500252616
9946670.33016169
9947473.224875135
9948276.1843982
9949079.208736137
9949882.297894135
9950685.451877449
9951488.67069133
9952291.954340972
9953095.30283163
9953898.716168556
9954702.194356944
9955505.737402052
9956309.34530913
9957113.018083379
9957916.755730052
9958720.558254404
9959524.425661637
9960328.357957004
9961132.355145765
9961936.417233117
9962740.544224318
9963544.73612463
9964348.992939249
9965153.314673437
9965957.701332454
9966762.1529215
9967566.669445835
9968371.250910725
9969175.897321368
9969980.608683027
9970785.385000966
9971590.226280387
9972395.132526554
9973200.103744734
9974005.139940126
9974810.241117999
9975615.407283599
9976420.638442189
9977225.934598975
9978031.295759248
9978836.721928209
9979642.21311113
9980447.769313257
9981253.39053986
9982059.076796146
9982864.828087404
9983670.644418845
9984476.52579574
9985282.472223336
9986088.483706906
9986894.560251663
9987700.701862896
9988506.908545816
9989313.1803057
9990119.517147798
9990925.919077385
9991732.386099672
9992538.918219937
9993345.515443452
9994152.177775433
9994958.905221157
9995765.697785897
9996572.555474872
9997379.478293357
9998186.466246631
9998993.51933991
9999800.637578472
10000607.820967598
10001415.069512505
10002222.383218473
10003029.762090782
10003837.206134649
10004644.715355359
10005452.289758192
10006259.929348368
10007067.63413117
10007875.40411188
10008683.239295723
10009491.139687978
10010299.105293931
10011107.136118807
10011915.232167888
10012723.393446462
10013531.619959751
10014339.911713041
10015148.268711602
10015956.690960718
10016765.178465614
10017573.731231602
10018382.349263905
10019191.032567814
10019999.781148598
10020808.595011545
10021617.474161886
10022426.41860493
10023235.428345907
10024044.503390107
10024853.643742805
10025662.84940929
10026472.120394794
10027281.45670463
10028090.85834403
10028900.32531829
10029709.857632682
10030519.455292499
10031329.118302979
10032138.846669413
10032948.6403971
10033758.499491274
10034568.423957234
10035378.413800273
10036188.46902563
10036998.589638606
10037808.775644492
10038619.027048532
10039429.343856024
10040239.726072267
10041050.173702499
10041860.686752021
10042671.265226137
10043481.909130083
10044292.618469164
10045103.393248681
10045914.233473875
10046725.139150051
10047536.11028251
10048347.146876499
10049158.248937318
10049969.416470274
10050780.649480611
10051591.947973635
10052403.311954651
10053214.741428906
10054026.236401705
10054837.796878336
10055649.422864107
10056461.114364266
10057272.871384142
10058084.69392898
10058896.582004093
10059708.535614768
10060520.55476632
10061332.639463993
10062144.78971312
10062957.005518954
10063769.286886806
10064581.633821968
10065394.046329752
10066206.524415411
10067019.068084281
10067831.677341612
10068644.35219272
10069457.092642901
10070269.89869747
10071082.770361679
10071895.707640847
10072708.710540293
10073521.779065268
10074334.913221093
10075148.113013085
10075961.3784465
10076774.709526662
10077588.106258884
10078401.56864843
10079215.096700616
10080028.690420765
10080842.349814137
10081656.074886054
10082469.865641836
10083283.722086746
10084097.644226106
10084911.632065238
10085725.685609406
10086539.804863935
10087353.989834148
10088168.240525309
10088982.556942742
10089796.939091777
10090611.386977676
10091425.900605764
10092240.479981372
10093055.125109766
10093869.83599627
10094684.612646217
10095499.45506487
10096314.363257563
10097129.337229623
10097944.376986317
10098759.482532982
10099574.65387492
10100389.89101747
10101205.193965899
10102020.56272556
10102835.997301726
10103651.497699726
10104467.063924877
10105282.695982512
10106098.393877905
10106914.157616409
10107729.987203298
10108545.882643912
10109361.84394356
10110177.871107586
10110993.964141259
10111810.12304992
10112626.347838908
10113442.638513498
10114258.995079027
10115075.417540837
10115891.905904206
10116708.460174473
10117525.080356978
10118341.766457003
10119158.518479886
10119975.33643097
10120792.220315538
10121609.17013893
10122426.18590649
10123243.2676235
10124060.415295305
10124877.628927246
10125694.90852461
10126512.25409274
10127329.665636983
10128147.143162621
10128964.686675005
10129782.296179479
10130599.971681328
10131417.713185903
10132235.52069855
10133053.394224554
10133871.33376927
10134689.339338042
10135507.41093616
10136325.548568977
10137143.75224184
10137962.021960042
10138780.357728934
10139598.759553844
10140417.22744013
10141235.76139308
10142054.361418068
10142873.027520388
10143691.759705393
10144510.557978418
10145329.422344817
10146148.352809886
10146967.349379
10147786.412057452
10148605.540850602
10149424.735763786
10150243.996802362
10151063.323971625
10151882.717276955
10152702.176723652
10153521.70231707
10154341.294062553
10155160.951965459
10155980.676031088
10156800.466264801
10157620.322671961
10158440.245257866
10159260.23402788
10160080.288987365
10160900.410141625
10161720.59749602
10162540.851055916
10163361.170826618
10164181.55681349
10165002.009021895
10165822.527457139
10166643.11212459
10167463.763029613
10168284.480177512
10169105.26357366
10169926.11322342
10170747.0291321
10171568.01130507
10172389.0597477
10173210.174465297
10174031.35546323
10174852.602746872
10175673.916321531
10176495.29619258
10177316.74236539
10178138.254845273
10178959.833637599
10179781.478747724
10180603.190181019
10181424.967942799
10182246.812038457
10183068.722473307
10183890.699252725
10184712.742382066
10185534.851866707
10186357.027711961
10187179.269923229
10188001.578505823
10188823.953465125
10189646.39480649
10190468.902535299
10191291.476656867
10192114.117176598
10192936.824099807
10193759.597431878
10194582.437178167
10195405.34334406
10196228.315934876
10197051.354955995
10197874.460412804
10198697.632310621
10199520.87065483
10200344.175450819
10201167.546703905
10201990.984419476
10202814.488602918
10203638.059259554
10204461.696394771
10205285.400013957
10206109.170122433
10206933.006725593
10207756.90982882
10208580.879437441
10209404.915556846
10210229.018192425
10211053.187349506
10211877.423033478
10212701.725249732
10213526.0940036
10214350.529300468
10215175.031145733
10215999.599544723
10216824.23450283
10217648.93602545
10218473.704117913
10219298.538785614
10220123.440033948
10220948.407868247
10221773.442293907
10222598.543316323
10223423.71094083
10224248.945172826
10225074.246017685
10225899.613480806
10226725.047567526
10227550.548283264
10228376.115633355
10229201.749623202
10230027.450258179
10230853.217543691
10231679.051485073
10232504.95208775
10233330.91935706
10234156.953298405
10234983.053917168
10235809.22121875
10236635.455208492
10237461.7558918
10238288.123274077
10239114.557360664
10239941.058156969
10240767.625668397
10241594.25990029
10242420.960858054
10243247.7285471
10244074.56297277
10244901.46414047
10245728.432055611
10246555.466723537
10247382.56814966
10248209.736339388
10249036.971298069
10249864.273031112
10250691.64154393
10251519.07684187
10252346.578930344
10253174.147814766
10254001.783500483
10254829.48599291
10255657.25529746
10256485.091419484
10257312.9943644
10258140.964137616
10258969.00074449
10259797.104190435
10260625.27448087
10261453.511621146
10262281.81561668
10263110.18647289
10263938.624195134
10264767.128788827
10265595.700259367
10266424.338612176
10267253.043852607
10268081.815986104
10268910.655018024
10269739.560953787
10270568.533798795
10271397.573558468
10272226.680238167
10273055.853843335
10273885.094379332
10274714.401851583
10275543.776265489
10276373.217626477
10277202.725939907
10278032.301211227
10278861.943445798
10279691.652649047
10280521.42882638
10281351.271983223
10282181.182124944
10283011.159256967
10283841.203384722
10284671.314513575
10285501.492648957
10286331.737796294
10287162.049960956
10287992.429148374
10288822.875363976
10289653.388613133
10290483.968901277
10291314.61623384
10292145.330616191
10292976.112053763
10293806.960551992
10294637.876116248
10295468.858751964
10296299.908464577
10297131.02525946
10297962.209142046
10298793.460117772
10299624.778192015
10300456.163370209
10301287.615657791
10302119.135060139
10302950.72158269
10303782.375230882
10304614.096010095
10305445.883925764
10306277.73898331
10307109.661188174
10307941.650545737
10308773.707061457
10309605.830740714
10310438.021588951
10311270.279611591
10312102.604814077
10312934.99720179
10313767.456780193
10314599.983554669
10315432.577530663
10316265.2387136
10317097.967108926
10317930.762722023
10318763.62555836
10319596.55562332
10320429.552922353
10321262.617460884
10322095.749244364
10322928.948278176
10323762.214567771
10324595.548118599
10325428.948936047
10326262.417025564
10327095.952392606
10327929.555042557
10328763.22498087
10329596.962213
10330430.766744334
10331264.638580326
10332098.577726431
10332932.58418804
10333766.657970607
10334600.799079588
10335435.007520376
10336269.283298424
10337103.626419192
10337938.03688807
10338772.514710521
10339607.059891999
10340441.672437899
10341276.352353679
10342111.0996448
10342945.91431666
10343780.796374716
10344615.74582443
10345450.762671199
10346285.846920485
10347120.998577747
10347956.217648389
10348791.50413787
10349626.858051654
10350462.279395143
10351297.768173799
10352133.324393066
10352968.948058408
10353804.639175227
10354640.397749012
10355476.223785164
10356312.117289152
10357148.078266418
10357984.106722433
10358820.2026626
10359656.36609241
10360492.597017268
10361328.895442642
10362165.261373982
10363001.694816757
10363838.195776375
10364674.764258308
10365511.400268026
10366348.103810938
10367184.874892516
10368021.713518236
10368858.619693503
10369695.593423793
10370532.634714581
10371369.743571278
10372206.91999936
10373044.164004298
10373881.475591509
10374718.854766466
10375556.301534649
10376393.815901471
10377231.39787241
10378069.047452942
10378906.764648484
10379744.549464514
10380582.401906515
10381420.321979897
10382258.309690146
10383096.365042739
10383934.488043096
10384772.6786967
10385610.93700903
10386449.262985505
10387287.656631611
10388126.11795283
10388964.646954581
10389803.243642349
10390641.908021621
10391480.640097817
10392319.439876422
10393158.307362901
10393997.242562743
10394836.245481368
10395675.316124288
10396514.454496924
10397353.660604768
10398192.934453283
10399032.276047962
10399871.68539423
10400711.162497597
10401550.707363492
10402390.319997404
10403230.000404805
10404069.748591186
10404909.564561978
10405749.448322669
10406589.399878755
10407429.419235667
10408269.506398898
10409109.661373941
10409949.884166231
10410790.17478126
10411630.533224525
10412470.959501458
10413311.453617558
10414152.01557832
10414992.645389179
10415833.343055632
10416674.108583178
10417514.941977255
10418355.843243359
10419196.81238699
10420037.849413585
10420878.954328645
10421720.127137672
10422561.367846103
10423402.676459443
10424244.052983189
10425085.497422785
10425927.00978373
10426768.590071533
10427610.23829163
10428451.954449529
10429293.738550734
10430135.590600686
10430977.510604892
10431819.498568857
10432661.554498028
10433503.678397909
10434345.870273987
10435188.130131772
10436030.457976706
10436872.853814323
10437715.317650067
10438557.849489447
10439400.449337954
10440243.117201097
10441085.853084328
10441928.656993175
10442771.52893309
10443614.468909582
10444457.476928147
10445300.552994296
10446143.69711348
10446986.909291236
10447830.189533012
10448673.537844326
10449516.954230674
10450360.43869757
10451203.991250465
10452047.611894878
10452891.300636329
10453735.05748027
10454578.882432219
10455422.775497695
10456266.736682156
10457110.76599112
10457954.863430105
10458799.029004572
10459643.262720041
10460487.564582031
10461331.934596004
10462176.37276748
10463020.879101982
10463865.453604972
10464710.096281972
10465554.807138504
10466399.586180035
10467244.433412084
10468089.348840179
10468934.332469782
10469779.384306422
10470624.504355622
10471469.692622848
10472314.949113626
10473160.273833485
10474005.666787893
10474851.127982374
10475696.65742244
10476542.255113618
10477387.921061378
10478233.655271271
10479079.457748765
10479925.32849939
10480771.267528659
10481617.274842102
10482463.350445192
10483309.49434348
10484155.706542442
10485001.987047605
10485848.335864488
10486694.752998626
10487541.23845549
10488387.792240635
10489234.414359538
10490081.104817735
10490927.86362074
10491774.690774094
10492621.586283272
10493468.55015381
10494315.582391249
10495162.683001066
10496009.8519888
10496857.089359991
10497704.39512012
10498551.769274723
10499399.211829348
10500246.722789468
10501094.30216063
10501941.949948376
10502789.666158186
10503637.450795606
10504485.303866178
10505333.225375384
10506181.215328772
10507029.273731885
10507877.400590207
10508725.595909286
10509573.859694667
10510422.191951837
10511270.592686342
10512119.061903732
10512967.599609492
10513816.205809172
10514664.88050832
10515513.623712426
10516362.43542704
10517211.315657713
10518060.264409931
10518909.281689249
10519758.36750122
10520607.521851331
10521456.744745137
10522306.036188172
10523155.39618599
10524004.824744081
10524854.321868023
10525703.887563307
10526553.52183549
10527403.224690108
10528252.996132717
10529102.83616881
10529952.74480397
10530802.72204369
10531652.767893527
10532502.882359022
10533353.065445734
10534203.31715916
10535053.637504857
10535904.026488394
10536754.484115262
10537605.010391025
10538455.605321247
10539306.268911427
10540157.001167126
10541007.802093912
10541858.671697281
10542709.609982803
10543560.616956038
10544411.692622494
10545262.83698773
10546114.050057318
10546965.33183676
10547816.682331622
10548668.101547474
10549519.58948982
10550371.146164227
10551222.771576267
10552074.465731446
10552926.22863533
10553778.060293496
10554629.960711446
10555481.929894753
10556333.967848992
10557186.074579667
10558038.250092354
10558890.494392626
10559742.807485992
10560595.189378027
10561447.640074303
10562300.159580337
10563152.7479017
10564005.405043948
10564858.131012658
10565710.925813343
10566563.789451601
10567416.721932946
10568269.723262956
10569122.79344719
10569975.932491228
10570829.140400583
10571682.417180857
10572535.762837566
10573389.177376295
10574242.660802599
10575096.213122062
10575949.834340205
10576803.52446263
10577657.283494852
10578511.111442462
10579365.008311018
10580218.974106109
10581073.008833252
10581927.112498034
10582781.28510604
10583635.526662793
10584489.837173881
10585344.21664489
10586198.665081346
10587053.182488834
10587907.768872945
10588762.424239203
10589617.148593197
10590471.94194052
10591326.804286694
10592181.735637313
10593036.735997967
10593891.805374186
10594746.94377156
10595602.151195683
10596457.427652083
10597312.773146354
10598168.18768409
10599023.671270823
10599879.223912146
10600734.845613655
10601590.536380883
10602446.296219425
10603302.125134878
10604158.023132775
10605013.990218714
10605870.026398271
10606726.131677048
10607582.306060575
10608438.549554477
10609294.862164287
10610151.243895607
10611007.694754016
10611864.214745114
10612720.80387444
10613577.46214762
10614434.189570187
10615290.986147748
10616147.851885885
10617004.786790201
10617861.790866237
10618718.86411962
10619576.006555889
10620433.21818065
10621290.49899949
10622147.849018015
10623005.268241767
10623862.756676354
10624720.314327385
10625577.941200403
10626435.637301018
10627293.40263484
10628151.237207415
10629009.14102435
10629867.114091258
10630725.156413687
10631583.267997248
10632441.448847553
10633299.698970148
10634158.01837065
10635016.407054672
10635874.865027763
10636733.392295536
10637591.988863606
10638450.654737527
10639309.389922911
10640168.194425378
10641027.068250477
10641886.011403827
10642745.023891045
10643604.105717685
10644463.256889366
10645322.477411706
10646181.76729026
10647041.126530651
10647900.555138495
10648760.05311935
10649619.620478837
10650479.25722258
10651338.963356134
10652198.738885121
10653058.583815146
10653918.49815183
10654778.481900733
10655638.535067502
10656498.657657696
10657358.84967694
10658219.111130841
10659079.442025023
10659939.842365049
10660800.312156565
10661660.85140514
10662521.460116396
10663382.138295943
10664242.88594941
10665103.70308236
10665964.589700427
10666825.545809237
10667686.571414359
10668547.66652142
10669408.831136059
10670270.065263838
10671131.36891039
10671992.742081352
10672854.184782287
10673715.697018834
10674577.278796626
10675438.930121232
10676300.650998289
10677162.44143343
10678024.301432231
10678886.231000325
10679748.230143351
10680610.298866883
10681472.437176555
10682334.64507801
10683196.92257682
10684059.269678626
10684921.686389066
10685784.172713717
10686646.72865822
10687509.354228213
10688372.049429279
10689234.814267054
10690097.648747187
10690960.55287525
10691823.52665689
10692686.570097752
10693549.683203412
10694412.865979519
10695276.118431695
10696139.440565584
10697002.832386771
10697866.293900922
10698729.82511362
10699593.426030513
10700457.096657228
10701320.83699941
10702184.64706265
10703048.526852613
10703912.476374885
10704776.49563512
10705640.584638944
10706504.74339201
10707368.971899902
10708233.270168297
10709097.638202783
10709962.07600901
10710826.583592612
10711691.160959246
10712555.808114495
10713420.52506402
10714285.311813472
10715150.168368446
10716015.094734594
10716880.090917576
10717745.156922985
10718610.292756476
10719475.498423707
10720340.773930274
10721206.119281836
10722071.534484051
10722937.019542513
10723802.574462885
10724668.199250828
10725533.893911937
10726399.658451874
10727265.4928763
10728131.397190817
10728997.371401083
10729863.415512765
10730729.52953146
10731595.713462835
10732461.967312554
10733328.291086217
10734194.68478949
10735061.148428038
10735927.682007466
10736794.28553344
10737660.959011603
10738527.702447629
10739394.515847117
10740261.39921576
10741128.35255916
10741995.37588299
10742862.4691929
10743729.632494556
10744596.865793569
10745464.16909563
10746331.542406345
10747198.985731391
10748066.499076417
10748934.082447095
10749801.735849038
10750669.45928794
10751537.25276941
10752405.116299126
10753273.049882742
10754141.053525932
10755009.12723431
10755877.271013552
10756745.484869339
10757613.768807279
10758482.122833055
10759350.546952343
10760219.041170761
10761087.605493987
10761956.239927702
10762824.944477519
10763693.719149126
10764562.5639482
10765431.478880357
10766300.463951286
10767169.519166663
10768038.644532112
10768907.840053316
10769777.10573596
10770646.441585662
10771515.847608108
10772385.323808985
10773254.870193915
10774124.486768583
10774994.17353868
10775863.930509822
10776733.757687705
10777603.655078012
10778473.622686373
10779343.660518471
10780213.768579978
10781083.946876587
10781954.19541392
10782824.51419769
10783694.903233526
10784565.36252712
10785435.892084144
10786306.49191029
10787177.162011188
10788047.902392551
10788918.713060012
10789789.594019266
10790660.545275984
10791531.566835865
10792402.65870454
10793273.820887726
10794145.053391056
10795016.356220229
10795887.729380922
10796759.172878833
10797630.686719596
10798502.27090891
10799373.925452478
10800245.650355933
10801117.445624977
10801989.311265312
10802861.247282574
10803733.253682466
10804605.330470692
10805477.477652889
10806349.695234763
10807221.983222013
10808094.341620285
10808966.770435281
10809839.269672709
10810711.839338206
10811584.479437483
10812457.189976245
10813329.970960133
10814202.822394859
10815075.744286127
10815948.736639585
10816821.79946094
10817694.932755902
10818568.136530118
10819441.410789296
10820314.755539149
10821188.170785323
10822061.656533532
10822935.212789485
10823808.839558832
10824682.536847288
10825556.304660564
10826430.143004311
10827304.051884245
10828178.031306058
10829052.081275467
10829926.20179812
10830800.392879762
10831674.654526038
10832548.98674267
10833423.389535353
10834297.862909805
10835172.406871682
10836047.021426722
10836921.706580585
10837796.462338986
10838671.288707627
10839546.185692228
10840421.153298447
10841296.191532006
10842171.30039863
10843046.47990397
10843921.730053756
10844797.050853712
10845672.442309495
10846547.904426832
10847423.437211446
10848299.040669
10849174.71480522
10850050.45962583
10850926.275136497
10851802.161342947
10852678.118250906
10853554.145866042
10854430.24419408
10855306.413240751
10856182.653011722
10857058.96351272
10857935.34474948
10858811.796727665
10859688.319453008
10860564.912931243
10861441.577168034
10862318.31216912
10863195.117940228
10864071.994487034
10864948.941815266
10865825.959930666
10866703.0488389
10867580.208545703
10868457.439056817
10869334.740377909
10870212.112514718
10871089.55547296
10871967.069258377
10872844.653876636
10873722.309333503
10874600.035634652
10875477.83278582
10876355.70079273
10877233.639661122
10878111.649396673
10878989.730005145
10879867.881492216
10880746.10386363
10881624.397125108
10882502.761282396
10883381.19634117
10884259.702307198
10885138.279186161
10886016.926983804
10886895.64570585
10887774.435358051
10888653.295946082
10889532.227475695
10890411.229952639
10891290.303382594
10892169.44777131
10893048.663124539
10893927.949447963
10894807.306747334
10895686.735028403
10896566.234296855
10897445.804558441
10898325.445818916
10899205.158083966
10900084.941359343
10900964.795650804
10901844.720964035
10902724.717304792
10903604.784678832
10904484.92309184
10905365.132549575
10906245.413057795
10907125.764622191
10908006.187248517
10908886.680942535
10909767.245709937
10910647.881556481
10911528.588487927
10912409.366509968
10913290.215628365
10914171.13584886
10915052.127177209
10915933.18961911
10916814.32318035
10917695.52786662
10918576.803683689
10919458.150637297
10920339.568733206
10921221.057977116
10922102.618374815
10922984.249932
10923865.95265444
10924747.726547876
10925629.57161808
10926511.48787075
10927393.475311674
10928275.533946557
10929157.663781168
10930039.864821253
10930922.137072584
10931804.480540862
10932686.895231858
10933569.381151346
10934451.938305028
10935334.56669868
10936217.26633807
10937100.037228908
10937982.879376967
10938865.79278802
10939748.777467774
10940631.833422007
10941514.960656494
10942398.159176942
10943281.42898913
10944164.770098833
10945048.182511762
10945931.666233696
10946815.221270412
10947698.847627623
10948582.545311106
10949466.314326644
10950350.15467995
10951234.066376802
10952118.049422983
10953002.103824206
10953886.229586257
10954770.426714914
10955654.695215896
10956539.035094984
10957423.446357965
10958307.929010555
10959192.483058538
10960077.108507702
10960961.805363763
10961846.573632507
10962731.413319701
10963616.324431133
10964501.306972519
10965386.360949673
10966271.486368315
10967156.683234235
10968041.951553201
10968927.291331002
10969812.702573363
10970698.185286094
10971583.739474922
10972469.365145639
10973355.062304012
10974240.830955837
10975126.67110684
10976012.582762813
10976898.565929553
10977784.620612785
10978670.746818306
10979556.94455191
10980443.213819325
10981329.554626351
10982215.966978785
10983102.450882353
10983989.006342856
10984875.633366093
10985762.331957797
10986649.102123762
10987535.943869792
10988422.857201621
10989309.842125047
10990196.898645872
10991084.026769832
10991971.226502728
10992858.497850362
10993745.840818472
10994633.25541286
10995520.74163933
10996408.299503619
10997295.929011535
10998183.63016888
10999071.402981393
10999959.247454884
11000847.163595155
11001735.151407948
11002623.210899074
11003511.342074336
11004399.544939479
11005287.81950031
11006176.16576262
11007064.583732214
11007953.07341484
11008841.634816328
11009730.267942425
11010618.972798942
11011507.74939167
11012396.597726418
11013285.517808937
11014174.509645062
11015063.573240537
11015952.70860118
11016841.915732784
11017731.194641165
11018620.54533207
11019509.967811339
11020399.462084722
11021289.028158037
11022178.666037079
11023068.375727667
11023958.157235552
11024848.010566555
11025737.935726495
11026627.932721125
11027518.001556268
11028408.142237742
11029298.354771303
11030188.639162773
11031078.995417977
11031969.423542669
11032859.923542673
11033750.495423812
11034641.139191847
11035531.8548526
11036422.642411897
11037313.501875497
11038204.433249226
11039095.436538912
11039986.511750316
11040877.658889266
11041768.877961587
11042660.168973044
11043551.531929463
11044442.96683668
11045334.47370045
11046226.05252661
11047117.70332099
11048009.426089352
11048901.22083753
11049793.087571334
11050685.026296597
11051577.037019085
11052469.119744655
11053361.274479073
11054253.501228176
11055145.799997775
11056038.170793707
11056930.613621742
11057823.128487738
11058715.715397464
11059608.37435676
11060501.10537144
11061393.908447346
11062286.783590246
11063179.730806002
11064072.750100391
11064965.841479251
11065859.0049484
11066752.24051368
11067645.548180867
11068538.927955803
11069432.37984433
11070325.903852224
11071219.49998533
11072113.168249493
11073006.908650488
11073900.721194163
11074794.605886362
11075688.562732864
11076582.591739517
11077476.692912169
11078370.866256597
11079265.11177865
11080159.42948418
11081053.819378965
11081948.281468857
11082842.815759704
11083737.422257291
11084632.100967467
11085526.851896085
11086421.67504893
11087316.570431853
11088211.538050707
11089106.577911278
11090001.690019421
11090896.874380989
11091792.13100177
11092687.459887618
11093582.861044392
11094478.334477877
11095373.880193932
11096269.498198412
11097165.18849711
11098060.951095881
11098956.786000563
11099852.693217013
11100748.672751026
11101644.724608485
11102540.848795177
11103437.04531697
11104333.314179698
11105229.655389227
11106126.068951348
11107022.554871947
11107919.113156822
11108815.743811835
11109712.446842827
11110609.222255664
11111506.070056142
11112402.990250131
11113299.982843492
11114197.047842028
11115094.185251601
11115991.395078084
11116888.677327275
11117786.032005042
11118683.459117256
11119580.958669716
11120478.530668294
11121376.17511886
11122273.892027216
11123171.681399234
11124069.543240787
11124967.47755768
11125865.484355783
11126763.56364097
11127661.715419048
11128559.939695893
11129458.236477377
11130356.605769306
11131255.04757756
11132153.561908012
11133052.148766471
11133950.808158815
11134849.540090922
11135748.3445686
11136647.22159773
11137546.17118419
11138445.19333379
11139344.288052412
11140243.455345936
11141142.695220174
11142042.007681008
11142941.392734298
11143840.850385925
11144740.380641704
11145639.983507542
11146539.658989254
11147439.407092724
11148339.227823814
11149239.12118841
11150139.087192329
11151039.12584148
11151939.237141682
11152839.42109882
11153739.67771876
11154640.007007392
11155540.408970535
11156440.883614076
11157341.430943908
11158242.050965851
11159142.743685795
11160043.509109631
11160944.347243182
11161845.258092342
11162746.241663001
11163647.297960984
11164548.426992185
11165449.628762498
11166350.903277747
11167252.250543829
11168153.670566639
11169055.163352003
11169956.728905817
11170858.36723398
11171760.07834232
11172661.862236733
11173563.718923118
11174465.648407305
11175367.650695194
11176269.725792682
11177171.873705603
11178074.094439859
11178976.388001345
11179878.7543959
11180781.193629423
11181683.705707818
11182586.290636918
11183488.948422626
11184391.679070845
11185294.482587414
11186197.358978236
11187100.308249194
11188003.330406193
11188906.42545507
11189809.593401756
11190712.83425209
11191616.148011977
11192519.534687303
11193422.99428398
11194326.526807845
11195230.13226483
11196133.81066078
11197037.5620016
11197941.386293186
11198845.283541441
11199749.253752215
11200653.296931438
11201557.413084958
11202461.602218686
11203365.864338515
11204270.199450359
11205174.60756006
11206079.088673541
11206983.642796712
11207888.269935422
11208792.970095588
11209697.743283125
11210602.589503886
11211507.508763786
11212412.501068745
11213317.566424614
11214222.70483731
11215127.916312756
11216033.200856801
11216938.558475368
11217843.989174379
11218749.492959686
11219655.06983721
11220560.719812877
11221466.44289254
11222372.239082122
11223278.10838755
11224184.050814677
11225090.066369431
11225996.155057736
11226902.316885449
11227808.5518585
11228714.85998281
11229621.241264246
11230527.695708731
11231434.223322172
11232340.824110497
11233247.498079568
11234154.245235337
11235061.065583667
11235967.959130488
11236874.925881712
11237781.965843264
11238689.079021014
11239596.265420916
11240503.525048833
11241410.8579107
11242318.26401243
11243225.743359955
11244133.295959145
11245040.921815954
11245948.620936254
11246856.393325979
11247764.238991044
11248672.157937389
11249580.15017088
11250488.215697456
11251396.354523059
11252304.566653557
11253212.85209489
11254121.210853001
11255029.642933762
11255938.148343112
11256846.727086995
11257755.379171284
11258664.104601922
11259572.903384853
11260481.77552595
11261390.721031161
11262299.739906428
11263208.83215763
11264117.997790711
11265027.236811617
11265936.549226226
11266845.935040487
11267755.394260347
11268664.926891685
11269574.53294045
11270484.21241259
11271393.965313988
11272303.791650591
11273213.691428354
11274123.664653156
11275033.71133095
11275943.831467688
11276854.025069252
11277764.292141598
11278674.632690676
11279585.046722373
11280495.534242645
11281406.095257422
11282316.729772659
11283227.437794244
11284138.219328158
11285049.074380286
11285960.002956586
11286871.005062994
11287782.080705468
11288693.229889898
11289604.452622265
11290515.74890846
11291427.118754445
11292338.562166158
11293250.079149557
11294161.669710537
11295073.33385506
11295985.07158909
11296896.882918518
11297808.76784931
11298720.726387428
11299632.75853877
11300544.8643093
11301457.043704983
11302369.296731718
11303281.623395469
11304194.023702202
11305106.49765782
11306019.045268288
11306931.666539576
11307844.36147758
11308757.130088273
11309669.972377624
11310582.888351535
11311495.878015976
11312408.941376919
11313322.078440266
11314235.289211988
11315148.573698059
11316061.931904385
11316975.363836937
11317888.869501691
11318802.448904552
11319716.102051493
11320629.828948494
11321543.629601458
11322457.504016364
11323371.452199189
11324285.474155841
11325199.569892297
11326113.739414515
11327027.98272847
11327942.299840078
11328856.690755337
11329771.15548016
11330685.694020528
11331600.3063824
11332514.992571758
11333429.752594516
11334344.586456677
11335259.494164156
11336174.475722939
11337089.531138986
11338004.660418281
11338919.863566741
11339835.140590377
11340750.4914951
11341665.916286904
11342581.414971748
11343496.987555623
11344412.634044444
11345328.354444204
11346244.14876089
11347160.017000422
11348075.959168792
11348991.975271989
11349908.065315934
11350824.229306621
11351740.46725004
11352656.779152116
11353573.165018842
11354489.62485621
11355406.158670144
11356322.766466642
11357239.448251696
11358156.204031233
11359073.03381125
11359989.937597742
11360906.915396636
11361823.967213932
11362741.093055625
11363658.292927645
11364575.566835992
11365492.914786665
11366410.336785592
11367327.832838777
11368245.402952218
11369163.04713185
11370080.76538367
11370998.55771366
11371916.424127823
11372834.364632092
11373752.379232494
11374670.467934964
11375588.630745508
11376506.867670104
11377425.178714762
11378343.563885415
11379262.023188096
11380180.556628741
11381099.164213357
11382017.84594793
11382936.601838468
11383855.43189091
11384774.33611129
11385693.31450555
11386612.367079696
11387531.493839718
11388450.694791628
11389369.969941368
11390289.31929495
11391208.74285839
11392128.240637626
11393047.812638676
11393967.458867554
11394887.179330204
11395806.974032642
11396726.842980884
11397646.786180878
11398566.803638639
11399486.895360183
11400407.061351461
11401327.30161849
11402247.616167288
11403168.005003808
11404088.468134064
11405009.005564082
11405929.61729981
11406850.303347267
11407771.06371248
11408691.898401398
11409612.807420045
11410533.790774442
11411454.848470544
11412375.980514377
11413297.186911965
11414218.467669262
11415139.822792292
11416061.252287084
11416982.756159594
11417904.33441585
11418825.987061875
11419747.714103634
11420669.515547149
11421591.391398432
11422513.341663506
11423435.366348337
11424357.465458974
11425279.639001383
11426201.88698159
11427124.209405607
11428046.606279464
11428969.077609127
11429891.62340065
11430814.243660001
11431736.93839321
11432659.70760629
11433582.551305275
11434505.469496135
11435428.4621849
11436351.529377613
11437274.671080237
11438197.887298813
11439121.178039378
11440044.543307899
11440967.983110417
11441891.49745297
11442815.08634153
11443738.74978214
11444662.487780835
11445586.300343592
11446510.18747645
11447434.149185453
11448358.185476575
11449282.296355857
11450206.481829345
11451130.741903014
11452055.076582909
11452979.485875072
11453903.969785484
11454828.52832019
11455753.161485234
11456677.869286597
11457602.651730325
11458527.508822469
11459452.440569004
11460377.446975984
11461302.528049454
11462227.683795398
11463152.914219867
11464078.21932891
11465003.59912851
11465929.053624721
11466854.582823569
11467780.186731111
11468705.865353327
11469631.618696298
11470557.446766008
11471483.349568512
11472409.327109842
11473335.379396053
11474261.506433135
11475187.708227165
11476113.984784134
11477040.336110098
11477966.762211094
11478893.26309318
11479819.838762343
11480746.489224672
11481673.214486156
11482600.014552852
11483526.889430802
11484453.83912607
11485380.863644643
11486307.962992588
11487235.13717597
11488162.386200778
11489089.71007308
11490017.10879894
11490944.582384354
11491872.130835388
11492799.754158108
11493727.45235851
11494655.225442665
11495583.073416637
11496510.996286426
11497438.9940581
11498367.066737732
11499295.214331318
11500223.436844928
11501151.734284637
11502080.106656443
11503008.553966418
11503937.076220637
11504865.673425099
11505794.345585879
11506723.092709053
11507651.914800622
11508580.811866662
11509509.78391325
11510438.830946388
11511367.952972155
11512297.149996603
11513226.42202581
11514155.769065786
11515085.191122629
11516014.688202348
11516944.260311024
11517873.907454712
11518803.629639493
11519733.426871376
11520663.299156468
11521593.246500779
11522523.268910391
11523453.366391364
11524383.538949782
11525313.786591657
11526244.109323096
11527174.507150114
11528104.980078796
11529035.528115205
11529966.151265427
11530896.849535478
11531827.622931445
11532758.471459417
11533689.395125408
11534620.39393551
11535551.467895811
11536482.617012331
11537413.84129116
11538345.140738387
11539276.515360035
11540207.965162192
11541139.490150953
11542071.09033234
11543002.765712446
11543934.516297363
11544866.342093114
11545798.243105797
11546730.219341503
11547662.27080626
11548594.397506163
11549526.599447308
11550458.876635723
11551391.229077503
11552323.65677875
11553256.159745485
11554188.737983814
11555121.391499832
11556054.12029957
11556986.92438913
11557919.803774588
11558852.758462043
11559785.78845753
11560718.893767172
11561652.074397003
11562585.330353128
11563518.661641624
11564452.068268597
11565385.55024008
11566319.107562203
11567252.740241002
11568186.448282583
11569120.231693028
11570054.090478444
11570988.02464487
11571922.034198439
11572856.119145185
11573790.27949122
11574724.515242629
11575658.826405523
11576593.212985944
11577527.67499
11578462.212423803
11579396.825293398
11580331.513604894
11581266.277364405
11582201.116577975
11583136.03125172
11584071.02139175
11585006.087004112
11585941.228094922
11586876.444670297
11587811.736736283
11588747.104298994
11589682.54736455
11590618.065939
11591553.660028458
11592489.329639047
11593425.074776815
11594360.895447884
11595296.79165837
11596232.763414327
11597168.810721876
11598104.933587138
11599041.132016165
11599977.406015083
11600913.75559001
11601850.180747006
11602786.681492189
11603723.257831689
11604659.90977156
11605596.637317926
11606533.440476913
11607470.31925458
11608407.273657054
11609344.303690437
11610281.409360861
11611218.590674382
11612155.847637154
11613093.180255236
11614030.588534757
11614968.072481828
11615905.632102577
11616843.267403066
11617780.978389451
11618718.765067795
11619656.627444232
11620594.56552487
11621532.579315847
11622470.668823224
11623408.834053136
11624347.075011723
11625285.391705045
11626223.784139244
11627162.252320454
11628100.796254743
11629039.415948251
11629978.111407116
11630916.882637404
11631855.72964526
11632794.652436819
11633733.651018154
11634672.725395406
11635611.875574717
11636551.101562157
11637490.40336387
11638429.780986002
11639369.234434621
11640308.763715874
11641248.368835906
11642188.04980079
11643127.806616675
11644067.639289703
11645007.547825953
11645947.532231571
11646887.592512704
11647827.728675433
11648767.940725902
11649708.228670264
11650648.592514595
11651589.032265048
11652529.547927773
11653470.139508849
11654410.807014428
11655351.550450642
11656292.369823638
11657233.265139503
11658174.236404411
11659115.28362445
11660056.40680577
11660997.605954504
11661938.881076809
11662880.23217877
11663821.659266567
11664763.162346285
11665704.741424082
11666646.396506093
11667588.12759848
11668529.934707327
11669471.817838818
11670413.776999043
11671355.812194163
11672297.923430314
11673240.11071366
11674182.374050291
11675124.71344637
11676067.128908059
11677009.620441452
11677952.188052712
11678894.831748005
11679837.551533425
11680780.347415136
11681723.219399307
11682666.16749203
11683609.191699475
11684552.29202781
11685495.46848313
11686438.721071605
11687382.049799403
11688325.454672623
11689268.935697436
11690212.492880013
11691156.126226453
11692099.835742926
11693043.621435609
11693987.483310597
11694931.42137407
11695875.435632195
11696819.52609108
11697763.692756899
11698707.935635824
11699652.254733961
11700596.650057489
11701541.121612558
11702485.669405345
11703430.293441957
11704374.993728597
11705319.77027137
11706264.623076458
11707209.552150015
11708154.55749822
11709099.639127186
11710044.797043115
11710990.031252118
11711935.341760378
11712880.728574052
11713826.191699326
11714771.73114231
11715717.346909214
11716663.039006148
11717608.8074393
11718554.652214829
11719500.573338926
11720446.570817702
11721392.644657344
11722338.794864044
11723285.021443913
11724231.324403144
11725177.703747924
11726124.159484372
11727070.69161868
11728017.300157033
11728963.985105556
11729910.746470438
11730857.584257875
11731804.498473983
11732751.489124957
11733698.556216992
11734645.69975621
11735592.919748805
11736540.216200974
11737487.589118838
11738435.038508596
11739382.564376442
11740330.166728504
11741277.845570978
11742225.600910064
11743173.432751887
11744121.341102647
11745069.325968545
11746017.387355708
11746965.525270335
11747913.739718633
11748862.030706726
11749810.398240818
11750758.842327112
11751707.36297174
11752655.960180907
11753604.63396079
11754553.384317594
11755502.211257456
11756451.114786603
11757400.094911167
11758349.15163736
11759298.284971362
11760247.494919382
11761196.781487556
11762146.144682117
11763095.5845092
11764045.100975018
11764994.694085754
11765944.363847623
11766894.110266762
11767843.933349382
11768793.833101695
11769743.809529845
11770693.86264004
11771643.992438499
11772594.198931362
11773544.482124843
11774494.842025159
11775445.278638452
11776395.79197094
11777346.382028839
11778297.048818292
11779247.792345522
11780198.612616742
11781149.509638103
11782100.48341582
11783051.533956116
11784002.661265139
11784953.865349108
11785905.146214247
11786856.503866702
11787807.9383127
11788759.44955846
11789711.037610132
11790662.702473946
11791614.44415612
11792566.26266281
11793518.15800024
11794470.130174637
11795422.179192156
11796374.30505902
11797326.507781459
11798278.787365628
11799231.143817756
11800183.57714405
11801136.087350734
11802088.67444397
11803041.338430008
11803994.079315012
11804946.897105211
11805899.791806811
11806852.763426047
11807805.81196908
11808758.937442163
11809712.139851462
11810665.41920321
11811618.775503619
11812572.208758922
11813525.718975285
11814479.306158967
11815432.970316133
11816386.711453019
11817340.529575842
11818294.424690837
11819248.396804173
11820202.445922088
11821156.572050823
11822110.775196545
11823065.055365495
11824019.412563916
11824973.846797977
11825928.358073918
11826882.946397986
11827837.611776348
11828792.354215251
11829747.173720937
11830702.070299583
11831657.043957427
11832612.094700722
11833567.222535638
11834522.427468425
11835477.709505327
11836433.068652524
11837388.50491626
11838344.018302785
11839299.608818278
11840255.276468989
11841211.021261165
11842166.843200987
11843122.742294708
11844078.718548577
11845034.771968778
11845990.902561558
11846947.110333152
11847903.395289812
11848859.75743772
11849816.196783155
11850772.713332301
11851729.307091411
11852685.978066722
11853642.726264488
11854599.551690893
11855556.454352222
11856513.434254661
11857470.491404468
11858427.625807878
11859384.837471152
11860342.126400476
11861299.49260214
11862256.936082328
11863214.456847304
11864172.054903308
11865129.7302566
11866087.482913373
11867045.31287989
11868003.220162418
11868961.204767147
11869919.266700344
11870877.405968275
11871835.622577135
11872793.916533189
11873752.287842704
11874710.736511879
11875669.26254698
11876627.865954278
11877586.54673997
11878545.304910323
11879504.140471611
11880463.053430032
11881422.043791857
11882381.111563358
11883340.256750736
11884299.479360264
11885258.779398216
11886218.156870792
11887177.611784268
11888137.14414492
11889096.75395895
11890056.441232633
11891016.205972249
11891976.048184
11892935.967874164
11893895.965049021
11894856.039714776
11895816.191877708
11896776.421544096
11897736.728720149
11898697.11341215
11899657.575626351
11900618.115369037
11901578.732646415
11902539.427464796
11903500.199830389
11904461.049749477
11905421.977228321
11906382.982273206
11907344.064890344
11908305.225086045
11909266.462866522
11910227.778238064
11911189.171206933
11912150.641779415
11913112.18996173
11914073.815760164
11915035.519181006
11915997.300230473
11916959.158914858
11917921.09524045
11918883.109213468
11919845.200840205
11920807.370126951
11921769.617079929
11922731.94170543
11923694.34400975
11924656.823999109
11925619.381679803
11926582.017058128
11927544.730140308
11928507.520932635
11929470.389441412
11930433.33567286
11931396.359633276
11932359.461328961
11933322.640766142
11934285.897951117
11935249.232890185
11936212.645589577
11937176.13605559
11938139.70429453
11939103.350312622
11940067.074116172
11941030.875711482
11941994.755104782
11942958.712302376
11943922.74731057
11944886.860135596
11945851.050783757
11946815.31926134
11947779.665574647
11948744.089729914
11949708.591733476
11950673.171591563
11951637.829310486
11952602.564896531
11953567.378356006
11954532.26969515
11955497.238920296
11956462.286037683
11957427.411053626
11958392.61397441
11959357.894806346
11960323.253555676
11961288.690228716
11962254.204831777
11963219.797371104
11964185.46785301
11965151.216283811
11966117.042669753
11967082.947017148
11968048.929332318
11969014.989621505
11969981.12789103
11970947.34414721
11971913.638396291
11972880.010644592
11973846.460898438
11974812.989164073
11975779.59544782
11976746.279756
11977713.042094864
11978679.882470733
11979646.80088993
11980613.797358708
11981580.871883392
11982548.024470305
11983515.255125701
11984482.563855905
11985449.950667243
11986417.415565971
11987384.958558416
11988352.579650905
11989320.278849693
11990288.056161111
11991255.911591489
11992223.84514708
11993191.85683422
11994159.946659211
11995128.11462839
11996096.36074801
11997064.685024433
11998033.087463915
11999001.568072792
11999970.126857374
12000938.763823997
12001907.478978919
12002876.272328503
12003845.143879013
12004814.093636783
12005783.121608127
12006752.227799384
12007721.412216818
12008690.674866792
12009660.015755571
12010629.4348895
12011598.932274887
12012568.507918078
12013538.161825342
12014507.894003019
12015477.70445745
12016447.593194908
12017417.560221734
12018387.605544273
12019357.729168795
12020327.931101644
12021298.21134917
12022268.569917642
12023239.006813407
12024209.522042813
12025180.115612132
12026150.787527714
12027121.537795909
12028092.366422988
12029063.273415307
12030034.25877921
12031005.322520977
12031976.46464696
12032947.68516351
12033918.984076902
12034890.361393495
12035861.817119638
12036833.351261612
12037804.963825772
12038776.654818473
12039748.424245996
12040720.272114696
12041692.198430905
12042664.203200983
12043636.286431208
12044608.448127968
12045580.688297544
12046553.006946295
12047525.404080559
12048497.879706694
12049470.433830984
12050443.06645982
12051415.777599484
12052388.567256343
12053361.435436731
12054334.382147014
12055307.40739348
12056280.511182519
12057253.69352042
12058226.954413548
12059200.293868246
12060173.711890878
12061147.208487738
12062120.783665193
12063094.43742961
12064068.169787286
12065041.980744585
12066015.87030788
12066989.838483464
12067963.885277709
12068938.010696987
12069912.214747593
12070886.497435898
12071860.858768277
12072835.298751026
12073809.817390522
12074784.414693136
12075759.090665169
12076733.845312996
12077708.678642992
12078683.59066146
12079658.581374776
12080633.650789315
12081608.798911382
12082584.025747355
12083559.331303613
12084534.715586461
12085510.178602276
12086485.72035744
12087461.34085826
12088437.040111115
12089412.81812239
12090388.67489839
12091364.610445498
12092340.624770097
12093316.717878496
12094292.889777083
12095269.140472213
12096245.469970275
12097221.878277577
12098198.365400532
12099174.931345452
12100151.576118724
12101128.299726713
12102105.102175806
12103081.983472316
12104058.943622658
12105035.98263315
12106013.100510178
12106990.297260111
12107967.572889341
12108944.927404184
12109922.360811032
12110899.873116279
12111877.464326244
12112855.13444732
12113832.883485904
12114810.711448314
12115788.618340945
12116766.604170196
12117744.668942388
12118722.812663916
12119701.03534118
12120679.336980505
12121657.717588285
12122636.177170923
12123614.715734743
12124593.333286144
12125572.029831529
12126550.805377224
12127529.65992963
12128508.59349515
12129487.60608011
12130466.697690915
12131445.868333971
12132425.118015604
12133404.446742222
12134383.854520228
12135363.341355953
12136342.907255808
12137322.552226193
12138302.276273446
12139282.079403974
12140261.961624185
12141241.92294041
12142221.963359065
12143202.08288653
12144182.281529218
12145162.559293466
12146142.916185707
12147123.352212282
12148103.8673796
12149084.461694054
12150065.135162054
12151045.887789942
12152026.719584154
12153007.630551035
12153988.620696997
12154969.690028433
12155950.83855176
12156932.066273319
12157913.373199554
12158894.759336809
12159876.2246915
12160857.769270025
12161839.393078804
12162821.09612418
12163802.878412575
12164784.73995041
12165766.680744031
12166748.700799864
12167730.800124329
12168712.978723776
12169695.23660463
12170677.573773311
12171659.990236174
12172642.485999644
12173625.061070144
12174607.715454029
12175590.449157726
12176573.26218766
12177556.154550185
12178539.126251733
12179522.17729873
12180505.30769753
12181488.517454566
12182471.806576269
12183455.175068993
12184438.62293917
12185422.150193233
12186405.756837541
12187389.442878526
12188373.208322622
12189357.053176189
12190340.97744566
12191324.981137449
12192309.064257989
12193293.226813642
12194277.468810871
12195261.790256038
12196246.191155583
12197230.671515916
12198215.231343476
12199199.87064463
12200184.589425845
12201169.387693482
12202154.265453983
12203139.222713768
12204124.259479275
12205109.375756875
12206094.571553035
12207079.846874123
12208065.201726584
12209050.636116836
12210036.15005133
12211021.743536428
12212007.416578583
12212993.169184241
12213979.001359772
12214964.913111625
12215950.90444625
12216936.975370018
12217923.12588938
12218909.356010785
12219895.665740611
12220882.055085305
12221868.524051324
12222855.072645038
12223841.700872907
12224828.40874138
12225815.196256833
12226802.063425725
12227789.010254508
12228776.036749564
12229763.142917346
12230750.328764314
12231737.594296847
12232724.9395214
12233712.364444435
12234699.869072333
12235687.453411555
12236675.117468558
12237662.861249726
12238650.684761522
12239638.588010406
12240626.571002765
12241614.633745058
12242602.77624375
12243590.998505227
12244579.300535956
12245567.682342373
12246556.143930942
12247544.685308054
12248533.306480201
12249522.007453773
12250510.788235236
12251499.648831032
12252488.589247629
12253477.60949142
12254466.709568901
12255455.889486462
12256445.149250574
12257434.488867683
12258423.908344261
12259413.407686703
12260402.986901479
12261392.645995064
12262382.384973856
12263372.203844324
12264362.102612946
12265352.081286121
12266342.139870323
12267332.278372029
12268322.496797636
12269312.795153625
12270303.173446469
12271293.631682575
12272284.169868415
12273274.788010474
12274265.486115152
12275256.26418893
12276247.122238288
12277238.06026963
12278229.07828944
12279220.176304197
12280211.35432031
12281202.612344261
12282193.950382534
12283185.368441537
12284176.866527753
12285168.44464767
12286160.102807695
12287151.841014314
12288143.659274017
12289135.557593213
12290127.53597839
12291119.594436035
12292111.732972562
12293103.95159446
12294096.250308197
12295088.629120257
12296081.088037059
12297073.627065118
12298066.24621085
12299058.945480749
12300051.724881282
12301044.584418941
12302037.524100145
12303030.543931415
12304023.643919168
12305016.824069902
12306010.084390085
12307003.424886215
12307996.845564714
12308990.346432103
12309983.927494805
12310977.58875932
12311971.33023212
12312965.151919706
12313959.0538285
12314953.035965007
12315947.098335724
12316941.240947079
12317935.463805575
12318929.766917713
12319924.150289923
12320918.613928705
12321913.157840567
12322907.782031937
12323902.48650932
12324897.271279221
12325892.136348072
12326887.08172238
12327882.107408654
12328877.213413322
12329872.399742898
12330867.666403886
12331863.013402723
12332858.440745916
12333853.94843998
12334849.536491347
12335845.20490653
12336840.953692043
12337836.78285432
12338832.692399874
12339828.682335222
12340824.7526668
12341820.903401123
12342817.134544684
12343813.446103994
12344809.838085497
12345806.310495734
12346802.863341147
12347799.496628255
12348796.210363548
12349793.004553549
12350789.8792047
12351786.834323546
12352783.869916534
12353780.985990182
12354778.182550987
12355775.459605472
12356772.817160085
12357770.255221374
12358767.773795785
12359765.372889843
12360763.05251005
12361760.81266293
12362758.65335493
12363756.57459258
12364754.576382406
12365752.658730859
12366750.821644468
12367749.06512976
12368747.38919319
12369745.793841287
12370744.27908058
12371742.844917525
12372741.491358653
12373740.218410494
12374739.026079506
12375737.91437222
12376736.883295173
12377735.93285482
12378735.063057695
12379734.273910332
12380733.565419193
12381732.937590815
12382732.39043173
12383731.923948402
12384731.538147366
12385731.233035164
12386731.008618254
12387730.864903178
12388730.801896475
12389730.81960461
12390730.918034121
12391731.097191526
12392731.357083367
12393731.697716108
12394732.119096318
12395732.621230466
12396733.204125093
12397733.86778672
12398734.612221893
12399735.437437076
12400736.343438847
12401737.330233673
12402738.397828098
12403739.546228651
12404740.775441874
12405742.085474243
12406743.476332331
12407744.948022611
12408746.500551635
12409748.133925928
12410749.84815204
12411751.643236445
12412753.5191857
12413755.476006353
12414757.513704883
12415759.632287845
12416761.831761792
12417764.112133205
12418766.473408636
12419768.915594643
12420771.438697707
12421774.042724382
12422776.727681229
12423779.493574727
12424782.340411436
12425785.268197916
12426788.27694065
12427791.366646195
12428794.537321117
12429797.788971897
12430801.1216051
12431804.535227286
12432808.029844942
12433811.60546463
12434815.262092916
12435818.999736289
12436822.81840131
12437826.71809455
12438830.698822495
12439834.760591712
12440838.903408768
12441843.127280155
12442847.43221244
12443851.818212194
12444856.285285909
12445860.833440151
12446865.46268147
12447870.173016435
12448874.96445154
12449879.836993383
12450884.79064846
12451889.825423345
12452894.941324584
12453900.138358753
12454905.416532347
12455910.77585197
12456916.216324119
12457921.73795537
12458927.340752278
12459933.024721414
12460938.789869284
12461944.636202464
12462950.563727533
12463956.572450995
12464962.662379429
12465968.833519416
12466975.085877458
12467981.419460138
12468987.83427404
12469994.330325667
12471000.907621603
12472007.566168433
12473014.305972662
12474021.127040876
12475028.02937966
12476035.012995524
12477042.077895053
12478049.224084832
12479056.451571375
12480063.76036127
12481071.150461102
12482078.621877385
12483086.17461671
12484093.808685664
12485101.524090761
12486109.320838597
12487117.198935756
12488125.15838876
12489133.199204197
12490141.321388664
12491149.524948673
12492157.809890823
12493166.176221708
12494174.623947844
12495183.153075827
12496191.76361223
12497200.45556365
12498209.228936605
12499218.08373772
12500227.019973516
12501236.037650594
12502245.136775527
12503254.317354914
12504263.57939528
12505272.922903249
12506282.34788535
12507291.854348183
12508301.442298325
12509311.11174238
12510320.862686872
12511330.695138438
12512340.609103598
12513350.604588963
12514360.681601109
12515370.840146648
12516381.080232104
12517391.40186409
12518401.805049207
12519412.289793994
12520422.856105058
12521433.503989007
12522444.233452374
12523455.044501772
12524465.937143812
12525476.911385026
12526487.96723203
12527499.104691435
12528510.323769776
12529521.62447367
12530533.00680973
12531544.470784495
12532556.016404578
12533567.643676598
12534579.352607092
12535591.14320268
12536603.015469976
12537614.969415525
12538627.005045943
12539639.122367851
12540651.32138779
12541663.602112383
12542675.964548249
12543688.408701932
12544700.934580054
12545713.542189214
12546726.231536033
12547739.002627058
12548751.855468938
12549764.79006822
12550777.806431532
12551790.904565472
12552804.084476667
12553817.346171666
12554830.689657122
12555844.114939585
12556857.622025685
12557871.210922025
12558884.881635234
12559898.634171864
12560912.468538573
12561926.384741914
12562940.382788517
12563954.462684989
12564968.624437965
12565982.868053999
12566997.193539726
12568011.600901777
12569026.090146713
12570040.661281168
12571055.31431178
12572070.049245104
12573084.866087781
12574099.764846446
12575114.74552766
12576129.808138063
12577144.952684293
12578160.17917291
12579175.48761056
12580190.878003879
12581206.35035943
12582221.90468386
12583237.540983805
12584253.259265836
12585269.059536595
12586284.941802723
12587300.90607079
12588316.952347439
12589333.080639318
12590349.290952992
12591365.583295112
12592381.957672322
12593398.414091194
12594414.952558374
12595431.573080514
12596448.275664184
12597465.060316032
12598481.927042712
12599498.875850795
12600515.906746933
12601533.019737752
12602550.214829905
12603567.492029967
12604584.851344619
12605602.292780435
12606619.816344071
12607637.422042156
12608655.109881347
12609672.87986822
12610690.732009461
12611708.666311648
12612726.68278144
12613744.781425467
12614762.962250391
12615781.225262793
12616799.570469331
12617817.997876666
12618836.507491386
12619855.099320147
12620873.773369614
12621892.529646372
12622911.368157083
12623930.288908413
12624949.291906945
12625968.37715935
12626987.544672286
12628006.794452347
12629026.126506196
12630045.540840503
12631065.037461855
12632084.616376922
12633104.277592372
12634124.021114796
12635143.846950866
12636163.75510725
12637183.74559054
12638203.81840741
12639223.973564532
12640244.211068498
12641264.530925982
12642284.933143659
12643305.417728122
12644325.98468605
12645346.634024115
12646367.365748918
12647388.17986713
12648409.076385433
12649430.055310423
12650451.116648778
12651472.260407152
12652493.486592222
12653514.795210592
12654536.186268967
12655557.65977395
12656579.21573222
12657600.854150435
12658622.575035274
12659644.378393346
12660666.264231358
12661688.232555915
12662710.283373702
12663732.41669138
12664754.63251563
12665776.930853063
12666799.311710391
12667821.775094224
12668844.321011247
12669866.949468123
12670889.660471542
12671912.454028115
12672935.330144528
12673958.288827477
12674981.330083571
12676004.453919502
12677027.660341961
12678050.949357564
12679074.320973003
12680097.775194973
12681121.312030088
12682144.931485044
12683168.633566534
12684192.418281179
12685216.28563567
12686240.23563671
12687264.268290913
12688288.38360498
12689312.581585607
12690336.862239417
12691361.225573106
12692385.671593377
12693410.200306853
12694434.811720233
12695459.50584022
12696484.282673437
12697509.142226586
12698534.08450637
12699559.109519418
12700584.21727243
12701609.407772088
12702634.681025095
12703660.037038082
12704685.475817777
12705710.997370811
12706736.601703893
12707762.288823703
12708788.05873695
12709813.911450267
12710839.846970385
12711865.865303941
12712891.966457643
12713918.150438176
12714944.417252254
12715970.76690651
12716997.199407682
12718023.714762406
12719050.312977398
12720076.994059343
12721103.758014958
12722130.60485088
12723157.534573827
12724184.547190513
12725211.642707579
12726238.821131742
12727266.082469719
12728293.426728152
12729320.85391376
12730348.364033263
12731375.957093306
12732403.633100605
12733431.392061885
12734459.233983789
12735487.15887304
12736515.16673636
12737543.257580396
12738571.431411872
12739599.68823751
12740628.028063962
12741656.45089795
12742684.956746204
12743713.54561537
12744742.217512175
12745770.97244335
12746799.810415542
12747828.731435483
12748857.7355099
12749886.822645448
12750915.992848856
12751945.246126829
12752974.582486099
12754004.001933321
12755033.504475253
12756063.090118552
12757092.75886995
12758122.510736156
12759152.345723905
12760182.263839856
12761212.26509077
12762242.349483304
12763272.517024197
12764302.767720161
12765333.101577934
12766363.518604176
12767394.018805653
12768424.602189029
12769455.268761039
12770486.018528404
12771516.85149786
12772547.767676076
12773578.767069792
12774609.84968575
12775641.01553062
12776672.264611142
12777703.596934063
12778735.01250605
12779766.511333847
12780798.093424203
12781829.758783786
12782861.507419342
12783893.339337623
12784925.254545294
12785957.25304911
12786989.334855815
12788021.499972085
12789053.748404669
12790086.08016032
12791118.49524571
12792150.993667593
12793183.575432722
12794216.240547769
12795248.989019493
12796281.820854643
12797314.736059902
12798347.734642023
12799380.81660776
12800413.981963795
12801447.230716884
12802480.562873784
12803513.978441177
12804547.477425821
12805581.059834475
12806614.72567382
12807648.47495062
12808682.307671608
12809716.223843545
12810750.223473117
12811784.30656711
12812818.473132212
12813852.723175185
12814887.056702767
12815921.473721724
12816955.974238744
12817990.558260618
12819025.225794034
12820059.97684576
12821094.811422536
12822129.729531134
12823164.73117824
12824199.816370627
12825234.98511506
12826270.237418238
12827305.573286926
12828340.992727898
12829376.49574785
12830412.08235355
12831447.752551772
12832483.506349213
12833519.343752649
12834555.26476885
12835591.269404517
12836627.357666425
12837663.52956135
12838699.78509599
12839736.124277122
12840772.547111526
12841809.053605901
12842845.643767027
12843882.317601683
12844919.075116571
12845955.916318472
12846992.841214167
12848029.84981036
12849066.942113834
12850104.11813137
12851141.377869673
12852178.72133553
12853216.148535725
12854253.659476962
12855291.254166028
12856328.93260971
12857366.694814717
12858404.540787835
12859442.470535826
12860480.484065477
12861518.581383502
12862556.762496715
12863595.027411828
12864633.376135629
12865671.808674887
12866710.32503639
12867748.925226856
12868787.6092531
12869826.37712184
12870865.228839867
12871904.164413951
12872943.183850888
12873982.287157394
12875021.47434029
12876060.745406296
12877100.100362208
12878139.5392148
12879179.061970865
12880218.66863713
12881258.35922039
12882298.133727446
12883337.99216502
12884377.934539914
12885417.960858928
12886458.071128787
12887498.265356293
12888538.543548249
12889578.90571138
12890619.351852491
12891659.881978389
12892700.496095797
12893741.194211522
12894781.976332372
12895822.842465075
12896863.792616436
12897904.826793268
12898945.945002297
12899987.147250336
12901028.43354419
12902069.803890595
12903111.258296361
12904152.796768298
12905194.41931314
12906236.1259377
12907277.91664879
12908319.791453147
12909361.750357585
12910403.79336889
12911445.92049388
12912488.131739292
12913530.427111967
12914572.806618644
12915615.270266142
12916657.818061251
12917700.45001079
12918743.1661215
12919785.966400225
12920828.85085371
12921871.819488773
12922914.87231221
12923958.009330845
12925001.230551418
12926044.535980782
12927087.925625678
12928131.399492932
12929174.957589343
12930218.599921737
12931262.326496858
12932306.137321535
12933350.032402594
12934394.011746783
12935438.07536093
12936482.223251864
12937526.455426337
12938570.771891177
12939615.172653213
12940659.657719199
12941704.227095963
12942748.880790342
12943793.618809085
12944838.441159027
12945883.347847002
12946928.338879764
12947973.414264148
12949018.57400699
12950063.818115044
12951109.14659515
12952154.559454143
12953200.05669878
12954245.638335902
12955291.304372346
12956337.05481487
12957382.889670316
12958428.808945525
12959474.812647257
12960520.900782352
12961567.073357657
12962613.330379928
12963659.671856012
12964706.097792754
12965752.608196916
12966799.203075344
12967845.882434856
12968892.646282297
12969939.494624436
12970986.427468145
12972033.444820194
12973080.546687428
12974127.733076671
12975175.00399477
12976222.359448498
12977269.799444731
12978317.323990239
12979364.933091873
12980412.626756461
12981460.404990854
12982508.267801823
12983556.215196226
12984604.247180915
12985652.363762664
12986700.564948328
12987748.850744765
12988797.221158752
12989845.676197143
12990894.215866797
12991942.840174492
12992991.549127087
12994040.342731442
12995089.220994335
12996138.183922626
12997187.231523179
12998236.36380277
12999285.580768267
13000334.882426528
13001384.268784339
13002433.739848562
13003483.295626061
13004532.936123623
13005582.66134811
13006632.47130639
13007682.36600525
13008732.345451552
13009782.40965217
13010832.558613889
13011882.792343577
13012933.110848105
13013983.51413426
13015034.002208915
13016084.57507894
13017135.232751124
13018185.975232342
13019236.80252944
13020287.714649288
13021338.711598681
13022389.79338452
13023440.9600136
13024492.211492795
13025543.547828956
13026594.969028957
13027646.475099599
13028698.06604778
13029749.741880303
13030801.502604043
13031853.348225856
13032905.27875262
13033957.294191131
13035009.394548304
13036061.579830935
13037113.85004591
13038166.20520008
13039218.64530033
13040271.170353465
13041323.780366367
13042376.47534592
13043429.255298933
13044482.120232288
13045535.070152873
13046588.105067493
13047641.224983038
13048694.429906394
13049747.719844371
13050801.094803857
13051854.554791741
13052908.099814834
13053961.729880027
13055015.444994211
13056069.245164197
13057123.13039688
13058177.10069915
13059231.15607782
13060285.296539787
13061339.522091944
13062393.832741106
13063448.22849417
13064502.709358029
13065557.275339505
13066611.92644549
13067666.662682885
13068721.484058507
13069776.390579257
13070831.382252006
13071886.459083656
13072941.621081024
13073996.868251042
13075052.200600531
13076107.618136391
13077163.1208655
13078218.708794761
13079274.381931
13080330.140281146
13081385.983852023
13082441.91265054
13083497.926683573
13084554.025958033
13085610.210480744
13086666.480258642
13087722.835298553
13088779.27560739
13089835.801192034
13090892.412059395
13091949.108216302
13093005.88966967
13094062.756426409
13095119.70849335
13096176.745877407
13097233.868585495
13098291.076624446
13099348.370001175
13100405.748722596
13101463.212795546
13102520.762226943
13103578.3970237
13104636.117192658
13105693.922740731
13106751.813674841
13107809.790001826
13108867.851728605
13109925.998862099
13110984.231409147
13112042.549376672
13113100.952771595
13114159.441600759
13115218.015871085
13116276.6755895
13117335.420762844
13118394.251398046
13119453.167502025
13120512.169081634
13121571.256143793
13122630.428695433
13123689.6867434
13124749.03029462
13125808.459356023
13126867.97393446
13127927.574036857
13128987.259670122
13130047.030841181
13131106.887556888
13132166.8298242
13133226.85764997
13134286.971041134
13135347.170004593
13136407.454547286
13137467.824676065
13138528.280397892
13139588.821719622
13140649.448648196
13141710.161190517
13142770.959353529
13143831.843144085
13144892.812569126
13145953.867635591
13147015.00835034
13148076.234720312
13149137.54675245
13150198.94445361
13151260.427830739
13152321.996890778
13153383.65164059
13154445.392087117
13155507.218237307
13156569.13009802
13157631.127676204
13158693.210978804
13159755.380012687
13160817.6347848
13161879.975302087
13162942.401571421
13164004.913599748
13165067.511394018
13166130.1949611
13167192.964307943
13168255.819441501
13169318.760368643
13170381.787096322
13171444.89963149
13172508.097981019
13173571.382151864
13174634.75215098
13175698.207985241
13176761.7496616
13177825.377187015
13178889.090568362
13179952.889812598
13181016.774926655
13182080.745917488
13183144.80279198
13184208.945557112
13185273.174219767
13186337.488786904
13187401.889265459
13188466.375662392
13189530.947984584
13190595.606239026
13191660.3504326
13192725.180572271
13193790.096664974
13194855.098717678
13195920.186737264
13196985.360730728
13198050.620704953
13199115.966666909
13200181.398623535
13201246.9165818
13202312.520548593
13203378.210530885
13204443.98653564
13205509.848569755
13206575.796640197
13207641.83075394
13208707.950917872
13209774.15713897
13210840.449424205
13211906.827780472
13212973.292214746
13214039.842733998
13215106.479345128
13216173.202055108
13217240.010870919
13218306.905799452
13219373.886847692
13220440.95402261
13221508.107331112
13222575.346780172
13223642.672376772
13224710.084127812
13225777.582040273
13226845.166121136
13227912.836377306
13228980.592815762
13230048.43544349
13231116.364267394
13232184.379294455
13233252.480531635
13234320.667985918
13235388.94166421
13236457.301573524
13237525.747720769
13238594.280112932
13239662.898756972
13240731.603659881
13241800.39482857
13242869.272270052
13243938.235991238
13245007.285999121
13246076.422300665
13247145.644902863
13248214.953812625
13249284.349036977
13250353.830582827
13251423.398457173
13252493.052666983
13253562.79321925
13254632.620120894
13255702.533378908
13256772.533000294
13257842.618991965
13258912.791360924
13259983.050114168
13261053.395258615
13262123.826801267
13263194.344749123
13264264.949109107
13265335.63988822
13266406.417093461
13267477.280731758
13268548.230810113
13269619.267335529
13270690.39031493
13271761.599755323
13272832.895663714
13273904.278047027
13274975.74691227
13276047.302266454
13277118.944116503
13278190.672469424
13279262.487332232
13280334.388711851
13281406.376615295
13282478.451049574
13283550.61202162
13284622.859538442
13285695.193607029
13286767.614234392
13287840.121427465
13288912.715193292
13289985.395538805
13291058.16247102
13292131.015996926
13293203.95612354
13294276.982857797
13295350.096206745
13296423.296177318
13297496.582776539
13298569.956011398
13299643.415888917
13300716.962416032
13301790.595599797
13302864.315447148
13303938.12196511
13305012.015160678
13306085.995040877
13307160.061612649
13308234.214883018
13309308.45485901
13310382.781547572
13311457.194955729
13312531.695090506
13313606.281958852
13314680.955567794
13315755.71592436
13316830.563035501
13317905.496908244
13318980.517549621
13320055.62496658
13321130.819166156
13322206.10015538
13323281.4679412
13324356.922530653
13325432.46393077
13326508.092148509
13327583.8071909
13328659.609064981
13329735.497777708
13330811.473336114
13331887.53574724
13332963.68501804
13334039.921155553
13335116.24416682
13336192.654058795
13337269.150838522
13338345.73451304
13339422.40508931
13340499.162574373
13341576.00697527
13342652.938298967
13343729.956552502
13344807.061742896
13345884.253877193
13346961.532962354
13348038.899005456
13349116.35201346
13350193.891993416
13351271.518952344
13352349.232897291
13353427.033835223
13354504.92177322
13355582.896718247
13356660.958677357
13357739.107657572
13358817.343665943
13359895.666709444
13360974.076795122
13362052.573930034
13363131.158121154
13364209.829375532
13365288.587700225
13366367.433102207
13367446.365588535
13368525.385166263
13369604.49184237
13370683.68562391
13371762.966517946
13372842.33453145
13373921.789671484
13375001.33194511
13376080.961359303
13377160.67792113
13378240.481637646
13379320.372515835
13380400.35056276
13381480.415785484
13382560.56819099
13383640.807786344
13384721.134578606
13385801.548574766
13386882.049781887
13387962.638207035
13389043.3138572
13390124.076739445
13391204.926860843
13392285.864228379
13393366.888849124
13394448.000730146
13395529.199878437
13396610.486301066
13397691.86000508
13398773.320997551
13399854.869285468
13400936.504875936
13402018.227775944
13403100.03799257
13404181.93553286
13405263.92040389
13406345.992612656
13407428.152166262
13408510.399071705
13409592.73333606
13410675.15496638
13411757.663969748
13412840.260353157
13413922.944123719
13415005.71528843
13416088.573854376
13417171.519828606
13418254.553218208
13419337.674030181
13420420.88227161
13421504.17794958
13422587.561071092
13423671.031643236
13424754.589673094
13425838.235167673
13426921.96813406
13428005.788579343
13429089.69651053
13430173.691934709
13431257.774858968
13432341.945290318
13433426.20323585
13434510.548702652
13435594.981697738
13436679.5022282
13437764.11030113
13438848.80592354
13439933.589102523
13441018.459845178
13442103.418158513
13443188.464049628
13444273.597525619
13445358.8185935
13446444.127260368
13447529.523533326
13448615.007419385
13449700.578925647
13450786.238059185
13451871.984827101
13452957.81923641
13454043.741294246
13455129.751007626
13456215.848383652
13457302.033429403
13458388.306151982
13459474.666558413
13460561.114655826
13461647.650451245
13462734.273951778
13463820.985164503
13464907.784096528
13465994.67075488
13467081.645146694
13468168.707278997
13469255.857158897
13470343.094793482
13471430.420189857
13472517.833355056
13473605.33429619
13474692.92302037
13475780.599534629
13476868.363846079
13477956.215961834
13479044.15588893
13480132.183634479
13481220.2992056
13482308.502609326
13483396.793852773
13484485.172943061
13485573.639887225
13486662.194692384
13487750.837365659
13488839.567914087
13489928.386344787
13491017.292664884
13492106.286881411
13493195.369001498
13494284.539032266
13495373.796980752
13496463.142854083
13497552.576659387
13498642.098403702
13499731.708094155
13500821.405737873
13501911.191341903
13503001.064913368
13504091.0264594
13505181.075987045
13506271.21350343
13507361.439015687
13508451.752530862
13509542.154056087
13510632.643598469
13511723.221165137
13512813.88676314
13513904.640399644
13514995.482081696
13516086.411816433
13517177.42961096
13518268.535472417
13519359.729407853
13520451.011424435
13521542.381529218
13522633.839729337
13523725.386031907
13524817.020444065
13525908.74297287
13527000.553625459
13528092.452408975
13529184.439330477
13530276.514397109
13531368.677616008
13532460.92899424
13533553.268538946
13534645.69625727
13535738.212156277
13536830.816243108
13537923.508524915
13539016.289008757
13540109.157701783
13541202.114611141
13542295.159743898
13543388.2931072
13544481.514708199
13545574.82455396
13546668.222651634
13547761.709008375
13548855.283631252
13549948.946527414
13551042.697704015
13552136.537168128
13553230.464926906
13554324.480987504
13555418.585356994
13556512.77804253
13557607.059051272
13558701.428390292
13559795.88606675
13560890.432087801
13561985.066460524
13563079.789192075
13564174.600289589
13565269.499760225
13566364.487611063
13567459.563849289
13568554.728481987
13569649.981516317
13570745.322959414
13571840.752818443
13572936.271100488
13574031.877812738
13575127.572962277
13576223.356556272
13577319.228601862
13578415.189106215
13579511.238076415
13580607.37551966
13581703.601443032
13582799.915853705
13583896.318758821
13584992.81016555
13586089.390080981
13587186.058512285
13588282.815466637
13589379.660951126
13590476.594972923
13591573.617539208
13592670.728657069
13593767.928333683
13594865.216576224
13595962.59339179
13597060.058787555
13598157.612770695
13599255.25534831
13600352.986527577
13601450.806315675
13602548.714719702
13603646.711746838
13604744.797404267
13605842.971699083
13606941.234638471
13608039.586229617
13609138.026479617
13610236.555395657
13611335.172984922
13612433.879254514
13613532.67421162
13614631.557863424
13615730.530217033
13616829.591279633
13617928.741058385
13619027.979560478
13620127.306793017
13621226.722763224
13622326.2274782
13623425.820945142
13624525.503171211
13625625.2741636
13626725.133929418
13627825.082475888
13628925.11981012
13630025.245939307
13631125.46087062
13632225.764611252
13633326.157168318
13634426.63854904
13635527.208760535
13636627.867810002
13637728.61570461
13638829.452451557
13639930.378057962
13641031.392531026
13642132.495877948
13643233.688105848
13644334.969221927
13645436.33923339
13646537.798147352
13647639.345971024
13648740.982711604
13649842.70837622
13650944.522972072
13652046.426506368
13653148.418986235
13654250.500418877
13655352.670811502
13656454.930171238
13657557.278505292
13658659.715820873
13659762.242125109
13660864.857425213
13661967.561728394
13663070.35504178
13664173.237372587
13665276.208728025
13666379.269115224
13667482.418541403
13668585.657013774
13669688.98453947
13670792.401125705
13671895.906779671
13672999.501508584
13674103.185319578
13675206.9582199
13676310.820216686
13677414.771317154
13678518.811528498
13679622.94085794
13680727.159312613
13681831.466899773
13682935.863626556
13684040.349500185
13685144.924527857
13686249.588716796
13687354.34207414
13688459.18460715
13689564.116322963
13690669.137228806
13691774.24733188
13692879.446639411
13693984.735158546
13695090.112896511
13696195.57986054
13697301.136057775
13698406.781495452
13699512.516180797
13700618.34012096
13701724.253323177
13702830.255794676
13703936.34754261
13705042.528574212
13706148.798896717
13707255.158517279
13708361.60744313
13709468.14568151
13710574.773239572
13711681.490124552
13712788.29634369
13713895.19190414
13715002.176813144
13716109.251077939
13717216.414705683
13718323.66770362
13719431.010078987
13720538.441838946
13721645.962990738
13722753.57354161
13723861.27349872
13724969.062869312
13726076.941660633
13727184.909879845
13728292.967534194
13729401.114630928
13730509.35117721
13731617.677180286
13732726.092647383
13733834.597585745
13734943.192002542
13736051.87590505
13737160.649300436
13738269.512195954
13739378.464598827
13740487.50651631
13741596.637955569
13742705.85892389
13743815.169428442
13744924.569476478
13746034.05907523
13747143.638231954
13748253.306953821
13749363.065248089
13750472.913122019
13751582.850582782
13752692.87763764
13753802.994293852
13754913.200558595
13756023.49643913
13757133.88194272
13758244.35707654
13759354.921847858
13760465.576263933
13761576.320331948
13762687.154059164
13763798.077452851
13764909.09052019
13766020.193268444
13767131.385704882
13768242.66783669
13769354.039671132
13770465.50121548
13771577.052476918
13772688.693462716
13773800.424180146
13774912.244636394
13776024.15483873
13777136.154794428
13778248.244510677
13779360.423994752
13780472.693253923
13781585.052295383
13782697.501126409
13783810.039754273
13784922.668186171
13786035.386429377
13787148.194491142
13788261.092378745
13789374.08009938
13790487.157660352
13791600.325068861
13792713.582332185
13793826.929457577
13794940.366452321
13796053.893323611
13797167.510078762
13798281.216724971
13799395.013269523
13800508.899719676
13801622.87608271
13802736.942365834
13803851.098576358
13804965.344721483
13806079.680808501
13807194.10684467
13808308.622837279
13809423.228793532
13810537.924720721
13811652.710626135
13812767.586516982
13813882.552400552
13814997.60828414
13816112.754174951
13817227.990080282
13818343.316007426
13819458.731963592
13820574.237956077
13821689.833992176
13822805.520079099
13823921.296224147
13825037.162434615
13826153.118717719
13827269.165080754
13828385.301531024
13829501.52807574
13830617.844722206
13831734.251477722
13832850.748349506
13833967.335344858
13835084.012471084
13836200.779735401
13837317.637145113
13838434.584707526
13839551.62242986
13840668.750319423
13841785.96838349
13842903.276629368
13844020.675064282
13845138.163695568
13846255.742530452
13847373.41157624
13848491.170840215
13849609.02032969
13850726.960051889
13851844.99001415
13852963.110223707
13854081.320687868
13855199.621413918
13856318.012409175
13857436.493680866
13858555.065236336
13859673.727082815
13860792.479227621
13861911.321678042
13863030.254441395
13864149.277524916
13865268.390935922
13866387.594681732
13867506.888769582
13868626.273206793
13869745.748000687
13870865.3131585
13871984.968687553
13873104.71459517
13874224.550888592
13875344.477575142
13876464.494662143
13877584.602156837
13878704.800066551
13879825.08839861
13880945.467160257
13882065.936358819
13883186.496001624
13884307.146095918
13885427.88664903
13886548.71766829
13887669.639160942
13888790.65113432
13889911.753595755
13891032.946552493
13892154.230011867
13893275.603981216
13894397.068467783
13895518.623478904
13896640.269021917
13897762.005104072
13898883.831732705
13900005.748915154
13901127.756658671
13902249.854970597
13903372.043858238
13904494.323328938
13905616.693389948
13906739.154048642
13907861.705312273
13908984.347188182
13910107.079683688
13911229.90280613
13912352.816562766
13913475.820960972
13914598.916008009
13915722.101711217
13916845.378077917
13917968.745115455
13919092.202831095
13920215.751232184
13921339.39032607
13922463.120120015
13923586.940621372
13924710.85183749
13925834.853775635
13926958.946443157
13928083.129847411
13929207.403995661
13930331.768895263
13931456.22455357
13932580.770977851
13933705.40817546
13934830.136153754
13935954.954920005
13937079.864481566
13938204.8648458
13939329.956019975
13940455.138011452
13941580.410827588
13942705.77447566
13943831.228963027
13944956.774297051
13946082.410485007
13947208.137534257
13948333.955452166
13949459.86424601
13950585.863923153
13951711.954490962
13952838.135956712
13953964.408327773
13955090.77161151
13956217.225815203
13957343.770946221
13958470.407011906
13959597.134019623
13960723.951976657
13961850.860890405
13962977.860768156
13964104.951617278
13965232.133445116
13966359.40625904
13967486.770066338
13968614.224874413
13969741.770690553
13970869.407522133
13971997.1353765
13973124.95426103
13974252.864183012
13975380.865149854
13976508.957168845
13977637.140247367
13978765.41439277
13979893.779612431
13981022.235913644
13982150.783303794
13983279.421790257
13984408.151380332
13985536.9720814
13986665.883900847
13987794.886845969
13988923.980924148
13990053.166142773
13991182.44250914
13992311.81003064
13993441.268714653
13994570.818568487
13995700.459599523
13996830.191815156
13997960.015222685
13999089.9298295
14000219.935642995
14001350.03267047
14002480.220919318
14003610.500396932
14004740.871110618
14005871.333067771
14007001.886275781
14008132.53074196
14009263.266473701
14010394.093478402
14011525.01176337
14012656.021336004
14013787.12220367
14014918.31437377
14016049.597853616
14017180.972650632
14018312.438772136
14019443.996225527
14020575.645018175
14021707.385157485
14022839.216650771
14023971.139505465
14025103.153728884
14026235.259328434
14027367.456311489
14028499.744685454
14029632.124457648
14030764.59563551
14031897.158226356
14033029.812237596
14034162.55767661
14035295.394550804
14036428.322867503
14037561.34263412
14038694.453858059
14039827.65654665
14040960.950707303
14042094.336347433
14043227.81347436
14044361.382095506
14045495.04221828
14046628.79385001
14047762.636998115
14048896.571670007
14050030.597873019
14051164.715614568
14052298.92490207
14053433.22574286
14054567.618144352
14055702.102113971
14056836.677659048
14057971.344787003
14059106.10350526
14060240.953821152
14061375.895742103
14062510.929275537
14063646.05442879
14064781.271209285
14065916.57962445
14067051.979681622
14068187.471388226
14069323.054751692
14070458.72977936
14071594.496478658
14072730.354857013
14073866.304921769
14075002.346680354
14076138.480140172
14077274.705308652
14078411.02219314
14079547.430801097
14080683.93113987
14081820.52321689
14082957.207039565
14084093.982615327
14085230.849951526
14086367.809055626
14087504.859934978
14088642.002597017
14089779.237049153
14090916.563298825
14092053.981353384
14093191.491220267
14094329.092906918
14095466.78642069
14096604.571769021
14097742.448959358
14098880.417999053
14100018.47889555
14101156.631656293
14102294.876288638
14103433.21280003
14104571.641197916
14105710.161489654
14106848.773682691
14107987.477784475
14109126.273802366
14110265.161743812
14111404.141616262
14112543.21342708
14113682.377183715
14114821.63289362
14115960.980564157
14117100.420202777
14118239.951816937
14119379.575414
14120519.29100142
14121659.098586652
14122798.998177066
14123938.989780115
14125079.073403256
14126219.249053858
14127359.516739381
14128499.87646728
14129640.32824493
14130780.872079788
14131921.507979283
14133062.23595088
14134203.05600195
14135343.968139984
14136484.972372357
14137626.068706535
14138767.257149948
14139908.537710061
14141049.910394255
14142191.37521002
14143332.932164738
14144474.581265874
14145616.322520867
14146758.155937182
14147900.081522204
14149042.099283429
14150184.209228238
14151326.411364103
14152468.705698466
14153611.092238797
14154753.570992481
14155896.141966991
14157038.8051698
14158181.560608294
14159324.408289948
14160467.348222237
14161610.380412549
14162753.50486836
14163896.721597146
14165040.0306063
14166183.431903297
14167326.925495617
14168470.51139065
14169614.189595878
14170757.96011878
14171901.82296675
14173045.77814727
14174189.825667825
14175333.965535805
14176478.197758695
14177622.52234398
14178766.939299058
14179911.448631413
14181056.050348531
14182200.744457811
14183345.53096674
14184490.409882806
14185635.381213412
14186780.44496604
14187925.601148158
14189070.849767251
14190216.190830726
14191361.6243461
14192507.15032078
14193652.768762255
14194798.479677994
14195944.283075485
14197090.17896214
14198236.16734548
14199382.248232914
14200528.421631936
14201674.687550018
14202821.045994652
14203967.496973254
14205114.040493347
14206260.676562345
14207407.405187747
14208554.226377023
14209701.140137676
14210848.14647712
14211995.245402854
14213142.436922384
14214289.721043127
14215437.097772582
14216584.567118257
14217732.12908757
14218879.783688024
14220027.53092713
14221175.3708123
14222323.303351048
14223471.328550883
14224619.44641922
14225767.656963572
14226915.960191451
14228064.356110277
14229212.84472756
14230361.426050816
14231510.100087468
14232658.866845027
14233807.726331009
14234956.67855284
14236105.723518034
14237254.861234108
14238404.09170849
14239553.414948696
14240702.830962244
14241852.339756563
14243001.941339174
14244151.635717563
14245301.422899254
14246451.302891675
14247601.27570238
14248751.341338802
14249901.49980846
14251051.751118854
14252202.095277501
14253352.532291839
14254503.062169423
14255653.68491769
14256804.400544167
14257955.209056348
14259106.110461762
14260257.10476785
14261408.191982165
14262559.372112153
14263710.645165341
14264862.011149231
14266013.470071351
14267165.021939147
14268316.666760152
14269468.404541895
14270620.235291822
14271772.159017468
14272924.175726367
14274076.285425965
14275228.488123799
14276380.783827404
14277533.17254423
14278685.654281812
14279838.229047691
14280990.896849316
14282143.657694224
14283296.51158996
14284449.458543971
14285602.4985638
14286755.631656991
14287908.857830996
14289062.177093357
14290215.589451618
14291369.094913237
14292522.693485755
14293676.38517672
14294830.16999359
14295984.04794391
14297138.01903523
14298292.083275003
14299446.240670785
14300600.49123012
14301754.834960472
14302909.27186939
14304063.801964423
14305218.425253037
14306373.141742785
14307527.951441186
14308682.854355795
14309837.85049408
14310992.93986362
14312148.122471888
14313303.398326434
14314458.767434787
14315614.229804505
14316769.785443056
14317925.434358027
14319081.17655689
14320237.012047203
14321392.940836497
14322548.962932331
14323705.07834218
14324861.287073607
14326017.58913417
14327173.984531347
14328330.4732727
14329487.055365793
14330643.730818106
14331800.4996372
14332957.36183064
14334114.31740591
14335271.366370572
14336428.508732198
14337585.744498264
14338743.073676342
14339900.496274002
14341058.012298722
14342215.621758077
14343373.324659636
14344531.121010887
14345689.010819396
14346846.99409274
14348005.070838405
14349163.241063965
14350321.504776996
14351479.861984983
14352638.312695505
14353796.856916137
14354955.494654369
14356114.225917779
14357273.050713945
14358431.96905036
14359590.980934605
14360750.086374257
14361909.28537681
14363068.577949846
14364227.96410092
14365387.443837613
14366547.01716742
14367706.684097955
14368866.444636717
14370026.29879129
14371186.246569227
14372346.28797812
14373506.423025467
14374666.651718883
14375826.974065868
14376987.390074015
14378147.89975088
14379308.503104059
14380469.200141048
14381629.990869472
14382790.875296835
14383951.853430727
14385112.925278714
14386274.09084839
14387435.350147262
14388596.703182925
14389758.149962973
14390919.690494915
14392081.324786348
14393243.052844873
14394404.874677995
14395566.790293315
14396728.799698435
14397890.902900862
14399053.099908201
14400215.39072805
14401377.775367925
14402540.253835429
14403702.826138163
14404865.492283644
14406028.252279475
14407191.106133264
14408354.053852523
14409517.095444864
14410680.230917891
14411843.460279124
14413006.783536172
14414170.20069664
14415333.711768052
14416497.316758018
14417661.015674148
14418824.808523964
14419988.69531508
14421152.676055076
14422316.750751566
14423480.919412076
14424645.18204425
14425809.538655614
14426973.989253784
14428138.533846345
14429303.172440914
14430467.905045021
14431632.731666313
14432797.652312322
14433962.666990662
14435127.775708929
14436292.978474738
14437458.275295626
14438623.666179243
14439789.151133122
14440954.730164886
14442120.403282128
14443286.170492474
14444452.031803459
14445617.987222709
14446784.03675785
14447950.180416416
14449116.418206042
14450282.750134349
14451449.17620888
14452615.696437264
14453782.310827129
14454949.019386018
14456115.82212156
14457282.71904139
14458449.710153049
14459616.79546417
14460783.974982385
14461951.24871524
14463118.616670372
14464286.078855414
14465453.635277914
14466621.285945507
14467789.030865831
14468956.870046437
14470124.803494958
14471292.831219038
14472460.953226225
14473629.16952416
14474797.480120484
14475965.885022748
14477134.384238597
14478302.97777567
14479471.665641524
14480640.447843801
14481809.324390147
14482978.295288118
14484147.36054536
14485316.520169487
14486485.774168149
14487655.122548904
14488824.565319428
14489994.102487283
14491163.734060118
14492333.460045552
14493503.280451236
14494673.195284735
14495843.204553727
14497013.308265777
14498183.506428538
14499353.799049634
14500524.18613672
14501694.66769736
14502865.243739212
14504035.914269932
14505206.679297084
14506377.53882833
14507548.492871327
14508719.541433644
14509890.68452294
14511061.922146874
14512233.254313018
14513404.681029037
14514576.202302586
14515747.818141244
14516919.52855267
14518091.333544532
14519263.2331244
14520435.227299942
14521607.316078823
14522779.49946862
14523951.777477
14525124.150111629
14526296.617380086
14527469.179290041
14528641.835849162
14529814.58706503
14530987.432945317
14532160.37349769
14533333.408729734
14534506.538649121
14535679.763263525
14536853.08258053
14538026.496607808
14539200.005353037
14540373.608823799
14541547.307027774
14542721.099972606
14543894.987665975
14545068.970115466
14546243.04732879
14547417.219313538
14548591.486077385
14549765.847627986
14550940.30397302
14552114.855120078
14553289.501076875
14554464.241851002
14555639.077450145
14556814.007881954
14557989.033154119
14559164.153274233
14560339.36825001
14561514.67808905
14562690.08279904
14563865.582387637
14565041.17686253
14566216.866231319
14567392.65050169
14568568.529681338
14569744.503777863
14570920.572798956
14572096.736752309
14573272.995645525
14574449.349486299
14575625.798282322
14576802.342041202
14577978.980770634
14579155.714478312
14580332.543171845
14581509.466858929
14582686.485547261
14583863.599244451
14585040.807958197
14586218.1116962
14587395.51046607
14588573.004275508
14589750.593132215
14590928.277043803
14592106.056017976
14593283.930062436
14594461.899184797
14595639.963392766
14596818.122694047
14597996.377096254
14599174.726607097
14600353.17123425
14601531.710985424
14602710.345868234
14603889.075890422
14605067.901059605
14606246.821383495
14607425.836869773
14608604.94752615
14609784.153360248
14610963.454379808
14612142.850592457
14613322.342005907
14614501.928627841
14615681.610465977
14616861.38752794
14618041.259821478
14619221.227354215
14620401.29013387
14621581.44816813
14622761.701464718
14623942.05003126
14625122.493875476
14626303.033005089
14627483.667427728
14628664.397151118
14629845.22218298
14631026.142530946
14632207.158202743
14633388.269206092
14634569.47554863
14635750.777238084
14636932.17428218
14638113.666688552
14639295.254464932
14640476.937619044
14641658.71615853
14642840.590091119
14644022.559424538
14645204.624166433
14646386.78432453
14647569.039906567
14648751.39092018
14649933.83737311
14651116.379273083
14652299.016627748
14653481.749444837
14654664.57773209
14655847.50149715
14657030.520747755
14658213.635491613
14659396.84573646
14660580.151489949
14661763.552759847
14662947.049553804
14664130.64187956
14665314.329744827
14666498.113157347
14667681.992124774
14668865.96665488
14670050.036755318
14671234.202433832
14672418.46369814
14673602.820555985
14674787.273015024
14675971.821083033
14677156.464767672
14678341.204076689
14679526.0390178
14680710.969598757
14681895.995827219
14683081.117710935
14684266.33525766
14685451.648475053
14686637.057370868
14687822.561952857
14689008.162228685
14690193.858206104
14691379.649892874
14692565.537296655
14693751.520425206
14694937.599286284
14696123.773887558
14697310.044236783
14698496.41034172
14699682.872210035
14700869.42984949
14702056.083267849
14703242.83247278
14704429.677472044
14705616.618273405
14706803.654884538
14707990.787313202
14709178.015567167
14710365.339654103
14711552.759581778
14712740.275357958
14713927.88699032
14715115.594486631
14716303.397854662
14717491.297102086
14718679.292236676
14719867.383266205
14721055.570198348
14722243.853040878
14723432.231801538
14724620.706488099
14725809.277108246
14726997.943669783
14728186.706180392
14729375.56464785
14730564.519079901
14731753.569484321
14732942.7158688
14734131.958241144
14735321.296609038
14736510.730980266
14737700.261362573
14738889.887763742
14740079.610191463
14741269.428653516
14742459.343157683
14743649.353711657
14744839.460323222
14746029.66300016
14747219.961750166
14748410.356581027
14749600.847500527
14750791.434516361
14751982.11763632
14753172.896868186
14754363.77221966
14755554.743698532
14756745.811312588
14757936.975069532
14759128.234977152
14760319.59104324
14761511.043275498
14762702.591681717
14763894.236269694
14765085.977047129
14766277.814021818
14767469.747201556
14768661.776594048
14769853.902207091
14771046.124048483
14772238.442125928
14773430.856447227
14774623.36702018
14775815.973852493
14777008.676951967
14778201.476326406
14779394.371983517
14780587.363931103
14781780.452176938
14782973.636728823
14784166.917594476
14785360.294781726
14786553.768298293
14787747.338151978
14788941.00435056
14790134.766901847
14791328.625813555
14792522.581093522
14793716.632749468
14794910.7807892
14796105.025220502
14797299.366051182
14798493.80328896
14799688.336941682
14800882.96701707
14802077.693522932
14803272.516467057
14804467.435857259
14805662.451701263
14806857.564006882
14808052.772781935
14809248.07803415
14810443.47977134
14811638.978001328
14812834.572731841
14814030.2639707
14815226.051725721
14816421.936004639
14817617.916815273
14818813.994165448
14820010.168062894
14821206.438515434
14822402.805530895
14823599.269117007
14824795.8292816
14825992.486032495
14827189.239377433
14828386.089324238
14829583.035880739
14830780.079054674
14831977.218853872
14833174.455286162
14834371.788359284
14835569.218081072
14836766.744459353
14837964.367501872
14839162.087216461
14840359.903610922
14841557.816693092
14842755.826470714
14843953.932951652
14845152.136143655
14846350.436054554
14847548.832692161
14848747.326064315
14849945.91617876
14851144.603043366
14852343.386665884
14853542.267054155
14854741.244215988
14855940.318159226
14857139.48889162
14858338.756421044
14859538.12075525
14860737.581902083
14861937.139869357
14863136.79466492
14864336.546296524
14865536.394772017
14866736.340099249
14867936.382285975
14869136.521340042
14870336.757269304
14871537.090081517
14872737.51978453
14873938.046386201
14875138.669894284
14876339.390316635
14877540.207661105
14878741.12193546
14879942.133147554
14881143.24130524
14882344.446416283
14883545.748488542
14884747.147529872
14885948.643548038
14887150.236550903
14888351.926546322
14889553.713542065
14890755.59754599
14891957.578565963
14893159.65660975
14894361.831685215
14895564.103800219
14896766.472962536
14897968.93918003
14899171.502460564
14900374.162811914
14901576.920241944
14902779.774758523
14903982.726369426
14905185.775082521
14906388.920905644
14907592.163846668
14908795.503913367
14909998.941113647
14911202.475455282
14912406.10694615
14913609.835594088
14914813.66140697
14916017.58439258
14917221.60455882
14918425.721913476
14919629.936464421
14920834.248219503
14922038.657186598
14923243.16337349
14924447.766788062
14925652.46743819
14926857.26533166
14928062.160476353
14929267.15288015
14930472.242550842
14931677.429496309
14932882.713724434
14934088.09524301
14935293.57405992
14936499.150183046
14937704.823620185
14938910.594379222
14940116.462468043
14941322.427894441
14942528.490666308
14943734.650791528
14944940.9082779
14946147.263133315
14947353.715365663
14948560.264982741
14949766.91199244
14950973.656402657
14952180.498221187
14953387.437455926
14954594.474114768
14955801.608205518
14957008.839736069
14958216.168714315
14959423.595148064
14960631.119045213
14961838.740413658
14963046.459261207
14964254.275595758
14965462.189425182
14966670.200757377
14967878.309600154
14969086.515961446
14970294.81984906
14971503.221270904
14972711.720234847
14973920.316748794
14975129.010820558
14976337.802458076
14977546.69166916
14978755.678461721
14979964.762843633
14981173.944822803
14982383.224407049
14983592.601604313
14984802.076422408
14986011.64886925
14987221.318952715
14988431.08668072
14989640.95206108
14990850.915101713
14992060.975810528
14993271.134195352
14994481.390264098
14995691.74402468
14996902.195484927
14998112.744652752
14999323.391536072
15000534.136142718
15001744.978480604
15002955.918557651
15004166.956381688
15005378.091960635
15006589.325302415
15007800.656414857
15009012.085305883
15010223.611983417
15011435.23645529
15012646.95872943
15013858.778813757
15015070.69671611
15016282.712444412
15017494.826006591
15018707.037410483
15019919.346664019
15021131.753775124
15022344.258751638
15023556.86160149
15024769.562332582
15025982.360952845
15027195.257470118
15028408.251892367
15029621.344227431
15030834.534483247
15032047.822667716
15033261.208788777
15034474.69285427
15035688.274872165
15036901.954850307
15038115.732796634
15039329.608719055
15040543.582625506
15041757.65452384
15042971.824422022
15044186.092327908
15045400.458249435
15046614.922194514
15047829.484171094
15049044.14418702
15050258.902250241
15051473.758368703
15052688.712550253
15053903.764802843
15055118.91513442
15056334.163552837
15057549.510066044
15058764.954681987
15059980.497408528
15061196.138253614
15062411.877225198
15063627.714331135
15064843.649579383
15066059.68297789
15067275.81453452
15068492.044257227
15069708.372153964
15070924.798232596
15072141.322501078
15073357.944967365
15074574.665639324
15075791.484524915
15077008.401632091
15078225.416968724
15079442.53054277
15080659.742362194
15081877.05243486
15083094.460768733
15084311.967371775
15085529.572251854
15086747.275416939
15087965.076874988
15089182.976633878
15090400.974701574
15091619.07108601
15092837.265795154
15094055.558836881
15095273.95021919
15096492.439949958
15097711.028037153
15098929.714488717
15100148.499312617
15101367.382516734
15102586.364109071
15103805.44409751
15105024.62249002
15106243.899294548
15107463.274519067
15108682.74817146
15109902.320259703
15111121.990791773
15112341.759775555
15113561.627219025
15114781.593130162
15116001.657516854
15117221.82038708
15118442.08174882
15119662.441609964
15120882.899978492
15122103.456862388
15123324.112269541
15124544.866207935
15125765.718685554
15126986.669710293
15128207.719290134
15129428.867433064
15130650.11414698
15131871.459439864
15133092.90331971
15134314.445794411
15135536.086871957
15136757.82656034
15137979.664867455
15139201.601801295
15140423.637369853
15141645.771581026
15142868.004442811
15144090.335963199
15145312.766150093
15146535.295011489
15147757.922555381
15148980.648789676
15150203.473722367
15151426.397361426
15152649.419714846
15153872.540790537
15155095.760596529
15156319.079140728
15157542.496431138
15158766.012475729
15159989.6272825
15161213.340859367
15162437.15321436
15163661.06435539
15164885.074290466
15166109.18302756
15167333.390574679
15168557.696939737
15169782.102130773
15171006.6061557
15172231.209022528
15173455.910739237
15174680.711313836
15175905.610754242
15177130.60906847
15178355.706264528
15179580.902350336
15180806.19733391
15182031.59122326
15183257.084026312
15184482.67575108
15185708.36640558
15186934.155997735
15188160.04453556
15189386.032027077
15190612.11848021
15191838.303902976
15193064.5883034
15194290.971689403
15195517.45406901
15196744.035450244
15197970.715841033
15199197.495249396
15200424.373683363
15201651.351150863
15202878.42765992
15204105.60321856
15205332.877834715
15206560.251516413
15207787.724271685
15209015.296108462
15210242.967034772
15211470.737058617
15212698.606188027
15213926.574430937
15215154.641795412
15216382.808289388
15217611.073920902
15218839.438697953
15220067.902628576
15221296.465720713
15222525.12798243
15223753.88942167
15224982.750046471
15226211.709864836
15227440.768884806
15228669.927114325
15229899.184561463
15231128.54123417
15232357.99714048
15233587.55228841
15234817.206685998
15236046.960341193
15237276.813262042
15238506.765456583
15239736.816932771
15240966.967698652
15242197.21776227
15243427.567131577
15244658.015814621
15245888.563819451
15247119.211154021
15248349.95782638
15249580.803844579
15250811.749216571
15252042.79395041
15253273.93805415
15254505.181535745
15255736.52440325
15256967.966664718
15258199.508328112
15259431.149401484
15260662.889892893
15261894.729810297
15263126.669161756
15264358.707955327
15265590.846198974
15266823.083900755
15268055.421068734
15269287.85771087
15270520.39383523
15271753.029449843
15272985.764562769
15274218.599181978
15275451.533315565
15276684.5669715
15277917.700157847
15279150.932882642
15280384.26515395
15281617.696979744
15282851.228368122
15284084.859327057
15285318.589864621
15286552.41998885
15287786.349707812
15289020.379029488
15290254.507961977
15291488.736513257
15292723.064691404
15293957.492504457
15295192.01996049
15296426.647067484
15297661.373833513
15298896.200266656
15300131.126374891
15301366.152166298
15302601.277648956
15303836.502830846
15305071.827720048
15306307.252324644
15307542.776652617
15308778.400712052
15310014.124511028
15311249.948057532
15312485.87135965
15313721.894425463
15314958.017262964
15316194.239880234
15317430.562285364
15318666.98448634
15319903.506491253
15321140.12830819
15322376.849945145
15323613.671410207
15324850.592711464
15326087.613856912
15327324.734854644
15328561.955712749
15329799.276439227
15331036.69704217
15332274.217529671
15333511.83790973
15334749.558190443
15335987.378379904
15337225.298486115
15338463.318517173
15339701.438481143
15340939.658386124
15342177.97824012
15343416.398051262
15344654.917827554
15345893.5375771
15347132.257307969
15348371.07702826
15349609.996745983
15350849.016469274
15352088.13620614
15353327.355964689
15354566.675752992
15355806.095579155
15357045.61545119
15358285.235377206
15359524.95536531
15360764.775423514
15362004.69555993
15363244.715782665
15364484.836099738
15365725.056519259
15366965.37704934
15368205.797697997
15369446.318473345
15370686.939383497
15371927.660436474
15373168.48164039
15374409.40300336
15375650.424533404
15376891.546238646
15378132.768127197
15379374.090207083
15380615.512486424
15381857.034973338
15383098.657675851
15384340.380602084
15385582.203760158
15386824.127158104
15388066.150804041
15389308.274706094
15390550.498872291
15391792.82331076
15393035.248029625
15394277.773036916
15395520.398340762
15396763.12394929
15398005.949870532
15399248.87611262
15400491.902683647
15401735.029591747
15402978.256844956
15404221.584451435
15405465.012419222
15406708.540756451
15407952.169471223
15409195.898571672
15410439.728065837
15411683.657961888
15412927.688267862
15414171.8189919
15415416.050142102
15416660.381726613
15417904.81375347
15419149.346230851
15420393.979166796
15421638.712569447
15422883.546446914
15424128.480807338
15425373.515658766
15426618.651009345
15427863.886867216
15429109.22324043
15430354.66013713
15431600.197565464
15432845.835533483
15434091.574049335
15435337.413121166
15436583.352757031
15437829.392965078
15439075.533753458
15440321.775130227
15441568.117103536
15442814.559681535
15444061.102872282
15445307.746683933
15446554.491124637
15447801.336202458
15449048.281925548
15450295.328302063
15451542.475340066
15452789.723047715
15454037.071433162
15455284.520504478
15456532.070269817
15457779.72073734
15459027.471915113
15460275.323811295
15461523.27643402
15462771.329791443
15464019.483891642
15465267.738742804
15466516.094353002
15467764.5507304
15469013.107883131
15470261.765819363
15471510.524547167
15472759.384074744
15474008.344410164
15475257.405561598
15476506.567537183
15477755.83034509
15479005.193993395
15480254.6584903
15481504.223843884
15482753.890062317
15484003.657153742
15485253.525126334
15486503.493988173
15487753.563747434
15489003.734412292
15490254.00599083
15491504.378491225
15492754.851921653
15494005.426290203
15495256.10160505
15496506.877874374
15497757.755106265
15499008.733308898
15500259.81249046
15501510.992659036
15502762.273822812
15504013.65598997
15505265.1391686
15506516.723366886
15507768.408593016
15509020.19485508
15510272.082161268
15511524.070519766
15512776.159938667
15514028.35042616
15515280.641990436
15516533.034639593
15517785.528381817
15519038.123225303
15520290.819178151
15521543.616248548
15522796.514444692
15524049.513774684
15525302.614246715
15526555.815868983
15527809.118649589
15529062.52259673
15530316.027718574
15531569.634023318
15532823.341519065
15534077.15021405
15535331.060116375
15536585.071234241
15537839.18357582
15539093.397149315
15540347.711962832
15541602.128024608
15542856.645342752
15544111.263925469
15545365.983780932
15546620.804917349
15547875.727342831
15549130.751065588
15550385.876093823
15551641.102435656
15552896.430099294
15554151.859092947
15555407.389424732
15556663.02110286
15557918.754135545
15559174.588530902
15560430.524297146
15561686.561442493
15562942.699975062
15564198.939903067
15565455.281234726
15566711.72397816
15567968.268141586
15569224.913733225
15570481.6607612
15571738.50923373
15572995.459159033
15574252.510545239
15575509.663400568
15576766.91773324
15578024.273551386
15579281.730863228
15580539.289676992
15581796.950000806
15583054.711842896
15584312.57521149
15585570.540114716
15586828.606560804
15588086.774557982
15589345.044114385
15590603.41523824
15591861.887937747
15593120.462221138
15594379.138096547
15595637.91557224
15596896.794656353
15598155.775357122
15599414.857682746
15600674.041641463
15601933.327241411
15603192.71449086
15604452.20339795
15605711.79397092
15606971.486217976
15608231.280147357
15609491.175767206
15610751.173085796
15612011.272111272
15613271.472851876
15614531.77531582
15615792.179511344
15617052.685446598
15618313.293129824
15619574.002569271
15620834.813773086
15622095.726749517
15623356.74150681
15624617.858053114
15625879.076396683
15627140.396545762
15628401.818508508
15629663.342293167
15630924.967907993
15632186.695361143
15633448.524660865
15634710.455815416
15635972.488832952
15637234.62372173
15638496.86049
15639759.199145926
15641021.639697762
15642284.182153767
15643546.8265221
15644809.572811022
15646072.421028791
15647335.37118357
15648598.42328362
15649861.577337204
15651124.833352484
15652388.191337723
15653651.651301155
15654915.213251041
15656178.87719555
15657442.64314298
15658706.5111015
15659970.481079374
15661234.553084841
15662498.727126166
15663763.003211522
15665027.38134921
15666291.861547405
15667556.443814375
15668821.128158359
15670085.914587632
15671350.803110365
15672615.793734869
15673880.886469318
15675146.081321985
15676411.378301116
15677676.777414987
15678942.278671775
15680207.88207976
15681473.587647218
15682739.395382332
15684005.30529338
15685271.317388643
15686537.431676304
15687803.648164647
15689069.966861948
15690336.387776399
15691602.91091628
15692869.536289874
15694136.263905372
15695403.093771057
15696670.025895216
15697937.060286038
15699204.196951808
15700471.435900819
15701738.777141258
15703006.220681418
15704273.766529586
15705541.414693957
15706809.165182823
15708077.018004475
15709344.973167108
15710613.030679015
15711881.190548493
15713149.452783737
15714417.817393042
15715686.284384673
15716954.853766927
15718223.525548002
15719492.299736232
15720761.176339814
15722030.15536705
15723299.236826207
15724568.420725588
15725837.707073394
15727107.09587796
15728376.587147493
15729646.180890296
15730915.877114639
15732185.675828828
15733455.57704107
15734725.580759706
15735995.686992943
15737265.89574909
15738536.20703642
15739806.620863246
15741077.137237778
15742347.756168325
15743618.477663198
15744889.301730612
15746160.22837888
15747431.257616313
15748702.389451127
15749973.623891639
15751244.96094616
15752516.400622908
15753787.942930203
15755059.587876359
15756331.335469596
15757603.185718235
15758875.138630591
15760147.194214888
15761419.352479445
15762691.613432584
15763963.97708253
15765236.443437602
15766509.012506125
15767781.684296327
15769054.458816528
15770327.336075054
15771600.316080136
15772873.398840096
15774146.584363265
15775419.872657869
15776693.26373224
15777966.757594703
15779240.354253493
15780514.053716939
15781787.855993373
15783061.761091027
15784335.769018237
15785609.879783297
15786884.093394548
15788158.40986022
15789432.829188686
15790707.35138818
15791981.976467041
15793256.704433572
15794531.53529611
15795806.469062898
15797081.505742306
15798356.645342575
15799631.887872048
15800907.23333903
15802182.681751866
15803458.233118799
15804733.887448171
15806009.644748328
15807285.505027516
15808561.468294078
15809837.534556363
15811113.703822616
15812389.976101188
15813666.351400424
15814942.829728575
15816219.411093991
15817496.095505022
15818772.882969918
15820049.773497034
15821326.767094718
15822603.863771226
15823881.063534914
15825158.366394132
15826435.772357138
15827713.281432288
15828990.893627934
15830268.60895234
15831546.42741386
15832824.349020854
15834102.37378158
15835380.501704399
15836658.73279767
15837937.067069655
15839215.504528718
15840494.045183217
15841772.68904142
15843051.43611169
15844330.28640239
15845609.239921784
15846888.296678241
15848167.456680093
15849446.719935708
15850726.086453352
15852005.556241428
15853285.129308207
15854564.805662058
15855844.585311318
15857124.468264356
15858404.454529447
15859684.544114998
15860964.737029279
15862245.033280667
15863525.432877501
15864805.935828159
15866086.542140914
15867367.251824176
15868648.064886227
15869928.98133544
15871210.001180165
15872491.124428775
15873772.351089556
15875053.681170886
15876335.114681147
15877616.651628623
15878898.292021694
15880180.035868743
15881461.883178057
15882743.833958019
15884025.888217015
15885308.04596333
15886590.307205353
15887872.67195147
15889155.14020997
15890437.71198924
15891720.387297671
15893003.166143555
15894286.04853528
15895569.034481239
15896852.123989722
15898135.317069124
15899418.61372784
15900702.01397416
15901985.517816484
15903269.125263201
15904552.836322615
15905836.651003119
15907120.569313109
15908404.591260886
15909688.716854848
15910972.94610336
15912257.279014826
15913541.715597544
15914826.255859949
15916110.899810344
15917395.647457132
15918680.498808684
15919965.453873403
15921250.512659596
15922535.6751757
15923820.941430023
15925106.311430972
15926391.78518692
15927677.362706278
15928963.043997351
15930248.829068584
15931534.71792829
15932820.710584877
15934106.807046726
15935393.007322246
15936679.311419755
15937965.719347661
15939252.231114384
15940538.846728235
15941825.566197634
15943112.389530992
15944399.316736631
15945686.347822968
15946973.48279842
15948260.721671307
15949548.06445005
15950835.511143068
15952123.061758684
15953410.716305317
15954698.474791393
15955986.337225234
15957274.303615265
15958562.373969907
15959850.548297489
15961138.826606436
15962427.208905175
15963715.695202032
15965004.285505438
15966292.979823818
15967581.778165504
15968870.680538926
15970159.686952513
15971448.797414597
15972738.011933612
15974027.330517989
15975316.753176061
15976606.279916266
15977895.910747033
15979185.645676702
15980475.484713707
15981765.427866453
15983055.475143377
15984345.626552815
15985635.882103242
15986926.241802998
15988216.705660522
15989507.27368422
15990797.945882536
15992088.722263813
15993379.602836523
15994670.587609015
15995961.676589731
15997252.869787082
15998544.167209513
15999835.568865374
16001127.074763108
16002418.684911165
16003710.399317894
16005002.217991741
16006294.14094116
16007586.168174498
16008878.299700206
16010170.535526738
16011462.875662446
16012755.320115782
16014047.868895201
16015340.522009058
16016633.279465808
16017926.141273903
16019219.107441705
16020512.17797767
16021805.352890253
16023098.632187815
16024392.015878815
16025685.503971713
16026979.09647487
16028272.793396745
16029566.594745804
16030860.500530407
16032154.510759016
16033448.625440098
16034742.844582018
16036037.16819324
16037331.596282227
16038626.128857352
16039920.765927078
16041215.507499876
16042510.35358411
16043805.304188257
16045100.359320747
16046395.518990055
16047690.78320455
16048986.151972737
16050281.625302993
16051577.203203788
16052872.885683564
16054168.672750797
16055464.56441386
16056760.560681267
16058056.661561389
16059352.867062708
16060649.177193668
16061945.591962747
16063242.111378327
16064538.735448921
16065835.464182908
16067132.297588771
16068429.23567496
16069726.278449956
16071023.425922146
16072320.678100012
16073618.034992041
16074915.496606616
16076213.062952226
16077510.734037358
16078808.509870399
16080106.390459837
16081404.375814164
16082702.465941766
16084000.660851138
16085298.960550768
16086597.36504905
16087895.874354474
16089194.488475537
16090493.20742063
16091792.03119825
16093090.95981689
16094389.993284948
16095689.13161092
16096988.374803305
16098287.722870499
16099587.175821003
16100886.733663313
16102186.396405831
16103486.16405706
16104786.036625499
16106086.01411955
16107386.09654772
16108686.283918472
16109986.576240318
16111286.973521657
16112587.475771032
16113888.082996847
16115188.79520761
16116489.612411795
16117790.534617912
16119091.561834367
16120392.694069706
16121693.931332339
16122995.273630774
16124296.720973494
16125598.273369009
16126899.93082573
16128201.69335221
16129503.56095686
16130805.533648195
16132107.611434696
16133409.794324884
16134712.082327174
16136014.475450084
16137316.973702133
16138619.577091739
16139922.285627423
16141225.099317707
16142528.01817101
16143831.042195857
16145134.171400767
16146437.405794166
16147740.74538458
16149044.190180529
16150347.74019044
16151651.395422844
16152955.15588626
16154259.021589123
16155562.992539957
16156867.068747291
16158171.250219557
16159475.536965283
16160779.928993
16162084.426311143
16163389.028928239
16164693.736852825
16165998.550093334
16167303.4686583
16168608.492556259
16169913.621795645
16171218.856384996
16172524.196332848
16173829.64164764
16175135.192337912
16176440.848412199
16177746.609878944
16179052.476746688
16180358.449023936
16181664.526719233
16182970.70984102
16184276.998397874
16185583.39239824
16186889.891850661
16188196.496763652
16189503.207145754
16190810.02300542
16192116.944351226
16193423.971191624
16194731.103535159
16196038.341390349
16197345.684765745
16198653.133669797
16199960.688111058
16201268.348098077
16202576.113639308
16203883.984743308
16205191.961418629
16206500.043673726
16207808.231517155
16209116.52495747
16210424.924003132
16211733.428662699
16213042.038944725
16214350.754857672
16215659.5764101
16216968.50361057
16218277.536467541
16219586.674989577
16220895.919185242
16222205.269062994
16223514.724631403
16224824.285899028
16226133.95287434
16227443.725565901
16228753.60398228
16230063.588131942
16231373.678023458
16232683.873665396
16233994.175066223
16235304.582234513
16236615.095178833
16237925.713907659
16239236.438429559
16240547.26875311
16241858.204886781
16243169.246839149
16244480.394618757
16245791.648234177
16247103.00769389
16248414.473006502
16249726.044180494
16251037.721224442
16252349.504146894
16253661.392956428
16254973.387661526
16256285.488270802
16257597.694792738
16258910.007235916
16260222.425608886
16261534.949920233
16262847.580178441
16264160.316392127
16265473.158569781
16266786.106719987
16268099.1608513
16269412.320972307
16270725.587091498
16272038.959217463
16273352.43735879
16274666.021523971
16275979.711721597
16277293.507960262
16278607.410248458
16279921.41859478
16281235.533007817
16282549.753496071
16283864.080068136
16285178.512732605
16286493.051497977
16287807.69637285
16289122.447365822
16290437.304485394
16291752.267740164
16293067.337138733
16294382.512689603
16295697.794401376
16297013.182282653
16298328.676341938
16299644.276587835
16300959.983028948
16302275.795673786
16303591.71453095
16304907.739609051
16306223.870916594
16307540.108462188
16308856.452254409
16310172.902301865
16311489.458613068
16312806.121196661
16314122.890061157
16315439.765215168
16316756.746667271
16318073.834426083
16319391.028500117
16320708.328898024
16322025.735628314
16323343.24869961
16324660.86812049
16325978.593899576
16327296.426045386
16328614.36456657
16329932.409471652
16331250.560769249
16332568.81846795
16333887.182576379
16335205.653103057
16336524.230056606
16337842.913445653
16339161.70327872
16340480.599564437
16341799.602311425
16343118.711528212
16344437.927223427
16345757.2494057
16347076.678083556
16348396.213265628
16349715.854960544
16351035.603176834
16352355.457923135
16353675.419208074
16354995.487040186
16356315.661428105
16357635.942380466
16358956.329905804
16360276.824012754
16361597.424709953
16362918.13200594
16364238.945909351
16365559.866428824
16366880.8935729
16368202.027350219
16369523.26776942
16370844.614839047
16372166.068567742
16373487.628964111
16374809.296036802
16376131.069794357
16377452.950245453
16378774.937398639
16380097.03126256
16381419.231845826
16382741.53915709
16384063.953204898
16385386.473997934
16386709.101544745
16388031.835853983
16389354.676934266
16390677.624794247
16392000.679442476
16393323.840887642
16394647.109138297
16395970.484203096
16397293.966090662
16398617.554809652
16399941.250368621
16401265.052776227
16402588.962041127
16403912.978171881
16405237.101177149
16406561.331065591
16407885.667845767
16409210.11152634
16410534.66211597
16411859.319623223
16413184.084056761
16414508.95542525
16415833.933737252
16417159.019001435
16418484.211226465
16419809.51042091
16421134.916593436
16422460.429752715
16423786.049907314
16425111.777065901
16426437.61123715
16427763.552429631
16429089.600652017
16430415.75591298
16431742.018221093
16433068.38758503
16434394.864013469
16435721.447514983
16437048.138098247
16438374.93577194
16439701.84054464
16441028.852425022
16442355.971421769
16443683.197543459
16445010.530798774
16446337.971196359
16447665.518744899
16448993.173452973
16450320.935329301
16451648.804382466
16452976.78062115
16454304.86405401
16455633.054689726
16456961.352536889
16458289.757604219
16459618.269900305
16460946.889433833
16462275.616213461
16463604.45024788
16464933.39154568
16466262.440115552
16467591.59596619
16468920.859106185
16470250.229544232
16471579.707289027
16472909.292349162
16474238.984733332
16475568.784450239
16476898.691508474
16478228.70591674
16479558.827683732
16480889.056818051
16482219.393328397
16483549.837223472
16484880.388511874
16486211.047202308
16487541.813303474
16488872.686823979
16490203.667772526
16491534.75615782
16492865.951988462
16494197.255273167
16495528.666020636
16496860.184239477
16498191.809938401
16499523.543126116
16500855.38381123
16502187.332002457
16503519.387708506
16504851.550937988
16506183.821699617
16507516.200002106
16508848.68585407
16510181.279264223
16511513.980241247
16512846.788793856
16514179.70493067
16515512.72866044
16516845.859991783
16518179.098933417
16519512.44549403
16520845.899682341
16522179.461506972
16523513.130976679
16524846.90810008
16526180.792885903
16527514.785342837
16528848.885479607
16530183.093304835
16531517.408827286
16532851.832055582
16534186.36299845
16535521.001664588
16536855.748062724
16538190.602201486
16539525.564089606
16540860.633735813
16542195.811148738
16543531.096337117
16544866.48930968
16546201.99007506
16547537.598641992
16548873.315019213
16550209.139215358
16551545.07123916
16552881.111099362
16554217.258804597
16555553.514363607
16556889.87778513
16558226.349077804
16559562.928250372
16560899.615311576
16562236.410270056
16563573.313134557
16564910.32391382
16566247.44261649
16567584.669251313
16568922.003827034
16570259.4463523
16571596.996835856
16572934.655286452
16574272.421712736
16575610.296123454
16576948.278527327
16578286.368933104
16579624.567349436
16580962.873785106
16582301.288248772
16583639.81074918
16584978.441295058
16586317.179895157
16587656.026558133
16588994.981292775
16590334.04410774
16591673.215011789
16593012.494013641
16594351.881122058
16595691.376345702
16597030.979693362
16598370.691173702
16599710.510795483
16601050.438567435
16602390.47449832
16603730.618596803
16605070.870871648
16606411.231331622
16607751.699985389
16609092.276841715
16610432.961909369
16611773.755197018
16613114.656713434
16614455.666467382
16615796.784467535
16617138.010722665
16618479.345241541
16619820.788032835
16621162.339105323
16622503.998467779
16623845.766128873
16625187.642097384
16626529.626382088
16627871.71899166
16629213.919934878
16630556.229220519
16631898.646857264
16633241.172853889
16634583.80721918
16635926.54996181
16637269.401090566
16638612.360614229
16639955.428541481
16641298.604881108
16642641.889641892
16643985.282832518
16645328.784461774
16646672.394538445
16648016.113071218
16649359.940068882
16650703.875540191
16652047.919493936
16653392.071938803
16654736.332883622
16656080.70233708
16657425.180307971
16658769.766805055
16660114.461837124
16661459.265412873
16662804.17754113
16664149.19823059
16665494.327490052
16666839.565328278
16668184.911754064
16669530.366776112
16670875.93040322
16672221.602644186
16673567.383507714
16674913.273002602
16676259.271137655
16677605.377921574
16678951.593363162
16680297.917471224
16681644.350254467
16682990.891721692
16684337.541881708
16685684.300743224
16687031.168315044
16688378.144605977
16689725.229624733
16691072.423380123
16692419.725880956
16693767.137135945
16695114.657153899
16696462.285943633
16697810.02351386
16699157.869873393
16700505.825031048
16701853.88899554
16703202.061775686
16704550.343380302
16705898.733818104
16707247.233097915
16708595.84122855
16709944.55821873
16711293.384077275
16712642.31881301
16713991.36243465
16715340.514951022
16716689.776370915
16718039.146703154
16719388.625956463
16720738.2141397
16722087.911261592
16723437.717330966
16724787.632356616
16726137.65634737
16727487.789311957
16728838.03125924
16730188.38219795
16731538.84213692
16732889.411084943
16734240.089050855
16735590.87604339
16736941.772071416
16738292.777143665
16739643.891268972
16740995.114456141
16742346.446714012
16743697.888051316
16745049.438476896
16746401.097999591
16747752.866628138
16749104.744371379
16750456.731238155
16751808.827237206
16753161.032377375
16754513.34666751
16755865.770116348
16757218.302732738
16758570.944525525
16759923.69550345
16761276.555675369
16762629.525050122
16763982.603636459
16765335.791443229
16766689.088479284
16768042.49475337
16769396.010274341
16770749.63505105
16772103.369092245
16773457.21240678
16774811.165003516
16776165.226891197
16777519.398078687
16778873.678574838
16780228.068388402
16781582.567528248
16782937.17600319
16784291.893822093
16785646.720993716
16787001.65752695
16788356.703430556
16789711.8587134
16791067.123384304
16792422.49745214
16793777.980925664
16795133.57381378
16796489.27612525
16797845.087868936
16799201.00905368
16800557.039688345
16801913.179781698
16803269.429342642
16804625.78837995
16805982.256902482
16807338.834919088
16808695.522438634
16810052.31946989
16811409.226021737
16812766.242103044
16814123.367722582
16815480.60288923
16816837.947611865
16818195.40189926
16819552.965760298
16820910.63920385
16822268.422238704
16823626.31487373
16824984.317117814
16826342.428979732
16827700.65046837
16829058.981592614
16830417.42236124
16831775.972783133
16833134.632867184
16834493.402622167
16835852.282056976
16837211.2711805
16838570.370001517
16839929.578528922
16841288.896771602
16842648.32473835
16844007.86243805
16845367.509879597
16846727.26707178
16848087.134023495
16849447.110743597
16850807.197240986
16852167.39352445
16853527.699602924
16854888.1154852
16856248.641180173
16857609.27669671
16858970.022043712
16860330.877229974
16861691.84226443
16863052.917155877
16864414.101913217
16865775.396545324
16867136.801061094
16868498.315469336
16869859.93977898
16871221.673998836
16872583.51813781
16873945.472204767
16875307.536208622
16876669.71015818
16878031.994062345
16879394.387930036
16880756.89177005
16882119.505591307
16883482.229402713
16884845.06321308
16886208.00703132
16887571.060866356
16888934.224726986
16890297.498622134
16891660.882560715
16893024.376551542
16894387.98060353
16895751.694725607
16897115.51892658
16898479.453215368
16899843.497600902
16901207.652091987
16902571.916697558
16903936.29142653
16905300.776287723
16906665.371290065
16908030.076442476
16909394.891753785
16910759.817232914
16912124.852888793
16913489.998730246
16914855.254766196
16916220.62100558
16917586.097457223
16918951.68413005
16920317.381033
16921683.1881749
16923049.105564676
16924415.133211236
16925781.271123514
16927147.519310337
16928513.877780676
16929880.346543368
16931246.925607346
16932613.614981513
16933980.414674815
16935347.32469608
16936714.345054287
16938081.47575827
16939448.716816973
16940816.068239305
16942183.530034207
16943551.102210518
16944918.784777183
16946286.57774315
16947654.48111726
16949022.49490846
16950390.619125698
16951758.853777815
16953127.198873762
16954495.65442249
16955864.220432848
16957232.896913778
16958601.68387424
16959970.581323076
16961339.589269247
16962708.707721703
16964077.93668929
16965447.276180975
16966816.726205703
16968186.286772333
16969555.95788982
16970925.739567127
16972295.6318131
16973665.634636708
16975035.748046905
16976405.97205255
16977776.30666261
16979146.751886044
16980517.307731707
16981887.974208567
16983258.75132559
16984629.639091633
16986000.637515668
16987371.74660666
16988742.96637347
16990114.29682507
16991485.737970393
16992857.28981841
16994228.952377982
16995600.725658122
16996972.609667696
16998344.604415677
16999716.709911
17001088.926162645
17002461.25317948
17003833.690970514
17005206.23954462
17006578.898910776
17007951.669077925
17009324.550055046
17010697.541851014
17012070.644474845
17013443.85793541
17014817.182241697
17016190.61740265
17017564.163427252
17018937.820324384
17020311.58810303
17021685.466772173
17023059.456340697
17024433.556817587
17025807.768211834
17027182.090532318
17028556.523788024
17029931.067987952
17031305.723140977
17032680.4892561
17034055.366342302
17035430.354408477
17036805.453463618
17038180.66351672
17039555.98457667
17040931.416652467
17042306.9597531
17043682.61388747
17045058.379064567
17046434.255293395
17047810.242582846
17049186.34094192
17050562.550379615
17051938.870904833
17053315.30252657
17054691.845253833
17056068.49909552
17057445.264060628
17058822.140158135
17060199.127397045
17061576.225786258
17062953.435334817
17064330.756051626
17065708.18794569
17067085.731025983
17068463.38530152
17069841.150781203
17071219.02747408
17072597.015389055
17073975.114535145
17075353.324921325
17076731.646556612
17078110.079449914
17079488.623610284
17080867.279046632
17082246.045767978
17083624.9237833
17085003.913101617
17086383.013731845
17087762.225683007
17089141.54896412
17090520.983584102
17091900.529551975
17093280.186876763
17094659.955567382
17096039.83563286
17097419.827082217
17098799.92992438
17100180.144168373
17101560.469823223
17102940.906897854
17104321.45540129
17105702.11534257
17107082.88673061
17108463.76957445
17109844.76388311
17111225.869665526
17112607.086930733
17113988.41568776
17115369.85594553
17116751.407713097
17118133.07099948
17119514.845813617
17120896.732164547
17122278.730061304
17123660.83951283
17125043.06052815
17126425.39311632
17127807.83728627
17129190.393047042
17130573.06040768
17131955.839377116
17133338.7299644
17134721.732178543
17136104.846028585
17137488.071523473
17138871.408672284
17140254.857483964
17141638.41796756
17143022.090132087
17144405.873986594
17145789.769540027
17147173.77680147
17148557.895779878
17149942.126484293
17151326.46892374
17152710.923107274
17154095.489043843
17155480.1667425
17156864.956212305
17158249.85746221
17159634.870501272
17161019.995338548
17162405.231982995
17163790.580443673
17165176.040729642
17166561.612849858
17167947.296813384
17169333.092629284
17170719.000306513
17172105.01985414
17173491.151281226
17174877.394596733
17176263.74980973
17177650.216929283
17179036.795964357
17180423.486924015
17181810.289817333
17183197.204653274
17184584.231440905
17185971.370189305
17187358.620907437
17188745.983604375
17190133.458289195
17191521.044970863
17192908.743658453
17194296.55436105
17195684.477087613
17197072.51184723
17198460.65864898
17199848.917501826
17201237.28841486
17202625.771397118
17204014.36645769
17205403.073605545
17206791.892849803
17208180.824199446
17209569.867663555
17210959.02325118
17212348.290971406
17213737.670833215
17215127.16284573
17216516.767017934
17217906.483358916
17219296.311877728
17220686.25258346
17222076.3054851
17223466.470591772
17224856.747912463
17226247.13745627
17227637.639232248
17229028.253249492
17230418.979516994
17231809.818043847
17233200.768839147
17234591.83191189
17235983.00727117
17237374.294926092
17238765.694885645
17240157.20715893
17241548.831755046
17242940.568682995
17244332.41795188
17245724.379570793
17247116.453548748
17248508.63989484
17249900.938618172
17251293.349727754
17252685.87323269
17254078.509142082
17255471.25746494
17256864.11821037
17258257.091387484
17259650.177005284
17261043.37507288
17262436.685599394
17263830.10859382
17265223.64406528
17266617.292022888
17268011.05247565
17269404.925432682
17270798.91090307
17272193.008895926
17273587.219420265
17274981.54248524
17276375.978099864
17277770.52627326
17279165.187014513
17280559.960332744
17281954.84623697
17283349.84473635
17284744.9558399
17286140.179556742
17287535.515895974
17288930.96486672
17290326.526477996
17291722.20073897
17293117.98765866
17294513.887246203
17295909.89951068
17297306.02446124
17298702.26210689
17300098.612456776
17301495.075520024
17302891.65130566
17304288.339822825
17305685.141080648
17307082.05508816
17308479.081854496
17309876.221388802
17311273.4737001
17312670.838797532
17314068.316690236
17315465.90738725
17316863.610897712
17318261.427230764
17319659.356395442
17321057.39840089
17322455.553256255
17323853.82097057
17325252.20155298
17326650.695012633
17328049.301358573
17329448.020599943
17330846.852745894
17332245.79780547
17333644.855787817
17335044.026702087
17336443.310557324
17337842.70736268
17339242.217127312
17340641.839860264
17342041.57557069
17343441.424267747
17344841.385960482
17346241.46065805
17347641.648369577
17349041.94910422
17350442.36287103
17351842.889679197
17353243.529537786
17354644.28245595
17356045.148442816
17357446.12750755
17358847.2196592
17360248.424906977
17361649.743259933
17363051.17472723
17364452.719318006
17365854.37704142
17367256.147906546
17368658.031922534
17370060.02909857
17371462.139443707
17372864.362967115
17374266.699677974
17375669.14958534
17377071.712698393
17378474.3890263
17379877.178578135
17381280.081363067
17382683.097390275
17384086.22666883
17385489.46920791
17386892.825016685
17388296.294104237
17389699.876479737
17391103.572152372
17392507.381131213
17393911.303425442
17395315.339044243
17396719.48799669
17398123.750291966
17399528.125939257
17400932.614947643
17402337.21732631
17403741.933084443
17405146.762231123
17406551.70477554
17407956.76072688
17409361.930094227
17410767.212886777
17412172.609113712
17413578.118784126
17414983.741907205
17416389.47849211
17417795.328548037
17419201.29208407
17420607.369109444
17422013.559633244
17423419.86366467
17424826.28121289
17426232.812287092
17427639.456896376
17429046.21504998
17430453.086756986
17431860.072026607
17433267.170868002
17434674.383290384
17436081.70930284
17437489.148914617
17438896.70213481
17440304.368972626
17441712.149437234
17443120.043537848
17444528.05128356
17445936.17268359
17447344.40774714
17448752.756483313
17450161.218901325
17451569.795010384
17452978.4848196
17454387.288338184
17455796.20557535
17457205.23654021
17458614.381241973
17460023.63968986
17461433.011892978
17462842.49786055
17464252.09760179
17465661.811125815
17467071.638441842
17468481.57955909
17469891.63448668
17471301.803233825
17472712.08580976
17474122.482223593
17475532.99248455
17476943.61660186
17478354.354584638
17479765.206442114
17481176.172183514
17482587.25181796
17483998.44535468
17485409.75280287
17486821.174171764
17488232.709470477
17489644.358708285
17491056.121894307
17492467.999037784
17493879.990147907
17495292.095233917
17496704.31430494
17498116.64737025
17499529.094438974
17500941.655520353
17502354.33062359
17503767.119757924
17505180.02293249
17506593.04015656
17508006.171439268
17509419.416789863
17510832.77621755
17512246.249731574
17513659.83734107
17515073.539055284
17516487.354883462
17517901.284834746
17519315.328918383
17520729.487143617
17522143.7595196
17523558.14605557
17524972.646760788
17526387.26164439
17527801.990715634
17529216.83398377
17530631.791457947
17532046.86314742
17533462.04906144
17534877.349209156
17536292.763599828
17537708.292242713
17539123.93514696
17540539.69232183
17541955.56377658
17543371.549520366
17544787.649562445
17546203.863912083
17547620.192578435
17549036.635570765
17550453.192898333
17551869.8645703
17553286.650595933
17554703.550984457
17556120.565745145
17557537.694887158
17558954.938419793
17560372.29635222
17561789.7686937
17563207.35545348
17564625.056640822
17566042.872264896
17567460.80233501
17568878.84686033
17570297.00585013
17571715.27931365
17573133.667260166
17574552.16969885
17575970.78663901
17577389.51808982
17578808.364060562
17580227.324560475
17581646.399598844
17583065.58918484
17584484.893327743
17585904.312036842
17587323.84532131
17588743.493190426
17590163.255653486
17591583.13271966
17593003.12439824
17594423.230698507
17595843.451629646
17597263.787200946
17598684.237421695
17600104.802301075
17601525.481848378
17602946.2760729
17604367.18498382
17605788.208590433
17607209.346902035
17608630.59992781
17610051.967677057
17611473.450159073
17612895.047383044
17614316.75935827
17615738.586094044
17617160.527599566
17618582.58388413
17620004.754957046
17621427.040827498
17622849.441504788
17624271.95699823
17625694.587317005
17627117.332470432
17628540.192467805
17629963.167318333
17631386.257031314
17632809.46161602
17634232.781081766
17635656.215437748
17637079.764693316
17638503.428857666
17639927.207940117
17641351.10194994
17642775.11089645
17644199.234788854
17645623.473636497
17647047.82744859
17648472.296234455
17649896.880003363
17651321.578764632
17652746.39252748
17654171.321301218
17655596.36509517
17657021.523918547
17658446.79778067
17659872.18669086
17661297.690658335
17662723.309692416
17664149.04380243
17665574.892997585
17667000.857287217
17668426.93668065
17669853.1311871
17671279.440815896
17672705.865576368
17674132.405477736
17675559.060529333
17676985.830740485
17678412.716120422
17679839.71667847
17681266.832423966
17682694.063366134
17684121.40951431
17685548.870877795
17686976.447465923
17688404.139287923
17689831.946353167
17691259.86867089
17692687.906250425
17694116.05910108
17695544.327232197
17696972.710653007
17698401.20937289
17699829.823401075
17701258.552746914
17702687.39741971
17704116.35742881
17705545.432783455
17706974.623493023
17708403.929566752
17709833.351013996
17711262.887844067
17712692.54006631
17714122.30768997
17715552.190724436
17716982.18917895
17718412.303062864
17719842.5323855
17721272.877156205
17722703.337384228
17724133.913078967
17725564.604249664
17726995.410905678
17728426.33305633
17729857.370710984
17731288.523878884
17732719.792569432
17734151.176791877
17735582.67655558
17737014.29186987
17738446.02274411
17739877.86918756
17741309.831209578
17742741.908819534
17744174.102026682
17745606.410840392
17747038.835270032
17748471.37532486
17749904.03101425
17751336.802347567
17752769.689334076
17754202.69198315
17755635.810304157
17757069.044306364
17758502.39399915
17759935.85939188
17761369.440493826
17762803.137314368
17764236.94986284
17765670.878148623
17767104.922180988
17768539.08196935
17769973.357522976
17771407.748851255
17772842.255963523
17774276.878869172
17775711.617577467
17777146.472097833
17778581.44243955
17780016.52861199
17781451.73062452
17782887.048486512
17784322.482207254
17785758.03179617
17787193.697262533
17788629.478615742
17790065.375865147
17791501.389020137
17792937.518090002
17794373.763084166
17795810.12401191
17797246.600882642
17798683.193705708
17800119.902490508
17801556.727246333
17802993.66798261
17804430.72470864
17805867.897433806
17807305.186167486
17808742.59091907
17810180.111697856
17811617.748513285
17813055.501374643
17814493.370291337
17815931.355272736
17817369.456328247
17818807.67346716
17820246.006698888
17821684.45603284
17823123.021478307
17824561.7030447
17826000.500741433
17827439.41457781
17828878.444563232
17830317.590707116
17831756.853018768
17833196.2315076
17834635.726182986
17836075.337054346
17837515.064130984
17838954.907422353
17840394.86693776
17841834.942686625
17843275.134678334
17844715.442922298
17846155.867427833
17847596.408204395
17849037.0652613
17850477.838607967
17851918.728253786
17853359.734208174
17854800.856480453
17856242.095080085
17857683.450016387
17859124.921298783
17860566.508936666
17862008.212939464
17863450.0333165
17864891.97007724
17866334.023231
17867776.192787215
17869218.478755284
17870660.88114464
17872103.399964605
17873546.03522465
17874988.7869341
17876431.655102395
17877874.639738936
17879317.740853153
17880760.958454385
17882204.292552102
17883647.743155636
17885091.31027443
17886534.993917886
17887978.794095445
17889422.710816447
17890866.744090326
17892310.89392654
17893755.160334412
17895199.543323394
17896644.042902935
17898088.659082368
17899533.391871147
17900978.241278715
17902423.207314417
17903868.289987702
17905313.48930799
17906758.805284724
17908204.237927254
17909649.787245065
17911095.45324751
17912541.235944036
17913987.13534407
17915433.151457064
17916879.284292366
17918325.533859473
17919771.900167733
17921218.383226607
17922664.98304552
17924111.69963393
17925558.533001192
17927005.483156804
17928452.55011012
17929899.733870607
17931347.034447692
17932794.451850843
17934241.986089412
17935689.63717291
17937137.40511069
17938585.28991222
17940033.29158694
17941481.410144318
17942929.64559371
17944377.99794463
17945826.46720644
17947275.053388614
17948723.75650059
17950172.576551843
17951621.51355174
17953070.567509793
17954519.73843537
17955969.026337944
17957418.43122697
17958867.953111913
17960317.592002153
17961767.34790717
17963217.220836446
17964667.21079935
17966117.317805372
17967567.541863993
17969017.882984586
17970468.34117664
17971918.91644964
17973369.608812965
17974820.4182761
17976271.34484854
17977722.38853966
17979173.549358953
17980624.827315908
17982076.222419906
17983527.73468044
17984979.36410697
17986431.110708993
17987882.974495884
17989334.955477186
17990787.053662278
17992239.26906066
17993691.601681795
17995144.051535178
17996596.618630204
17998049.302976407
17999502.104583178
18000955.02346002
18002408.059616394
18003861.213061813
18005314.483805664
18006767.871857494
18008221.37722669
18009674.999922767
18011128.739955194
18012582.597333476
18014036.572067015
18015490.664165355
18016944.873637896
18018399.20049415
18019853.644743595
18021308.206395738
18022762.88545999
18024217.681945894
18025672.595862858
18027127.6272204
18028582.776027996
18030038.042295165
18031493.426031314
18032948.927245963
18034404.545948636
18035860.282148734
18037316.135855783
18038772.107079305
18040228.195828713
18041684.402113527
18043140.725943275
18044597.16732737
18046053.72627534
18047510.402796708
18048967.196900893
18050424.10859742
18051881.137895823
18053338.284805518
18054795.549336035
18056252.931496873
18057710.431297556
18059168.048747513
18060625.78385631
18062083.636633374
18063541.607088238
18064999.695230402
18066457.901069403
18067916.224614665
18069374.665875766
18070833.224862132
18072291.901583306
18073750.69604879
18075209.60826812
18076668.638250735
18078127.78600621
18079587.05154398
18081046.43487359
18082505.93600454
18083965.55494639
18085425.291708566
18086885.146300655
18088345.118732095
18089805.209012434
18091265.417151183
18092725.743157893
18094186.18704201
18095646.748813115
18097107.428480655
18098568.22605418
18100029.141543213
18101490.1749573
18102951.326305896
18104412.59559859
18105873.98284483
18107335.488054167
18108797.111236133
18110258.852400284
18111720.711556066
18113182.688713048
18114644.78388078
18116106.99706873
18117569.328286447
18119031.7775435
18120494.344849348
18121957.03021355
18123419.83364568
18124882.755155187
18126345.794751644
18127808.95244458
18129272.228243567
18130735.62215806
18132199.134197675
18133662.76437187
18135126.512690213
18136590.37916225
18138054.36379754
18139518.466605566
18140982.68759593
18142447.026778094
18143911.48416165
18145376.059756123
18146840.7535711
18148305.56561605
18149770.49590059
18151235.54443419
18152700.71122643
18154165.996286858
18155631.399625055
18157096.9212505
18158562.56117281
18160028.31940146
18161494.19594604
18162960.1908161
18164426.304021228
18165892.535570897
18167358.88547474
18168825.353742234
18170291.94038297
18171758.645406503
18173225.468822427
18174692.410640225
18176159.470869526
18177626.649519816
18179093.946600694
18180561.362121712
18182028.896092474
18183496.548522465
18184964.31942128
18186432.208798528
18187900.216663692
18189368.343026374
18190836.587896176
18192304.951282594
18193773.433195226
18195242.033643678
18196710.752637446
18198179.590186138
18199648.546299316
18201117.620986596
18202586.81425747
18204056.126121584
18205525.55658844
18206995.10566765
18208464.773368783
18209934.559701454
18211404.464675162
18212874.488299564
18214344.630584158
18215814.89153856
18217285.271172352
18218755.76949515
18220226.386516456
18221697.12224593
18223167.97669308
18224638.949867524
18226110.041778844
18227581.252436668
18229052.5818505
18230524.030030005
18231995.596984692
18233467.282724187
18234939.087258082
18236411.010595996
18237883.05274745
18239355.213722106
18240827.493529484
18242299.892179213
18243772.409680884
18245245.046044126
18246717.801278464
18248190.675393563
18249663.66839895
18251136.780304257
18252610.011119075
18254083.36085305
18255556.8295157
18257030.417116664
18258504.123665582
18259977.94917198
18261451.89364549
18262925.957095765
18264400.139532324
18265874.440964818
18267348.86140288
18268823.400856048
18270298.05933396
18271772.83684627
18273247.733402506
18274722.749012318
18276197.883685347
18277673.137431134
18279148.510259327
18280624.002179537
18282099.613201417
18283575.343334507
18285051.19258849
18286527.160972916
18288003.248497427
18289479.455171652
18290955.781005237
18292432.22600773
18293908.790188827
18295385.47355807
18296862.276125114
18298339.19789959
18299816.23889115
18301293.399109345
18302770.678563874
18304248.077264287
18305725.595220245
18307203.232441377
18308680.988937344
18310158.864717707
18311636.859792158
18313114.97417026
18314593.207861677
18316071.56087604
18317550.03322302
18319028.624912176
18320507.335953213
18321986.16635569
18323465.116129283
18324944.18528362
18326423.373828385
18327902.681773134
18329382.109127577
18330861.655901287
18332341.322103932
18333821.10774516
18335301.012834642
18336781.03738195
18338261.181396764
18339741.444888763
18341221.827867515
18342702.330342706
18344182.952324018
18345663.693821024
18347144.554843403
18348625.535400845
18350106.635502927
18351587.855159327
18353069.194379706
18354550.653173745
18356032.23155102
18357513.92952127
18358995.74709406
18360477.68427909
18361959.741086014
18363441.91752452
18364924.213604197
18366406.629334774
18367889.164725833
18369371.819787074
18370854.594528154
18372337.48895877
18373820.50308851
18375303.636927113
18376786.890484165
18378270.263769366
18379753.756792385
18381237.369562916
18382721.10209056
18384204.954385053
18385688.92645599
18387173.018313073
18388657.229965974
18390141.5614244
18391626.01269795
18393110.583796363
18394595.274729244
18396080.085506298
18397565.0161372
18399050.066631667
18400535.236999296
18402020.52724983
18403505.937392887
18404991.46743817
18406477.11739536
18407962.887274176
18409448.777084224
18410934.78683522
18412420.916536883
18413907.16619882
18415393.535830755
18416880.025442403
18418366.635043383
18419853.36464341
18421340.214252207
18422827.183879398
18424314.273534693
18425801.483227793
18427288.812968418
18428776.262766182
18430263.832630858
18431751.52257206
18433239.332599513
18434727.262722917
18436215.312952
18437703.483296383
18439191.773765836
18440680.18436998
18442168.715118553
18443657.36602125
18445146.13708781
18446635.028327852
18448124.039751157
18449613.17136735
18451102.42318617
18452591.79521732
18454081.287470542
18455570.89995546
18457060.63268186
18458550.485659372
18460040.458897736
18461530.552406665
18463020.7661959
18464511.10027508
18466001.554653987
18467492.129342258
18468982.824349638
18470473.639685843
18471964.57536062
18473455.631383613
18474946.807764605
18476438.104513243
18477929.521639273
18479421.05915242
18480912.717062436
18482404.49537896
18483896.394111753
18485388.413270574
18486880.552865066
18488372.812904987
18489865.1934001
18491357.69436005
18492850.315794606
18494343.05771352
18495835.920126446
18497328.903043147
18498822.006473392
18500315.230426833
18501808.57491323
18503302.039942358
18504795.625523865
18506289.331667524
18507783.158383064
18509277.105680257
18510771.173568763
18512265.362058386
18513759.67115879
18515254.100879747
18516748.651230995
18518243.322222307
18519738.11386335
18521233.02616393
18522728.059133716
18524223.212782484
18525718.48711998
18527213.88215598
18528709.39790015
18530205.034362312
18531700.791552138
18533196.669479404
18534692.668153856
18536188.787585285
18537685.027783357
18539181.3887579
18540677.870518584
18542174.4730752
18543671.196437493
18545168.04061526
18546665.00561817
18548162.09145606
18549659.2981386
18551156.625675585
18552654.07407677
18554151.643351957
18555649.333510816
18557147.144563183
18558645.076518748
18560143.129387297
18561641.3031786
18563139.59790245
18564638.013568535
18566136.550186653
18567635.207766607
18569133.98631809
18570632.885850895
18572131.906374834
18573631.047899593
18575130.310434975
18576629.693990793
18578129.198576733
18579628.82420261
18581128.570878185
18582628.438613273
18584128.42741757
18585628.537300922
18587128.76827303
18588629.120343704
18590129.59352272
18591630.187819887
18593130.903244916
18594631.73980765
18596132.697517797
18597633.776385173
18599134.976419557
18600636.297630765
18602137.740028508
18603639.303622644
18605140.988422874
18606642.794439025
18608144.721680876
18609646.770158257
18611148.939880878
18612651.230858594
18614153.643101126
18615656.176618293
18617158.831419893
18618661.60751574
18620164.504915565
18621667.523629226
18623170.663666442
18624673.92503704
18626177.307750825
18627680.811817616
18629184.437247142
18630688.184049275
18632192.052233733
18633696.041810352
18635200.15278893
18636704.385179307
18638208.73899121
18639713.21423447
18641217.810918935
18642722.529054325
18644227.36865049
18645732.32971726
18647237.412264377
18648742.616301678
18650247.94183901
18651753.3888861
18653258.9574528
18654764.647548914
18656270.459184296
18657776.392368674
18659282.447111942
18660788.62342383
18662294.921314195
18663801.340792846
18665307.881869636
18666814.544554304
18668321.328856748
18669828.234786704
18671335.262354027
18672842.411568537
18674349.68244009
18675857.074978437
18677364.589193463
18678872.225094926
18680379.982692678
18681887.861996546
18683395.86301639
18684903.985761963
18686412.23024316
18687920.596469738
18689429.084451556
18690937.694198452
18692446.425720282
18693955.279026806
18695464.254127927
18696973.351033404
18698482.569753103
18699991.910296857
18701501.372674543
18703010.956895918
18704520.662970886
18706030.490909215
18707540.440720774
18709050.51241541
18710560.706002988
18712071.021493275
18713581.458896153
18715092.018221494
18716602.69947907
18718113.50267876
18719624.427830443
18721135.474943887
18722646.644028977
18724157.935095593
18725669.348153513
18727180.88321261
18728692.540282782
18730204.319373794
18731716.220495533
18733228.243657894
18734740.38887065
18736252.656143684
18737765.045486856
18739277.556910057
18740790.19042306
18742302.946035802
18743815.823758062
18745328.823599733
18746841.94557067
18748355.189680774
18749868.555939827
18751382.04435776
18752895.654944368
18754409.38770954
18755923.24266314
18757437.21981508
18758951.31917513
18760465.540753245
18761979.884559207
18763494.350602925
18765008.93889426
18766523.649443123
18768038.482259307
18769553.437352754
18771068.51473326
18772583.71441073
18774099.036395043
18775614.480696104
18777130.047323715
18778645.736287825
18780161.547598228
18781677.48126484
18783193.537297543
18784709.715706248
18786226.016500756
18787742.439690985
18789258.985286854
18790775.653298166
18792292.443734843
18793809.356606804
18795326.391923852
18796843.549695916
18798360.829932913
18799878.232644655
18801395.75784106
18802913.405532066
18804431.17572747
18805949.06843721
18807467.08367121
18808985.22143928
18810503.481751353
18812021.864617318
18813540.37004711
18815058.998050544
18816577.748637587
18818096.621818062
18819615.6176019
18821134.735999
18822653.977019295
18824173.340672612
18825692.82696892
18827212.435918044
18828732.167529926
18830252.02181446
18831771.998781595
18833292.098441157
18834812.320803117
18836332.665877312
18837853.133673683
18839373.724202134
18840894.43747261
18842415.27349495
18843936.23227913
18845457.313834988
18846978.518172465
18848499.845301483
18850021.295231983
18851542.867973804
18853064.56353694
18854586.38193122
18856108.323166605
18857630.387253005
18859152.57420038
18860674.884018566
18862197.31671756
18863719.872307207
18865242.55079746
18866765.352198243
18868288.27651951
18869811.323771115
18871334.493963018
18872857.787105173
18874381.203207437
18875904.742279768
18877428.40433213
18878952.18937438
18880476.097416475
18882000.12846839
18883524.282539975
18885048.559641194
18886572.959781986
18888097.482972313
18889622.129222035
18891146.898541164
18892671.79093955
18894196.806427177
18895721.945013974
18897247.206709914
18898772.59152486
18900298.099468835
18901823.730551686
18903349.484783404
18904875.362173922
18906401.362733223
18907927.48647117
18909453.733397786
18910980.103522934
18912506.5968566
18914033.21340873
18915559.95318931
18917086.816208206
18918613.80247544
18920140.912000895
18921668.144794546
18923195.50086635
18924722.980226297
18926250.58288426
18927778.30885027
18929306.1581342
18930834.130746044
18932362.22669576
18933890.44599334
18935418.788648665
18936947.254671767
18938475.84407253
18940004.556860946
18941533.393046983
18943062.352640636
18944591.43565179
18946120.642090444
18947649.971966602
18949179.42529015
18950709.00207109
18952238.702319425
18953768.52604505
18955298.473257963
18956828.54396818
18958358.73818558
18959889.055920184
18961419.497181952
18962950.0619809
18964480.75032692
18966011.56223006
18967542.497700226
18969073.556747418
18970604.73938162
18972136.045612838
18973667.47545098
18975199.0289061
18976730.705988094
18978262.506706987
18979794.43107275
18981326.47909541
18982858.650784865
18984390.946151182
18985923.36520426
18987455.907954127
18988988.574410763
18990521.364584193
18992054.27848433
18993587.31612124
18995120.477504823
18996653.762645118
18998187.171552107
18999720.704235826
19001254.36070618
19002788.140973248
19004322.04504694
19005856.072937287
19007390.224654287
19008924.500207976
19010458.899608266
19011993.422865234
19013528.069988802
19015062.84098901
19016597.73587585
19018132.754659362
19019667.897349473
19021203.163956225
19022738.554489657
19024274.06895969
19025809.707376376
19027345.469749752
19028881.356089752
19030417.366406415
19031953.500709787
19033489.759009805
19035026.141316514
19036562.64763996
19038099.27799008
19039636.03237692
19041172.910810534
19042709.913300857
19044247.03985794
19045784.2904918
19047321.66521249
19048859.164029952
19050396.786954273
19051934.5339954
19053472.40516339
19055010.400468256
19056548.519920066
19058086.76352876
19059625.131304435
19061163.62325704
19062702.239396635
19064240.979733247
19065779.844276935
19067318.833037652
19068857.946025502
19070397.18325043
19071936.544722512
19073476.030451767
19075015.640448272
19076555.374721978
19078095.23328299
19079635.216141272
19081175.323306885
19082715.55478987
19084255.9106003
19085796.390748136
19087336.995243482
19088877.72409631
19090418.577316687
19091959.554914657
19093500.656900298
19095041.883283574
19096583.2340746
19098124.709283344
19099666.308919888
19101208.032994274
19102749.881516587
19104291.854496792
19105833.951944977
19107376.173871227
19108918.520285513
19110460.99119792
19112003.58661854
19113546.306557342
19115089.15102442
19116632.12002986
19118175.213583637
19119718.43169585
19121261.774376545
19122805.24163582
19124348.83348366
19125892.54993019
19127436.39098539
19128980.35665936
19130524.44696216
19132068.661903888
19133613.001494527
19135157.465744216
19136702.054662943
19138246.768260803
19139791.60654787
19141336.56953424
19142881.6572299
19144426.869645
19145972.206789527
19147517.66867359
19149063.255307253
19150608.966700632
19152154.802863713
19153700.76380665
19155246.849539433
19156793.060072176
19158339.395414952
19159885.85557788
19161432.44057095
19162979.15040432
19164525.985087987
19166072.944632072
19167620.02904665
19169167.23834184
19170714.572527647
19172262.03161423
19173809.615611587
19175357.324529845
19176905.15837909
19178453.11716944
19180001.200910904
19181549.409613606
19183097.743287675
19184646.201943118
19186194.785590064
19187743.49423864
19189292.32789886
19190841.286580853
19192390.370294746
19193939.57905056
19195488.912858427
19197038.371728435
19198587.95567072
19200137.664695304
19201687.49881236
19203237.458031908
19204787.54236408
19206337.75181898
19207888.086406745
19209438.5461374
19210989.131021123
19212539.84106794
19214090.67628799
19215641.636691377
19217192.72228825
19218743.93308863
19220295.269102708
19221846.730340503
19223398.316812176
19224950.028527822
19226501.8654976
19228053.82773154
19229605.91523983
19231158.1280325
19232710.46611971
19234262.92951157
19235815.51821823
19237368.232249733
19238921.07161627
19240474.036327884
19242027.126394726
19243580.34182692
19245133.68263462
19246687.148827873
19248240.740416873
19249794.45741167
19251348.29982242
19252902.267659247
19254456.36093232
19256010.57965168
19257564.923827495
19259119.39346993
19260673.988589037
19262228.70919498
19263783.55529793
19265338.526907936
19266893.62403517
19268448.8466898
19270004.194881886
19271559.6686216
19273115.26791911
19274670.992784474
19276226.84322787
19277782.819259472
19279338.92088934
19280895.14812765
19282451.500984542
19284007.979470197
19285564.583594672
19287121.313368194
19288678.168800823
19290235.14990274
19291792.25668409
19293349.48915506
19294906.847325716
19296464.33120628
19298021.940806825
19299579.676137533
19301137.537208557
19302695.52403009
19304253.63661219
19305811.874965105
19307370.239098895
19308928.72902376
19310487.34474985
19312046.086287357
19313604.95364636
19315163.9468371
19316723.065869648
19318282.310754206
19319841.681500927
19321401.178120013
19322960.800621547
19324520.549015768
19326080.423312757
19327640.423522722
19329200.54965582
19330760.80172226
19332321.179732125
19333881.68369562
19335442.31362296
19337003.069524225
19338563.951409623
19340124.95928937
19341686.093173545
19343247.35307237
19344808.738996055
19346370.250954688
19347931.888958488
19349493.653017662
19351055.543142315
19352617.559342656
19354179.701628905
19355741.970011156
19357304.364499632
19358866.885104507
19360429.531836007
19361992.30470423
19363555.203719437
19365118.22889173
19366681.380231336
19368244.65774844
19369808.06145326
19371371.591355905
19372935.247466646
19374499.029795587
19376062.938352954
19377626.973148942
19379191.134193774
19380755.421497565
19382319.835070588
19383884.374922954
19385449.041064896
19387013.833506607
19388578.75225832
19390143.797330156
19391708.968732387
19393274.266475137
19394839.690568637
19396405.241023086
19397970.917848732
19399536.721055686
19401102.650654234
19402668.7066545
19404234.889066726
19405801.19790111
19407367.633167908
19408934.194877237
19410500.883039385
19412067.69766448
19413634.638762772
19415201.706344467
19416768.900419816
19418336.22099895
19419903.66809212
19421471.24170958
19423038.941861458
19424606.768558014
19426174.7218095
19427742.801626045
19429311.008017916
19430879.340995368
19432447.800568532
19434016.386747673
19435585.09954301
19437153.938964803
19438722.90502319
19440291.99772848
19441861.217090808
19443430.563120443
19445000.035827607
19446569.63522257
19448139.36131547
19449709.21411662
19451279.19363617
19452849.299884386
19454419.532871492
19455989.892607767
19457560.37910336
19459130.992368575
19460701.73241358
19462272.599248633
19463843.592883978
19465414.71332989
19466985.960596517
19468557.334694184
19470128.83563305
19471700.46342339
19473272.218075443
19474844.099599488
19476416.108005688
19477988.243304368
19479560.505505685
19481132.894619927
19482705.41065734
19484278.0536282
19485850.82354268
19487423.72041111
19488996.74424365
19490569.895050593
19492143.17284219
19493716.577628724
19495290.109420374
19496863.768227432
19498437.554060183
19500011.466928806
19501585.506843593
19503159.67381484
19504733.967852723
19506308.388967544
19507882.93716959
19509457.612469047
19511032.414876215
19512607.34440135
19514182.401054755
19515757.58484661
19517332.895787258
19518908.333886884
19520483.899155796
19522059.59160425
19523635.41124256
19525211.35808091
19526787.432129644
19528363.633398954
19529939.96189915
19531516.4176405
19533093.000633314
19534669.71088779
19536246.54841427
19537823.51322296
19539400.605324164
19540977.82472816
19542555.171445265
19544132.645485677
19545710.24685975
19547287.975577686
19548865.831649803
19550443.815086376
19552021.925897732
19553600.164094076
19555178.529685758
19556757.02268299
19558335.6430961
19559914.390935365
19561493.26621111
19563072.26893355
19564651.399113048
19566230.65675981
19567810.04188417
19569389.55449641
19570969.194606874
19572548.96222576
19574128.857363407
19575708.88003015
19577289.0302362
19578869.307991892
19580449.713307563
19582030.246193428
19583610.906659827
19585191.694717094
19586772.610375457
19588353.653645243
19589934.824536804
19591516.123060357
19593097.549226243
19594679.10304481
19596260.784526277
19597842.593680993
19599424.530519262
19601006.595051426
19602588.787287723
19604171.10723853
19605753.554914087
19607336.130324736
19608918.83348079
19610501.664392598
19612084.6230704
19613667.709524583
19615250.92376538
19616834.26580315
19618417.735648207
19620001.33331091
19621585.05880149
19623168.912130352
19624752.89330773
19626337.00234399
19627921.23924945
19629505.60403447
19631090.096709292
19632674.717284318
19634259.465769798
19635844.342176095
19637429.346513532
19639014.478792477
19640599.739023175
19642185.12721604
19643770.643381316
19645356.287529375
19646942.059670545
19648527.959815204
19650113.9879736
19651700.144156147
19653286.428373095
19654872.840634827
19656459.380951673
19658046.04933401
19659632.845792096
19661219.77033631
19662806.822977036
19664394.003724523
19665981.31258916
19667568.749581326
19669156.314711284
19670744.007989418
19672331.82942611
19673919.779031627
19675507.85681635
19677096.062790632
19678684.39696486
19680272.8593493
19681861.44995438
19683450.16879037
19685039.01586766
19686627.99119661
19688217.0947876
19689806.326650914
19691395.68679698
19692985.175236076
19694574.791978598
19696164.537034895
19697754.410415374
19699344.41213031
19700934.542190142
19702524.80060515
19704115.187385734
19705705.702542257
19707296.34608512
19708887.11802461
19710478.01837117
19712069.047135077
19713660.204326745
19715251.489956543
19716842.90403487
19718434.446572024
19720026.117578447
19721617.91706443
19723209.845040385
19724801.901516683
19726394.086503737
19727986.400011845
19729578.842051454
19731171.41263286
19732764.111766484
19734356.939462695
19735949.89573192
19737542.98058445
19739136.194030706
19740729.53608111
19742323.006745964
19743916.606035683
19745510.333960697
19747104.190531306
19748698.175757933
19750292.289651006
19751886.532220833
19753480.903477833
19755075.4034324
19756670.032094963
19758264.789475825
19759859.675585464
19761454.690434184
19763049.83403242
19764645.106390566
19766240.50751905
19767836.037428197
19769431.696128473
19771027.483630195
19772623.399943803
19774219.44507969
19775815.6190483
19777411.921859954
19779008.35352512
19780604.914054133
19782201.60345743
19783798.42174541
19785395.36892852
19786992.445017084
19788589.650021587
19790186.983952355
19791784.446819834
19793382.038634434
19794979.759406604
19796577.60914667
19798175.587865125
19799773.695572298
19801371.932278644
19802970.297994573
19804568.79273054
19806167.41649688
19807766.169304088
19809365.051162496
19810964.062082566
19812563.202074718
19814162.471149404
19815761.86931697
19817361.39658787
19818961.05297257
19820560.838481408
19822160.75312485
19823760.796913363
19825360.969857287
19826961.271967083
19828561.70325323
19830162.26372606
19831762.953396052
19833363.77227367
19834964.720369264
19836565.79769331
19838167.00425627
19839768.3400685
19841369.805140477
19842971.39948263
19844573.123105437
19846174.97601925
19847776.958234586
19849379.069761805
19850981.310611386
19852583.680793762
19854186.180319417
19855788.80919871
19857391.567442164
19858994.45506014
19860597.47206312
19862200.61846155
19863803.894265916
19865407.29948658
19867010.834134072
19868614.498218756
19870218.291751124
19871822.21474162
19873426.26720074
19875030.449138846
19876634.76056648
19878239.201494005
19879843.77193192
19881448.47189068
19883053.301380776
19884658.260412585
19886263.348996647
19887868.567143332
19889473.914863143
19891079.39216654
19892684.99906402
19894290.735565968
19895896.601682924
19897502.597425267
19899108.722803503
19900714.977828097
19902321.362509552
19903927.876858257
19905534.52088472
19907141.29459944
19908748.198012814
19910355.231135346
19911962.39397755
19913569.686549816
19915177.108862653
19916784.660926577
19918392.34275198
19920000.154349376
19921608.095729243
19923216.166902095
19924824.367878325
19926432.6986685
19928041.15928301
19929649.749732375
19931258.470027078
19932867.32017764
19934476.300194465
19936085.410088114
19937694.64986899
19939304.019547615
19940913.51913448
19942523.148640107
19944132.908074904
19945742.79744944
19947352.816774122
19948962.96605948
19950573.245316006
19952183.65455423
19953794.193784565
19955404.86301758
19957015.662263695
19958626.59153344
19960237.650837313
19961848.84018585
19963460.159589466
19965071.60905874
19966683.188604098
19968294.898236066
19969906.737965155
19971518.707801905
19973130.807756733
19974743.03784023
19976355.39806281
19977967.88843503
19979580.508967385
19981193.259670425
19982806.14055458
19984419.151630398
19986032.292908426
19987645.564399093
19989258.96611295
19990872.49806055
19992486.16025233
19994099.95269883
19995713.87541062
19997327.928398125
19998942.111671902
20000556.425242472
20002170.86912039
20003785.44331609
20005400.14784018
20007014.982703093
20008629.94791539
20010245.043487597
20011860.26943028
20013475.625753872
20015091.112468984
20016706.72958606
20018322.477115665
20019938.355068326
20021554.363454614
20023170.502284974
20024786.77157002
20026403.171320196
20028019.701546073
20029636.36225819
20031253.153467115
20032870.075183302
20034487.127417367
20036104.310179766
20037721.62348107
20039339.06733182
20040956.6417426
20042574.346723855
20044192.182286218
20045810.148440138
20047428.245196205
20049046.472564958
20050664.83055698
20052283.31918274
20053901.93845285
20055520.68837779
20057139.568968136
20058758.580234442
20060377.72218729
20061996.994837157
20063616.398194626
20065235.932270292
20066855.59707462
20068475.39261821
20070095.318911653
20071715.375965424
20073335.563790113
20074955.882396318
20076576.33179452
20078196.911995314
20079817.623009298
20081438.464846946
20083059.43751887
20084680.54103566
20086301.775407802
20087923.1406459
20089544.636760514
20091166.26376225
20092788.021661595
20094409.910469193
20096031.930195533
20097654.08085122
20099276.362446822
20100898.774992954
20102521.3185001
20104143.992978916
20105766.79843989
20107389.734893635
20109012.80235073
20110636.000821784
20112259.330317296
20113882.79084792
20115506.382424153
20117130.105056614
20118753.95875588
20120377.94353258
20122002.0593972
20123626.30636041
20125250.68443271
20126875.193624724
20128499.833947036
20130124.60541027
20131749.508024935
20133374.541801695
20134999.706751052
20136625.002883643
20138250.430210054
20139875.988740914
20141501.678486735
20143127.499458145
20144753.45166578
20146379.535120156
20148005.749831904
20149632.095811658
20151258.573069934
20152885.18161737
20154511.921464607
20156138.792622156
20157765.795100663
20159392.928910766
20161020.194062985
20162647.59056796
20164275.118436344
20165902.777678646
20167530.568305522
20169158.49032757
20170786.543755442
20172414.72859966
20174043.044870913
20175671.492579732
20177300.071736768
20178928.782352626
20180557.624437965
20182186.59800331
20183815.703059357
20185444.93961664
20187074.30768581
20188703.80727749
20190333.438402332
20191963.20107087
20193593.095293812
20195223.121081688
20196853.278445162
20198483.567394853
20200113.987941425
20201744.54009542
20203375.223867536
20205006.039268322
20206636.986308444
20208268.06499853
20209899.27534924
20211530.617371123
20213162.091074895
20214793.696471095
20216425.4335704
20218057.302383438
20219689.302920885
20221321.435193285
20222953.699211363
20224586.094985668
20226218.622526873
20227851.281845614
20229484.072952576
20231116.995858308
20232750.05057349
20234383.237108808
20236016.555474818
20237650.0056822
20239283.587741643
20240917.3016637
20242551.14745906
20244185.125138413
20245819.234712314
20247453.476191457
20249087.849586487
20250722.354908094
20252356.992166847
20253991.76137347
20255626.662538543
20257261.69567275
20258896.86078675
20260532.157891233
20262167.58699677
20263803.148114108
20265438.841253806
20267074.666426573
20268710.62364306
20270346.71291397
20271982.934249885
20273619.28766154
20275255.773159515
20276892.390754517
20278529.1404572
20280166.022278283
20281803.03622834
20283440.182318117
20285077.4605582
20286714.870959297
20288352.41353208
20289990.088287253
20291627.895235404
20293265.83438729
20294903.9057535
20296542.109344747
20298180.4451717
20299818.91324508
20301457.513575472
20303096.246173643
20304735.11105018
20306374.10821581
20308013.237681203
20309652.499457084
20311291.893554047
20312931.419982817
20314571.078754116
20316210.869878545
20317850.79336683
20319490.849229697
20321131.037477743
20322771.3581217
20324411.8111723
20326052.39664014
20327693.114535954
20329333.96487043
20330974.947654307
20332616.06289818
20334257.31061284
20335898.690808885
20337540.203497052
20339181.848688044
20340823.626392588
20342465.536621302
20344107.579384968
20345749.754694197
20347392.06255973
20349034.502992272
20350677.076002564
20352319.78160122
20353962.61979903
20355605.590606607
20357248.694034707
20358891.93009403
20360535.298795328
20362178.800149214
20363822.43416649
20365466.200857777
20367110.100233823
20368754.132305343
20370398.297083087
20372042.59457769
20373687.02479994
20375331.587760467
20376976.283470035
20378621.111939356
20380266.073179185
20381911.16720016
20383556.39401308
20385201.75362858
20386847.24605743
20388492.871310335
20390138.62939807
20391784.52033127
20393430.544120703
20395076.700777132
20396722.990311198
20398369.41273367
20400015.968055315
20401662.65628678
20403309.477438834
20404956.431522246
20406603.51854767
20408250.738525867
20409898.09146762
20411545.577383574
20413193.196284506
20414840.948181193
20416488.833084285
20418136.851004563
20419785.00195276
20421433.28593966
20423081.702975914
20424730.253072347
20426378.93623962
20428027.75248851
20429676.70182976
20431325.78427416
20432974.999832366
20434624.348515213
20436273.830333352
20437923.44529758
20439573.193418644
20441223.074707333
20442873.08917431
20444523.236830413
20446173.517686307
20447823.931752786
20449474.4790406
20451125.15956055
20452775.973323304
20454426.920339704
20456078.000620414
20457729.21417624
20459380.56101794
20461032.041156318
20462683.65460204
20464335.40136596
20465987.281458743
20467639.29489121
20469291.44167411
20470943.721818257
20472596.135334328
20474248.682233177
20475901.36252548
20477554.176222052
20479207.123333663
20480860.20387112
20482513.417845108
20484166.765266445
20485820.24614594
20487473.860494286
20489127.608322293
20490781.489640784
20492435.504460447
20494089.6527921
20495743.93464656
20497398.350034527
20499052.89896682
20500707.581454214
20502362.397507533
20504017.34713748
20505672.430354916
20507327.64717054
20508982.99759518
20510638.48163962
20512294.09931469
20513949.85063109
20515605.735599693
20517261.754231203
20518917.906536452
20520574.192526225
20522230.612211365
20523887.16560257
20525543.85271072
20527200.67354653
20528857.62812083
20530514.716444414
20532171.938528128
20533829.29438268
20535486.784018952
20537144.40744766
20538802.164679643
20540460.055725705
20542118.08059669
20543776.239303313
20545434.531856462
20547092.958266858
20548751.518545352
20550410.21270274
20552069.04074988
20553728.00269749
20555387.098556466
20557046.32833753
20558705.692051537
20560365.1897093
20562024.821321666
20563684.58689937
20565344.486453265
20567004.519994207
20568664.687532928
20570324.989080288
20571985.42464714
20573645.99424423
20575306.697882406
20576967.53557254
20578628.507325362
20580289.613151737
20581950.853062492
20583612.227068484
20585273.73518046
20586935.377409328
20588597.153765827
20590259.064260826
20591921.108905155
20593583.287709683
20595245.600685157
20596908.04784249
20598570.62919243
20600233.34474585
20601896.19451358
20603559.178506505
20605222.296735365
20606885.54921109
20608548.93594442
20610212.456946243
20611876.112227395
20613539.90179876
20615203.825671088
20616867.883855306
20618532.076362174
20620196.403202575
20621860.864387352
20623525.45992739
20625190.189833455
20626855.05411647
20628520.052787203
20630185.185856543
20631850.453335337
20633515.855234478
20635181.391564734
20636847.062337037
20638512.867562156
20640178.807250984
20641844.88141438
20643511.09006324
20645177.43320833
20646843.910860553
20648510.52303081
20650177.26972987
20651844.15096864
20653511.16675802
20655178.317108784
20656845.60203184
20658513.021538086
20660180.57563831
20661848.26434341
20663516.087664302
20665184.04561176
20666852.138196703
20668520.36543003
20670188.727322534
20671857.223885123
20673525.85512867
20675194.62106408
20676863.52170215
20678532.557053838
20680201.727129932
20681871.031941343
20683540.471498955
20685210.045813683
20686879.754896324
20688549.598757833
20690219.577409014
20691889.69086078
20693559.93912402
20695230.322209656
20696900.840128485
20698571.49289148
20700242.28050943
20701913.202993274
20703584.260353897
20705255.452602223
20706926.779749054
20708598.241805375
20710269.83878198
20711941.57068981
20713613.43753975
20715285.439342737
20716957.57610958
20718629.84785126
20720302.254578587
20721974.796302497
20723647.47303389
20725320.284783702
20726993.231562752
20728666.313381977
20730339.530252323
20732012.882184606
20733686.369189773
20735359.99127876
20737033.748462398
20738707.640751626
20740381.6681574
20742055.830690533
20743730.128361978
20745404.56118269
20747079.12916349
20748753.832315326
20750428.67064916
20752103.644175813
20753778.752906244
20755453.996851366
20757129.37602213
20758804.890429378
20760480.5400841
20762156.324997135
20763832.245179437
20765508.300641935
20767184.49139558
20768860.817451216
20770537.278819848
20772213.875512313
20773890.607539576
20775567.474912558
20777244.47764223
20778921.615739435
20780598.889215183
20782276.298080318
20783953.842345804
20785631.522022583
20787309.337121617
20788987.287653755
20790665.373630017
20792343.59506125
20794021.951958433
20795700.44433249
20797379.072194416
20799057.835555047
20800736.734425414
20802415.76881637
20804094.938738894
20805774.244203925
20807453.68522245
20809133.261805326
20810812.973963577
20812492.821708065
20814172.805049773
20815852.923999652
20817533.178568687
20819213.568767745
20820894.094607808
20822574.756099876
20824255.553254806
20825936.486083597
20827617.554597244
20829298.75880661
20830980.09872269
20832661.574356485
20834343.185718864
20836024.932820823
20837706.81567332
20839388.83428736
20841070.988673814
20842753.278843723
20844435.704807963
20846118.26657754
20847800.96416342
20849483.797576603
20851166.766827967
20852849.871928565
20854533.11288928
20856216.489721112
20857900.00243504
20859583.651042067
20861267.435553078
20862951.355979133
20864635.412331115
20866319.604620036
20868003.932856873
20869688.397052642
20871372.99721823
20873057.733364698
20874742.605502937
20876427.61364397
20878112.75779877
20879798.037978362
20881483.45419364
20883169.00645567
20884854.69477535
20886540.519163705
20888226.479631715
20889912.576190412
20891598.80885069
20893285.177623626
20894971.682520118
20896658.323551197
20898345.100727852
20900032.01406112
20901719.063561898
20903406.249241225
20905093.571110137
20906781.02917954
20908468.623460468
20910156.353963964
20911844.220700935
20913532.223682422
20915220.362919465
20916908.638422977
20918597.050203998
20920285.598273534
20921974.282642625
20923663.103322186
20925352.06032331
20927041.153656907
20928730.383334037
20930419.749365695
20932109.251762938
20933798.89053668
20935488.66569802
20937178.577257883
20938868.625227317
20940558.809617337
20942249.130438995
20943939.58770322
20945630.181421112
20947320.911603596
20949011.778261736
20950702.78140654
20952393.921049077
20954085.197200276
20955776.60987124
20957468.159072902
20959159.844816327
20960851.66711254
20962543.625972606
20964235.72140746
20965927.95342821
20967620.3220458
20969312.827271294
20971005.469115723
20972698.247590158
20974391.162705544
20976084.21447299
20977777.402903445
20979470.72800798
20981164.189797632
20982857.788283475
20984551.523476455
20986245.395387653
20987939.404028147
20989633.549408887
20991327.831540953
20993022.25043543
20994716.80610327
20996411.498555556
20998106.32780337
20999801.29385767
21001496.396729544
21003191.636430077
21004887.012970224
21006582.52636108
21008278.176613733
21009973.96373914
21011669.8877484
21013365.948652558
21015062.146462705
21016758.48118981
21018454.952845007
21020151.56143927
21021848.306983683
21023545.189489312
21025242.208967254
21026939.365428474
21028636.658884123
21030334.089345165
21032031.656822708
21033729.36132781
21035427.20287157
21037125.18146497
21038823.29711916
21040521.549845114
21042219.93965394
21043918.4665567
21045617.13056451
21047315.931688346
21049014.869939364
21050713.94532855
21052413.15786701
21054112.50756582
21055811.99443609
21057511.61848881
21059211.37973514
21060911.278186064
21062611.3138527
21064311.486746132
21066011.796877477
21067712.24425772
21069412.82889803
21071113.550809406
21072814.41000296
21074515.406489786
21076216.540281
21077917.811387602
21079619.219820723
21081320.765591484
21083022.44871089
21084724.26919007
21086426.22704015
21088128.32227214
21089830.554897167
21091532.924926367
21093235.432370745
21094938.077241436
21096640.85954953
21098343.77930617
21100046.83652236
21101750.031209283
21103453.36337795
21105156.8330395
21106860.440205038
21108564.184885696
21110268.067092493
21111972.086836617
21113676.244129088
21115380.538981043
21117084.97140359
21118789.54140788
21120494.249004927
21122199.094205923
21123904.077021897
21125609.197463993
21127314.455543324
21129019.85127104
21130725.38465817
21132431.055715907
21134136.864455283
21135842.810887452
21137548.89502353
21139255.11687467
21140961.476451907
21142667.973766442
21144374.608829312
21146081.381651677
21147788.292244654
21149495.340619408
21151202.526786976
21152909.850758564
21154617.312545214
21156324.91215809
21158032.649608318
21159740.524907067
21161448.53806538
21163156.689094428
21164864.97800538
21166573.40480928
21168281.969517305
21169990.672140624
21171699.51269029
21173408.491177477
21175117.607613362
21176826.862008993
21178536.25437555
21180245.784724172
21181955.453066036
21183665.2594122
21185375.203773882
21187085.286162145
21188795.50658817
21190505.865063097
21192216.361598115
21193926.99620428
21195637.76889283
21197348.67967481
21199059.728561427
21200770.91556382
21202482.240693185
21204193.70396058
21205905.305377245
21207617.044954244
21209328.92270277
21211040.938633982
21212753.092759077
21214465.385089118
21216177.81563535
21217890.384408846
21219603.091420803
21221315.93668238
21223028.92020478
21224742.041999083
21226455.30207653
21228168.700448196
21229882.23712529
21231595.91211898
21233309.725440465
21235023.67710083
21236737.767111327
21238451.99548304
21240166.362227175
21241880.867354907
21243595.51087745
21245310.29280588
21247025.21315142
21248740.27192529
21250455.469138566
21252170.804802477
21253886.278928235
21255601.89152693
21257317.642609786
21259033.532188024
21260749.56027274
21262465.72687515
21264182.032006484
21265898.475677837
21267615.05790043
21269331.7786855
21271048.638044134
21272765.63598757
21274482.77252699
21276200.047673624
21277917.461438578
21279635.013833124
21281352.70486837
21283070.534555543
21284788.502905842
21286506.6099305
21288224.855640624
21289943.240047496
21291661.763162225
21293380.424996052
21295099.22556017
21296818.164865825
21298537.24292413
21300256.45974637
21301975.81534366
21303695.30972724
21305414.942908324
21307134.714898147
21308854.625707835
21310574.67534868
21312294.863831796
21314015.19116844
21315735.657369815
21317456.26244718
21319177.00641165
21320897.889274526
21322618.911046937
21324340.071740136
21326061.371365335
21327782.809933797
21329504.387456644
21331226.103945184
21332947.95941055
21334669.953863993
21336392.087316744
21338114.359780062
21339836.77126508
21341559.321783062
21343282.011345275
21345004.83996286
21346727.80764708
21348450.914409205
21350174.160260376
21351897.545211863
21353621.069274936
21355344.73246074
21357068.534780547
21358792.476245586
21360516.556867138
21362240.77665634
21363965.13562452
21365689.633782826
21367414.27114253
21369139.047714874
21370863.963511135
21372589.01854247
21374314.2128202
21376039.546355475
21377765.019159585
21379490.631243773
21381216.38261932
21382942.273297388
21384668.3032893
21386394.472606227
21388120.781259447
21389847.229260214
21391573.816619817
21393300.54334942
21395027.40946036
21396754.414963797
21398481.559871025
21400208.844193306
21401936.26794193
21403663.831128065
21405391.533763055
21407119.37585807
21408847.357424404
21410575.478473324
21412303.73901613
21414032.139063995
21415760.678628262
21417489.357720114
21419218.17635085
21420947.134531736
21422676.23227408
21424405.469589062
21426134.846487988
21427864.362982173
21429594.019082796
21431323.81480117
21433053.75014861
21434783.825136296
21436514.039775547
21438244.394077674
21439974.888053868
21441705.521715447
21443436.295073688
21445167.208139904
21446898.260925293
21448629.453441214
21450360.78569886
21452092.257709563
21453823.869484592
21455555.621035278
21457287.512372814
21459019.543508574
21460751.714453753
21462484.025219683
21464216.475817647
21465949.066258978
21467681.796554875
21469414.666716717
21471147.676755704
21472880.82668317
21474614.11651041
21476347.54624876
21478081.11590942
21479814.82550378
21481548.675043046
21483282.664538555
21485016.79400161
21486751.063443545
21488485.472875576
21490220.02230909
21491954.7117553
21493689.541225556
21495424.510731157
21497159.620283447
21498894.869893648
21500630.25957315
21502365.789333172
21504101.45918507
21505837.269140147
21507573.219209757
21509309.309405122
21511045.539737597
21512781.91021854
21514518.420859177
21516255.07167086
21517991.86266495
21519728.793852676
21521465.865245394
21523203.07685447
21524940.428691138
21526677.920766752
21528415.55309268
21530153.32568016
21531891.23854055
21533629.291685216
21535367.485125404
21537105.818872474
21538844.29293775
21540582.907332614
21542321.662068292
21544060.55715621
21545799.592607602
21547538.768433847
21549278.084646273
21551017.54125626
21552757.13827505
21554496.875714064
21556236.753584553
21557976.77189789
21559716.930665415
21561457.229898512
21563197.669608425
21564938.24980659
21566678.97050425
21568419.831712797
21570160.83344357
21571901.975707956
21573643.258517213
21575384.681882773
21577126.245815888
21578867.950327955
21580609.79543032
21582351.78113438
21584093.907451387
21585836.174392786
21587578.581969835
21589321.130193938
21591063.81907644
21592806.648628745
21594549.618862115
21596292.72978795
21598035.981417656
21599779.3737625
21601522.90683388
21603266.580643203
21605010.395201746
21606754.350520905
21608498.446612094
21610242.683486585
21611987.061155785
21613731.579631105
21615476.238923818
21617221.039045345
21618965.980007086
21620711.06182033
21622456.284496486
21624201.648046926
21625947.15248307
21627692.79781619
21629438.58405776
21631184.51121906
21632930.57931151
21634676.788346484
21636423.138335403
21638169.629289564
21639916.261220425
21641663.034139283
21643409.94805756
21645157.002986636
21646904.19893794
21648651.535922766
21650399.01395259
21652146.633038703
21653894.393192537
21655642.294425484
21657390.33674897
21659138.5201743
21660886.844712943
21662635.310376212
21664383.91717554
21666132.66512232
21667881.55422798
21669630.58450384
21671379.755961377
21673129.068611898
21674878.522466846
21676628.117537618
21678377.853835657
21680127.73137228
21681877.750158966
21683627.910207033
21685378.21152793
21687128.65413306
21688879.23803387
21690629.963241674
21692380.82976793
21694131.837624084
21695882.986821458
21697634.277371503
21699385.709285676
21701137.282575298
21702888.997251827
21704640.853326716
21706392.85081129
21708144.989717014
21709897.270055298
21711649.691837605
21713402.25507526
21715154.959779777
21716907.80596248
21718660.79363484
21720413.92280827
21722167.19349424
21723920.605704088
21725674.15944932
21727427.85474128
21729181.691591427
21730935.670011196
21732689.790012058
21734444.051605348
21736198.454802588
21737952.99961512
21739707.68605442
21741462.514131915
21743217.48385909
21744972.59524728
21746727.84830802
21748483.243052647
21750238.77949265
21751994.457639463
21753750.27750457
21755506.23909932
21757262.342435244
21759018.58752369
21760774.974376153
21762531.503004074
21764288.173418935
21766044.985632095
21767801.939655095
21769559.035499286
21771316.27317616
21773073.652697172
21774831.17407381
21776588.837317437
21778346.64243955
21780104.589451652
21781862.678365096
21783620.909191385
21785379.28194202
21787137.79662837
21788896.453261934
21790655.251854215
21792414.192416582
21794173.27496054
21795932.499497548
21797691.866039116
21799451.374596614
21801211.0251816
21802970.81780544
21804730.752479654
21806490.8292157
21808251.048025094
21810011.408919215
21811771.911909625
21813532.557007696
21815293.34422495
21817054.273572855
21818815.34506293
21820576.55870656
21822337.91451531
21824099.412500564
21825861.052673846
21827622.83504663
21829384.759630438
21831146.826436665
21832909.03547688
21834671.38676247
21836433.880304962
21838196.516115848
21839959.294206645
21841722.214588754
21843485.27727375
21845248.48227303
21847011.829598125
21848775.319260526
21850538.95127177
21852302.725643247
21854066.64238655
21855830.70151307
21857594.903034355
21859359.246961895
21861123.73330723
21862888.362081766
21864653.13329705
21866418.04696461
21868183.103095874
21869948.301702373
21871713.64279566
21873479.12638714
21875244.752488367
21877010.521110885
21878776.43226611
21880542.48596559
21882308.68222088
21884075.021043394
21885841.50244469
21887608.12643631
21889374.89302969
21891141.802236374
21892908.85406788
21894676.04853576
21896443.385651443
21898210.865426533
21899978.48787245
21901746.253000762
21903514.160822984
21905282.211350676
21907050.40459527
21908818.74056838
21910587.21928143
21912355.84074599
21914124.604973584
21915893.51197578
21917662.56176401
21919431.754349895
21921201.089744866
21922970.5679605
21924740.189008325
21926509.952899914
21928279.859646708
21930049.909260325
21931820.10175221
21933590.437133946
21935360.915417057
21937131.536613133
21938902.30073361
21940673.20779012
21942444.257794116
21944215.450757176
21945986.786690835
21947758.26560669
21949529.887516182
21951301.652430948
21953073.560362443
21954845.611322254
21956617.805321924
21958390.142373048
21960162.622487083
21961935.24567562
21963708.011950254
21965480.921322446
21967253.97380379
21969027.169405885
21970800.508140188
21972573.990018304
21974347.615051832
21976121.383252233
21977895.294631112
21979669.349200025
21981443.546970576
21983217.887954235
21984992.37216265
21986766.999607295
21988541.770299774
21990316.684251655
21992091.74147454
21993866.941979904
21995642.28577941
21997417.77288453
21999193.403306875
22000969.17705802
22002745.09414957
22004521.154593013
22006297.358400006
22008073.705582038
22009850.196150716
22011626.830117624
22013403.60749438
22015180.528292466
22016957.592523556
22018734.80019913
22020512.151330814
22022289.645930193
22024067.284008887
22025845.06557839
22027622.990650374
22029401.059236333
22031179.271347895
22032957.626996648
22034736.12619422
22036514.768952113
22038293.555282
22040072.485195383
22041851.558703896
22043630.77581913
22045410.13655272
22047189.640916176
22048969.28892113
22050749.080579225
22052529.015901964
22054309.094900988
22056089.317587946
22057869.683974337
22059650.194071814
22061430.847892016
22063211.64544646
22064992.58674679
22066773.671804607
22068554.900631566
22070336.273239177
22072117.789639134
22073899.449842963
22075681.253862306
22077463.201708782
22079245.29339404
22081027.5289296
22082809.908327166
22084592.431598257
22086375.098754536
22088157.909807615
22089940.864769157
22091723.96365068
22093507.206463903
22095290.59322035
22097074.12393168
22098857.798609518
22100641.617265526
22102425.57991124
22104209.68655837
22105993.937218454
22107778.331903156
22109562.870624106
22111347.553392973
22113132.380221296
22114917.351120796
22116702.466103006
22118487.725179605
22120273.128362224
22122058.675662544
22123844.3670921
22125630.20266262
22127416.182385653
22129202.306272876
22130988.574335925
22132774.98658649
22134561.543036107
22136348.24369647
22138135.088579264
22139922.07769604
22141709.211058483
22143496.488678284
22145283.910566997
22147071.476736315
22148859.187197924
22150647.041963384
22152435.041044384
22154223.184452627
22156011.472199667
22157799.904297203
22159588.480756927
22161377.201590408
22163166.066809338
22164955.076425377
22166744.230450228
22168533.528895453
22170322.971772797
22172112.559093837
22173902.290870268
22175692.16711376
22177482.18783601
22179272.3530486
22181062.662763275
22182853.116991613
22184643.715745322
22186434.45903607
22188225.34687557
22190016.3792754
22191807.556247316
22193598.877802897
22195390.343953863
22197181.954711884
22198973.710088678
22200765.61009583
22202557.6547451
22204349.844048075
22206142.17801648
22207934.656661987
22209727.279996324
22211520.04803108
22213312.960778024
22215106.018248744
22216899.220454972
22218692.56740839
22220486.059120726
22222279.695603576
22224073.476868667
22225867.402927734
22227661.473792374
22229455.689474326
22231250.049985316
22233044.55533695
22234839.20554096
22236634.00060909
22238428.940552935
22240224.025384244
22242019.25511475
22243814.629756063
22245610.149319924
22247405.813818075
22249201.623262126
22250997.577663824
22252793.67703487
22254589.921387006
22256386.310731847
22258182.84508119
22259979.524446648
22261776.34883997
22263573.318272863
22265370.432757083
22267167.692304242
22268965.09692615
22270762.646634415
22272560.3414408
22274358.18135702
22276156.166394826
22277954.29656585
22279752.57188189
22281550.992354576
22283349.55799567
22285148.26881689
22286947.124829996
22288746.126046624
22290545.27247858
22292344.5641375
22294144.001035146
22295943.583183248
22297743.310593575
22299543.183277756
22301343.201247614
22303143.364514783
22304943.67309104
22306744.126988105
22308544.72621777
22310345.47079166
22312146.360721607
22313947.396019246
22315748.576696366
22317549.902764693
22319351.374236014
22321152.991121974
22322954.753434356
22324756.661184944
22326558.714385383
22328360.913047466
22330163.257182978
22331965.746803567
22333768.381921027
22335571.162547145
22337374.088693578
22339177.160372112
22340980.3775945
22342783.740372535
22344587.248717874
22346390.90264236
22348194.70215765
22349998.647275545
22351802.738007795
22353606.974366203
22355411.35636243
22357215.884008322
22359020.557315547
22360825.37629591
22362630.340961166
22364435.451323118
22366240.707393445
22368046.109183993
22369851.65670643
22371657.349972576
22373463.188994184
22375269.17378307
22377075.304350913
22378881.58070956
22380688.002870705
22382494.570846148
22384301.284647662
22386108.14428707
22387915.14977605
22389722.30112646
22391529.59834999
22393337.041458458
22395144.63046364
22396952.36537736
22398760.2462113
22400568.272977337
22402376.445687152
22404184.764352575
22405993.228985388
22407801.839597415
22409610.596200354
22411419.498806033
22413228.54742628
22415037.742072795
22416847.082757406
22418656.56949195
22420466.20228812
22422275.981157757
22424085.9061127
22425895.97716464
22427706.19432543
22429516.557606846
22431327.067020744
22433137.72257882
22434948.524292964
22436759.472174887
22438570.566236425
22440381.806489382
22442193.192945603
22444004.7256168
22445816.40451487
22447628.22965152
22449440.201038595
22451252.318687912
22453064.582611315
22454876.992820524
22456689.549327437
22458502.25214377
22460315.101281382
22462128.09675208
22463941.238567725
22465754.52674004
22467567.961280927
22469381.542202108
22471195.269515447
22473009.143232763
22474823.16336592
22476637.329926636
22478451.64292683
22480266.102378234
22482080.708292708
22483895.460682075
22485710.35955821
22487525.40493284
22489340.596817885
22491155.93522508
22492971.420166295
22494787.051653363
22496602.829698157
22498418.75431241
22500234.82550801
22502051.043296825
22503867.4076906
22505683.918701217
22507500.576340552
22509317.38062035
22511134.331552498
22512951.429148875
22514768.673421234
22516586.064381454
22518403.602041423
22520221.28641289
22522039.117507752
22523857.095337886
22525675.21991505
22527493.49125114
22529311.909357995
22531130.47424751
22532949.185931444
22534768.04442174
22536587.04973015
22538406.201868575
22540225.500848863
22542044.94668292
22543864.539382502
22545684.27895956
22547504.16542586
22549324.198793296
22551144.37907373
22552964.706279073
22554785.180421084
22556605.80151172
22558426.56956275
22560247.484586086
22562068.546593584
22563889.75559716
22565711.111608587
22567532.614639822
22569354.264702644
22571176.061808962
22572998.00597065
22574820.09719962
22576642.335507654
22578464.720906716
22580287.253408585
22582109.933025185
22583932.75976839
22585755.73365012
22587578.854682162
22589402.122876488
22591225.538244877
22593049.100799263
22594872.81055152
22596696.667513583
22598520.67169724
22600344.82311442
22602169.121777054
22603993.567696933
22605818.160885993
22607642.901356168
22609467.78911925
22611292.824187182
22613118.006571896
22614943.33628519
22616768.813339002
22618594.43774523
22620420.20951581
22622246.128662545
22624072.195197426
22625898.409132257
22627724.770478986
22629551.279249504
22631377.93545576
22633204.73910957
22635031.69022292
22636858.78880762
22638686.034875624
22640513.42843884
22642340.96950921
22644168.658098556
22645996.49421888
22647824.47788199
22649652.60909985
22651480.887884364
22653309.314247496
22655137.88820106
22656966.60975707
22658795.478927337
22660624.495723832
22662453.660158467
22664282.97224321
22666112.43198988
22667942.03941049
22669771.794516873
22671601.697320994
22673431.747834772
22675261.94607018
22677092.292039048
22678922.785753395
22680753.427225053
22682584.216465995
22684415.15348815
22686246.238303494
22688077.470923863
22689908.851361234
22691740.37962758
22693572.055734754
22695403.879694726
22697235.85151948
22699067.971220855
22700900.23881084
22702732.654301416
22704565.21770443
22706397.929031864
22708230.788295664
22710063.795507815
22711896.950680166
22713730.253824756
22715563.70495343
22717397.304078188
22719231.05121097
22721064.946363773
22722898.98954845
22724733.180777043
22726567.520061415
22728402.007413555
22730236.642845422
22732071.42636901
22733906.357996184
22735741.43773899
22737576.66560929
22739412.04161909
22741247.565780345
22743083.238105062
22744919.05860511
22746755.02729254
22748591.144179218
22750427.409277156
22752263.822598316
22754100.384154715
22755937.093958218
22757773.952020887
22759610.9583546
22761448.11297137
22763285.41588316
22765122.867101997
22766960.466639753
22768798.214508492
22770636.1107201
22772474.1552866
22774312.348219953
22776150.689532198
22777989.17923521
22779827.81734101
22781666.603861637
22783505.538808964
22785344.622195028
22787183.854031853
22789023.234331332
22790862.763105493
22792702.440366365
22794542.266125847
22796382.240395967
22798222.363188762
22800062.634516124
22801903.054390095
22803743.62282271
22805584.339825865
22807425.2054116
22809266.219591916
22811107.382378843
22812948.693784285
22814790.15382034
22816631.762498904
22818473.51983203
22820315.425831705
22822157.48050999
22823999.683878783
22825842.035950184
22827684.5367361
22829527.18624859
22831369.98449965
22833212.931501333
22835056.027265556
22836899.271804422
22838742.665129844
22840586.20725388
22842429.898188543
22844273.73794589
22846117.726537835
22847961.863976493
22849806.150273785
22851650.58544177
22853495.169492465
22855339.902437933
22857184.784290105
22859029.815061092
22860874.99476282
22862720.323407356
22864565.801006727
22866411.427573
22868257.203118104
22870103.12765412
22871949.201193113
22873795.423747018
22875641.795327913
22877488.31594787
22879334.985618833
22881181.804352876
22883028.77216208
22884875.88905838
22886723.15505386
22888570.570160605
22890418.13439055
22892265.847755786
22894113.710268397
22895961.721940327
22897809.882783666
22899658.19281045
22901506.65203277
22903355.260462575
22905204.018112004
22907052.92499301
22908901.98111768
22910751.186498065
22912600.541146263
22914450.04507422
22916299.69829409
22918149.500817824
22919999.45265752
22921849.553825233
22923699.804333065
22925550.204192974
22927400.753417112
22929251.452017438
22931102.30000606
22932953.297395036
22934804.444196474
22936655.74042234
22938507.18608478
22940358.78119578
22942210.525767438
22944062.419811822
22945914.463341042
22947766.656367075
22949618.998902082
22951471.49095803
22953324.132547047
22955176.923681192
22957029.864372592
22958882.954633217
22960736.194475245
22962589.583910644
22964443.122951545
22966296.81161002
22968150.649898198
22970004.637828056
22971858.775411725
22973713.06266133
22975567.49958886
22977422.08620644
22979276.822526205
22981131.708560143
22982986.74432038
22984841.929819062
22986697.26506817
22988552.750079844
22990408.384866174
22992264.16943929
22994120.103811197
22995976.187994078
22997832.421999928
22999688.805840895
23001545.339529067
23003402.023076586
23005258.856495462
23007115.83979788
23008972.972995847
23010830.25610151
23012687.689126972
23014545.272084374
23016403.00498573
23018260.88784324
23020118.920668907
23021977.10347489
23023835.43627329
23025693.919076268
23027552.55189583
23029411.33474419
23031270.267633352
23033129.350575484
23034988.58358269
23036847.96666714
23038707.49984085
23040567.183116022
23042427.01650469
23044287.00001901
23046147.133671105
23048007.417473137
23049867.851437137
23051728.435575314
23053589.169899702
23055450.054422468
23057311.089155734
23059172.274111673
23061033.609302323
23062895.09473985
23064756.730436433
23066618.516404103
23068480.452655043
23070342.539201427
23072204.776055295
23074067.16322882
23075929.700734194
23077792.388583448
23079655.22678877
23081518.215362344
23083381.354316212
23085244.643662557
23087108.08341357
23088971.673581295
23090835.414177924
23092699.305215597
23094563.346706502
23096427.538662694
23098291.881096415
23100156.37401971
23102021.017444775
23103885.811383765
23105750.75584887
23107615.850852147
23109481.096405845
23111346.49252202
23113212.03921287
23115077.73649056
23116943.58436728
23118809.582855094
23120675.73196626
23122542.031712838
23124408.482107032
23126275.083161008
23128141.834886968
23130008.737296987
23131875.790403318
23133742.994218033
23135610.34875334
23137477.85402141
23139345.510034457
23141213.31680455
23143081.27434396
23144949.382664755
23146817.64177916
23148686.05169934
23150554.612437524
23152423.324005783
23154292.186416343
23156161.199681427
23158030.36381312
23159899.678823642
23161769.144725226
23163638.76152995
23165508.529250044
23167378.447897743
23169248.51748513
23171118.738024436
23172989.109527893
23174859.632007595
23176730.305475775
23178601.129944667
23180472.105426367
23182343.23193311
23184214.50947709
23186085.93807054
23187957.517725565
23189829.248454448
23191701.13026929
23193573.163182337
23195445.34720578
23197317.682351872
23199190.168632712
23201062.806060594
23202935.594647624
23204808.534406055
23206681.625348084
23208554.867485963
23210428.260831803
23212301.805397905
23214175.50119638
23216049.348239485
23217923.346539423
23219797.496108454
23221671.796958696
23223546.24910245
23225420.852551837
23227295.60731912
23229170.513416506
23231045.570856266
23232920.779650517
23234796.13981157
23236671.651351556
23238547.314282734
23240423.128617324
23242299.0943676
23244175.211545683
23246051.4801639
23247927.90023437
23249804.471769374
23251681.194781136
23253558.06928193
23255435.095283885
23257312.272799283
23259189.6018404
23261067.082419373
23262944.714548483
23264822.498240005
23266700.433506086
23268578.520359002
23270456.758811038
23272335.14887434
23274213.690561187
23276092.383883823
23277971.228854533
23279850.225485466
23281729.373788957
23283608.67377715
23285488.125462346
23287367.728856783
23289247.483972754
23291127.390822418
23293007.44941811
23294887.659771986
23296768.021896344
23298648.535803437
23300529.20150556
23302410.019014876
23304290.98834373
23306172.109504286
23308053.38250884
23309934.807369657
23311816.384099036
23313698.112709146
23315579.99321234
23317462.02562078
23319344.20994678
23321226.546202604
23323109.034400556
23324991.674552813
23326874.46667173
23328757.410769485
23330640.50685839
23332523.75495071
23334407.15505877
23336290.707194738
23338174.41137099
23340058.26759969
23341942.275893174
23343826.436263707
23345710.748723615
23347595.21328508
23349479.829960424
23351364.59876198
23353249.519701928
23355134.592792593
23357019.818046313
23358905.195475265
23360790.72509179
23362676.40690821
23364562.240936726
23366448.227189664
23368334.365679316
23370220.656418014
23372107.09941796
23373993.69469153
23375880.442250926
23377767.342108488
23379654.39427651
23381541.598767333
23383428.955593154
23385316.464766372
23387204.12629918
23389091.94020393
23390979.906492926
23392868.025178507
23394756.29627288
23396644.71978845
23398533.29573742
23400422.02413214
23402310.90498492
23404199.938308112
23406089.12411393
23407978.46241477
23409867.953222856
23411757.596550543
23413647.39241014
23415537.34081401
23417427.44177437
23419317.695303626
23421208.101414002
23423098.660117865
23424989.371427525
23426880.23535535
23428771.25191357
23430662.421114594
23432553.74297065
23434445.217494108
23436336.844697293
23438228.624592576
23440120.557192184
23442012.642508496
23443904.880553883
23445797.27134058
23447689.81488096
23449582.511187404
23451475.36027215
23453368.362147577
23455261.516826067
23457154.824319854
23459048.28464132
23460941.89780286
23462835.663816705
23464729.582695242
23466623.654450864
23468517.87909581
23470412.256642476
23472306.787103195
23474201.470490362
23476096.306816228
23477991.29609323
23479886.438333623
23481781.733549796
23483677.1817541
23485572.782958936
23487468.537176557
23489364.444419403
23491260.504699737
23493156.71802996
23495053.084422424
23496949.603889532
23498846.27644355
23500743.10209692
23502640.08086191
23504537.21275093
23506434.49777634
23508331.935950544
23510229.52728581
23512127.271794602
23514025.169489183
23515923.220381968
23517821.42448532
23519719.78181166
23521618.292373255
23523516.95618257
23525415.773251884
23527314.743593615
23529213.86722013
23531113.144143857
23533012.574377067
23534912.157932237
23536811.894821648
23538711.78505772
23540611.828652833
23542512.025619414
23544412.375969745
23546312.879716262
23548213.536871392
23550114.347447418
23552015.311456773
23553916.4289119
23555817.699825075
23557719.12420874
23559620.702075332
23561522.433437143
23563424.31830661
23565326.356696125
23567228.54861813
23569130.89408492
23571033.393108986
23572936.045702625
23574838.85187828
23576741.811648358
23578644.92502529
23580548.192021392
23582451.612649154
23584355.186920885
23586258.914849028
23588162.796445996
23590066.83172423
23591971.020696048
23593875.36337395
23595779.859770246
23597684.509897392
23599589.313767795
23601494.271393918
23603399.382788073
23605304.64796277
23607210.066930324
23609115.6397032
23611021.36629381
23612927.24671462
23614833.280977953
23616739.469096318
23618645.811082043
23620552.306947593
23622458.956705388
23624365.760367904
23626272.717947464
23628179.82945659
23630087.094907608
23631994.514312997
23633902.08768518
23635809.815036632
23637717.69637969
23639625.731726836
23641533.92109054
23643442.264483143
23645350.76191713
23647259.41340497
23649168.21895902
23651077.17859175
23652986.292315654
23654895.56014307
23656804.982086483
23658714.558158338
23660624.288371123
23662534.172737185
23664444.211269062
23666354.4039791
23668264.750879798
23670175.251983594
23672085.90730299
23673996.716850337
23675907.680638183
23677818.798678875
23679730.070984915
23681641.497568756
23683553.078442905
23685464.81361971
23687376.70311173
23689288.746931322
23691200.94509099
23693113.297603197
23695025.80448045
23696938.465735108
23698851.28137973
23700764.251426686
23702677.37588848
23704590.654777586
23706504.088106513
23708417.675887633
23710331.418133505
23712245.314856503
23714159.366069146
23716073.571783904
23717987.932013296
23719902.446769696
23721817.116065677
23723731.93991362
23725646.918326043
23727562.05131542
23729477.338894285
23731392.781075016
23733308.37787014
23735224.129292186
23737140.035353538
23739056.09606673
23740972.31144429
23742888.681498606
23744805.20624222
23746721.885687653
23748638.719847307
23750555.708733715
23752472.852359414
23754390.150736798
23756307.60387841
23758225.211796787
23760142.974504326
23762060.892013572
23763978.96433702
23765897.191487215
23767815.57347656
23769734.110317647
23771652.802022878
23773571.648604807
23775490.65007593
23777409.806448802
23779329.11773583
23781248.58394961
23783168.205102555
23785087.981207225
23787007.91227612
23788927.998321798
23790848.239356674
23792768.63539336
23794689.18644426
23796609.892521944
23798530.753638923
23800451.76980776
23802372.941040874
23804294.26735088
23806215.748750195
23808137.38525139
23810059.176866986
23811981.12360955
23813903.225491505
23815825.48252547
23817747.89472388
23819670.4620993
23821593.18466426
23823516.062431335
23825439.095412955
23827362.283621695
23829285.627070136
23831209.125770714
23833132.77973601
23835056.5889786
23836980.553510923
23838904.673345562
23840828.948495105
23842753.37897199
23844677.964788806
23846602.70595813
23848527.602492422
23850452.654404256
23852377.861706235
23854303.224410795
23856228.742530532
23858154.416077994
23860080.24506577
23862006.229506318
23863932.369412277
23865858.6647961
23867785.115670387
23869711.72204769
23871638.483940605
23873565.401361596
23875492.474323306
23877419.7028382
23879347.08691888
23881274.6265779
23883202.32182787
23885130.172681253
23887058.179150708
23888986.341248695
23890914.658987828
23892843.132380664
23894771.761439826
23896700.546177775
23898629.48660718
23900558.582740504
23902487.834590368
23904417.242169343
23906346.805490043
23908276.524564948
23910206.399406727
23912136.430027854
23914066.61644095
23915996.958658595
23917927.456693415
23919858.110557884
23921788.920264684
23923719.88582629
23925651.00725534
23927582.284564413
23929513.717766136
23931445.306872997
23933377.051897634
23935308.952852678
23937241.009750616
23939173.22260409
23941105.591425728
23943038.116228033
23944970.79702364
23946903.633825187
23948836.626645174
23950769.77549624
23952703.080390982
23954636.541342042
23956570.158361923
23958503.931463316
23960437.860658728
23962371.9459608
23964306.18738214
23966240.584935397
23968175.138633072
23970109.848487873
23972044.714512303
23973979.73671902
23975914.915120628
23977850.249729786
23979785.740559004
23981721.38762099
23983657.190928258
23985593.150493465
23987529.266329233
23989465.53844822
23991401.96686294
23993338.55158611
23995275.29263025
23997212.190008026
23999149.24373206
24001086.45381502
24003023.820269424
24004961.343108002
24006899.02234327
24008836.857987907
24010774.85005454
24012712.998555835
24014651.303504333
24016589.76491275
24018528.382793628
24020467.157159638
24022406.088023413
24024345.17539764
24026284.419294845
24028223.81972772
24030163.376708943
24032103.09025106
24034042.960366752
24035982.98706871
24037923.17036947
24039863.510281727
24041804.00681817
24043744.659991346
24045685.469813943
24047626.436298613
24049567.55945804
24051508.839304782
24053450.27585158
24055391.869110987
24057333.6190957
24059275.525818374
24061217.589291707
24063159.809528254
24065102.186540764
24067044.720341798
24068987.41094406
24070930.258360207
24072873.262602944
24074816.423684835
24076759.741618637
24078703.216416914
24080646.848092373
24082590.63665768
24084534.582125552
24086478.68450855
24088422.94381944
24090367.360070795
24092311.933275327
24094256.663445707
24096201.550594654
24098146.594734743
24100091.795878742
24102037.15403923
24103982.669228926
24105928.341460507
24107874.1707467
24109820.15710008
24111766.30053343
24113712.601059325
24115659.0586905
24117605.673439633
24119552.44531946
24121499.374342557
24123446.46052167
24125393.70386952
24127341.10439871
24129288.662121966
24131236.37705203
24133184.249201495
24135132.2785831
24137080.46520958
24139028.80909354
24140977.310247716
24142925.96868485
24144874.784417544
24146823.757458545
24148772.887820598
24150722.1755163
24152671.620558407
24154621.222959615
24156570.982732676
24158520.8998902
24160470.97444498
24162421.20640963
24164371.595796905
24166322.14261951
24168272.8468902
24170223.708621588
24172174.727826484
24174125.9045175
24176077.2387074
24178028.730408892
24179980.37963474
24181932.186397567
24183884.150710184
24185836.27258521
24187788.55203541
24189740.989073507
24191693.58371227
24193646.335964322
24195599.245842483
24197552.31335938
24199505.538527783
24201458.921360422
24203412.461870074
24205366.16006936
24207320.015971117
24209274.029587973
24211228.200932704
24213182.530018043
24215137.01685678
24217091.661461536
24219046.463845156
24221001.424020275
24222956.54199968
24224911.817796104
24226867.25142234
24228822.842891023
24230778.59221495
24232734.49940691
24234690.564479552
24236646.78744566
24238603.168318037
24240559.70710933
24242516.403832328
24244473.258499835
24246430.271124497
24248387.44171912
24250344.77029645
24252302.256869294
24254259.9014503
24256217.704052325
24258175.664688025
24260133.783370208
24262092.060111627
24264050.494925097
24266009.087823268
24267967.838819012
24269926.74792498
24271885.81515399
24273845.04051881
24275804.424032245
24277763.965706967
24279723.665555842
24281683.523591537
24283643.53982687
24285603.71427461
24287564.046947584
24289524.53785846
24291485.187020108
24293445.994445205
24295406.960146576
24297368.084137
24299329.366429295
24301290.80703615
24303252.405970436
24305214.163244836
24307176.078872185
24309138.15286526
24311100.385236893
24313062.775999777
24315025.325166788
24316988.032750614
24318950.8987641
24320913.923220024
24322877.106131233
24324840.447510414
24326803.94737041
24328767.605724063
24330731.422584064
24332695.397963263
24334659.5318745
24336623.82433048
24338588.27534404
24340552.884928033
24342517.653095163
24344482.579858277
24346447.665230177
24348412.909223717
24350378.311851602
24352343.87312673
24354309.593061816
24356275.471669715
24358241.50896323
24360207.704955224
24362174.05965841
24364140.57308569
24366107.245249785
24368074.076163556
24370041.065839816
24372008.214291427
24373975.521531112
24375942.987571787
24377910.612426165
24379878.396107122
24381846.338627476
24383814.4400001
24385782.70023771
24387751.119353235
24389719.6973594
24391688.43426908
24393657.330095105
24395626.384850346
24397595.598547533
24399564.9711996
24401534.502819274
24403504.193419438
24405474.043012924
24407444.05161262
24409414.219231255
24411384.54588177
24413355.031576898
24415325.676329535
24417296.480152506
24419267.443058714
24421238.5650609
24423209.846171945
24425181.28640475
24427152.88577206
24429124.644286767
24431096.56196177
24433068.63880982
24435040.874843806
24437013.270076632
24438985.82452105
24440958.538189963
24442931.411096267
24444904.443252724
24446877.63467223
24448850.985367697
24450824.49535188
24452798.164637685
24454771.993237976
24456745.98116566
24458720.128433492
24460694.43505444
24462668.90104127
24464643.526406888
24466618.311164167
24468593.255326018
24470568.358905207
24472543.621914707
24474519.044367284
24476494.62627586
24478470.367653303
24480446.26851254
24482422.32886634
24484398.54872768
24486374.928109333
24488351.46702423
24490328.165485244
24492305.023505308
24494282.041097194
24496259.218273893
24498236.55504818
24500214.051432986
24502191.7074412
24504169.52308575
24506147.49837943
24508125.633335225
24510103.92796592
24512082.382284455
24514060.99630372
24516039.770036653
24518018.703496054
24519997.796694856
24521977.049646012
24523956.46236231
24525936.034856707
24527915.76714214
24529895.65923141
24531875.711137462
24533855.92287326
24535836.29445159
24537816.82588541
24539797.51718768
24541778.368371196
24543759.37944892
24545740.550433803
24547721.881338656
24549703.372176435
24551685.022960056
24553666.83370247
24555648.8044165
24557630.93511515
24559613.22581124
24561595.67651773
24563578.287247535
24565561.05801363
24567543.988828827
24569527.079706147
24571510.33065841
24573493.741698585
24575477.312839597
24577461.04409442
24579444.93547588
24581428.986996993
24583413.198670596
24585397.57050966
24587382.10252712
24589366.79473595
24591351.64714898
24593336.659779247
24595321.83263958
24597307.16574296
24599292.659102328
24601278.312730666
24603264.12664081
24605250.100845806
24607236.23535848
24609222.530191835
24611208.9853588
24613195.60087238
24615182.376745407
24617169.31299093
24619156.409621794
24621143.666650992
24623131.084091477
24625118.661956247
24627106.400258146
24629094.29901018
24631082.358225346
24633070.5779165
24635058.958096646
24637047.498778783
24639036.199975774
24641025.06170062
24643014.083966333
24645003.26678577
24646992.610171944
24648982.11413781
24650971.77869638
24652961.603860527
24654951.589643303
24656941.73605758
24658932.043116372
24660922.510832645
24662913.139219422
24664903.928289566
24666894.878056154
24668885.98853205
24670877.259730283
24672868.691663824
24674860.284345698
24676852.03778878
24678843.952006146
24680836.02701067
24682828.262815394
24684820.659433283
24686813.216877375
24688805.935160547
24690798.81429589
24692791.854296282
24694785.05517476
24696778.41694431
24698771.93961797
24700765.623208623
24702759.467729364
24704753.473193083
24706747.639612816
24708741.96700156
24710736.455372363
24712731.10473811
24714725.9151119
24716720.88650663
24718716.018935345
24720711.312411048
24722706.76694679
24724702.382555466
24726698.15925013
24728694.09704384
24730690.195949487
24732686.45598014
24734682.877148848
24736679.459468517
24738676.20295221
24740673.107612982
24742670.173463747
24744667.400517564
24746664.78878749
24748662.338286452
24750660.0490275
24752657.921023708
24754655.954287987
24756654.14883341
24758652.504672993
24760651.021819804
24762649.70028677
24764648.540087003
24766647.54123343
24768646.703739133
24770646.027617123
24772645.51288049
24774645.159542147
24776644.967615232
24778644.93711267
24780645.068047542
24782645.360432878
24784645.814281765
24786646.42960713
24788647.206422113
24790648.144739646
24792649.24457282
24794650.505934663
24796651.92883827
24798653.51329658
24800655.259322736
24802657.166929677
24804659.236130495
24806661.466938235
24808663.859365992
24810666.413426716
24812669.129133545
24814672.006499432
24816675.04553748
24818678.246260732
24820681.608682293
24822685.13281512
24824688.818672303
24826692.66626696
24828696.67561204
24830700.846720647
24832705.179605898
24834709.67428074
24836714.33075829
24838719.14905166
24840724.129173804
24842729.27113784
24844734.574956886
24846740.040643897
24848745.668211997
24850751.457674302
24852757.409043778
24854763.52233354
24856769.797556665
24858776.234726276
24860782.83385534
24862789.594957028
24864796.51804432
24866803.603130337
24868810.85022816
24870818.25935092
24872825.83051158
24874833.56372334
24876841.458999164
24878849.516352195
24880857.73579551
24882866.11734224
24884874.66100538
24886883.36679811
24888892.234733414
24890901.264824435
24892910.457084265
24894919.811526034
24896929.328162745
24898939.00700758
24900948.84807354
24902958.851373766
24904969.016921353
24906979.34472945
24908989.83481105
24911000.48717936
24913011.301847372
24915022.27882824
24917033.418135066
24919044.719781004
24921056.183779057
24923067.810142428
24925079.598884124
24927091.550017305
24929103.663555074
24931115.9395106
24933128.37789688
24935140.978727084
24937153.742014375
24939166.667771764
24941179.756012414
24943193.006749492
24945206.419996016
24947219.995765153
24949233.73407007
24951247.634923793
24953261.698339485
24955275.92433027
24957290.312909327
24959304.86408967
24961319.577884536
24963334.45430694
24965349.49337007
24967364.695087045
24969380.05947105
24971395.58653511
24973411.276292466
24975427.12875614
24977443.14393932
24979459.321855143
24981475.66251679
24983492.165937304
24985508.83212992
24987525.661107674
24989542.65288376
24991559.807471316
24993577.12488354
24995594.605133466
24997612.248234347
24999630.054199222
25001648.02304129
25003666.1547737
25005684.44940965
25007702.906962186
25009721.52744456
25011740.310869824
25013759.257251184
25015778.36660179
25017797.63893485
25019817.074263416
25021836.67260075
25023856.433959905
25025876.35835409
25027896.44579647
25029916.696300253
25031937.109878503
25033957.68654443
25035978.426311255
25037999.329192035
25040020.39519999
25042041.624348342
25044063.016650155
25046084.57211865
25048106.290767048
25050128.17260842
25052150.217655987
25054172.425922927
25056194.797422465
25058217.332167674
25060240.030171834
25062262.89144802
25064285.916009467
25066309.10386935
25068332.455040902
25070355.969537202
25072379.64737154
25074403.488557
25076427.493106816
25078451.66103417
25080475.992352307
25082500.48707431
25084525.145213477
25086549.966782894
25088574.951795798
25090600.10026539
25092625.412204914
25094650.88762746
25096676.52654633
25098702.328974612
25100728.294925567
25102754.424412385
25104780.717448324
25106807.17404648
25108833.794220157
25110860.57798246
25112887.52534664
25114914.636325907
25116941.91093352
25118969.349182583
25120996.95108641
25123024.7166581
25125052.645910926
25127080.738858096
25129108.995512877
25131137.415888377
25133165.99999786
25135194.747854605
25137223.659471717
25139252.734862473
25141281.974040136
25143311.377017833
25145340.94380883
25147370.674426407
25149400.56888368
25151430.62719393
25153460.849370435
25155491.235426314
25157521.78537485
25159552.499229327
25161583.37700287
25163614.418708757
25165645.62436023
25167676.993970565
25169708.527552903
25171740.225120574
25173772.08668672
25175804.112264622
25177836.301867526
25179868.65550872
25181901.17320134
25183933.85495874
25185966.700794052
25187999.710720573
25190032.88475155
25192066.222900283
25194099.725179914
25196133.391603794
25198167.22218507
25200201.21693705
25202235.375872977
25204269.69900616
25206304.18634975
25208338.8379171
25210373.653721374
25212408.63377587
25214443.778093852
25216479.08668863
25218514.55957336
25220550.196761407
25222585.998265933
25224621.96410025
25226658.09427762
25228694.38881137
25230730.84771465
25232767.471000843
25234804.25868311
25236841.210774776
25238878.327289104
25240915.608239427
25242953.05363891
25244990.66350088
25247028.437838662
25249066.376665436
25251104.479994524
25253142.747839257
25255181.180212814
25257219.77712853
25259258.53859973
25261297.4646396
25263336.555261478
25265375.81047864
25267415.23030443
25269454.814752035
25271494.56383484
25273534.477566034
25275574.555958956
25277614.799026903
25279655.206783216
25281695.779241085
25283736.51641391
25285777.41831488
25287818.484957345
25289859.71635461
25291901.112520013
25293942.673466757
25295984.399208248
25298026.289757684
25300068.345128417
25302110.565333758
25304152.950387057
25306195.500301518
25308238.215090558
25310281.094767373
25312324.139345333
25314367.34883775
25316410.723257974
25318454.262619227
25320497.966934927
25322541.836218275
25324585.87048265
25326630.069741365
25328674.43400779
25330718.96329514
25332763.65761684
25334808.516986106
25336853.541416317
25338898.73092079
25340944.08551291
25342989.605205894
25345035.29001312
25347081.13994797
25349127.155023668
25351173.3352536
25353219.680651143
25355266.19122953
25357312.867002144
25359359.707982372
25361406.714183446
25363453.885618754
25365501.222301636
25367548.72424548
25369596.391463522
25371644.22396921
25373692.221775778
25375740.38489662
25377788.713345088
25379837.20713457
25381885.866278317
25383934.690789774
25385983.680682186
25388032.835968956
25390082.156663436
25392131.642779026
25394181.29432898
25396231.11132675
25398281.09378559
25400331.24171891
25402381.555140063
25404432.03406246
25406482.67849936
25408533.488464225
25410584.46397031
25412635.605031032
25414686.911659755
25416738.383869894
25418790.02167471
25420841.825087678
25422893.79412206
25424945.928791273
25426998.22910869
25429050.69508774
25431103.326741677
25433156.124083992
25435209.08712795
25437262.215886977
25439315.51037445
25441368.9706038
25443422.596588302
25445476.38834139
25447530.34587649
25449584.469206885
25451638.758346006
25453693.213307295
25455747.83410403
25457802.62074965
25459857.57325759
25461912.69164114
25463967.97591374
25466023.42608883
25468079.0421797
25470134.824199796
25472190.77216256
25474246.88608129
25476303.165969424
25478359.611840364
25480416.22370756
25482473.00158431
25484529.945484113
25486587.055420272
25488644.331406236
25490701.77345541
25492759.381581254
25494817.155797068
25496875.09611636
25498933.202552434
25500991.475118756
25503049.91382873
25505108.518695824
25507167.289733347
25509226.22695481
25511285.330373526
25513344.600002963
25515404.03585654
25517463.637947723
25519523.40628983
25521583.340896383
25523643.441780698
25525703.708956245
25527764.142436456
25529824.742234804
25531885.508364607
25533946.440839395
25536007.539672498
25538068.80487739
25540130.2364675
25542191.834456313
25544253.59885716
25546315.529683523
25548377.626948886
25550439.89066658
25552502.320850097
25554564.917512923
25556627.68066839
25558690.610329993
25560753.706511226
25562816.96922542
25564880.398486078
25566943.994306687
25569007.756700594
25571071.685681295
25573135.781262286
25575200.043456912
25577264.472278677
25579329.067741033
25581393.829857476
25583458.75864136
25585523.854106236
25587589.11626546
25589654.545132544
25591720.140720934
25593785.903044146
25595851.832115535
25597917.92794866
25599984.190556888
25602050.61995372
25604117.216152627
25606183.979167126
25608250.909010578
25610318.00569655
25612385.269238405
25614452.69964967
25616520.296943806
25618588.061134346
25620655.992234647
25622724.090258297
25624792.355218656
25626860.787129253
25628929.386003572
25630998.151855133
25633067.084697317
25635136.184543703
25637205.45140767
25639274.885302752
25641344.48624243
25643414.25424024
25645484.189309563
25647554.291463993
25649624.560716905
25651694.997081846
25653765.600572303
25655836.371201817
25657907.30898378
25659978.41393173
25662049.686059218
25664121.125379633
25666192.731906522
25668264.505653434
25670336.446633764
25672408.55486106
25674480.830348883
25676553.273110617
25678625.883159827
25680698.66051001
25682771.60517473
25684844.71716738
25686917.996501576
25688991.44319072
25691065.057248376
25693138.838688046
25695212.787523303
25697286.90376755
25699361.1874344
25701435.638537273
25703510.25708973
25705585.04310529
25707659.996597517
25709735.117579836
25711810.406065863
25713885.862069014
25715961.48560287
25718037.27668095
25720113.235316828
25722189.36152393
25724265.655315883
25726342.11670611
25728418.745708194
25730495.542335663
25732572.506602097
25734649.63852093
25736726.9381058
25738804.405370127
25740882.040327504
25742959.842991468
25745037.81337561
25747115.95149336
25749194.25735836
25751272.730984055
25753351.37238403
25755430.18157183
25757509.158561055
25759588.30336514
25761667.615997687
25763747.096472297
25765826.744802408
25767906.56100162
25769986.54508355
25772066.697061628
25774147.016949467
25776227.50476067
25778308.160508692
25780388.98420714
25782469.975869566
25784551.135509584
25786632.463140648
25788713.95877642
25790795.622430366
25792877.454116087
25794959.45384716
25797041.62163719
25799123.95749965
25801206.4614482
25803289.13349631
25805371.9736576
25807454.98194564
25809538.158374052
25811621.50295631
25813705.01570608
25815788.696636844
25817872.545762222
25819956.563095793
25822040.748651188
25824125.10244188
25826209.62448156
25828294.314783692
25830379.17336192
25832464.200229824
25834549.395401042
25836634.75888905
25838720.290707547
25840805.99087001
25842891.859390084
25844977.896281354
25847064.101557467
25849150.47523191
25851237.01731838
25853323.727830365
25855410.606781516
25857497.65418543
25859584.87005575
25861672.25440598
25863759.807249762
25865847.528600756
25867935.418472454
25870023.476878516
25872111.7038326
25874200.0993482
25876288.663438976
25878377.396118592
25880466.29740055
25882555.367298506
25884644.605826136
25886734.012996934
25888823.58882457
25890913.333322715
25893003.246504873
25895093.328384712
25897183.578975856
25899273.99829197
25901364.58634657
25903455.343153384
25905546.268725924
25907637.36307787
25909728.62622284
25911820.05817452
25913911.658946425
25916003.42855229
25918095.36700563
25920187.47432014
25922279.75050944
25924372.19558722
25926464.809567004
25928557.592462536
25930650.54428734
25932743.665055107
25934836.954779472
25936930.41347413
25939024.041152615
25941117.837828666
25943211.803515825
25945305.938227788
25947400.24197819
25949494.71478074
25951589.356648974
25953684.167596642
25955779.14763729
25957874.296784617
25959969.61505227
25962065.102453966
25964160.759003237
25966256.584713854
25968352.57959936
25970448.743673462
25972545.07694982
25974641.579442143
25976738.25116399
25978835.092129067
25980932.102351088
25983029.281843618
25985126.630620364
25987224.148695048
25989321.83608123
25991419.69279263
25993517.71884297
25995615.914245807
25997714.279014867
25999812.813163824
26001911.516706403
26004010.38965617
26006109.432026908
26008208.64383218
26010308.02508572
26012407.57580121
26014507.295992374
26016607.185672794
26018707.24485625
26020807.47355632
26022907.871786747
26025008.439561207
26027109.176893443
26029210.083797034
26031311.16028577
26033412.406373244
26035513.82207319
26037615.407399308
26039717.162365332
26041819.086984858
26043921.18127168
26046023.445239395
26048125.878901746
26050228.48227243
26052331.255365208
26054434.198193666
26056537.31077161
26058640.593112644
26060744.04523052
26062847.667138938
26064951.45885166
26067055.42038229
26069159.551744636
26071263.852952305
26073368.32401906
26075472.96495861
26077577.77578472
26079682.756510995
26081787.907151207
26083893.227719124
26085998.718228355
26088104.378692668
26090210.20912584
26092316.20954148
26094422.379953366
26096528.720375273
26098635.230820816
26100741.91130377
26102848.761837866
26104955.78243688
26107062.973114435
26109170.333884366
26111277.864760295
26113385.565756008
26115493.436885234
26117601.478161763
26119709.689599223
26121818.071211454
26123926.623012085
26126035.345014907
26128144.237233657
26130253.299682137
26132362.532373972
26134471.935323015
26136581.5085429
26138691.252047427
26140801.16585034
26142911.24996544
26145021.504406366
26147131.929186974
26149242.524320908
26151353.28982197
26153464.225703917
26155575.331980553
26157686.608665522
26159798.055772692
26161909.673315708
26164021.461308382
26166133.419764474
26168245.548697796
26170357.848122
26172470.318050962
26174582.958498333
26176695.76947793
26178808.75100352
26180921.903088924
26183035.225747798
26185148.71899397
26187262.38284126
26189376.217303332
26191490.222394016
26193604.39812713
26195718.744516347
26197833.261575498
26199947.949318405
26202062.80775875
26204177.836910352
26206293.036787055
26208408.40740253
26210523.94877061
26212639.66090513
26214755.543819774
26216871.597528376
26218987.822044723
26221104.21738266
26223220.78355586
26225337.520578228
26227454.428463448
26229571.507225357
26231688.756877758
26233806.177434493
26235923.768909253
26238041.53131594
26240159.464668248
26242277.568980023
26244395.84426507
26246514.29053724
26248632.90781023
26250751.69609795
26252870.6554141
26254989.785772536
26257109.087187063
26259228.559671544
26261348.20323968
26263468.017905388
26265588.00368237
26267708.1605845
26269828.488625582
26271948.987819485
26274069.658179924
26276190.499720816
26278311.512455873
26280432.69639897
26282554.051563922
26284675.57796461
26286797.275614742
26288919.144528203
26291041.184718862
26293163.396200445
26295285.778986827
26297408.33309189
26299531.058529355
26301653.955313113
26303777.02345704
26305900.262974862
26308023.67388047
26310147.25618775
26312271.009910427
26314394.935062397
26316519.03165755
26318643.299709614
26320767.739232488
26322892.350240007
26325017.13274607
26327142.086764418
26329267.21230899
26331392.50939354
26333517.978031956
26335643.61823809
26337769.43002585
26339895.41340897
26342021.56840141
26344147.89501692
26346274.393269405
26348401.063172717
26350527.904740766
26352654.917987302
26354782.10292629
26356909.45957149
26359036.987936802
26361164.68803609
26363292.55988328
26365420.60349212
26367548.818876583
26369677.206050426
26371805.76502757
26373934.49582189
26376063.3984473
26378192.472917564
26380321.719246667
26382451.137448367
26384580.727536593
26386710.48952522
26388840.42342818
26390970.529259242
26393100.807032388
26395231.25676139
26397361.878460187
26399492.672142655
26401623.637822732
26403754.775514197
26405886.085230984
26408017.566987034
26410149.220796127
26412281.046672206
26414413.044629212
26416545.214680932
26418677.556841306
26420810.07112428
26422942.757543646
26425075.61611335
26427208.64684728
26429341.849759404
26431475.224863496
26433608.772173572
26435742.49170342
26437876.383467004
26440010.447478216
26442144.683751017
26444279.092299208
26446413.6731368
26448548.426277593
26450683.351735547
26452818.449524574
26454953.719658636
26457089.16215154
26459224.777017307
26461360.56426974
26463496.52392281
26465632.655990433
26467768.96048658
26469905.43742506
26472042.0868199
26474178.908684917
26476315.90303408
26478453.06988132
26480590.40924061
26482727.92112577
26484865.605550833
26487003.462529615
26489141.492076103
26491279.694204226
26493418.068927966
26495556.61626115
26497695.336217817
26499834.228811793
26501973.29405707
26504112.531967584
26506251.942557324
26508391.525840122
26510531.28182997
26512671.21054087
26514811.311986644
26516951.586181298
26519092.03313883
26521232.652873073
26523373.445398033
26525514.410727706
26527655.548875935
26529796.859856725
26531938.34368408
26534080.000371847
26536221.829934027
26538363.832384635
26540506.007737517
26542648.35600668
26544790.877206083
26546933.571349744
26549076.43845151
26551219.47852545
26553362.691585418
26555506.077645436
26557649.636719465
26559793.368821528
26561937.273965478
26564081.352165394
26566225.603435136
26568370.027788732
26570514.62524015
26572659.395803418
26574804.3394924
26576949.456321176
26579094.74630362
26581240.20945376
26583385.845785577
26585531.655313097
26587677.6380502
26589823.79401097
26591970.123209286
26594116.625659183
26596263.301374648
26598410.150369715
26600557.172658272
26602704.36825441
26604851.737172008
26606999.279425118
26609146.995027725
26611294.88399388
26613442.946337465
26615591.18207253
26617739.59121313
26619888.173773147
26622036.929766636
26624185.859207656
26626334.96211009
26628484.238488004
26630633.688355446
26632783.311726317
26634933.108614676
26637083.07903458
26639233.222999934
26641383.540524796
26643534.03162323
26645684.69630914
26647835.534596596
26649986.546499602
26652137.732032236
26654289.091208395
26656440.624042213
26658592.330547597
26660744.210738614
26662896.264629293
26665048.4922337
26667200.89356576
26669353.468639594
26671506.217469122
26673659.140068423
26675812.236451525
26677965.50663251
26680118.9506253
26682272.568444032
26684426.360102627
26686580.32561517
26688734.464995705
26690888.77825831
26693043.265416913
26695197.92648566
26697352.761478487
26699507.770409483
26701662.953292686
26703818.310142197
26705973.840971947
26708129.545796085
26710285.424628552
26712441.477483444
26714597.704374813
26716754.105316762
26718910.680323225
26721067.429408368
26723224.352586128
26725381.449870616
26727538.721275885
26729696.166816045
26731853.78650504
26734011.58035699
26736169.548385996
26738327.69060602
26740486.00703117
26742644.497675564
26744803.162553158
26746962.00167807
26749121.015064415
26751280.202726156
26753439.564677414
26755599.100932255
26757758.811504804
26759918.696409028
26762078.7556591
26764238.989268992
26766399.397252824
26768559.97962468
26770720.73639869
26772881.667588815
26775042.77320925
26777204.05327397
26779365.507797096
26781527.136792723
26783688.940274984
26785850.918257855
26788013.070755534
26790175.397781994
26792337.89935138
26794500.57547778
26796663.42617534
26798826.45145804
26800989.651340086
26803153.02583546
26805316.57495831
26807480.298722733
26809644.197142877
26811808.27023274
26813972.518006522
26816136.94047822
26818301.537661985
26820466.309571926
26822631.256222196
26824796.37762679
26826961.673799932
26829127.14475561
26831292.79050799
26833458.611071188
26835624.60645936
26837790.776686516
26839957.121766817
26842123.64171444
26844290.33654338
26846457.20626782
26848624.250901923
26850791.470459703
26852958.864955332
26855126.434402987
26857294.178816684
26859462.098210596
26861630.19259885
26863798.461995624
26865966.906414937
26868135.525871024
26870304.32037791
26872473.28994977
26874642.434600748
26876811.754345022
26878981.24919662
26881150.919169784
26883320.76427854
26885490.78453708
26887660.979959544
26889831.350560125
26892001.89635285
26894172.61735198
26896343.513571538
26898514.585025728
26900685.83172869
26902857.25369463
26905028.850937586
26907200.62347181
26909372.571311347
26911544.6944704
26913716.992963124
26915889.466803726
26918062.116006244
26920234.94058495
26922407.940553892
26924581.115927275
26926754.466719262
26928927.99294407
26931101.69461574
26933275.57174856
26935449.624356568
26937623.85245399
26939798.256054997
26941972.8351738
26944147.589824464
26946322.52002121
26948497.625778265
26950672.907109685
26952848.364029706
26955023.99655255
26957199.804692283
26959375.788463138
26961551.94787934
26963728.28295497
26965904.79370425
26968081.48014142
26970258.34228055
26972435.380135883
26974612.59372165
26976789.983051933
26978967.548140965
26981145.289002944
26983323.205652103
26985501.298102528
26987679.56636852
26989858.010464154
26992036.630403686
26994215.426201303
26996394.397871263
26998573.545427646
27000752.86888476
27002932.3682567
27005112.043557715
27007291.894802004
27009471.92200383
27011652.125177283
27013832.504336677
27016013.059496112
27018193.790669844
27020374.697872084
27022555.781117097
27024737.04041898
27026918.475792054
27029100.087250426
27031281.87480836
27033463.838480074
27035645.978279836
27037828.294221755
27040010.786320157
27042193.454589155
27044376.299043022
27046559.319695983
27048742.51656231
27050925.88965612
27053109.438991748
27055293.16458331
27057477.06644509
27059661.144591313
27061845.39903627
27064029.82979407
27066214.436879016
27068399.220305383
27070584.180087302
27072769.31623906
27074954.62877495
27077140.117709097
27079325.7830558
27081511.624829352
27083697.643043883
27085883.837713692
27088070.20885302
27090256.756476168
27092443.480597273
27094630.38123069
27096817.45839056
27099004.71209118
27101192.14234681
27103379.74917175
27105567.532580145
27107755.492586356
27109943.629204534
27112131.942448985
27114320.432333965
27116509.098873794
27118697.942082614
27120886.961974803
27123076.158564508
27125265.531866048
27127455.081893686
27129644.808661744
27131834.712184377
27134024.79247597
27136215.04955067
27138405.48342281
27140596.094106656
27142786.88161654
27144977.845966622
27147168.98717129
27149360.305244703
27151551.8002012
27153743.47205506
27155935.320820607
27158127.346512023
27160319.54914369
27162511.928729787
27164704.48528465
27166897.218822565
27169090.129357874
27171283.21690475
27173476.48147754
27175669.92309059
27177863.54175807
27180057.337494344
27182251.31031375
27184445.46023047
27186639.78725886
27188834.291413266
27191028.972707883
27193223.831157055
27195418.86677509
27197614.079576343
27199809.469575003
27202005.036785483
27204200.781221982
27206396.70289886
27208592.80183042
27210789.078031026
27212985.531514876
27215182.162296396
27217378.970389783
27219575.955809403
27221773.118569575
27223970.458684664
27226167.97616888
27228365.67103665
27230563.54330218
27232761.59297984
27234959.82008396
27237158.224628914
27239356.806628913
27241555.566098392
27243754.503051564
27245953.617502816
27248152.90946647
27250352.378956918
27252552.02598837
27254751.850575272
27256951.852731843
27259152.032472476
27261352.389811505
27263552.92476332
27265753.637342144
27267954.52756243
27270155.595438406
27272356.840984464
27274558.26421495
27276759.86514426
27278961.643786628
27281163.600156456
27283365.73426814
27285568.04613592
27287770.535774205
27289973.20319739
27292176.04841972
27294379.071455605
27296582.272319447
27298785.651025496
27300989.20758816
27303192.94202185
27305396.854340814
27307600.944559462
27309805.21269222
27312009.658753328
27314214.28275721
27316419.084718227
27318624.0646508
27320829.222569183
27323034.55848785
27325240.072421066
27327445.764383253
27329651.634388782
27331857.68245208
27334063.908587404
27336270.312809244
27338476.89513186
27340683.65556969
27342890.59413711
27345097.710848548
27347305.00571828
27349512.478760794
27351720.12999036
27353927.959421422
27356135.967068363
27358344.15294562
27360552.51706747
27362761.059448414
27364969.780102726
27367178.679044858
27369387.756289195
27371597.011850193
27373806.445742127
27376016.057979506
27378225.848576616
27380435.817547906
27382645.964907777
27384856.290670685
27387066.79485092
27389277.477462936
27391488.338521194
27393699.378039986
27395910.596033774
27398121.992517017
27400333.567504015
27402545.321009234
27404757.253047135
27406969.36363202
27409181.652778357
27411394.120500613
27413606.766813096
27415819.59173027
27418032.595266618
27420245.77743644
27422459.13825421
27424672.67773435
27426886.39589134
27429100.29273949
27431314.36829333
27433528.62256718
27435743.05557552
27437957.66733278
27440172.45785344
27442387.42715182
27444602.575242463
27446817.902139693
27449033.40785799
27451249.092411797
27453464.955815602
27455680.99808373
27457897.21923073
27460113.61927093
27462330.198218826
27464546.95608886
27466763.89289553
27468981.00865317
27471198.303376336
27473415.77707936
27475633.429776743
27477851.26148294
27480069.272212453
27482287.46197962
27484505.830799006
27486724.378684953
27488943.10565197
27491162.011714514
27493381.096887097
27495600.36118406
27497819.804619983
27500039.427209206
27502259.22896625
27504479.209905576
27506699.370041706
27508919.70938899
27511140.22796195
27513360.92577511
27515581.80284283
27517802.859179627
27520024.094800036
27522245.509718414
27524467.103949286
27526688.877507187
27528910.830406476
27531132.96266169
27533355.274287302
27535577.765297852
27537800.435707707
27540023.285531454
27542246.31478347
27544469.52347829
27546692.911630403
27548916.479254346
27551140.226364497
27553364.152975455
27555588.2591016
27557812.544757474
27560037.00995757
27562261.654716443
27564486.479048464
27566711.48296825
27568936.66649018
27571162.029628806
27573387.57239863
27575613.294814207
27577839.196889926
27580065.2786404
27582291.540080026
27584517.981223356
27586744.6020849
27588971.402679224
27591198.383020718
27593425.543124005
27595652.883003484
27597880.402673725
27600108.102149237
27602335.98144459
27604564.04057419
27606792.27955266
27609020.698394414
27611249.29711402
27613478.075725995
27615707.034244925
27617936.17268521
27620165.491061438
27622394.989388186
27624624.667679865
27626854.525951065
27629084.56421636
27631314.782490175
27633545.18078709
27635775.7591217
27638006.51750842
27640237.455961842
27642468.574496496
27644699.873126984
27646931.351867724
27649163.01073337
27651394.849738345
27653626.868897248
27655859.068224624
27658091.44773507
27660324.00744302
27662556.747363128
27664789.667509828
27667022.76789773
27669256.04854138
27671489.50945538
27673723.150654174
27675956.97215243
27678190.973964583
27680425.156105246
27682659.518588975
27684894.061430383
27687128.784643922
27689363.688244257
27691598.772245836
27693834.036663283
27696069.481511153
27698305.106804077
27700540.9125565
27702776.898783106
27705013.065498345
27707249.412716847
27709485.94045318
27711722.64872197
27713959.537537683
27716196.606915
27718433.856868386
27720671.28741247
27722908.89856183
27725146.69033111
27727384.66273476
27729622.81578743
27731861.14950376
27734099.663898207
27736338.358985424
27738577.23478005
27740816.291296557
27743055.52854959
27745294.946553793
27747534.545323644
27749774.32487379
27752014.285218887
27754254.426373407
27756494.748352006
27758735.251169335
27760975.93483988
27763216.799378294
27765457.844799176
27767699.071117185
27769940.47834681
27772182.06650277
27774423.83559955
27776665.785651814
27778907.916674174
27781150.22868129
27783392.721687656
27785635.395708
27787878.250756815
27790121.286848772
27792364.503998492
27794607.902220637
27796851.481529713
27799095.241940454
27801339.183467362
27803583.306125112
27805827.609928325
27808072.094891686
27810316.761029698
27812561.608357098
27814806.636888407
27817051.8466383
27819297.237621404
27821542.809852414
27823788.56334584
27826034.498116426
27828280.614178695
27830526.911547337
27832773.390236985
27835020.050262332
27837266.891637906
27839513.914378453
27841761.118498504
27844008.504012756
27846256.07093585
27848503.819282483
27850751.74906719
27852999.860304676
27855248.153009642
27857496.627196617
27859745.282880314
27861994.120075442
27864243.13879653
27866492.339058295
27868741.720875442
27870991.28426252
27873241.029234234
27875490.95580525
27877741.063990276
27879991.353803862
27882241.82526078
27884492.478375584
27886743.31316299
27888994.32963766
27891245.527814325
27893496.90770753
27895748.46933206
27898000.21270247
27900252.13783349
27902504.244739793
27904756.5334361
27907009.00393698
27909261.65625722
27911514.49041138
27913767.506414194
27916020.704280347
27918274.084024567
27920527.645661432
27922781.389205728
27925035.31467203
27927289.42207508
27929543.711429562
27931798.18275022
27934052.83605163
27936307.671348598
27938562.688655693
27940817.88798767
27943073.269359216
27945328.832785092
27947584.57827987
27949840.505858365
27952096.615535162
27954352.907325014
27956609.381242625
27958866.037302747
27961122.875519972
27963379.895909064
27965637.09848478
27967894.483261716
27970152.05025463
27972409.799478296
27974667.7309473
27976925.84467642
27979184.140680417
27981442.618973896
27983701.279571626
27985960.12248832
27988219.147738755
27990478.355337534
27992737.745299492
27994997.31763923
27997257.072371535
27999517.00951112
28001777.129072774
28004037.431071103
28006297.91552095
28008558.582436927
28010819.431833822
28013080.46372636
28015341.678129338
28017603.07505736
28019864.654525287
28022126.416547734
28024388.361139495
28026650.488315307
28028912.798089962
28031175.290478088
28033437.96549454
28035700.823153943
28037963.863471102
28040227.086460754
28042490.49213771
28044754.080516595
28047017.851612277
28049281.805439383
28051545.942012727
28053810.26134706
28056074.763457183
28058339.448357746
28060604.316063616
28062869.36658943
28065134.599950004
28067400.0161601
28069665.61523453
28071931.397187945
28074197.36203516
28076463.509790998
28078729.840470105
28080996.35408731
28083263.050657436
28085529.93019513
28087796.992715225
28090064.238232546
28092331.666761752
28094599.27831767
28096867.072915133
28099135.0505688
28101403.211293507
28103671.555104084
28105940.0820152
28108208.792041693
28110477.68519834
28112746.761499986
28115016.020961292
28117285.463597164
28119555.089422267
28121824.89845145
28124094.890699502
28126365.06618127
28128635.42491142
28130905.966904875
28133176.6921763
28135447.600740552
28137718.692612424
28139989.967806775
28142261.42633828
28144533.068221863
28146804.8934722
28149076.902104154
28151349.094132528
28153621.469572183
28155894.028437804
28158166.77074432
28160439.69650642
28162712.805738967
28164986.098456774
28167259.57467471
28169533.23440747
28171807.077669986
28174081.10447695
28176355.314843245
28178629.70878368
28180904.286313135
28183179.04744631
28185453.992198087
28187729.120583344
28190004.432616793
28192279.928313304
28194555.60768777
28196831.470754903
28199107.51752958
28201383.748026695
28203660.16226096
28205936.760247264
28208213.5420005
28210490.50753538
28212767.6568668
28215044.99000965
28217322.50697866
28219600.20778872
28221878.092454676
28224156.160991415
28226434.413413677
28228712.84973641
28230991.469974346
28233270.274142392
28235549.262255393
28237828.434328254
28240107.790375706
28242387.33041272
28244667.05445403
28246946.962514546
28249227.05460912
28251507.33075267
28253787.790959936
28256068.435245886
28258349.263625268
28260630.276113
28262911.472723942
28265192.85347301
28267474.41837496
28269756.167444766
28272038.100697182
28274320.218147133
28276602.519809484
28278885.005699165
28281167.675830934
28283450.53021977
28285733.568880443
28288016.791827872
28290300.199076943
28292583.790642586
28294867.56653956
28297151.526782867
28299435.67138727
28301720.000367705
28304004.513739057
28306289.21151627
28308574.093714107
28310859.16034752
28313144.41143145
28315429.846980672
28317715.467010133
28320001.271534782
28322287.260569394
28324573.434128925
28326859.792228322
28329146.33488237
28331433.062106024
28333719.97391418
28336007.0703218
28338294.351343658
28340581.816994783
28342869.46728996
28345157.30224415
28347445.321872257
28349733.52618925
28352021.91520992
28354310.488949288
28356599.24742215
28358888.190643482
28361177.31862819
28363466.63139125
28365756.128947455
28368045.811311845
28370335.678499218
28372625.730524555
28374915.967402767
28377206.389148846
28379496.995777585
28381787.787304036
28384078.763743
28386369.92510946
28388661.27141835
28390952.802684654
28393244.518923182
28395536.420148987
28397828.50637688
28400120.777621858
28402413.23389885
28404705.87522285
28406998.701608684
28409291.713071402
28411584.909625825
28413878.29128696
28416171.85806974
28418465.60998917
28420759.54706008
28423053.66929747
28425347.97671635
28427642.469331544
28429937.147158064
28432232.010210916
28434527.05850494
28436822.29205514
28439117.710876532
28441413.314983953
28443709.10439242
28446005.079116948
28448301.239172377
28450597.58457373
28452894.11533602
28455190.831474096
28457487.73300298
28459784.819937635
28462082.092293087
28464379.55008419
28466677.193326022
28468975.022033438
28471273.03622147
28473571.23590509
28475869.621099323
28478168.19181903
28480466.94807931
28482765.88989502
28485065.017281186
28487364.3302528
28489663.828824896
28491963.51301234
28494263.38283023
28496563.438293435
28498863.679416995
28501164.1062159
28503464.718705196
28505765.516899757
28508066.500814684
28510367.670464855
28512669.025865324
28514970.567031078
28517272.293977175
28519574.206718497
28521876.30527015
28524178.58964702
28526481.05986417
28528783.715936594
28531086.557879355
28533389.58570734
28535692.79943561
28537996.199079234
28540299.7846531
28542603.556172274
28544907.51365182
28547211.65710664
28549515.9865518
28551820.50200237
28554125.20347325
28556430.090979513
28558735.164536234
28561040.424158316
28563345.869860835
28565651.501658868
28567957.319567323
28570263.323601283
28572569.513775766
28574875.89010586
28577182.45260647
28579489.201292746
28581796.1361796
28584103.257282116
28586410.564615328
28588718.058194328
28591025.738034032
28593333.60414959
28595641.656555925
28597949.895268127
28600258.320301242
28602566.93167036
28604875.729390413
28607184.713476557
28609493.883943718
28611803.240806997
28614112.784081444
28616422.513782162
28618732.429924086
28621042.532522377
28623352.821591973
28625663.29714798
28627973.95920546
28630284.807779513
28632595.84288509
28634907.064537358
28637218.47275126
28639530.06754191
28641841.848924372
28644153.81691377
28646465.971525043
28648778.312773377
28651090.840673715
28653403.555241186
28655716.45649086
28658029.544437855
28660342.819097135
28662656.280483827
28664969.92861306
28667283.76349979
28669597.785159152
28671911.993606284
28674226.38885614
28676540.97092386
28678855.739824586
28681170.695573278
28683485.83818508
28685801.16767507
28688116.684058394
28690432.387350027
28692748.277565166
28695064.354718782
28697380.618826028
28699697.069901995
28702013.707961828
28704330.533020508
28706647.545093242
28708964.744195018
28711282.13034098
28713599.703546233
28715917.463825934
28718235.411195066
28720553.545668848
28722871.867262267
28725190.375990484
28727509.071868606
28729827.9549118
28732147.025135048
28734466.282553587
28736785.727182403
28739105.359036673
28741425.178131506
28743745.18448207
28746065.37810337
28748385.759010643
28750706.32721888
28753027.08274326
28755348.025598906
28757669.155801002
28759990.473364543
28762311.97830478
28764633.670636717
28766955.550375536
28769277.61753637
28771599.872134402
28773922.314184647
28776244.94370229
28778567.76070253
28780890.76520038
28783213.957211033
28785537.33674968
28787860.903831344
28790184.658471227
28792508.60068452
28794832.730486248
28797157.047891613
28799481.55291576
28801806.24557389
28804131.125881035
28806456.193852454
28808781.44950318
28811106.89284842
28813432.52390333
28815758.342683114
28818084.34920281
28820410.543477695
28822736.9255228
28825063.495353345
28827390.252984483
28829717.198431436
28832044.331709247
28834371.652833194
28836699.16181832
28839026.858679857
28841354.743432958
28843682.816092856
28846011.076674603
28848339.52519348
28850668.161664538
28852996.986103017
28855325.99852408
28857655.198942967
28859984.58737473
28862314.163834665
28864643.92833783
28866973.88089947
28869304.02153476
28871634.350258935
28873964.86708707
28876295.57203446
28878626.465116173
28880957.546347454
28883288.81574349
28885620.273319535
28887951.91909065
28890283.753072094
28892615.775279116
28894947.98572679
28897280.384430367
28899612.97140511
28901945.746666092
28904278.71022857
28906611.862107806
28908945.202318884
28911278.73087706
28913612.4477976
28915946.35309559
28918280.446786296
28920614.728884984
28922949.19940674
28925283.858366836
28927618.705780484
28929953.74166295
28932288.966029335
28934624.378894966
28936959.980274945
28939295.770184547
28941631.74863899
28943967.915653553
28946304.271243334
28948640.81542368
28950977.548209686
28953314.469616644
28955651.57965978
28957988.878354374
28960326.365715537
28962664.04175862
28965001.906498734
28967339.959951166
28969678.202131152
28972016.633053984
28974355.25273478
28976694.061188895
28979033.05843145
28981372.244477738
28983711.619343005
28986051.18304255
28988390.935591493
28990730.8770052
28993071.007298797
28995411.326487593
28997751.834586833
29000092.531611823
29002433.417577695
29004774.49249982
29007115.756393332
29009457.209273547
29011798.851155713
29014140.682055153
29016482.701987002
29018824.91096658
29021167.3090092
29023509.896130014
29025852.672344334
29028195.637667492
29030538.79211463
29032882.13570107
29035225.66844215
29037569.390353005
29039913.30144897
29042257.401745323
29044601.691257387
29046946.17000032
29049290.837989513
29051635.695240125
29053980.741767496
29056325.9775869
29058671.402713675
29061017.017162986
29063362.820950236
29065708.814090583
29068054.996599376
29070401.3684919
29072747.9297835
29075094.680489346
29077441.62062485
29079788.750205178
29082136.069245685
29084483.57776166
29086831.275768466
29089179.16328127
29091527.240315493
29093875.506886315
29096223.96300909
29098572.60869912
29100921.44397177
29103270.468842223
29105619.6833259
29107969.08743799
29110318.68119386
29112668.46460881
29115018.43769822
29117368.600477275
29119718.952961408
29122069.49516581
29124420.227105856
29126771.148796868
29129122.26025421
29131473.56149309
29133825.052528884
29136176.733376976
29138528.60405256
29140880.664571024
29143232.914947752
29145585.355197947
29147937.985336997
29150290.805380292
29152643.815343037
29154997.015240625
29157350.405088387
29159703.984901715
29162057.75469582
29164411.714486167
29166765.864287965
29169120.20411661
29171474.733987447
29173829.45391587
29176184.363917105
29178539.464006614
29180894.75419962
29183250.23451153
29185605.904957686
29187961.765553497
29190317.816314194
29192674.05725525
29195030.488391887
29197387.109739527
29199743.92131352
29202100.92312928
29204458.115202043
29206815.49754729
29209173.07018026
29211530.833116367
29213888.786370978
29216246.92995951
29218605.263897214
29220963.78819957
29223322.502881825
29225681.40795941
29228040.503447685
29230399.789362088
29232759.265717868
29235118.93253052
29237478.789815288
29239838.83758762
29242199.075862885
29244559.504656516
29246920.12398378
29249280.933860116
29251641.934300963
29254003.125321582
29256364.506937414
29258726.079163913
29261087.842016336
29263449.795510136
29265811.939660758
29268174.274483476
29270536.79999374
29272899.516206995
29275262.42313852
29277625.520803776
29279988.80921821
29282352.288397104
29284715.95835591
29287079.819110036
29289443.870674938
29291808.113065902
29294172.546298448
29296537.170387864
29298901.98534961
29301266.991199102
29303632.1879518
29305997.575623
29308363.154228225
29310728.923782777
29313094.884302124
29315461.03580168
29317827.378296923
29320193.91180315
29322560.6363359
29324927.55191047
29327294.658542342
29329661.95624694
29332029.445039745
29334397.124936063
29336764.99595144
29339133.058101185
29341501.31140078
29343869.75586566
29346238.391511314
29348607.218353055
29350976.236406434
29353345.44568677
29355714.846209556
29358084.43799023
29360454.221044287
29362824.19538705
29365194.36103402
29367564.7180007
29369935.26630241
29372306.005954653
29374676.936972942
29377048.0593726
29379419.37316913
29381790.878378052
29384162.57501469
29386534.46309456
29388906.54263317
29391278.813645855
29393651.276148137
29396023.930155527
29398396.775683366
29400769.812747173
29403143.041362412
29405516.4615446
29407890.07330908
29410263.87667144
29412637.871647023
29415012.05825136
29417386.436499912
29419761.00640822
29422135.76799162
29424510.72126572
29426885.86624586
29429261.20294758
29431636.731386356
29434012.451577727
29436388.363537047
29438764.467279915
29441140.762821697
29443517.25017793
29445893.9293641
29448270.80039575
29450647.863288246
29453025.1180572
29455402.56471797
29457780.203286115
29460158.033777118
29462536.05620654
29464914.270589747
29467292.676942352
29469671.275279738
29472050.06561746
29474429.047971014
29476808.222355958
29479187.588787675
29481567.14728179
29483946.89785368
29486326.840518914
29488706.975293
29491087.302191496
29493467.8212298
29495848.532423478
29498229.435788095
29500610.531339053
29502991.81909192
29505373.299062267
29507754.9712655
29510136.835717183
29512518.892432906
29514901.14142806
29517283.58271823
29519666.21631894
29522049.04224577
29524432.060514126
29526815.27113965
29529198.674137756
29531582.269524027
29533966.05731399
29536350.037523244
29538734.210167196
29541118.575261503
29543503.132821575
29545887.882863007
29548272.82540134
29550657.960452173
29553043.288030922
29555428.80815325
29557814.52083458
29560200.426090512
29562586.523936592
29564972.814388428
29567359.297461446
29569745.973171312
29572132.84153346
29574519.902563494
29576907.156276975
29579294.602689512
29581682.241816536
29584070.07367373
29586458.098276526
29588846.315640546
29591234.725781348
29593623.32871455
29596012.124455597
29598401.113020174
29600790.294423725
29603179.668681875
29605569.23581019
29607958.9958243
29610348.94873965
29612739.094571885
29615129.43333662
29617519.96504932
29619910.689725615
29622301.60738114
29624692.718031358
29627084.0216919
29629475.51837841
29631867.20810635
29634259.09089136
29636651.166749027
29639043.43569499
29641435.89774472
29643828.552913923
29646221.401218064
29648614.4426728
29651007.677293714
29653401.105096467
29655794.726096526
29658188.540309608
29660582.54775119
29662976.748436928
29665371.14238242
29667765.72960333
29670160.510115135
29672555.483933557
29674950.651074085
29677346.01155238
29679741.565384045
29682137.312584754
29684533.25316999
29686929.387155488
29689325.71455674
29691722.23538941
29694118.949669123
29696515.857411545
29698912.958632175
29701310.253346752
29703707.741570774
29706105.423319925
29708503.298609816
29710901.36745614
29713299.629874397
29715698.08588033
29718096.73548945
29720495.57871744
29722894.615579933
29725293.846092615
29727693.270271003
29730092.888130784
29732492.699687652
29734892.704957128
29737292.903954905
29739693.296696678
29742093.88319797
29744494.66347448
29746895.637541912
29749296.805415783
29751698.1671118
29754099.72264567
29756501.47203292
29758903.415289253
29761305.552430384
29763707.883471835
29766110.40842933
29768513.12731851
29770916.040155098
29773319.146954622
29775722.447732866
29778125.94250536
29780529.631287828
29782933.514095932
29785337.590945393
29787741.86185175
29790146.326830793
29792550.98589806
29794955.839069284
29797360.88636013
29799766.127786335
29802171.563363437
29804577.193107236
29806983.017033283
29809389.03515731
29811795.247495
29814201.654062085
29816608.25487412
29819015.04994691
29821422.039296012
29823829.22293717
29826236.600886066
29828644.17315845
29831051.939769875
29833459.900736164
29835868.056072872
29838276.405795757
29840684.949920505
29843093.68846287
29845502.621438425
29847911.748862986
29850321.07075213
29852730.587121606
29855140.297987122
29857550.203364436
29859960.30326912
29862370.59771695
29864781.086723685
29867191.770304903
29869602.648476373
29872013.72125387
29874424.98865297
29876836.450689454
29879248.10737909
29881659.958737466
29884072.00478036
29886484.245523483
29888896.680982616
29891309.311173353
29893722.136111535
29896135.15581276
29898548.37029281
29900961.77956741
29903375.383652337
29905789.182563204
29908203.176315855
29910617.364925895
29913031.748409115
29915446.326781243
29917861.100058075
29920276.068255216
29922691.231388528
29925106.589473624
29927522.1425263
29929937.89056229
29932353.833597396
29934769.97164724
29937186.304727685
29939602.832854345
29942019.556043033
29944436.474309493
29946853.58766953
29949270.89613877
29951688.399733085
29954106.098468106
29956523.992359642
29958942.081423447
29961360.365675338
29963778.845130946
29966197.519806154
29968616.389716595
29971035.454878088
29973454.715306398
29975874.17101734
29978293.822026566
29980713.668349896
29983133.710003152
29985553.94700199
29987974.37936223
29990395.007099703
29992815.830230065
29995236.848769143
29997658.06273277
30000079.472136606
30002501.076996483
30004922.877328176
30007344.87314753
30009767.064470198
30012189.451312087
30014612.033688854
30017034.811616346
30019457.785110343
30021880.9541867
30024304.31886108
30026727.879149385
30029151.635067295
30031575.586630654
30033999.73385526
30036424.076756965
30038848.615351442
30041273.349654607
30043698.279682145
30046123.405449905
30048548.72697369
30050974.244269364
30053399.95735261
30055825.866239347
30058251.970945265
30060678.27148623
30063104.767878048
30065531.46013659
30067958.348277546
30070385.432316847
30072812.71227018
30075240.18815343
30077667.85998241
30080095.727772992
30082523.791540872
30084952.051302
30087380.507072065
30089809.158866957
30092238.006702494
30094667.050594565
30097096.29055887
30099525.726611298
30101955.358767744
30104385.187043905
30106815.211455684
30109245.432018965
30111675.848749463
30114106.461663075
30116537.270775694
30118968.276103042
30121399.47766101
30123830.875465505
30126262.46953224
30128694.259877127
30131126.246516064
30133558.429464772
30135990.808739167
30138423.384355087
30140856.156328447
30143289.124674972
30145722.28941064
30148155.650551178
30150589.208112497
30153022.96211046
30155456.91256098
30157891.05947979
30160325.40288288
30162759.94278598
30165194.67920501
30167629.612155844
30170064.7416544
30172500.06771642
30174935.590357892
30177371.309594568
30179807.225442372
30182243.33791718
30184679.64703492
30187116.152811345
30189552.85526245
30191989.75440399
30194426.850251902
30196864.142822064
30199301.632130418
30201739.318192724
30204177.20102498
30206615.280642953
30209053.557062585
30211492.030299764
30213930.700370435
30216369.56729037
30218808.631075513
30221247.891741823
30223687.349305063
30226127.003781196
30228566.855186168
30231006.90353576
30233447.148845926
30235887.591132633
30238328.23041165
30240769.066698942
30243210.100010477
30245651.330362033
30248092.757769573
30250534.382249072
30252976.20381631
30255418.222487256
30257860.438277826
30260302.851203986
30262745.46128153
30265188.2685265
30267631.272954676
30270074.474582043
30272517.873424523
30274961.469498087
30277405.26281854
30279849.253401928
30282293.441264044
30284737.82642088
30287182.40888836
30289627.188682467
30292072.16581901
30294517.34031405
30296962.712183382
30299408.281443004
30301854.04810885
30304300.012196917
30306746.173723016
30309192.53270321
30311639.089153312
30314085.843089323
30316532.794527184
30318979.943482902
30321427.289972294
30323874.834011428
30326322.57561613
30328770.514802407
30331218.65158621
30333666.985983547
30336115.518010247
30338564.24768239
30341013.1750158
30343462.300026502
30345911.622730445
30348361.14314365
30350810.861281957
30353260.777161382
30355710.890797954
30358161.20220751
30360611.711406074
30363062.41840968
30365513.32323416
30367964.425895553
30370415.72640989
30372867.224793013
30375318.921060957
30377770.8152297
30380222.907315273
30382675.197333533
30385127.685300574
30387580.371232256
30390033.255144622
30392486.33705365
30394939.616975382
30397393.09492568
30399846.770920653
30402300.644976165
30404754.71710826
30407208.987332933
30409663.455666233
30412118.122124027
30414572.986722436
30417028.049477324
30419483.310404748
30421938.769520707
30424394.426841263
30426850.282382287
30429306.336159907
30431762.588189997
30434219.038488623
30436675.68707179
30439132.533955563
30441589.579155833
30444046.82268872
30446504.26457012
30448961.9048161
30451419.743442673
30453877.780465916
30456336.015901715
30458794.449766215
30461253.082075305
30463711.91284507
30466170.942091525
30468630.169830758
30471089.596078664
30473549.22085133
30476009.04416484
30478469.0660351
30480929.286478195
30483389.70551022
30485850.32314708
30488311.13940487
30490772.15429968
30493233.367847424
30495694.7800642
30498156.390966102
30500618.20056905
30503080.208889134
30505542.41594247
30508004.821744967
30510467.426312733
30512930.229661815
30515393.231808316
30517856.43276816
30520319.83255752
30522783.43119232
30525247.228688676
30527711.22506264
30530175.420330323
30532639.814507656
30535104.407610826
30537569.19965576
30540034.190658577
30542499.380635343
30544964.76960218
30547430.357575018
30549896.144570056
30552362.13060323
30554828.31569067
30557294.69984844
30559761.283092674
30562228.06543932
30564695.046904568
30567162.227504373
30569629.607254867
30572097.186172124
30574564.964272287
30577032.94157131
30579501.11808539
30581969.493830495
30584438.068822756
30586906.843078267
30589375.816613168
30591844.98944342
30594314.361585177
30596783.93305459
30599253.70386762
30601723.67404042
30604193.84358915
30606664.212529775
30609134.78087845
30611605.548651338
30614076.515864413
30616547.68253383
30619019.048675753
30621490.614306167
30623962.379441224
30626434.3440971
30628906.508289773
30631378.87203541
30633851.43535012
30636324.198250078
30638797.160751265
30641270.32286992
30643743.684622027
30646217.24602377
30648691.007091258
30651164.967840675
30653639.128288016
30656113.48844952
30658588.048341185
30661062.807979196
30663537.76737968
30666012.92655882
30668488.285532616
30670963.84431732
30673439.602928944
30675915.561383672
30678391.71969764
30680868.07788704
30683344.63596788
30685821.393956427
30688298.35186868
30690775.509720854
30693252.867529083
30695730.425309565
30698208.18307832
30700686.140851617
30703164.298645474
30705642.6564761
30708121.21435964
30710599.97231231
30713078.93035013
30715558.088489372
30718037.446746074
30720517.00513644
30722996.763676636
30725476.722382873
30727956.881271187
30730437.240357798
30732917.799658928
30735398.559190612
30737879.518969078
30740360.67901055
30742842.03933107
30745323.599946868
30747805.360874172
30750287.32212903
30752769.483727667
30755251.84568626
30757734.408021048
30760217.170748074
30762700.13388364
30765183.2974438
30767666.661444794
30770150.2259028
30772633.990834065
30775117.956254642
30777602.122180846
30780086.488628726
30782571.055614542
30785055.82315447
30787540.791264776
30790025.95996151
30792511.329260997
30794996.899179306
30797482.669732686
30799968.640937336
30802454.812809516
30804941.185365297
30807427.758621007
30809914.532592718
30812401.507296693
30814888.68274914
30817376.05896632
30819863.63596432
30822351.413759466
30824839.392367847
30827327.57180573
30829815.95208933
30832304.53323492
30834793.31525859
30837282.298176672
30839771.48200527
30842260.866760653
30844750.45245905
30847240.239116732
30849730.226749804
30852220.41537455
30854710.805007253
30857201.395664018
30859692.18736113
30862183.180114884
30864674.373941377
30867165.76885691
30869657.36487777
30872149.162020072
30874641.16030011
30877133.35973412
30879625.760338403
30882118.36212907
30884611.165122487
30887104.16933477
30889597.37478222
30892090.781481087
30894584.389447678
30897078.19869811
30899572.20924876
30902066.42111575
30904560.83431539
30907055.448863935
30909550.2647777
30912045.282072812
30914540.500765655
30917035.92087236
30919531.542409245
30922027.365392573
30924523.389838666
30927019.615763657
30929516.043183938
30932012.67211565
30934509.502575118
30937006.534578614
30939503.768142466
30942001.20328282
30944498.84001607
30946996.678358365
30949494.71832604
30951992.959935375
30954491.403202705
30956990.04814418
30959488.894776214
30961987.94311495
30964487.193176743
30966986.644977868
30969486.298534676
30971986.15386333
30974486.210980173
30976986.46990156
30979486.930643655
30981987.59322281
30984488.457655385
30986989.523957547
30989490.792145643
30991992.262236048
30994493.934244923
30996995.808188632
30999497.88408354
31002000.16194582
31004502.641791843
31007005.32363797
31009508.207500383
31012011.293395452
31014514.581339482
31017018.07134885
31019521.76343974
31022025.65762859
31024529.753931582
31027034.052365102
31029538.552945457
31032043.255689036
31034548.160612028
31037053.267730877
31039558.57706178
31042064.08862112
31044569.802425224
31047075.71849048
31049581.83683309
31052088.157469504
31054594.68041593
31057101.40568875
31059608.333304312
31062115.463279
31064622.79562903
31067130.33037086
31069638.067520697
31072146.00709495
31074654.149109956
31077162.49358212
31079671.040527653
31082179.78996303
31084688.741904467
31087197.896368373
31089707.2533711
31092216.81292906
31094726.57505847
31097236.539775815
31099746.707097318
31102257.077039395
31104767.649618406
31107278.424850766
31109789.402752712
31112300.583340663
31114811.966631044
31117323.55264009
31119835.341384232
31122347.33287989
31124859.52714331
31127371.92419092
31129884.524039157
31132397.326704256
31134910.332202654
31137423.540550727
31139936.951764915
31142450.56586146
31144964.38285687
31147478.40276739
31149992.62560947
31152507.051399484
31155021.68015388
31157536.51188892
31160051.54662111
31162566.78436671
31165082.225142166
31167597.868963875
31170113.715848286
31172629.765811663
31175146.018870525
31177662.475041144
31180179.13433997
31182695.996783406
31185213.062387913
31187730.331169758
31190247.803145476
31192765.478331335
31195283.356743805
31197801.438399293
31200319.723314263
31202838.211504996
31205356.902988028
31207875.797779646
31210394.89589632
31212914.197354462
31215433.70217055
31217953.410360873
31220473.321941976
31222993.436930146
31225513.75534187
31228034.27719356
31230555.00250171
31233075.931282613
31235597.063552756
31238118.39932863
31240639.93862653
31243161.68146296
31245683.627854396
31248205.777817152
31250728.131367724
31253250.688522607
31255773.44929811
31258296.41371073
31260819.581776906
31263342.95351314
31265866.528935753
31268390.3080613
31270914.29090611
31273438.477486677
31275962.86781946
31278487.46192096
31281012.2598075
31283537.261495665
31286062.467001766
31288587.876342326
31291113.489533797
31293639.306592695
31296165.327535354
31298691.552378356
31301217.981138036
31303744.61383091
31306271.450473446
31308798.491082165
31311325.735673413
31313853.184263773
31316380.83686959
31318908.693507392
31321436.754193652
31323965.018944908
31326493.487777494
31329022.160708018
31331551.03775283
31334080.118928462
31336609.404251397
31339138.893738173
31341668.58740515
31344198.485268928
31346728.58734587
31349258.893652517
31351789.40420536
31354320.11902095
31356851.038115643
31359382.161505993
31361913.489208557
31364445.021239694
31366976.757615972
31369508.69835394
31372040.843469966
31374573.192980617
31377105.746902455
31379638.50525185
31382171.468045365
31384704.63529957
31387238.007030845
31389771.58325575
31392305.363990862
31394839.34925256
31397373.539057415
31399907.933421943
31402442.532362714
31404977.335896116
31407512.344038792
31410047.55680713
31412582.974217713
31415118.596287057
31417654.423031747
31420190.454468176
31422726.690612998
31425263.1314826
31427799.77709358
31430336.627462465
31432873.682605844
31435410.942540117
31437948.407281943
31440486.07684773
31443023.95125407
31445562.030517504
31448100.314654626
31450638.80368185
31453177.49761584
31455716.396473005
31458255.50026996
31460794.80902324
31463334.322749455
31465874.041465018
31468413.965186615
31470954.093930654
31473494.427713756
31476034.966552466
31478575.71046341
31481116.659463
31483657.813567866
31486199.17279462
31488740.7371597
31491282.506679717
31493824.481371306
31496366.661250897
31498909.046335116
31501451.63664059
31503994.432183757
31506537.43298125
31509080.639049698
31511624.050405547
31514167.667065427
31516711.489045974
31519255.51636364
31521799.749035053
31524344.1870768
31526888.830505516
31529433.679337654
31531978.73358992
31534523.993278775
31537069.458420854
31539615.12903275
31542161.00513111
31544707.08673239
31547253.373853315
31549799.866510335
31552346.564720113
31554893.468499236
31557440.577864368
31559987.892831966
31562535.413418766
31565083.13964123
31567631.07151602
31570179.20905974
31572727.552289058
31575276.10122044
31577824.855870627
31580373.81625609
31582922.982393507
31585472.354299482
31588021.931990687
31590571.71548361
31593121.704794984
31595671.899941303
31598222.30093924
31600772.907805413
31603323.720556505
31605874.739209007
31608425.963779666
31610977.394284975
31613529.03074162
31616080.873166233
31618632.921575494
31621185.17598591
31623737.636414167
31626290.30287696
31628843.175390795
31631396.253972366
31633949.538638376
31636503.029405326
31639056.726289917
31641610.629308853
31644164.738478642
31646719.053815994
31649273.575337544
31651828.303060006
31654383.23699989
31656938.37717398
31659493.723598782
31662049.276291016
31664605.03526733
31667161.000544444
31669717.172138877
31672273.550067414
31674830.13434658
31677386.924993094
31679943.922023617
31682501.125454873
31685058.53530339
31687616.151585966
31690173.97431913
31692732.003519613
31695290.239204083
31697848.681389265
31700407.330091704
31702966.1853282
31705525.24711529
31708084.51546972
31710643.990408152
31713203.671947338
31715763.56010382
31718323.654894404
31720883.956335645
31723444.464444283
31726005.179237004
31728566.100730553
31731127.22894149
31733688.563886628
31736250.105582524
31738811.854045935
31741373.809293546
31743935.97134212
31746498.340208214
31749060.915908594
31751623.698460013
31754186.68787904
31756749.884182446
31759313.287386984
31761876.897509236
31764440.71456596
31767004.73857393
31769568.96954972
31772133.4075101
31774698.052471783
31777262.904451538
31779827.963465948
31782393.22953185
31784958.702665832
31787524.382884674
31790090.27020509
31792656.36464386
31795222.66621758
31797789.174943093
31800355.89083699
31802922.81391606
31805489.944197033
31808057.281696692
31810624.826431632
31813192.57841872
31815760.53767455
31818328.704215914
31820897.07805955
31823465.659222256
31826034.447720636
31828603.443571553
31831172.64679162
31833742.057397634
31836311.67540634
31838881.500834543
31841451.533698857
31844021.774016157
31846592.221803054
31849162.877076365
31851733.73985284
31854304.810149286
31856876.087982327
31859447.573368847
31862019.26632547
31864591.16686902
31867163.27501624
31869735.590783965
31872308.11418882
31874880.845247634
31877453.78397723
31880026.930394236
31882600.284515493
31885173.846357826
31887747.61593787
31890321.593272462
31892895.77837844
31895470.171272434
31898044.771971293
31900619.580491852
31903194.596850757
31905769.821064845
31908345.253150966
31910920.89312577
31913496.741006095
31916072.796808727
31918649.060550515
31921225.532248117
31923802.211918443
31926379.099578153
31928956.195244104
31931533.49893308
31934111.010661945
31936688.730447356
31939266.658306237
31941844.79425526
31944423.13831128
31947001.690491103
31949580.450811587
31952159.419289403
31954738.595941488
31957317.980784517
31959897.57383535
31962477.375110805
31965057.38462775
31967637.602402862
31970218.028453086
31972798.6627951
31975379.50544579
31977960.556421958
31980541.815740496
31983123.283418085
31985704.95947168
31988286.843917962
31990868.936773825
31993451.23805609
31996033.747781646
31998616.46596719
32001199.39262967
32003782.5277858
32006365.871452462
32008949.42364649
32011533.184384782
32014117.153684042
32016701.33156117
32019285.71803307
32021870.313116446
32024455.1168282
32027040.129185244
32029625.350204285
32032210.779902235
32034796.418295998
32037382.265402295
32039968.321238033
32042554.585820068
32045141.05916531
32047727.74129048
32050314.632212564
32052901.731948283
32055489.04051456
32058076.557928246
32060664.284206275
32063252.219365366
32065840.363422513
32068428.71639445
32071017.278298106
32073606.049150344
32076195.028968096
32078784.2177681
32081373.615567356
32083963.2223826
32086553.038230773
32089143.063128747
32091733.297093462
32094323.740141664
32096914.39229036
32099505.253556296
32102096.32395642
32104687.603507612
32107279.092226822
32109870.7901308
32112462.697236564
32115054.81356087
32117647.139120672
32120239.673932858
32122832.418014385
32125425.371382017
32128018.534052774
32130611.90604342
32133205.48737092
32135799.27805217
32138393.278104138
32140987.487543587
32143581.90638749
32146176.53465281
32148771.372356325
32151366.419515003
32153961.67614582
32156557.142265555
32159152.817891177
32161748.70303967
32164344.79772781
32166941.101972576
32169537.61579089
32172134.339199726
32174731.27221588
32177328.414856397
32179925.767138068
32182523.329077877
32185121.100692753
32187719.081999686
32190317.27301547
32192915.673757162
32195514.284241565
32198113.10448567
32200712.134506408
32203311.37432078
32205910.823945593
32208510.48339791
32211110.352694534
32213710.431852475
32216310.72088867
32218911.21982013
32221511.92866366
32224112.84743634
32226713.976154983
32229315.314836603
32231916.863498144
32234518.622156624
32237120.590828862
32239722.769531943
32242325.158282686
32244927.75709812
32247530.56599519
32250133.584990926
32252736.814102154
32255340.25334597
32257943.902739197
32260547.76229887
32263151.832041953
32265756.111985475
32268360.602146275
32270965.302541383
32273570.21318784
32276175.33410248
32278780.665302347
32281386.20680448
32283991.958625723
32286597.920783117
32289204.093293708
32291810.476174343
32294417.069442067
32297023.873113934
32299630.88720679
32302238.111737687
32304845.54672368
32307453.192181624
32310061.048128575
32312669.11458152
32315277.391557522
32317885.87907344
32320494.577146403
32323103.485793274
32325712.60503111
32328321.934876923
32330931.475347765
32333541.226460516
32336151.188232306
32338761.36068001
32341371.7438207
32343982.33767138
32346593.14224913
32349204.15757082
32351815.383653596
32354426.820514344
32357038.46817014
32359650.326637994
32362262.395935
32364874.676078036
32367487.167084258
32370099.86897055
32372712.781754002
32375325.90545164
32377939.240080554
32380552.785657637
32383166.54220005
32385780.509724688
32388394.68824865
32391009.077788968
32393623.67836274
32396238.489986867
32398853.512678456
32401468.746454604
32404084.19133222
32406699.847328413
32409315.71446029
32411931.79274476
32414548.08219893
32417164.582839917
32419781.294684634
32422398.217750195
32425015.352053717
32427632.697612118
32430250.25444252
32432868.022562034
32435486.001987595
32438104.192736313
32440722.594825257
32443341.20827155
32445960.03309211
32448579.069304146
32451198.316924583
32453817.775970552
32456437.44645912
32459057.328407418
32461677.421832386
32464297.726751227
32466918.243180875
32469538.971138477
32472159.910641104
32474781.061705895
32477402.4243498
32480023.998590026
32482645.784443524
32485267.78192744
32487889.99105886
32490512.411854926
32493135.0443326
32495757.8885091
32498380.944401376
32501004.21202659
32503627.691401828
32506251.382544253
32508875.285470825
32511499.40019877
32514123.726745054
32516748.26512684
32519373.01536123
32521997.977465387
32524623.151456285
32527248.537351158
32529874.135166977
32532499.944920916
32535125.966630083
32537752.20031165
32540378.645982597
32543005.303660106
32545632.17336135
32548259.255103316
32550886.548903182
32553514.054778136
32556141.77274516
32558769.70282144
32561397.84502417
32564026.199370332
32566654.765877124
32569283.544561666
32571912.535441156
32574541.738532584
32577171.15385322
32579800.781420052
32582430.62125029
32585060.67336106
32587690.93776957
32590321.414492816
32592952.103548076
32595583.004952352
32598214.118722852
32600845.44487672
32603476.983431168
32606108.7344032
32608740.697810106
32611372.873668894
32614005.26199678
32616637.862810913
32619270.676128518
32621903.701966606
32624536.940342475
32627170.39127314
32629804.054775827
32632437.930867698
32635072.019565973
32637706.32088769
32640340.834850136
32642975.561470345
32645610.50076555
32648245.652752925
32650881.017449692
32653516.594872896
32656152.38503984
32658788.38796756
32661424.6036733
32664061.03217424
32666697.673487615
32669334.527630474
32671971.594620064
32674608.87447363
32677246.367208224
32679884.072841093
32682521.99138949
32685160.12287047
32687798.467301287
32690437.024699196
32693075.795081254
32695714.778464723
32698353.97486686
32700993.384304725
32703633.00679558
32706272.842356697
32708912.891005136
32711553.152758166
32714193.627632987
32716834.31564687
32719475.216816884
32722116.331160374
32724757.658694405
32727399.199436262
32730040.95340315
32732682.920612346
32735325.101080935
32737967.494826257
32740610.1018654
32743252.922215648
32745895.955894217
32748539.20291839
32751182.663305264
32753826.33707219
32756470.224236257
32759114.32481476
32761758.63882492
32764403.166284043
32767047.907209218
32769692.861617807
32772338.02952691
32774983.410953835
32777629.00591581
32780274.81443014
32782920.83651393
32785567.072184548
32788213.52145911
32790860.184354916
32793507.060889218
32796154.151079323
32798801.454942342
32801448.972495593
32804096.70375639
32806744.64874185
32809392.807469293
32812041.179956038
32814689.766219202
32817338.56627612
32819987.5801441
32822636.80784028
32825286.249381978
32827935.90478653
32830585.774071064
32833235.857252907
32835886.154349394
32838536.665377658
32841187.390355032
32843838.329298794
32846489.482226275
32849140.849154614
32851792.430101223
32854444.225083243
32857096.234118015
32859748.45722282
32862400.894415
32865053.545711707
32867706.411130358
32870359.4906881
32873012.78440229
32875666.292290203
32878320.01436921
32880973.950656455
32883628.101169366
32886282.4659251
32888937.044941023
32891591.83823443
32894246.845822673
32896902.067722928
32899557.503952626
32902213.154528927
32904869.01946921
32907525.09879077
32910181.392510984
32912837.90064702
32915494.623216324
32918151.56023607
32920808.711723633
32923466.077696323
32926123.658171527
32928781.453166425
32931439.46269846
32934097.686784822
32936756.125442892
32939414.778689995
32942073.646543518
32944732.729020648
32947392.026138775
32950051.537915297
32952711.264367405
32955371.205512494
32958031.361367963
32960691.731951006
32963352.317279022
32966013.11736942
32968674.132239394
32971335.36190635
32973996.806387626
32976658.46570063
32979320.33986257
32981982.42889092
32984644.732802894
32987307.2516159
32989969.985347286
32992632.93401447
32995296.097634662
32997959.47622535
33000623.069803756
33003286.8783873
33005950.901993327
33008615.14063927
33011279.59434236
33013944.263120074
33016609.146989647
33019274.24596851
33021939.560074024
33024605.08932362
33027270.83373453
33029936.793324262
33032602.968110047
33035269.35810932
33037935.963339455
33040602.783817895
33043269.81956188
33045937.070588917
33048604.536916252
33051272.21856133
33053940.115541533
33056608.22787431
33059276.555576906
33061945.098666843
33064613.857161377
33067282.831077956
33069952.02043397
33072621.42524688
33075291.045533936
33077960.88131261
33080630.932600353
33083301.19941443
33085971.681772307
33088642.379691448
33091313.29318912
33093984.42228279
33096655.76698993
33099327.32732781
33101999.1033139
33104671.09496561
33107343.302300416
33110015.72533559
33112688.364088684
33115361.218576968
33118034.28881793
33120707.574828982
33123381.076627612
33126054.7942311
33128728.727657
33131402.876922604
33134077.242045395
33136751.8230428
33139426.619932313
33142101.632731225
33144776.8614571
33147452.306127228
33150127.96675911
33152803.843370184
33155479.935977947
33158156.244599696
33160832.769253008
33163509.509955183
33166186.46672373
33168863.639576085
33171541.028529767
33174218.633602075
33176896.454810593
33179574.492172632
33182252.745705713
33184931.215427276
33187609.901354846
33190288.803505734
33192967.921897534
33195647.256547567
33198326.80747335
33201006.574692346
33203686.55822208
33206366.758079883
33209047.174283274
33211727.806849793
33214408.655796763
33217089.721141722
33219771.002902206
33222452.501095545
33225134.21573928
33227816.14685095
33230498.29444789
33233180.65854765
33235863.23916777
33238546.036325585
33241229.050038647
33243912.280324508
33246595.72720051
33249279.390684206
33251963.270793077
33254647.36754468
33257331.680956367
33260016.21104576
33262700.957830217
33265385.921327293
33268071.101554483
33270756.49852935
33273442.112269253
33276127.942791827
33278813.990114436
33281500.254254643
33284186.73522995
33286873.433057934
33289560.347755957
33292247.479341663
33294934.827832423
33297622.393245816
33300310.175599348
33302998.1749106
33305686.39119695
33308374.824476052
33311063.474765275
33313752.34208221
33316441.426444378
33319130.72786936
33321820.24637455
33324509.981977604
33327199.934695903
33329890.10454705
33332580.491548568
33335271.095718052
33337961.917072896
33340652.955630768
33343344.211409066
33346035.68442539
33348727.37469728
33351419.28224233
33354111.407077957
33356803.749221757
33359496.308691345
33362189.085504126
33364882.079677712
33367575.291229714
33370268.720177546
33372962.366538823
33375656.230331164
33378350.31157198
33381044.610278897
33383739.126469463
33386433.86016131
33389128.811371844
33391823.980118774
33394519.366419517
33397214.9702917
33399910.79175289
33402606.830820717
33405303.08751261
33407999.561846267
33410696.25383913
33413393.16350883
33416090.290872935
33418787.635949094
33421485.198754735
33424182.979307577
33426880.977625057
33429579.19372482
33432277.627624445
33434976.279341586
33437675.148893684
33440374.23629846
33443073.541573368
33445773.064736053
33448472.805804107
33451172.76479519
33453872.941726755
33456573.33661653
33459273.949481975
33461974.780340746
33464675.829210445
33467377.09610874
33470078.581053086
33472780.284061227
33475482.20515063
33478184.344338957
33480886.701643825
33483589.277082898
33486292.070673656
33488995.08243377
33491698.31238092
33494401.760532588
33497105.426906448
33499809.311520185
33502513.41439128
33505217.73553742
33507922.27497629
33510627.032725375
33513332.008802366
33516037.203224882
33518742.616010625
33521448.247177076
33524154.096742004
33526860.1647229
33529566.451137464
33532272.956003327
33534979.67933819
33537686.621159554
33540393.78148519
33543101.160332594
33545808.757719483
33548516.573663488
33551224.60818233
33553932.861293506
33556641.3330148
33559350.023363724
33562058.932358
33564768.06001525
33567477.406353235
33570186.971389435
33572896.75514165
33575606.75762741
33578316.978864424
33581027.41887036
33583738.07766294
33586448.95525969
33589160.051678404
33591871.36693661
33594582.90105205
33597294.65404238
33600006.62592533
33602718.81671845
33605431.22643954
33608143.85510614
33610856.702735975
33613569.76934673
33616283.05495615
33618996.55958178
33621710.28324136
33624424.22595265
33627138.38773318
33629852.7686007
33632567.36857298
33635282.187667556
33637997.22590219
33640712.48329464
33643427.95986246
33646143.655623406
33648859.57059524
33651575.70479552
33654292.058242016
33657008.630952485
33659725.42294449
33662442.43423582
33665159.66484415
33667877.11478726
33670594.78408272
33673312.67274838
33676030.780801795
33678749.10826076
33681467.65514297
33684186.42146622
33686905.407248065
33689624.61250638
33692344.03725873
33695063.681522906
33697783.54531663
33700503.628657684
33703223.93156365
33705944.4540524
33708665.19614152
33711386.15784879
33714107.33919196
33716828.74018881
33719550.360856935
33722272.20121421
33724994.26127823
33727716.541066796
33730439.04059765
33733161.75988859
33735884.69895722
33738607.85782142
33741331.236498795
33744054.83500715
33746778.65336424
33749502.69158788
33752226.94969567
33754951.42770543
33757676.12563499
33760401.04350195
33763126.18132415
33765851.53911939
33768577.11690531
33771302.91469972
33774028.93252046
33776755.170385145
33779481.62831161
33782208.306317694
33784935.204421006
33787662.3226394
33790389.6609907
33793117.21949254
33795844.99816276
33798572.99701914
33801301.21607951
33804029.65536151
33806758.31488306
33809487.194661796
33812216.29471557
33814945.615062155
33817675.1557194
33820404.91670497
33823134.89803676
33825865.099732436
33828595.52180985
33831326.1642868
33834057.02718114
33836788.11051051
33839519.414292865
33842250.938545845
33844982.68328732
33847714.648535095
33850446.83430703
33853179.24062079
33855911.867494315
33858644.714945264
33861377.78299153
33864111.07165089
33866844.58094125
33869578.310880266
33872312.2614859
33875046.4327758
33877780.82476787
33880515.43747993
33883250.27092984
33885985.325135306
33888720.60011427
33891456.09588442
33894191.81246365
33896927.74986978
33899663.9081207
33902400.287234105
33905136.88722789
33907873.70811995
33910610.74992799
33913348.0126699
33916085.49636358
33918823.20102674
33921561.126677275
33924299.273333095
33927037.64101191
33929776.22973161
33932515.03951006
33935254.07036515
33937993.32231461
33940732.79537641
33943472.48956827
33946212.4049081
33948952.541413754
33951692.89910315
33954433.47799401
33957174.27810433
33959915.29945182
33962656.54205441
33965398.00592996
33968139.6910964
33970881.59757146
33973623.725373134
33976366.07451916
33979108.64502746
33981851.436915904
33984594.45020244
33987337.68490481
33990081.141040996
33992824.81862876
33995568.71768603
33998312.83823069
34001057.18028069
34003801.74385377
34006546.52896795
34009291.53564097
34012036.76389078
34014782.21373528
34017527.88519242
34020273.778279945
34023019.893015884
34025766.229417995
34028512.78750424
34031259.56729251
34034006.56880078
34036753.792046785
34039501.237048514
34042248.903823934
34044996.7923908
34047744.90276709
34050493.23497078
34053241.78901963
34055990.564931616
34058739.562724724
34061488.78241672
34064238.2240256
34066987.88756925
34069737.77306567
34072487.880532645
34075238.209988214
34077988.761450164
34080739.53493649
34083490.5304651
34086241.748054005
34088993.18772098
34091744.849484086
34094496.733361125
34097248.83937008
34100001.1675289
34102753.717855565
34105506.49036788
34108259.48508393
34111012.702021495
34113766.14119859
34116519.80263315
34119273.686343186
34122027.79234651
34124782.12066119
34127536.671305045
34130291.44429608
34133046.43965225
34135801.65739157
34138557.09753186
34141312.7600912
34144068.64508741
34146824.75253852
34149581.08246247
34152337.6348773
34155094.409800835
34157851.407251164
34160608.62724612
34163366.06980372
34166123.73494195
34168881.62267883
34171639.733032204
34174398.066020094
34177156.62166055
34179915.39997142
34182674.40097071
34185433.6246765
34188193.07110661
34190952.7402791
34193712.632212006
34196472.74692318
34199233.084430665
34201993.644752525
34204754.4279066
34207515.43391095
34210276.66278363
34213038.114542484
34215799.78920559
34218561.68679093
34221323.80731657
34224086.15080036
34226848.71726045
34229611.506714694
34232374.519181155
34235137.75467783
34237901.21322282
34240664.89483395
34243428.7995294
34246192.92732702
34248957.2782449
34251721.85230103
34254486.64951351
34257251.66990021
34260016.913479276
34262782.380268596
34265548.07028625
34268313.98355026
34271080.12007871
34273846.4798895
34276613.06300077
34279379.869430415
34282146.899196535
34284914.15231715
34287681.62881037
34290449.328694075
34293217.251986444
34295985.39870536
34298753.768868946
34301522.36249522
34304291.1796023
34307060.22020809
34309829.48433076
34312598.971988216
34315368.68319857
34318138.61797987
34320908.77635024
34323679.158327565
34326449.76392999
34329220.59317562
34331991.64608238
34334762.92266838
34337534.42295176
34340306.14695042
34343078.09468251
34345850.266166136
34348622.661419235
34351395.28045993
34354168.1233063
34356941.18997646
34359714.48048835
34362487.99486019
34365261.73310988
34368035.695255585
34370809.881315365
34373584.291307375
34376358.92524955
34379133.7831601
34381908.86505696
34384684.17095829
34387459.70088217
34390235.454846755
34393011.43286998
34395787.63497008
34398564.061165
34401340.7114729
34404117.58591186
34406894.68450006
34409672.00725544
34412449.554196246
34415227.32534042
34418005.32070614
34420783.54031149
34423561.98417467
34426340.65231362
34429119.544746585
34431898.66149153
34434678.00256664
34437457.56799001
34440237.35777984
34443017.371954076
34445797.61053099
34448578.07352854
34451358.76096492
34454139.67285825
34456920.80922672
34459702.17008829
34462483.75546118
34465265.565363556
34468047.59981341
34470829.85882895
34473612.34242836
34476395.05062963
34479177.983450964
34481961.14091056
34484744.52302641
34487528.12981672
34490311.96129963
34493096.01749334
34495880.298415855
34498664.80408545
34501449.53452013
34504234.4897381
34507019.669757515
34509805.074596584
34512590.70427332
34515376.55880601
34518162.63821266
34520948.9425115
34523735.47172067
34526522.22585841
34529309.20494273
34532096.40899193
34534883.83802402
34537671.49205724
34540459.371109754
34543247.47519978
34546035.80434536
34548824.358564794
34551613.13787611
34554402.14229754
34557191.37184727
34559980.82654354
34562770.50640437
34565560.411448084
34568350.54169272
34571140.89715653
34573931.47785768
34576722.28381443
34579513.31504483
34582304.57156719
34585096.05339956
34587887.76056021
34590679.693067305
34593471.85093912
34596264.234193705
34599056.84284932
34601849.676924236
34604642.7364365
34607436.021404386
34610229.53184615
34613023.26777987
34615817.22922381
34618611.41619624
34621405.828715235
34624200.46679906
34626995.330465995
34629790.419734105
34632585.73462168
34635381.275147
34638177.04132813
34640973.03318337
34643769.250730924
34646565.69398908
34649362.362975925
34652159.257709816
34654956.37820883
34657753.724491276
34660551.29657536
34663349.09447939
34666147.11822145
34668945.36781991
34671743.84329287
34674542.544658616
34677341.4719354
34680140.62514152
34682940.00429506
34685739.60941441
34688539.44051769
34691339.49762317
34694139.78074912
34696940.289913855
34699741.02513547
34702541.98643236
34705343.17382263
34708144.5873246
34710946.22695652
34713748.09273671
34716550.1846833
34719352.50281468
34722155.04714896
34724957.81770447
34727760.814499475
34730564.03755231
34733367.48688109
34736171.16250416
34738975.06443985
34741779.19270628
34744583.547321804
34747388.128304765
34750192.935673274
34752997.9694457
34755803.22964037
34758608.71627543
34761414.429369226
34764220.36894011
34767026.53500621
34769832.9275859
34772639.54669752
34775446.39235922
34778253.46458935
34781060.76340621
34783868.28882816
34786676.04087334
34789484.019560196
34792292.22490687
34795100.656931736
34797909.315653086
34800718.2010893
34803527.31325852
34806336.65217921
34809146.21786951
34811956.01034782
34814766.02963243
34817576.27574171
34820386.74869385
34823197.448507294
34826008.375200205
34828819.52879097
34831630.90929791
34834442.51673942
34837254.35113365
34840066.41249909
34842878.7008539
34845691.21621648
34848503.958605155
34851316.92803832
34854130.12453417
34856943.548111156
34859757.19878748
34862571.07658154
34865385.18151167
34868199.513596274
34871014.07285354
34873828.85930197
34876643.87295973
34879459.11384526
34882274.58197688
34885090.277373016
34887906.20005187
34890722.350031845
34893538.727331385
34896355.33196867
34899172.16396215
34901989.22333022
34904806.51009112
34907624.02426325
34910441.76586505
34913259.73491474
34916077.93143074
34918896.35543142
34921715.00693521
34924533.88596033
34927352.992525294
34930172.32664832
34932991.88834785
34935811.677642256
34938631.69454998
34941451.939089246
34944272.41127858
34947093.11113621
34949914.03868059
34952735.19393009
34955556.57690317
34958378.18761807
34961200.026093304
34964022.09234712
34966844.38639799
34969666.90826428
34972489.65796446
34975312.635516785
34978135.840939775
34980959.2742517
34983782.935471006
34986606.8246161
34989430.94170545
34992255.28675732
34995079.85979024
34997904.66082248
35000729.68987252
35003554.94695875
35006380.43209966
35009206.145313516
35012032.08661886
35014858.25603397
35017684.653577335
35020511.279267356
35023338.13312253
35026165.21516113
35028992.525401644
35031820.06386257
35034647.83056218
35037475.82551897
35040304.048751436
35043132.50027787
35045961.18011676
35048790.08828661
35051619.22480571
35054448.58969257
35057278.18296568
35060108.00464334
35062938.054744065
35065768.33328636
35068598.84028851
35071429.57576905
35074260.53974641
35077091.732239105
35079923.15326544
35082754.802844
35085586.6809931
35088418.78773126
35091251.12307692
35094083.68704862
35096916.47966467
35099749.50094366
35102582.75090391
35105416.22956395
35108249.93694224
35111083.87305731
35113918.03792749
35116752.43157139
35119587.054007314
35122421.90525382
35125256.98532937
35128092.29425251
35130927.83204156
35133763.59871515
35136599.59429161
35139435.81878948
35142272.27222725
35145108.95462347
35147945.865996465
35150783.006364875
35153620.37574704
35156457.974161506
35159295.80162678
35162133.858161405
35164972.14378373
35167810.65851233
35170649.40236577
35173488.37536238
35176327.57752075
35179167.00885944
35182006.66939682
35184846.55915144
35187686.678141885
35190527.02638652
35193367.60390392
35196208.41071266
35199049.4468311
35201890.71227784
35204732.207071446
35207573.93123029
35210415.884772964
35213258.06771798
35216100.48008393
35218943.12188918
35221785.9931524
35224629.09389198
35227472.4241265
35230315.983874485
35233159.77315454
35236003.79198505
35238848.04038468
35241692.51837182
35244537.225965075
35247382.16318299
35250227.33004415
35253072.72656696
35255918.35277011
35258764.20867199
35261610.2942912
35264456.6096463
35267303.15475589
35270149.92963839
35272996.934312485
35275844.16879658
35278691.63310929
35281539.32726917
35284387.251294844
35287235.405204736
35290083.78901753
35292932.40275165
35295781.24642571
35298630.32005829
35301479.62366803
35304329.15727333
35307178.9208929
35310028.91454518
35312879.138248794
35315729.592022315
35318580.2758844
35321431.18985345
35324282.33394814
35327133.7081871
35329985.31258877
35332837.1471718
35335689.21195485
35338541.50695634
35341394.032194935
35344246.78768929
35347099.773457855
35349952.989519276
35352806.43589216
35355660.11259515
35358514.019646704
35361368.15706556
35364222.52487017
35367077.1230792
35369931.95171125
35372787.010785
35375642.30031889
35378497.82033167
35381353.57084181
35384209.55186799
35387065.7634288
35389922.20554294
35392778.87822886
35395635.781505324
35398492.915390804
35401350.279903986
35404207.87506348
35407065.70088798
35409923.75739595
35412782.04460618
35415640.562537126
35418499.31120749
35421358.2906359
35424217.50084106
35427076.94184144
35429936.61365582
35432796.51630269
35435656.649800755
35438517.01416865
35441377.609425075
35444238.43558854
35447099.49267781
35449960.78071138
35452822.29970798
35455684.049686246
35458546.03066489
35461408.242662415
35464270.68569755
35467133.359789014
35469996.264955305
35472859.40121515
35475722.768587284
35478586.3670902
35481450.196742654
35484314.25756335
35487178.54957082
35490043.07278379
35492907.82722093
35495772.81290097
35498638.02984243
35501503.47806413
35504369.157584585
35507235.06842254
35510101.21059667
35512967.58412573
35515834.18902823
35518701.02532301
35521568.09302859
35524435.39216372
35527302.9227471
35530170.684797466
35533038.678333364
35535906.90337363
35538775.35993679
35541644.04804162
35544512.96770681
35547382.118951105
35550251.50179308
35553121.11625156
35555990.96234509
35558861.04009245
35561731.349512346
35564601.89062354
35567472.663444586
35570343.667994335
35573214.904291354
35576086.37235442
35578958.07220224
35581830.00385359
35584702.16732705
35587574.562641464
35590447.1898154
35593320.048867665
35596193.139816955
35599066.462682076
35601940.01748159
35604813.8042343
35607687.822959006
35610562.07367428
35613436.55639892
35616311.27115173
35619186.21795129
35622061.39681641
35624936.80776589
35627812.45081832
35630688.32599252
35633564.433307275
35636440.77278119
35639317.344433084
35642194.14828176
35645071.18434583
35647948.452644095
35650825.9531953
35653703.68601829
35656581.65113164
35659459.84855426
35662338.278304756
35665216.94040195
35668095.8348646
35670974.96171153
35673854.32096137
35676733.912633
35679613.73674505
35682493.79331636
35685374.082365684
35688254.60391186
35691135.357973516
35694016.34456956
35696897.563718624
35699779.01543954
35702660.6997511
35705542.616672136
35708424.766221285
35711307.148417465
35714189.76327932
35717072.610825695
35719955.69107537
35722839.004047215
35725722.54975986
35728606.32823223
35731490.33948298
35734374.58353097
35737259.06039499
35740143.7700939
35743028.71264636
35745913.888071306
35748799.29638739
35751684.93761348
35754570.81176838
35757456.91887097
35760343.2589399
35763229.83199406
35766116.63805231
35769003.67713332
35771890.94925598
35774778.45443917
35777666.19270155
35780554.164062016
35783442.36853946
35786330.80615254
35789219.47692015
35792108.380861126
35794997.517994344
35797886.88833849
35800776.49191253
35803666.32873515
35806556.39882525
35809446.70220166
35812337.23888328
35815228.008888796
35818119.01223719
35821010.24894716
35823901.71903759
35826793.42252735
35829685.359435335
35832577.52978025
35835469.93358107
35838362.570856504
35841255.44162547
35844148.54590681
35847041.88371946
35849935.4550821
35852829.26001376
35855723.29853313
35858617.57065912
35861512.07641063
35864406.81580655
35867301.78886562
35870196.99560684
35873092.43604892
35875988.1102108
35878884.01811135
35881780.15976951
35884676.535204
35887573.14443384
35890469.98747776
35893367.06435469
35896264.37508352
35899161.919683196
35902059.69817244
35904957.71057022
35907855.956895486
35910754.437166974
35913653.151403636
35916552.09962443
35919451.2818481
35922350.698093615
35925250.34837993
35928150.2327258
35931050.35115018
35933950.70367196
35936851.29031012
35939752.11108342
35942653.16601089
35945554.45511129
35948455.97840359
35951357.73590671
35954259.727639616
35957161.95362107
35960064.413870126
35962967.108405545
35965870.037246324
35968773.200411364
35971676.597919665
35974580.22978998
35977484.09604139
35980388.19669265
35983292.53176278
35986197.101270676
35989101.90523534
35992006.94367557
35994912.21661042
35997817.72405867
36000723.46603934
36003629.44257134
36006535.6536737
36009442.0993652
36012348.779664904
36015255.69459163
36018162.84416437
36021070.22840208
36023977.84732376
36026885.70094822
36029793.78929455
36032702.11238154
36035610.67022823
36038519.46285355
36041428.49027653
36044337.75251599
36047247.24959094
36050156.981520414
36053066.948323235
36055977.15001842
36058887.586625
36061798.25816181
36064709.16464788
36067620.30610223
36070531.6825437
36073443.29399133
36076355.14046415
36079267.221981
36082179.53856091
36085092.09022295
36088004.87698592
36090917.8988689
36093831.15589085
36096744.648070835
36099658.37542768
36102572.337980516
36105486.535748184
36108400.968749754
36111315.6370042
36114230.540530585
36117145.67934776
36120061.053474866
36122976.66293075
36125892.50773447
36128808.587905034
36131724.903461516
36134641.454422764
36137558.24080792
36140475.26263586
36143392.51992565
36146310.01269629
36149227.740966864
36152145.70475625
36155063.904083595
36157982.338967755
36160901.00942784
36163819.91548284
36166739.05715187
36169658.434453785
36172578.04740776
36175497.89603267
36178417.98034761
36181338.3003716
36184258.856123745
36187179.64762293
36190100.674888246
36193021.93793881
36195943.436793506
36198865.17147143
36201787.141991705
36204709.34837321
36207631.79063507
36210554.46879639
36213477.38287606
36216400.5328932
36219323.91886695
36222247.54081617
36225171.39876001
36228095.492717594
36231019.82270781
36233944.388749786
36236869.19086259
36239794.22906534
36242719.50337694
36245645.01381661
36248570.76040326
36251496.74315602
36254422.962093964
36257349.41723622
36260276.1086017
36263203.036209635
36266130.20007894
36269057.600228764
36271985.236678176
36274913.10944632
36277841.21855213
36280769.56401483
36283698.14585335
36286626.964086846
36289556.018734396
36292485.30981516
36295414.83734807
36298344.60135237
36301274.60184699
36304204.8388511
36307135.31238379
36310066.02246423
36312996.96911135
36315928.15234442
36318859.572182365
36321791.22864437
36324723.121749535
36327655.25151703
36330587.61796581
36333520.22111514
36336453.06098396
36339386.137591474
36342319.45095678
36345253.00109905
36348186.78803727
36351120.81179062
36354055.072378285
36356989.56981924
36359924.30413268
36362859.27533779
36365794.48345356
36368729.92849917
36371665.610493824
36374601.5294565
36377537.68540641
36380474.07836267
36383410.7083445
36386347.57537086
36389284.67946106
36392222.02063408
36395159.59890912
36398097.41430532
36401035.466841914
36403973.75653787
36406912.2834125
36409851.04748479
36412790.04877397
36415729.28729917
36418668.763079636
36421608.47613435
36424548.42648263
36427488.61414348
36430429.03913612
36433369.70147971
36436310.601193495
36439251.73829647
36442193.11280796
36445134.72474697
36448076.57413274
36451018.66098445
36453960.98532133
36456903.54716239
36459846.34652698
36462789.3834341
36465732.65790301
36468676.16995288
36471619.91960296
36474563.906872295
36477508.1317802
36480452.59434571
36483397.29458809
36486342.23252651
36489287.40818025
36492232.82156835
36495178.47271006
36498124.36162464
36501070.48833116
36504016.85284887
36506963.45519705
36509910.29539474
36512857.37346122
36515804.68941576
36518752.243277416
36521700.03506547
36524648.06479912
36527596.332497664
36530544.83818014
36533493.581865914
36536442.56357405
36539391.78332385
36542341.2411345
36545290.937025316
36548240.871015355
36551191.04312398
36554141.45337028
36557092.10177354
36560042.988352984
36562994.11312791
36565945.47611741
36568897.07734084
36571848.91681731
36574800.99456609
36577753.31060644
36580705.86495767
36583658.657638855
36586611.68866938
36589564.958068356
36592518.46585508
36595472.21204879
36598426.19666882
36601380.41973426
36604334.88126451
36607289.58127867
36610244.51979605
36613199.69683593
36616155.11241761
36619110.76656021
36622066.65928314
36625022.79060549
36627979.16054662
36630935.769125775
36633892.616362296
36636849.70227529
36639807.026884116
36642764.5902081
36645722.39226637
36648680.43307827
36651638.712663144
36654597.23104012
36657555.988228545
36660514.98424777
36663474.219116926
36666433.692855366
36669393.40548245
36672353.35701731
36675313.5474793
36678273.976887785
36681234.645261906
36684195.55262103
36687156.69898444
36690118.0843715
36693079.70880136
36696041.572293475
36699003.674866974
36701966.01654124
36704928.59733558
36707891.41726935
36710854.47636173
36713817.77463215
36716781.312099785
36719745.08878401
36722709.104704134
36725673.359879546
36728637.8543294
36731602.58807317
36734567.561130024
36737532.77351935
36740498.22526047
36743463.91637276
36746429.84687542
36749396.01678791
36752362.42612941
36755329.07491931
36758295.96317695
36761263.09092173
36764230.458172835
36767198.06494974
36770165.91127165
36773133.997157946
36776102.32262799
36779070.88770118
36782039.69239672
36785008.73673409
36787978.0207325
36790947.544411354
36793917.30779
36796887.31088787
36799857.55372417
36802828.03631831
36805798.758689724
36808769.72085763
36811740.92284144
36814712.36466059
36817684.046334304
36820655.967882
36823628.12932313
36826600.5306769
36829573.17196276
36832546.05320006
36835519.174408264
36838492.53560658
36841466.13681453
36844439.97805134
36847414.05933646
36850388.38068927
36853362.94212922
36856337.74367554
36859312.78534776
36862288.067165114
36865263.58914707
36868239.351312995
36871215.35368237
36874191.59627443
36877168.0791087
36880144.802204445
36883121.76558112
36886098.96925813
36889076.41325494
36892054.0975908
36895032.02228525
36898010.18735756
36900988.5928272
36903967.23871358
36906946.12503617
36909925.25181424
36912904.61906733
36915884.22681473
36918864.07507591
36921844.16387029
36924824.49321735
36927805.06313637
36930785.873646915
36933766.924768254
36936748.216519885
36939729.74892123
36942711.52199179
36945693.53575084
36948675.7902179
36951658.285412446
36954641.02135378
36957623.99806141
36960607.21555483
36963590.673853345
36966574.37297645
36969558.31294368
36972542.49377431
36975526.915487856
36978511.57810377
36981496.48164158
36984481.62612057
36987467.011560336
36990452.63798019
36993438.50539965
36996424.61383818
36999410.9633153
37002397.553850316
37005384.38546284
37008371.45817219
37011358.77199789
37014346.32695941
37017334.12307628
37020322.160367824
37023310.438853666
37026298.958553106
37029287.71948571
37032276.72167094
37035265.96512835
37038255.44987725
37041245.17593729
37044235.14332778
37047225.35206829
37050215.802178286
37053206.49367734
37056197.42658478
37059188.60092025
37062180.01670308
37065171.67395283
37068163.572689004
37071155.71293116
37074148.09469865
37077140.71801112
37080133.58288791
37083126.68934859
37086120.03741268
37089113.627099745
37092107.458429135
37095101.53142043
37098095.84609322
37101090.40246686
37104085.20056094
37107080.24039504
37110075.521988526
37113071.04536098
37116066.81053201
37119062.81752097
37122059.06634746
37125055.55703107
37128052.289591186
37131049.26404739
37134046.48041929
37137043.938726276
37140041.638987936
37143039.58122381
37146037.765453495
37149036.19169638
37152034.85997216
37155033.7703002
37158032.92270013
37161032.31719149
37164031.95379389
37167031.83252673
37170031.9534097
37173032.3164622
37176032.92170384
37179033.76915418
37182034.85883286
37185036.19075926
37188037.764953084
37191039.58143376
37194041.640220895
37197043.94133407
37200046.4847929
37203049.270616814
37206052.29882552
37209055.56943843
37212059.082475185
37215062.83795536
37218066.8358986
37221071.07632432
37224075.55925225
37227080.2847018
37230085.25269264
37233090.46324434
37236095.91637656
37239101.61210872
37242107.55046049
37245113.73145151
37248120.15510124
37251126.82142933
37254133.73045544
37257140.88219902
37260148.27667973
37263155.91391724
37266163.79393101
37269171.916740686
37272180.282365955
37275188.89082627
37278197.74214131
37281206.836330734
37284216.173414014
37287225.75341083
37290235.57634079
37293245.64222357
37296255.95107864
37299266.50292576
37302277.29778439
37305288.33567423
37308299.61661489
37311311.140626065
37314322.907727234
37317334.91793816
37320347.17127831
37323359.6677674
37326372.40742505
37329385.39027096
37332398.616324626
37335412.08560581
37338425.798134
37341439.753928915
37344453.95301018
37347468.39539752
37350483.08111042
37353498.01016866
37356513.182591744
37359528.59839939
37362544.25761125
37365560.160247035
37368576.306326255
37371592.6958687
37374609.32889388
37377626.205421515
37380643.325471275
37383660.68906288
37386678.29621585
37389696.14694998
37392714.24128479
37395732.57924002
37398751.160835326
37401769.98609047
37404789.055024944
37407808.36765852
37410827.92401092
37413847.72410168
37416867.76795055
37419888.05557727
37422908.58700138
37425929.36224263
37428950.38132078
37431971.644255355
37434993.15106612
37438014.90177275
37441036.89639503
37444059.13495247
37447081.61746493
37450104.34395195
37453127.31443329
37456150.52892865
37459173.987457804
37462197.6900403
37465221.63669599
37468245.82744442
37471270.262305364
37474294.94129854
37477319.86444372
37480345.03176047
37483370.443268634
37486396.09898779
37489421.99893772
37492448.14313813
37495474.53160883
37498501.16436936
37501528.041439615
37504555.16283915
37507582.52858777
37510610.1387052
37513637.99321123
37516666.092125446
37519694.43546773
37522723.02325765
37525751.85551502
37528780.932259575
37531810.25351112
37534839.81928925
37537869.62961385
37540899.684504494
37543929.98398102
37546960.52806316
37549991.31677074
37553022.350123346
37556053.628140815
37559085.15084296
37562116.91824938
37565148.93037991
37568181.187254384
37571213.6888924
37574246.43531378
37577279.426538385
37580312.6625858
37583346.143475875
37586379.86922844
37589413.83986312
37592448.055399746
37595482.51585817
37598517.22125802
37601552.171619125
37604587.36696126
37607622.80730429
37610658.49266783
37613694.42307181
37616730.59853586
37619767.019079834
37622803.68472351
37625840.59548677
37628877.75138922
37631915.15245082
37634952.7986912
37637990.69013023
37641028.826787695
37644067.20868347
37647105.8358372
37650144.70826883
37653183.82599801
37656223.18904462
37659262.797428444
37662302.65116939
37665342.750287086
37668383.09480151
37671423.6847323
37674464.520099364
37677505.60092249
37680546.92722158
37683588.4990163
37686630.31632661
37689672.37917218
37692714.68757291
37695757.24154861
37698800.04111919
37701843.086304314
37704886.37712389
37707929.91359782
37710973.69574578
37714017.72358768
37717061.99714342
37720106.51643269
37723151.281475395
37726196.292291455
37729241.54890055
37732287.05132261
37735332.79957754
37738378.793685034
37741425.03366502
37744471.519537404
37747518.251321904
37750565.22903843
37753612.45270684
37756659.92234706
37759707.63797881
37762755.59962207
37765803.80729656
37768852.26102222
37771900.9608189
37774949.90670656
37777999.09870488
37781048.536833905
37784098.22111334
37787148.15156314
37790198.32820316
37793248.751053356
37796299.42013345
37799350.33546347
37802401.497063145
37805452.90495242
37808504.55915119
37811556.4596794
37814608.60655679
37817660.99980339
37820713.639438935
37823766.5254834
37826819.65795666
37829873.0368787
37832926.66226925
37835980.53414836
37839034.65253577
37842089.01745146
37845143.628915325
37848198.48694735
37851253.59156728
37854308.94279517
37857364.54065078
37860420.38515408
37863476.476325005
37866532.81418352
37869589.39874939
37872646.230042614
37875703.30808317
37878760.632890835
37881818.2044856
37884876.02288746
37887934.08811619
37890992.400191784
37894050.95913425
37897109.76496336
37900168.81769911
37903228.11736144
37906287.663970366
37909347.457545646
37912407.49810739
37915467.78567537
37918528.32026961
37921589.10191003
37924650.13061667
37927711.406409316
37930772.92930806
37933834.69933269
37936896.71650325
37939958.98083967
37943021.492361985
37946084.25108999
37949147.25704381
37952210.51024322
37955274.01070828
37958337.758458935
37961401.75351523
37964465.995896965
37967530.48562427
37970595.22271694
37973660.207195036
37976725.439078525
37979790.91838744
37982856.64514162
37985922.61936117
37988988.84106593
37992055.31027594
37995122.02701119
37998188.99129173
38001256.2031374
38004323.66256832
38007391.369604334
38010459.324265495
38013527.5265718
38016595.976543315
38019664.67419987
38022733.619561546
38025802.81264841
38028872.2534803
38031941.9420773
38035011.87845948
38038082.06264669
38041152.494659
38044223.17451651
38047294.10223906
38050365.27784673
38053436.70135954
38056508.37279757
38059580.29218069
38062652.45952906
38065724.87486254
38068797.53820122
38071870.44956513
38074943.60897436
38078017.01644879
38081090.67200858
38084164.57567362
38087238.72746399
38090313.12739974
38093387.775500976
38096462.67178757
38099537.8162797
38102613.20899727
38105688.84996037
38108764.73918906
38111840.87670343
38114917.2625234
38117993.89666914
38121070.77916056
38124147.910017766
38127225.28926082
38130302.91690985
38133380.79298474
38136458.917505704
38139537.29049265
38142615.91196569
38145694.78194491
38148773.90045042
38151853.26750215
38154932.8831203
38158012.74732479
38161092.86013576
38164173.22157326
38167253.83165747
38170334.69040829
38173415.79784586
38176497.15399034
38179578.75886165
38182660.612479955
38185742.7148654
38188825.06603791
38191907.666017644
38194990.51482476
38198073.61247921
38201156.95900113
38204240.5544107
38207324.398727864
38210408.491972774
38213492.83416561
38216577.42532631
38219662.26547505
38222747.35463192
38225832.692817114
38228918.28005056
38232004.116352536
38235090.20174297
38238176.53624206
38241263.11986992
38244349.95264672
38247437.03459242
38250524.3657273
38253611.946071304
38256699.77564464
38259787.854467414
38262876.18255983
38265964.75994185
38269053.58663376
38272142.66265552
38275231.988027334
38278321.56276933
38281411.38690172
38284501.46044448
38287591.78341789
38290682.355841935
38293773.17773682
38296864.249122694
38299955.57001977
38303047.14044802
38306138.96042776
38309231.02997897
38312323.34912187
38315415.917876616
38318508.736263424
38321601.8043023
38324695.12201355
38327788.68941715
38330882.50653336
38333976.57338233
38337070.889984295
38340165.45635925
38343260.27252745
38346355.33850913
38349450.65432429
38352546.21999319
38355642.03553606
38358738.10097293
38361834.416324034
38364930.981609635
38368027.79684974
38371124.86206462
38374222.17727444
38377319.74249946
38380417.55775971
38383515.62307553
38386613.93846694
38389712.5039542
38392811.31955751
38395910.385297135
38399009.7011931
38402109.267265774
38405209.08353517
38408309.15002158
38411409.466745205
38414510.033726305
38417610.85098493
38420711.91854145
38423813.23641589
38426914.804628566
38430016.62319966
38433118.69214946
38436221.011498034
38439323.58126574
38442426.401472636
38445529.47213902
38448632.79328511
38451736.3649312
38454840.187097356
38457944.25980395
38461048.58307106
38464153.15691897
38467257.98136794
38470363.056438245
38473468.382149965
38476573.958523504
38479679.78557892
38482785.86333654
38485892.1918166
38488998.771039404
38492105.601025045
38495212.681793846
38498320.013366126
38501427.59576196
38504535.42900169
38507643.51310564
38510751.8480939
38513860.43398679
38516969.27080466
38520078.35856759
38523187.69729593
38526297.287009925
38529407.12772992
38532517.21947602
38535627.562268645
38538738.1561279
38541849.00107413
38544960.0971276
38548071.44430866
38551183.04263743
38554294.89213433
38557406.99281949
38560519.34471324
38563631.947835885
38566744.80220777
38569857.90784902
38572971.264780074
38576084.87302106
38579198.73259234
38582312.843514204
38585427.205807015
38588541.81949092
38591656.684586346
38594771.80111345
38597887.169092596
38601002.78854409
38604118.6594883
38607234.78194536
38610351.15593576
38613467.78147962
38616584.658597335
38619701.78730921
38622819.16763563
38625936.79959674
38629054.68321303
38632172.81850465
38635291.20549198
38638409.84419535
38641528.73463515
38644647.87683155
38647767.27080494
38650886.91657574
38654006.814164095
38657126.96359042
38660247.36487513
38663368.01803839
38666488.92310061
38669610.08008221
38672731.48900336
38675853.14988447
38678975.062745966
38682097.227608025
38685219.64449108
38688342.31341553
38691465.23440158
38694588.40746965
38697711.83264009
38700835.50993332
38703959.43936955
38707083.62096927
38710208.0547527
38713332.740740255
38716457.67895231
38719582.869409285
38722708.3121314
38725834.00713916
38728959.95445278
38732086.154092714
38735212.60607931
38738339.31043304
38741466.267174095
38744593.476323016
38747720.93790002
38750848.651925564
38753976.61842001
38757104.83740384
38760233.308897264
38763362.03292082
38766491.009494744
38769620.23863949
38772749.72037545
38775879.45472309
38779009.44170265
38782139.681334674
38785270.1736394
38788400.918637305
38791531.916348785
38794663.166794315
38797794.66999414
38800926.42596874
38804058.43473859
38807190.69632396
38810323.21074531
38813455.97802316
38816588.99817773
38819722.27122952
38822855.79719903
38825989.576106526
38829123.60797248
38832257.892817415
38835392.430661574
38838527.22152546
38841662.265429586
38844797.56239422
38847933.112439856
38851068.91558693
38854204.97185595
38857341.281267196
38860477.84384125
38863614.65959839
38866751.72855914
38869889.05074393
38873026.62617329
38876164.45486749
38879302.536847144
38882440.872132525
38885579.46074417
38888718.30270253
38891857.398028135
38894996.746741265
38898136.348862536
38901276.20441225
38904416.313410945
38907556.675879076
38910697.29183718
38913838.16130556
38916979.28430484
38920120.66085533
38923262.290977575
38926404.174692035
38929546.312019266
38932688.70297958
38935831.34759361
38938974.24588167
38942117.39786432
38945260.80356203
38948404.462995365
38951548.37618465
38954692.54315052
38957836.96391331
38960981.638493575
38964126.56691182
38967271.74918859
38970417.185344234
38973562.87539933
38976708.819374435
38979855.0172899
38983001.469166294
38986148.175024204
38989295.13488396
38992442.34876616
38995589.81669138
38998737.538679965
39001885.514752515
39005033.74492952
39008182.22923159
39011330.96767906
39014479.96029262
39017629.20709262
39020778.708099656
39023928.463334255
39027078.47281701
39030228.73656829
39033379.25460877
39036530.02695883
39039681.05363907
39042832.334670015
39045983.87007228
39049135.65986625
39052287.7040726
39055440.00271172
39058592.55580422
39061745.36337064
39064898.42543161
39068051.7420075
39071205.313119024
39074359.13878657
39077513.21903075
39080667.55387213
39083822.143331334
39086976.987428755
39090132.086185105
39093287.439620785
39096443.04775643
39099598.9106126
39102755.02820994
39105911.40056884
39109068.02771004
39112224.90965395
39115382.04642119
39118539.43803235
39121697.08450808
39124854.98586879
39128013.14213513
39131171.55332776
39134330.2194671
39137489.140573815
39140648.31666855
39143807.74777173
39146967.43390404
39150127.37508612
39153287.57133841
39156448.02268158
39159608.72913621
39162769.690722995
39165930.90746234
39169092.37937503
39172254.106481485
39175416.08880238
39178578.32635833
39181740.81917002
39184903.56725787
39188066.57064268
39191229.82934487
39194393.34338514
39197557.11278409
39200721.13756243
39203885.417740606
39207049.95333939
39210214.74437925
39213379.790880874
39216545.092864886
39219710.650351994
39222876.46336266
39226042.53191766
39229208.856037475
39232375.43574281
39235542.2710543
39238709.36199264
39241876.708578326
39245044.310832135
39248212.16877456
39251380.28242631
39254548.65180804
39257717.27694045
39260886.157844044
39264055.294539616
39267224.68704766
39270394.3353889
39273564.23958399
39276734.399653666
39279904.81561842
39283075.487498984
39286246.41531609
39289417.599090256
39292589.03884221
39295760.73459269
39298932.686362214
39302104.89417151
39305277.358041346
39308450.07799222
39311623.05404488
39314796.28622009
39317969.77453835
39321143.51902042
39324317.519687064
39327491.7765588
39330666.289656386
39333841.0590005
39337016.084611915
39340191.36651115
39343366.904719055
39346542.69925616
39349718.75014324
39352895.05740098
39356071.62105015
39359248.441111304
39362425.51760528
39365602.85055263
39368780.43997413
39371958.28589049
39375136.38832248
39378314.747290656
39381493.36281588
39384672.234918706
39387851.36361992
39391030.748940244
39394210.39090047
39397390.28952114
39400570.44482315
39403750.85682705
39406931.525553636
39410112.45102364
39413293.633257866
39416475.072276875
39419656.76810156
39422838.72075248
39426020.93025045
39429203.39661621
39432386.11987058
39435569.10003412
39438752.33712773
39441935.831172
39445119.582187735
39448303.59019569
39451487.85521669
39454672.37727131
39457857.15638039
39461042.192564756
39464227.485845
39467413.03624195
39470598.84377644
39473784.90846907
39476971.23034068
39480157.80941211
39483344.64570395
39486531.73923705
39489719.090032175
39492906.69811017
39496094.56349165
39499282.686197534
39502471.06624844
39505659.70366521
39508848.59846864
39512037.75067957
39515227.16031861
39518416.82740673
39521606.75196452
39524796.93401285
39527987.37357251
39531178.070664376
39534369.02530906
39537560.23752752
39540751.70734039
39543943.43476853
39547135.41983274
39550327.66255391
39553520.162952654
39556712.92104995
39559905.93686644
39563099.21042299
39566292.74174042
39569486.53083962
39572680.57774122
39575874.88246621
39579069.44503523
39582264.26546917
39585459.34378885
39588654.68001517
39591850.27416878
39595046.12627067
39598242.23634149
39601438.604402155
39604635.23047348
39607832.11457638
39611029.25673151
39614226.6569598
39617424.31528214
39620622.231719226
39623820.406291954
39627018.83902125
39630217.52992779
39633416.479032494
39636615.68635628
39639815.15191984
39643014.87574409
39646214.85784989
39649415.09825815
39652615.59698957
39655816.35406517
39659017.36950563
39662218.64333189
39665420.17556481
39668621.966225326
39671824.01533414
39675026.32291226
39678228.88898041
39681431.71355953
39684634.79667048
39687838.138334215
39691041.73857144
39694245.5974032
39697449.71485019
39700654.09093337
39703858.72567362
39707063.61909191
39710268.77120895
39713474.18204578
39716679.851623125
39719885.77996196
39723091.967083156
39726298.41300769
39729505.11775629
39732712.08135002
39735919.3038096
39739126.78515601
39742334.52541015
39745542.524593
39748750.7827253
39751959.2998281
39755168.07592216
39758377.111028455
39761586.4051679
39764795.958361484
39768005.77062996
39771215.84199431
39774426.17247553
39777636.762094386
39780847.61087187
39784058.718828976
39787270.08598647
39790481.71236536
39793693.597986646
39796905.74287108
39800118.1470397
39803330.81051349
39806543.733313225
39809756.91545992
39812970.3569746
39816184.05787803
39819398.01819123
39822612.23793514
39825826.71713078
39829041.45579893
39832256.45396071
39835471.711636886
39838687.228848495
39841903.00561649
39845119.0419619
39848335.33790551
39851551.893468454
39854768.7086715
39857985.78353572
39861203.11808205
39864420.71233153
39867638.566304974
39870856.680023514
39874075.05350794
39877293.6867793
39880512.57985858
39883731.732766815
39886951.14552483
39890170.81815376
39893390.75067441
39896610.94310785
39899831.39547506
39903052.10779709
39906273.08009478
39909494.31238926
39912715.804701366
39915937.557052165
39919159.56946265
39922381.84195389
39925604.374546714
39928827.167262204
39932050.22012143
39935273.53314524
39938497.10635471
39941720.93977092
39944945.03341472
39948169.38730719
39951394.001469426
39954618.87592226
39957844.01068679
39961069.40578412
39964295.06123509
39967520.97706081
39970747.15328236
39973973.58992061
39977200.286996655
39980427.24453152
39983654.46254631
39986881.9410619
39990109.68009946
39993337.67967987
39996565.93982424
39999794.460553594
40003023.24188906
40006252.28385151
40009481.58646214
40012711.14974183
40015940.97371169
40019171.058392785
40022401.403806224
40025632.00997289
40028862.87691401
40032094.00465046
40035325.39320337
40038557.0425938
40041788.95284288
40045021.1239715
40048253.556000896
40051486.24895196
40054719.20284582
40057952.417703554
40061185.893546306
40064419.63039498
40067653.62827081
40070887.88719469
40074122.4071878
40077357.18827118
40080592.23046601
40083827.53379319
40087063.09827398
40090298.923929274
40093535.01078025
40096771.35884799
40100007.96815366
40103244.83871818
40106481.97056273
40109719.363708474
40112957.01817635
40116194.93398752
40119433.11116317
40122671.54972423
40125910.24969188
40129149.21108731
40132388.433931455
40135627.918245494
40138867.66405054
40142107.67136779
40145347.94021817
40148588.47062297
40151829.26260314
40155070.316179864
40158311.63137427
40161553.20820755
40164795.04670066
40168037.14687488
40171279.50875119
40174522.13235077
40177765.01769477
40181008.164804384
40184251.573700584
40187495.244404666
40190739.176937595
40193983.37132058
40197227.82757478
40200472.5457214
40203717.525781415
40206962.76777614
40210208.27172654
40213454.03765386
40216700.065579236
40219946.35552389
40223192.90750883
40226439.72155535
40229686.79768446
40232934.13591738
40236181.73627528
40239429.59877939
40242677.723450705
40245926.11031057
40249174.75937996
40252423.67068014
40255672.84423227
40258922.28005761
40262171.97817715
40265421.938612156
40268672.16138388
40271922.64651334
40275173.394021794
40278424.40393049
40281675.676260464
40284927.21103297
40288179.00826927
40291431.06799041
40294683.390217625
40297935.97497221
40301188.822275184
40304441.93214782
40307695.30461141
40310948.93968696
40314202.83739577
40317456.99775904
40320711.42079804
40323966.106533825
40327221.05498775
40330476.266180865
40333731.74013446
40336987.47686974
40340243.47640801
40343499.738770306
40346756.26397801
40350013.052052185
40353270.10301413
40356527.41688505
40359784.99368626
40363042.83343881
40366300.93616411
40369559.30188321
40372817.93061742
40376076.82238797
40379335.977216184
40382595.39512312
40385855.07613018
40389115.02025844
40392375.22752923
40395635.697963774
40398896.431583405
40402157.428409204
40405418.68846258
40408680.21176461
40411941.99833664
40415204.048199914
40418466.361375764
40421728.93788528
40424991.7777498
40428254.88099067
40431518.24762899
40434781.87768608
40438045.77118331
40441309.92814177
40444574.34858282
40447839.03252779
40451103.9799978
40454369.1910142
40457634.66559835
40460900.403771356
40464166.40555457
40467432.67096937
40470699.20003686
40473965.992778406
40477233.04921529
40480500.36936889
40483767.95326031
40487035.800911024
40490303.912342146
40493572.28757505
40496840.92663104
40500109.82953148
40503378.996297516
40506648.4269506
40509918.121511884
40513188.08000274
40516458.30244447
40519728.78885848
40522999.53926589
40526270.55368819
40529541.832146525
40532813.37466229
40536085.181256786
40539357.251951426
40542629.58676737
40545902.185726084
40549175.04884873
40552448.17615673
40555721.56767139
40558995.22341413
40562269.14340611
40565543.327668816
40568817.77622343
40572092.48909136
40575367.46629394
40578642.707852595
40581918.213788494
40585193.98412315
40588470.01887773
40591746.31807367
40595022.88173231
40598299.709875084
40601576.802523166
40604854.159698
40608131.78142102
40611409.66771341
40614687.81859662
40617966.23409207
40621244.914220974
40624523.85900476
40627803.06846489
40631082.54262255
40634362.2814992
40637642.285116196
40640922.553495
40644203.08665681
40647483.88462317
40650764.94741529
40654046.27505463
40657327.86756257
40660609.72496057
40663891.84726984
40667174.23451194
40670456.88670809
40673739.803879745
40677022.98604831
40680306.43323525
40683590.1454618
40686874.1227495
40690158.365119606
40693442.87259358
40696727.64519283
40700012.68293884
40703297.98585283
40706583.5539564
40709869.38727076
40713155.485817425
40716441.849617794
40719728.47869336
40723015.37306537
40726302.532755405
40729589.95778471
40732877.64817481
40736165.603947096
40739453.82512309
40742742.31172404
40746031.063771546
40749320.081286855
40752609.3642915
40755898.91280688
40759188.72685455
40762478.80645574
40765769.151631996
40769059.76240482
40772350.638795495
40775641.78082554
40778933.18851648
40782224.8618896
40785516.80096643
40788809.00576848
40792101.476317056
40795394.212633684
40798687.214739814
40801980.482656986
40805274.0164065
40808567.81600996
40811861.88148867
40815156.21286418
40818450.81015795
40821745.67339152
40825040.8025862
40828336.197763614
40831631.85894508
40834927.78615214
40838223.97940628
40841520.43872905
40844817.16414176
40848114.15566606
40851411.41332326
40854708.93713493
40858006.727122545
40861304.78330769
40864603.10571166
40867901.694356136
40871200.549262434
40874499.67045213
40877799.05794672
40881098.71176778
40884398.63193663
40887698.81847496
40890999.271404095
40894299.99074561
40897600.97652102
40900902.22875193
40904203.74745965
40907505.53266587
40910807.584391944
40914109.90265946
40917412.48748994
40920715.33890498
40924018.45692593
40927321.841574386
40930625.49287197
40933929.410840034
40937233.595500186
40940538.04687403
40943842.76498294
40947147.74984852
40950453.001492396
40953758.51993593
40957064.30520073
40960370.35730844
40963676.67628042
40966983.26213829
40970290.11490369
40973597.23459799
40976904.621242814
40980212.27485972
40983520.19547033
40986828.383096054
40990136.837758586
40993445.55947932
40996754.548279904
41000063.80418189
41003373.327206925
41006683.1173764
41009993.174712054
41013303.49923529
41016614.09096774
41019924.94993098
41023236.07614667
41026547.46963621
41029859.13042135
41033171.05852349
41036483.2539643
41039795.71676535
41043108.44694831
41046421.44453459
41049734.709545955
41053048.24200381
41056362.04192984
41059676.10934562
41062990.444272846
41066305.046732925
41069619.91674762
41072935.05433837
41076250.45952686
41079566.13233469
41082882.07278353
41086198.28089483
41089514.75669036
41092831.50019156
41096148.51142012
41099465.79039767
41102783.33714587
41106101.15168621
41109419.23404035
41112737.58423001
41116056.202276655
41119375.08820196
41122694.24202766
41126013.6637752
41129333.35346629
41132653.31112264
41135973.536765724
41139294.03041724
41142614.79209884
41145935.82183223
41149257.11963888
41152578.68554061
41155900.519558884
41159222.62171542
41162544.99203187
41165867.63052997
41169190.53723119
41172513.712157354
41175837.155329935
41179160.86677068
41182484.84650124
41185809.09454335
41189133.610918514
41192458.395648554
41195783.44875495
41199108.77025947
41202434.36018377
41205760.218549594
41209086.34537845
41212412.740692176
41215739.40451228
41219066.33686051
41222393.537758544
41225721.00722815
41229048.74529083
41232376.75196844
41235705.0272825
41239033.57125477
41242362.38390693
41245691.46526076
41249020.815337785
41252350.43415985
41255680.3217485
41259010.4781255
41262340.90331255
41265671.597331434
41269002.56020368
41272333.791951075
41275665.29259541
41278997.06215822
41282329.1006613
41285661.408126436
41288993.984575175
41292326.83002931
41295659.94451064
41298993.32804072
41302326.980641335
41305660.90233423
41308995.09314118
41312329.55308377
41315664.28218387
41318999.28046305
41322334.54794311
41325670.08464579
41329005.89059291
41332341.96580602
41335678.31030704
41339014.924117535
41342351.807259314
41345688.95975413
41349026.38162381
41352364.072889924
41355702.03357439
41359040.26369878
41362378.76328494
41365717.53235461
41369056.570929624
41372395.87903158
41375735.4566824
41379075.30390367
41382415.42071723
41385755.80714485
41389096.46320837
41392437.3889294
41395778.58432985
41399120.04943135
41402461.78425573
41405803.788824774
41409146.06316034
41412488.607284024
41415831.42121779
41419174.50498324
41422517.85860223
41425861.48209656
41429205.37548809
41432549.53879843
41435893.97204946
41439238.675263055
41442583.648460835
41445928.89166468
41449274.40489646
41452620.18817782
41455966.24153063
41459312.564976774
41462659.158537894
41466006.02223587
41469353.15609259
41472700.5601297
41476048.2343691
41479396.178832665
41482744.39354205
41486092.878519155
41489441.63378579
41492790.659363866
41496139.95527503
41499489.52154127
41502839.35818423
41506189.465225846
41509539.84268792
41512890.490592375
41516241.40896087
41519592.59781541
41522944.05717765
41526295.78706952
41529647.787512854
41533000.05852957
41536352.60014135
41539705.4123702
41543058.49523779
41546411.84876605
41549765.47297684
41553119.367892094
41556473.53353348
41559827.96992303
41563182.67708242
41566537.6550336
41569892.90379843
41573248.423398845
41576604.21385655
41579960.27519357
41583316.607431605
41586673.2105926
41590030.08469843
41593387.22977105
41596744.64583216
41600102.33290371
41603460.29100768
41606818.52016578
41610177.02039995
41613535.79173218
41616894.83418416
41620254.14777788
41623613.7325353
41626973.58847815
41630333.71562839
41633694.11400801
41637054.78363872
41640415.72454252
41643776.936741374
41647138.42025702
41650500.175111435
41653862.201326534
41657224.49892429
41660587.06792646
41663949.90835511
41667313.02023198
41670676.403579056
41674040.058418274
41677403.98477162
41680768.18266083
41684132.65210801
41687497.393134914
41690862.40576353
41694227.69001579
41697593.24591371
41700959.07347904
41704325.17273388
41707691.543699995
41711058.1863994
41714425.10085403
41717792.287085906
41721159.74511679
41724527.4749688
41727895.47666371
41731263.75022353
41734632.295670226
41738001.113025814
41741370.20231209
41744739.56355115
41748109.1967648
41751479.10197506
41754849.27920391
41758219.72847336
41761590.44980522
41764961.443221614
41768332.70874434
41771704.24639545
41775076.05619689
41778448.138170734
41781820.49233878
41785193.11872308
41788566.01734568
41791939.188228406
41795312.63139331
41798686.34686246
41802060.33465766
41805434.59480098
41808809.127314486
41812183.93222
41815559.00953959
41818934.35929524
41822309.98150904
41825685.87620281
41829062.04339869
41832438.48311855
41835815.195384435
41839192.18021836
41842569.43764241
41845946.96767843
41849324.77034857
41852702.845674686
41856081.19367887
41859459.814383134
41862838.70780957
41866217.873980016
41869597.312916666
41872977.024641365
41876357.009176224
41879737.26654326
41883117.79676458
41886498.59986204
41889879.675857835
41893261.02477382
41896642.64663212
41900024.541454755
41903406.709263854
41906789.15008128
41910171.863929234
41913554.850829594
41916938.110804476
41920321.643875934
41923705.45006609
41927089.52939682
41930473.88189034
41933858.50756853
41937243.406453535
41940628.57856741
41944014.02393228
41947399.742570035
41950785.73450282
41954171.9997528
41957558.538341835
41960945.350292094
41964332.435625724
41967719.794364624
41971107.42653094
41974495.33214684
41977883.51123422
41981271.963815235
41984660.68991197
41988049.689546585
41991438.96274099
41994828.50951744
41998218.329897836
42001608.42390437
42004998.7915591
42008389.43288423
42011780.347901665
42015171.53663366
42018562.99910216
42021954.73532933
42025346.74533727
42028739.02914817
42032131.58678396
42035524.41826691
42038917.52361895
42042310.90286229
42045704.556019016
42049098.483111344
42052492.6841612
42055887.15919087
42059281.90822231
42062676.931277715
42066072.228379205
42069467.79954898
42072863.64480901
42076259.76418157
42079656.157688625
42083052.825352386
42086449.767194994
42089846.983238645
42093244.473505326
42096642.23801732
42100040.27679661
42103438.58986541
42106837.17724587
42110236.03896021
42113635.1750304
42117034.585478686
42120434.27032729
42123834.229598194
42127234.46331363
42130634.971495844
42134035.75416682
42137436.81134879
42140838.14306401
42144239.74933446
42147641.63018239
42151043.78563006
42154446.21569945
42157848.92041282
42161251.899792425
42164655.15386026
42168058.68263859
42171462.48614959
42174866.564415514
42178270.91745837
42181675.54530052
42185080.44796396
42188485.62547097
42191891.07784373
42195296.805104524
42198702.80727535
42202109.084378585
42205515.63643625
42208922.46347061
42212329.56550387
42215736.942558326
42219144.59465599
42222552.52181924
42225960.72407011
42229369.20143089
42232777.953923784
42236186.981571086
42239596.284394845
42243005.86241743
42246415.71566089
42249825.84414753
42253236.24789957
42256646.9269393
42260057.88128878
42263469.110970415
42266880.61600624
42270292.39641857
42273704.45222964
42277116.78346177
42280529.39013701
42283942.27227777
42287355.429906115
42290768.863044366
42294182.57171477
42297596.55593964
42301010.81574105
42304425.35114133
42307840.16216283
42311255.24882761
42314670.611158006
42318086.24917635
42321502.16290475
42324918.352365516
42328334.817581005
42331751.558573306
42335168.57536476
42338585.867977634
42342003.43643428
42345421.28075678
42348839.40096759
42352257.7970888
42355676.469142765
42359095.417151764
42362514.64113815
42365934.14112403
42369353.91713187
42372773.96918376
42376194.297302075
42379614.90150909
42383035.7818272
42386456.938278496
42389878.370885454
42393300.07967018
42396722.06465507
42400144.32586241
42403566.863314584
42406989.677033715
42410412.76704228
42413836.133362405
42417259.77601648
42420683.695026815
42424107.8904158
42427532.36220558
42430957.110418625
42434382.13507708
42437807.43620335
42441233.013819754
42444658.86794869
42448084.99861231
42451511.405833095
42454938.08963322
42458365.050035074
42461792.287061
42465219.8007334
42468647.591074444
42472075.65810655
42475504.00185213
42478932.622333355
42482361.51957265
42485790.69359244
42489220.14441489
42492649.87206243
42496079.8765575
42499510.15792226
42502940.71617916
42506371.55135054
42509802.663458854
42513234.052526265
42516665.71857531
42520097.66162818
42523529.88170731
42526962.37883507
42530395.1530339
42533828.204326004
42537261.53273392
42540695.13827983
42544129.020986214
42547563.18087542
42550997.61796993
42554432.33229194
42557867.32386399
42561302.5927083
42564738.13884733
42568173.96230347
42571610.06309918
42575046.441256694
42578483.096798554
42581920.02974699
42585357.240124464
42588794.72795339
42592232.49325624
42595670.536055245
42599108.85637297
42602547.45423164
42605986.329653755
42609425.48266172
42612864.91327802
42616304.62152489
42619744.60742493
42623184.87100036
42626625.41227369
42630066.231267326
42633507.32800379
42636948.70250531
42640390.354794405
42643832.28489358
42647274.49282508
42650716.97861144
42654159.74227515
42657602.78383848
42661046.10332395
42664489.700754076
42667933.57615112
42671377.729537606
42674822.160936065
42678266.870368764
42681711.857858226
42685157.12342698
42688602.667097315
42692048.48889175
42695494.58883274
42698940.96694284
42702387.6232443
42705834.55775977
42709281.77051153
42712729.26152212
42716177.030814014
42719625.07840975
42723073.40433162
42726522.00860227
42729970.89124399
42733420.05227933
42736869.49173078
42740319.209620886
42743769.205971956
42747219.480806634
42750670.03414724
42754120.86601633
42757571.976436384
42761023.36542998
42764475.03301944
42767926.97922741
42771379.20407621
42774831.70758842
42778284.489786536
42781737.55069314
42785190.89033055
42788644.50872145
42792098.405888155
42795552.58185326
42799007.03663928
42802461.77026879
42805916.78276414
42809372.07414791
42812827.64444271
42816283.49367088
42819739.62185502
42823196.02901773
42826652.715181366
42830109.68036853
42833566.92460183
42837024.44790362
42840482.25029651
42843940.33180312
42847398.6924458
42850857.332247175
42854316.25122986
42857775.44941621
42861234.926828876
42864694.683490366
42868154.71942333
42871615.034650125
42875075.62919347
42878536.50307574
42881997.65631957
42885459.08894752
42888920.80098221
42892382.79244603
42895845.06336171
42899307.61375163
42902770.44363844
42906233.5530447
42909696.94199306
42913160.6105059
42916624.55860598
42920088.78631568
42923553.29365766
42927018.080654494
42930483.147328846
42933948.493703105
42937414.11980004
42940880.02564204
42944346.21125178
42947812.67665185
42951279.421864904
42954746.44691338
42958213.75182001
42961681.33660723
42965149.201297715
42968617.34591406
42972085.77047894
42975554.47501479
42979023.459544376
42982492.72409012
42985962.26867473
42989432.093320794
42992902.198051006
42996372.58288781
42999843.2478539
43003314.19297197
43006785.418264456
43010256.92375407
43013728.70946353
43017200.77541525
43020673.12163196
43024145.74813636
43027618.6549509
43031091.84209831
43034565.3096012
43038039.057482295
43041513.08576405
43044987.394469276
43048461.983620435
43051936.853240244
43055412.00335135
43058887.43397649
43062363.145138115
43065839.13685905
43069315.40916178
43072791.96206902
43076268.79560343
43079745.90978775
43083223.304644465
43086700.980196394
43090178.93646603
43093657.173476115
43097135.69124931
43100614.48980837
43104093.56917578
43107572.92937438
43111052.57042667
43114532.49235541
43118012.69518326
43121493.178932995
43124973.94362711
43128454.98928846
43131936.31593954
43135417.92360313
43138899.81230191
43142381.98205866
43145864.43289588
43149347.16483644
43152830.17790285
43156313.47211789
43159797.04750427
43163280.90408475
43166765.041881874
43170249.46091842
43173734.161217175
43177219.14280067
43180704.4056917
43184189.949913055
43187675.77548727
43191161.88243715
43194648.27078548
43198134.94055482
43201621.89176796
43205109.1244477
43208596.63861661
43212084.43429747
43215572.51151311
43219060.87028607
43222549.510639176
43226038.43259514
43229527.6361768
43233017.121406704
43236506.88830776
43239996.93690253
43243487.267213844
43246977.87926444
43250468.773077145
43253959.94867454
43257451.40607952
43260943.145314686
43264435.166402854
43267927.46936679
43271420.05422932
43274912.921013035
43278406.06974087
43281899.50043539
43285393.21311946
43288887.20781584
43292381.48454738
43295876.04333666
43299370.88420664
43302866.0071799
43306361.41227931
43309857.099527635
43313353.06894774
43316849.32056223
43320345.854394056
43323842.67046583
43327339.76880041
43330837.14942058
43334334.81234923
43337832.75760896
43341330.98522265
43344829.49521318
43348328.28760316
43351827.36241549
43355326.719673045
43358826.35939845
43362326.28161458
43365826.48634435
43369326.97361037
43372827.74343555
43376328.79584277
43379830.130854666
43383331.74849415
43386833.64878411
43390335.8317472
43393838.29740631
43397341.045784265
43400844.07690398
43404347.39078809
43407850.987459615
43411354.86694119
43414859.02925573
43418363.474426076
43421868.202475145
43425373.213425584
43428878.50730042
43432384.08412231
43435889.94391417
43439396.08669885
43442902.512499295
43446409.22133815
43449916.213238455
43453423.488222875
43456931.046314344
43460438.88753572
43463947.011909954
43467455.419459715
43470964.110208035
43474473.084177606
43477982.34139138
43481491.8818722
43485001.70564304
43488511.812726595
43492022.203145884
43495532.87692363
43499043.834082775
43502555.0746462
43506066.59863687
43509578.40607749
43513090.496991105
43516602.87140044
43520115.52932844
43523628.470798016
43527141.69583213
43530655.204453506
43534168.9966851
43537683.072549924
43541197.43207068
43544712.07527035
43548227.002171926
43551742.212798126
43555257.707171954
43558773.48531639
43562289.54725417
43565805.893008284
43569322.52260164
43572839.436057255
43576356.63339784
43579874.11464651
43583391.879825994
43586909.9289593
43590428.26206935
43593946.87917916
43597465.78031146
43600984.96548937
43604504.43473564
43608024.188073285
43611544.22552524
43615064.547114514
43618585.15286388
43622106.042796455
43625627.21693499
43629148.67530251
43632670.41792198
43636192.44481642
43639714.756008595
43643237.35152163
43646760.23137831
43650283.39560167
43653806.84421466
43657330.57724033
43660854.59470146
43664378.89662118
43667903.48302229
43671428.35392782
43674953.50936075
43678478.94934414
43682004.67390077
43685530.68305379
43689056.976826
43692583.55524045
43696110.41832014
43699637.56608812
43703164.998567194
43706692.71578044
43710220.71775092
43713749.00450145
43717277.5760551
43720806.432434954
43724335.57366382
43727864.99976479
43731394.710760936
43734924.70667508
43738454.98753032
43741985.553349644
43745516.40415614
43749047.53997265
43752578.960822344
43756110.66672806
43759642.65771289
43763174.93379985
43766707.495012045
43770240.3413723
43773773.472903825
43777306.88962946
43780840.59157231
43784374.578755386
43787908.85120182
43791443.40893445
43794978.2519765
43798513.38035079
43802048.79408047
43805584.49318856
43809120.477698185
43812656.74763221
43816193.303013854
43819730.14386597
43823267.2702117
43826804.682074085
43830342.37947626
43833880.36244109
43837418.630991824
43840957.185151316
43844496.02494271
43848035.150389075
43851574.56151356
43855114.258339025
43858654.24088873
43862194.50918555
43865735.06325265
43869275.90311308
43872817.02879002
43876358.44030634
43879900.137685224
43883442.12094983
43886984.39012304
43890526.94522804
43894069.78628799
43897612.91332581
43901156.32636465
43904700.0254277
43908244.01053786
43911788.28171832
43915332.83899225
43918877.682382576
43922422.81191247
43925968.227605134
43929513.92948347
43933059.91757068
43936606.19188987
43940152.75246423
43943699.59931668
43947246.73247051
43950794.15194866
43954341.85777433
43957889.84997063
43961438.12856076
43964986.69356767
43968535.54501465
43972084.68292464
43975634.10732087
43979183.81822644
43982733.81566459
43986284.09965826
43989834.67023075
43993385.52740503
43996936.67120431
44000488.10165174
44004039.81877054
44007591.822583675
44011144.11311446
44014696.69038586
44018249.55442113
44021802.70524338
44025356.14287588
44028909.867341585
44032463.87866384
44036018.176865615
44039572.761970155
44043127.63400062
44046682.79298026
44050238.238932066
44053793.97187936
44057349.99184516
44060906.2988527
44064462.89292515
44068019.77408579
44071576.9423576
44075134.39776385
44078692.1403278
44082250.17007246
44085808.487021096
44089367.09119698
44092925.982623115
44096485.16132279
44100044.62731927
44103604.380635574
44107164.42129498
44110724.74932068
44114285.36473597
44117846.26756385
44121407.457827725
44124968.93555059
44128530.70075577
44132092.753466435
44135655.093705915
44139217.721497215
44142780.63686374
44146343.83982851
44149907.33041485
44153471.10864596
44157035.174545154
44160599.52813548
44164164.16944032
44167729.09848274
44171294.31528605
44174859.81987347
44178425.61226832
44181991.69249367
44185558.060572915
44189124.716529116
44192691.6603856
44196258.89216561
44199826.41189247
44203394.21958925
44206962.31527937
44210530.698985904
44214099.37073219
44217668.33054146
44221237.57843708
44224807.11444212
44228376.93858
44231947.050873816
44235517.45134691
44239088.140022546
44242659.11692407
44246230.38207459
44249801.93549743
44253373.77721598
44256945.90725331
44260518.325632796
44264091.032377794
44267664.02751141
44271237.31105701
44274810.883037955
44278384.74347736
44281958.892398596
44285533.32982494
44289108.055779785
44292683.07028624
44296258.37336776
44299833.965047464
44303409.84534875
44306986.014294915
44310562.47190934
44314139.21821514
44317716.25323581
44321293.57699447
44324871.189514525
44328449.09081927
44332027.28093212
44335605.75987619
44339184.527674995
44342763.58435166
44346342.92992959
44349922.56443211
44353502.48788264
44357082.7003043
44360663.201720625
44364243.99215474
44367825.071630076
44371406.44016996
44374988.09779782
44378570.04453681
44382152.28041044
44385734.80544187
44389317.61965454
44392900.72307179
44396484.11571705
44400067.797613494
44403651.76878464
44407236.02925366
44410820.57904401
44414405.41817902
44417990.54668216
44421575.96457659
44425161.671885766
44428747.66863314
44432333.9548419
44435920.53053549
44439507.39573738
44443094.550470755
44446681.99475907
44450269.7286258
44453857.75209412
44457446.065187514
44461034.66792944
44464623.56034311
44468212.74245199
44471802.21427955
44475391.975848995
44478982.027183816
44482572.36830739
44486162.99924321
44489753.92001448
44493345.130644776
44496936.631157316
44500528.42157559
44504120.50192301
44507712.87222305
44511305.53249895
44514898.482774295
44518491.7230723
44522085.25341648
44525679.07383025
44529273.184337094
44532867.58496027
44536462.27572337
44540057.25664963
44543652.527762555
44547248.08908559
44550843.94064223
44554440.08245574
44558036.51454972
44561633.23694741
44565230.24967235
44568827.55274798
44572425.14619781
44576023.030045114
44579621.2043135
44583219.66902623
44586818.42420686
44590417.469878815
44594016.806065634
44597616.4327906
44601216.35007725
44604816.557949126
44608417.0564295
44612017.845541924
44615618.925309956
44619220.29575686
44622821.95690621
44626423.90878155
44630026.15140616
44633628.68480362
44637231.50899747
44640834.62401102
44644438.02986782
44648041.726591446
44651645.71420519
44655249.99273264
44658854.56219725
44662459.42262262
44666064.574032046
44669670.0164492
44673275.74989738
44676881.77440018
44680488.089981094
44684094.69666371
44687701.59447133
44691308.78342765
44694916.26355598
44698524.03487992
44702132.09742298
44705740.451208755
44709349.09626056
44712958.0326021
44716567.26025671
44720176.77924798
44723786.58959944
44727396.691334695
44731007.08447708
44734617.769050315
44738228.74507772
44741840.01258293
44745451.571589455
44749063.422120936
44752675.564200714
44756287.9978525
44759900.72309965
44763513.739965804
44767127.04847448
44770740.648649335
44774354.54051371
44777968.72409134
44781583.199405596
44785197.966480106
44788813.025338426
44792428.376004204
44796044.01850081
44799659.95285189
44803276.17908109
44806892.6972118
44810509.50726766
44814126.60927234
44817744.003249206
44821361.689221926
44824979.66721417
44828597.93724931
44832216.499351025
44835835.35354289
44839454.49984856
44843073.93829144
44846693.6688953
44850313.69168353
44853934.00667982
44857554.61390774
44861175.51339099
44864796.70515296
44868418.18921743
44872039.96560782
44875662.03434781
44879284.395461
44882907.04897109
44886529.99490148
44890153.23327598
44893776.76411799
44897400.587451234
44901024.70329931
44904649.11168591
44908273.81263448
44911898.80616882
44915524.09231235
44919149.6710888
44922775.542521775
44926401.70663499
44930028.1634519
44933654.91299631
44937281.95529166
44940909.29036167
44944536.91822999
44948164.838920325
44951793.05245615
44955421.55886126
44959050.35815914
44962679.45037351
44966308.83552801
44969938.51364639
44973568.484752096
44977198.74886889
44980829.306020506
44984460.15623042
44988091.29952236
44991722.73592011
44995354.46544711
44998986.488127135
45002618.803983934
45006251.413040996
45009884.315322064
45013517.51085082
45017150.999651015
45020784.78174616
45024418.857160084
45028053.2259163
45031687.888038576
45035322.84355059
45038958.092476115
45042593.634838656
45046229.47066208
45049865.599969886
45053502.022785865
45057138.7391337
45060775.74903719
45064413.052519836
45068050.64960552
45071688.54031777
45075326.72468036
45078965.202717
45082603.9744515
45086243.039907366
45089882.3991085
45093522.05207843
45097161.998840965
45100802.2394198
45104442.77383877
45108083.6021214
45111724.724291585
45115366.14037287
45119007.85038907
45122649.85436392
45126292.152321234
45129934.744284555
45133577.630277805
45137220.81032453
45140864.28444856
45144508.05267363
45148152.115023576
45151796.47152196
45155441.12219261
45159086.06705935
45162731.30614577
45166376.839475706
45170022.66707299
45173668.788961194
45177315.20516417
45180961.91570577
45184608.920609556
45188256.21989939
45191903.81359913
45195551.701732345
45199199.88432291
45202848.36139467
45206497.13297122
45210146.19907642
45213795.559734054
45217445.21496798
45221095.16480179
45224745.40925946
45228395.94836458
45232046.78214102
45235697.91061258
45239349.33380314
45243001.05173629
45246653.06443601
45250305.37192592
45253957.9742299
45257610.87137175
45261264.06337536
45264917.55026435
45268571.3320627
45272225.40879404
45275879.780482255
45279534.44715117
45283189.408824675
45286844.66552641
45290500.21728037
45294156.06411018
45297812.206039764
45301468.64309293
45305125.375293605
45308782.402665414
45312439.72523238
45316097.34301813
45319755.25604661
45323413.46434163
45327071.967927136
45330730.76682677
45334389.861064546
45338049.25066414
45341708.935649455
45345368.91604436
45349029.19187279
45352689.763158396
45356350.62992513
45360011.79219694
45363673.249997474
45367335.00335069
45370997.052280545
45374659.39681071
45378322.03696513
45381984.97276777
45385648.204242304
45389311.731412694
45392975.55430281
45396639.67293661
45400304.08733778
45403968.79753038
45407633.803538114
45411299.10538494
45414964.70309474
45418630.59669149
45422296.786198884
45425963.27164101
45429630.05304155
45433297.13042449
45436964.50381373
45440632.173233256
45444300.138706766
45447968.40025836
45451636.957911745
45455305.811690904
45458974.96161976
45462644.407722294
45466314.15002224
45469984.18854368
45473654.52331035
45477325.15434625
45480996.081675306
45484667.30532151
45488338.825308606
45492010.6416607
45495682.75440152
45499355.16355509
45503027.86914534
45506700.87119629
45510374.169731684
45514047.764775634
45517721.656351894
45521395.84448449
45525070.32919736
45528745.110514544
45532420.18845979
45536095.56305714
45539771.234330624
45543447.20230401
45547123.46700135
45550800.02844667
45554476.88666374
45558154.041676626
45561831.49350937
45565509.242185734
45569187.28772978
45572865.63016547
45576544.26951687
45580223.20580775
45583902.439062275
45587581.96930423
45591261.796557665
45594941.92084657
45598622.342195004
45602303.06062677
45605984.07616603
45609665.38883658
45613346.998662494
45617028.90566776
45620711.10987647
45624393.61131242
45628076.40999978
45631759.50596237
45635442.89922428
45639126.5898095
45642810.57774212
45646494.863045976
45650179.44574523
45653864.32586373
45657549.503425546
45661234.97845471
45664920.75097532
45668606.82101121
45672293.18858657
45675979.85372523
45679666.81645132
45683354.07678884
45687041.63476193
45690729.490394406
45694417.64371049
45698106.09473403
45701794.84348914
45705483.88999986
45709173.23429032
45712862.87638436
45716552.81630612
45720243.05407974
45723933.58972906
45727624.423278235
45731315.55475139
45735006.9841724
45738698.71156539
45742390.736954525
45746083.06036366
45749775.68181695
45753468.60133855
45757161.81895232
45760855.334682435
45764549.148553036
45768243.260588005
45771937.67081151
45775632.37924762
45779327.385920495
45783022.69085402
45786718.294072464
45790414.19559971
45794110.39545994
45797806.893677235
45801503.690275766
45805200.78527943
45808898.1787125
45812595.87059889
45816293.86096278
45819992.149828255
45823690.73721951
45827389.62316045
45831088.80767538
45834788.29078818
45838488.07252307
45842188.15290416
45845888.53195563
45849589.20970141
45853290.18616581
45856991.46137274
45860693.03534641
45864394.90811094
45868097.079690546
45871799.55010915
45875502.31939107
45879205.38756024
45882908.754640885
45886612.42065712
45890316.385633186
45894020.64959302
45897725.21256084
45901430.074560896
45905135.235617116
45908840.69575375
45912546.45499503
45916252.5133649
45919958.87088762
45923665.52758742
45927372.48348826
45931079.73861439
45934787.29299005
45938495.14663922
45942203.29958614
45945911.75185507
45949620.50346998
45953329.554455124
45957038.90483468
45960748.554632895
45964458.50387376
45968168.75258162
45971879.300780475
45975590.14849459
45979301.29574814
45983012.74256539
45986724.48897035
45990436.534987375
45994148.88064048
45997861.52595392
46001574.4709519
46005287.71565871
46009001.26009834
46012715.10429518
46016429.24827323
46020143.6920568
46023858.43567007
46027573.47913735
46031288.82248266
46035004.46573038
46038720.40890453
46042436.652029425
46046153.195129275
46049870.038228385
46053587.18135078
46057304.624520876
46061022.36776269
46064740.41110055
46068458.754558675
46072177.39816139
46075896.34193272
46079615.585897096
46083335.13007856
46087054.97450144
46090775.11918996
46094495.56416847
46098216.309461005
46101937.355091915
46105658.70108552
46109380.347465895
46113102.294257365
46116824.54148429
46120547.08917072
46124269.937341005
46127993.08601949
46131716.53523026
46135440.28499765
46139164.33534593
46142888.68629946
46146613.3378823
46150338.29011893
46154063.54303341
46157789.096650116
46161514.950993314
46165241.10608738
46168967.56195639
46172694.318624824
46176421.37611677
46180148.7344566
46183876.3936686
46187604.35377716
46191332.61480637
46195061.17678071
46198790.03972428
46202519.20366148
46206248.6686166
46209978.43461403
46213708.501677886
46217438.86983265
46221169.53910245
46224900.50951168
46228631.78108464
46232363.35384575
46236095.22781913
46239827.40302927
46243559.87950031
46247292.65725665
46251025.73632262
46254759.116722636
46258492.79848083
46262226.78162172
46265961.066169426
46269695.6521484
46273430.53958296
46277165.72849753
46280901.21891627
46284637.01086359
46288373.10436394
46292109.499441475
46295846.19612063
46299583.19442583
46303320.49438125
46307058.09601133
46310795.99934052
46314534.20439297
46318272.71119314
46322011.51976548
46325750.63013416
46329490.042323634
46333229.75635836
46336969.77226252
46340710.09006056
46344450.70977687
46348191.6314359
46351932.85506184
46355674.38067924
46359416.20831231
46363158.337985516
46366900.76972323
46370643.50354993
46374386.53948982
46378129.87756747
46381873.51780708
46385617.460233144
46389361.70487004
46393106.251742266
46396851.10087402
46400596.252289906
46404341.70601413
46408087.46207117
46411833.52048545
46415579.881281465
46419326.54448344
46423073.510115966
46426820.778203264
46430568.34876985
46434316.22184014
46438064.397438645
46441812.875589594
46445561.65631761
46449310.739646904
46453060.125602014
46456809.81420736
46460559.80548748
46464310.0994666
46468060.69616926
46471811.59561998
46475562.79784302
46479314.302862905
46483066.110704176
46486818.22139109
46490570.63494818
46494323.351399995
46498076.37077079
46501829.69308512
46505583.31836752
46509337.24664227
46513091.47793391
46516846.01226701
46520600.84966582
46524355.990154915
46528111.43375876
46531867.18050191
46535623.23040864
46539379.58350363
46543136.239811145
46546893.19935576
46550650.46216196
46554408.028254315
46558165.89765711
46561924.07039503
46565682.54649236
46569441.32597369
46573200.4088635
46576959.79518638
46580719.484966636
46584479.47822895
46588239.77499763
46592000.37529727
46595761.27915238
46599522.48658754
46603283.99762708
46607045.81229568
46610807.93061768
46614570.35261767
46618333.078320175
46622096.1077498
46625859.440930866
46629623.07788809
46633387.01864579
46637151.2632286
46640915.811661035
46644680.66396772
46648445.820172995
46652211.28030158
46655977.04437781
46659743.112426326
46663509.48447166
46667276.16053844
46671043.14065103
46674810.42483406
46678578.01311216
46682345.905509695
46686114.10205132
46689882.60276166
46693651.40766509
46697420.516786255
46701189.93014981
46704959.64778012
46708729.669701844
46712499.99593954
46716270.62651787
46720041.56146121
46723812.80079432
46727584.34454157
46731356.19272765
46735128.34537711
46738900.802514635
46742673.56416461
46746446.6303518
46750220.00110061
46753993.6764357
46757767.656381674
46761541.94096321
46765316.530204706
46769091.42413095
46772866.62276633
46776642.12613555
46780417.93426321
46784194.047174
46787970.464892335
46791747.18744301
46795524.21485043
46799301.54713932
46803079.18433426
46806857.126459986
46810635.37354091
46814413.925601825
46818192.78266718
46821971.944761686
46825751.41190995
46829531.18413671
46833311.26146639
46837091.64392381
46840872.33153341
46844653.32431992
46848434.62230797
46852216.225522295
46855998.133987345
46859780.34772784
46863562.86676853
46867345.69113387
46871128.82084859
46874912.25593745
46878695.99642489
46882480.042335674
46886264.393694535
46890049.05052595
46893834.012854666
46897619.28070535
46901404.854102746
46905190.73307134
46908976.917635985
46912763.407821156
46916550.203651614
46920337.30515204
46924124.712347195
46927912.42526157
46931700.44392003
46935488.76834706
46939277.398567446
46943066.334605865
46946855.5764871
46950645.12423565
46954434.977876395
46958225.13743383
46962015.60293275
46965806.374397844
46969597.451853916
46973388.835325465
46977180.52483739
46980972.520414196
46984764.82208069
46988557.429861575
46992350.343781665
46996143.56386547
46999937.0901379
47003730.92262348
47007525.061347015
47011319.50633324
47015114.25760696
47018909.31519271
47022704.67911541
47026500.34939959
47030296.32607008
47034092.60915161
47037889.198669
47041686.09464682
47045483.29710987
47049280.806083016
47053078.621590786
47056876.74365803
47060675.172309585
47064473.90757001
47068272.94946414
47072072.298016846
47075871.953252666
47079671.915196456
47083472.18387307
47087272.759307094
47091073.641523354
47094874.83054674
47098676.3264018
47102478.12911341
47106280.23870634
47110082.65520545
47113885.37863534
47117688.40902095
47121491.746386886
47125295.390758015
47129099.34215912
47132903.600615084
47136708.166150495
47140513.03879034
47144318.218559206
47148123.70548198
47151929.499583475
47155735.60088856
47159542.00942185
47163348.725208335
47167155.74827263
47170963.07863963
47174770.71633413
47178578.66138104
47182386.91380499
47186195.47363098
47190004.34088362
47193813.51558782
47197622.99776842
47201432.787450306
47205242.88465813
47209053.289416894
47212864.00175124
47216675.021686085
47220486.34924626
47224297.9844567
47228109.92734204
47231922.17792731
47235734.736237146
47239547.602296494
47243360.77613019
47247174.257763185
47250988.04722012
47254802.14452594
47258616.549705595
47262431.262783736
47266246.28378533
47270061.61273531
47273877.249658346
47277693.1945794
47281509.44752343
47285326.008515105
47289142.877579376
47292960.05474113
47296777.540025316
47300595.33345662
47304413.43506011
47308231.84486047
47312050.56288267
47315869.58915159
47319688.92369221
47323508.566529214
47327328.51768769
47331148.77719233
47334969.34506812
47338790.22133995
47342611.40603281
47346432.899171405
47350254.700780824
47354076.81088577
47357899.22951125
47361721.95668217
47365544.99242352
47369368.336760014
47373191.98971677
47377015.951318495
47380840.2215902
47384664.8005568
47388489.68824332
47392314.88467448
47396140.38987539
47399966.20387079
47403792.32668569
47407618.75834502
47411445.49887382
47415272.548296824
47419099.90663915
47422927.573925555
47426755.55018105
47430583.83543061
47434412.429699235
47438241.3330117
47442070.54539305
47445900.06686831
47449729.897462256
47453560.03719992
47457390.48610637
47461221.24420636
47465052.31152494
47468883.68808718
47472715.37391783
47476547.36904197
47480379.67348456
47484212.28727066
47488045.21042505
47491878.44297289
47495711.98493897
47499545.836348355
47503379.99722603
47507214.46759707
47511049.24748626
47514884.336918786
47518719.73591943
47522555.44451328
47526391.462725334
47530227.790580675
47534064.42810411
47537901.375320815
47541738.63225561
47545576.19893358
47549414.07537974
47553252.26161918
47557090.75767671
47560929.563577555
47564768.67934651
47568608.10500869
47572447.84058911
47576287.88611288
47580128.24160484
47583968.90709019
47587809.88259376
47591651.168140665
47595492.76375595
47599334.66946473
47603176.88529184
47607019.41126251
47610862.24740158
47614705.39373419
47618548.85028536
47622392.61708025
47626236.6941437
47630081.08150084
47633925.77917684
47637770.78719653
47641616.105585076
47645461.73436762
47649307.673569016
47653153.92321443
47657000.483329006
47660847.353937626
47664694.535065435
47668542.02673761
47672389.82897901
47676237.94181481
47680086.365270175
47683935.09936999
47687784.14413942
47691633.49960354
47695483.16578753
47699333.14271628
47703183.430415064
47707034.028908774
47710884.9382226
47714736.15838162
47718587.68941104
47722439.531335734
47726291.68418101
47730144.147971764
47733996.9227332
47737850.00849042
47741703.40526861
47745557.1130927
47749411.131987974
47753265.46197936
47757120.10309207
47760975.0553512
47764830.31878198
47768685.89340932
47772541.77925855
47776397.976354584
47780254.48472265
47784111.30438787
47787968.43537547
47791825.87771039
47795683.631417945
47799541.69652309
47803400.07305104
47807258.761026956
47811117.76047606
47814977.0714233
47818836.69389392
47822696.627913155
47826556.87350598
47830417.43069762
47834278.29951333
47838139.479978085
47842000.97211712
47845862.7759557
47849724.89151879
47853587.318831645
47857450.05791953
47861313.108807415
47865176.47152057
47869040.146084264
47872904.13252346
47876768.430863455
47880633.0411294
47884497.96334659
47888363.19754
47892228.743735015
47896094.60195662
47899960.772230096
47903827.25458064
47907694.04903354
47911561.15561378
47915428.574346766
47919296.30525749
47923164.34837126
47927032.70371327
47930901.37130881
47934770.35118291
47938639.64336096
47942509.24786797
47946379.16472927
47950249.39397004
47954119.93561562
47957990.78969102
47961861.95622167
47965733.43523257
47969605.22674906
47973477.33079637
47977349.74739981
47981222.47658441
47985095.51837561
47988968.87279845
47992842.53987826
47996716.519640274
48000590.81210983
48004465.417311974
48008340.33527215
48012215.5660154
48016091.109567076
48019966.96595243
48023843.135196805
48027719.61732527
48031596.412363164
48035473.52033585
48039350.9412684
48043228.67518616
48047106.7221145
48050985.08207849
48054863.7551035
48058742.74121489
48062622.040437736
48066501.652797416
48070381.5783192
48074261.81702848
48078142.36895032
48082023.234110214
48085904.41253324
48089785.90424479
48093667.70927015
48097549.82763471
48101432.259363554
48105315.004482195
48109198.06301572
48113081.43498953
48116965.12042892
48120849.1193593
48124733.431805775
48128618.05779384
48132502.99734862
48136388.25049552
48140273.817259856
48144159.69766703
48148045.89174218
48151932.39951081
48155819.22099804
48159706.356229305
48163593.805229925
48167481.56802533
48171369.64464064
48175258.03510139
48179146.73943272
48183035.75766006
48186925.089808755
48190814.73590424
48194704.69597165
48198594.97003654
48202485.55812405
48206376.460259624
48210267.67646862
48214159.206776485
48218051.05120838
48221943.20978975
48225835.682546064
48229728.46950247
48233621.57068445
48237514.986117445
48241408.71582663
48245302.75983748
48249197.11817546
48253091.79086574
48256986.777933806
48260882.079405025
48264777.69530487
48268673.625658534
48272569.87049159
48276466.429829225
48280363.30369694
48284260.4921201
48288157.995124206
48292055.81273446
48295953.94497645
48299852.391875364
48303751.15345672
48307650.2297459
48311549.62076842
48315449.32654948
48319349.34711469
48323249.68248925
48327150.332698695
48331051.297768414
48334952.57772393
48338854.172590464
48342756.08239363
48346658.30715866
48350560.846911065
48354463.70167627
48358366.871479824
48362270.356346935
48366174.15630324
48370078.27137398
48373982.70158468
48377887.44696079
48381792.50752784
48385697.88331108
48389603.57433615
48393509.5806283
48397415.90221307
48401322.53911591
48405229.49136239
48409136.75897775
48413044.34198755
48416952.24041735
48420860.4542924
48424768.98363828
48428677.82848054
48432586.988844454
48436496.464755595
48440406.256239526
48444316.36332152
48448226.786027156
48452137.52438201
48456048.57841136
48459959.9481408
48463871.63359589
48467783.63480193
48471695.95178451
48475608.584569104
48479521.53318132
48483434.79764644
48487348.37799017
48491262.274237804
48495176.48641493
48499091.01454707
48503005.85865982
48506921.01877847
48510836.494928755
48514752.287135966
48518668.39542572
48522584.81982354
48526501.56035503
48530418.617045514
48534335.989920706
48538253.679005936
48542171.68432683
48546090.0059089
48550008.643777795
48553927.59795883
48557846.86847775
48561766.455359876
48565686.35863085
48569606.57831622
48573527.11444162
48577447.96703239
48581369.13611428
48585290.621712625
48589212.4238531
48593134.542561226
48597056.97786268
48600979.729782805
48604902.79834736
48608826.18358171
48612749.88551151
48616673.90416233
48620598.23955983
48624522.89172938
48628447.86069665
48632373.14648731
48636298.74912673
48640224.668640606
48644150.90505459
48648077.45839408
48652004.32868475
48655931.51595228
48659859.020222075
48663786.8415198
48667714.979871064
48671643.43530155
48675572.20783665
48679501.29750217
48683430.7043235
48687360.42832635
48691290.46953632
48695220.82797911
48699151.503680125
48703082.49666518
48707013.80695969
48710945.43458936
48714877.37957981
48718809.641956754
48722742.22174562
48726675.11897221
48730608.333661966
48734541.865840614
48738475.71553377
48742409.88276717
48746344.36756624
48750279.169956826
48754214.289964356
48758149.72761457
48762085.482933104
48766021.5559457
48769957.94667781
48773894.65515528
48777831.68140355
48781769.025448374
48785706.687315404
48789644.6670304
48793582.96461881
48797521.580106504
48801460.51351893
48805399.76488186
48809339.33422095
48813279.221561976
48817219.426930405
48821159.950352006
48825100.791852556
48829041.95145753
48832983.4291927
48836925.22508384
48840867.33915645
48844809.771436304
48848752.52194918
48852695.59072058
48856638.97777628
48860582.683141984
48864526.70684348
48868471.04890627
48872415.70935624
48876360.6882189
48880305.98552004
48884251.60128538
48888197.53554072
48892143.78831158
48896090.35962384
48900037.249503046
48903984.45797499
48907931.9850654
48911879.83080009
48915827.99520459
48919776.47830481
48923725.28012628
48927674.40069483
48931623.84003619
48935573.59817619
48939523.67514036
48943474.070954636
48947424.78564456
48951375.81923597
48955327.171754606
48959278.84322631
48963230.83367663
48967183.14313152
48971135.77161652
48975088.71915749
48979041.98578017
48982995.571510434
48986949.47637384
48990903.70039633
48994858.24360348
48998813.10602116
49002768.28767512
49006723.78859124
49010679.6087951
49014635.748312555
49018592.20716948
49022548.98539147
49026506.083004385
49030463.500034116
49034421.236506246
49038379.29244666
49042337.66788124
49046296.36283558
49050255.37733558
49054214.71140712
49058174.3650758
49062134.338367514
49066094.63130817
49070055.243923366
49074016.17623901
49077977.428280905
49081939.00007496
49085900.89164679
49089863.10302239
49093825.634227395
49097788.48528771
49101751.65622916
49105715.147077665
49109678.95785884
49113643.08859872
49117607.53932293
49121572.31005739
49125537.40082794
49129502.81166051
49133468.542580746
49137434.59361467
49141400.96478792
49145367.656126454
49149334.66765611
49153301.99940283
49157269.65139226
49161237.623650454
49165205.91620306
49169174.52907604
49173143.46229524
49177112.71588663
49181082.28987586
49185052.184289
49189022.399151705
49192992.93448995
49196963.790329605
49200934.966696635
49204906.46361672
49208878.28111582
49212850.41921993
49216822.87795473
49220795.65734618
49224768.75742029
49228742.17820272
49232715.919719465
49236689.98199653
49240664.36505959
49244639.06893465
49248614.0936477
49252589.43922444
49256565.10569087
49260541.09307298
49264517.4013965
49268494.03068741
49272470.980971634
49276448.25227518
49280425.84462376
49284403.75804348
49288381.99256008
49292360.54819956
49296339.42498784
49300318.62295094
49304298.14211461
49308277.98250495
49312258.1441477
49316238.6270689
49320219.43129447
49324200.55685045
49328182.00376258
49332163.772057
49336145.86175945
49340128.27289596
49344111.00549251
49348094.05957512
49352077.43516955
49356061.13230195
49360045.15099808
49364029.49128399
49368014.15318564
49371999.1367291
49375984.441940114
49379970.06884486
49383956.01746911
49387942.28783892
49391928.87998027
49395915.793919235
49399903.029681586
49403890.5872935
49407878.46678075
49411866.66816943
49415855.191485524
49419844.03675511
49423833.204003975
49427822.69325822
49431812.50454393
49435802.6378869
49439793.093313225
49443783.870849006
49447774.97052004
49451766.39235243
49455758.13637229
49459750.20260542
49463742.59107793
49467735.30181582
49471728.33484523
49475721.69019195
49479715.36788221
49483709.36794183
49487703.69039691
49491698.335273504
49495693.30259773
49499688.5923954
49503684.204692766
49507680.139515646
49511676.39689018
49515672.976842396
49519669.87939844
49523667.10458416
49527664.65242578
49531662.52294915
49535660.71618043
49539659.23214566
49543658.07087099
49547657.232382275
49551656.71670577
49555656.52386733
49559656.65389312
49563657.1068092
49567657.882641725
49571658.981416576
49575660.403160006
49579662.1478979
49583664.215656415
49587666.60646163
49591669.320339724
49595672.35731658
49599675.71741847
49603679.40067128
49607683.4071012
49611687.7367343
49615692.38959679
49619697.36571455
49623702.66511377
49627708.28782065
49631714.233861096
49635720.50326129
49639727.096047446
49643734.01224546
49647741.25188155
49651748.81498191
49655756.701572455
49659764.9116794
49663773.44532896
49667782.302547045
49671791.48335987
49675800.98779368
49679810.81587436
49683820.967628166
49687831.44308121
49691842.242259726
49695853.36518965
49699864.8118973
49703876.58240862
49707888.676749855
49711901.09494713
49715913.8370267
49719926.903014496
49723940.29293688
49727954.006819785
49731968.04468946
49735982.40657207
49739997.09249387
49744012.1024808
49748027.43655923
49752043.09475512
49756059.07709473
49760075.38360423
49764092.014309876
49768108.96923765
49772126.24841392
49776143.85186465
49780161.779616125
49784180.031694524
49788198.60812612
49792217.50893689
49796236.73415323
49800256.28380112
49804276.15790686
49808296.35649662
49812316.8795967
49816337.7272331
49820358.899432115
49824380.396220036
49828402.21762287
49832424.36366692
49836446.834378496
49840469.62978359
49844492.74990852
49848516.19477961
49852539.96442285
49856564.05886457
49860588.47813109
49864613.22224842
49868638.29124288
49872663.68514081
49876689.40396823
49880715.447751455
49884741.816516735
49888768.510290384
49892795.52909845
49896822.87296737
49900850.54192317
49904878.5359922
49908906.85520071
49912935.49957503
49916964.469141215
49920993.763925724
49925023.38395459
49929053.32925418
49933083.59985074
49937114.195770636
49941145.11703993
49945176.36368508
49949207.93573215
49953239.8332075
49957272.056137405
49961304.604548246
49965337.47846608
49969370.67791739
49973404.202928245
49977438.05352503
49981472.22973403
49985506.73158163
49989541.5590939
49993576.71229734
49997612.19121804
50001647.995882384
50005684.126316674
50009720.58254731
50013757.364600375
50017794.47250239
50021831.90627943
50025869.66595792
50029907.75156417
50033946.163124576
50037984.900665246
50042023.96421261
50046063.35379308
50050103.06943275
50054143.111158065
50058183.47899544
50062224.172971
50066265.19311117
50070306.53944237
50074348.21199074
50078390.21078271
50082432.5358446
50086475.18720288
50090518.16488365
50094561.46891348
50098605.0993185
50102649.05612515
50106693.33935979
50110737.94904886
50114782.885218516
50118828.147895314
50122873.7371054
50126919.65287524
50130965.89523119
50135012.464199714
50139059.35980697
50143106.58207954
50147154.131043576
50151202.00672555
50155250.20915185
50159298.73834893
50163347.594342984
50167396.77716058
50171446.28682791
50175496.12337144
50179546.286817566
50183596.77719279
50187647.594523266
50191698.738835625
50195750.21015603
50199802.008511
50203854.13392691
50207906.58643029
50211959.366047315
50216012.47280461
50220065.906728365
50224119.6678451
50228173.75618122
50232228.17176324
50236282.914617375
50240337.98477014
50244393.38224807
50248449.10707736
50252505.159284554
50256561.53889617
50260618.24593844
50264675.280437894
50268732.64242106
50272790.33191417
50276848.34894378
50280906.6935363
50284965.36571829
50289024.365515985
50293083.69295604
50297143.34806469
50301203.33086849
50305263.64139389
50309324.27966746
50313385.245715424
50317446.53956447
50321508.16124083
50325570.11077109
50329632.3881817
50333694.99349924
50337757.92674997
50341821.18796056
50345884.77715728
50349948.69436671
50354012.939615324
50358077.512929715
50362142.414336145
50366207.64386131
50370273.201531485
50374339.087373264
50378405.30141314
50382471.84367771
50386538.714193255
50390605.91298648
50394673.440083675
50398741.29551145
50402809.4792963
50406877.99146484
50410946.832043365
50415016.0010586
50419085.49853684
50423155.3245047
50427225.478988715
50431295.96201548
50435366.77361133
50439437.91380288
50443509.38261675
50447581.180079274
50451653.306217074
50455725.761056796
50459798.544624746
50463871.65694758
50467945.09805194
50472018.86796415
50476092.96671085
50480167.39431869
50484242.15081402
50488317.23622348
50492392.65057373
50496468.3938911
50500544.466202274
50504620.86753379
50508697.59791231
50512774.65736419
50516852.04591621
50520929.76359471
50525007.81042637
50529086.18643776
50533164.89165556
50537243.92610612
50541323.28981624
50545402.98281228
50549483.005120926
50553563.356768765
50557644.03778248
50561725.048188455
50565806.388013475
50569888.05728394
50573970.056026526
50578052.384267844
50582135.04203459
50586218.02935316
50590301.34625035
50594384.99275257
50598468.96888652
50602553.27467881
50606637.91015616
50610722.87534497
50614808.17027207
50618893.794963844
50622979.74944704
50627066.03374828
50631152.64789426
50635239.591911435
50639326.865826614
50643414.469666235
50647502.40345702
50651590.667225614
50655679.26099875
50659768.18480285
50663857.438664675
50667947.02261097
50672036.93666816
50676127.18086299
50680217.75522224
50684308.65977233
50688399.89454002
50692491.45955207
50696583.354834944
50700675.58041538
50704768.13632006
50708861.02257574
50712954.23920889
50717047.786246374
50721141.663714655
50725235.87164052
50729330.41005063
50733425.27897178
50737520.47843043
50741616.008453466
50745711.86906737
50749808.060298935
50753904.582174845
50758001.434721895
50762098.617966555
50766196.131935745
50770293.976655945
50774392.15215396
50778490.65845649
50782589.49559034
50786688.663582005
50790788.1624584
50794887.99224603
50798988.15297171
50803088.64466215
50807189.467344165
50811290.62104428
50815392.10578941
50819493.921606064
50823596.06852108
50827698.54656119
50831801.35575322
50835904.49612369
50840007.967699535
50844111.77050729
50848215.9045738
50852320.3699258
50856425.166590124
50860530.29459333
50864635.75396225
50868741.54472374
50872847.666904345
50876954.12053092
50881060.90563032
50885168.022229105
50889275.47035412
50893383.25003224
50897491.36129002
50901599.80415433
50905708.578651935
50909817.68480971
50913927.12265421
50918036.89221243
50922146.993510924
50926257.42657659
50930368.1914362
50934479.288116634
50938590.71664448
50942702.47704673
50946814.56934995
50950926.993581064
50955039.74976684
50959152.83793419
50963266.258109696
50967380.010320365
50971494.0945928
50975608.5109539
50979723.25943048
50983838.34004945
50987953.75283741
50992069.49782138
50996185.575027965
51000301.98448409
51004418.72621658
51008535.80025234
51012653.20661801
51016770.9453406
51020889.016446754
51025007.41996339
51029126.15591735
51033245.22433556
51037364.625244655
51041484.35867168
51045604.42464328
51049724.82318638
51053845.554327846
51057966.618094616
51062088.01451333
51066209.743610956
51070331.805414446
51074454.19995044
51078576.927245915
51082699.98732782
51086823.38022283
51090947.10595789
51095071.16455998
51099195.55605577
51103320.28047222
51107445.337836325
51111570.72817473
51115696.45151444
51119822.50788242
51123948.89730536
51128075.61981024
51132202.67542394
51136330.06417347
51140457.78608549
51144585.84118712
51148714.22950503
51152842.95106624
51156972.00589764
51161101.394026235
51165231.115478724
51169361.170282215
51173491.55846341
51177622.28004933
51181753.33506688
51185884.72354308
51190016.445504636
51194148.500978686
51198280.88999193
51202413.6125714
51206546.66874403
51210680.05853684
51214813.78197656
51218947.83909032
51223082.22990485
51227216.954447195
51231352.01274429
51235487.404823184
51239623.13071061
51243759.19043371
51247895.584019236
51252032.311494246
51256169.372885674
51260306.76822059
51264444.49752574
51268582.56082818
51272720.958154984
51276859.689532906
51280998.754989
51285138.15455035
51289277.88824372
51293417.95609617
51297558.3581348
51301699.094386354
51305840.16487792
51309981.5696366
51314123.30868914
51318265.382062644
51322407.7897842
51326550.531880595
51330693.60837891
51334837.019306146
51338980.76468941
51343124.84455547
51347269.258931555
51351414.00784444
51355559.09132125
51359704.50938898
51363850.26207475
51367996.349405356
51372142.77140802
51376289.52810955
51380436.61953706
51384584.04571758
51388731.806678236
51392879.90244583
51397028.333047606
51401177.098510385
51405326.198861286
51409475.63412736
51413625.40433574
51417775.509513244
51421925.94968714
51426076.724884234
51430227.83513169
51434379.28045655
51438531.06088597
51442683.17644679
51446835.62716626
51450988.41307123
51455141.53418887
51459294.99054623
51463448.78217047
51467602.909088455
51471757.37132745
51475912.168914326
51480067.30187624
51484222.77024027
51488378.5740336
51492534.71328309
51496691.18801593
51500847.9982593
51505005.14404006
51509162.625385426
51513320.44232257
51517478.594878376
51521637.08308004
51525795.906954765
51529955.06652943
51534114.561831236
51538274.392887294
51542434.5597248
51546595.06237066
51550755.90085217
51554917.07519625
51559078.58543011
51563240.43158086
51567402.61367571
51571565.13174158
51575727.98580581
51579891.17589529
51584054.70203726
51588218.56425884
51592382.76258728
51596547.29704948
51600712.16767279
51604877.37448414
51609042.91751076
51613208.796779804
51617375.01231851
51621541.56415381
51625708.452313066
51629875.67682321
51634043.237711504
51638211.1350051
51642379.36873125
51646547.93891691
51650716.84558944
51654886.0887758
51659055.66850325
51663225.584798954
51667395.8376902
51671566.42720393
51675737.35336754
51679908.61620799
51684080.21575256
51688252.15202842
51692424.42506287
51696597.03488288
51700769.981515735
51704943.264988735
51709116.88532886
51713290.84256339
51717465.136719644
51721639.767824605
51725814.735905565
51729990.04098984
51734165.68310442
51738341.66227662
51742517.97853363
51746694.631902784
51750871.62241108
51755048.95008593
51759226.61495436
51763404.617043674
51767582.9563811
51771761.63299397
51775940.64690928
51780119.9981545
51784299.68675662
51788479.71274299
51792660.07614084
51796840.77697752
51801021.81528004
51805203.19107587
51809384.90439202
51813566.95525586
51817749.34369463
51821932.069735676
51826115.13340605
51830298.53473321
51834482.27374421
51838666.3504664
51842850.764927045
51847035.51715352
51851220.60717286
51855406.035012566
51859591.80069968
51863777.90426159
51867964.34572556
51872151.12511897
51876338.242468886
51880525.69780281
51884713.49114781
51888901.622531265
51893090.091980465
51897278.89952281
51901468.04518538
51905657.52899557
51909847.35098078
51914037.5111681
51918228.00958493
51922418.846258685
51926610.02121645
51930801.534485646
51934993.386093676
51939185.57606764
51943378.10443497
51947570.97122308
51951764.17645907
51955957.720170364
51960151.602384396
51964345.82312828
51968540.38242945
51972735.28031523
51976930.51681305
51981126.09195003
51985322.00575373
51989518.25825127
51993714.849470094
51997911.77943755
52002109.04818107
52006306.6557278
52010504.60210531
52014702.887340724
52018901.5114615
52023100.474495
52027299.77646869
52031499.417409696
52035699.39734562
52039899.716303594
52044100.374311104
52048301.371395506
52052502.707584284
52056704.38290459
52060906.39738402
52065108.751049735
52069311.44392922
52073514.476049855
52077717.84743913
52081921.55812422
52086125.60813273
52090329.99749183
52094534.72622901
52098739.794371694
52102945.201947354
52107150.94898319
52111357.03550682
52115563.46154543
52119770.22712653
52123977.33227753
52128184.777025945
52132392.561398976
52136600.68542414
52140809.14912897
52145017.952540666
52149227.09568675
52153436.57859476
52157646.40129191
52161856.56380572
52166067.06616374
52170277.90839319
52174489.0905216
52178700.61257642
52182912.47458518
52187124.676575124
52191337.2185739
52195550.10060874
52199763.32270719
52203976.884896725
52208190.78720488
52212405.029658906
52216619.61228647
52220834.53511482
52225049.79817152
52229265.401484035
52233481.34507994
52237697.628986485
52241914.25323136
52246131.21784181
52250348.52284543
52254566.168269694
52258784.15414218
52263002.48049016
52267221.14734133
52271440.15472297
52275659.502662666
52279879.1911879
52284099.22032629
52288319.5901051
52292540.300552055
52296761.35169442
52300982.74355982
52305204.476175755
52309426.54956983
52313648.96376935
52317871.71880203
52322094.814695165
52326318.251476385
52330542.0291732
52334766.147813246
52338990.60742382
52343215.40803255
52347440.549667075
52351666.03235471
52355891.85612309
52360118.02099985
52364344.52701231
52368571.37418812
52372798.56255492
52377026.092140034
52381253.96297112
52385482.175075725
52389710.728481494
52393939.62321577
52398168.85930632
52402398.436780475
52406628.35566591
52410858.61599018
52415089.21778094
52419320.161065556
52423551.4458718
52427783.07222703
52432015.04015892
52436247.34969504
52440480.00086308
52444712.99369039
52448946.328204766
52453180.00443359
52457414.02240452
52461648.382145174
52465883.08368324
52470118.12704607
52474353.5122615
52478589.2393569
52482825.308359966
52487061.7192983
52491298.47219961
52495535.5670913
52499773.00400117
52504010.782956615
52508248.903985366
52512487.36711503
52516726.17237332
52520965.31978764
52525204.80938583
52529444.64119529
52533684.81524376
52537925.33155885
52542166.19016831
52546407.39109955
52550648.934380315
52554890.82003833
52559133.04810104
52563375.618596174
52567618.53155148
52571861.7869944
52576105.38495268
52580349.32545407
52584593.60852601
52588838.23419626
52593083.20249258
52597328.51344242
52601574.16707353
52605820.163413696
52610066.50249036
52614313.18433129
52618560.20896416
52622807.576416746
52627055.286716506
52631303.33989132
52635551.73596867
52639800.47497632
52644049.55694198
52648298.981893405
52652548.749858096
52656798.86086394
52661049.31493842
52665300.112109326
52669551.25240436
52673802.73585133
52678054.562477715
52682306.732311435
52686559.24537997
52690812.10171114
52695065.30133265
52699318.84427233
52703572.730557665
52707826.96021659
52712081.533276595
52716336.449765526
52720591.70971109
52724847.31314113
52729103.26008315
52733359.55056509
52737616.18461447
52741873.16225913
52746130.4835268
52750388.14844534
52754646.15704226
52758904.50934541
52763163.205382645
52767422.2451815
52771681.62876982
52775941.35617548
52780201.427426
52784461.84254926
52788722.6015731
52792983.70452509
52797245.15143309
52801506.942324966
52805769.07722828
52810031.556170896
52814294.37918071
52818557.54628526
52822821.05751243
52827084.91289002
52831349.1124459
52835613.656207636
52839878.54420323
52844143.77646025
52848409.35300661
52852675.27387008
52856941.53907856
52861208.148659654
52865475.10264135
52869742.401051246
52874010.04391725
52878278.031267166
52882546.3631289
52886815.03953006
52891084.06049866
52895353.42606231
52899623.136248924
52903893.19108632
52908163.590602435
52912434.33482487
52916705.423781656
52920976.85750042
52925248.63600909
52929520.7593355
52933793.22750759
52938066.04055299
52942339.19849974
52946612.70137547
52950886.54920813
52955160.74202556
52959435.27985573
52963710.16272626
52967985.39066522
52972260.96370025
52976536.88185932
52980813.14517027
52985089.75366109
52989366.70735942
52993644.00629322
52997921.650490485
53002199.63997886
53006477.97478632
53010756.65494086
53015035.680470124
53019315.05140211
53023594.7677648
53027874.82958587
53032155.2368933
53036435.989715
53040717.088078946
53044998.53201282
53049280.32154474
53053562.456702374
53057844.93751375
53062127.76400674
53066410.93620937
53070694.45414934
53074978.31785476
53079262.527353324
53083547.082673065
53087831.98384188
53092117.230887815
53096402.823838554
53100688.76272224
53104975.047566585
53109261.67839962
53113548.655249275
53117835.97814359
53122123.64711027
53126411.66217748
53130700.02337293
53134988.730724685
53139277.78426067
53143567.18400894
53147856.92999723
53152147.0222537
53156437.46080609
53160728.24568245
53165019.376910746
53169310.85451905
53173602.67853508
53177894.84898704
53182187.36590267
53186480.229310036
53190773.43923712
53195066.99571199
53199360.898762405
53203655.14841646
53207949.74470223
53212244.68764748
53216539.9772803
53220835.61362879
53225131.59672071
53229427.92658416
53233724.60324725
53238021.62673774
53242318.99708375
53246616.71431339
53250914.778454416
53255213.18953496
53259511.94758314
53263811.05262674
53268110.504693866
53272410.30381254
53276710.450010896
53281010.94331671
53285311.78375824
53289612.97136327
53293914.50615994
53298216.38817628
53302518.61744042
53306821.19398017
53311124.117823794
53315427.3889991
53319731.00753422
53324034.97345721
53328339.28679622
53332643.94757907
53336948.955834016
53341254.311588906
53345560.01487188
53349866.06571101
53354172.46413444
53358479.21017002
53362786.30384604
53367093.745190315
53371401.53423103
53375709.67099626
53380018.15551417
53384326.98781262
53388636.167919904
53392945.69586387
53397255.57167271
53401565.7953745
53405876.366997436
53410187.28656938
53414498.55411852
53418810.16967307
53423122.13326089
53427434.44491019
53431747.10464918
53436060.11250572
53440373.468508035
53444687.172684334
53449001.2250625
53453315.625670746
53457630.3745373
53461945.471690044
53466260.91715721
53470576.71096703
53474892.85314738
53479209.3437265
53483526.18273252
53487843.370193675
53492160.90613787
53496478.790593445
53500797.02358832
53505115.605150744
53509434.535308845
53513753.81409088
53518073.44152476
53522393.417638846
53526713.74246108
53531034.4160197
53535355.43834287
53539676.80945885
53543998.52939557
53548320.59818141
53552643.015844315
53556965.782412544
53561288.89791426
53565612.362377755
53569936.17583096
53574260.33830228
53578584.84981965
53582909.71041138
53587234.92010562
53591560.47893068
53595886.386914514
53600212.64408553
53604539.250471674
53608866.206101276
53613193.51100251
53617521.165203676
53621849.168732755
53626177.52161817
53630506.22388789
53634835.275570236
53639164.67669341
53643494.42728573
53647824.527375184
53652154.97699009
53656485.77615877
53660816.92490923
53665148.42326979
53669480.271268785
53673812.468934216
53678145.01629441
53682477.913377725
53686811.16021215
53691144.75682604
53695478.70324762
53699812.999505244
53704147.645626925
53708482.641641125
53712817.98757587
53717153.68345951
53721489.7293203
53725826.1251866
53730162.87108644
53734499.967048295
53738837.4131002
53743175.20927052
53747513.35558753
53751851.852079585
53756190.69877475
53760529.895701505
53764869.442887895
53769209.34036232
53773549.588153034
53777890.18628844
53782231.13479659
53786572.433705986
53790914.0830447
53795256.08284112
53799598.433123544
53803941.133920364
53808284.185259655
53812627.58716994
53816971.339679286
53821315.442816116
53825659.896608725
53830004.70108552
53834349.856274605
53838695.36220451
53843041.2189033
53847387.42639943
53851733.9847212
53856080.89389704
53860428.15395506
53864775.76492368
53869123.72683135
53873472.039706156
53877820.703576565
53882169.718471
53886519.08441758
53890868.80144476
53895218.86958098
53899569.28885437
53903920.05929337
53908271.18092633
53912622.65378173
53916974.47788767
53921326.65327273
53925679.179965064
53930032.05799313
53934385.28738528
53938738.868169986
53943092.8003754
53947447.08403011
53951801.719162256
53956156.705800325
53960512.043972686
53964867.73370784
53969223.77503392
53973580.167979546
53977936.912572876
53982294.0088424
53986651.45681652
53991009.25652371
53995367.40799216
53999725.91125049
54004084.76632686
54008443.973249786
54012803.53204767
54017163.44274902
54021523.705382034
54025884.319975324
54030245.28655709
54034606.605155855
54038968.27580003
54043330.29851814
54047692.67333839
54052055.400289424
54056418.479399435
54060781.91069697
54065145.69421045
54069509.82996842
54073874.317999095
54078239.158331014
54082604.35099273
54086969.89601246
54091335.79341876
54095702.04324018
54100068.64550495
54104435.600241624
54108802.90747877
54113170.56724463
54117538.579567745
54121906.94447671
54126275.66199975
54130644.73216544
54135014.155002356
54139383.93053875
54143754.0588032
54148124.53982417
54152495.37363026
54156866.560249716
54161238.09971124
54165609.99204309
54169982.237273864
54174354.835432045
54178727.78654624
54183101.0906447
54187474.74775615
54191848.75790888
54196223.12113147
54200597.837452434
54204972.90690039
54209348.32950361
54213724.10529082
54218100.234290324
54222476.71653073
54226853.55204056
54231230.74084843
54235608.28298265
54239986.178471945
54244364.427344635
54248743.02962934
54253121.9853546
54257501.29454905
54261880.957241
54266260.9734592
54270641.343231976
54275022.06658797
54279403.14355573
54283784.57416391
54288166.358440824
54292548.49641525
54296930.98811552
54301313.83357029
54305697.03280811
54310080.58585767
54314464.492747284
54318848.75350563
54323233.3681614
54327618.33674292
54332003.659278885
54336389.335797966
54340775.36632851
54345161.75089922
54349548.48953877
54353935.582275525
54358323.02913818
54362710.83015531
54367098.98535564
54371487.4947675
54375876.35841974
54380265.576340705
54384655.148559116
54389045.075103566
54393435.35600278
54397825.991285115
54402216.98097942
54406608.32511408
54411000.023717806
54415392.07681921
54419784.48444703
54424177.246629655
54428570.36339593
54432963.83477425
54437357.66079335
54441751.84148186
54446146.37686851
54450541.26698173
54454936.51185036
54459332.11150281
54463728.065967835
54468124.375274085
54472521.0394503
54476918.058524914
54481315.43252679
54485713.16148435
54490111.245426364
54494509.68438149
54498908.4783785
54503307.62744581
54507707.131612316
54512106.99090646
54516507.20535702
54520907.77499267
54525308.69984217
54529709.97993399
54534111.615296915
54538513.60595973
54542915.951950885
54547318.65329918
54551721.71003342
54556125.12218205
54560528.88977389
54564933.01283772
54569337.49140204
54573742.32549563
54578147.5151472
54582553.06038557
54586958.961239204
54591365.21773704
54595771.82990757
54600178.79777959
54604586.121381834
54608993.800743125
54613401.835891955
54617810.22685726
54622218.97366755
54626628.07635165
54631037.53493829
54635447.34945631
54639857.51993422
54644268.04640097
54648678.92888508
54653090.167415395
54657501.762020655
54661913.712729715
54666326.019571096
54670738.682573766
54675151.70176625
54679565.07717743
54683978.80883603
54688392.89677093
54692807.341010675
54697222.14158424
54701637.29852017
54706052.81184734
54710468.681594506
54714884.90779057
54719301.49046407
54723718.429644
54728135.72535893
54732553.37763774
54736971.38650921
54741389.75200224
54745808.47414539
54750227.55296756
54754646.98849766
54759066.78076425
54763486.92979625
54767907.43562256
54772328.29827175
54776749.51777276
54781171.09415448
54785593.0274455
54790015.317674756
54794437.96487116
54798860.969063304
54803284.33028012
54807708.04855053
54812132.12390314
54816556.55636688
54820981.345970586
54825406.49274319
54829831.996713296
54834257.85790996
54838684.07636181
54843110.65209778
54847537.58514671
54851964.87553757
54856392.52329896
54860820.52845995
54865248.89104919
54869677.61109562
54874106.68862811
54878536.123675615
54882965.91626678
54887396.06643068
54891826.574195966
54896257.4395916
54900688.66264647
54905120.24338954
54909552.18184947
54913984.47805535
54918417.132035844
54922850.143819936
54927283.5134365
54931717.24091455
54936151.32628275
54940585.76957019
54945020.57080555
54949455.73001784
54953891.24723595
54958327.12248889
54962763.355805345
54967199.94721431
54971636.89674483
54976074.204425566
54980511.870285556
54984949.89435381
54989388.27665903
54993827.01723023
54998266.11609646
55002705.5732864
55007145.3888291
55011585.56275359
55016026.09508858
55020466.985863104
55024908.23510622
55029349.84284663
55033791.80911338
55038234.13393543
55042676.81734181
55047119.85936126
55051563.260022946
55056007.01935558
55060451.137388244
55064895.61414988
55069340.44966957
55073785.64397603
55078231.19709847
55082677.10906561
55087123.37990653
55091570.0096502
55096016.998325706
55100464.3459618
55104912.05258767
55109360.11823209
55113808.54292412
55118257.32669277
55122706.46956713
55127155.97157595
55131605.832748465
55136056.05311342
55140506.632699944
55144957.57153701
55149408.86965375
55153860.52707893
55158312.54384177
55162764.919971064
55167217.655495934
55171670.75044538
55176124.204848535
55180578.01873418
55185032.19213157
55189486.72506949
55193941.617577076
55198396.869683355
55202852.48141747
55207308.452808216
55211764.78388475
55216221.4746762
55220678.525211394
55225135.93551947
55229593.705629595
55234051.835570574
55238510.32537157
55242969.17506175
55247428.38466992
55251887.95422527
55256347.883756846
55260808.17329381
55265268.822865
55269729.832499705
55274191.202226765
55278652.93207536
55283115.02207456
55287577.47225354
55292040.28264116
55296503.45326671
55300966.98415905
55305430.875347376
55309895.12686076
55314359.73872841
55318824.71097919
55323290.04364241
55327755.73674694
55332221.79032198
55336688.20439664
55341154.97900012
55345622.114161305
55350089.60990952
55354557.46627365
55359025.68328291
55363494.26096642
55367963.1993534
55372432.498472735
55376902.15835378
55381372.179025434
55385842.560516916
55390313.30285736
55394784.406076014
55399255.870201774
55403727.695264
55408199.88129159
55412672.428313814
55417145.3363598
55421618.6054588
55426092.23563974
55430566.22693188
55435040.57936447
55439515.292966455
55443990.36776708
55448465.80379563
55452941.60108103
55457417.75965255
55461894.27953947
55466371.16077074
55470848.403375626
55475326.0073833
55479803.97282305
55484282.299723834
55488760.98811504
55493240.038025625
55497719.44948489
55502199.22252201
55506679.357166305
55511159.853446715
55515640.71139266
55520121.93103312
55524603.51239739
55529085.455514684
55533567.7604143
55538050.42712523
55542533.45567689
55547016.846098274
55551500.5984187
55555984.712667376
55560469.18887364
55564954.02706648
55569439.227275334
55573924.789529204
55578410.71385743
55582897.00028923
55587383.64885396
55591870.6595806
55596358.03249864
55600845.767637074
55605333.86502526
55609822.32469243
55614311.14666794
55618800.330980815
55623289.877660535
55627779.786736116
55632270.05823692
55636760.69219221
55641251.68863135
55645743.04758338
55650234.76907767
55654726.8531436
55659219.299810216
55663712.10910688
55668205.281063005
55672698.81570762
55677192.71307011
55681686.973179884
55686181.59606598
55690676.58175781
55695171.93028477
55699667.64167591
55704163.71596064
55708660.153168365
55713156.95332816
55717654.11646943
55722151.64262147
55726649.5318137
55731147.78407521
55735646.39943552
55740145.37792371
55744644.71956921
55749144.424401335
55753644.49244952
55758144.923742846
55762645.71831087
55767146.87618268
55771648.39738772
55776150.281955324
55780652.52991492
55785155.141295634
55789658.11612702
55794161.45443818
55798665.15625858
55803169.22161756
55807673.65054457
55812178.443068735
55816683.599219635
55821189.11902639
55825695.00251848
55830201.249725245
55834707.86067616
55839214.83540037
55843722.17392746
55848229.876286566
55852737.94250718
55857246.37261865
55861755.16665049
55866264.32463183
55870773.84659229
55875283.732561015
55879793.9825675
55884304.59664113
55888815.57481141
55893326.91710749
55897838.6235589
55902350.69419513
55906863.12904535
55911375.92813908
55915889.09150584
55920402.61917479
55924916.51117546
55929430.76753738
55933945.38828972
55938460.373462014
55942975.723083675
55947491.43718424
55952007.51579289
55956523.9589393
55961040.76665264
55965557.938962474
55970075.47589821
55974593.377489425
55979111.6437653
55983630.27475551
55988149.27048926
55992668.630996116
55997188.35630551
56001708.44644702
56006228.90144985
56010749.721343696
56015270.90615778
56019792.45592165
56024314.3706648
56028836.65041678
56033359.29520683
56037882.30506465
56042405.680019476
56046929.4201009
56051453.52533838
56055977.99576152
56060502.83139956
56065028.03228222
56069553.59843874
56074079.529898725
56078605.826691665
56083132.48884716
56087659.51639447
56092186.90936334
56096714.66778301
56101242.79168311
56105771.28109313
56110300.13604269
56114829.35656109
56119358.94267792
56123888.89442283
56128419.21182509
56132949.89491434
56137480.94372021
56142012.35827198
56146544.13859931
56151076.28473182
56155608.796698816
56160141.67452995
56164674.91825474
56169208.52790284
56173742.50350357
56178276.84508669
56182811.552681506
56187346.626317695
56191882.06602478
56196417.871832445
56200954.04377001
56205490.58186724
56210027.48615348
56214564.756658405
56219102.39341157
56223640.396442644
56228178.76578098
56232717.501456365
56237256.603498146
56241796.07193601
56246335.90679953
56250876.1081184
56255416.67592197
56259957.61024005
56264498.911102
56269040.57853752
56273582.612576194
56278125.01324774
56282667.78058152
56287210.91460736
56291754.415354624
56296298.28285304
56300842.51713219
56305387.11822182
56309932.0861513
56314477.42095047
56319023.122648716
56323569.19127576
56328115.62686124
56332662.429434866
56337209.599026054
56341757.13566454
56346305.03938005
56350853.310202
56355401.94816014
56359950.95328422
56364500.325603634
56369050.065148145
56373600.17194752
56378150.646031156
56382701.48742883
56387252.6961703
56391804.272284985
56396356.21580266
56400908.5267531
56405461.20516572
56410014.251070306
56414567.664496526
56419121.445474155
56423675.59403264
56428230.110201865
56432784.99401129
56437340.24549069
56441895.86466977
56446451.8515783
56451008.20624574
56455564.92870201
56460122.01897657
56464679.47709922
56469237.30309965
56473795.49700767
56478354.058852755
56482912.98866483
56487472.28647337
56492031.952308185
56496591.986199
56501152.38817563
56505713.15826755
56510274.296504706
56514835.8029166
56519397.677533045
56523959.92038378
56528522.53149863
56533085.510907106
56537648.85863916
56542212.57472428
56546776.65919233
56551341.11207305
56555905.93339627
56560471.12319153
56565036.68148866
56569602.60831755
56574168.90370769
56578735.56768896
56583302.60029122
56587870.00154401
56592437.771477185
56597005.910120636
56601574.41750388
56606143.2936568
56610712.53860929
56615282.15239087
56619852.13503145
56624422.486560896
56628993.207008764
56633564.29640496
56638135.75477925
56642707.58216154
56647279.77858138
56651852.344068795
56656425.278653346
56660998.58236494
56665572.25523337
56670146.29728855
56674720.70856006
56679295.48907792
56683870.63887171
56688446.15797135
56693022.046406664
56697598.30420757
56702174.93140365
56706751.928024955
56711329.294101074
56715907.029661946
56720485.134737395
56725063.60935737
56729642.45355146
56734221.667349726
56738801.25078178
56743381.203877576
56747961.52666694
56752542.21917985
56757123.28144589
56761704.713495165
56766286.515357286
56770868.687062204
56775451.22863979
56780034.140120015
56784617.4215325
56789201.07290733
56793785.094274156
56798369.485662945
56802954.247103564
56807539.37862601
56812124.880259916
56816710.75203528
56821296.99398209
56825883.60613
56830470.588509
56835057.9411491
56839645.66407995
56844233.75733155
56848822.22093392
56853411.054916725
56858000.25930996
56862589.83414355
56867179.77944749
56871770.095251456
56876360.7815856
56880951.838479586
56885543.26596345
56890135.0640671
56894727.23282057
56899319.77225355
56903912.682396196
56908505.96327819
56913099.61492957
56917693.63738029
56922288.03066037
56926882.79479952
56931477.92982791
56936073.43577525
56940669.31267159
56945265.56054687
56949862.17943116
56954459.16935417
56959056.53034609
56963654.26243663
56968252.36565587
56972850.840033755
56977449.68560038
56982048.90238546
56986648.490419194
56991248.44973132
56995848.78035193
57000449.48231098
57005050.555638574
57009652.00036445
57014253.81651883
57018856.00413145
57023458.563232414
57028061.493851714
57032664.79601944
57037268.46976537
57041872.51511961
57046476.93211227
57051081.72077311
57055686.88113225
57060292.41321982
57064898.317065574
57069504.592699654
57074111.24015218
57078718.25945293
57083325.65063204
57087933.41371965
57092541.548745535
57097150.05573984
57101758.93473271
57106368.185753934
57110977.808833666
57115587.80400193
57120198.171288885
57124808.91072433
57129420.02233854
57134031.506161325
57138643.36222284
57143255.59055314
57147868.19118239
57152481.16414041
57157094.50945748
57161708.22716343
57166322.31728843
57170936.77986255
57175551.61491597
57180166.82247851
57184782.402580485
57189398.35525174
57194014.68052244
57198631.378422685
57203248.44898266
57207865.89223222
57212483.70820167
57217101.89692087
57221720.45842002
57226339.39272922
57230958.69987868
57235578.37989825
57240198.43281827
57244818.8586686
57249439.65747947
57254060.82928099
57258682.37410336
57263304.29197648
57267926.582930565
57272549.24699586
57277172.28420224
57281795.69457994
57286419.478159204
57291043.63496993
57295668.16504234
57300293.0684067
57304918.34509291
57309543.99513121
57314170.01855186
57318796.415384755
57323423.18566017
57328050.329408355
57332677.84665923
57337305.73744306
57341934.00178999
57346562.63973029
57351191.651293896
57355821.03651119
57360450.7954121
57365080.928026915
57369711.434385784
57374342.31451901
57378973.56845652
57383605.196228735
57388237.197865576
57392869.57339735
57397502.32285424
57402135.44626654
57406768.94366421
57411402.81507766
57416037.06053686
57420671.68007211
57425306.6737136
57429942.041491665
57434577.78343626
57439213.89957782
57443850.38994631
57448487.25457207
57453124.4934853
57457762.106716335
57462400.094295144
57467038.456252195
57471677.19261746
57476316.30342129
57480955.7886939
57485595.64846564
57490235.8827665
57494876.491626956
57499517.475076996
57504158.833146974
57508800.56586714
57513442.67326785
57518085.15537911
57522728.01223129
57527371.243854746
57532014.8502795
57536658.83153593
57541303.1876544
57545947.91866493
57550593.02459791
57555238.505483724
57559884.3613524
57564530.59223431
57569177.19815974
57573824.17915908
57578471.53526237
57583119.266500115
57587767.37290236
57592415.85449953
57597064.71132188
57601713.94339984
57606363.55076345
57611013.53344324
57615663.89146928
57620314.62487197
57624965.73368163
57629617.217928655
57634269.07764314
57638921.312855616
57643573.92359616
57648226.9098952
57652880.271783054
57657534.00929016
57662188.12244659
57666842.611282915
57671497.47582922
57676152.71611595
57680808.33217344
57685464.32403212
57690120.69172212
57694777.43527398
57699434.55471783
57704092.05008412
57708749.9214032
57713408.16870552
57718066.79202121
57722725.791380845
57727385.16681455
57732044.9183528
57736705.04602595
57741365.549864486
57746026.42989852
57750687.68615857
57755349.318675086
57760011.32747822
57764673.71259847
57769336.47406632
57773999.611911915
57778663.126165755
57783327.01685835
57787991.28401983
57792655.927680716
57797320.9478714
57801986.34462239
57806652.11796384
57811318.267926395
57815984.79454022
57820651.697835825
57825318.97784362
57829986.634594135
57834654.668117546
57839323.0784445
57843991.865605175
57848661.0296301
57853330.57054971
57858000.48839454
57862670.78319477
57867341.45498109
57872012.50378366
57876683.92963305
57881355.732559696
57886027.91259415
57890700.46976662
57895373.40410777
57900046.715647824
57904720.40441734
57909394.47044678
57914068.913766704
57918743.73440733
57923418.932399355
57928094.507773
57932770.46055885
57937446.790787354
57942123.49848913
57946800.583694376
57951478.04643382
57956155.8867377
57960834.104636595
57965512.700161
57970191.67334152
57974871.02420839
57979550.75279222
57984230.85912362
57988911.34323283
57993592.205150485
57998273.44490719
58002955.0625332
58007637.05805915
58012319.43151565
58017002.18293297
58021685.31234175
58026368.81977261
58031052.70525583
58035736.96882204
58040421.61050188
58045106.63032564
58049792.02832395
58054477.80452735
58059163.95896648
58063850.49167163
58068537.40267358
58073224.692002624
58077912.359689415
58082600.405764505
58087288.83025855
58091977.63320185
58096666.8146252
58101356.374558926
58106046.31303368
58110736.63008002
58115427.32572863
58120118.40000983
58124809.852954425
58129501.68459274
58134193.894955456
58138886.484073155
58143579.45197652
58148272.79869589
58152966.524262086
58157660.62870545
58162355.11205668
58167049.97434636
58171745.2156052
58176440.83586355
58181136.835152246
58185833.21350165
58190529.97094246
58195227.10750529
58199924.62322086
58204622.51811953
58209320.792232156
58214019.44558911
58218718.47822112
58223417.890158795
58228117.68143287
58232817.85207375
58237518.40211215
58242219.33157883
58246920.64050417
58251622.32891893
58256324.39685384
58261026.84433932
58265729.67140612
58270432.87808499
58275136.46440634
58279840.43040094
58284544.77609943
58289249.50153258
58293954.6067308
58298660.091724984
58303365.95654556
58308072.2012233
58312778.82578886
58317485.83027304
58322193.21470626
58326900.97911941
58331609.12354296
58336317.64800767
58341026.552544236
58345735.83718345
58350445.50195576
58355155.546892084
58359865.97202287
58364576.77737893
58369287.962990955
58373999.52888975
58378711.47510579
58383423.80167
58388136.50861285
58392849.595965154
58397563.06375763
58402276.9120211
58406991.14078604
58411705.750083394
58416420.73994365
58421136.110397644
58425851.8614761
58430567.993209854
58435284.5056294
58440001.398765706
58444718.67264926
58449436.32731091
58454154.362781405
58458872.7790916
58463591.576271996
58468310.75435345
58473030.31336684
58477750.253342666
58482470.5743118
58487191.276305124
58491912.35935314
58496633.82348674
58501355.6687368
58506077.895133846
58510800.502708755
58515523.49149231
58520246.861515395
58524970.61280854
58529694.74540276
58534419.259328604
58539144.15461697
58543869.431298636
58548595.08940451
58553321.12896514
58558047.55001156
58562774.35257432
58567501.53668434
58572229.102372415
58576957.04966947
58581685.37860606
58586414.089213245
58591143.18152158
58595872.655562
58600602.51136532
58605332.74896248
58610063.36838404
58614794.369661085
58619525.75282419
58624257.5179043
58628989.664932236
58633722.193938956
58638455.10495505
58643188.3980116
58647922.0731392
58652656.13036881
58657390.56973127
58662125.391257554
58666860.594978265
58671596.1809245
58676332.14912686
58681068.49961633
58685805.23242377
58690542.34758015
58695279.8451161
58700017.72506261
58704755.98745067
58709494.63231089
58714233.65967429
58718973.069571845
58723712.8620342
58728453.03709236
58733193.59477732
58737934.53511974
58742675.85815062
58747417.56390096
58752159.652401425
58756902.12368303
58761644.977776796
58766388.21471337
58771131.83452378
58775875.837238945
58780620.222889885
58785364.99150726
58790110.14312223
58794855.67776548
58799601.595468044
58804347.896260835
58809094.58017489
58813841.64724092
58818589.09749007
58823336.93095304
58828085.147660874
58832833.74764452
58837582.73093503
58842332.09756311
58847081.84755993
58851831.98095621
58856582.497783005
58861333.398071274
58866084.681852095
58870836.34915617
58875588.400014706
58880340.83445842
58885093.65251839
58889846.8542256
58894600.439611115
58899354.40870568
58904108.7615405
58908863.49814632
58913618.61855423
58918374.12279521
58923130.01090037
58927886.28290045
58932642.93882656
58937399.97870981
58942157.40258095
58946915.2104711
58951673.40241138
58956431.978432536
58961190.93856571
58965950.28284202
58970710.011292234
58975470.12394748
58980230.62083889
58984991.50199724
58989752.76745368
58994514.41723933
58999276.45138499
59004038.869921796
59008801.67288078
59013564.8602931
59018328.43218953
59023092.38860136
59027856.72955939
59032621.45509478
59037386.56523855
59042152.0600219
59046917.93947561
59051684.20363099
59056450.85251884
59061217.88617035
59065985.30461656
59070753.10788866
59075521.29601748
59080289.86903431
59085058.826969996
59089828.169855714
59094597.89772254
59099368.010601684
59104138.50852396
59108909.39152071
59113680.65962276
59118452.31286133
59123224.351267494
59127996.77487248
59132769.583707124
59137542.77780278
59142316.35719029
59147090.321900874
59151864.67196565
59156639.40741584
59161414.5282823
59166190.03459639
59170965.92638899
59175742.20369131
59180518.8665345
59185295.91494979
59190073.34896805
59194851.16862054
59199629.37393851
59204407.96495284
59209186.94169479
59213966.30419561
59218746.05248621
59223526.18659785
59228306.70656178
59233087.61240891
59237868.90417052
59242650.581877746
59247432.645561874
59252215.09525381
59256997.93098497
59261781.15278625
59266564.760688946
59271348.75472423
59276133.134923376
59280917.90131733
59285703.053937495
59290488.59281482
59295274.51798058
59300060.829465985
59304847.527302325
59309634.611520536
59314422.08215207
59319209.93922786
59323998.182779215
59328786.81283735
59333575.829433575
59338365.23259885
59343155.022364624
59347945.19876186
59352735.76182188
59357526.7115759
59362318.04805526
59367109.771290936
59371901.88131438
59376694.37815658
59381487.261848874
59386280.53242249
59391074.18990878
59395868.23433873
59400662.66574382
59405457.484155044
59410252.68960377
59415048.28212122
59419844.26173877
59424640.62848743
59429437.38239857
59434234.52350355
59439032.05183339
59443829.967419475
59448628.270293176
59453426.96048551
59458226.038027875
59463025.502951644
59467825.35528786
59472625.5950679
59477426.22232305
59482227.2370847
59487028.6393839
59491830.42925216
59496632.60672053
59501435.17182042
59506238.12458311
59511041.46504002
59515845.1932222
59520649.30916119
59525453.812888056
59530258.70443421
59535063.98383096
59539869.65110973
59544675.7063016
59549482.14943812
59554288.98055035
59559096.19966974
59563903.80682761
59568711.80205541
59573520.18538421
59578328.956845574
59583138.116470605
59587947.664290756
59592757.60033736
59597567.92464186
59602378.63723538
59607189.738149494
59612001.22741529
59616813.10506426
59621625.37112775
59626438.02563722
59631251.06862379
59636064.50011906
59640878.32015415
59645692.52876055
59650507.12596962
59655322.111812845
59660137.48632135
59664953.24952664
59669769.401460215
59674585.94215319
59679402.87163709
59684220.18994341
59689037.89710329
59693855.99314824
59698674.47810978
59703493.35201905
59708312.61490757
59713132.26680686
59717952.307748094
59722772.73776277
59727593.55688243
59732414.765138246
59737236.36256173
59742058.34918432
59746880.72503754
59751703.49015256
59756526.64456106
59761350.18829421
59766174.121383555
59770998.44386053
59775823.15575669
59780648.25710322
59785473.74793181
59790299.628273636
59795125.89816028
59799952.55762318
59804779.6066939
59809607.04540365
59814434.873784125
59819263.09186653
59824091.69968246
59828920.69726335
59833750.0846408
59838579.86184603
59843410.02891075
59848240.585866176
59853071.53274391
59857902.869575426
59862734.596392326
59867566.71322584
59872399.2201077
59877232.11706914
59882065.40414177
59886899.081357084
59891733.14874669
59896567.606341854
59901402.454174295
59906237.692275286
59911073.320676446
59915909.33940928
59920745.74850541
59925582.54799612
59930419.73791303
59935257.31828778
59940095.289151646
59944933.65053628
59949772.4024733
59954611.54499401
59959451.07813005
59964291.00191308
59969131.316374384
59973972.02154562
59978813.11745833
59983654.60414416
59988496.48163444
59993338.74996094
59998181.40915495
60003024.45924817
60007867.900272146
60012711.73225854
60017555.95523869
60022400.56924439
60027245.57430696
60032090.97045808
60036936.75772933
60041782.9361524
60046629.50575862
60051476.46657981
60056323.8186473
60061171.5619928
60066019.69664789
60070868.222644284
60075717.14001332
60080566.44878684
60085416.14899618
60090266.24067308
60095116.723849125
60099967.59855605
60104818.8648252
60109670.52268843
60114522.57217712
60119375.01332299
60124227.846157655
60129081.07071286
60133934.687019974
60138788.695110865
60143643.09501692
60148497.88676988
60153353.07040138
60158208.64594317
60163064.613426656
60167920.972883575
60172777.7243457
60177634.86784443
60182492.40341154
60187350.33107878
60192208.65087757
60197067.362839684
60201926.4669969
60206785.96338063
60211645.85202265
60216506.13295463
60221366.80620836
60226227.87181526
60231089.329807244
60235951.180215746
60240813.42307256
60245676.05840937
60250539.08625797
60255402.5066498
60260266.3196168
60265130.525190406
60269995.12340243
60274860.114284575
60279725.49786866
60284591.27418612
60289457.443268925
60294324.005148515
60299190.95985673
60304058.30742528
60308926.047886
60313794.181270346
60318662.707610294
60323531.626937315
60328400.939283244
60333270.64467982
60338140.743158884
60343011.234751925
60347882.119490914
60352753.397407345
60357625.06853307
60362497.13289984
60367369.59053952
60372242.44148361
60377115.68576409
60381989.32341247
60386863.354460634
60391737.778940335
60396612.596883446
60401487.80832148
60406363.413286336
60411239.41180989
60416115.803923674
60420992.58965958
60425869.76904949
60430747.342124954
60435625.30891786
60440503.66946011
60445382.42378326
60450261.571919195
60455141.11389984
60460021.04975674
60464901.37952181
60469782.10322697
60474663.22090376
60479544.73258413
60484426.63829986
60489308.938082896
60494191.631964795
60499074.71997761
60503958.202152915
60508842.078522645
60513726.34911863
60518611.0139728
60523496.07311674
60528381.526582524
60533267.37440174
60538153.61660634
60543040.25322815
60547927.28429914
60552814.70985091
60557702.529915534
60562590.74452461
60567479.35371013
60572368.35750392
60577257.75593797
60582147.54904389
60587037.73685377
60591928.31939924
60596819.29671227
60601710.66882475
60606602.43576864
60611494.59757559
60616387.15427771
60621280.10590663
60626173.45249435
60631067.19407276
60635961.33067385
60640855.862329274
60645750.78907104
60650646.110931166
60655541.82794129
60660437.94013344
60665334.44753963
60670231.350191526
60675128.64812115
60680026.34136053
60684924.429941334
60689822.91389559
60694721.793255344
60699621.06805226
60704520.73831838
60709420.80408576
60714321.265386075
60719222.12225137
60724123.37471357
60729025.022804745
60733927.06655657
60738829.50600124
60743732.341170445
60748635.57209625
60753539.1988106
60758443.221345566
60763347.63973286
60768252.45400467
60773157.664192714
60778063.270329066
60782969.27244569
60787875.67057468
60792782.46474774
60797689.6549971
60802597.24135449
60807505.22385198
60812413.60252157
60817322.377395354
60822231.54850507
60827141.11588294
60832051.07956072
60836961.43957051
60841872.1959443
60846783.348714225
60851694.89791201
60856606.84356993
60861519.18571971
60866431.924393505
60871345.05962331
60876258.59144125
60881172.51987911
60886086.84496914
60891001.56674311
60895916.68523317
60900832.20047134
60905748.11248977
60910664.42132023
60915581.12699489
60920498.229545906
60925415.72900506
60930333.62540451
60935251.91877643
60940170.60915261
60945089.696565226
60950009.18104644
60954929.06262807
60959849.341342285
60964770.01722114
60969691.09029682
60974612.56060114
60979534.42816641
60984456.69302446
60989379.355207466
60994302.41474751
60999225.87167679
61004149.72602713
61009073.977830864
61013998.627119824
61018923.67392623
61023849.11828215
61028774.9602198
61033701.19977104
61038627.836968206
61043554.871843144
61048482.30442808
61053410.13475512
61058338.3628565
61063266.98876406
61068196.01251018
61073125.43412672
61078055.25364591
61082985.47109988
61087916.08652087
61092847.09994076
61097778.51139192
61102710.32090623
61107642.52851595
61112575.13425322
61117508.13815028
61122441.54023904
61127375.34055189
61132309.53912072
61137244.1359778
61142179.13115528
61147114.52468544
61152050.31660019
61156986.506931804
61161923.09571257
61166860.08297441
61171797.4687496
61176735.25307044
61181673.435968846
61186612.01747712
61191550.997627564
61196490.3764521
61201430.15398304
61206370.33025257
61211310.905293
61216251.879136264
61221193.251814805
61226135.023360565
61231077.193805866
61236019.763182916
61240962.73152403
61245906.09886117
61250849.86522679
61255794.03065285
61260738.59517168
61265683.55881551
61270628.92161667
61275574.68360714
61280520.84481938
61285467.40528537
61290414.36503747
61295361.724107906
61300309.48252903
61305257.64033283
61310206.1975518
61315155.15421793
61320104.510363586
61325054.266021006
61330004.421222575
61334954.976000294
61339905.93038666
61344857.28441368
61349809.03811374
61354761.19151911
61359713.744662166
61364666.69757493
61369620.05028992
61374573.80283916
61379527.95525505
61384482.507569864
61389437.45981601
61394392.812025525
61399348.56423081
61404304.71646427
61409261.26875797
61414218.22114431
61419175.57365572
61424133.32632423
61429091.47918229
61434050.03226232
61439008.98559636
61443968.33921686
61448928.093156256
61453888.247446604
61458848.80212035
61463809.75720994
61468771.11274744
61473732.8687653
61478695.02529585
61483657.58237155
61488620.54002447
61493583.8982872
61498547.65719182
61503511.81677081
61508476.377056494
61513441.33808136
61518406.6998775
61523372.462477505
61528338.625913486
61533305.19021793
61538272.15542317
61543239.52156173
61548207.28866569
61553175.45676768
61558144.02589981
61563112.99609459
61568082.36738439
61573052.1398017
61578022.31337866
61582992.888147905
61587963.86414155
61592935.24139213
61597907.019932024
61602879.19979374
61607851.78100944
61612824.76361176
61617798.14763285
61622771.933105245
61627746.120061345
61632720.70853368
61637695.69855442
61642671.09015622
61647646.88337124
61652623.078232035
61657599.674771026
61662576.67302075
61667554.07301339
61672531.874781504
61677510.07835764
61682488.68377399
61687467.6910631
61692447.10025755
61697426.91138954
61702407.12449161
61707387.73959635
61712368.756735966
61717350.175943024
61722331.99724998
61727314.22068942
61732296.84629356
61737279.8740951
61742263.304126255
61747247.13641963
61752231.37100769
61757216.00792303
61762201.04719788
61767186.488864966
61772172.33295652
61777158.579505146
61782145.22854334
61787132.28010371
61792119.7342185
61797107.590920456
61802095.85024182
61807084.51221521
61812073.57687314
61817063.04424824
61822052.91437276
61827043.187279455
61832033.8630006
61837024.94156884
61842016.423016675
61847008.30737676
61852000.59468137
61856993.28496327
61861986.37825475
61866979.87458846
61871973.773996934
61876968.076512836
61881962.782168455
61886957.89099658
61891953.40302951
61896949.318299904
61901945.63684032
61906942.358683445
61911939.483861566
61916937.01240737
61921934.94435355
61926933.279732406
61931932.01857664
61936931.160918936
61941930.70679162
61946930.65622739
61951931.00925894
61956931.7659186
61961932.92623908
61966934.490252964
61971936.45799296
61976938.829491414
61981941.60478115
61986944.78389453
61991948.36686427
61996952.35372297
62001956.74450334
62006961.53923776
62011966.73795908
62016972.34069965
62021978.34749222
62026984.75836939
62031991.57336392
62036998.79250817
62042006.41583501
62047014.443376824
62052022.875166364
62057031.71123625
62062040.95161926
62067050.59634776
62072060.64545465
62077071.09897232
62082081.956933536
62087093.219370954
62092104.886317335
62097116.95780509
62102129.43386712
62107142.314535834
62112155.59984401
62117169.28982432
62122183.38450955
62127197.88393212
62132212.78812495
62137228.09712046
62142243.81095145
62147259.9296506
62152276.45325071
62157293.38178423
62162310.71528396
62167328.453782715
62172346.597312935
62177365.14590744
62182384.099599056
62187403.458420224
62192423.22240378
62197443.39158255
62202463.965988986
62207484.94565593
62212506.33061621
62217528.120902315
62222550.31654706
62227572.91758331
62232595.92404352
62237619.33596056
62242643.15336714
62247667.37629613
62252692.00478002
62257717.038851775
62262742.47854389
62267768.32388925
62272794.57492057
62277821.23167075
62282848.29417227
62287875.76245815
62292903.63656088
62297931.91651334
62302960.602348305
62307989.69409865
62313019.1917969
62318049.09547606
62323079.40516867
62328110.12090761
62333141.24272566
62338172.770655744
62343204.70473036
62348237.04498257
62353269.79144489
62358302.94415025
62363336.503131434
62368370.46842136
62373404.84005258
62378439.618058145
62383474.8024706
62388510.393322885
62393546.3906478
62398582.79447828
62403619.604846895
62408656.82178671
62413694.445330285
62418732.47551057
62423770.91236039
62428809.7559127
62433849.006200075
62438888.66325547
62443928.727111846
62448969.19780179
62454010.07535827
62459051.35981425
62464093.05120232
62469135.14955546
62474177.654906645
62479220.56728847
62484263.88673393
62489307.61327586
62494351.74694727
62499396.28778077
62504441.23580946
62509486.59106597
62514532.3535833
62519578.52339431
62524625.10053202
62529672.08502904
62534719.47691852
62539767.276233084
62544815.48300575
62549864.09726939
62554913.11905705
62559962.54840136
62565012.385335475
62570062.62989204
62575113.282104075
62580164.3420045
62585215.80962634
62590267.68500226
62595319.96816543
62600372.65914851
62605425.757984534
62610479.26470644
62615533.17934728
62620587.50193971
62625642.23251693
62630697.37111161
62635752.91775681
62640808.87248548
62645865.235330686
62650922.0063251
62655979.18550195
62661036.7728939
62666094.76853404
62671153.17245534
62676211.98469086
62681271.205273315
62686330.834235795
62691390.87161139
62696451.317432806
62701512.171733156
62706573.434545524
62711635.105902635
62716697.185837604
62721759.67438352
62726822.57157313
62731885.877439536
62736949.59201573
62742013.715334825
62747078.247429565
62752143.188333206
62757208.53807848
62762274.296698526
62767340.46422635
62772407.04069508
62777474.026137464
62782541.42058679
62787609.224075794
62792677.43663764
62797746.05830534
62802815.08911204
62807884.52909052
62812954.37827407
62818024.636695445
62823095.304387815
62828166.38138422
62833237.86771783
62838309.76342143
62843382.06852831
62848454.783071265
62853527.907083474
62858601.440597996
62863675.38364801
62868749.73626631
62873824.49848622
62878899.670340545
62883975.25186248
62889051.243085094
62894127.644041575
62899204.45476476
62904281.67528797
62909359.30564403
62914437.34586614
62919515.795987405
62924594.656041026
62929673.926059835
62934753.60607706
62939833.696125925
62944914.196239255
62949995.106450304
62955076.42679228
62960158.15729805
62965240.298000835
62970322.84893389
62975405.81013006
62980489.181622595
62985572.96344475
62990657.15562937
62995741.75820972
63000826.77121906
63005912.19469026
63010998.02865657
63016084.273151144
63021170.92820723
63026257.99385773
63031345.470136024
63036433.35707502
63041521.65470798
63046610.36306807
63051699.48218855
63056789.012102336
63061878.95284285
63066969.30444298
63072060.06693603
63077151.240355164
63082242.82473368
63087334.8201045
63092427.22650105
63097520.04395625
63102613.272503406
63107706.91217571
63112800.963006474
63117895.42502863
63122990.29827562
63128085.58278039
63133181.278576255
63138277.385696426
63143373.90417423
63148470.83404261
63153568.175335035
63158665.928084455
63163764.09232421
63168862.66808752
63173961.655407734
63179061.0543178
63184160.864851095
63189261.08704095
63194361.720920354
63199462.76652266
63204564.22388123
63209666.093029045
63214768.37399948
63219871.06682589
63224974.17154127
63230077.688179
63235181.61677246
63240285.95735464
63245390.70995893
63250495.87461872
63255601.451367
63260707.44023717
63265813.8412625
63270920.65447638
63276027.87991183
63281135.51760239
63286243.567581065
63291352.02988127
63296460.904536285
63301570.19157953
63306679.89104403
63311790.00296333
63316900.527370475
63322011.46429888
63327122.81378186
63332234.575852826
63337346.75054483
63342459.337891445
63347572.33792571
63352685.75068108
63357799.57619086
63362913.8144885
63368028.46560706
63373143.52958012
63378259.00644075
63383374.89622241
63388491.19895843
63393607.91468227
63398725.043427005
63403842.58522624
63408960.540113054
63414078.908120915
63419197.689283185
63424316.88363333
63429436.49120445
63434556.512030154
63439676.946143545
63444797.79357811
63449919.05436722
63455040.72854436
63460162.81614265
63465285.31719558
63470408.23173667
63475531.559799016
63480655.30141614
63485779.45662155
63490904.025448374
63496029.00793012
63501154.40410033
63506280.21399212
63511406.43763901
63516533.07507442
63521660.12633186
63526787.59144448
63531915.47044595
63537043.76336942
63542172.47024843
63547301.59111639
63552431.12600685
63557561.074952975
63562691.43798844
63567822.21514641
63572953.40646045
63578085.011963986
63583217.03169058
63588349.46567342
63593482.31394618
63598615.576542065
63603749.25349464
63608883.34483735
63614017.85060378
63619152.77082712
63624288.10554109
63629423.85477887
63634560.01857407
63639696.59696014
63644833.589970686
63649970.9976389
63655108.81999854
63660247.0570828
63665385.70892529
63670524.775559485
63675664.25701901
63680804.15333708
63685944.46454744
63691085.190683335
63696226.33177837
63701367.88786604
63706509.85897999
63711652.24515346
63716795.04642006
63721938.26281345
63727081.89436687
63732225.941113956
63737370.40308836
63742515.28032334
63747660.57285255
63752806.28070963
63757952.403927855
63763098.94254088
63768245.89658223
63773393.26608557
63778541.05108419
63783689.25161187
63788837.8677019
63793986.89938796
63799136.34670359
63804286.209682465
63809436.48835789
63814587.182763666
63819738.2929331
63824889.81889988
63830041.760697566
63835194.118359864
63840346.89192007
63845500.081412025
63850653.68686903
63855807.708324805
63860962.14581293
63866116.9993671
63871272.26902067
63876427.95480745
63881584.0567608
63886740.57491443
63891897.50930194
63897054.859957054
63902212.626913115
63907370.81020399
63912529.409863025
63917688.42592395
63922847.85842039
63928007.70738608
63933167.97285438
63938328.65485918
63943489.75343382
63948651.26861208
63953813.20042757
63958975.54891407
63964138.31410493
63969301.49603394
63974465.09473485
63979629.11024105
63984793.54258631
63989958.39180442
63995123.65792876
64000289.34099311
64005455.441031255
64010621.9580766
64015788.89216294
64020956.243324056
64026124.011593364
64031292.19700465
64036460.799591735
64041629.81938802
64046799.25642731
64051969.11074329
64057139.38236978
64062310.07134019
64067481.17768848
64072652.701448075
64077824.6426528
64082997.00133635
64088169.777532555
64093342.97127486
64098516.582597226
64103690.61153309
64108865.05811631
64114039.92238059
64119215.20435977
64124390.90408732
64129567.02159721
64134743.556922905
64139920.51009826
64145097.88115702
64150275.670133024
64155453.87705976
64160632.501971215
64165811.54490088
64170991.00588262
64176170.88495018
64181351.182137445
64186531.897477895
64191713.03100555
64196894.582753904
64202076.552756846
64207258.94104814
64212441.74766168
64217624.97263097
64222808.61599004
64227992.6777724
64233177.158011965
64238362.056742504
64243547.37399793
64248733.10981176
64253919.26421792
64259105.83725033
64264292.82894251
64269480.23932839
64274668.068441905
64279856.31631658
64285044.98298635
64290234.06848517
64295423.57284656
64300613.49610448
64305803.83829273
64310994.59944527
64316185.77959564
64321377.37877794
64326569.39702573
64331761.83437296
64336954.69085346
64342147.9665012
64347341.66134975
64352535.77543321
64357730.30878516
64362925.26143957
64368120.63343029
64373316.4247913
64378512.63555619
64383709.26575907
64388906.31543354
64394103.784613594
64399301.673333086
64404499.98162603
64409698.709526
64414897.85706716
64420097.4242831
64425297.41120785
64430497.81787526
64435698.64431937
64440899.890573785
64446101.556672655
64451303.64264961
64456506.14853869
64461709.07437376
64466912.420188874
64472116.186017655
64477320.37189428
64482524.97785239
64487730.00392602
64492935.45014908
64498141.31655563
64503347.603179306
64508554.310054176
64513761.43721428
64518968.98469329
64524176.952525266
64529385.340744264
64534594.149383955
64539803.37847841
64545013.0280617
64550223.0981675
64555433.5888299
64560644.50008283
64565855.83196037
64571067.58449622
64576279.757724606
64581492.351679206
64586705.36639412
64591918.801903315
64597132.65824088
64602346.93544053
64607561.633536495
64612776.75256249
64617992.29255263
64623208.25354087
64628424.635561354
64633641.43864779
64638858.662834436
64644076.308155015
64649294.37464365
64654512.86233435
64659731.77126123
64664951.101458035
64670170.85295904
64675391.02579798
64680611.620009
64685832.635626115
64691054.072683476
64696275.93121483
64701498.21125447
64706720.91283614
64711944.03599402
64717167.58076213
64722391.54717464
64727615.93526531
64732840.74506845
64738065.976617835
64743291.62994764
64748517.70509191
64753744.202084824
64758971.120960176
64764198.46175215
64769426.22449493
64774654.40922231
64779883.0159685
64785112.044767685
64790341.49565367
64795571.36866066
64800801.66382286
64806032.38117408
64811263.52074854
64816495.08258044
64821727.06670361
64826959.47315227
64832192.30196064
64837425.553162545
64842659.22679222
64847893.322883755
64853127.84147139
64858362.78258896
64863598.146270834
64868833.93255086
64874070.141463295
64879306.77304223
64884543.82732193
64889781.30433625
64895019.20411958
64900257.52670577
64905496.27212909
64910735.44042367
64915975.03162377
64921215.04576327
64926455.48287658
64931696.34299756
64936937.626160495
64942179.33239955
64947421.46174898
64952664.01424269
64957906.989915095
64963150.3888001
64968394.21093199
64973638.456344925
64978883.12507321
64984128.217150755
64989373.73261199
64994619.67149083
64999866.03382159
65005112.81963844
65010360.028975695
65015607.66186729
65020855.71834754
65026104.198450774
65031353.10221091
65036602.42966229
65041852.18083924
65047102.3557757
65052352.95450601
65057603.97706451
65062855.423485145
65068107.29380226
65073359.58805022
65078612.306262955
65083865.44847483
65089119.01472021
65094373.00503305
65099627.41944772
65104882.257998444
65110137.5207196
65115393.207645155
65120649.31880962
65125905.854246974
65131162.8139916
65136420.19807774
65141678.00653978
65146936.23941172
65152194.89672807
65157453.97852284
65162713.48483042
65167973.41568507
65173233.771121204
65178494.55117282
65183755.75587446
65189017.38526015
65194279.43936428
65199541.918221146
65204804.82186517
65210068.150330365
65215331.9036513
65220596.08186199
65225860.68499687
65231125.713090256
65236391.16617656
65241657.044289835
65246923.34746465
65252190.07573505
65257457.22913548
65262724.80770026
65267992.81146385
65273261.24046029
65278530.094724186
65283799.37428959
65289069.079190955
65294339.209462635
65299609.765139095
65304880.7462544
65310152.15284303
65315423.98493945
65320696.24257776
65325968.925792426
65331242.034617946
65336515.56908841
65341789.52923829
65347063.9151021
65352338.726713926
65357613.96410828
65362889.627319515
65368165.716382146
65373442.23133028
65378719.172198564
65383996.539021105
65389274.331832424
65394552.5506669
65399831.19555907
65405110.26654304
65410389.76365348
65415669.686924525
65420950.0363907
65426230.8120864
65431512.01404619
65436793.64230419
65442075.69689508
65447358.17785301
65452641.08521253
65457924.419008054
65463208.17927415
65468492.36604496
65473776.979355186
65479062.01923899
65484347.485730946
65489633.37886548
65494919.698677175
65500206.44520018
65505493.61846924
65510781.21851851
65516069.245382585
65521357.69909591
65526646.57969309
65531935.88720829
65537225.62167626
65542515.78313119
65547806.371607676
65553097.387140185
65558388.82976333
65563680.69951132
65568972.99641876
65574265.72052026
65579558.87185004
65584852.45044273
65590146.45633294
65595440.889554895
65600735.75014323
65606031.03813257
65611326.753557146
65616622.89645159
65621919.46685042
65627216.46478828
65632513.890299395
65637811.74341856
65643110.02418002
65648408.73261843
65653707.868768305
65659007.43266431
65664307.42434071
65669607.84383229
65674908.69117333
65680209.966398485
65685511.66954231
65690813.800639465
65696116.35972424
65701419.34683143
65706722.761995345
65712026.60525066
65717330.876631916
65722635.57617382
65727940.703910656
65733246.25987727
65738552.244107954
65743858.65663741
65749165.4975002
65754472.76673105
65759780.46436427
65765088.59043469
65770397.144976646
65775706.12802485
65781015.53961389
65786325.37977848
65791635.64855297
65796946.34597222
65802257.472070545
65807569.02688269
65812881.01044328
65818193.422787026
65823506.2639483
65828819.533961825
65834133.23286237
65839447.36068428
65844761.91746231
65850076.90323123
65855392.31802539
65860708.16187955
65866024.43482849
65871341.136906564
65876658.268148564
65881975.82858925
65887293.81826301
65892612.23720462
65897931.08544886
65903250.36303013
65908570.0699832
65913890.20634275
65919210.77214356
65924531.76742003
65929853.1922071
65935175.046539165
65940497.330451034
65945820.04397739
65951143.18715304
65956466.760012396
65961790.76259041
65967115.1949215
65972440.0570405
65977765.34898209
65983091.0707811
65988417.22247197
65993743.80408966
65999070.8156686
66004398.25724365
66009726.1288495
66015054.430521004
66020383.162292615
66025712.324199304
66031041.91627554
66036371.93855617
66041702.39107592
66047033.273869656
66052364.58697184
66057696.33041748
66063028.504241034
66068361.108477384
66073694.143161274
66079027.60832758
66084361.50401078
66089695.830245905
66095030.587067425
66100365.77451025
66105701.39260912
66111037.44139894
66116373.92091421
66121710.83118983
66127048.17226071
66132385.94416134
66137724.14692665
66143062.78059154
66148401.845190525
66153741.34075853
66159081.26733048
66164421.624940895
66169762.41362469
66175103.633416675
66180445.28435177
66185787.36646453
66191129.879790016
66196472.824362755
66201816.20021771
66207160.00738969
66212504.24591364
66217848.91582411
66223194.01715619
66228539.549944445
66233885.51422382
66239231.910029165
66244578.73739543
66249925.99635719
66255273.68694955
66260621.80920709
66265970.36316477
66271319.348857455
66276668.766320124
66282018.61558735
66287368.89669427
66292719.609675474
66298070.754565954
66303422.331400566
66308774.34021432
66314126.78104181
66319479.653918184
66324832.95887804
66330186.6959564
66335540.86518814
66340895.46660828
66346250.50025143
66351605.96615275
66356961.86434686
66362318.19486881
66367674.95775347
66373032.153035894
66378389.78075071
66383747.84093295
66389106.333617665
66394465.2588395
66399824.616633505
66405184.407034725
66410544.63007782
66415905.28579783
66421266.37422983
66426627.895408474
66431989.84936883
66437352.23614584
66442715.05577456
66448078.30828967
66453441.99372638
66458806.11211936
66464170.66350371
66469535.64791436
66474901.065386415
66480266.915954545
66485633.199654
66490999.916519456
66496367.066586025
66501734.649888664
66507102.66646249
66512471.116342194
66517839.99956303
66523209.31615971
66528579.06616734
66533949.24962092
66539319.866555564
66544690.917005986
66550062.401007466
66555434.31859472
66560806.66980288
66566179.45466695
66571552.67322207
66576926.325502984
66582300.41154496
66587674.93138275
66593049.88505151
66598425.27258625
66603801.09402212
66609177.34939389
66614554.03873684
66619931.16208575
66625308.719475776
66630686.71094195
66636065.136519454
66641443.99624306
66646823.290147945
66652203.018269286
66657583.18064187
66662963.77730088
66668344.80828151
66673726.27361854
66679108.17334718
66684490.50750262
66689873.276119664
66695256.47923351
66700640.11687937
66706024.18909203
66711408.695906736
66716793.63735869
66722179.01348269
66727564.82431398
66732951.06988764
66738337.750238895
66743724.86540258
66749112.41541406
66754500.400308155
66759888.82012011
66765277.674885035
66770666.96463817
66776056.68941437
66781446.849249
66786837.44417692
66792228.47423338
66797619.93945351
66803011.83987257
66808404.17552541
66813796.94644745
66819190.15267354
66824583.794238955
66829977.871178836
66835372.38352847
66840767.331322715
66846162.71459701
66851558.53338623
66856954.78772566
66862351.477650456
66867748.60319592
66873146.16439695
66878544.16128897
66883942.59390688
66889341.462285995
66894740.766461484
66900140.50646867
66905540.68234245
66910941.29411828
66916342.34183107
66921743.825516164
66927145.74520873
66932548.10094412
66937950.892757244
66943354.12068344
66948757.78475805
66954161.88501602
66959566.421492666
66964971.39422336
66970376.80324304
66975782.64858705
66981188.93029076
66986595.6483891
66992002.80291745
66997410.39391104
67002818.421405226
67008226.88543498
67013635.7860358
67019045.123242654
67024454.897090934
67029865.10761588
67035275.754852876
67040686.83883689
67046098.35960347
67051510.31718759
67056922.711624645
67062335.54294989
67067748.81119875
67073162.51640619
67078576.65860778
67083991.23783851
67089406.25413379
67094821.70752891
67100237.59805928
67105653.92575992
67111070.69066639
67116487.8928137
67121905.53223729
67127323.60897245
67132742.12305462
67138161.07451883
67143580.46340066
67149000.28973514
67154420.55355772
67159841.25490372
67165262.39380859
67170683.97030737
67176105.98443566
67181528.43622851
67186951.3257214
67192374.65294963
67197798.41794871
67203222.62075366
67208647.2614
67214072.33992317
67219497.85635827
67224923.81074078
67230350.20310618
67235777.03348956
67241204.3019264
67246632.0084522
67252060.15310206
67257488.73591147
67262917.75691581
67268347.21615057
67273777.11365087
67279207.44945234
67284638.2235901
67290069.43609968
67295501.08701645
67300933.17637593
67306365.70421325
67311798.67056407
67317232.0754635
67322665.91894712
67328100.20105028
67333534.92180857
67338970.08125708
67344405.67943153
67349841.71636704
67355278.19209917
67360715.10666333
67366152.46009511
67371590.25242962
67377028.48370259
67382467.15394917
67387906.26320493
67393345.8115053
67398785.79888588
67404226.2253818
67409667.09102882
67415108.3958621
67420550.13991721
67425992.32322963
67431434.94583493
67436878.00776832
67442321.50906551
67447765.4497617
67453209.82989252
67458654.64949341
67464099.9086
67469545.60724749
67474991.74547149
67480438.32330762
67485885.34079109
67491332.79795752
67496780.69484256
67502229.03148142
67507677.80790973
67513127.02416313
67518576.68027683
67524026.7762865
67529477.31222777
67534928.28813589
67540379.7040465
67545831.55999525
67551283.8560174
67556736.5921486
67562189.76842438
67567643.38488041
67573097.44155192
67578551.93847476
67584006.87568416
67589462.2532158
67594918.07110526
67600374.32938817
67605831.02809983
67611288.16727607
67616745.74695216
67622203.76716381
67627662.22794656
67633121.12933612
67638580.47136778
67644040.25407739
67649500.47750023
67654961.14167203
67660422.24662834
67665883.79240492
67671345.77903704
67676808.20656058
67682271.07501085
67687734.38442358
67693198.13483435
67698662.32627892
67704126.9587926
67709592.03241128
67715057.54717027
67720523.50310533
67725989.90025206
67731456.73864624
67736924.01832318
67742391.73931867
67747859.90166843
67753328.50540785
67758797.55057268
67764267.03719868
67769736.96532123
67775207.33497608
67780678.14619903
67786149.39902544
67791621.0934911
67797093.2296318
67802565.80748288
67808038.82708019
67813512.28845948
67818986.19165614
67824460.536706
67829935.32364471
67835410.55250807
67840886.22333148
67846362.3361509
67851838.89100172
67857315.88791977
67862793.32694072
67868271.2081004
67873749.53143422
67879228.29697816
67884707.50476764
67890187.15483849
67895667.2472264
67901147.78196722
67906628.75909638
67912110.17864989
67917592.04066314
67923074.34517202
67928557.09221223
67934040.28181964
67939523.91402969
67945007.98887838
67950492.50640118
67955977.46663395
67961462.86961241
67966948.71537246
67972435.00394957
67977921.73537974
67983408.90969844
67988896.52694157
67994384.58714488
67999873.09034427
68005362.03657521
68010851.42587374
68016341.25827536
68021831.53381597
68027322.25253132
68032813.41445735
68038305.01962955
68043797.06808384
68049289.55985612
68054782.49498191
68060275.87349716
68065769.69543776
68071263.96083924
68076758.66973755
68082253.82216862
68087749.41816796
68093245.45777152
68098741.94101512
68104238.8679347
68109736.2385658
68115234.05294451
68120732.31110638
68126231.01308735
68131730.15892327
68137229.74865009
68142729.78230336
68148230.25991921
68153731.1815332
68159232.54718128
68164734.35689932
68170236.61072329
68175739.30868876
68181242.45083188
68186746.03718819
68192250.06779371
68197754.5426843
68203259.46189596
68208764.82546426
68214270.63342538
68219776.88581489
68225283.5826688
68230790.724023
68236298.30991349
68241806.3403759
68247314.81544638
68252823.73516054
68258333.09955442
68263842.90866391
68269353.16252504
68274863.86117344
68280375.00464529
68285886.59297621
68291398.62620226
68296911.10435934
68302424.02748352
68307937.39561042
68313451.20877612
68318965.46701667
68324480.1703677
68329995.31886531
68335510.91254558
68341026.95144412
68346543.43559705
68352060.36504042
68357577.73980993
68363095.55994163
68368613.82547149
68374132.53643559
68379651.69286962
68385171.29480982
68390691.34229185
68396211.83535182
68401732.77402572
68407254.15834963
68412775.98835927
68418298.26409087
68423820.98558015
68429344.15286322
68434867.76597606
68440391.82495481
68445916.32983518
68451441.28065342
68456966.67744528
68462492.52024688
68468018.80909422
68473545.54402345
68479072.7250703
68484600.35227105
68490128.42566144
68495656.94527765
68501185.91115566
68506715.32333164
68512245.18184136
68517775.48672111
68523306.23800664
68528837.43573412
68534369.0799396
68539901.17065926
68545433.70792885
68550966.69178471
68556500.12226258
68562033.9993987
68567568.32322907
68573103.09378992
68578638.31111702
68584173.97524658
68589710.08621481
68595246.64405748
68600783.64881082
68606321.10051103
68611858.9991939
68617397.34489569
68622936.13765259
68628475.37750041
68634015.06447539
68639555.19861375
68645095.7799513
68650636.80852431
68656178.28436899
68661720.20752117
68667262.5780171
68672805.39589289
68678348.66118479
68683892.37392864
68689436.53416084
68694981.14191721
68700526.19723405
68706071.70014745
68711617.65069371
68717164.04890867
68722710.89482875
68728258.1884898
68733805.9299281
68739354.11917982
68744902.75628121
68750451.84126817
68756001.37417711
68761551.35504392
68767101.78390491
68772652.66079623
68778203.98575418
68783755.75881465
68789307.98001409
68794860.6493884
68800413.7669739
68805967.33280677
68811521.3469233
68817075.80935945
68822630.72015165
68828186.07933582
68833741.88694829
68839298.14302526
68844854.8476031
68850412.00071768
68855969.60240552
68861527.65270253
68867086.15164508
68872645.09926938
68878204.49561177
68883764.34070823
68889324.63459507
68894885.3773087
68900446.56888504
68906008.2093605
68911570.29877141
68917132.83715376
68922695.82454391
68928259.26097827
68933823.14649278
68939387.48112383
68944952.2649077
68950517.49788076
68956083.180079
68961649.31153895
68967215.89229661
68972782.92238839
68978350.40185054
68983918.33071949
68989486.70903122
68995055.5368223
69000624.81412873
69006194.54098694
69011764.71743321
69017335.34350398
69022906.41923526
69028477.94466361
69034049.91982508
69039622.34475608
69045195.21949294
69050768.5440721
69056342.31852959
69061916.54290201
69067491.21722539
69073066.3415362
69078641.91587074
69084217.94026549
69089794.4147565
69095371.3393804
69100948.71417321
69106526.53917144
69112104.8144114
69117683.5399296
69123262.71576208
69128842.3419455
69134422.4185159
69140002.9455098
69145583.92296356
69151165.35091366
69156747.2293962
69162329.55844767
69167912.33810459
69173495.56840307
69179079.2493796
69184663.38107072
69190247.96351251
69195832.9967415
69201418.48079424
69207004.41570681
69212590.80151576
69218177.63825749
69223764.92596851
69229352.664685
69234940.85444358
69240529.49528041
69246118.58723205
69251708.1303349
69257298.12462552
69262888.57014005
69268479.46691519
69274070.81498708
69279662.61439231
69285254.86516729
69290847.5673486
69296440.7209724
69302034.32607542
69307628.38269381
69313222.89086416
69318817.85062292
69324413.26200669
69330009.12505162
69335605.43979448
69341202.20627142
69346799.42451908
69352397.09457389
69357995.21647248
69363593.79025105
69369192.81594633
69374792.29359454
69380392.2232323
69385992.60489608
69391593.43862252
69397194.72444783
69402796.4624088
69408398.65254161
69414001.29488291
69419604.38946922
69425207.93633717
69430811.93552299
69436416.38706334
69442021.29099487
69447626.64735381
69453232.45617683
69458838.71750058
69464445.43136132
69470052.59779571
69475660.21684042
69481268.28853172
69486876.81290627
69492485.79000075
69498095.21985143
69503705.102495
69509315.43796815
69514926.22630715
69520537.46754868
69526149.16172934
69531761.30888578
69537373.90905431
69542986.96227178
69548600.46857448
69554214.42799911
69559828.84058225
69565443.70636062
69571059.02537054
69576674.79764885
69582291.02323186
69587907.70215632
69593524.83445881
69599142.42017607
69604760.45934442
69610378.95200074
69615997.89818135
69621617.297923
69627237.15126231
69632857.45823602
69638478.2188805
69644099.43323262
69649721.10132872
69655343.22320558
69660965.79889984
69666588.82844825
69672212.31188717
69677836.24925353
69683460.64058368
69689085.48591441
69694710.78528234
69700336.53872432
69705962.74627666
69711589.4079762
69717216.5238597
69722844.09396358
69728472.11832461
69734100.59697963
69739729.52996501
69745358.91731757
69750988.75907412
69756619.05527107
69762249.80594523
69767881.01113345
69773512.6708721
69779144.78519805
69784777.3541481
69790410.3777587
69796043.85606666
69801677.78910871
69807312.17692167
69812947.019542
69818582.31700665
69824218.06935209
69829854.27661517
69835490.93883261
69841128.05604127
69846765.6282776
69852403.6555786
69858042.13798074
69863681.07552089
69869320.46823578
69874960.3161623
69880600.6193369
69886241.37779664
69891882.59157796
69897524.26071776
69903166.3852528
69908808.96521999
69914452.0006558
69920095.49159728
69925739.4380809
69931383.8401436
69937028.69782215
69942674.01115346
69948319.78017402
69953966.0049209
69959612.68543062
69965259.82174008
69970907.4138861
69976555.46190561
69982203.96583512
69987852.9257117
69993502.34157191
69999152.21345267
70004802.54139079
70010453.32542324
70016104.56558652
70021756.26191764
70027408.41445352
70033061.02323072
70038714.0882862
70044367.60965696
70050021.58737952
70055676.02149087
70061330.91202798
70066986.25902744
70072642.0625262
70078298.32256113
70083955.03916922
70089612.21238704
70095269.84225173
70100927.92879987
70106586.47206844
70112245.47209436
70117904.92891459
70123564.84256576
70129225.213085
70134886.0405089
70140547.3248745
70146209.06621869
70151871.26457849
70157533.91999051
70163197.03249191
70168860.60211933
70174524.62890978
70180189.11290018
70185854.05412759
70191519.45262861
70197185.30844045
70202851.62159973
70208518.39214352
70214185.62010874
70219853.30553244
70225521.44845128
70231190.04890245
70236859.10692263
70242528.62254886
70248198.59581812
70253869.02676745
70259539.91543354
70265211.2618536
70270883.06606433
70276555.32810278
70282228.04800594
70287901.2258109
70293574.86155434
70299248.95527335
70304923.50700505
70310598.51678614
70316273.98465373
70321949.91064492
70327626.29479642
70333303.13714537
70338980.43772887
70344658.19658364
70350336.41374682
70356015.08925538
70361694.22314648
70367373.81545684
70373053.86622372
70378734.37548387
70384415.34327444
70390096.76963243
70395778.654595
70401460.9981989
70407143.80048141
70412827.06147929
70418510.78122969
70424194.95976967
70429879.5971364
70435564.69336659
70441250.24849762
70446936.26256621
70452622.73560956
70458309.66766472
70463997.0587689
70469684.90895884
70475373.21827188
70481061.98674484
70486751.21441488
70492440.90131907
70498131.04749465
70503821.65297839
70509512.71780767
70515204.24201924
70520896.22565036
70526588.6687381
70532281.57131968
70537974.93343194
70543668.75511223
70549363.03639737
70555057.7773246
70560752.97793102
70566448.63825388
70572144.75833
70577841.33819665
70583538.37789106
70589235.8774501
70594933.83691098
70600632.25631101
70606331.13568701
70612030.47507626
70617730.27451603
70623430.53404318
70629131.25369498
70634832.43350872
70640534.07352126
70646236.17376988
70651938.73429187
70657641.75512412
70663345.23630391
70669049.1778684
70674753.5798549
70680458.4423003
70686163.76524206
70691869.54871702
70697575.79276253
70703282.49741578
70708989.66271406
70714697.28869429
70720405.37539394
70726113.92284991
70731822.93109952
70737532.40018
70743242.33012865
70748952.72098243
70754663.57277879
70760374.88555467
70766086.65934743
70771798.89419428
70777511.59013255
70783224.74719921
70788938.36543176
70794652.44486713
70800366.9855427
70806081.98749569
70811797.45076348
70817513.37538303
70823229.76139188
70828946.60882695
70834663.91772565
70840381.68812522
70846099.92006308
70851818.61357617
70857537.76870206
70863257.3854777
70868977.46394052
70874698.00412777
70880419.00607687
70886140.46982482
70891862.39540902
70897584.7828669
70903307.63223545
70909030.9435521
70914754.7168543
70920478.95217903
70926203.64956374
70931928.80904588
70937654.43066244
70943380.5144509
70949107.06044853
70954834.0686928
70960561.53922074
70966289.47206993
70972017.86727744
70977746.72488071
70983476.04491706
70989205.82742399
70994936.07243851
71000666.77999826
71006397.95014027
71012129.58290204
71017861.67832091
71023594.23643439
71029327.25727949
71035060.7408939
71040794.68731466
71046529.09657927
71052263.9687251
71057999.30378966
71063735.10181004
71069471.36282386
71075208.08686824
71080945.27398068
71086682.92419857
71092421.03755943
71098159.61410037
71103898.65385905
71109638.15687257
71115378.12317848
71121118.55281417
71126859.4458172
71132600.80222465
71138342.62207426
71144084.9054031
71149827.65224877
71155570.86264867
71161314.53664035
71167058.67426096
71172803.27554806
71178548.34053922
71184293.86927158
71190039.86178273
71195786.31811023
71201533.23829125
71207280.62236337
71213028.47036418
71218776.78233084
71224525.55830094
71230274.79831193
71236024.50240143
71241774.6706066
71247525.3029652
71253276.39951439
71259027.9602918
71264779.9853349
71270532.4746813
71276285.42836821
71282038.84643339
71287792.72891402
71293547.07584774
71299301.88727206
71305057.16322461
71310812.90374258
71316569.10886377
71322325.7786254
71328082.91306512
71333840.51222043
71339598.57612897
71345357.10482801
71351116.09835532
71356875.55674815
71362635.48004417
71368395.86828089
71374156.721496
71379918.03972673
71385679.82301092
71391442.07138582
71397204.7848891
71402967.96355832
71408731.60743116
71414495.7165449
71420260.29093736
71426025.33064583
71431790.835708
71437556.80616146
71443323.24204388
71449090.14339258
71454857.51024525
71460625.34263961
71466393.64061296
71472162.40420303
71477931.63344753
71483701.32838377
71489471.48904951
71495242.11548245
71501013.2077199
71506784.76579963
71512556.78975937
71518329.27963644
71524102.2354686
71529875.65729359
71535649.54514876
71541423.89907184
71547198.71910048
71552974.00527243
71558749.75762504
71564525.97619624
71570302.66102335
71576079.81214415
71581857.42959629
71587635.51341757
71593414.06364532
71599193.0803175
71604972.56347145
71610752.51314498
71616532.92937575
71622313.81220157
71628095.1616598
71633876.9777884
71639659.26062477
71645442.0102067
71651225.22657187
71657008.90975812
71662793.05980283
71668577.67674398
71674362.76061895
71680148.3114656
71685934.32932162
71691720.81422485
71697507.76621269
71703295.18532313
71709083.07159361
71714871.42506197
71720660.24576591
71726449.5337433
71732239.28903158
71738029.51166876
71743820.20169225
71749611.35913995
71755402.98404957
71761195.076459
71766987.63640569
71772780.66392751
71778574.15906236
71784368.12184769
71790162.5523214
71795957.45052138
71801752.81648509
71807548.65025045
71813344.95185536
71819141.72133727
71824938.95873414
71830736.66408369
71836534.83742388
71842333.47879216
71848132.58822662
71853932.16576475
71859732.21144447
71865532.72530359
71871333.70738003
71877135.15771128
71882937.07633546
71888739.46329007
71894542.31861305
71900345.64234221
71906149.4345155
71911953.69517045
71917758.42434517
71923563.62207718
71929369.28840445
71935175.4233648
71940982.02699623
71946789.09933624
71952596.64042297
71958404.65029398
71964213.12898724
71970022.0765406
71975831.49299206
71981641.37837915
71987451.73274004
71993262.5561123
71999073.84853391
72004885.61004275
72010697.84067681
72016510.5404737
72022323.70947155
72028137.34770796
72033951.45522094
72039766.03204837
72045581.0782283
72051396.59379831
72057212.57879643
72063029.0332607
72068845.95722874
72074663.35073857
72080481.21382825
72086299.54653539
72092118.34889805
72097937.62095428
72103757.3627417
72109577.57429837
72115398.25566222
72121219.40687132
72127041.0279633
72132863.11897637
72138685.67994818
72144508.7109168
72150332.21192019
72156156.18299642
72161980.62418316
72167805.53551863
72173630.91704048
72179456.76878685
72185283.09079565
72191109.88310502
72196937.14575261
72202764.87877668
72208593.08221492
72214421.75610544
72220250.90048622
72226080.51539536
72231910.60087058
72237741.15695015
72243572.18367174
72249403.68107352
72255235.64919345
72261068.0880697
72266900.99773999
72272734.37824257
72278568.22961517
72284402.55189596
72290237.34512293
72296072.60933428
72301908.34456769
72307744.5508615
72313581.22825342
72319418.37678164
72325255.99648419
72331094.08739924
72336932.64956455
72342771.6830183
72348611.18779866
72354451.16394341
72360291.61149071
72366132.5304788
72371973.92094542
72377815.78292876
72383658.11646706
72389500.92159806
72395344.19836
72401187.94679108
72407032.16692908
72412876.85881223
72418722.02247876
72424567.65796643
72430413.76531352
72436260.34455808
72442107.39573835
72447954.91889216
72453802.91405787
72459651.3812733
72465500.3205767
72471349.73200619
72477199.6156
72483049.97139597
72488900.7994325
72494752.09974742
72500603.872379
72506456.11736536
72512308.83474478
72518162.0245551
72524015.68683475
72529869.82162157
72535724.42895383
72541579.5088697
72547435.06140746
72553291.08660497
72559147.58450069
72565004.55513245
72570861.99853858
72576719.91475725
72582578.30382676
72588437.16578498
72594296.50067039
72600156.30852084
72606016.58937469
72611877.34327011
72617738.57024541
72623600.27033852
72629462.44358775
72635325.09003145
72641188.20970751
72647051.8026543
72652915.86891015
72658780.40851298
72664645.42150113
72670510.90791298
72676376.86778645
72682243.30115989
72688110.20807168
72693977.58855973
72699845.44266245
72705713.77041818
72711582.57186489
72717451.84704094
72723321.59598456
72729191.81873418
72735062.51532772
72740933.68580374
72746805.33020018
72752677.44855545
72758550.04090783
72764423.10729569
72770296.64775702
72776170.66233037
72782045.15105374
72787920.11396553
72793795.55110402
72799671.46250764
72805547.84821437
72811424.7082628
72817302.04269093
72823179.85153718
72829058.13483986
72834936.89263742
72840816.12496784
72846695.83186974
72852576.01338114
72858456.66954046
72864337.80038607
72870219.4059564
72876101.48628947
72881984.04142392
72887867.07139775
72893750.57624947
72899634.55601738
72905519.01073998
72911403.94045533
72917289.34520204
72923175.22501817
72929061.57994221
72934948.41001251
72940835.7152676
72946723.4957455
72952611.75148472
72958500.48252381
72964389.68890081
72970279.37065424
72976169.52782263
72982060.16044404
72987951.26855703
72993842.85220009
72999734.91141133
73005627.4462293
73011520.45669235
73017413.94283907
73023307.90470754
73029202.34233643
73035097.25576389
73040992.64502846
73046888.51016854
73052784.8512227
73058681.66822904
73064578.9612263
73070476.73025261
73076374.9753465
73082273.69654647
73088172.89389102
73094072.56741835
73099972.71716715
73105873.3431756
73111774.44548227
73117676.02412562
73123578.07914422
73129480.61057627
73135383.61846049
73141287.10283504
73147191.06373855
73153095.5012095
73159000.41528647
73164905.80600764
73170811.6734118
73176718.01753712
73182624.83842222
73188532.13610561
73194439.91062592
73200348.16202132
73206256.89033061
73212166.095592
73218075.77784415
73223985.93712552
73229896.57347481
73235807.6869302
73241719.27753036
73247631.34531395
73253543.89031921
73259456.9125848
73265370.41214937
73271284.38905118
73277198.8433289
73283113.77502121
73289029.18416636
73294945.07080302
73300861.43496974
73306778.27670522
73312695.5960477
73318613.39303605
73324531.66770852
73330450.42010382
73336369.6502605
73342289.35821727
73348209.54401241
73354130.2076848
73360051.34927271
73365972.96881485
73371895.06634982
73377817.64191635
73383740.69555272
73389664.22729781
73395588.23718995
73401512.72526784
73407437.6915701
73413363.13613549
73419289.05900231
73425215.46020947
73431142.33979528
73437069.69779849
73442997.53425774
73448925.84921178
73454854.64269896
73460783.91475818
73466713.66542779
73472643.89474657
73478574.60275315
73484505.78948632
73490437.45498443
73496369.59928642
73502302.22243065
73508235.3244559
73514168.90540084
73520102.96530427
73526037.50420457
73531972.52214053
73537908.019151
73543843.99527432
73549780.45054932
73555717.38501483
73561654.79870924
73567592.69167137
73573531.06394008
73579469.91555372
73585409.24655117
73591349.05697125
73597289.34685236
73603230.11623338
73609171.36515313
73615113.09365006
73621055.30176298
73626997.98953065
73632941.15699191
73638884.80418518
73644828.93114951
73650773.5379233
73656718.62454544
73662664.19105467
73668610.23748988
73674556.76388948
73680503.77029254
73686451.2567375
73692399.22326326
73698347.66990857
73704296.59671232
73710246.003713
73716195.89094965
73722146.25846075
73728097.10628518
73734048.43446176
73740000.24302939
73745952.53202654
73751905.3014923
73757858.55146515
73763812.28198405
73769766.49308775
73775721.18481521
73781676.35720494
73787632.01029602
73793588.14412697
73799544.75873671
73805501.8541641
73811459.43044806
73817417.4876271
73823376.02574039
73829335.0448264
73835294.54492413
73841254.52607238
73847214.98831017
73853175.93167602
73859137.35620889
73865099.2619478
73871061.64893126
73877024.51719831
73882987.86678793
73888951.69773866
73894916.01008952
73900880.80387951
73906846.07914719
73912811.83593158
73918778.07427156
73924744.79420614
73930711.9957739
73936679.679014
73942647.84396502
73948616.49066602
73954585.61915587
73960555.22947362
73966525.32165784
73972495.89574775
73978466.95178194
73984438.48979947
73990410.50983924
73996383.01194029
74002355.99614127
74008329.46248136
74014303.4109992
74020277.84173386
74026252.75472425
74032228.15000945
74038204.02762811
74044180.38761945
74050157.23002212
74056134.55487518
74062112.3622176
74068090.65208846
74074069.42452644
74080048.67957075
74086028.41726008
74092008.63763352
74097989.34073004
74103970.52658875
74109952.19524834
74115934.34674804
74121916.98112656
74127900.09842302
74133883.69867639
74139867.78192583
74145852.34820999
74151837.39756803
74157822.93003911
74163808.9456619
74169795.44447556
74175782.42651924
74181769.89183167
74187757.84045197
74193746.27241933
74199735.18777245
74205724.58655052
74211714.46879254
74217704.8345377
74223695.68382472
74229687.01669294
74235678.83318107
74241671.13332833
74247663.91717374
74253657.18475652
74259650.93611537
74265645.1712897
74271639.8903182
74277635.09324013
74283630.78009452
74289626.9509206
74295623.60575713
74301620.74464348
74307618.36761841
74313616.47472115
74319615.06599079
74325614.14146656
74331613.70118724
74337613.74519223
74343614.27352029
74349615.2862107
74355616.78330255
74361618.76483507
74367621.23084708
74373624.18137799
74379627.6164666
74385631.53615218
74391635.94047385
74397640.82947087
74403646.20318209
74409652.0616469
74415658.40490413
74421665.23299308
74427672.5459529
74433680.34382285
74439688.62664178
74445697.394449
74451706.64728378
74457716.38518499
74463726.60819194
74469737.31634392
74475748.50967981
74481760.1882389
74487772.35206054
74493785.00118357
74499798.13564733
74505811.75549115
74511825.8607539
74517840.45147489
74523855.52769351
74529871.0894486
74535887.13677955
74541903.66972551
74547920.68832584
74553938.19261946
74559956.18264587
74565974.65844396
74571993.62005311
74578013.06751254
74584033.0008616
74590053.42013921
74596074.32538491
74602095.71663761
74608117.59393671
74614139.95732144
74620162.80683117
74626186.14250484
74632209.96438202
74638234.27250163
74644259.06690308
74650284.34762563
74656310.11470866
74662336.36819117
74668363.10811268
74674390.33451219
74680418.04742908
74686446.24690266
74692474.93297234
74698504.1056771
74704533.7650565
74710563.91114956
74716594.5439957
74722625.66363421
74728657.27010453
74734689.36344565
74740721.94369705
74746755.01089816
74752788.56508799
74758822.606306
74764857.13459165
74770892.14998397
74776927.65252241
74782963.64224647
74789000.11919515
74795037.08340792
74801074.5349243
74807112.4737833
74813150.9000244
74819189.81368712
74825229.21481046
74831269.10343397
74837309.47959697
74843350.34333897
74849391.69469902
74855433.5337168
74861475.86043136
74867518.67488222
74873561.97710875
74879605.76715046
74885650.04504646
74891694.81083639
74897740.06455937
74903785.8062549
74909832.03596239
74915878.75372139
74921925.95957096
74927973.65355085
74934021.83570011
74940070.50605834
74946119.66466491
74952169.31155941
74958219.44678095
74964270.07036923
74970321.18236339
74976372.78280298
74982424.87172747
74988477.4491764
74994530.51518892
75000584.06980476
75006638.11306307
75012692.64500342
75018747.6656653
75024803.17508827
75030859.1733115
75036915.66037475
75042972.63631716
75049030.10117836
75055088.05499782
75061146.49781513
75067205.42966948
75073264.85060051
75079324.76064783
75085385.15985063
75091446.04824851
75097507.42588118
75103569.29278776
75109631.64900792
75115694.49458133
75121757.82954715
75127821.65394506
75133885.96781456
75139950.77119532
75146016.06412654
75152081.84664805
75158148.11879905
75164214.88061923
75170282.1321481
75176349.87342535
75182418.10449022
75188486.82538253
75194556.03614153
75200625.7368069
75206695.9274182
75212766.60801512
75218837.77863692
75224909.43932344
75230981.59011394
75237054.23104815
75243127.36216561
75249200.98350605
75255275.09510875
75261349.69701357
75267424.78925979
75273500.37188715
75279576.4449352
75285653.00844373
75291730.06245197
75297807.60699987
75303885.6421267
75309964.1678722
75316043.18427598
75322122.69137782
75328202.68921699
75334283.17783342
75340364.15726644
75346445.62755579
75352527.58874111
75358610.04086217
75364692.9839583
75370776.41806929
75376860.34323491
75382944.7594945
75389029.66688786
75395115.06545478
75401200.9552346
75407287.33626714
75413374.20859219
75419461.5722491
75425549.42727768
75431637.77371763
75437726.61160871
75443815.94099034
75449905.76190247
75455996.07438447
75462086.87847619
75468178.17421728
75474269.96164761
75480362.24080655
75486455.01173411
75492548.27446966
75498642.02905306
75504736.27552402
75510831.0139224
75516926.24428758
75523021.9666596
75529118.18107787
75535214.88758224
75541312.08621244
75547409.77700835
75553507.9600094
75559606.63525562
75565705.80278642
75571805.46264173
75577905.61486125
75584006.2594849
75590107.39655213
75596209.02610296
75602311.14817686
75608413.76281375
75614516.87005337
75620620.46993564
75626724.56250003
75632829.1477866
75638934.22583483
75645039.79668464
75651145.8603758
75657252.41694829
75663359.46644153
75669467.0088955
75675575.04435013
75681683.57284491
75687792.5944198
75693902.10911475
75700012.11696924
75706122.61802326
75712233.61231677
75718345.09988925
75724457.0807807
75730569.55503109
75736682.52267992
75742795.98376718
75748909.93833287
75755024.3864165
75761139.32805805
75767254.76329738
75773370.69217448
75779487.11472888
75785604.03100075
75791721.44102964
75797839.34485553
75803957.74251832
75810076.634058
75816196.01951413
75822315.8989269
75828436.27233586
75834557.13978103
75840678.50130232
75846800.35693975
75852922.70673288
75859045.55072193
75865168.88894647
75871292.72144657
75877417.0482621
75883541.86943313
75889667.18499926
75895792.99500069
75901919.29947703
75908046.09846836
75914173.39201458
75920301.18015577
75926429.46293154
75932558.24038215
75938687.5125472
75944817.27946678
75950947.54118082
75957078.29772942
75963209.54915223
75969341.29548949
75975473.53678083
75981606.27306637
75987739.50438608
75993873.23078005
76000007.45228794
76006142.16894987
76012277.38080597
76018413.0878959
76024549.2902598
76030685.98793776
76036823.1809695
76042960.86939515
76049099.05325484
76055237.73258826
76061376.90743555
76067516.57783674
76073656.74383193
76079797.40546086
76085938.56276384
76092080.21578056
76098222.36455119
76104365.00911574
76110508.1495144
76116651.7857869
76122795.91797355
76128940.54611406
76135085.67024864
76141231.29041733
76147377.40666032
76153524.01901732
76159671.12752873
76165818.73223424
76171966.8331741
76178115.43038835
76184264.5239172
76190414.1138004
76196564.20007834
76202714.78279077
76208865.8619779
76215017.43767984
76221169.50993681
76227322.07878858
76233475.14427553
76239628.70643745
76245782.76531461
76251937.32094707
76258092.37337509
76264247.92263848
76270403.96877764
76276560.51183237
76282717.55184293
76288875.08884946
76295033.12289219
76301191.65401095
76307350.68224604
76313510.20763773
76319670.23022582
76325830.75005062
76331991.76715241
76338153.28157103
76344315.29334678
76350477.80251995
76356640.80913039
76362804.3132184
76368968.31482413
76375132.81398793
76381297.81074962
76387463.30514967
76393629.29722796
76399795.78702483
76405962.7745804
76412130.25993507
76418298.24312867
76424466.72420172
76430635.70319408
76436805.1801461
76442975.15509799
76449145.62809008
76455316.5991623
76461488.06835511
76467660.03570846
76473832.50126268
76480005.465058
76486178.9271348
76492352.88753298
76498527.34629309
76504702.30345502
76510877.75905918
76517053.71314579
76523230.16575526
76529407.1169275
76535584.56670308
76541762.51512192
76547940.96222445
76554119.9080509
76560299.3526417
76566479.29603678
76572659.73827673
76578840.67940152
76585022.11945154
76591204.05846708
76597386.49648857
76603569.43355599
76609752.86970976
76615936.80499034
76622121.2394377
76628306.17309228
76634491.60599454
76640677.53818448
76646863.96970253
76653050.90058918
76659238.33088441
76665426.26062869
76671614.68986249
76677803.61862583
76683993.04695918
76690182.97490302
76696373.40249735
76702564.3297827
76708755.75679936
76714947.68358785
76721140.1101882
76727333.03664105
76733526.46298645
76739720.3892649
76745914.81551677
76752109.74178255
76758305.16810231
76764501.09451671
76770697.52106582
76776894.44779015
76783091.8747301
76789289.80192617
76795488.22941846
76801687.15724763
76807886.5854538
76814086.51407748
76820286.94315909
76826487.87273915
76832689.30285779
76838891.23355569
76845093.66487296
76851296.59685017
76857500.02952772
76863703.9629462
76869908.3971457
76876113.33216697
76882318.76805012
76888524.70483571
76894731.14256422
76900938.08127621
76907145.52101181
76913353.4618118
76919561.90371627
76925770.84676586
76931980.291001
76938190.23646232
76944400.68318996
76950611.63122454
76956823.08060668
76963035.03137653
76969247.48357473
76975460.4372419
76981673.89241822
76987887.84914431
76994102.30746083
77000317.26740794
77006532.7290263
77012748.6923564
77018965.15743889
77025182.12431397
77031399.59302244
77037617.5636045
77043836.03610083
77050055.01055194
77056274.48699851
77062494.46548073
77068714.94603945
77074935.92871489
77081157.41354771
77087379.40057848
77093601.88984787
77099824.88139611
77106048.37526408
77112272.37149197
77118496.87012053
77124721.8711903
77130947.37474197
77137173.38081582
77143399.88945273
77149626.90069291
77155854.41457713
77162082.43114594
77168310.9504401
77174539.97249983
77180769.49736607
77186999.52507907
77193230.05567959
77199461.08920822
77205692.6257057
77211924.66521235
77218157.20776904
77224390.25341609
77230623.80219427
77236857.85414417
77243092.40930659
77249327.4677218
77255563.02943063
77261799.09447382
77268035.6628917
77274272.73472507
77280510.31001471
77286748.38880093
77292986.97112457
77299226.0570264
77305465.64654675
77311705.73972645
77317946.33660616
77324187.43722668
77330429.04162835
77336671.14985217
77342913.76193848
77349156.87792812
77355400.49786176
77361644.62178023
77367889.2497239
77374134.38173378
77380380.01785022
77386626.15811409
77392872.80256608
77399119.95124705
77405367.60419737
77411615.76145807
77417864.42306955
77424113.58907267
77430363.25950815
77436613.43441685
77442864.1138392
77449115.29781622
77455366.98638831
77461619.17959641
77467871.87748119
77474125.08008361
77480378.78744404
77486632.99960357
77492887.71660262
77499142.9384821
77505398.66528277
77511654.89704554
77517911.63381085
77524168.8756198
77530426.62251282
77536684.87453084
77542943.63171464
77549202.89410515
77555462.66174284
77561722.93466865
77567983.71292353
77574244.99654794
77580506.78558284
77586769.08006918
77593031.88004747
77599295.18555863
77605558.99664365
77611823.31334302
77618088.13569771
77624353.46374868
77630619.29753646
77636885.63710202
77643152.48248634
77649419.83372994
77655687.6908738
77661956.05395876
77668224.92302583
77674494.29811554
77680764.17926902
77687034.56652683
77693305.45992997
77699576.8595193
77705848.76533586
77712121.17742015
77718394.09581338
77724667.5205561
77730941.45168935
77737215.88925399
77743490.83329107
77749766.28384113
77756042.2409454
77762318.70464446
77768595.67497933
77774873.15199092
77781151.13572028
77787429.62620802
77793708.62349533
77799988.12762283
77806268.13863157
77812548.65656248
77818829.68145661
77825111.2133546
77831393.25229768
77837675.79832646
77843958.85148203
77850242.41180532
77856526.47933744
77862811.05411899
77869096.1361911
77875381.72559488
77881667.82237093
77887954.4265604
77894241.5382044
77900529.15734355
77906817.28401901
77913105.91827187
77919395.06014282
77925684.70967296
77931974.86690344
77938265.53187494
77944556.70462857
77950848.38520552
77957140.57364644
77963433.26999247
77969726.47428463
77976020.18656407
77982314.4068715
77988609.1352482
77994904.3717349
78001200.11637276
78007496.36920281
78013793.1302662
78020090.39960368
78026388.17725657
78032686.46326558
78038985.25767191
78045284.5605166
78051584.37184085
78057884.69168538
78064185.52009156
78070486.85710013
78076788.70275229
78083091.0570891
78089393.9201518
78095697.29198112
78102001.17261843
78108305.56210451
78114610.46048059
78120915.86778772
78127221.78406717
78133528.2093597
78139835.14370671
78146142.58714898
78152450.53972775
78158759.00148413
78165067.97245936
78171377.45269425
78177687.44223022
78183997.94110806
78190308.94936904
78196620.46705428
78202932.49420506
78209245.03086218
78215558.07706694
78221871.63286062
78228185.69828403
78234500.27337848
78240815.35818526
78247130.9527452
78253447.05709961
78259763.67128979
78266080.79535659
78272398.4293413
78278716.57328512
78285035.22722933
78291354.3912148
78297674.06528303
78303994.24947487
78310314.94383164
78316636.14839453
78322957.86320488
78329280.08830358
78335602.82373211
78341926.06953135
78348249.82574268
78354574.09240727
78360898.8695665
78367224.15726125
78373549.95553306
78379876.26442282
78386203.0839719
78392530.41422153
78398858.2552131
78405186.60698749
78411515.46958627
78417844.84305036
78424174.72742113
78430505.12273987
78436836.02904792
78443167.44638626
78449499.37479644
78455831.81431937
78462164.76499651
78468498.22686909
78474832.19997855
78481166.68436582
78487501.68007252
78493837.18713959
78500173.20560844
78506509.73552038
78512846.77691685
78519184.3298388
78525522.3943277
78531860.97042501
78538200.05817167
78544539.6576092
78550879.768779
78557220.39172208
78563561.52647993
78569903.173094
78576245.33160532
78582588.00205532
78588931.18448536
78595274.87893692
78601619.08545099
78607963.80406927
78614309.03483272
78620654.77778287
78627001.03296109
78633347.80040883
78639695.08016716
78646042.87227775
78652391.17678162
78658739.99372031
78665089.32313515
78671439.16506772
78677789.51955903
78684140.38665079
78690491.76638404
78696843.65880035
78703196.06394108
78709548.98184778
78715902.41256152
78722256.35612403
78728610.81257635
78734965.7819601
78741321.26431663
78747677.25968753
78754033.76811388
78760390.78963743
78766748.32429926
78773106.37214097
78779464.93320397
78785824.00752984
78792183.59515971
78798543.69613531
78804904.31049778
78811265.43828872
78817627.07954955
78823989.2343219
78830351.9026469
78836715.08456615
78843078.78012127
78849442.9893534
78855807.71230419
78862172.94901523
78868538.6995277
78874904.96388322
78881271.74212343
78887639.03428948
78894006.84042302
78900375.1605657
78906743.99475871
78913113.34304367
78919483.20546226
78925853.58205566
78932224.47286552
78938595.87793335
78944967.79730085
78951340.23100917
78957713.17910017
78964086.64161505
78970460.6185955
78976835.11008304
78983210.11611937
78989585.63674568
78995961.67200385
79002338.22193511
79008715.28658113
79015092.86598349
79021470.96018389
79027849.56922355
79034228.69314437
79040608.33198757
79046988.4857949
79053369.15460792
79059750.33846834
79066132.03741744
79072514.25149712
79078896.98074861
79085280.22521368
79091663.98493391
79098048.25995107
79104433.0503064
79110818.35604185
79117204.17719868
79123590.51381865
79129977.3659434
79136364.73361468
79142752.61687379
79149141.01576264
79155529.93032259
79161919.36059538
79168309.30662264
79174699.76844618
79181090.74610731
79187482.23964782
79193874.24910952
79200266.77453373
79206659.81596227
79213053.37343694
79219447.44699907
79225842.03669049
79232237.14255303
79238632.76462801
79245028.90295728
79251425.5575825
79257822.7285455
79264220.41588767
79270618.61965097
79277017.3398768
79283416.57660699
79289816.32988323
79296216.59974739
79302617.38624084
79309018.68940562
79315420.50928308
79321822.84591511
79328225.69934343
79334629.0696099
79341032.95675592
79347437.36082356
79353842.28185418
79360247.71988972
79366653.67497186
79373060.14714253
79379467.13644314
79385874.64291577
79392282.6666018
79398691.2075432
79405100.26578169
79411509.84135917
79417919.93431711
79424330.54469758
79430741.67254202
79437153.31789239
79443565.48079042
79449978.16127807
79456391.3593968
79462805.07518871
79469219.30869526
79475634.05995841
79482049.32901995
79488465.11592184
79494881.42070554
79501298.24341305
79507715.5840863
79514133.44276682
79520551.81949653
79526970.71431746
79533390.12727107
79539810.05839936
79546230.50774434
79552651.47534749
79559072.9612508
79565494.96549612
79571917.48812546
79578340.52918033
79584764.0887029
79591188.16673471
79597612.76331776
79604037.8784939
79610463.51230519
79616889.66479313
79623316.33599994
79629743.52596714
79636171.23473679
79642599.46235074
79649028.20885107
79655457.47427933
79661887.2586777
79668317.56208779
79674748.38455163
79681179.72611113
79687611.58680835
79694043.96668488
79700476.86578292
79706910.28414409
79713344.22181046
79719778.67882393
79726213.65522662
79732649.1510601
79739085.16636664
79745521.70118782
79751958.75556578
79758396.32954241
79764834.42315987
79771273.03645973
79777712.16948429
79784151.82227516
79790591.99487449
79797032.68732421
79803473.89966644
79809915.63194285
79816357.88419555
79822800.6564667
79829243.9487979
79835687.76123133
79842132.09380914
79848576.94657297
79855022.31956498
79861468.21282734
79867914.6264017
79874361.56033023
79880809.01465508
79887256.98941797
79893705.48466104
79900154.50042647
79906604.03675595
79913054.09369168
79919504.67127568
79925955.76955011
79932407.3885567
79938859.5283378
79945312.18893515
79951765.3703909
79958219.07274714
79964673.29604606
79971128.04032938
79977583.3056395
79984039.09201813
79990495.39950751
79996952.22814968
80003409.5779869
80009867.44906089
80016325.84141406
80022784.75508818
80029244.19012547
80035704.14656802
80042164.62445807
80048625.62383741
80055087.14474845
80061549.18723296
80068011.75133319
80074474.83709128
80080938.44454947
80087402.57374956
80093867.22473398
80100332.39754453
80106798.0922235
80113264.308813
80119731.04735534
80126198.30789231
80132666.09046622
80139134.39511937
80145603.22189356
80152072.57083112
80158542.44197436
80165012.8353651
80171483.75104566
80177955.18905835
80184427.14944503
80190899.632248
80197372.63750963
80203846.16527173
80210320.21557666
80216794.78846677
80223269.88398388
80229745.50217038
80236221.64306845
80242698.30672044
80249175.4931682
80255653.2024543
80262131.43462059
80268610.18970944
80275089.46776307
80281569.26882385
80288049.59293367
80294530.44013508
80301011.81046997
80307493.70398076
80313976.12070963
80320459.06069903
80326942.52399082
80333426.51062763
80339911.02065131
80346396.05410431
80352881.61102888
80359367.69146743
80365854.29546191
80372341.42305487
80378829.07428828
80385317.24920455
80391805.94784597
80398295.17025498
80404784.91647351
80411275.18654418
80417765.98050895
80424257.29841028
80430749.14029045
80437241.50619194
80443734.39615668
80450227.81022735
80456721.74844588
80463216.21085478
80469711.19749635
80476206.70841306
80482702.74364692
80489199.3032404
80495696.387236
80502193.99567573
80508692.12860206
80515190.78605752
80521689.9680841
80528189.67472431
80534689.90602067
80541190.66201521
80547691.94275044
80554193.7482687
80560696.07861254
80567198.93382397
80573702.31394571
80580206.21901979
80586710.64908876
80593215.60419497
80599721.084381
80606227.08968887
80612733.62016132
80619240.67584042
80625748.25676872
80632256.3629886
80638764.99454266
80645274.15147294
80651783.83382219
80658294.04163252
80664804.77494647
80671316.03380647
80677827.81825513
80684340.12833452
80690852.96408741
80697366.32555589
80703880.21278258
80710394.62580991
80716909.56468049
80723425.02943641
80729941.02012049
80736457.53677484
80742974.57944207
80749492.14816464
80756010.24298519
80762528.86394586
80769048.01108943
80775567.68445806
80782087.88409439
80788608.61004089
80795129.86234021
80801651.64103451
80808173.94616646
80814696.7777787
80821220.13591342
80827744.02061325
80834268.43192089
80840793.3698785
80847318.83452877
80853844.82591438
80860371.3440775
80866898.38906084
80873425.96090691
80879954.0596584
80886482.68535751
80893011.83804712
80899541.51776944
80906071.72456716
80912602.45848283
80919133.71955918
80925665.50783841
80932197.82336342
80938730.66617644
80945264.0363202
80951797.93383725
80958332.35877033
80964867.31116168
80971402.79105423
80977938.79849021
80984475.33351237
80991012.3961633
80997549.98648575
81004088.10452197
81010626.75031494
81017165.92390686
81023705.62534055
81030245.8546586
81036786.61190379
81043327.89711839
81049869.71034537
81056412.05162701
81062954.92100608
81069498.31852525
81076042.24422729
81082586.6981545
81089131.68034986
81095677.19085568
81102223.22971477
81108769.79696977
81115316.89266351
81121864.5168383
81128412.669537
81134961.35080238
81141510.56067683
81148060.29920314
81154610.56642419
81161161.3623823
81167712.68712032
81174264.5406811
81180816.92310698
81187369.83444084
81193923.27472553
81200477.24400342
81207031.74231736
81213586.76971023
81220142.32622442
81226698.41190277
81233255.02678803
81239812.17092307
81246369.84435028
81252928.0471127
81259486.77925275
81266046.04081333
81272605.83183715
81279166.15236713
81285727.00244568
81292288.38211587
81298850.29142013
81305412.73040137
81311975.69910233
81318539.19756596
81325103.22583467
81331667.78395158
81338232.8719591
81344798.4899002
81351364.63781762
81357931.31575434
81364498.5237528
81371066.26185611
81377634.53010672
81384203.32854763
81390772.65722159
81397342.51617159
81403912.90544009
81410483.82507026
81417055.27510454
81423627.25558592
81430199.76655723
81436772.80806147
81443346.38014108
81449920.48283927
81456495.11619852
81463070.28026184
81469645.97507207
81476222.2006722
81482798.95710474
81489376.24441274
81495954.06263919
81502532.41182661
81509111.29201804
81515690.70325652
81522270.64558455
81528851.11904518
81535432.12368147
81542013.65953594
81548595.72665164
81555178.32507145
81561761.45483845
81568345.11599517
81574929.30858482
81581514.03265002
81588099.28823379
81594685.07537904
81601271.39412887
81607858.24452585
81614445.6266132
81621033.54043353
81627621.98602992
81634210.96344529
81640800.47272275
81647390.5139049
81653981.08703499
81660572.19215563
81667163.82930994
81673755.99854086
81680348.69989151
81686941.93340449
81693535.69912311
81700129.99709
81706724.82734828
81713320.1899409
81719916.08491103
81726512.51230128
81733109.47215499
81739706.96451478
81746304.98942381
81752903.54692507
81759502.63706172
81766102.2598764
81772702.41541249
81779303.1037126
81785904.32481994
81792506.07877749
81799108.36562845
81805711.1854155
81812314.53818183
81818918.42397061
81825522.84282455
81832127.79478683
81838733.27990066
81845339.29820873
81851945.84975426
81858552.93458046
81865160.55273004
81871768.70424621
81878377.38917202
81884986.60755071
81891596.359425
81898206.64483827
81904817.46383329
81911428.81645326
81918040.70274128
81924653.1227406
81931266.07649393
81937879.56404471
81944493.5854357
81951108.14071016
81957723.22991118
81964338.85308203
81970955.01026545
81977571.70150492
81984188.9268432
81990806.68632355
81997424.97998911
82004043.80788316
82010663.17004849
82017283.06652854
82023903.49736615
82030524.46260458
82037145.96228698
82043767.99645667
82050390.56515643
82057013.66842978
82063637.30631949
82070261.47886893
82076886.18612123
82083511.4281197
82090137.20490722
82096763.51652727
82103390.36302266
82110017.74443677
82116645.66081277
82123274.11219399
82129903.09862329
82136532.62014404
82143162.6767996
82149793.26863281
82156424.39568706
82163056.05800569
82169688.25563161
82176320.98860817
82182954.25697877
82189588.06078626
82196222.40007406
82202857.27488557
82209492.68526363
82216128.6312517
82222765.11289313
82229402.13023087
82236039.68330829
82242677.77216865
82249316.39685538
82255955.55741137
82262595.25388023
82269235.48630488
82275876.25472873
82282517.55919509
82289159.39974734
82295801.77642846
82302444.68928206
82309088.13835107
82315732.12367894
82322376.64530896
82329021.70328458
82335667.29764877
82342313.42844518
82348960.09571674
82355607.29950693
82362255.03985909
82368903.31681666
82375552.13042262
82382201.48072065
82388851.36775373
82395501.79156534
82402152.75219883
82408804.24969767
82415456.28410487
82422108.85546413
82428761.96381842
82435415.60921128
82442069.79168604
82448724.51128624
82455379.7680549
82462035.56203571
82468691.89327168
82475348.76180637
82482006.16768315
82488664.11094555
82495322.59163663
82501981.6097999
82508641.16547896
82515301.25871684
82521961.8895571
82528623.05804329
82535284.7642185
82541947.00812627
82548609.78981021
82555273.10931337
82561936.96667933
82568601.36195152
82575266.29517351
82581931.7663884
82588597.77563995
82595264.32297125
82601931.40842591
82608599.03204736
82615267.19387922
82621935.89396457
82628605.13234723
82635274.90907028
82641945.22417738
82648616.07771197
82655287.46971767
82661959.40023762
82668631.86931562
82675304.87699482
82681978.42331885
82688652.50833118
82695327.13207549
82702002.29459491
82708677.99593328
82715354.23613374
82722031.01523995
82728708.33329545
82735386.19034387
82742064.58642839
82748743.52159287
82755422.99588048
82762103.00933492
82768783.5619997
82775464.6539185
82782146.28513452
82788828.45569165
82795511.16563307
82802194.41500248
82808878.20384344
82815562.53219967
82822247.40011434
82828932.80763122
82835618.75479402
82842305.24164596
82848992.26823077
82855679.83459218
82862367.94077343
82869056.58681828
82875745.77277045
82882435.49867319
82889125.76457027
82895816.57050525
82902507.91652192
82909199.80266352
82915892.228974
82922585.1954966
82929278.70227513
82935972.74935317
82942667.33677451
82949362.46458243
82956058.13282089
82962754.34153317
82969451.09076308
82976148.38055424
82982846.21095045
82989544.58199501
82996243.4937319
83002942.94620444
83009642.93945643
83016343.47353153
83023044.54847357
83029746.16432585
83036448.32113239
83043151.01893651
83049854.25778204
83056558.03771268
83063262.35877225
83069967.2210041
83076672.62445223
83083378.56916004
83090085.05517134
83096792.08252986
83103499.65127943
83110207.76146345
83116916.41312593
83123625.60631026
83130335.34106033
83137045.61741982
83143756.43543266
83150467.7951422
83157179.69659235
83163892.13982701
83170605.12488957
83177318.65182394
83184032.72067401
83190747.33148322
83197462.48429544
83204178.17915463
83210894.4161042
83217611.19518806
83224328.51645015
83231046.37993391
83237764.78568324
83244483.73374212
83251203.22415395
83257923.25696272
83264643.83221216
83271364.94994628
83278086.6102085
83284808.81304295
83291531.55849311
83298254.84660293
83304978.6774162
83311703.05097695
83318427.96732858
83325153.4265153
83331879.42858055
83338605.97356835
83345333.06152251
83352060.69248703
83358788.86650541
83365517.58362181
83372246.84387974
83378976.6473232
83385706.99399607
83392437.88394232
83399169.31720549
83405901.29382978
83412633.8138587
83419366.8773363
83426100.48430642
83432834.63481313
83439569.32889993
83446304.56661108
83453040.34799008
83459776.67308103
83466513.54192777
83473250.95457438
83479988.91106443
83486727.41144198
83493466.45575109
83500206.04403535
83506946.17633882
83513686.8527056
83520428.07317924
83527169.83780386
83533912.14662354
83540654.99968186
83547398.39702293
83554142.33869086
83560886.82472925
83567631.85518219
83574377.43009381
83581123.54950772
83587870.21346804
83594617.42201872
83601365.1752039
83608113.4730672
83614862.31565292
83621611.70300469
83628361.63516666
83635112.11218281
83641863.13409728
83648614.70095372
83655366.81279646
83662119.46966913
83668872.67161593
83675626.41868083
83682380.71090803
83689135.54834117
83695890.9310246
83702646.85900201
83709403.33231758
83716160.35101531
83722917.91513942
83729676.02473357
83736434.67984217
83743193.88050887
83749953.62677792
83756713.91869332
83763474.7562993
83770236.13963959
83776998.06875855
83783760.5436999
83790523.56450789
83797287.13122657
83804051.24390016
83810815.90257242
83817581.10728775
83824346.85808986
83831113.15502305
83837879.99813136
83844647.38745908
83851415.32304993
83858183.80494821
83864952.83319816
83871722.40784355
83878492.52892864
83885263.19649774
83892034.4105946
83898806.1712635
83905578.47854875
83912351.33249412
83919124.73314391
83925898.68054226
83932673.17473346
83939448.2157613
83946223.80367027
83952999.93850419
83959776.62030734
83966553.84912391
83973331.62499821
83980109.94797404
83986888.81809594
83993668.23540771
84000448.19995369
84007228.71177804
84014009.77092515
84020791.37743883
84027573.53136359
84034356.23274331
84041139.48162232
84047923.27804483
84054707.62205522
84061492.51369733
84068277.9530157
84075063.94005422
84081850.47485726
84088637.55746904
84095425.18793394
84102213.36629584
84109002.09259935
84115791.3668883
84122581.18920712
84129371.55960004
84136162.47811149
84142953.94478536
84149745.95966622
84156538.52279802
84163331.63422516
84170125.2939919
84176919.50214267
84183714.2587214
84190509.56377253
84197305.4173405
84204101.81946924
84210898.77020323
84217696.26958689
84224494.31766418
84231292.91447955
84238092.06007747
84244891.75450191
84251691.99779733
84258492.79000804
84265294.13117851
84272096.02135271
84278898.46057531
84285701.44889028
84292504.98634212
84299309.07297514
84306113.70883386
84312918.89396225
84319724.62840502
84326530.91220614
84333337.74541013
84340145.12806135
84346953.06020433
84353761.54188304
84360570.57314223
84367380.1540259
84374190.28457856
84381000.96484463
84387812.19486862
84394623.97469458
84401436.30436723
84408249.18393059
84415062.61342925
84421876.59290758
84428691.12241015
84435506.20198102
84442321.83166493
84449138.01150595
84455954.74154864
84462772.02183743
84469589.8524169
84476408.23333114
84483227.1646249
84490046.64634226
84496866.67852785
84503687.26122607
84510508.39448155
84517330.07833838
84524152.31284118
84530975.09803456
84537798.43396264
84544622.32067004
84551446.75820139
84558271.74660082
84565097.28591296
84571923.37618244
84578750.01745342
84585577.20977052
84592404.95317839
84599233.2477212
84606062.09344357
84612891.4903902
84619721.43860522
84626551.93813331
84633382.98901898
84640214.59130688
84647046.74504119
84653879.45026676
84660712.7070278
84667546.51536894
84674380.87533474
84681215.7869699
84688051.2503186
84694887.26542573
84701723.83233546
84708560.95109253
84715398.62174146
84722236.84432697
84729075.61889331
84735914.94548532
84742754.82414727
84749595.25492387
84756436.23785967
84763277.77299945
84770119.8603874
84776962.50006847
84783805.69208689
84790649.43648742
84797493.73331463
84804338.58261332
84811183.98442769
84818029.93880273
84824876.44578268
84831723.50541231
84838571.11773625
84845419.28279926
84852268.00064564
84859117.27132033
84865967.09486763
84872817.47133233
84879668.40075906
84886519.88319263
84893371.91867733
84900224.50725798
84907077.64897941
84913931.34388591
84920785.5920223
84927640.39343342
84934495.74816358
84941351.65625761
84948208.11776038
84955065.13271618
84961922.70116988
84968780.82316615
84975639.49874984
84982498.72796528
84989358.51085754
84996218.84747094
85003079.73785035
85009941.18204048
85016803.18008621
85023665.7320319
85030528.83792257
85037392.49780264
85044256.71171698
85051121.47971031
85057986.80182754
85064852.67811301
85071719.10861187
85078586.09336844
85085453.63242768
85092321.72583431
85099190.37363327
85106059.57586893
85112929.33258642
85119799.64383015
85126670.50964504
85133541.93007587
85140413.90516756
85147286.43496457
85154159.51951198
85161033.15885426
85167907.35303634
85174782.10210304
85181657.40609927
85188533.26506954
85195409.67905895
85202286.64811197
85209164.17227356
85216042.25158857
85222920.88610193
85229800.07585816
85236679.82090223
85243560.12127912
85250440.97703335
85257322.38820988
85264204.35485373
85271086.87700942
85277969.95472193
85284853.5880363
85291737.77699701
85298622.52164909
85305507.82203741
85312393.678207
85319280.09020236
85326167.05806872
85333054.58185059
85339942.66159303
85346831.2973409
85353720.48913927
85360610.23703267
85367500.54106633
85374391.40128481
85381282.81773317
85388174.79045631
85395067.3194993
85401960.4049067
85408854.04672378
85415748.24499509
85422642.99976572
85429538.3110806
85436434.17898484
85443330.603523
85450227.58474036
85457125.12268151
85464023.21739157
85470921.86891548
85477821.07729836
85484720.84258479
85491621.1648201
85498522.0440489
85505423.48031631
85512325.4736673
85519228.02414699
85526131.13180004
85533034.79667175
85539939.01880676
85546843.79825023
85553749.13504712
85560655.02924263
85567561.48088138
85574468.49000855
85581376.05666931
85588284.18090832
85595192.86277075
85602102.10230182
85609011.89954616
85615922.25454897
85622833.16735545
85629744.6380103
85636656.66655868
85643569.25304583
85650482.39751643
85657396.10001568
85664310.36058883
85671225.17928055
85678140.55613609
85685056.49120048
85691972.98451896
85698890.03613625
85705807.64609776
85712725.81444822
85719644.54123287
85726563.8264968
85733483.67028522
85740404.07264292
85747325.03361532
85754246.55324714
85761168.63158368
85768091.26867001
85775014.46455143
85781938.21927269
85788862.53287925
85795787.40541586
85802712.83692782
85809638.82746026
85816565.37705848
85823492.48576723
85830420.15363203
85837348.38069764
85844277.16700937
85851206.51261237
85858136.41755198
85865066.88187297
85871997.90562086
85878929.48884045
85885861.63157709
85892794.33387591
85899727.5957823
85906661.41734104
85913595.7985975
85920530.73959704
85927466.24038447
85934402.30100517
85941338.9215045
85948276.1019273
85955213.84231894
85962152.1427248
85969091.00318974
85976030.42375913
85982970.40447837
85989910.94539233
85996852.04654637
86003793.70798592
86010735.92975585
86017678.71190156
86024622.05446829
86031565.95750144
86038510.4210459
86045455.44514729
86052401.02985048
86059347.17520091
86066293.88124382
86073241.14802468
86080188.97558837
86087137.3639805
86094086.31324603
86101035.82343037
86107985.89457881
86114936.52673681
86121887.71994932
86128839.47426194
86135791.78971964
86142744.66636789
86149698.10425197
86156652.10341737
86163606.66390906
86170561.78577268
86177517.4690532
86184473.71379611
86191430.52004674
86198387.88785058
86205345.81725262
86212304.30829854
86219263.36103332
86226222.97550248
86233183.15175134
86240143.88982546
86247105.1897698
86254067.05163011
86261029.47545137
86267992.46127911
86274956.0091587
86281920.11913571
86288884.79125512
86295850.02556251
86302815.82210343
86309782.18092291
86316749.1020665
86323716.5855798
86330684.63150783
86337653.23989615
86344622.41079037
86351592.1442355
86358562.44027719
86365533.29896079
86372504.72033192
86379476.70443566
86386449.25131777
86393422.3610233
86400396.03359792
86407370.269087
86414345.0675362
86421320.42899059
86428296.35349597
86435272.84109744
86442249.89184062
86449227.50577098
86456205.68293415
86463184.42337525
86470163.72714008
86477143.59427378
86484124.024822
86491105.0188302
86498086.57634406
86505068.69740869
86512051.38206996
86519034.63037299
86526018.44236346
86533002.81808688
86539987.75758892
86546973.26091473
86553959.32811019
86560945.95922045
86567933.15429123
86574920.91336802
86581909.23649652
86588898.12372196
86595887.57509017
86602877.59064636
86609868.17043623
86616859.31450535
86623851.02289943
86630843.29566368
86637836.13284382
86644829.5344856
86651823.50063421
86658818.0313354
86665813.12663493
86672808.78657801
86679805.01121041
86686801.80057786
86693799.15472563
86700797.07369944
86707795.55754492
86714794.60630782
86721794.2200334
86728794.39876762
86735795.14255573
86742796.45144351
86749798.32547659
86756800.76470074
86763803.76916125
86770807.3389041
86777811.47397456
86784816.17441843
86791821.44028136
86798827.27160917
86805833.66844714
86812840.63084127
86819848.15883687
86826856.25247978
86833864.91181563
86840874.13689028
86847883.92774904
86854894.28443792
86861905.20700227
86868916.69548792
86875928.74994054
86882941.37040603
86889954.5569297
86896968.30955759
86903982.62833506
86910997.51330797
86918012.96452203
86925028.98202313
86932045.56585664
86939062.71606858
86946080.43270436
86953098.71580987
86960117.5654308
86967136.98161311
86974156.96440215
86981177.51384383
86988198.62998408
86995220.31286828
87002242.56254236
87009265.37905225
87016288.76244335
87023312.7127616
87030337.23005292
87037362.31436273
87044387.96573699
87051414.18422164
87058440.9698621
87065468.32270433
87072496.2427943
87079524.73017745
87086553.78489973
87093583.40700693
87100613.59654504
87107644.35355952
87114675.67809652
87121707.57020149
87128740.02992043
87135773.05729914
87142806.65238364
87149840.8152194
87156875.5458526
87163910.8443287
87170946.71069375
87177983.14499354
87185020.14727414
87192057.71758102
87199095.85596038
87206134.56245773
87213173.8371191
87220213.67999037
87227254.09111755
87234295.07054618
87241336.61832249
87248378.73449199
87255421.41910075
87262464.67219463
87269508.49381971
87276552.88402155
87283597.84284636
87290643.37033972
87297689.46654768
87304736.13151617
87311783.36529127
87318831.16791853
87325879.53944424
87332928.47991395
87339977.98937376
87347028.06786962
87354078.71544762
87361129.93215336
87368181.71803294
87375234.0731325
87382286.9974976
87389340.4911744
87396394.55420902
87403449.18664707
87410504.38853468
87417560.159918
87424616.50084265
87431673.41135477
87438730.89150032
87445788.9413255
87452847.56087591
87459906.75019792
87466966.50933713
87474026.83833973
87481087.73725173
87488149.2061193
87495211.24498808
87502273.85390447
87509337.0329141
87516400.78206317
87523465.10139771
87530529.99096392
87537595.45080747
87544661.48097475
87551728.08151144
87558795.25246376
87565862.99387774
87572931.30579963
87580000.18827511
87587069.64135061
87594139.6650718
87601210.25948495
87608281.42463611
87615353.16057153
87622425.46733692
87629498.34497875
87636571.7935427
87643645.81307505
87650720.4036219
87657795.5652295
87664871.2979436
87671947.60181066
87679024.47687644
87686101.92318718
87693179.94078904
87700258.5297283
87707337.69005069
87714417.42180254
87721497.72503015
87728578.5997793
87735660.04609628
87742742.06402741
87749824.6536185
87756907.81491585
87763991.5479658
87771075.85281412
87778160.72950718
87785246.1780911
87792332.19861224
87799418.79111643
87806505.95565017
87813593.69225927
87820682.00099012
87827770.88188887
87834860.3350019
87841950.36037505
87849040.95805486
87856132.12808715
87863223.87051833
87870316.18539459
87877409.07276233
87884502.53266737
87891596.56515631
87898691.17027502
87905786.34806988
87912882.09858711
87919978.42187315
87927075.31797385
87934172.78693582
87941270.82880493
87948369.44362761
87955468.63145013
87962568.39231889
87969668.7262798
87976769.63337947
87983871.11366382
87990973.1671793
87998075.79397216
88005178.99408887
88012282.76757535
88019387.11447823
88026492.03484344
88033597.52871747
88040703.59614658
88047810.23717728
88054917.45185548
88062025.2402277
88069133.60234039
88076242.53823952
88083352.0479716
88090462.13158311
88097572.78912003
88104684.02062885
88111795.8261561
88118908.20574772
88126021.15945026
88133134.68731025
88140248.78937365
88147363.46568699
88154478.71629684
88161594.54124914
88168710.94059047
88175827.9143672
88182945.46262585
88190063.58541246
88197182.28277373
88204301.55475572
88211421.40140498
88218541.82276787
88225662.818891
88232784.38982038
88239906.5356028
88247029.25628425
88254152.55191135
88261276.4225305
88268400.8681883
88275525.88893081
88282651.48480481
88289777.65585636
88296904.40213205
88304031.72367835
88311159.62054184
88318288.09276862
88325417.14040549
88332546.76349854
88339676.9620944
88346807.73623951
88353939.08598052
88361071.01136354
88368203.51243538
88375336.58924216
88382470.24183053
88389604.47024696
88396739.27453813
88403874.65475014
88411010.61092986
88418147.1431234
88425284.25137746
88432421.93573853
88439560.1962533
88446699.0329679
88453838.44592902
88460978.43518336
88468119.0007771
88475260.14275692
88482401.86116953
88489544.1560611
88496687.02747834
88503830.47546798
88510974.50007617
88518119.10134968
88525264.27933502
88532410.03407894
88539556.36562763
88546703.27402802
88553850.75932631
88560998.82156923
88568147.46080336
88575296.67707548
88582446.47043176
88589596.84091918
88596747.78858396
88603899.31347287
88611051.41563249
88618204.09510961
88625357.35195045
88632511.18620202
88639665.59791052
88646820.58712277
88653976.15388536
88661132.29824513
88668289.02024831
88675446.31994191
88682604.19737218
88689762.65258595
88696921.68562986
88704081.29655072
88711241.48539482
88718402.25220917
88725563.59704007
88732725.51993436
88739888.02093868
88747051.1000999
88754214.75746432
88761378.99307896
88768543.80699016
88775709.19924477
88782875.16988945
88790041.71897112
88797208.84653606
88804376.55263117
88811544.83730331
88818713.70059885
88825883.14256467
88833053.16324764
88840223.76269415
88847394.94095106
88854566.69806528
88861739.0340832
88868911.9490517
88876085.44301753
88883259.5160276
88890434.16812828
88897609.3993667
88904785.20978923
88911961.59944281
88919138.56837419
88926316.1166303
88933494.24425755
88940672.95130308
88947852.2378133
88955032.10383514
88962212.5494154
88969393.57460102
88976575.17943846
88983757.36397484
88990940.1282566
88998123.47233073
89005307.39624402
89012491.90004346
89019676.98377548
89026862.64748728
89034048.89122531
89041235.71503654
89048423.11896783
89055611.10306616
89062799.66737802
89069988.81195061
89077178.53683038
89084368.84206438
89091559.72769944
89098751.1937826
89105943.24036035
89113135.8674799
89120329.07518777
89127522.86353098
89134717.23255642
89141912.18231113
89149107.71284164
89156303.824195
89163500.51641826
89170697.78955798
89177895.64366122
89185094.07877503
89192293.09494598
89199492.69222113
89206692.87064761
89213893.63027191
89221094.97114116
89228296.89330246
89235499.39680235
89242702.48168796
89249906.1480064
89257110.39580421
89264315.22512853
89271520.63602631
89278726.62854466
89285933.20273016
89293140.35863017
89300348.09629121
89307556.41576049
89314765.31708492
89321974.80031168
89329184.86548738
89336395.51265936
89343606.7418742
89350818.5531791
89358030.94662103
89365243.92224717
89372457.48010415
89379671.62023932
89386886.34269932
89394101.64753136
89401317.53478242
89408534.0044997
89415751.05672988
89422968.69152032
89430186.90891768
89437405.70896916
89444625.09172182
89451845.05722287
89459065.60551897
89466286.73665753
89473508.45068525
89480730.74764936
89487953.62759688
89495177.0905751
89502401.13663068
89509625.76581089
89516850.97816297
89524076.77373365
89531303.15257016
89538530.11471978
89545757.66022924
89552985.78914578
89560214.5015167
89567443.79738873
89574673.67680915
89581904.13982524
89589135.18648374
89596366.81683196
89603599.03091718
89610831.82878618
89618065.21048623
89625299.17606449
89632533.72556826
89639768.8590443
89647004.57654013
89654240.87810251
89661477.76377878
89668715.23361608
89675953.28766178
89683191.92596261
89690431.14856616
89697670.95551918
89704911.34686905
89712152.32266293
89719393.88294819
89726636.02777164
89733878.75718081
89741122.07122256
89748365.96994422
89755610.45339303
89762855.52161635
89770101.17466101
89777347.4125746
89784594.23540395
89791841.64319646
89799089.63599937
89806338.21386005
89813587.37682538
89820837.12494294
89828087.45825963
89835338.37682284
89842589.88067982
89849841.969878
89857094.64446425
89864347.90448621
89871601.74999076
89878856.18102534
89886111.19763723
89893366.79987386
89900622.98778214
89907879.76140952
89915137.12080349
89922395.06601095
89929653.59707937
89936912.71405622
89944172.41698843
89951432.7059235
89958693.5809089
89965955.04199155
89973217.08921897
89980479.72263847
89987742.94229755
89995006.74824315
90002271.14052297
90009536.11918399
90016801.6842737
90024067.83583945
90031334.57392876
90038601.89858861
90045869.80986671
90053138.30781005
90060407.39246617
90067677.06388244
90074947.32210638
90082218.167185
90089489.59916604
90096761.61809652
90104034.22402398
90111307.41699581
90118581.1970596
90125855.56426235
90133130.51865181
90140406.06027505
90147682.18917963
90154958.90541294
90162236.20902261
90169514.10005566
90176792.57855988
90184071.64458232
90191351.2981706
90198631.53937213
90205912.36823454
90213193.78480491
90220475.78913102
90227758.38125995
90235041.56123935
90242325.32911666
90249609.6849395
90256894.628755
90264180.1606108
90271466.28055452
90278752.98863328
90286040.28489473
90293328.16938655
90300616.64215586
90307905.70325029
90315195.35271755
90322485.59060475
90329776.41695957
90337067.83182952
90344359.83526228
90351652.427305
90358945.60800555
90366239.3774111
90373533.73556933
90380828.68252777
90388124.21833412
90395420.34303558
90402717.05668002
90410014.35931464
90417312.25098713
90424610.73174506
90431909.80163617
90439209.46070763
90446509.70900738
90453810.54658262
90461111.97348109
90468413.98975034
90475716.59543817
90483019.79059176
90490323.57525907
90497627.94948731
90504932.91332427
90512238.46681753
90519544.61001487
90526851.34296352
90534158.66571146
90541466.57830594
90548775.08079474
90556084.17322549
90563393.85564597
90570704.12810346
90578014.99064596
90585326.4433207
90592638.48617554
90599951.11925809
90607264.34261619
90614578.1562971
90621892.56034869
90629207.55481878
90636523.13975465
90643839.31520417
90651156.08121517
90658473.43783496
90665791.38511139
90673109.92309234
90680429.0518251
90687748.77135757
90695069.0817376
90702389.98301251
90709711.47523019
90717033.55843854
90724356.23268487
90731679.49801709
90739003.3544829
90746327.80213022
90753652.8410064
90760978.4711595
90768304.69263692
90775631.50548655
90782958.90975614
90790286.9054936
90797615.49274631
90804944.67156239
90812274.44198921
90819604.80407473
90826935.75786671
90834267.30341306
90841599.44076122
90848932.1699593
90856265.49105473
90863599.40409544
90870933.90912925
90878269.0062041
90885604.69536741
90892940.97666737
90900277.85015139
90907615.31586745
90914953.37386337
90922292.02418713
90929631.26688617
90936971.1020087
90944311.52960216
90951652.54971454
90958994.16239369
90966336.36768763
90973679.1656438
90981022.55631043
90988366.53973499
90995711.1159655
91003056.28504984
91010402.04703602
91017748.40197155
91025095.34990448
91032442.89088283
91039791.02495413
91047139.75216644
91054489.0725678
91061838.98620574
91069189.49312833
91076540.59338365
91083892.28701921
91091244.5740831
91098597.45462322
91105950.92868766
91113304.99632396
91120659.6575804
91128014.91250454
91135370.76114447
91142727.20354813
91150084.23976362
91157441.8698385
91164800.0938211
91172158.91175894
91179518.32370022
91186878.32969283
91194238.92978492
91201600.12402411
91208961.91245867
91216324.29513626
91223687.27210498
91231050.84341282
91238415.00910793
91245779.76923794
91253145.12385118
91260511.07299529
91267877.61671843
91275244.7550686
91282612.48809397
91289980.8158422
91297349.73836163
91304719.25569993
91312089.36790529
91319460.07502571
91326831.37710942
91334203.27420408
91341575.76635806
91348948.85361904
91356322.53603525
91363696.81365472
91371071.68652567
91378447.15469581
91385823.21821335
91393199.87712654
91400577.13148308
91407954.98133118
91415333.42671916
91422712.46769466
91430092.10430597
91437472.33660135
91444853.1646285
91452234.58843572
91459616.6080711
91466999.2235829
91474382.43501884
91481766.24242742
91489150.64585637
91496535.64535397
91503921.24096836
91511307.43274783
91518694.22074012
91526081.60499375
91533469.58555646
91540858.16247658
91548247.33580226
91555637.1055818
91563027.47186299
91570418.43469435
91577809.99412367
91585202.15019926
91592594.90296933
91599988.25248219
91607382.19878566
91614776.74192828
91622171.88195784
91629567.61892274
91636963.95287113
91644360.88385141
91651758.41191138
91659156.53709961
91666555.25946395
91673954.57905278
91681354.4959143
91688755.01009691
91696156.12164845
91703557.83061752
91710960.13705197
91718363.0410002
91725766.54251046
91733170.64163117
91740575.33841018
91747980.63289595
91755386.52513687
91762793.01518086
91770200.10307634
91777607.78887175
91785016.07261498
91792424.95435451
91799834.43413876
91807244.51201566
91814655.18803364
91822066.46224122
91829478.33468626
91836890.80541727
91844303.87448272
91851717.54193053
91859131.8078092
91866546.67216702
91873962.13505249
91881378.19651356
91888794.85659891
91896212.11535649
91903629.97283483
91911048.42908221
91918467.4841472
91925887.13807775
91933307.39092255
91940728.2427296
91948149.69354741
91955571.74342436
91962994.39240897
91970417.64054924
91977841.4878939
91985265.93449095
91992690.98038894
92000116.62563623
92007542.87028144
92014969.71437253
92022397.15795828
92029825.2010867
92037253.84380639
92044683.08616571
92052112.9282133
92059543.36999714
92066974.41156608
92074406.0529681
92081838.29425183
92089271.13546568
92096704.5766583
92104138.6178777
92111573.25917253
92119008.50059141
92126444.3421824
92133880.78399414
92141317.82607527
92148755.46847385
92156193.71123855
92163632.55441801
92171071.99806032
92178512.04221413
92185952.6869281
92193393.93225034
92200835.77822952
92208278.22491431
92215721.27235281
92223164.92059374
92230609.16968556
92238054.01967695
92245499.47061607
92252945.5225518
92260392.17553227
92267839.42960617
92275287.28482203
92282735.74122858
92290184.79887395
92297634.45780705
92305084.71807605
92312535.57972968
92319987.04281646
92327439.10738514
92334891.77348392
92342345.04116169
92349798.91046666
92357253.38144757
92364708.454153
92372164.1286317
92379620.40493186
92387077.28310245
92394534.76319167
92401992.8452483
92409451.52932093
92416910.81545833
92424370.70370872
92431831.19412112
92439292.28674372
92446753.98162532
92454216.27881455
92461679.17836021
92469142.68031055
92476606.78471456
92484071.49162053
92491536.80107722
92499002.71313332
92506469.22783764
92513936.34523845
92521404.0653846
92528872.3883249
92536341.31410767
92543810.84278174
92551280.97439595
92558751.70899862
92566223.04663861
92573694.98736475
92581167.5312254
92588640.67826937
92596114.4285454
92603588.78210236
92611063.73898856
92618539.29925308
92626015.46294424
92633492.23011096
92640969.60080191
92648447.57506606
92655926.15295169
92663405.33450794
92670885.11978315
92678365.50882623
92685846.50168593
92693328.09841117
92700810.29905033
92708293.10365252
92715776.51226613
92723260.52494009
92730745.14172317
92738230.36266431
92745716.18781191
92753202.61721511
92760689.65092233
92768177.28898251
92775665.53144445
92783154.37835713
92790643.82976894
92798133.88572907
92805624.54628596
92813115.81148857
92820607.68138571
92828100.1560264
92835593.23545906
92843086.91973288
92850581.20889634
92858076.10299842
92865571.60208797
92873067.70621401
92880564.41542499
92888061.72976995
92895559.64929792
92903058.17405738
92910557.30409737
92918057.03946695
92925557.38021457
92933058.32638931
92940559.87804024
92948062.03521584
92955564.79796517
92963068.16633712
92970572.14038077
92978076.72014461
92985581.90567794
92993087.69702928
93000594.0942477
93008101.09738211
93015608.70648162
93023116.92159475
93030625.7427708
93038135.17005834
93045645.20350644
93053155.84316406
93060667.0890803
93068178.94130374
93075691.3998837
93083204.46486874
93090718.13630798
93098232.4142504
93105747.29874513
93113262.78984076
93120778.88758664
93128295.59203133
93135812.90322402
93143330.82121369
93150849.3460495
93158368.47778004
93165888.21645471
93173408.56212209
93180929.5148314
93188451.07463162
93195973.24157193
93203496.015701
93211019.39706817
93218543.38572213
93226067.98171204
93233593.18508697
93241118.99589612
93248645.41418812
93256172.44001222
93263700.07341763
93271228.31445305
93278757.16316769
93286286.6196108
93293816.68383105
93301347.3558777
93308878.63579999
93316410.52364661
93323943.01946683
93331476.12330993
93339009.83522457
93346544.15526006
93354079.08346565
93361614.61989006
93369150.76458259
93376687.51759233
93384224.87896857
93391762.84876004
93399301.42701623
93406840.61378588
93414380.4091183
93421920.8130626
93429461.8256681
93437003.44698356
93444545.67705849
93452088.51594165
93459631.96368238
93467176.02032982
93474720.6859333
93482265.96054164
93489811.8442043
93497358.33697014
93504905.43888848
93512453.15000848
93520001.47037955
93527550.40005043
93535099.93907072
93542650.08748922
93550200.84535532
93557752.21271819
93565304.18962723
93572856.77613127
93580409.97227989
93587963.77812192
93595518.19370677
93603073.21908365
93610628.85430197
93618185.09941061
93625741.95445913
93633299.41949642
93640857.49457188
93648416.17973478
93655975.47503455
93663535.38052005
93671095.89624071
93678657.02224602
93686218.75858483
93693781.10530661
93701344.06246081
93708907.63009633
93716471.80826265
93724036.59700921
93731601.99638495
93739168.00643933
93746734.62722164
93754301.8587814
93761869.7011675
93769438.15442963
93777007.21861672
93784576.8937783
93792147.17996363
93799718.07722229
93807289.58560319
93814861.70515604
93822434.43592979
93830007.77797398
93837581.73133795
93845156.29607123
93852731.4722228
93860307.25984238
93867883.65897895
93875460.66968209
93883038.29200111
93890616.52598561
93898195.37168458
93905774.82914777
93913354.89842418
93920935.5795634
93928516.8726148
93936098.77762797
93943681.29465193
93951264.42373647
93958848.1649306
93966432.51828392
93974017.48384586
93981603.06166601
93989189.25179341
93996776.0542779
94004363.46916848
94011951.49651481
94019540.13636631
94027129.3887726
94034719.25378278
94042309.73144647
94049900.82181332
94057492.52493238
94065084.84085333
94072677.76962583
94080271.31129894
94087865.46592234
94095460.2335457
94103055.61421813
94110651.60798928
94118248.21490866
94125845.43502596
94133443.26839027
94141041.71505149
94148640.77505873
94156240.44846171
94163840.73530993
94171441.6356531
94179043.14954036
94186645.27702162
94194248.01814602
94201851.37296331
94209455.34152299
94217059.92387481
94224665.12006792
94232270.93015228
94239877.35417704
94247484.39219196
94255092.04424658
94262700.31039068
94270309.19067344
94277918.68514481
94285528.793854
94293139.51685075
94300750.85418467
94308362.80590555
94315975.37206258
94323588.55270573
94331202.34788425
94338816.75764793
94346431.78204636
94354047.42112936
94361663.67494616
94369280.54354677
94376898.02698041
94384516.12529694
94392134.83854596
94399754.16677731
94407374.11004025
94414994.66838461
94422615.84186025
94430237.63051641
94437860.03440297
94445483.05356976
94453106.68806607
94460730.93794176
94468355.8032467
94475981.28403018
94483607.38034207
94491234.09223226
94498861.41975003
94506489.3629453
94514117.92186794
94521747.09656726
94529376.88709316
94537007.29349537
94544638.31582378
94552269.95412771
94559902.20845729
94567535.07886185
94575168.56539132
94582802.66809542
94590437.38702409
94598072.72222668
94605708.67375334
94613345.2416534
94620982.42597683
94628620.22677338
94636258.64409302
94643897.6779851
94651537.32849981
94659177.59568651
94666818.47959518
94674459.9802756
94682102.09777777
94689744.83215106
94697388.18344566
94705032.151711
94712676.73699707
94720321.93935364
94727967.75883077
94735614.19547784
94743261.24934508
94750908.92048192
94758557.20893838
94766206.11476427
94773855.63800965
94781505.77872396
94789156.53695743
94796807.9127595
94804459.90618023
94812112.51726948
94819765.74607728
94827419.59265313
94835074.05704708
94842729.13930918
94850384.83948895
94858041.15763643
94865698.0938017
94873355.64803429
94881013.82038423
94888672.61090167
94896332.01963606
94903992.04663755
94911652.69195601
94919313.95564157
94926975.83774373
94934638.3383128
94942301.45739836
94949965.19505046
94957629.55131908
94965294.52625434
94972960.11990578
94980626.33232373
94988293.16355777
94995960.61365801
95003628.68267444
95011297.37065719
95018966.67765585
95026636.60372077
95034307.14890152
95041978.31324828
95049650.09681104
95057322.49963996
95064995.52178463
95072669.16329546
95080343.42422204
95088018.30461456
95095693.80452302
95103369.92399764
95111046.66308802
95118724.0218446
95126402.00031696
95134080.59855536
95141759.8166098
95149439.65453053
95157120.11236718
95164801.19017018
95172482.8879892
95180165.20587444
95187848.14387602
95195531.70204413
95203215.88042846
95210900.67907928
95218586.09804684
95226272.13738082
95233958.79713151
95241646.07734916
95249333.97808348
95257022.49938475
95264711.64130324
95272401.40388869
95280091.78719138
95287782.7912614
95295474.41614906
95303166.66190411
95310859.52857701
95318553.01621753
95326247.12487596
95333941.85460246
95341637.20544733
95349333.17746033
95357029.77069198
95364726.98519205
95372424.82101086
95380123.2781986
95387822.35680558
95395522.0568816
95403222.3784772
95410923.32164218
95418624.88642688
95426327.07288149
95434029.8810564
95441733.31100138
95449437.36276703
95457142.03640313
95464847.3319601
95472553.24948812
95480259.78903759
95487966.95065835
95495674.73440099
95503383.14031534
95511092.16845182
95518801.81886064
95526512.09159224
95534222.98669647
95541934.50422393
95549646.64422451
95557359.40674862
95565072.79184651
95572786.79956867
95580501.42996491
95588216.68308572
95595932.55898158
95603649.05770233
95611366.17929846
95619083.92382044
95626802.29131815
95634521.2818421
95642240.89544275
95649961.13217002
95657681.9920744
95665403.47520639
95673125.5816159
95680848.31135343
95688571.66446951
95696295.64101405
95704020.24103759
95711745.46459043
95719471.31172311
95727197.78248559
95734924.87692857
95742652.59510203
95750380.93705648
95758109.90284231
95765839.49251005
95773569.70610966
95781300.54369192
95789032.00530678
95796764.09100483
95804496.80083644
95812230.13485219
95819964.09310204
95827698.67563681
95835433.88250649
95843169.71376166
95850906.16945273
95858643.24963029
95866380.95434438
95874119.28364578
95881858.23758453
95889597.81621122
95897338.01957633
95905078.84773043
95912820.30072358
95920562.37860662
95928305.08142957
95936048.4092431
95943792.36209767
95951536.9400439
95959282.14313185
95967027.9714122
95974774.4249356
95982521.50375213
95990269.20791246
95998017.53746727
96005766.49246664
96013516.07296127
96021266.27900182
96029017.1106384
96036768.56792171
96044520.65090245
96052273.35963072
96060026.69415724
96067780.65453273
96075535.2408073
96083290.45303166
96091046.29125635
96098802.75553212
96106559.84590906
96114317.56243815
96122075.9051695
96129834.87415388
96137594.46944183
96145354.69108412
96153115.5391309
96160877.01363312
96168639.11464097
96176401.8422052
96184165.1963764
96191929.17720535
96199693.78474224
96207459.01903802
96215224.88014293
96222991.36810775
96230758.48298307
96238526.22481969
96246294.59366783
96254063.58957851
96261833.21260194
96269603.46278894
96277374.34019011
96285145.84485632
96292917.97683778
96300690.73618554
96308464.12294981
96316238.13718148
96324012.77893116
96331788.04824972
96339563.94518742
96347340.46979532
96355117.62212367
96362895.40222338
96370673.81014508
96378452.84593965
96386232.50965741
96394012.80134921
96401793.72106595
96409575.26885794
96417357.44477604
96425140.2488712
96432923.6811937
96440707.74179445
96448492.43072437
96456277.74803376
96464063.69377358
96471850.26799452
96479637.47074755
96487425.30208297
96495213.76205193
96503002.85070477
96510792.56809245
96518582.91426572
96526373.88927552
96534165.49317221
96541957.72600698
96549750.58783017
96557544.07869276
96565338.19864555
96573132.94773948
96580928.32602495
96588724.33355317
96596520.9703745
96604318.23653995
96612116.13210031
96619914.65710661
96627713.81160924
96635513.59565942
96643314.00930756
96651115.05260469
96658916.72560163
96666719.0283494
96674521.96089846
96682325.52330002
96690129.71560453
96697934.53786305
96705739.99012642
96713546.07244568
96721352.7848713
96729160.12745455
96736968.10024588
96744776.70329638
96752585.9366569
96760395.80037855
96768206.29451178
96776017.41910769
96783829.17421737
96791641.55989133
96799454.57618065
96807268.22313644
96815082.50080922
96822897.40925008
96830712.94851014
96838529.11863992
96846345.91969056
96854163.35171297
96861981.41475828
96869800.10887705
96877619.4341206
96885439.39053947
96893259.97818482
96901081.1971076
96908903.04735896
96916725.52898946
96924548.64205049
96932372.3865926
96940196.76266696
96948021.77032454
96955847.40961654
96963673.68059355
96971500.58330694
96979328.11780731
96987156.28414586
96994985.08237359
97002814.5125417
97010644.57470082
97018475.26890235
97026306.59519689
97034138.5536357
97041971.1442698
97049804.36715038
97057638.22232813
97065472.70985445
97073307.82978001
97081143.58215603
97088979.9670336
97096816.98446392
97104654.6344977
97112492.91718638
97120331.83258063
97128171.38073172
97136011.56169073
97143852.37550895
97151693.82223706
97159535.90192634
97167378.61462808
97175221.96039298
97183065.93927234
97190910.55131748
97198755.7965791
97206601.67510849
97214448.18695702
97222295.33217536
97230143.11081485
97237991.52292684
97245840.56856203
97253690.2477718
97261540.56060745
97269391.50711975
97277243.08736005
97285095.3013795
97292948.14922945
97300801.63096069
97308655.74662475
97316510.49627241
97324365.87995508
97332221.8977239
97340078.54963027
97347935.83572498
97355793.75605962
97363652.31068496
97371511.49965245
97379371.32301325
97387231.78081878
97395092.87311986
97402954.5999681
97410816.96141434
97418679.95750996
97426543.58830625
97434407.8538546
97442272.75420584
97450138.28941165
97458004.45952284
97465871.26459087
97473738.70466702
97481606.77980271
97489475.49004881
97497344.835457
97505214.81607816
97513085.43196373
97520956.683165
97528828.56973347
97536701.09172001
97544574.24917632
97552448.0421533
97560322.47070242
97568197.53487502
97576073.2347226
97583949.57029605
97591826.5416469
97599704.14882667
97607582.39188628
97615461.27087727
97623340.78585115
97631220.93685889
97639101.723952
97646983.14718203
97654865.20659995
97662747.90225728
97670631.23420541
97678515.20249587
97686399.80717966
97694285.04830852
97702170.92593344
97710057.44010599
97717944.59087755
97725832.37829971
97733720.80242348
97741609.86330062
97749499.56098215
97757389.89551967
97765280.8669646
97773172.4753685
97781064.72078244
97788957.60325822
97796851.12284687
97804745.27960001
97812640.07356907
97820535.5048057
97828431.57336092
97836328.27928658
97844225.62263374
97852123.60345404
97860022.22179896
97867921.47772013
97875821.37126862
97883721.90249632
97891623.07145429
97899524.8781942
97907427.32276756
97915330.405226
97923234.12562068
97931138.48400345
97939043.48042542
97946949.11493829
97954855.38759357
97962762.29844297
97970669.8475376
97978578.03492919
97986486.86066945
97994396.3248095
98002306.42740111
98010217.16849598
98018128.54814526
98026040.5664007
98033953.22331405
98041866.51893644
98049780.45331965
98057695.02651523
98065610.23857495
98073526.08954997
98081442.57949229
98089359.70845306
98097277.47648406
98105195.88363689
98113114.92996334
98121034.61551459
98128954.94034265
98136875.90449873
98144797.5080346
98152719.75100192
98160642.63345248
98168566.1554375
98176490.31700899
98184415.1182182
98192340.55911696
98200266.63975689
98208193.36018984
98216120.72046706
98224048.72064058
98231977.36076167
98239906.64088218
98247836.56105375
98255767.1213283
98263698.32175703
98271630.16239208
98279562.64328468
98287495.76448672
98295429.5260499
98303363.9280261
98311298.97046661
98319234.65342355
98327170.97694819
98335107.94109246
98343045.54590806
98350983.79144692
98358922.67776035
98366862.20490025
98374802.37291859
98382743.18186668
98390684.63179645
98398626.72275984
98406569.4548082
98414512.8279935
98422456.84236766
98430401.49798204
98438346.79488863
98446292.73313935
98454239.31278561
98462186.53387937
98470134.39647259
98478082.90061668
98486032.0463636
98493981.83376516
98501932.26287335
98509883.33373956
98517835.046416
98525787.40095408
98533740.3974058
98541694.03582297
98549648.31625764
98557603.2387612
98565558.80338591
98573515.01018317
98581471.85920504
98589429.35050334
98597387.48413013
98605346.26013686
98613305.67857577
98621265.73949832
98629226.44295658
98637187.7890024
98645149.77768788
98653112.40906446
98661075.68318443
98669039.60009928
98677004.1598611
98684969.36252175
98692935.20813337
98700901.69674742
98708868.82841621
98716836.60319127
98724805.02112469
98732774.0822684
98740743.78667451
98748714.13439454
98756685.12548062
98764656.75998491
98772629.0379589
98780601.95945477
98788575.52452464
98796549.73322009
98804524.58559322
98812500.08169624
98820476.22158068
98828453.00529873
98836430.43290254
98844408.5044437
98852387.21997438
98860366.57954676
98868346.58321244
98876327.2310236
98884308.52303223
98892290.45929055
98900273.03985013
98908256.26476341
98916240.134082
98924224.6478581
98932209.80614373
98940195.60899113
98948182.05645193
98956169.14857854
98964156.88542262
98972145.26703641
98980134.29347195
98988123.96478148
98996114.28101666
99004105.24222997
99012096.84847304
99020089.09979816
99028081.99625738
99036075.537903
99044069.72478668
99052064.55696093
99060060.0344774
99068056.15738839
99076052.92574602
99084050.33960259
99092048.39900978
99100047.1040201
99108046.45468529
99116046.45105764
99124047.0931893
99132048.38113256
99140050.31493917
99148052.89466168
99156056.12035179
99164059.99206187
99172064.50984406
99180069.67375071
99188075.48383358
99196081.94014502
99204089.0427374
99212096.79166248
99220105.18697265
99228114.22872026
99236123.91695711
99244134.25173558
99252145.23310806
99260156.86112635
99268169.13584283
99276182.0573097
99284195.62557939
99292209.84070368
99300224.70273522
99308240.21172579
99316256.36772785
99324273.17079358
99332290.62097545
99340308.71832529
99348327.46289574
99356346.85473861
99364366.89390638
99372387.58045131
99380408.91442584
99388430.89588183
99396453.52487195
99404476.80144805
99412500.72566263
99420525.29756796
99428550.51721652
99436576.38466018
99444602.89995167
99452630.06314284
99460657.8742862
99468686.33343406
99476715.44063894
99484745.19595273
99492775.59942816
99500806.65111713
99508838.35107219
99516870.69934565
99524903.69599004
99532937.3410573
99540971.63460019
99549006.57667062
99557042.16732116
99565078.40660417
99573115.2945722
99581152.8312772
99589191.01677175
99597229.85110842
99605269.33433917
99613309.4665166
99621350.24769329
99629391.6779212
99637433.75725295
99645476.48574114
99653519.86343774
99661563.89039537
99669608.56666644
99677653.89230357
99685699.86735876
99693746.49188486
99701793.76593384
99709841.68955839
99717890.2628109
99725939.48574404
99733989.35840984
99742039.88086113
99750091.05314998
99758142.87532905
99766195.34745078
99774248.46956785
99782302.24173231
99790356.66399705
99798411.73641413
99806467.45903625
99814523.83191587
99822580.8551057
99830638.52865781
99838696.85262512
99846755.82705973
99854815.45201433
99862875.72754143
99870936.65369377
99878998.23052344
99887060.45808339
99895123.3364257
99903186.86560316
99911251.04566827
99919315.87667377
99927381.35867181
99935447.49171536
99943514.27585654
99951581.7111481
99959649.79764263
99967718.5353929
99975787.92445104
99983857.96486986
99991928.65670212
100000000.0
